source_id	shard_id	shard_path	block_id	order_in_shard	source_start_line	source_end_line	source_sha256	extracted_body_sha256	block_byte_count	block_line_count	block_estimated_tokens	shard_estimated_tokens	upload_intended	validation_status	notes
SRC-000018	SHARD-001	GPTs/source_pack/source_pack_shard_001.md	BLOCK-000001	1	1	10503	aace8d29a80a7f2e2dbff8dbc1facc73189f761ebfcc4b16c039f5c64a75fcc2	96ea65019765eb9b384c331e1854f6fafaf89e32a23cad38cd1bb3e3dfeacbaf	541716	10531	135140	931168	no	pass	Source bytes copied into the source-pack shard body with 2 image-recovery sidecar conversion(s) inserted after the matching image reference.
SRC-000049	SHARD-001	GPTs/source_pack/source_pack_shard_001.md	BLOCK-000002	2	1	10426	0e2aa32e4b2854fa57363ab83b51a8f7a6864e3b74486ddc8aa9a631571d956a	7206d5402f78fd523eb74e83562b19139fa5d5231e3c44c6574d9baf03e529b6	592365	10454	82684	931168	no	pass	Source bytes copied into the source-pack shard body with 2 image-recovery sidecar conversion(s) inserted after the matching image reference.
SRC-000082	SHARD-001	GPTs/source_pack/source_pack_shard_001.md	BLOCK-000003	3	1	10508	ed22270deedcdfd21475feccb09dace28621eee30bb094e75987c712dd887d99	ef44db9a1ca5673563f452481efa0a03f25bbe2fb813c6bd9688d080de9f2a86	541330	10536	135043	931168	no	pass	Source bytes copied into the source-pack shard body with 2 image-recovery sidecar conversion(s) inserted after the matching image reference.
SRC-000113	SHARD-001	GPTs/source_pack/source_pack_shard_001.md	BLOCK-000004	4	1	10416	9b225dd3487ce5cc5daefa059f36509bb66244505a6e51c0e6c0be30e3c1b3bf	216a80b84d2a48b82e01db56dc5178a7e05ecf6ec5397b6f473050cdd0a1432d	592839	10444	82752	931168	no	pass	Source bytes copied into the source-pack shard body with 2 image-recovery sidecar conversion(s) inserted after the matching image reference.
SRC-000143	SHARD-001	GPTs/source_pack/source_pack_shard_001.md	BLOCK-000005	5	1	10623	e74d48a9f816a21b5f6642aab04b8843da2121fdff4590102fc24eba0da43053	9d92bd1ad983bd5c3d46e8700087e98b44e685a12af468359b208e9331a2f4dc	549803	10651	137153	931168	no	pass	Source bytes copied into the source-pack shard body with 2 image-recovery sidecar conversion(s) inserted after the matching image reference.
SRC-000173	SHARD-001	GPTs/source_pack/source_pack_shard_001.md	BLOCK-000006	6	1	10518	7c0f13b42c5681a75d6abfa2c9772db0e3f4fe5c9c06026132686d30510de358	6444eba8b12b8b0762101d815f23304680b53b08872e4df2d9f5ed2112500fd2	602716	10546	84015	931168	no	pass	Source bytes copied into the source-pack shard body with 2 image-recovery sidecar conversion(s) inserted after the matching image reference.
AID-SRC-000001	SHARD-001	GPTs/source_pack/source_pack_shard_001.md	BLOCK-000007	7	1	228	790709b97f513785e6c62aaab026b12d9219a9c8114b3dc8a7179a6a1a1667ce	790709b97f513785e6c62aaab026b12d9219a9c8114b3dc8a7179a6a1a1667ce	8054	228	2014	931168	no	pass	Exact source bytes copied into the source-pack shard body.
AID-SRC-000002	SHARD-001	GPTs/source_pack/source_pack_shard_001.md	BLOCK-000008	8	1	322	bad86818add1c8e630d1a78a8d895e24eedd5ab8635c254f0f17f5fe37d762da	bad86818add1c8e630d1a78a8d895e24eedd5ab8635c254f0f17f5fe37d762da	13054	322	3264	931168	no	pass	Exact source bytes copied into the source-pack shard body.
AID-SRC-000003	SHARD-001	GPTs/source_pack/source_pack_shard_001.md	BLOCK-000009	9	1	63	a0203202b44471fd8df47a768991162219b61ea3938556926338859d987909bc	a0203202b44471fd8df47a768991162219b61ea3938556926338859d987909bc	2916	63	729	931168	no	pass	Exact source bytes copied into the source-pack shard body.
AID-SRC-000004	SHARD-001	GPTs/source_pack/source_pack_shard_001.md	BLOCK-000010	10	1	40	ab142434e511061c68f747ca0a4e58657d5aa652f34d14671947fe8f0da88154	ab142434e511061c68f747ca0a4e58657d5aa652f34d14671947fe8f0da88154	1668	40	417	931168	no	pass	Exact source bytes copied into the source-pack shard body.
AID-SRC-000242	SHARD-001	GPTs/source_pack/source_pack_shard_001.md	BLOCK-000011	11	1	289	d70fd80cdde1e8846053a02e2c87d093da00d51259cbb8843da48a19cbb77087	d70fd80cdde1e8846053a02e2c87d093da00d51259cbb8843da48a19cbb77087	16929	289	4225	931168	no	pass	Exact source bytes copied into the source-pack shard body.
AID-SRC-000265	SHARD-001	GPTs/source_pack/source_pack_shard_001.md	BLOCK-000012	12	1	42	8ac3342b5a5e2ad0b76c1670d3fb290793ef6beaa2ba17c80399c37e1e14b1d7	8ac3342b5a5e2ad0b76c1670d3fb290793ef6beaa2ba17c80399c37e1e14b1d7	3003	42	750	931168	no	pass	Exact source bytes copied into the source-pack shard body.
AID-SRC-000266	SHARD-001	GPTs/source_pack/source_pack_shard_001.md	BLOCK-000013	13	1	70	ffbadda8811ea33d3ff526a9f659006049a820d78888e37ec0226a8cafd463b4	ffbadda8811ea33d3ff526a9f659006049a820d78888e37ec0226a8cafd463b4	1978	70	495	931168	no	pass	Exact source bytes copied into the source-pack shard body.
AID-SRC-000267	SHARD-001	GPTs/source_pack/source_pack_shard_001.md	BLOCK-000014	14	1	368	35ecc978a3c903b84cb9fcf9cf4f525cdfcfa41c666acb0e2a49e6cce42d1d7d	35ecc978a3c903b84cb9fcf9cf4f525cdfcfa41c666acb0e2a49e6cce42d1d7d	11664	368	2916	931168	no	pass	Exact source bytes copied into the source-pack shard body.
AID-SRC-000268	SHARD-001	GPTs/source_pack/source_pack_shard_001.md	BLOCK-000015	15	1	388	1ccd8c2e96f88bdc5db1bb1fbb2f84d854054c415e7c338b417490f1cf695087	1ccd8c2e96f88bdc5db1bb1fbb2f84d854054c415e7c338b417490f1cf695087	14836	388	3708	931168	no	pass	Exact source bytes copied into the source-pack shard body.
AID-SRC-000269	SHARD-001	GPTs/source_pack/source_pack_shard_001.md	BLOCK-000016	16	1	95	6106c8459382835918d027d18ca964a08da7d00dc7c7baa49af99a929d6c80d6	6106c8459382835918d027d18ca964a08da7d00dc7c7baa49af99a929d6c80d6	4815	95	1198	931168	no	pass	Exact source bytes copied into the source-pack shard body.
AID-SRC-000270	SHARD-001	GPTs/source_pack/source_pack_shard_001.md	BLOCK-000017	17	1	39	57e7d5379ef97413a50e9d76fc3e08226147b4022da8516dffa3cbac55029458	57e7d5379ef97413a50e9d76fc3e08226147b4022da8516dffa3cbac55029458	1526	39	382	931168	no	pass	Exact source bytes copied into the source-pack shard body.
AID-SRC-000272	SHARD-001	GPTs/source_pack/source_pack_shard_001.md	BLOCK-000018	18	1	143	6c91f6bfbb0c3e549ac6b6fb638eabe32b19c40c4809b418ebc83c8cafc5624b	6c91f6bfbb0c3e549ac6b6fb638eabe32b19c40c4809b418ebc83c8cafc5624b	6494	143	1624	931168	no	pass	Exact source bytes copied into the source-pack shard body.
AID-SRC-000273	SHARD-001	GPTs/source_pack/source_pack_shard_001.md	BLOCK-000019	19	1	332	cae6ab9206ca9402de1fa05d8265d2140d2ee68e3a0fff713d7caa022474c6c2	cae6ab9206ca9402de1fa05d8265d2140d2ee68e3a0fff713d7caa022474c6c2	18499	332	4625	931168	no	pass	Exact source bytes copied into the source-pack shard body.
AID-SRC-000274	SHARD-001	GPTs/source_pack/source_pack_shard_001.md	BLOCK-000020	20	1	35	c425283c1602987f5ff35a9547dd7e803d68f241ed2651765288e7e65431cc88	c425283c1602987f5ff35a9547dd7e803d68f241ed2651765288e7e65431cc88	4245	35	1062	931168	no	pass	Exact source bytes copied into the source-pack shard body.
AID-SRC-000275	SHARD-001	GPTs/source_pack/source_pack_shard_001.md	BLOCK-000021	21	1	33	fcd6473cad8702460175e78145f9057e0e57fc1d571ca8288f7ce78291112e25	fcd6473cad8702460175e78145f9057e0e57fc1d571ca8288f7ce78291112e25	1233	33	309	931168	no	pass	Exact source bytes copied into the source-pack shard body.
AID-SRC-000315	SHARD-001	GPTs/source_pack/source_pack_shard_001.md	BLOCK-000022	22	1	981	bd52e2c0e5d9b755d17753f5bdc20891ec454737f47449c0de64df790bc71c33	bd52e2c0e5d9b755d17753f5bdc20891ec454737f47449c0de64df790bc71c33	46232	981	11548	931168	no	pass	Exact source bytes copied into the source-pack shard body.
AID-SRC-000334	SHARD-001	GPTs/source_pack/source_pack_shard_001.md	BLOCK-000023	23	1	200	9cd2a90074219a6b60df04b6cad097b18f4acb10fc8d7f509a9a3eea7b5c274d	9cd2a90074219a6b60df04b6cad097b18f4acb10fc8d7f509a9a3eea7b5c274d	7132	200	1783	931168	no	pass	Exact source bytes copied into the source-pack shard body.
AID-SRC-000341	SHARD-001	GPTs/source_pack/source_pack_shard_001.md	BLOCK-000024	24	1	361	ca36c8cfcb521b59ed2b4c39bfd39531f1bcefcadae96bcee197af6dac3831e4	ca36c8cfcb521b59ed2b4c39bfd39531f1bcefcadae96bcee197af6dac3831e4	21876	361	5462	931168	no	pass	Exact source bytes copied into the source-pack shard body.
AID-SRC-000354	SHARD-001	GPTs/source_pack/source_pack_shard_001.md	BLOCK-000025	25	1	1343	144d3408a85eeee3d410b609bfd57fb05a69dc650a580f4aec28830a00ab5a54	144d3408a85eeee3d410b609bfd57fb05a69dc650a580f4aec28830a00ab5a54	51687	1343	12911	931168	no	pass	Exact source bytes copied into the source-pack shard body.
AID-SRC-000380	SHARD-001	GPTs/source_pack/source_pack_shard_001.md	BLOCK-000026	26	1	120	c99612c187c8623c176b7e5977074c4f7a8dcd207d2ee79b52b1700b88deb68f	c99612c187c8623c176b7e5977074c4f7a8dcd207d2ee79b52b1700b88deb68f	6968	120	1742	931168	no	pass	Exact source bytes copied into the source-pack shard body.
AID-SRC-000381	SHARD-001	GPTs/source_pack/source_pack_shard_001.md	BLOCK-000027	27	1	74	8054c0d02a3b901401d315c4b192f154c98538464a1b92308269ef6053092ced	8054c0d02a3b901401d315c4b192f154c98538464a1b92308269ef6053092ced	5090	74	1273	931168	no	pass	Exact source bytes copied into the source-pack shard body.
AID-SRC-000382	SHARD-001	GPTs/source_pack/source_pack_shard_001.md	BLOCK-000028	28	1	63	3b0dbb7669f77cf6297df0d698389c33b12a504f2c9b6dabc821ebb9fb3bbe20	3b0dbb7669f77cf6297df0d698389c33b12a504f2c9b6dabc821ebb9fb3bbe20	2460	63	613	931168	no	pass	Exact source bytes copied into the source-pack shard body.
AID-SRC-000383	SHARD-001	GPTs/source_pack/source_pack_shard_001.md	BLOCK-000029	29	1	24	f1c00c46537d0f99c79744dc6837d0aa9425d94383ec731b0eedc9e7998ad341	f1c00c46537d0f99c79744dc6837d0aa9425d94383ec731b0eedc9e7998ad341	1049	24	263	931168	no	pass	Exact source bytes copied into the source-pack shard body.
AID-SRC-000401	SHARD-001	GPTs/source_pack/source_pack_shard_001.md	BLOCK-000030	30	1	270	eafb21fceafe25f49b1cedc754e9d34d1687751722c3a33279b39e94a3a8a853	eafb21fceafe25f49b1cedc754e9d34d1687751722c3a33279b39e94a3a8a853	11070	270	2768	931168	no	pass	Exact source bytes copied into the source-pack shard body.
AID-SRC-000113	SHARD-001	GPTs/source_pack/source_pack_shard_001.md	BLOCK-000031	31	1	53	0616edc6650a3c3653028dd2db40675dab6ab47754babe15ffd77b3a83e0ef4b	0616edc6650a3c3653028dd2db40675dab6ab47754babe15ffd77b3a83e0ef4b	3356	53	839	931168	no	pass	Exact source bytes copied into the source-pack shard body.
AID-SRC-000114	SHARD-001	GPTs/source_pack/source_pack_shard_001.md	BLOCK-000032	32	1	58	ea456e81390d9741b56604c62fe870c934287d3151791959bc3c266ca6ea4aff	ea456e81390d9741b56604c62fe870c934287d3151791959bc3c266ca6ea4aff	3860	58	965	931168	no	pass	Exact source bytes copied into the source-pack shard body.
AID-SRC-000115	SHARD-001	GPTs/source_pack/source_pack_shard_001.md	BLOCK-000033	33	1	45	ae8083edcb6842971639f1ea43c72794c336ef85bba5787491209759ce3ed6cf	ae8083edcb6842971639f1ea43c72794c336ef85bba5787491209759ce3ed6cf	2572	45	643	931168	no	pass	Exact source bytes copied into the source-pack shard body.
AID-SRC-000123	SHARD-001	GPTs/source_pack/source_pack_shard_001.md	BLOCK-000034	34	1	17	ffd84b889b1ca00290c77f34fefe8ee074da8ccb003e5aeae74b08d84d9a26c6	ffd84b889b1ca00290c77f34fefe8ee074da8ccb003e5aeae74b08d84d9a26c6	661	17	166	931168	no	pass	Exact source bytes copied into the source-pack shard body.
AID-SRC-000124	SHARD-001	GPTs/source_pack/source_pack_shard_001.md	BLOCK-000035	35	1	35	0969dd6558ff2c3415295cd50135dfa3354c9db8c28a07525c90cea2069f0caf	0969dd6558ff2c3415295cd50135dfa3354c9db8c28a07525c90cea2069f0caf	1783	35	446	931168	no	pass	Exact source bytes copied into the source-pack shard body.
AID-SRC-000125	SHARD-001	GPTs/source_pack/source_pack_shard_001.md	BLOCK-000036	36	1	104	74b17c41f452aadf0259acd5859c09eb5ab4a8f52e6e434416f229ae28737faf	74b17c41f452aadf0259acd5859c09eb5ab4a8f52e6e434416f229ae28737faf	8411	104	2101	931168	no	pass	Exact source bytes copied into the source-pack shard body.
AID-SRC-000329	SHARD-001	GPTs/source_pack/source_pack_shard_001.md	BLOCK-000037	37	1	355	cd7185797eb8ab4a2d80482755fc9e29094772b3b1b653a5876e32de4c3d8e85	cd7185797eb8ab4a2d80482755fc9e29094772b3b1b653a5876e32de4c3d8e85	22338	355	5554	931168	no	pass	Exact source bytes copied into the source-pack shard body.
AID-SRC-000335	SHARD-001	GPTs/source_pack/source_pack_shard_001.md	BLOCK-000038	38	1	77	4153c53b19d993e0843aec85b7415f087e01e5f9866c1d1b5357179934cf6c46	4153c53b19d993e0843aec85b7415f087e01e5f9866c1d1b5357179934cf6c46	6166	77	1542	931168	no	pass	Exact source bytes copied into the source-pack shard body.
AID-SRC-000336	SHARD-001	GPTs/source_pack/source_pack_shard_001.md	BLOCK-000039	39	1	73	22bd968506bba4131bdd4f6433cdafd203ae502b6984412b485117c75669e9b7	22bd968506bba4131bdd4f6433cdafd203ae502b6984412b485117c75669e9b7	4477	73	1120	931168	no	pass	Exact source bytes copied into the source-pack shard body.
AID-SRC-000337	SHARD-001	GPTs/source_pack/source_pack_shard_001.md	BLOCK-000040	40	1	49	c3a481a3b60e17e3d023c33f3df54792ae7ec315099603a090fcbfa5cbf4ee6f	c3a481a3b60e17e3d023c33f3df54792ae7ec315099603a090fcbfa5cbf4ee6f	2202	49	551	931168	no	pass	Exact source bytes copied into the source-pack shard body.
AID-SRC-000338	SHARD-001	GPTs/source_pack/source_pack_shard_001.md	BLOCK-000041	41	1	41	1282555f7a636752ecb745fda3c31724d26b922d8b7fd187bb668316f1568995	1282555f7a636752ecb745fda3c31724d26b922d8b7fd187bb668316f1568995	1871	41	468	931168	no	pass	Exact source bytes copied into the source-pack shard body.
AID-SRC-000339	SHARD-001	GPTs/source_pack/source_pack_shard_001.md	BLOCK-000042	42	1	90	883bdb46f4550689836b7aa8e69ecd8f503f97537eba1cc9fc2de6783b3fd1fb	883bdb46f4550689836b7aa8e69ecd8f503f97537eba1cc9fc2de6783b3fd1fb	5495	90	1374	931168	no	pass	Exact source bytes copied into the source-pack shard body.
AID-SRC-000340	SHARD-001	GPTs/source_pack/source_pack_shard_001.md	BLOCK-000043	43	1	30	1c6d42f4863db1cfb0e99f899beb46ad449597137ab7d33900cae15751871ea8	1c6d42f4863db1cfb0e99f899beb46ad449597137ab7d33900cae15751871ea8	1568	30	392	931168	no	pass	Exact source bytes copied into the source-pack shard body.
AID-SRC-000343	SHARD-001	GPTs/source_pack/source_pack_shard_001.md	BLOCK-000044	44	1	25	ecddba6c57070cce1e6e909327d07db4743316fa7f41565fd0f0fe01c12a9fb1	ecddba6c57070cce1e6e909327d07db4743316fa7f41565fd0f0fe01c12a9fb1	1225	25	307	931168	no	pass	Exact source bytes copied into the source-pack shard body.
AID-SRC-000344	SHARD-001	GPTs/source_pack/source_pack_shard_001.md	BLOCK-000045	45	1	144	87d660d3de9bc94931467a604435afbd722f351f9912f5721fadaa5e85f44e37	87d660d3de9bc94931467a604435afbd722f351f9912f5721fadaa5e85f44e37	8852	144	2204	931168	no	pass	Exact source bytes copied into the source-pack shard body.
AID-SRC-000005	SHARD-001	GPTs/source_pack/source_pack_shard_001.md	BLOCK-000046	46	1	137	cd72e4bb6d8a8a46bacf5d2c85722c8baf4b43bd786539a3f48e43c7d163155b	cd72e4bb6d8a8a46bacf5d2c85722c8baf4b43bd786539a3f48e43c7d163155b	6232	137	1558	931168	no	pass	Exact source bytes copied into the source-pack shard body.
AID-SRC-000006	SHARD-001	GPTs/source_pack/source_pack_shard_001.md	BLOCK-000047	47	1	168	d4379230a218d24aad8966a2a01f5050e655b4736fc4287dea3d1ab88085d1f4	d4379230a218d24aad8966a2a01f5050e655b4736fc4287dea3d1ab88085d1f4	5060	168	1265	931168	no	pass	Exact source bytes copied into the source-pack shard body.
AID-SRC-000007	SHARD-001	GPTs/source_pack/source_pack_shard_001.md	BLOCK-000048	48	1	55	f89750fc23ac004d28a23beccea63010b31618b11d504cff576f54181bd9d9e0	f89750fc23ac004d28a23beccea63010b31618b11d504cff576f54181bd9d9e0	1744	55	436	931168	no	pass	Exact source bytes copied into the source-pack shard body.
AID-SRC-000008	SHARD-001	GPTs/source_pack/source_pack_shard_001.md	BLOCK-000049	49	1	47	57e69b31aa91665d3fb80bcc0c5462e27d3fd6c486876776861a20e314f373ed	57e69b31aa91665d3fb80bcc0c5462e27d3fd6c486876776861a20e314f373ed	1624	47	406	931168	no	pass	Exact source bytes copied into the source-pack shard body.
AID-SRC-000009	SHARD-001	GPTs/source_pack/source_pack_shard_001.md	BLOCK-000050	50	1	790	c9823173e05e00d82bf0b5df2b289fa43bf95d6a735a3a13b528a5812e588af5	c9823173e05e00d82bf0b5df2b289fa43bf95d6a735a3a13b528a5812e588af5	24812	790	6203	931168	no	pass	Exact source bytes copied into the source-pack shard body.
AID-SRC-000010	SHARD-001	GPTs/source_pack/source_pack_shard_001.md	BLOCK-000051	51	1	219	3da3578f7ee9536937a6d1ab72d8e5e1926309d241e7f78524769b1d084e1340	3da3578f7ee9536937a6d1ab72d8e5e1926309d241e7f78524769b1d084e1340	6989	219	1732	931168	no	pass	Exact source bytes copied into the source-pack shard body.
AID-SRC-000011	SHARD-001	GPTs/source_pack/source_pack_shard_001.md	BLOCK-000052	52	1	112	b7eb9a9e19a6d0dcae188f58021777d7cfe4033a8cb0922b8ff36dcc16744553	b7eb9a9e19a6d0dcae188f58021777d7cfe4033a8cb0922b8ff36dcc16744553	3743	112	936	931168	no	pass	Exact source bytes copied into the source-pack shard body.
AID-SRC-000012	SHARD-001	GPTs/source_pack/source_pack_shard_001.md	BLOCK-000053	53	1	117	0e75c8dd53385d273cce4d1fa7129c04452cea8e58fc3d55d4b03fa501a899af	0e75c8dd53385d273cce4d1fa7129c04452cea8e58fc3d55d4b03fa501a899af	6085	117	1522	931168	no	pass	Exact source bytes copied into the source-pack shard body.
AID-SRC-000013	SHARD-001	GPTs/source_pack/source_pack_shard_001.md	BLOCK-000054	54	1	130	c7cb20f75f3f8ac8d60ea9a403c286a3a1de87f06ef1eb8391c847aab593fd03	c7cb20f75f3f8ac8d60ea9a403c286a3a1de87f06ef1eb8391c847aab593fd03	6500	130	1625	931168	no	pass	Exact source bytes copied into the source-pack shard body.
AID-SRC-000014	SHARD-001	GPTs/source_pack/source_pack_shard_001.md	BLOCK-000055	55	1	332	aead54a77f901f991a550954d73062c8808b004f5a365659e97d4a05c63faa83	aead54a77f901f991a550954d73062c8808b004f5a365659e97d4a05c63faa83	12611	332	3153	931168	no	pass	Exact source bytes copied into the source-pack shard body.
AID-SRC-000015	SHARD-001	GPTs/source_pack/source_pack_shard_001.md	BLOCK-000056	56	1	81	b9a8d42b329c2c050b25a3ea423340103b970390ae511acee2231dead9c5e676	b9a8d42b329c2c050b25a3ea423340103b970390ae511acee2231dead9c5e676	3449	81	863	931168	no	pass	Exact source bytes copied into the source-pack shard body.
AID-SRC-000016	SHARD-001	GPTs/source_pack/source_pack_shard_001.md	BLOCK-000057	57	1	60	c9324d83da866316382f27b48d3b285d57d532fc12426ca83aab56bd6a893235	c9324d83da866316382f27b48d3b285d57d532fc12426ca83aab56bd6a893235	2148	60	537	931168	no	pass	Exact source bytes copied into the source-pack shard body.
AID-SRC-000017	SHARD-001	GPTs/source_pack/source_pack_shard_001.md	BLOCK-000058	58	1	292	46bbb803c17ec6843678f055f851ec89c680deb0ae597a492fc1a8e047ba783c	46bbb803c17ec6843678f055f851ec89c680deb0ae597a492fc1a8e047ba783c	12142	292	3036	931168	no	pass	Exact source bytes copied into the source-pack shard body.
AID-SRC-000018	SHARD-001	GPTs/source_pack/source_pack_shard_001.md	BLOCK-000059	59	1	72	5f7e55bc66889ee42579aaa18e162a32ebeab2267bb64766d785e194722efdaf	5f7e55bc66889ee42579aaa18e162a32ebeab2267bb64766d785e194722efdaf	2095	72	524	931168	no	pass	Exact source bytes copied into the source-pack shard body.
AID-SRC-000019	SHARD-001	GPTs/source_pack/source_pack_shard_001.md	BLOCK-000060	60	1	82	035c6a864a663213b09328e6dc4120402666192910d6600f304279561337f656	035c6a864a663213b09328e6dc4120402666192910d6600f304279561337f656	4519	82	1130	931168	no	pass	Exact source bytes copied into the source-pack shard body.
AID-SRC-000020	SHARD-001	GPTs/source_pack/source_pack_shard_001.md	BLOCK-000061	61	1	114	8969a52614c5399ff81e63aa1c2624499bb9d9b19e172d65e02a954b7bb1e175	8969a52614c5399ff81e63aa1c2624499bb9d9b19e172d65e02a954b7bb1e175	3956	114	989	931168	no	pass	Exact source bytes copied into the source-pack shard body.
AID-SRC-000021	SHARD-001	GPTs/source_pack/source_pack_shard_001.md	BLOCK-000062	62	1	212	17947f14b64a8ac47c2fd60e5ab32305be3a238e87bb75588891d2ae11e329a4	17947f14b64a8ac47c2fd60e5ab32305be3a238e87bb75588891d2ae11e329a4	13812	212	3452	931168	no	pass	Exact source bytes copied into the source-pack shard body.
AID-SRC-000022	SHARD-001	GPTs/source_pack/source_pack_shard_001.md	BLOCK-000063	63	1	344	278a8b940fac334e4bf215fd645d072a8538b12a3cc6dddf4ea4614e9014b130	278a8b940fac334e4bf215fd645d072a8538b12a3cc6dddf4ea4614e9014b130	7266	344	1817	931168	no	pass	Exact source bytes copied into the source-pack shard body.
AID-SRC-000023	SHARD-001	GPTs/source_pack/source_pack_shard_001.md	BLOCK-000064	64	1	32	79f8a254e20ee16c221392efcdf10fa627d3647b87c872418cc9f8391152936d	79f8a254e20ee16c221392efcdf10fa627d3647b87c872418cc9f8391152936d	1247	32	312	931168	no	pass	Exact source bytes copied into the source-pack shard body.
AID-SRC-000024	SHARD-001	GPTs/source_pack/source_pack_shard_001.md	BLOCK-000065	65	1	99	e2822a1379d421cc4e808ba69b44a88496b4a7a02b412f204fb00db94218c963	e2822a1379d421cc4e808ba69b44a88496b4a7a02b412f204fb00db94218c963	6646	99	1662	931168	no	pass	Exact source bytes copied into the source-pack shard body.
AID-SRC-000025	SHARD-001	GPTs/source_pack/source_pack_shard_001.md	BLOCK-000066	66	1	210	810bb4d13259f3e0e62facdceb930988f0eac0d99fdec6c84462cd92d9774391	810bb4d13259f3e0e62facdceb930988f0eac0d99fdec6c84462cd92d9774391	11021	210	2756	931168	no	pass	Exact source bytes copied into the source-pack shard body.
AID-SRC-000026	SHARD-001	GPTs/source_pack/source_pack_shard_001.md	BLOCK-000067	67	1	173	9d25434dc57d9aefcdd4314371f98d5495bf6c61533195c52cfcaf7399844480	9d25434dc57d9aefcdd4314371f98d5495bf6c61533195c52cfcaf7399844480	7600	173	1900	931168	no	pass	Exact source bytes copied into the source-pack shard body.
AID-SRC-000027	SHARD-001	GPTs/source_pack/source_pack_shard_001.md	BLOCK-000068	68	1	67	07fbe35db08da80fb63935baa4b29cd4a34833843599862816e4f46d589a7228	07fbe35db08da80fb63935baa4b29cd4a34833843599862816e4f46d589a7228	5479	67	1369	931168	no	pass	Exact source bytes copied into the source-pack shard body.
AID-SRC-000028	SHARD-001	GPTs/source_pack/source_pack_shard_001.md	BLOCK-000069	69	1	94	03040bb0d59211ae69d00f100d28a9e7a70e7505396158ef70709fbc5e5b8571	03040bb0d59211ae69d00f100d28a9e7a70e7505396158ef70709fbc5e5b8571	3710	94	928	931168	no	pass	Exact source bytes copied into the source-pack shard body.
AID-SRC-000029	SHARD-001	GPTs/source_pack/source_pack_shard_001.md	BLOCK-000070	70	1	227	45a777dcab7e9fb0bf987144ead29f1adfb338a02b7a746585e96d0386a15b8c	45a777dcab7e9fb0bf987144ead29f1adfb338a02b7a746585e96d0386a15b8c	9560	227	2390	931168	no	pass	Exact source bytes copied into the source-pack shard body.
AID-SRC-000030	SHARD-001	GPTs/source_pack/source_pack_shard_001.md	BLOCK-000071	71	1	215	c816e5a95baa8b7a66f71188b41151917259473fafd0604346cae1c39a13927e	c816e5a95baa8b7a66f71188b41151917259473fafd0604346cae1c39a13927e	10952	215	2738	931168	no	pass	Exact source bytes copied into the source-pack shard body.
AID-SRC-000031	SHARD-001	GPTs/source_pack/source_pack_shard_001.md	BLOCK-000072	72	1	61	557dff04268fc6130496a439f7cb857c0e58ec40745601e23ea2de1b63cc5f2c	557dff04268fc6130496a439f7cb857c0e58ec40745601e23ea2de1b63cc5f2c	2294	61	574	931168	no	pass	Exact source bytes copied into the source-pack shard body.
AID-SRC-000032	SHARD-001	GPTs/source_pack/source_pack_shard_001.md	BLOCK-000073	73	1	339	0b1f1238666c8db4a1dc7727f5360e7e56461dc49337a257fc129d8c76e6d230	0b1f1238666c8db4a1dc7727f5360e7e56461dc49337a257fc129d8c76e6d230	9120	339	2280	931168	no	pass	Exact source bytes copied into the source-pack shard body.
AID-SRC-000116	SHARD-001	GPTs/source_pack/source_pack_shard_001.md	BLOCK-000074	74	1	78	b4f8ebd74a0f6f384044b000654c850a7ed644fe9e0bff6b57c7d4823e8e147f	b4f8ebd74a0f6f384044b000654c850a7ed644fe9e0bff6b57c7d4823e8e147f	2562	78	641	931168	no	pass	Exact source bytes copied into the source-pack shard body.
AID-SRC-000117	SHARD-001	GPTs/source_pack/source_pack_shard_001.md	BLOCK-000075	75	1	229	86d7ce0df4492b47e92dca1029703ad635d42b4127085a404f908e597e6f2dce	86d7ce0df4492b47e92dca1029703ad635d42b4127085a404f908e597e6f2dce	7573	229	1894	931168	no	pass	Exact source bytes copied into the source-pack shard body.
AID-SRC-000118	SHARD-001	GPTs/source_pack/source_pack_shard_001.md	BLOCK-000076	76	1	646	ae0c1ea9b9996f3d8ed5e5cc2d7e384d3f4d070ff458c2c2bb06013e4bf1a6af	ae0c1ea9b9996f3d8ed5e5cc2d7e384d3f4d070ff458c2c2bb06013e4bf1a6af	19986	646	4997	931168	no	pass	Exact source bytes copied into the source-pack shard body.
AID-SRC-000119	SHARD-001	GPTs/source_pack/source_pack_shard_001.md	BLOCK-000077	77	1	148	7b7ce8c67001743509ad829cc5625726e551e2fcf03812dc3669f5b92eee8fec	7b7ce8c67001743509ad829cc5625726e551e2fcf03812dc3669f5b92eee8fec	5020	148	1255	931168	no	pass	Exact source bytes copied into the source-pack shard body.
AID-SRC-000120	SHARD-001	GPTs/source_pack/source_pack_shard_001.md	BLOCK-000078	78	1	130	5556163f16e7dae30e7f84ff0179a75a45d24dbb52d04fdee6f92db42d2c2079	5556163f16e7dae30e7f84ff0179a75a45d24dbb52d04fdee6f92db42d2c2079	5228	130	1307	931168	no	pass	Exact source bytes copied into the source-pack shard body.
AID-SRC-000121	SHARD-001	GPTs/source_pack/source_pack_shard_001.md	BLOCK-000079	79	1	207	a6d169de6d360bab647b1ed7947ede83e8e14ae917f12bdd34142b58ebb37995	a6d169de6d360bab647b1ed7947ede83e8e14ae917f12bdd34142b58ebb37995	8225	207	2057	931168	no	pass	Exact source bytes copied into the source-pack shard body.
AID-SRC-000122	SHARD-001	GPTs/source_pack/source_pack_shard_001.md	BLOCK-000080	80	1	212	409d30bed8ad199ea2f1e459155eb0f53c157f3b92bf93b523cae5933489ba11	409d30bed8ad199ea2f1e459155eb0f53c157f3b92bf93b523cae5933489ba11	8546	212	2137	931168	no	pass	Exact source bytes copied into the source-pack shard body.
AID-SRC-000257	SHARD-001	GPTs/source_pack/source_pack_shard_001.md	BLOCK-000081	81	1	228	877228f996f4fb1016aa306431b0a60b33a28ad5aaa66e135a3aba330adf3bc2	877228f996f4fb1016aa306431b0a60b33a28ad5aaa66e135a3aba330adf3bc2	17378	228	4345	931168	no	pass	Exact source bytes copied into the source-pack shard body.
AID-SRC-000393	SHARD-001	GPTs/source_pack/source_pack_shard_001.md	BLOCK-000082	82	1	386	937a26e440eb9b1febd627e0b46dbd717e166fe11f39d370c1e316d04c0985eb	937a26e440eb9b1febd627e0b46dbd717e166fe11f39d370c1e316d04c0985eb	22239	386	5557	931168	no	pass	Exact source bytes copied into the source-pack shard body.
AID-SRC-000402	SHARD-001	GPTs/source_pack/source_pack_shard_001.md	BLOCK-000083	83	1	319	5159aac83492232fdea1d2fa570c7739bd163816fb74c1eaa6e990e170616dc7	5159aac83492232fdea1d2fa570c7739bd163816fb74c1eaa6e990e170616dc7	15461	319	3865	931168	no	pass	Exact source bytes copied into the source-pack shard body.
AID-SRC-000403	SHARD-001	GPTs/source_pack/source_pack_shard_001.md	BLOCK-000084	84	1	277	46124cf6cca21553346138eba87458b01c9cf26d60dcdd8b58f22c4aeb6b4cc5	46124cf6cca21553346138eba87458b01c9cf26d60dcdd8b58f22c4aeb6b4cc5	15558	277	3888	931168	no	pass	Exact source bytes copied into the source-pack shard body.
AID-SRC-000404	SHARD-001	GPTs/source_pack/source_pack_shard_001.md	BLOCK-000085	85	1	107	e77cd9c8de5162a532b68f1ea156b1fb48ddba95d20c27995d4fb9e54ae86b37	e77cd9c8de5162a532b68f1ea156b1fb48ddba95d20c27995d4fb9e54ae86b37	5414	107	1354	931168	no	pass	Exact source bytes copied into the source-pack shard body.
AID-SRC-000405	SHARD-001	GPTs/source_pack/source_pack_shard_001.md	BLOCK-000086	86	1	36	6d6aba671d88a4481e273a797ad3b5550f9a46f567ccba9d66a4caed575f8ad5	6d6aba671d88a4481e273a797ad3b5550f9a46f567ccba9d66a4caed575f8ad5	1528	36	382	931168	no	pass	Exact source bytes copied into the source-pack shard body.
AID-SRC-000406	SHARD-001	GPTs/source_pack/source_pack_shard_001.md	BLOCK-000087	87	1	438	9fa441caf94a5f314e457f679a43e8ea9b30e2ecf0e88539b686ba71dbfc8e3f	9fa441caf94a5f314e457f679a43e8ea9b30e2ecf0e88539b686ba71dbfc8e3f	22423	438	5606	931168	no	pass	Exact source bytes copied into the source-pack shard body.
AID-SRC-000041	SHARD-001	GPTs/source_pack/source_pack_shard_001.md	BLOCK-000088	88	1	130	f7edd512c886136f941fb12948deb8e13ac829777814149b429977ec891d2d2f	f7edd512c886136f941fb12948deb8e13ac829777814149b429977ec891d2d2f	5543	130	1386	931168	no	pass	Exact source bytes copied into the source-pack shard body.
AID-SRC-000042	SHARD-001	GPTs/source_pack/source_pack_shard_001.md	BLOCK-000089	89	1	218	81583f742b7d6b110e4d58abcf9daeb473298285cf6cdcc7a2fd7e20bd40991d	81583f742b7d6b110e4d58abcf9daeb473298285cf6cdcc7a2fd7e20bd40991d	6594	218	1649	931168	no	pass	Exact source bytes copied into the source-pack shard body.
AID-SRC-000043	SHARD-001	GPTs/source_pack/source_pack_shard_001.md	BLOCK-000090	90	1	171	28949d13570d2a48f7c722142c87b887d8711e5eb121a3dafbfa9e363dcf7a7c	28949d13570d2a48f7c722142c87b887d8711e5eb121a3dafbfa9e363dcf7a7c	6937	171	1735	931168	no	pass	Exact source bytes copied into the source-pack shard body.
AID-SRC-000044	SHARD-001	GPTs/source_pack/source_pack_shard_001.md	BLOCK-000091	91	1	225	025e6d30a4d7602550ce664065c0f33d22888c4d31cf3e3ac24fe20cf3c7448f	025e6d30a4d7602550ce664065c0f33d22888c4d31cf3e3ac24fe20cf3c7448f	10091	225	2523	931168	no	pass	Exact source bytes copied into the source-pack shard body.
AID-SRC-000045	SHARD-001	GPTs/source_pack/source_pack_shard_001.md	BLOCK-000092	92	1	191	769f8cdd80015fa9417a30fcb8d7d57fd34b7c0824661e33636da59627b7839d	769f8cdd80015fa9417a30fcb8d7d57fd34b7c0824661e33636da59627b7839d	6109	191	1528	931168	no	pass	Exact source bytes copied into the source-pack shard body.
AID-SRC-000046	SHARD-001	GPTs/source_pack/source_pack_shard_001.md	BLOCK-000093	93	1	46	0c6cf991f8c4dfbcc37b3934634ea50c1cb0b41ef4d92d2f7672ea783b6f4b9e	0c6cf991f8c4dfbcc37b3934634ea50c1cb0b41ef4d92d2f7672ea783b6f4b9e	1363	46	341	931168	no	pass	Exact source bytes copied into the source-pack shard body.
AID-SRC-000047	SHARD-001	GPTs/source_pack/source_pack_shard_001.md	BLOCK-000094	94	1	24	bd6153ac6e0eb7e608a231c8e92a883c2daccd05e83f5333930f250590c0bfc9	bd6153ac6e0eb7e608a231c8e92a883c2daccd05e83f5333930f250590c0bfc9	1106	24	277	931168	no	pass	Exact source bytes copied into the source-pack shard body.
AID-SRC-000330	SHARD-001	GPTs/source_pack/source_pack_shard_001.md	BLOCK-000095	95	1	63	1a0713f978d8fa51471927edbfefbcc68881e03c283c5caa931b62c200e4fee5	1a0713f978d8fa51471927edbfefbcc68881e03c283c5caa931b62c200e4fee5	7082	63	1771	931168	no	pass	Exact source bytes copied into the source-pack shard body.
AID-SRC-000331	SHARD-001	GPTs/source_pack/source_pack_shard_001.md	BLOCK-000096	96	1	119	de887a850476c5131bda38a15a779c459e10a1ca4cac70a96d8f51734803bb66	de887a850476c5131bda38a15a779c459e10a1ca4cac70a96d8f51734803bb66	8540	119	2135	931168	no	pass	Exact source bytes copied into the source-pack shard body.
AID-SRC-000332	SHARD-001	GPTs/source_pack/source_pack_shard_001.md	BLOCK-000097	97	1	52	608ff92047138ee9a263d818d07d1a38c1d211c4c9ceda7ef8fca14642fa6155	608ff92047138ee9a263d818d07d1a38c1d211c4c9ceda7ef8fca14642fa6155	5111	52	1278	931168	no	pass	Exact source bytes copied into the source-pack shard body.
AID-SRC-000333	SHARD-001	GPTs/source_pack/source_pack_shard_001.md	BLOCK-000098	98	1	34	0a20bbf1a02f98eeadb5acbb09099a417b72d22c884e30c9b8e9ea22362dc14c	0a20bbf1a02f98eeadb5acbb09099a417b72d22c884e30c9b8e9ea22362dc14c	1690	34	423	931168	no	pass	Exact source bytes copied into the source-pack shard body.
AID-SRC-000372	SHARD-001	GPTs/source_pack/source_pack_shard_001.md	BLOCK-000099	99	1	100	c387d93bfd9a85a63225c1867ed33bbddd76704f119528a93b00d716b926e3e5	c387d93bfd9a85a63225c1867ed33bbddd76704f119528a93b00d716b926e3e5	4346	100	1087	931168	no	pass	Exact source bytes copied into the source-pack shard body.
AID-SRC-000373	SHARD-001	GPTs/source_pack/source_pack_shard_001.md	BLOCK-000100	100	1	204	0dbba9e153136e0faff31adc4aea69a3dd3116ecea17ad749ff5bf44cd31fbd2	0dbba9e153136e0faff31adc4aea69a3dd3116ecea17ad749ff5bf44cd31fbd2	17474	204	4368	931168	no	pass	Exact source bytes copied into the source-pack shard body.
AID-SRC-000374	SHARD-001	GPTs/source_pack/source_pack_shard_001.md	BLOCK-000101	101	1	76	74c2f636cd51b98972f3e63d71d7c0882a61ee618ed051bc941f7a2bd3a88737	74c2f636cd51b98972f3e63d71d7c0882a61ee618ed051bc941f7a2bd3a88737	5356	76	1339	931168	no	pass	Exact source bytes copied into the source-pack shard body.
AID-SRC-000375	SHARD-001	GPTs/source_pack/source_pack_shard_001.md	BLOCK-000102	102	1	32	26c28f6d594e5f0aa1931bacce25b4e1ec3e86a606a25783d3228383964defc2	26c28f6d594e5f0aa1931bacce25b4e1ec3e86a606a25783d3228383964defc2	1471	32	368	931168	no	pass	Exact source bytes copied into the source-pack shard body.
AID-SRC-000033	SHARD-001	GPTs/source_pack/source_pack_shard_001.md	BLOCK-000103	103	1	122	6fd5a0ff9211262c8fd7289d749cb1305e30d679c9ee4e7f37087d372eff7336	6fd5a0ff9211262c8fd7289d749cb1305e30d679c9ee4e7f37087d372eff7336	5929	122	1480	931168	no	pass	Exact source bytes copied into the source-pack shard body.
AID-SRC-000034	SHARD-001	GPTs/source_pack/source_pack_shard_001.md	BLOCK-000104	104	1	63	0d572d1ccfb92c2e0b62eabf3bdce915683bf13461ab6e09c838dfd07d5dd8c0	0d572d1ccfb92c2e0b62eabf3bdce915683bf13461ab6e09c838dfd07d5dd8c0	4683	63	1171	931168	no	pass	Exact source bytes copied into the source-pack shard body.
AID-SRC-000035	SHARD-001	GPTs/source_pack/source_pack_shard_001.md	BLOCK-000105	105	1	119	300c6efb70d33b5b7b64d1ae4ce963aaf693f26caa9f23788852a14acb2fbace	300c6efb70d33b5b7b64d1ae4ce963aaf693f26caa9f23788852a14acb2fbace	4557	119	1140	931168	no	pass	Exact source bytes copied into the source-pack shard body.
AID-SRC-000036	SHARD-001	GPTs/source_pack/source_pack_shard_001.md	BLOCK-000106	106	1	57	78681294869931c9262c884e4eec392e51347dbfa72051d1674770f3a547437b	78681294869931c9262c884e4eec392e51347dbfa72051d1674770f3a547437b	1295	57	324	931168	no	pass	Exact source bytes copied into the source-pack shard body.
AID-SRC-000037	SHARD-001	GPTs/source_pack/source_pack_shard_001.md	BLOCK-000107	107	1	111	908c3467a6effb341b967630fa7b70feb42f45f2285029cad6b30ed6cb75bb94	908c3467a6effb341b967630fa7b70feb42f45f2285029cad6b30ed6cb75bb94	4025	111	1007	931168	no	pass	Exact source bytes copied into the source-pack shard body.
AID-SRC-000038	SHARD-001	GPTs/source_pack/source_pack_shard_001.md	BLOCK-000108	108	1	389	3e21b669250b825d207f4834782ea457495f168632dc49a536f179e7665bd5bf	3e21b669250b825d207f4834782ea457495f168632dc49a536f179e7665bd5bf	19824	389	4946	931168	no	pass	Exact source bytes copied into the source-pack shard body.
AID-SRC-000039	SHARD-001	GPTs/source_pack/source_pack_shard_001.md	BLOCK-000109	109	1	125	fefaa20c97a61195e0c508a06246312841f870a785477d2ba6c5d0c6e319a44e	fefaa20c97a61195e0c508a06246312841f870a785477d2ba6c5d0c6e319a44e	6505	125	1627	931168	no	pass	Exact source bytes copied into the source-pack shard body.
AID-SRC-000040	SHARD-001	GPTs/source_pack/source_pack_shard_001.md	BLOCK-000110	110	1	184	6e251a5f9c07c5df6debba14e3ddb9fcbbd4fbfe1986a454bf5cfd12a4b93e58	6e251a5f9c07c5df6debba14e3ddb9fcbbd4fbfe1986a454bf5cfd12a4b93e58	7422	184	1856	931168	no	pass	Exact source bytes copied into the source-pack shard body.
AID-SRC-000130	SHARD-001	GPTs/source_pack/source_pack_shard_001.md	BLOCK-000111	111	1	110	51cd170bdece7a23a6707ea88e577562023e9e6bad87ceef1804599649365f87	51cd170bdece7a23a6707ea88e577562023e9e6bad87ceef1804599649365f87	6460	110	1615	931168	no	pass	Exact source bytes copied into the source-pack shard body.
AID-SRC-000131	SHARD-001	GPTs/source_pack/source_pack_shard_001.md	BLOCK-000112	112	1	120	91ac8fe11fa44774af0d8371e32f43f66914528f521d7b7ed5974e5a7e8f1a61	91ac8fe11fa44774af0d8371e32f43f66914528f521d7b7ed5974e5a7e8f1a61	7854	120	1962	931168	no	pass	Exact source bytes copied into the source-pack shard body.
AID-SRC-000132	SHARD-001	GPTs/source_pack/source_pack_shard_001.md	BLOCK-000113	113	1	41	d08898a2025d61195823e978859dfa36f1dfc09f41039f0b28e588f5b44b2d23	d08898a2025d61195823e978859dfa36f1dfc09f41039f0b28e588f5b44b2d23	2012	41	503	931168	no	pass	Exact source bytes copied into the source-pack shard body.
AID-SRC-000133	SHARD-001	GPTs/source_pack/source_pack_shard_001.md	BLOCK-000114	114	1	65	ffe6adbfa1a5d7fb1311f00e1c96e7382ca30c9db7ce13bad6578846b81fcd14	ffe6adbfa1a5d7fb1311f00e1c96e7382ca30c9db7ce13bad6578846b81fcd14	3159	65	787	931168	no	pass	Exact source bytes copied into the source-pack shard body.
AID-SRC-000316	SHARD-001	GPTs/source_pack/source_pack_shard_001.md	BLOCK-000115	115	1	435	294599f41fdb540711119154475b871f5bf5ed0c96d582a425d126d91ea84d9b	294599f41fdb540711119154475b871f5bf5ed0c96d582a425d126d91ea84d9b	34312	435	8578	931168	no	pass	Exact source bytes copied into the source-pack shard body.
AID-SRC-000317	SHARD-001	GPTs/source_pack/source_pack_shard_001.md	BLOCK-000116	116	1	267	cfe197df2f1da08244f410b3614c9b6357c040cb0a00b01a15540732d177fba5	cfe197df2f1da08244f410b3614c9b6357c040cb0a00b01a15540732d177fba5	16207	267	4052	931168	no	pass	Exact source bytes copied into the source-pack shard body.
AID-SRC-000061	SHARD-001	GPTs/source_pack/source_pack_shard_001.md	BLOCK-000117	117	1	148	15d4df9a0f6e74320c0a4bc0be1c93e0605fc6c5fbc7fdc26e14a6a382bf3de2	15d4df9a0f6e74320c0a4bc0be1c93e0605fc6c5fbc7fdc26e14a6a382bf3de2	7071	148	1768	931168	no	pass	Exact source bytes copied into the source-pack shard body.
AID-SRC-000062	SHARD-001	GPTs/source_pack/source_pack_shard_001.md	BLOCK-000118	118	1	208	115f7b945cc1d2442c83dbccd5434231a2273e0ded04fa8ffdb9cb7ea4766d55	115f7b945cc1d2442c83dbccd5434231a2273e0ded04fa8ffdb9cb7ea4766d55	14364	208	3591	931168	no	pass	Exact source bytes copied into the source-pack shard body.
AID-SRC-000063	SHARD-001	GPTs/source_pack/source_pack_shard_001.md	BLOCK-000119	119	1	253	0278ad7c1404597f5e28561979342a598f1dad248629105227d190399b01f944	0278ad7c1404597f5e28561979342a598f1dad248629105227d190399b01f944	16578	253	4145	931168	no	pass	Exact source bytes copied into the source-pack shard body.
AID-SRC-000064	SHARD-001	GPTs/source_pack/source_pack_shard_001.md	BLOCK-000120	120	1	30	8ef4e181bf2d9f423bd4d70fd406df9cf30a7828abc3c090122b1bceb8586d60	8ef4e181bf2d9f423bd4d70fd406df9cf30a7828abc3c090122b1bceb8586d60	904	30	226	931168	no	pass	Exact source bytes copied into the source-pack shard body.
AID-SRC-000065	SHARD-001	GPTs/source_pack/source_pack_shard_001.md	BLOCK-000121	121	1	61	b4a221192ff405b26bc154fb3e28eda4f8f28be4479356749c09f3ae1637a246	b4a221192ff405b26bc154fb3e28eda4f8f28be4479356749c09f3ae1637a246	3956	61	989	931168	no	pass	Exact source bytes copied into the source-pack shard body.
AID-SRC-000066	SHARD-001	GPTs/source_pack/source_pack_shard_001.md	BLOCK-000122	122	1	65	6fe25c3a42f12a1881e830bf570503a8a21d1664f98ba772e3d41603b4330b63	6fe25c3a42f12a1881e830bf570503a8a21d1664f98ba772e3d41603b4330b63	3192	65	798	931168	no	pass	Exact source bytes copied into the source-pack shard body.
AID-SRC-000067	SHARD-001	GPTs/source_pack/source_pack_shard_001.md	BLOCK-000123	123	1	83	9896a04a8888170e6aa6051f412a64ebae759fe8a65cb9b2e46d4c6ad309287c	9896a04a8888170e6aa6051f412a64ebae759fe8a65cb9b2e46d4c6ad309287c	5629	83	1408	931168	no	pass	Exact source bytes copied into the source-pack shard body.
AID-SRC-000068	SHARD-001	GPTs/source_pack/source_pack_shard_001.md	BLOCK-000124	124	1	93	37941df2bb8800b015fc3d61b513e746ccb1f6e18ef5c29e9b011446c61b7bb9	37941df2bb8800b015fc3d61b513e746ccb1f6e18ef5c29e9b011446c61b7bb9	5880	93	1470	931168	no	pass	Exact source bytes copied into the source-pack shard body.
AID-SRC-000069	SHARD-001	GPTs/source_pack/source_pack_shard_001.md	BLOCK-000125	125	1	79	33a9d97a2e55f76583b93545da7c8ee66c49f3f2e6e7496814694d31245cf131	33a9d97a2e55f76583b93545da7c8ee66c49f3f2e6e7496814694d31245cf131	3497	79	875	931168	no	pass	Exact source bytes copied into the source-pack shard body.
AID-SRC-000070	SHARD-002	GPTs/source_pack/source_pack_shard_002.md	BLOCK-000126	1	1	697	2ebfe6529e3fe1ec6154cd6d6b71e323f0f4dddb9c8e63935be8c089fe7d9d0d	2ebfe6529e3fe1ec6154cd6d6b71e323f0f4dddb9c8e63935be8c089fe7d9d0d	36659	697	9165	762011	no	pass	Exact source bytes copied into the source-pack shard body.
AID-SRC-000071	SHARD-002	GPTs/source_pack/source_pack_shard_002.md	BLOCK-000127	2	1	212	b7ffb5788da007fe65c97cdaad08fb2a2d0cef3d5ad69d96590f12384c8f09ee	b7ffb5788da007fe65c97cdaad08fb2a2d0cef3d5ad69d96590f12384c8f09ee	9214	212	2304	762011	no	pass	Exact source bytes copied into the source-pack shard body.
AID-SRC-000072	SHARD-002	GPTs/source_pack/source_pack_shard_002.md	BLOCK-000128	3	1	117	41ff23de51cb8a621ece1693acf9646e14b71f6bd1674434f2cfa70aa4df45bb	41ff23de51cb8a621ece1693acf9646e14b71f6bd1674434f2cfa70aa4df45bb	3292	117	823	762011	no	pass	Exact source bytes copied into the source-pack shard body.
AID-SRC-000073	SHARD-002	GPTs/source_pack/source_pack_shard_002.md	BLOCK-000129	4	1	253	6f72dde50a57b883898aa26013dae3aacd7b0e5334507d8f2c1e1ddb11ed89f9	6f72dde50a57b883898aa26013dae3aacd7b0e5334507d8f2c1e1ddb11ed89f9	10951	253	2738	762011	no	pass	Exact source bytes copied into the source-pack shard body.
AID-SRC-000074	SHARD-002	GPTs/source_pack/source_pack_shard_002.md	BLOCK-000130	5	1	111	d0a3fc0511e96fdee0168a295bc6a7985bece4b2cc76e4236f367b9f5f015068	d0a3fc0511e96fdee0168a295bc6a7985bece4b2cc76e4236f367b9f5f015068	6277	111	1570	762011	no	pass	Exact source bytes copied into the source-pack shard body.
AID-SRC-000075	SHARD-002	GPTs/source_pack/source_pack_shard_002.md	BLOCK-000131	6	1	186	4d7c407ab5ab54160c8bc45c8ddf4da11b5e6d6ff11c851247a77e5d280f46a8	4d7c407ab5ab54160c8bc45c8ddf4da11b5e6d6ff11c851247a77e5d280f46a8	6530	186	1633	762011	no	pass	Exact source bytes copied into the source-pack shard body.
AID-SRC-000076	SHARD-002	GPTs/source_pack/source_pack_shard_002.md	BLOCK-000132	7	1	596	acb004905c38fb7236fa2e8d1038b9b3d7685f4fb5701ec0e2d9378cc81e765c	acb004905c38fb7236fa2e8d1038b9b3d7685f4fb5701ec0e2d9378cc81e765c	34952	596	8733	762011	no	pass	Exact source bytes copied into the source-pack shard body.
AID-SRC-000077	SHARD-002	GPTs/source_pack/source_pack_shard_002.md	BLOCK-000133	8	1	165	994feb1ef7531f670461cf1970f4fcc988b067475dca9db789f33a649921e7fe	994feb1ef7531f670461cf1970f4fcc988b067475dca9db789f33a649921e7fe	6422	165	1606	762011	no	pass	Exact source bytes copied into the source-pack shard body.
AID-SRC-000078	SHARD-002	GPTs/source_pack/source_pack_shard_002.md	BLOCK-000134	9	1	636	69fe47ef5edbd0fb9a986b149f809c52321e2529cfe07bf5c17e2489733d2078	69fe47ef5edbd0fb9a986b149f809c52321e2529cfe07bf5c17e2489733d2078	28330	636	7081	762011	no	pass	Exact source bytes copied into the source-pack shard body.
AID-SRC-000079	SHARD-002	GPTs/source_pack/source_pack_shard_002.md	BLOCK-000135	10	1	126	1ef4ca0817335fa9548987cd477f6cadac3315c6ebf76b3673e4db2a0e18a47e	1ef4ca0817335fa9548987cd477f6cadac3315c6ebf76b3673e4db2a0e18a47e	6284	126	1571	762011	no	pass	Exact source bytes copied into the source-pack shard body.
AID-SRC-000112	SHARD-002	GPTs/source_pack/source_pack_shard_002.md	BLOCK-000136	11	1	130	cabb51ce03658455511d4c650010b93a18a5ae9bd18172364630388100f2bb0c	cabb51ce03658455511d4c650010b93a18a5ae9bd18172364630388100f2bb0c	6093	130	1524	762011	no	pass	Exact source bytes copied into the source-pack shard body.
AID-SRC-000251	SHARD-002	GPTs/source_pack/source_pack_shard_002.md	BLOCK-000137	12	1	97	fb1b4131af02dd0d93bcaddb05daa501d61a5f02a8a60ea6101d1c1acaa63455	fb1b4131af02dd0d93bcaddb05daa501d61a5f02a8a60ea6101d1c1acaa63455	4600	97	1150	762011	no	pass	Exact source bytes copied into the source-pack shard body.
AID-SRC-000252	SHARD-002	GPTs/source_pack/source_pack_shard_002.md	BLOCK-000138	13	1	74	ab144fc00441c29ce43fdf7c2fa1624f9910e70a814cf93ee899dd08bc7cb622	ab144fc00441c29ce43fdf7c2fa1624f9910e70a814cf93ee899dd08bc7cb622	5144	74	1286	762011	no	pass	Exact source bytes copied into the source-pack shard body.
AID-SRC-000253	SHARD-002	GPTs/source_pack/source_pack_shard_002.md	BLOCK-000139	14	1	79	01b6e92539b6705218f6d6769360729e193a92adfe81bdae87f6299648db487f	01b6e92539b6705218f6d6769360729e193a92adfe81bdae87f6299648db487f	6264	79	1566	762011	no	pass	Exact source bytes copied into the source-pack shard body.
AID-SRC-000254	SHARD-002	GPTs/source_pack/source_pack_shard_002.md	BLOCK-000140	15	1	109	183f03e7629cf059e2eef3ee60293d72554918edd6a60ac5f0b79747ef33716d	183f03e7629cf059e2eef3ee60293d72554918edd6a60ac5f0b79747ef33716d	6601	109	1649	762011	no	pass	Exact source bytes copied into the source-pack shard body.
AID-SRC-000255	SHARD-002	GPTs/source_pack/source_pack_shard_002.md	BLOCK-000141	16	1	57	e483be1a127f61f80ca39e3a4b26ef1ce674c391df55f3b638c511cab7b63f2b	e483be1a127f61f80ca39e3a4b26ef1ce674c391df55f3b638c511cab7b63f2b	4237	57	1060	762011	no	pass	Exact source bytes copied into the source-pack shard body.
AID-SRC-000256	SHARD-002	GPTs/source_pack/source_pack_shard_002.md	BLOCK-000142	17	1	45	7c9bce0c2c94693fb1ff04afcfc6e62a10c0744f08f2a398d8cba855f05db60b	7c9bce0c2c94693fb1ff04afcfc6e62a10c0744f08f2a398d8cba855f05db60b	2194	45	549	762011	no	pass	Exact source bytes copied into the source-pack shard body.
AID-SRC-000262	SHARD-002	GPTs/source_pack/source_pack_shard_002.md	BLOCK-000143	18	1	194	dc96fbdfe3709d0c8c1ea3f83957956b394dcc4f7381fc67e27df6945b7f9559	dc96fbdfe3709d0c8c1ea3f83957956b394dcc4f7381fc67e27df6945b7f9559	15953	194	3987	762011	no	pass	Exact source bytes copied into the source-pack shard body.
AID-SRC-000276	SHARD-002	GPTs/source_pack/source_pack_shard_002.md	BLOCK-000144	19	1	153	68a473aaaf5af3d90948c9877563f08ec6b489803a7742db7eb2d4f754f51b4b	68a473aaaf5af3d90948c9877563f08ec6b489803a7742db7eb2d4f754f51b4b	9563	153	2391	762011	no	pass	Exact source bytes copied into the source-pack shard body.
AID-SRC-000277	SHARD-002	GPTs/source_pack/source_pack_shard_002.md	BLOCK-000145	20	1	158	860f0b468584152fd1b4919f45d78e3692e2fc956cf68d560cf819403de9ab10	860f0b468584152fd1b4919f45d78e3692e2fc956cf68d560cf819403de9ab10	10544	158	2635	762011	no	pass	Exact source bytes copied into the source-pack shard body.
AID-SRC-000278	SHARD-002	GPTs/source_pack/source_pack_shard_002.md	BLOCK-000146	21	1	49	322b70bbfca94bd9e7e9e8c88d00be5e3e022809b3bbf8291fe74905f78ea2b1	322b70bbfca94bd9e7e9e8c88d00be5e3e022809b3bbf8291fe74905f78ea2b1	2186	49	547	762011	no	pass	Exact source bytes copied into the source-pack shard body.
AID-SRC-000279	SHARD-002	GPTs/source_pack/source_pack_shard_002.md	BLOCK-000147	22	1	60	c44d7a455cac3ba2c4401e5ac70b130b6b1357779bd935f918275709860aa88f	c44d7a455cac3ba2c4401e5ac70b130b6b1357779bd935f918275709860aa88f	2507	60	627	762011	no	pass	Exact source bytes copied into the source-pack shard body.
AID-SRC-000280	SHARD-002	GPTs/source_pack/source_pack_shard_002.md	BLOCK-000148	23	1	53	c1c3450c46a955c4d9083f3c259e78ac6d7cda571e8df562a22a92d54e352818	c1c3450c46a955c4d9083f3c259e78ac6d7cda571e8df562a22a92d54e352818	4247	53	1062	762011	no	pass	Exact source bytes copied into the source-pack shard body.
AID-SRC-000281	SHARD-002	GPTs/source_pack/source_pack_shard_002.md	BLOCK-000149	24	1	70	0ab8d5f81a0ce3480f6d04dfecfbea28fb039970b5759aa5246b33bb9e33a9e8	0ab8d5f81a0ce3480f6d04dfecfbea28fb039970b5759aa5246b33bb9e33a9e8	5204	70	1301	762011	no	pass	Exact source bytes copied into the source-pack shard body.
AID-SRC-000282	SHARD-002	GPTs/source_pack/source_pack_shard_002.md	BLOCK-000150	25	1	103	6aea11c0010ea4a949021e9e7e388518b5e956bb5d7063a32e783a3b4619eeef	6aea11c0010ea4a949021e9e7e388518b5e956bb5d7063a32e783a3b4619eeef	6911	103	1728	762011	no	pass	Exact source bytes copied into the source-pack shard body.
AID-SRC-000283	SHARD-002	GPTs/source_pack/source_pack_shard_002.md	BLOCK-000151	26	1	55	9a058d2f95a1933a5efe4ff83282776357365f993243608d498fae2d0d1f5d03	9a058d2f95a1933a5efe4ff83282776357365f993243608d498fae2d0d1f5d03	3337	55	835	762011	no	pass	Exact source bytes copied into the source-pack shard body.
AID-SRC-000284	SHARD-002	GPTs/source_pack/source_pack_shard_002.md	BLOCK-000152	27	1	50	7f6b6de9e9f7b0cb1d3332f11fc02d7d8bdfaf703b50249dd0a8cca5f9a305d8	7f6b6de9e9f7b0cb1d3332f11fc02d7d8bdfaf703b50249dd0a8cca5f9a305d8	2756	50	689	762011	no	pass	Exact source bytes copied into the source-pack shard body.
AID-SRC-000285	SHARD-002	GPTs/source_pack/source_pack_shard_002.md	BLOCK-000153	28	1	53	6860689ac829feadd94e21baf1476fae74b4c8f000679bcd8eff24b6cb443c2d	6860689ac829feadd94e21baf1476fae74b4c8f000679bcd8eff24b6cb443c2d	3463	53	866	762011	no	pass	Exact source bytes copied into the source-pack shard body.
AID-SRC-000286	SHARD-002	GPTs/source_pack/source_pack_shard_002.md	BLOCK-000154	29	1	85	ff59926b6f3b7b0e4214a35425c9ce40d85541fbeb31ae7cb6cb554f3e30bb62	ff59926b6f3b7b0e4214a35425c9ce40d85541fbeb31ae7cb6cb554f3e30bb62	4408	85	1102	762011	no	pass	Exact source bytes copied into the source-pack shard body.
AID-SRC-000287	SHARD-002	GPTs/source_pack/source_pack_shard_002.md	BLOCK-000155	30	1	825	4b38552cccd5596fb80e1a1e51da5aadf156c0d9f25508aeee09fe0116dc0592	4b38552cccd5596fb80e1a1e51da5aadf156c0d9f25508aeee09fe0116dc0592	33849	825	8463	762011	no	pass	Exact source bytes copied into the source-pack shard body.
AID-SRC-000288	SHARD-002	GPTs/source_pack/source_pack_shard_002.md	BLOCK-000156	31	1	229	72bceca0359c78739557a668d1792264371e5539986bc32455c9bc0f2e19c0b3	72bceca0359c78739557a668d1792264371e5539986bc32455c9bc0f2e19c0b3	8714	229	2179	762011	no	pass	Exact source bytes copied into the source-pack shard body.
AID-SRC-000289	SHARD-002	GPTs/source_pack/source_pack_shard_002.md	BLOCK-000157	32	1	168	5447e083ef0f46f74dcd2ada5e0c09c23507dd0d39d376984ca5acf45c60e693	5447e083ef0f46f74dcd2ada5e0c09c23507dd0d39d376984ca5acf45c60e693	6040	168	1510	762011	no	pass	Exact source bytes copied into the source-pack shard body.
AID-SRC-000290	SHARD-002	GPTs/source_pack/source_pack_shard_002.md	BLOCK-000158	33	1	165	626c1f7b5f6492a35b07375fa18149448dbbfd7a12e775969ee2fd83295eb0a6	626c1f7b5f6492a35b07375fa18149448dbbfd7a12e775969ee2fd83295eb0a6	7590	165	1898	762011	no	pass	Exact source bytes copied into the source-pack shard body.
AID-SRC-000291	SHARD-002	GPTs/source_pack/source_pack_shard_002.md	BLOCK-000159	34	1	240	11821ad9a905e57f2220a99668efa6ddbf8335c065002a3d22dbc9518d437bda	11821ad9a905e57f2220a99668efa6ddbf8335c065002a3d22dbc9518d437bda	10501	240	2626	762011	no	pass	Exact source bytes copied into the source-pack shard body.
AID-SRC-000292	SHARD-002	GPTs/source_pack/source_pack_shard_002.md	BLOCK-000160	35	1	69	c1b6425507b3e620885ad742834155ce8e54df4c8124f2166eb76c1afe464ed3	c1b6425507b3e620885ad742834155ce8e54df4c8124f2166eb76c1afe464ed3	2127	69	532	762011	no	pass	Exact source bytes copied into the source-pack shard body.
AID-SRC-000293	SHARD-002	GPTs/source_pack/source_pack_shard_002.md	BLOCK-000161	36	1	81	cc41d8474c14d1286cf26d2af50267163f5ed74bc9569b0b5d20f4a40074d06e	cc41d8474c14d1286cf26d2af50267163f5ed74bc9569b0b5d20f4a40074d06e	4347	81	1087	762011	no	pass	Exact source bytes copied into the source-pack shard body.
AID-SRC-000294	SHARD-002	GPTs/source_pack/source_pack_shard_002.md	BLOCK-000162	37	1	52	726bd807b4f40b289dfa2914b32b6ac3669cb75a010252de490aa147ade115ab	726bd807b4f40b289dfa2914b32b6ac3669cb75a010252de490aa147ade115ab	2152	52	538	762011	no	pass	Exact source bytes copied into the source-pack shard body.
AID-SRC-000295	SHARD-002	GPTs/source_pack/source_pack_shard_002.md	BLOCK-000163	38	1	87	1c77f80bd18d60bee1bf72fe2ebeb4fa628a90151945d03a69e8b402fc17c017	1c77f80bd18d60bee1bf72fe2ebeb4fa628a90151945d03a69e8b402fc17c017	3805	87	952	762011	no	pass	Exact source bytes copied into the source-pack shard body.
AID-SRC-000296	SHARD-002	GPTs/source_pack/source_pack_shard_002.md	BLOCK-000164	39	1	51	63f449f87ede44c4546d23aa6dc3616a259aab3714714a8e0678e66c3b3db582	63f449f87ede44c4546d23aa6dc3616a259aab3714714a8e0678e66c3b3db582	3139	51	775	762011	no	pass	Exact source bytes copied into the source-pack shard body.
AID-SRC-000297	SHARD-002	GPTs/source_pack/source_pack_shard_002.md	BLOCK-000165	40	1	684	0e7436b0971e5a831da81f88355019ec0f35470634cfbc59ec2265045c479051	0e7436b0971e5a831da81f88355019ec0f35470634cfbc59ec2265045c479051	32886	684	8222	762011	no	pass	Exact source bytes copied into the source-pack shard body.
AID-SRC-000298	SHARD-002	GPTs/source_pack/source_pack_shard_002.md	BLOCK-000166	41	1	33	f4444ee068bbbf91c3004006a4359500425ef29efdab6eac857adf9406cd83a3	f4444ee068bbbf91c3004006a4359500425ef29efdab6eac857adf9406cd83a3	1234	33	309	762011	no	pass	Exact source bytes copied into the source-pack shard body.
AID-SRC-000299	SHARD-002	GPTs/source_pack/source_pack_shard_002.md	BLOCK-000167	42	1	29	889b505d02e2c7e058d58041797d0fa5895ae72738510e638f476611c49cca54	889b505d02e2c7e058d58041797d0fa5895ae72738510e638f476611c49cca54	1950	29	488	762011	no	pass	Exact source bytes copied into the source-pack shard body.
AID-SRC-000300	SHARD-002	GPTs/source_pack/source_pack_shard_002.md	BLOCK-000168	43	1	57	da3da783ab984d70523d31a48085cd399bd1184e36faf3ec628c19189668f18a	da3da783ab984d70523d31a48085cd399bd1184e36faf3ec628c19189668f18a	3189	57	797	762011	no	pass	Exact source bytes copied into the source-pack shard body.
AID-SRC-000080	SHARD-002	GPTs/source_pack/source_pack_shard_002.md	BLOCK-000169	44	1	55	d90cb362d5367f2f4589883fbc566031d33077117c9cb3789fbde6117da8751b	d90cb362d5367f2f4589883fbc566031d33077117c9cb3789fbde6117da8751b	1841	55	461	762011	no	pass	Exact source bytes copied into the source-pack shard body.
AID-SRC-000081	SHARD-002	GPTs/source_pack/source_pack_shard_002.md	BLOCK-000170	45	1	119	dab77ef8efc698156a1605e25ebf62a89fbcfe79c59f80b314beb32136b2052a	dab77ef8efc698156a1605e25ebf62a89fbcfe79c59f80b314beb32136b2052a	4434	119	1109	762011	no	pass	Exact source bytes copied into the source-pack shard body.
AID-SRC-000082	SHARD-002	GPTs/source_pack/source_pack_shard_002.md	BLOCK-000171	46	1	112	44a384a5207bc6041d1b13e39cf4826782631c998483e188e1125d5113cebd0c	44a384a5207bc6041d1b13e39cf4826782631c998483e188e1125d5113cebd0c	5522	112	1381	762011	no	pass	Exact source bytes copied into the source-pack shard body.
AID-SRC-000083	SHARD-002	GPTs/source_pack/source_pack_shard_002.md	BLOCK-000172	47	1	66	458d23619feb5e32f2ad0ff0017d90380ef441f910be47ec72b304ae38d3eed7	458d23619feb5e32f2ad0ff0017d90380ef441f910be47ec72b304ae38d3eed7	1951	66	488	762011	no	pass	Exact source bytes copied into the source-pack shard body.
AID-SRC-000084	SHARD-002	GPTs/source_pack/source_pack_shard_002.md	BLOCK-000173	48	1	123	b04143687eb1038f1b8ac5aa721cf21f6b6be0c35db96d439a54ce7a904273b3	b04143687eb1038f1b8ac5aa721cf21f6b6be0c35db96d439a54ce7a904273b3	6223	123	1556	762011	no	pass	Exact source bytes copied into the source-pack shard body.
AID-SRC-000085	SHARD-002	GPTs/source_pack/source_pack_shard_002.md	BLOCK-000174	49	1	159	9e02a18eda597e75804ec8b2bda3e30d0fc8b3550c2bf36dc7807c1d88e5d14e	9e02a18eda597e75804ec8b2bda3e30d0fc8b3550c2bf36dc7807c1d88e5d14e	4470	159	1118	762011	no	pass	Exact source bytes copied into the source-pack shard body.
AID-SRC-000086	SHARD-002	GPTs/source_pack/source_pack_shard_002.md	BLOCK-000175	50	1	145	8281f1c608416e8224cdb91373b7ed36e8bcf20aa3782d65cf7e15a3f612b6cd	8281f1c608416e8224cdb91373b7ed36e8bcf20aa3782d65cf7e15a3f612b6cd	9733	145	2434	762011	no	pass	Exact source bytes copied into the source-pack shard body.
AID-SRC-000087	SHARD-002	GPTs/source_pack/source_pack_shard_002.md	BLOCK-000176	51	1	198	33c1d07db036c3d2d2298f75b42a88de69c913d74b583a22ae175230760c63e9	33c1d07db036c3d2d2298f75b42a88de69c913d74b583a22ae175230760c63e9	9938	198	2485	762011	no	pass	Exact source bytes copied into the source-pack shard body.
AID-SRC-000088	SHARD-002	GPTs/source_pack/source_pack_shard_002.md	BLOCK-000177	52	1	273	1e868591fc775c19461b673063dbe269c1893a7f0a4ca2837e3e2f570fe25848	1e868591fc775c19461b673063dbe269c1893a7f0a4ca2837e3e2f570fe25848	10539	273	2635	762011	no	pass	Exact source bytes copied into the source-pack shard body.
AID-SRC-000089	SHARD-002	GPTs/source_pack/source_pack_shard_002.md	BLOCK-000178	53	1	88	5c349126ec131d30b8d1d09abd621adfae45c3fcc125d249003bfa16f30da189	5c349126ec131d30b8d1d09abd621adfae45c3fcc125d249003bfa16f30da189	4419	88	1105	762011	no	pass	Exact source bytes copied into the source-pack shard body.
AID-SRC-000090	SHARD-002	GPTs/source_pack/source_pack_shard_002.md	BLOCK-000179	54	1	82	57175f986cfaae1abe94aeaf06714cbd6050fdd768d2760cd442591a6d26cde1	57175f986cfaae1abe94aeaf06714cbd6050fdd768d2760cd442591a6d26cde1	2207	82	552	762011	no	pass	Exact source bytes copied into the source-pack shard body.
AID-SRC-000091	SHARD-002	GPTs/source_pack/source_pack_shard_002.md	BLOCK-000180	55	1	102	37ca210e3f9a7cfc7e0e79f1619cd9dcadc5b41dd5a5b3fb9477726c9163657a	37ca210e3f9a7cfc7e0e79f1619cd9dcadc5b41dd5a5b3fb9477726c9163657a	3121	102	781	762011	no	pass	Exact source bytes copied into the source-pack shard body.
AID-SRC-000092	SHARD-002	GPTs/source_pack/source_pack_shard_002.md	BLOCK-000181	56	1	104	4f9f6a6bf484abd472198b7d77c08bd8da066da4c9f819788bed21756e681658	4f9f6a6bf484abd472198b7d77c08bd8da066da4c9f819788bed21756e681658	3089	104	773	762011	no	pass	Exact source bytes copied into the source-pack shard body.
AID-SRC-000093	SHARD-002	GPTs/source_pack/source_pack_shard_002.md	BLOCK-000182	57	1	189	8c49dc3df4c67d3492c4ea5bc8697b3622e2a951943b58900fc172f6d82470d9	8c49dc3df4c67d3492c4ea5bc8697b3622e2a951943b58900fc172f6d82470d9	9251	189	2313	762011	no	pass	Exact source bytes copied into the source-pack shard body.
AID-SRC-000094	SHARD-002	GPTs/source_pack/source_pack_shard_002.md	BLOCK-000183	58	1	292	7cba2767b232054be2cc98414566f49ea28b6d4773a0f7351da33142803d3ef3	7cba2767b232054be2cc98414566f49ea28b6d4773a0f7351da33142803d3ef3	10610	292	2653	762011	no	pass	Exact source bytes copied into the source-pack shard body.
AID-SRC-000095	SHARD-002	GPTs/source_pack/source_pack_shard_002.md	BLOCK-000184	59	1	272	65e3c191412b9c59ace1a2c0a1ab634109f40d354d888bfbcbf1a300eebfe807	65e3c191412b9c59ace1a2c0a1ab634109f40d354d888bfbcbf1a300eebfe807	12830	272	3208	762011	no	pass	Exact source bytes copied into the source-pack shard body.
AID-SRC-000096	SHARD-002	GPTs/source_pack/source_pack_shard_002.md	BLOCK-000185	60	1	162	d1a3537f6f58cc22ef12a2c27ddc2c0a0c68941f3b5cf6bff32f5935cc083c52	d1a3537f6f58cc22ef12a2c27ddc2c0a0c68941f3b5cf6bff32f5935cc083c52	7343	162	1835	762011	no	pass	Exact source bytes copied into the source-pack shard body.
AID-SRC-000097	SHARD-002	GPTs/source_pack/source_pack_shard_002.md	BLOCK-000186	61	1	321	0db6bf55bbcb2ca38180831cb5e88bfb1d2fc8ae53a93697a13bc3300c592928	0db6bf55bbcb2ca38180831cb5e88bfb1d2fc8ae53a93697a13bc3300c592928	11183	321	2796	762011	no	pass	Exact source bytes copied into the source-pack shard body.
AID-SRC-000098	SHARD-002	GPTs/source_pack/source_pack_shard_002.md	BLOCK-000187	62	1	113	3780e6e064699efa4f601db8c00d9a6da3f08ff1b96e325b1f4f6cc11c76a7e1	3780e6e064699efa4f601db8c00d9a6da3f08ff1b96e325b1f4f6cc11c76a7e1	4761	113	1191	762011	no	pass	Exact source bytes copied into the source-pack shard body.
AID-SRC-000099	SHARD-002	GPTs/source_pack/source_pack_shard_002.md	BLOCK-000188	63	1	132	dd1266d223bc851363e1722797a3a9589aaf156c405315b3ae2a2740afec94bd	dd1266d223bc851363e1722797a3a9589aaf156c405315b3ae2a2740afec94bd	5879	132	1470	762011	no	pass	Exact source bytes copied into the source-pack shard body.
AID-SRC-000100	SHARD-002	GPTs/source_pack/source_pack_shard_002.md	BLOCK-000189	64	1	19	6768c8af36d2473c6d6d2d9b558a59b6e25a00c04bcdc08667f31257002fcf05	6768c8af36d2473c6d6d2d9b558a59b6e25a00c04bcdc08667f31257002fcf05	973	19	244	762011	no	pass	Exact source bytes copied into the source-pack shard body.
AID-SRC-000101	SHARD-002	GPTs/source_pack/source_pack_shard_002.md	BLOCK-000190	65	1	87	6e067fec121f4cbe903e51db14483a3022e7b10bce000ce703242b0fc3ff7ef6	6e067fec121f4cbe903e51db14483a3022e7b10bce000ce703242b0fc3ff7ef6	4765	87	1192	762011	no	pass	Exact source bytes copied into the source-pack shard body.
AID-SRC-000102	SHARD-002	GPTs/source_pack/source_pack_shard_002.md	BLOCK-000191	66	1	171	df400d0bc984917f4bd617ccf22cb8d7bc9de44be6adf95dc3e6d2a4cf92733d	df400d0bc984917f4bd617ccf22cb8d7bc9de44be6adf95dc3e6d2a4cf92733d	8158	171	2040	762011	no	pass	Exact source bytes copied into the source-pack shard body.
AID-SRC-000103	SHARD-002	GPTs/source_pack/source_pack_shard_002.md	BLOCK-000192	67	1	67	4162dd879237b50d862901ca9cfb404fef34819269593604178645c0588c2c46	4162dd879237b50d862901ca9cfb404fef34819269593604178645c0588c2c46	2767	67	692	762011	no	pass	Exact source bytes copied into the source-pack shard body.
AID-SRC-000104	SHARD-002	GPTs/source_pack/source_pack_shard_002.md	BLOCK-000193	68	1	295	6640eb8c571972f1a52c36d8e8fd8f21978cfd6a37cfd2fd39cda39fe440a066	6640eb8c571972f1a52c36d8e8fd8f21978cfd6a37cfd2fd39cda39fe440a066	9784	295	2446	762011	no	pass	Exact source bytes copied into the source-pack shard body.
AID-SRC-000105	SHARD-002	GPTs/source_pack/source_pack_shard_002.md	BLOCK-000194	69	1	292	1cb6ca72c51cae9d9e49d3cc77f0097f544236d59a30c812cebade6b6db7355f	1cb6ca72c51cae9d9e49d3cc77f0097f544236d59a30c812cebade6b6db7355f	17790	292	4448	762011	no	pass	Exact source bytes copied into the source-pack shard body.
AID-SRC-000106	SHARD-002	GPTs/source_pack/source_pack_shard_002.md	BLOCK-000195	70	1	73	f5687341526b5f99ea95bc55e2f54bebd466715123a908cbcddfc6e2b6ff3d3e	f5687341526b5f99ea95bc55e2f54bebd466715123a908cbcddfc6e2b6ff3d3e	3487	73	872	762011	no	pass	Exact source bytes copied into the source-pack shard body.
AID-SRC-000107	SHARD-002	GPTs/source_pack/source_pack_shard_002.md	BLOCK-000196	71	1	117	387bbc680cb71b8bb3ab6a37758c70eadea3dc40f9d9205d876d482744a9d71d	387bbc680cb71b8bb3ab6a37758c70eadea3dc40f9d9205d876d482744a9d71d	4679	117	1170	762011	no	pass	Exact source bytes copied into the source-pack shard body.
AID-SRC-000108	SHARD-002	GPTs/source_pack/source_pack_shard_002.md	BLOCK-000197	72	1	63	b3ff414dd8d9abacfaa613c8a5e737ef5e27315fce8ea581fb438f5caf77f3bd	b3ff414dd8d9abacfaa613c8a5e737ef5e27315fce8ea581fb438f5caf77f3bd	1848	63	462	762011	no	pass	Exact source bytes copied into the source-pack shard body.
AID-SRC-000134	SHARD-002	GPTs/source_pack/source_pack_shard_002.md	BLOCK-000198	73	1	41	edb1b3449a90e4ad748311afb0d19d130e65588129b7b56025f3fe2416f6de90	edb1b3449a90e4ad748311afb0d19d130e65588129b7b56025f3fe2416f6de90	2138	41	535	762011	no	pass	Exact source bytes copied into the source-pack shard body.
AID-SRC-000135	SHARD-002	GPTs/source_pack/source_pack_shard_002.md	BLOCK-000199	74	1	45	0a265060a9cd9c6948a3aaf4c0f1be83884f31b116a8ebc03a4346ac5f00ad6a	0a265060a9cd9c6948a3aaf4c0f1be83884f31b116a8ebc03a4346ac5f00ad6a	2107	45	527	762011	no	pass	Exact source bytes copied into the source-pack shard body.
AID-SRC-000136	SHARD-002	GPTs/source_pack/source_pack_shard_002.md	BLOCK-000200	75	1	138	bdee2e9d655ad7bf9a41ac9a0eaaf0f93b49d8d50f587d8cf76323c202dabd4a	bdee2e9d655ad7bf9a41ac9a0eaaf0f93b49d8d50f587d8cf76323c202dabd4a	4465	138	1116	762011	no	pass	Exact source bytes copied into the source-pack shard body.
AID-SRC-000137	SHARD-002	GPTs/source_pack/source_pack_shard_002.md	BLOCK-000201	76	1	81	1d149111b93bc8525e9205e6ac634811df2180d9329ed0d28c80ca53c7507d3e	1d149111b93bc8525e9205e6ac634811df2180d9329ed0d28c80ca53c7507d3e	3011	81	753	762011	no	pass	Exact source bytes copied into the source-pack shard body.
AID-SRC-000138	SHARD-002	GPTs/source_pack/source_pack_shard_002.md	BLOCK-000202	77	1	327	1ee237b8a57a57338f3ec8093aea2d8880bf560e2fe7bff4a203e021f1ad2c60	1ee237b8a57a57338f3ec8093aea2d8880bf560e2fe7bff4a203e021f1ad2c60	11779	327	2945	762011	no	pass	Exact source bytes copied into the source-pack shard body.
AID-SRC-000139	SHARD-002	GPTs/source_pack/source_pack_shard_002.md	BLOCK-000203	78	1	101	0806dfbe1c6a37c2a7fb2d9ffc42cc61b379e17ff65797288f7c71a1feb0585a	0806dfbe1c6a37c2a7fb2d9ffc42cc61b379e17ff65797288f7c71a1feb0585a	5800	101	1450	762011	no	pass	Exact source bytes copied into the source-pack shard body.
AID-SRC-000140	SHARD-002	GPTs/source_pack/source_pack_shard_002.md	BLOCK-000204	79	1	163	4e3864aef9057be8d1042e33329336afef9f1e4535767f38856cb419407b863a	4e3864aef9057be8d1042e33329336afef9f1e4535767f38856cb419407b863a	5757	163	1440	762011	no	pass	Exact source bytes copied into the source-pack shard body.
AID-SRC-000141	SHARD-002	GPTs/source_pack/source_pack_shard_002.md	BLOCK-000205	80	1	64	83d81243716cc46e92a8430021924a2a0e0f8f0d13bb45e1e0ff74fa2ff55747	83d81243716cc46e92a8430021924a2a0e0f8f0d13bb45e1e0ff74fa2ff55747	2871	64	718	762011	no	pass	Exact source bytes copied into the source-pack shard body.
AID-SRC-000142	SHARD-002	GPTs/source_pack/source_pack_shard_002.md	BLOCK-000206	81	1	139	7c7f9c33a06a117885957b645d66ee598b24d5924fd860892adb096099e1a812	7c7f9c33a06a117885957b645d66ee598b24d5924fd860892adb096099e1a812	9649	139	2413	762011	no	pass	Exact source bytes copied into the source-pack shard body.
AID-SRC-000143	SHARD-002	GPTs/source_pack/source_pack_shard_002.md	BLOCK-000207	82	1	43	f79f77c44b1190be933e227164f71457cac19e5b11ccc48693ee3dcbe3eb5287	f79f77c44b1190be933e227164f71457cac19e5b11ccc48693ee3dcbe3eb5287	1397	43	350	762011	no	pass	Exact source bytes copied into the source-pack shard body.
AID-SRC-000144	SHARD-002	GPTs/source_pack/source_pack_shard_002.md	BLOCK-000208	83	1	55	63c601b0eb0e6312564be5d84f3e699eab78f8579a4aa2669037cfe1893e821d	63c601b0eb0e6312564be5d84f3e699eab78f8579a4aa2669037cfe1893e821d	1441	55	361	762011	no	pass	Exact source bytes copied into the source-pack shard body.
AID-SRC-000145	SHARD-002	GPTs/source_pack/source_pack_shard_002.md	BLOCK-000209	84	1	41	eedfd6b8ef8a755175c7c1fbc5e46b908258856727cd69a7669bee88c93c0411	eedfd6b8ef8a755175c7c1fbc5e46b908258856727cd69a7669bee88c93c0411	951	41	238	762011	no	pass	Exact source bytes copied into the source-pack shard body.
AID-SRC-000146	SHARD-002	GPTs/source_pack/source_pack_shard_002.md	BLOCK-000210	85	1	66	0c68a5d06f74c68c528fcc2aad55001220260d3762340bff328317e04ce8b511	0c68a5d06f74c68c528fcc2aad55001220260d3762340bff328317e04ce8b511	2268	66	567	762011	no	pass	Exact source bytes copied into the source-pack shard body.
AID-SRC-000147	SHARD-002	GPTs/source_pack/source_pack_shard_002.md	BLOCK-000211	86	1	43	aae99a4205224549b5a45cea780dfcd9fb555d0ba86a26d72807768f97e1665c	aae99a4205224549b5a45cea780dfcd9fb555d0ba86a26d72807768f97e1665c	1170	43	293	762011	no	pass	Exact source bytes copied into the source-pack shard body.
AID-SRC-000148	SHARD-002	GPTs/source_pack/source_pack_shard_002.md	BLOCK-000212	87	1	41	57ddd5246d23ef80dc0b3efb7a2c2658a038b332de9e978905ab7a94fbe7efda	57ddd5246d23ef80dc0b3efb7a2c2658a038b332de9e978905ab7a94fbe7efda	992	41	248	762011	no	pass	Exact source bytes copied into the source-pack shard body.
AID-SRC-000149	SHARD-002	GPTs/source_pack/source_pack_shard_002.md	BLOCK-000213	88	1	59	4bc4e74e60c2cb916b2d118861b6ef38e848693a2f8a7433ec853f580b502ec7	4bc4e74e60c2cb916b2d118861b6ef38e848693a2f8a7433ec853f580b502ec7	2445	59	612	762011	no	pass	Exact source bytes copied into the source-pack shard body.
AID-SRC-000150	SHARD-002	GPTs/source_pack/source_pack_shard_002.md	BLOCK-000214	89	1	41	9e693a2671bf6f1915a3a67d9c92250ee53b94020f7151fb0c3fa9b2540b1c3c	9e693a2671bf6f1915a3a67d9c92250ee53b94020f7151fb0c3fa9b2540b1c3c	1151	41	288	762011	no	pass	Exact source bytes copied into the source-pack shard body.
AID-SRC-000151	SHARD-002	GPTs/source_pack/source_pack_shard_002.md	BLOCK-000215	90	1	41	b41ee6b3a59f35a76fc5b6b5f47400fb010fe619cb5752cd2099b0521951b5fb	b41ee6b3a59f35a76fc5b6b5f47400fb010fe619cb5752cd2099b0521951b5fb	971	41	243	762011	no	pass	Exact source bytes copied into the source-pack shard body.
AID-SRC-000152	SHARD-002	GPTs/source_pack/source_pack_shard_002.md	BLOCK-000216	91	1	127	6a9bfd9091fa69e19c8a9aad100634ecaeaad68335257d8e7e904fca1d878a58	6a9bfd9091fa69e19c8a9aad100634ecaeaad68335257d8e7e904fca1d878a58	4635	127	1159	762011	no	pass	Exact source bytes copied into the source-pack shard body.
AID-SRC-000153	SHARD-002	GPTs/source_pack/source_pack_shard_002.md	BLOCK-000217	92	1	45	276896ad94e05891c101bb5a6d69fcf86d56ecaa16f7f58ea2c41a64c16933c2	276896ad94e05891c101bb5a6d69fcf86d56ecaa16f7f58ea2c41a64c16933c2	1289	45	323	762011	no	pass	Exact source bytes copied into the source-pack shard body.
AID-SRC-000154	SHARD-002	GPTs/source_pack/source_pack_shard_002.md	BLOCK-000218	93	1	41	52cb564d4bd4c3325778edc6137c227384fac4faa7e26ef48e996ee60af9e3b5	52cb564d4bd4c3325778edc6137c227384fac4faa7e26ef48e996ee60af9e3b5	945	41	237	762011	no	pass	Exact source bytes copied into the source-pack shard body.
AID-SRC-000155	SHARD-002	GPTs/source_pack/source_pack_shard_002.md	BLOCK-000219	94	1	46	5a216196abcc548c1e14831dda68f6a9fe952c9379c0088f41385fa3c57a2feb	5a216196abcc548c1e14831dda68f6a9fe952c9379c0088f41385fa3c57a2feb	1392	46	348	762011	no	pass	Exact source bytes copied into the source-pack shard body.
AID-SRC-000156	SHARD-002	GPTs/source_pack/source_pack_shard_002.md	BLOCK-000220	95	1	43	ab78145c6ac4196720d48d7754af53ec6a722d97972ed6f77e53d8d029ca9710	ab78145c6ac4196720d48d7754af53ec6a722d97972ed6f77e53d8d029ca9710	1165	43	292	762011	no	pass	Exact source bytes copied into the source-pack shard body.
AID-SRC-000157	SHARD-002	GPTs/source_pack/source_pack_shard_002.md	BLOCK-000221	96	1	43	2b283f0803db7a4a64b66ed6a19222f239ab8b3f1f3e357f510cfd21ba4e6ef8	2b283f0803db7a4a64b66ed6a19222f239ab8b3f1f3e357f510cfd21ba4e6ef8	1118	43	280	762011	no	pass	Exact source bytes copied into the source-pack shard body.
AID-SRC-000158	SHARD-002	GPTs/source_pack/source_pack_shard_002.md	BLOCK-000222	97	1	37	19564400c2a58cb3ebf5076e4ce8d4939dc3809909a448368ca770844cd92afd	19564400c2a58cb3ebf5076e4ce8d4939dc3809909a448368ca770844cd92afd	1014	37	254	762011	no	pass	Exact source bytes copied into the source-pack shard body.
AID-SRC-000159	SHARD-002	GPTs/source_pack/source_pack_shard_002.md	BLOCK-000223	98	1	70	c88ec2bc8ca63fa9c3bea1066983463919286232ddaada969e039986db9c20a6	c88ec2bc8ca63fa9c3bea1066983463919286232ddaada969e039986db9c20a6	2958	70	740	762011	no	pass	Exact source bytes copied into the source-pack shard body.
AID-SRC-000160	SHARD-002	GPTs/source_pack/source_pack_shard_002.md	BLOCK-000224	99	1	41	11f0d13e98bdd44075bb90002821424031ff93aaa1e6d61ca3b6d77c91c73b9e	11f0d13e98bdd44075bb90002821424031ff93aaa1e6d61ca3b6d77c91c73b9e	1170	41	293	762011	no	pass	Exact source bytes copied into the source-pack shard body.
AID-SRC-000161	SHARD-002	GPTs/source_pack/source_pack_shard_002.md	BLOCK-000225	100	1	68	98248c11bd9b8368f414bcfc392cd565f39886af1c4c3069834574b13b9e537a	98248c11bd9b8368f414bcfc392cd565f39886af1c4c3069834574b13b9e537a	1916	68	479	762011	no	pass	Exact source bytes copied into the source-pack shard body.
AID-SRC-000162	SHARD-002	GPTs/source_pack/source_pack_shard_002.md	BLOCK-000226	101	1	45	0869495d68953d19ffeaaaa4f3ca071e08221854633a9cde375e48cc068509bb	0869495d68953d19ffeaaaa4f3ca071e08221854633a9cde375e48cc068509bb	1354	45	339	762011	no	pass	Exact source bytes copied into the source-pack shard body.
AID-SRC-000163	SHARD-002	GPTs/source_pack/source_pack_shard_002.md	BLOCK-000227	102	1	43	4bf06de348ddbdfa6bbfa6ef3f0519185ca96547e7879d4edee9737d52e60766	4bf06de348ddbdfa6bbfa6ef3f0519185ca96547e7879d4edee9737d52e60766	1465	43	367	762011	no	pass	Exact source bytes copied into the source-pack shard body.
AID-SRC-000164	SHARD-002	GPTs/source_pack/source_pack_shard_002.md	BLOCK-000228	103	1	41	ddb36ce46fcf672e619435986c7f48f72865bb06070e5cbd80d7910ec80a7bb4	ddb36ce46fcf672e619435986c7f48f72865bb06070e5cbd80d7910ec80a7bb4	1085	41	272	762011	no	pass	Exact source bytes copied into the source-pack shard body.
AID-SRC-000165	SHARD-002	GPTs/source_pack/source_pack_shard_002.md	BLOCK-000229	104	1	144	ce8f661f1a760bd266e0c9585ac624145590928977421891dccabf0734553de6	ce8f661f1a760bd266e0c9585ac624145590928977421891dccabf0734553de6	3817	144	955	762011	no	pass	Exact source bytes copied into the source-pack shard body.
AID-SRC-000166	SHARD-002	GPTs/source_pack/source_pack_shard_002.md	BLOCK-000230	105	1	185	99a472a57a9c789c564cfdfb3d4dc63197072fb53d24d986615c1a14e237cc3f	99a472a57a9c789c564cfdfb3d4dc63197072fb53d24d986615c1a14e237cc3f	10291	185	2573	762011	no	pass	Exact source bytes copied into the source-pack shard body.
AID-SRC-000167	SHARD-002	GPTs/source_pack/source_pack_shard_002.md	BLOCK-000231	106	1	85	f975475b131041b148a79d1687f4199c5d51b68b2158e54731eccc15209af0bf	f975475b131041b148a79d1687f4199c5d51b68b2158e54731eccc15209af0bf	2127	85	531	762011	no	pass	Exact source bytes copied into the source-pack shard body.
AID-SRC-000168	SHARD-002	GPTs/source_pack/source_pack_shard_002.md	BLOCK-000232	107	1	58	f8caa2d4279460efa8deb74062d010f3f3a90446c3ffcc58ba389c977041c291	f8caa2d4279460efa8deb74062d010f3f3a90446c3ffcc58ba389c977041c291	1291	58	323	762011	no	pass	Exact source bytes copied into the source-pack shard body.
AID-SRC-000169	SHARD-002	GPTs/source_pack/source_pack_shard_002.md	BLOCK-000233	108	1	110	ac5343aca849b28eb687ab5d3ecf61d7a282a66147640a11963236b1eb36fc95	ac5343aca849b28eb687ab5d3ecf61d7a282a66147640a11963236b1eb36fc95	4965	110	1242	762011	no	pass	Exact source bytes copied into the source-pack shard body.
AID-SRC-000170	SHARD-002	GPTs/source_pack/source_pack_shard_002.md	BLOCK-000234	109	1	44	64a73ef62235cbd5851cb71f179f32ce1499421bfa0d4e7623d11e8cbff00619	64a73ef62235cbd5851cb71f179f32ce1499421bfa0d4e7623d11e8cbff00619	2053	44	514	762011	no	pass	Exact source bytes copied into the source-pack shard body.
AID-SRC-000171	SHARD-002	GPTs/source_pack/source_pack_shard_002.md	BLOCK-000235	110	1	49	f854fef156515c0f204250d401c459c9e3514406dab5a4da6cb54e5e6476d369	f854fef156515c0f204250d401c459c9e3514406dab5a4da6cb54e5e6476d369	2047	49	505	762011	no	pass	Exact source bytes copied into the source-pack shard body.
AID-SRC-000172	SHARD-002	GPTs/source_pack/source_pack_shard_002.md	BLOCK-000236	111	1	59	c4b3b5e8cc093c23f8250cf6ec2ae94e45d6d9de34f6f2cccb10e0334b0ce297	c4b3b5e8cc093c23f8250cf6ec2ae94e45d6d9de34f6f2cccb10e0334b0ce297	2493	59	624	762011	no	pass	Exact source bytes copied into the source-pack shard body.
AID-SRC-000173	SHARD-002	GPTs/source_pack/source_pack_shard_002.md	BLOCK-000237	112	1	47	034ec50d6ae0c3082f1f44bcecf8fd2b354c8856945336bb1de25eb627e63c21	034ec50d6ae0c3082f1f44bcecf8fd2b354c8856945336bb1de25eb627e63c21	1579	47	395	762011	no	pass	Exact source bytes copied into the source-pack shard body.
AID-SRC-000174	SHARD-002	GPTs/source_pack/source_pack_shard_002.md	BLOCK-000238	113	1	41	64f76ae750b9b86bbd3200a1b30782cee25bfd155f9f15a369af8ec50354662d	64f76ae750b9b86bbd3200a1b30782cee25bfd155f9f15a369af8ec50354662d	1370	41	343	762011	no	pass	Exact source bytes copied into the source-pack shard body.
AID-SRC-000175	SHARD-002	GPTs/source_pack/source_pack_shard_002.md	BLOCK-000239	114	1	41	3edea898c420632bc5f998c577bbefdd617016e9aecd8fa0e708a1126ac953ba	3edea898c420632bc5f998c577bbefdd617016e9aecd8fa0e708a1126ac953ba	1067	41	267	762011	no	pass	Exact source bytes copied into the source-pack shard body.
AID-SRC-000176	SHARD-002	GPTs/source_pack/source_pack_shard_002.md	BLOCK-000240	115	1	47	fadcc34ce3e83f213e109e177f4fadea9b9f8cad9b6deef987c97fc78c116ee3	fadcc34ce3e83f213e109e177f4fadea9b9f8cad9b6deef987c97fc78c116ee3	1677	47	420	762011	no	pass	Exact source bytes copied into the source-pack shard body.
AID-SRC-000177	SHARD-002	GPTs/source_pack/source_pack_shard_002.md	BLOCK-000241	116	1	45	a3ad714325767198f007d5adaf1ed5600dfbe625ad0d2d65a4489a41d59d3b37	a3ad714325767198f007d5adaf1ed5600dfbe625ad0d2d65a4489a41d59d3b37	1385	45	347	762011	no	pass	Exact source bytes copied into the source-pack shard body.
AID-SRC-000178	SHARD-002	GPTs/source_pack/source_pack_shard_002.md	BLOCK-000242	117	1	73	5c14e46857ac207314abf57b952c4643dda644fb4c6f8e1702db7d285d9ba5cf	5c14e46857ac207314abf57b952c4643dda644fb4c6f8e1702db7d285d9ba5cf	1959	73	490	762011	no	pass	Exact source bytes copied into the source-pack shard body.
AID-SRC-000179	SHARD-002	GPTs/source_pack/source_pack_shard_002.md	BLOCK-000243	118	1	41	17a475d35553a5e759273a159a82ef03a043cc833c88465ba34d1747d119dd76	17a475d35553a5e759273a159a82ef03a043cc833c88465ba34d1747d119dd76	924	41	231	762011	no	pass	Exact source bytes copied into the source-pack shard body.
AID-SRC-000180	SHARD-002	GPTs/source_pack/source_pack_shard_002.md	BLOCK-000244	119	1	61	99eec929fd9138bdc44bfc178a6e00361ee5b835f2084e64903ac52df650b37c	99eec929fd9138bdc44bfc178a6e00361ee5b835f2084e64903ac52df650b37c	1737	61	435	762011	no	pass	Exact source bytes copied into the source-pack shard body.
AID-SRC-000181	SHARD-002	GPTs/source_pack/source_pack_shard_002.md	BLOCK-000245	120	1	47	081a791ec1c462be3e70c29c9478b44c317d5eb3c0e687b62feb5d5778c11cd8	081a791ec1c462be3e70c29c9478b44c317d5eb3c0e687b62feb5d5778c11cd8	1688	47	422	762011	no	pass	Exact source bytes copied into the source-pack shard body.
AID-SRC-000182	SHARD-002	GPTs/source_pack/source_pack_shard_002.md	BLOCK-000246	121	1	41	940ae67bcf87a891dd8cabe944d29175306ba2060d9f1b8fe367358a5cd153d2	940ae67bcf87a891dd8cabe944d29175306ba2060d9f1b8fe367358a5cd153d2	1278	41	320	762011	no	pass	Exact source bytes copied into the source-pack shard body.
AID-SRC-000183	SHARD-002	GPTs/source_pack/source_pack_shard_002.md	BLOCK-000247	122	1	51	d1e0de17ef0f2c1202c94a5c916e9aa6140eaea89e02813fbf361a29a750c12d	d1e0de17ef0f2c1202c94a5c916e9aa6140eaea89e02813fbf361a29a750c12d	1424	51	356	762011	no	pass	Exact source bytes copied into the source-pack shard body.
AID-SRC-000184	SHARD-002	GPTs/source_pack/source_pack_shard_002.md	BLOCK-000248	123	1	82	914c5e83b230575334d20f97916d0a0f06c77d7887d868f5795cbb38acd3b901	914c5e83b230575334d20f97916d0a0f06c77d7887d868f5795cbb38acd3b901	2950	82	735	762011	no	pass	Exact source bytes copied into the source-pack shard body.
AID-SRC-000185	SHARD-002	GPTs/source_pack/source_pack_shard_002.md	BLOCK-000249	124	1	45	f2997f0b7e4e5ceef4646a5286fbadd7985778c2dec432e1b343b19257887630	f2997f0b7e4e5ceef4646a5286fbadd7985778c2dec432e1b343b19257887630	1350	45	338	762011	no	pass	Exact source bytes copied into the source-pack shard body.
AID-SRC-000186	SHARD-002	GPTs/source_pack/source_pack_shard_002.md	BLOCK-000250	125	1	45	6705a77a37be1d0878415c93082e59197f0a270b42973c21580474386644df45	6705a77a37be1d0878415c93082e59197f0a270b42973c21580474386644df45	1301	45	326	762011	no	pass	Exact source bytes copied into the source-pack shard body.
AID-SRC-000187	SHARD-002	GPTs/source_pack/source_pack_shard_002.md	BLOCK-000251	126	1	41	2d5a164f1c8d30944dfd474404be7c7a5b9ec2a0f13f9078a050f39126e424be	2d5a164f1c8d30944dfd474404be7c7a5b9ec2a0f13f9078a050f39126e424be	1393	41	349	762011	no	pass	Exact source bytes copied into the source-pack shard body.
AID-SRC-000188	SHARD-002	GPTs/source_pack/source_pack_shard_002.md	BLOCK-000252	127	1	116	0824da73fb79598887b04e5ebf6e53891ce4b9e051d0bd380cd85f7c209260b9	0824da73fb79598887b04e5ebf6e53891ce4b9e051d0bd380cd85f7c209260b9	3279	116	819	762011	no	pass	Exact source bytes copied into the source-pack shard body.
AID-SRC-000189	SHARD-002	GPTs/source_pack/source_pack_shard_002.md	BLOCK-000253	128	1	48	610853912539ae9de98e7c107c2d1049e76a597f691775e0dddfff4e581d01da	610853912539ae9de98e7c107c2d1049e76a597f691775e0dddfff4e581d01da	1696	48	424	762011	no	pass	Exact source bytes copied into the source-pack shard body.
AID-SRC-000190	SHARD-002	GPTs/source_pack/source_pack_shard_002.md	BLOCK-000254	129	1	41	5ad894b8f18b47a19db0880318fb10f2b1efdb6ba68b14514b09354ce598483e	5ad894b8f18b47a19db0880318fb10f2b1efdb6ba68b14514b09354ce598483e	1483	41	371	762011	no	pass	Exact source bytes copied into the source-pack shard body.
AID-SRC-000191	SHARD-002	GPTs/source_pack/source_pack_shard_002.md	BLOCK-000255	130	1	188	b5d682ecb254357a68d27ce2973d2f49f848273597d35676827c820a72d17898	b5d682ecb254357a68d27ce2973d2f49f848273597d35676827c820a72d17898	9346	188	2336	762011	no	pass	Exact source bytes copied into the source-pack shard body.
AID-SRC-000192	SHARD-002	GPTs/source_pack/source_pack_shard_002.md	BLOCK-000256	131	1	82	da708761eb68ff4702c348005f33a0a3e6ba524eb3390971bf6d14a8dd5b2388	da708761eb68ff4702c348005f33a0a3e6ba524eb3390971bf6d14a8dd5b2388	3232	82	805	762011	no	pass	Exact source bytes copied into the source-pack shard body.
AID-SRC-000193	SHARD-002	GPTs/source_pack/source_pack_shard_002.md	BLOCK-000257	132	1	43	452a001151334e9e7d6d51a2c35a9942c6f3924d82a9ef2a9e1d419782126cf1	452a001151334e9e7d6d51a2c35a9942c6f3924d82a9ef2a9e1d419782126cf1	1287	43	322	762011	no	pass	Exact source bytes copied into the source-pack shard body.
AID-SRC-000194	SHARD-002	GPTs/source_pack/source_pack_shard_002.md	BLOCK-000258	133	1	60	fa9f8f2a68e5a2053af629a3d096ffa5d766d32121a34a57989abd82d3914324	fa9f8f2a68e5a2053af629a3d096ffa5d766d32121a34a57989abd82d3914324	2100	60	525	762011	no	pass	Exact source bytes copied into the source-pack shard body.
AID-SRC-000195	SHARD-002	GPTs/source_pack/source_pack_shard_002.md	BLOCK-000259	134	1	47	bf837350ce8430e94aef7f4b98f35171e7f87df510cc59a3a969087847891c2f	bf837350ce8430e94aef7f4b98f35171e7f87df510cc59a3a969087847891c2f	1302	47	326	762011	no	pass	Exact source bytes copied into the source-pack shard body.
AID-SRC-000196	SHARD-002	GPTs/source_pack/source_pack_shard_002.md	BLOCK-000260	135	1	43	905a537ba5c2d3475314d413edd21f9ddaa5c0fcb75f1325fd154526b6a052de	905a537ba5c2d3475314d413edd21f9ddaa5c0fcb75f1325fd154526b6a052de	1309	43	328	762011	no	pass	Exact source bytes copied into the source-pack shard body.
AID-SRC-000197	SHARD-002	GPTs/source_pack/source_pack_shard_002.md	BLOCK-000261	136	1	68	4ca23ae95062985e3739f9632d55b3eacf4cb009113dd078617747a8d3f25753	4ca23ae95062985e3739f9632d55b3eacf4cb009113dd078617747a8d3f25753	1832	68	458	762011	no	pass	Exact source bytes copied into the source-pack shard body.
AID-SRC-000198	SHARD-002	GPTs/source_pack/source_pack_shard_002.md	BLOCK-000262	137	1	41	033572cc97a0c88f10039b784c4973419ce736071b016ac7c4ac1f6ae77a6241	033572cc97a0c88f10039b784c4973419ce736071b016ac7c4ac1f6ae77a6241	1217	41	305	762011	no	pass	Exact source bytes copied into the source-pack shard body.
AID-SRC-000199	SHARD-002	GPTs/source_pack/source_pack_shard_002.md	BLOCK-000263	138	1	45	3920b22bb4160bbf1ab4976e3af2ef971544615f4d02513c33c895430ca68989	3920b22bb4160bbf1ab4976e3af2ef971544615f4d02513c33c895430ca68989	1296	45	324	762011	no	pass	Exact source bytes copied into the source-pack shard body.
AID-SRC-000200	SHARD-002	GPTs/source_pack/source_pack_shard_002.md	BLOCK-000264	139	1	41	6385482e82232e6ebbbf7c8d8b929a61b6c5a5df167cf639925b9575ffdc6f0c	6385482e82232e6ebbbf7c8d8b929a61b6c5a5df167cf639925b9575ffdc6f0c	1683	41	421	762011	no	pass	Exact source bytes copied into the source-pack shard body.
AID-SRC-000201	SHARD-002	GPTs/source_pack/source_pack_shard_002.md	BLOCK-000265	140	1	43	2a138958263564b62e6c953a6395e9824c1d587c80e201af068de286e93ee6db	2a138958263564b62e6c953a6395e9824c1d587c80e201af068de286e93ee6db	1434	43	359	762011	no	pass	Exact source bytes copied into the source-pack shard body.
AID-SRC-000202	SHARD-002	GPTs/source_pack/source_pack_shard_002.md	BLOCK-000266	141	1	47	89335df464042c592dde637aa93d8343a95941ccc4e74b89e59d3bfac4145e6b	89335df464042c592dde637aa93d8343a95941ccc4e74b89e59d3bfac4145e6b	1456	47	364	762011	no	pass	Exact source bytes copied into the source-pack shard body.
AID-SRC-000203	SHARD-002	GPTs/source_pack/source_pack_shard_002.md	BLOCK-000267	142	1	49	ec9fefda0d309ac5ad144c11b7928d59df27be1a2ef79f8e1d096286f0b25977	ec9fefda0d309ac5ad144c11b7928d59df27be1a2ef79f8e1d096286f0b25977	1338	49	335	762011	no	pass	Exact source bytes copied into the source-pack shard body.
AID-SRC-000204	SHARD-002	GPTs/source_pack/source_pack_shard_002.md	BLOCK-000268	143	1	41	1834235c0ab43a3c30be368ebe53bf5cb64e72107fa513e8a47687e1406fc6b9	1834235c0ab43a3c30be368ebe53bf5cb64e72107fa513e8a47687e1406fc6b9	1050	41	263	762011	no	pass	Exact source bytes copied into the source-pack shard body.
AID-SRC-000205	SHARD-002	GPTs/source_pack/source_pack_shard_002.md	BLOCK-000269	144	1	60	d92d5e6426f3d99c3fcb65431d57326c1a6dfad9ea0f5a180ad93d018889b972	d92d5e6426f3d99c3fcb65431d57326c1a6dfad9ea0f5a180ad93d018889b972	1971	60	493	762011	no	pass	Exact source bytes copied into the source-pack shard body.
AID-SRC-000206	SHARD-002	GPTs/source_pack/source_pack_shard_002.md	BLOCK-000270	145	1	41	021d75ab97833bf011b0c14ea4bca4923d56dff3b841148e0939336aef200072	021d75ab97833bf011b0c14ea4bca4923d56dff3b841148e0939336aef200072	952	41	238	762011	no	pass	Exact source bytes copied into the source-pack shard body.
AID-SRC-000207	SHARD-002	GPTs/source_pack/source_pack_shard_002.md	BLOCK-000271	146	1	51	4745f0b45ba6374a49e8b1b9bd6890c51ea4115a588d0065a28d22da659fd917	4745f0b45ba6374a49e8b1b9bd6890c51ea4115a588d0065a28d22da659fd917	1505	51	376	762011	no	pass	Exact source bytes copied into the source-pack shard body.
AID-SRC-000208	SHARD-002	GPTs/source_pack/source_pack_shard_002.md	BLOCK-000272	147	1	49	e1478ddaa860b91fdb364d2d746da9eeed5e28c23a93ff868bbae27eec1f0357	e1478ddaa860b91fdb364d2d746da9eeed5e28c23a93ff868bbae27eec1f0357	1217	49	304	762011	no	pass	Exact source bytes copied into the source-pack shard body.
AID-SRC-000209	SHARD-002	GPTs/source_pack/source_pack_shard_002.md	BLOCK-000273	148	1	41	4601af52716294eb28a651dfa5c1ebc7d5aee42434fac99f85f164ef7265195e	4601af52716294eb28a651dfa5c1ebc7d5aee42434fac99f85f164ef7265195e	992	41	248	762011	no	pass	Exact source bytes copied into the source-pack shard body.
AID-SRC-000210	SHARD-002	GPTs/source_pack/source_pack_shard_002.md	BLOCK-000274	149	1	45	a807f339937ba24bbf993fd13e928c7375b86ece9111f016a9367f72a5cd0c85	a807f339937ba24bbf993fd13e928c7375b86ece9111f016a9367f72a5cd0c85	1301	45	326	762011	no	pass	Exact source bytes copied into the source-pack shard body.
AID-SRC-000211	SHARD-002	GPTs/source_pack/source_pack_shard_002.md	BLOCK-000275	150	1	47	e9ce5bcca49ae703c2e5fb406c1aef2fd8b3bc7166402a1759ac75bd4e0b2546	e9ce5bcca49ae703c2e5fb406c1aef2fd8b3bc7166402a1759ac75bd4e0b2546	1301	47	326	762011	no	pass	Exact source bytes copied into the source-pack shard body.
AID-SRC-000212	SHARD-002	GPTs/source_pack/source_pack_shard_002.md	BLOCK-000276	151	1	43	2837c2b9c1f4da96447d2463194b7396bf84712a389bd6db16b5ed3d91fcb91e	2837c2b9c1f4da96447d2463194b7396bf84712a389bd6db16b5ed3d91fcb91e	1724	43	431	762011	no	pass	Exact source bytes copied into the source-pack shard body.
AID-SRC-000213	SHARD-002	GPTs/source_pack/source_pack_shard_002.md	BLOCK-000277	152	1	47	7c1127c273891a1c52cb4bac9f8ac43821ce135ce4d95cb91742c7d4b55d93e9	7c1127c273891a1c52cb4bac9f8ac43821ce135ce4d95cb91742c7d4b55d93e9	1612	47	403	762011	no	pass	Exact source bytes copied into the source-pack shard body.
AID-SRC-000214	SHARD-002	GPTs/source_pack/source_pack_shard_002.md	BLOCK-000278	153	1	53	65e02bd086da67dcf3d36ea267896544e931862e8a582a8a694a377a32002db0	65e02bd086da67dcf3d36ea267896544e931862e8a582a8a694a377a32002db0	1376	53	344	762011	no	pass	Exact source bytes copied into the source-pack shard body.
AID-SRC-000215	SHARD-002	GPTs/source_pack/source_pack_shard_002.md	BLOCK-000279	154	1	41	0416c2a49a2282d9801bc171c63c7865aa27915d891759b0eb127200b1cc1e50	0416c2a49a2282d9801bc171c63c7865aa27915d891759b0eb127200b1cc1e50	1286	41	322	762011	no	pass	Exact source bytes copied into the source-pack shard body.
AID-SRC-000216	SHARD-002	GPTs/source_pack/source_pack_shard_002.md	BLOCK-000280	155	1	43	4fb4275a7d3795545d23e888cb77a74328875e1b772bd53b95e02aeba88eb9da	4fb4275a7d3795545d23e888cb77a74328875e1b772bd53b95e02aeba88eb9da	1366	43	342	762011	no	pass	Exact source bytes copied into the source-pack shard body.
AID-SRC-000217	SHARD-002	GPTs/source_pack/source_pack_shard_002.md	BLOCK-000281	156	1	41	e39a3731b0c07252dd2c7684b65621cc2fe4ca94fad07d3157c8ab75c7dde547	e39a3731b0c07252dd2c7684b65621cc2fe4ca94fad07d3157c8ab75c7dde547	1324	41	331	762011	no	pass	Exact source bytes copied into the source-pack shard body.
AID-SRC-000218	SHARD-002	GPTs/source_pack/source_pack_shard_002.md	BLOCK-000282	157	1	41	32625db808477dccfffa7e88c0a31cebe1b763b6d92e6bb6c993875776251d55	32625db808477dccfffa7e88c0a31cebe1b763b6d92e6bb6c993875776251d55	1177	41	295	762011	no	pass	Exact source bytes copied into the source-pack shard body.
AID-SRC-000219	SHARD-002	GPTs/source_pack/source_pack_shard_002.md	BLOCK-000283	158	1	55	d02ec437c9e5a08284a5ab51999a8b4bdbdb691778a385bb231f584949e3871f	d02ec437c9e5a08284a5ab51999a8b4bdbdb691778a385bb231f584949e3871f	1834	55	459	762011	no	pass	Exact source bytes copied into the source-pack shard body.
AID-SRC-000220	SHARD-002	GPTs/source_pack/source_pack_shard_002.md	BLOCK-000284	159	1	41	a4411428499fbb99fb3eedf47c0bf5c4a6e3019045fcded0c961645f089f3e5d	a4411428499fbb99fb3eedf47c0bf5c4a6e3019045fcded0c961645f089f3e5d	1448	41	361	762011	no	pass	Exact source bytes copied into the source-pack shard body.
AID-SRC-000221	SHARD-002	GPTs/source_pack/source_pack_shard_002.md	BLOCK-000285	160	1	47	6f2bc9d43a2ed4654908ad9eaf8151597e00f40af1e036a4e15827723a01bc15	6f2bc9d43a2ed4654908ad9eaf8151597e00f40af1e036a4e15827723a01bc15	1385	47	347	762011	no	pass	Exact source bytes copied into the source-pack shard body.
AID-SRC-000222	SHARD-002	GPTs/source_pack/source_pack_shard_002.md	BLOCK-000286	161	1	41	2dfe9be7717553d245d069aacb3c917c6fe10bd87ac9dbfed34cdd4f25a53a0f	2dfe9be7717553d245d069aacb3c917c6fe10bd87ac9dbfed34cdd4f25a53a0f	1127	41	282	762011	no	pass	Exact source bytes copied into the source-pack shard body.
AID-SRC-000223	SHARD-002	GPTs/source_pack/source_pack_shard_002.md	BLOCK-000287	162	1	41	7123a4926de0044f437320d1b1cb829e4fa496cfa2fea370c78995e780c2ebd6	7123a4926de0044f437320d1b1cb829e4fa496cfa2fea370c78995e780c2ebd6	1137	41	285	762011	no	pass	Exact source bytes copied into the source-pack shard body.
AID-SRC-000224	SHARD-002	GPTs/source_pack/source_pack_shard_002.md	BLOCK-000288	163	1	43	8050b48bc98d055ac639d88fb72cefb85c1279c8b3310338746c4e90fe5d7952	8050b48bc98d055ac639d88fb72cefb85c1279c8b3310338746c4e90fe5d7952	1616	43	404	762011	no	pass	Exact source bytes copied into the source-pack shard body.
AID-SRC-000225	SHARD-002	GPTs/source_pack/source_pack_shard_002.md	BLOCK-000289	164	1	41	97139358bd09e232116555744aac93aa1d59ba2b9633ba241d2e4274296b9d0d	97139358bd09e232116555744aac93aa1d59ba2b9633ba241d2e4274296b9d0d	1354	41	339	762011	no	pass	Exact source bytes copied into the source-pack shard body.
AID-SRC-000226	SHARD-002	GPTs/source_pack/source_pack_shard_002.md	BLOCK-000290	165	1	41	b8bf7a3328222e0c3c214315b021d5b040cb5e6c437a8cce64eb204952cdc2dd	b8bf7a3328222e0c3c214315b021d5b040cb5e6c437a8cce64eb204952cdc2dd	1220	41	305	762011	no	pass	Exact source bytes copied into the source-pack shard body.
AID-SRC-000227	SHARD-002	GPTs/source_pack/source_pack_shard_002.md	BLOCK-000291	166	1	43	a4190082b87325117609a87cce9ea046d4aac88d09918b5c07601385c07b47cf	a4190082b87325117609a87cce9ea046d4aac88d09918b5c07601385c07b47cf	1672	43	418	762011	no	pass	Exact source bytes copied into the source-pack shard body.
AID-SRC-000228	SHARD-002	GPTs/source_pack/source_pack_shard_002.md	BLOCK-000292	167	1	41	d07fb900854c1a82b89e5e1ec14d9bc55a2c1d384fab36c50621ce427fe705fa	d07fb900854c1a82b89e5e1ec14d9bc55a2c1d384fab36c50621ce427fe705fa	1074	41	269	762011	no	pass	Exact source bytes copied into the source-pack shard body.
AID-SRC-000229	SHARD-002	GPTs/source_pack/source_pack_shard_002.md	BLOCK-000293	168	1	41	d2328b551894f0f2629545ad8f5ecbf484374ec58e6d0652e63af6158c6d9cbd	d2328b551894f0f2629545ad8f5ecbf484374ec58e6d0652e63af6158c6d9cbd	1566	41	392	762011	no	pass	Exact source bytes copied into the source-pack shard body.
AID-SRC-000230	SHARD-002	GPTs/source_pack/source_pack_shard_002.md	BLOCK-000294	169	1	43	f78823e04ede6b16d49a6f8be6e178b1ba00ba7cb493c73e45ca0e861a71c488	f78823e04ede6b16d49a6f8be6e178b1ba00ba7cb493c73e45ca0e861a71c488	1364	43	341	762011	no	pass	Exact source bytes copied into the source-pack shard body.
AID-SRC-000231	SHARD-002	GPTs/source_pack/source_pack_shard_002.md	BLOCK-000295	170	1	45	e454ec7a9f8b50a496f6bcdd7b908232daff909ffdb1b6a9cd1af2f67a5b0c40	e454ec7a9f8b50a496f6bcdd7b908232daff909ffdb1b6a9cd1af2f67a5b0c40	1714	45	429	762011	no	pass	Exact source bytes copied into the source-pack shard body.
AID-SRC-000232	SHARD-002	GPTs/source_pack/source_pack_shard_002.md	BLOCK-000296	171	1	82	1d8234448d5f5661ffd560b8126c003cd1e329a54f34022f3c34e679bc5195d6	1d8234448d5f5661ffd560b8126c003cd1e329a54f34022f3c34e679bc5195d6	4348	82	1087	762011	no	pass	Exact source bytes copied into the source-pack shard body.
AID-SRC-000233	SHARD-002	GPTs/source_pack/source_pack_shard_002.md	BLOCK-000297	172	1	47	be002e2364139668ce8d250ad3664328c81502083bd959777a57a7bfae81b92d	be002e2364139668ce8d250ad3664328c81502083bd959777a57a7bfae81b92d	1451	47	363	762011	no	pass	Exact source bytes copied into the source-pack shard body.
AID-SRC-000234	SHARD-002	GPTs/source_pack/source_pack_shard_002.md	BLOCK-000298	173	1	43	5700cc83811dbdb0ce0075ae3aa53146fa494a4cff2091d78ec7546205b28dd0	5700cc83811dbdb0ce0075ae3aa53146fa494a4cff2091d78ec7546205b28dd0	993	43	249	762011	no	pass	Exact source bytes copied into the source-pack shard body.
AID-SRC-000235	SHARD-002	GPTs/source_pack/source_pack_shard_002.md	BLOCK-000299	174	1	43	0d7e2982ab9ce10b2f530f8b65e3a350ee816e09889502f0bb423cb21fe9dbd5	0d7e2982ab9ce10b2f530f8b65e3a350ee816e09889502f0bb423cb21fe9dbd5	1737	43	435	762011	no	pass	Exact source bytes copied into the source-pack shard body.
AID-SRC-000236	SHARD-002	GPTs/source_pack/source_pack_shard_002.md	BLOCK-000300	175	1	51	ef61ec77f638d16ae2ce4dc0ed65b57d76a1b5542e5a31a2d9c6bac72be62aeb	ef61ec77f638d16ae2ce4dc0ed65b57d76a1b5542e5a31a2d9c6bac72be62aeb	1630	51	408	762011	no	pass	Exact source bytes copied into the source-pack shard body.
AID-SRC-000237	SHARD-002	GPTs/source_pack/source_pack_shard_002.md	BLOCK-000301	176	1	49	a9cfa0455b3b949a5916fcfc43d70832a48113e8364f4a0fa92a845da18b7079	a9cfa0455b3b949a5916fcfc43d70832a48113e8364f4a0fa92a845da18b7079	1155	49	289	762011	no	pass	Exact source bytes copied into the source-pack shard body.
AID-SRC-000238	SHARD-002	GPTs/source_pack/source_pack_shard_002.md	BLOCK-000302	177	1	41	f04af249c24f830af66039bc2b6d335db703eea6e0826c5f72e8948a369608c8	f04af249c24f830af66039bc2b6d335db703eea6e0826c5f72e8948a369608c8	1139	41	285	762011	no	pass	Exact source bytes copied into the source-pack shard body.
AID-SRC-000239	SHARD-002	GPTs/source_pack/source_pack_shard_002.md	BLOCK-000303	178	1	47	faf1d5befb69efebdb48c033ec3d97c11ba24afe2f2ae6580937c8c261446e55	faf1d5befb69efebdb48c033ec3d97c11ba24afe2f2ae6580937c8c261446e55	1311	47	328	762011	no	pass	Exact source bytes copied into the source-pack shard body.
AID-SRC-000240	SHARD-002	GPTs/source_pack/source_pack_shard_002.md	BLOCK-000304	179	1	64	cdda0a6ee88789464eb58c81ea7fb68cad2831178d886227f94adbc4c2535cfb	cdda0a6ee88789464eb58c81ea7fb68cad2831178d886227f94adbc4c2535cfb	1916	64	479	762011	no	pass	Exact source bytes copied into the source-pack shard body.
AID-SRC-000241	SHARD-002	GPTs/source_pack/source_pack_shard_002.md	BLOCK-000305	180	1	17	8fb8a024177fb307aaf69c1ac28fc4771a8a6496f6eabcfacb2b5f19fbe689b1	8fb8a024177fb307aaf69c1ac28fc4771a8a6496f6eabcfacb2b5f19fbe689b1	553	17	139	762011	no	pass	Exact source bytes copied into the source-pack shard body.
AID-SRC-000263	SHARD-002	GPTs/source_pack/source_pack_shard_002.md	BLOCK-000306	181	1	214	2730eb322b0055757aa1120a0ad096bb1cef7160c2ee020ea60c8120c053024c	2730eb322b0055757aa1120a0ad096bb1cef7160c2ee020ea60c8120c053024c	13646	214	3393	762011	no	pass	Exact source bytes copied into the source-pack shard body.
AID-SRC-000312	SHARD-002	GPTs/source_pack/source_pack_shard_002.md	BLOCK-000307	182	1	198	85f44f37d819aad2663c510636158763c079b614598e0a2253fc24ecf4d99cf4	85f44f37d819aad2663c510636158763c079b614598e0a2253fc24ecf4d99cf4	14378	198	3593	762011	no	pass	Exact source bytes copied into the source-pack shard body.
AID-SRC-000048	SHARD-002	GPTs/source_pack/source_pack_shard_002.md	BLOCK-000308	183	1	72	20e10367df2a7aabaae07d14b0a8a9a3bbf3ab91646ca1ed03e7f98a5e541c0d	20e10367df2a7aabaae07d14b0a8a9a3bbf3ab91646ca1ed03e7f98a5e541c0d	1952	72	488	762011	no	pass	Exact source bytes copied into the source-pack shard body.
AID-SRC-000049	SHARD-002	GPTs/source_pack/source_pack_shard_002.md	BLOCK-000309	184	1	85	1f3c65e3660c406ba0f99d2f40b9a101bb61f404bccc9f5e7106b61e6c71ab08	1f3c65e3660c406ba0f99d2f40b9a101bb61f404bccc9f5e7106b61e6c71ab08	2770	85	693	762011	no	pass	Exact source bytes copied into the source-pack shard body.
AID-SRC-000050	SHARD-002	GPTs/source_pack/source_pack_shard_002.md	BLOCK-000310	185	1	227	6f2bfe3ee77639f948748c7d177131b490299f59aad7ec9c765f302c6f9646aa	6f2bfe3ee77639f948748c7d177131b490299f59aad7ec9c765f302c6f9646aa	7845	227	1962	762011	no	pass	Exact source bytes copied into the source-pack shard body.
AID-SRC-000051	SHARD-002	GPTs/source_pack/source_pack_shard_002.md	BLOCK-000311	186	1	41	35e80d47af3f3328a1e8f7d7dbb4506e16d8940dd7f8819a7da13853e62c9130	35e80d47af3f3328a1e8f7d7dbb4506e16d8940dd7f8819a7da13853e62c9130	1190	41	298	762011	no	pass	Exact source bytes copied into the source-pack shard body.
AID-SRC-000111	SHARD-002	GPTs/source_pack/source_pack_shard_002.md	BLOCK-000312	187	1	88	41f97d6b94d86cf54fef0f36d79ada0c70079e64165d130053f3e325b5b37d2b	41f97d6b94d86cf54fef0f36d79ada0c70079e64165d130053f3e325b5b37d2b	3392	88	848	762011	no	pass	Exact source bytes copied into the source-pack shard body.
AID-SRC-000126	SHARD-002	GPTs/source_pack/source_pack_shard_002.md	BLOCK-000313	188	1	113	8cde1ea42ead9118e3cd0fd8bb6c2507965cd26951e68c37231e6cf7710b7012	8cde1ea42ead9118e3cd0fd8bb6c2507965cd26951e68c37231e6cf7710b7012	5189	113	1297	762011	no	pass	Exact source bytes copied into the source-pack shard body.
AID-SRC-000127	SHARD-002	GPTs/source_pack/source_pack_shard_002.md	BLOCK-000314	189	1	182	9172fbe0e9e9a0dabda2bfaae41ae0978c012e6700b1a88942e440ff7bf02a28	9172fbe0e9e9a0dabda2bfaae41ae0978c012e6700b1a88942e440ff7bf02a28	11814	182	2951	762011	no	pass	Exact source bytes copied into the source-pack shard body.
AID-SRC-000128	SHARD-002	GPTs/source_pack/source_pack_shard_002.md	BLOCK-000315	190	1	123	9e3354dad441aaddc0c04e5cde1ff2b7610bfd17b21bc4f409a9fde44d756e88	9e3354dad441aaddc0c04e5cde1ff2b7610bfd17b21bc4f409a9fde44d756e88	4932	123	1232	762011	no	pass	Exact source bytes copied into the source-pack shard body.
AID-SRC-000129	SHARD-002	GPTs/source_pack/source_pack_shard_002.md	BLOCK-000316	191	1	34	e0e3d852176ff407ad495f87ddafbf9f7f82d07ab2f0f3175b89c56eaa7132ca	e0e3d852176ff407ad495f87ddafbf9f7f82d07ab2f0f3175b89c56eaa7132ca	1362	34	336	762011	no	pass	Exact source bytes copied into the source-pack shard body.
AID-SRC-000260	SHARD-002	GPTs/source_pack/source_pack_shard_002.md	BLOCK-000317	192	1	126	aa1d359a6d9d068ffa1557b0a41baf967a3af2f2207f715e9fe74b31c430159f	aa1d359a6d9d068ffa1557b0a41baf967a3af2f2207f715e9fe74b31c430159f	13802	126	3440	762011	no	pass	Exact source bytes copied into the source-pack shard body.
AID-SRC-000261	SHARD-002	GPTs/source_pack/source_pack_shard_002.md	BLOCK-000318	193	1	282	ebcfdbe9a99fc77fb9bb8c9cc3ec92f949fca4d5c8b48a62a845ef7acfe98991	ebcfdbe9a99fc77fb9bb8c9cc3ec92f949fca4d5c8b48a62a845ef7acfe98991	18216	282	4543	762011	no	pass	Exact source bytes copied into the source-pack shard body.
AID-SRC-000264	SHARD-002	GPTs/source_pack/source_pack_shard_002.md	BLOCK-000319	194	1	49	ffec91ef2e48c46bf6b569c61acca36e9556533d085e230d38520dc0a4f30507	ffec91ef2e48c46bf6b569c61acca36e9556533d085e230d38520dc0a4f30507	2735	49	684	762011	no	pass	Exact source bytes copied into the source-pack shard body.
AID-SRC-000318	SHARD-002	GPTs/source_pack/source_pack_shard_002.md	BLOCK-000320	195	1	48	4590f11daeb3f1afffb1a427e6550760679b0bd49d1f263a0c30bdb2e868c88b	4590f11daeb3f1afffb1a427e6550760679b0bd49d1f263a0c30bdb2e868c88b	2085	48	522	762011	no	pass	Exact source bytes copied into the source-pack shard body.
AID-SRC-000052	SHARD-002	GPTs/source_pack/source_pack_shard_002.md	BLOCK-000321	196	1	215	e2e69bc99cea32424778d2d988793205c633dc4d40435991df47b87b3f47ac3e	e2e69bc99cea32424778d2d988793205c633dc4d40435991df47b87b3f47ac3e	8358	215	2090	762011	no	pass	Exact source bytes copied into the source-pack shard body.
AID-SRC-000053	SHARD-002	GPTs/source_pack/source_pack_shard_002.md	BLOCK-000322	197	1	195	a602f0ce7a87403b283275c873de824f5137f0cd81b76840170ee97c8f18edd4	a602f0ce7a87403b283275c873de824f5137f0cd81b76840170ee97c8f18edd4	7812	195	1953	762011	no	pass	Exact source bytes copied into the source-pack shard body.
AID-SRC-000054	SHARD-002	GPTs/source_pack/source_pack_shard_002.md	BLOCK-000323	198	1	65	0e6c66e7e545bb6c434af3e40665a034041e9a1cef279fcb58de6ee023008f46	0e6c66e7e545bb6c434af3e40665a034041e9a1cef279fcb58de6ee023008f46	2974	65	744	762011	no	pass	Exact source bytes copied into the source-pack shard body.
AID-SRC-000055	SHARD-002	GPTs/source_pack/source_pack_shard_002.md	BLOCK-000324	199	1	159	7dc132e077411345097191fdc2127bd3abba6f9e723160af79188988de573e5f	7dc132e077411345097191fdc2127bd3abba6f9e723160af79188988de573e5f	8008	159	2002	762011	no	pass	Exact source bytes copied into the source-pack shard body.
AID-SRC-000056	SHARD-002	GPTs/source_pack/source_pack_shard_002.md	BLOCK-000325	200	1	75	eb2f26f1c5049d411768047b90c2d82e0e18c3ebd6287de4cb7516a9c5ffbd51	eb2f26f1c5049d411768047b90c2d82e0e18c3ebd6287de4cb7516a9c5ffbd51	2810	75	703	762011	no	pass	Exact source bytes copied into the source-pack shard body.
AID-SRC-000057	SHARD-002	GPTs/source_pack/source_pack_shard_002.md	BLOCK-000326	201	1	76	124165386488c2fef99a503888c7e39bad4a8b36f47f53fa5909b089ed87edae	124165386488c2fef99a503888c7e39bad4a8b36f47f53fa5909b089ed87edae	4087	76	1019	762011	no	pass	Exact source bytes copied into the source-pack shard body.
AID-SRC-000058	SHARD-002	GPTs/source_pack/source_pack_shard_002.md	BLOCK-000327	202	1	216	f5a42dc2aa7a271c1bc8a98b0930fa8bc128caf9127feb1ea6ce0ee712b7a7f8	f5a42dc2aa7a271c1bc8a98b0930fa8bc128caf9127feb1ea6ce0ee712b7a7f8	5522	216	1381	762011	no	pass	Exact source bytes copied into the source-pack shard body.
AID-SRC-000059	SHARD-002	GPTs/source_pack/source_pack_shard_002.md	BLOCK-000328	203	1	52	6dd6cfe7d3b0e4061f24c6fc36f0fd8000dc8b88a5566b6b3e6464531708fc82	6dd6cfe7d3b0e4061f24c6fc36f0fd8000dc8b88a5566b6b3e6464531708fc82	2422	52	606	762011	no	pass	Exact source bytes copied into the source-pack shard body.
AID-SRC-000060	SHARD-002	GPTs/source_pack/source_pack_shard_002.md	BLOCK-000329	204	1	131	74fd7654ef1e0f23b2f733c34c51bf71c72e9b8ad06dfff118edd551b64e9b5f	74fd7654ef1e0f23b2f733c34c51bf71c72e9b8ad06dfff118edd551b64e9b5f	5355	131	1339	762011	no	pass	Exact source bytes copied into the source-pack shard body.
AID-SRC-000243	SHARD-002	GPTs/source_pack/source_pack_shard_002.md	BLOCK-000330	205	1	458	9d11cae72ce78a39b9d37884699ebe646596626f0bf1d7ff25a7d2c99eb10606	9d11cae72ce78a39b9d37884699ebe646596626f0bf1d7ff25a7d2c99eb10606	28255	458	7060	762011	no	pass	Exact source bytes copied into the source-pack shard body.
AID-SRC-000244	SHARD-002	GPTs/source_pack/source_pack_shard_002.md	BLOCK-000331	206	1	374	f7218c1b48eb4919ef4f1aec2cfa549d43b36e461e37405080db6143364bb571	f7218c1b48eb4919ef4f1aec2cfa549d43b36e461e37405080db6143364bb571	17956	374	4483	762011	no	pass	Exact source bytes copied into the source-pack shard body.
AID-SRC-000245	SHARD-002	GPTs/source_pack/source_pack_shard_002.md	BLOCK-000332	207	1	227	a95bee2a33d40b83b57469d12eecd174d964db1373bec6a921f8a458f8655b81	a95bee2a33d40b83b57469d12eecd174d964db1373bec6a921f8a458f8655b81	9357	227	2340	762011	no	pass	Exact source bytes copied into the source-pack shard body.
AID-SRC-000246	SHARD-002	GPTs/source_pack/source_pack_shard_002.md	BLOCK-000333	208	1	89	d4b1e73a502f487d4de811a0330b07cad9fd3b2eb5ec3ad6d86bf1870c26a5f1	d4b1e73a502f487d4de811a0330b07cad9fd3b2eb5ec3ad6d86bf1870c26a5f1	4333	89	1083	762011	no	pass	Exact source bytes copied into the source-pack shard body.
AID-SRC-000247	SHARD-002	GPTs/source_pack/source_pack_shard_002.md	BLOCK-000334	209	1	84	988bc353cbbee0e7804d9d98e7e8651d536ec5282c3b9caba9f12b224e849d1c	988bc353cbbee0e7804d9d98e7e8651d536ec5282c3b9caba9f12b224e849d1c	3809	84	953	762011	no	pass	Exact source bytes copied into the source-pack shard body.
AID-SRC-000248	SHARD-002	GPTs/source_pack/source_pack_shard_002.md	BLOCK-000335	210	1	92	6a8e8435ce387fdc90e07a3bd95770ca300cafd2fa79362309cb87ea803a8372	6a8e8435ce387fdc90e07a3bd95770ca300cafd2fa79362309cb87ea803a8372	4974	92	1244	762011	no	pass	Exact source bytes copied into the source-pack shard body.
AID-SRC-000249	SHARD-002	GPTs/source_pack/source_pack_shard_002.md	BLOCK-000336	211	1	28	f38a47b17572854d37f429a67412a3a396daa775f0d1add74db62659584df522	f38a47b17572854d37f429a67412a3a396daa775f0d1add74db62659584df522	1211	28	303	762011	no	pass	Exact source bytes copied into the source-pack shard body.
AID-SRC-000250	SHARD-002	GPTs/source_pack/source_pack_shard_002.md	BLOCK-000337	212	1	39	8929409636ae56e7991b575b93817ae0fecac02c3c3a8fcc932a82f985229806	8929409636ae56e7991b575b93817ae0fecac02c3c3a8fcc932a82f985229806	1542	39	386	762011	no	pass	Exact source bytes copied into the source-pack shard body.
AID-SRC-000259	SHARD-002	GPTs/source_pack/source_pack_shard_002.md	BLOCK-000338	213	1	46	2d68c27136248141c779c362eab7b214283753b49421b21935ce3b1dd75e9c40	2d68c27136248141c779c362eab7b214283753b49421b21935ce3b1dd75e9c40	2064	46	516	762011	no	pass	Exact source bytes copied into the source-pack shard body.
AID-SRC-000301	SHARD-002	GPTs/source_pack/source_pack_shard_002.md	BLOCK-000339	214	1	295	50af97c05d4c6268a42c6be9e46429b62c3b94d65c8c93d785be34ee2fe7f4b4	50af97c05d4c6268a42c6be9e46429b62c3b94d65c8c93d785be34ee2fe7f4b4	11308	295	2817	762011	no	pass	Exact source bytes copied into the source-pack shard body.
AID-SRC-000309	SHARD-002	GPTs/source_pack/source_pack_shard_002.md	BLOCK-000340	215	1	173	38d6e626d8d793341e8f005a46b6b8712dd9ab3de2edb048ddb11b76e62e88bd	38d6e626d8d793341e8f005a46b6b8712dd9ab3de2edb048ddb11b76e62e88bd	10649	173	2663	762011	no	pass	Exact source bytes copied into the source-pack shard body.
AID-SRC-000310	SHARD-002	GPTs/source_pack/source_pack_shard_002.md	BLOCK-000341	216	1	593	1c44d1df521ac862c28a377dda325051106c048a9b667c1b0651a034cd78dd79	1c44d1df521ac862c28a377dda325051106c048a9b667c1b0651a034cd78dd79	23490	593	5848	762011	no	pass	Exact source bytes copied into the source-pack shard body.
AID-SRC-000311	SHARD-002	GPTs/source_pack/source_pack_shard_002.md	BLOCK-000342	217	1	129	c57abb5fad108c10df55297f28c54c25a84e7cf8ce4f819eee97e6d95d57fa5f	c57abb5fad108c10df55297f28c54c25a84e7cf8ce4f819eee97e6d95d57fa5f	3709	129	928	762011	no	pass	Exact source bytes copied into the source-pack shard body.
AID-SRC-000313	SHARD-002	GPTs/source_pack/source_pack_shard_002.md	BLOCK-000343	218	1	30	1d37e800210d2afe9e9ac51399dd0fddac39f91cca8ac278115265c64acbaf70	1d37e800210d2afe9e9ac51399dd0fddac39f91cca8ac278115265c64acbaf70	2540	30	634	762011	no	pass	Exact source bytes copied into the source-pack shard body.
AID-SRC-000314	SHARD-002	GPTs/source_pack/source_pack_shard_002.md	BLOCK-000344	219	1	38	d5f8917e2906144d85e3ad7befd4ea2c10045776bdada4ea60a28eb5fd649567	d5f8917e2906144d85e3ad7befd4ea2c10045776bdada4ea60a28eb5fd649567	1514	38	379	762011	no	pass	Exact source bytes copied into the source-pack shard body.
AID-SRC-000321	SHARD-002	GPTs/source_pack/source_pack_shard_002.md	BLOCK-000345	220	1	124	9dc140f5125b4de220e639ce75de63fd38887dd58295f4775fb0bcdc8655e4b4	9dc140f5125b4de220e639ce75de63fd38887dd58295f4775fb0bcdc8655e4b4	8704	124	2176	762011	no	pass	Exact source bytes copied into the source-pack shard body.
AID-SRC-000322	SHARD-002	GPTs/source_pack/source_pack_shard_002.md	BLOCK-000346	221	1	146	23a370a9a0bc8c315e90c5f1daf90963a40dce8de12715aa1d230132b6a875e4	23a370a9a0bc8c315e90c5f1daf90963a40dce8de12715aa1d230132b6a875e4	3842	146	961	762011	no	pass	Exact source bytes copied into the source-pack shard body.
AID-SRC-000323	SHARD-002	GPTs/source_pack/source_pack_shard_002.md	BLOCK-000347	222	1	58	146cb416ac830c9a4e95dc702b852260a236408ed16a8d898009656d6b5416d5	146cb416ac830c9a4e95dc702b852260a236408ed16a8d898009656d6b5416d5	1912	58	478	762011	no	pass	Exact source bytes copied into the source-pack shard body.
AID-SRC-000324	SHARD-002	GPTs/source_pack/source_pack_shard_002.md	BLOCK-000348	223	1	42	f62734ab01ddfb509f5e6756f5397f61c9681568949236452825a4f76ae24777	f62734ab01ddfb509f5e6756f5397f61c9681568949236452825a4f76ae24777	1606	42	402	762011	no	pass	Exact source bytes copied into the source-pack shard body.
AID-SRC-000325	SHARD-002	GPTs/source_pack/source_pack_shard_002.md	BLOCK-000349	224	1	198	32997248d7d2e36ab46699b9c6a5834d5143d81ab2bc6b469d00a7d3253d167e	32997248d7d2e36ab46699b9c6a5834d5143d81ab2bc6b469d00a7d3253d167e	9229	198	2305	762011	no	pass	Exact source bytes copied into the source-pack shard body.
AID-SRC-000326	SHARD-002	GPTs/source_pack/source_pack_shard_002.md	BLOCK-000350	225	1	137	8bf543a107712cc284dbdf53a0e692c39c0c0b76fd940f2a80fd5b46995ef8a2	8bf543a107712cc284dbdf53a0e692c39c0c0b76fd940f2a80fd5b46995ef8a2	5186	137	1297	762011	no	pass	Exact source bytes copied into the source-pack shard body.
AID-SRC-000327	SHARD-002	GPTs/source_pack/source_pack_shard_002.md	BLOCK-000351	226	1	34	89bfa4f7f8283ea9269408c6ef7a986f35db884f876ad887c6dddcee6e70e39f	89bfa4f7f8283ea9269408c6ef7a986f35db884f876ad887c6dddcee6e70e39f	1516	34	379	762011	no	pass	Exact source bytes copied into the source-pack shard body.
AID-SRC-000345	SHARD-002	GPTs/source_pack/source_pack_shard_002.md	BLOCK-000352	227	1	672	3306ecb316315905c4d1fea124e0c3ec32e466b39982819e22f3b7ca873d7367	3306ecb316315905c4d1fea124e0c3ec32e466b39982819e22f3b7ca873d7367	28009	672	6997	762011	no	pass	Exact source bytes copied into the source-pack shard body.
AID-SRC-000368	SHARD-002	GPTs/source_pack/source_pack_shard_002.md	BLOCK-000353	228	1	19	3794f8664e74d2fa4d936256ba93a152f30bd5dae5b3c0a45ec9e4a2701daa87	3794f8664e74d2fa4d936256ba93a152f30bd5dae5b3c0a45ec9e4a2701daa87	747	19	187	762011	no	pass	Exact source bytes copied into the source-pack shard body.
AID-SRC-000369	SHARD-002	GPTs/source_pack/source_pack_shard_002.md	BLOCK-000354	229	1	78	60bbecf30869ad1b1f484243e1d45d2255d812f58abe1577247e125a8c3d2f48	60bbecf30869ad1b1f484243e1d45d2255d812f58abe1577247e125a8c3d2f48	2841	78	710	762011	no	pass	Exact source bytes copied into the source-pack shard body.
AID-SRC-000370	SHARD-002	GPTs/source_pack/source_pack_shard_002.md	BLOCK-000355	230	1	64	b22bbe734c9c21f2a2bd416b562d6189ab02a1d1ca6111bc139e0439290b8cff	b22bbe734c9c21f2a2bd416b562d6189ab02a1d1ca6111bc139e0439290b8cff	1853	64	464	762011	no	pass	Exact source bytes copied into the source-pack shard body.
AID-SRC-000371	SHARD-002	GPTs/source_pack/source_pack_shard_002.md	BLOCK-000356	231	1	26	86a9d17b529ff7085596d8f59a545bd9dbae4a6aae40ecafe46b016718d84707	86a9d17b529ff7085596d8f59a545bd9dbae4a6aae40ecafe46b016718d84707	846	26	212	762011	no	pass	Exact source bytes copied into the source-pack shard body.
AID-SRC-000342	SHARD-002	GPTs/source_pack/source_pack_shard_002.md	BLOCK-000357	232	1	1122	b3586014c3ded7aa4d17d616999a529037facc1c08d5d1fc7f9758fc77797587	b3586014c3ded7aa4d17d616999a529037facc1c08d5d1fc7f9758fc77797587	45936	1122	11460	762011	no	pass	Exact source bytes copied into the source-pack shard body.
AID-SRC-000346	SHARD-002	GPTs/source_pack/source_pack_shard_002.md	BLOCK-000358	233	1	210	e41c85c040393d76a7590f5adde0fc191cb24d7cb3b412783a624d23254e22b9	e41c85c040393d76a7590f5adde0fc191cb24d7cb3b412783a624d23254e22b9	8768	210	2187	762011	no	pass	Exact source bytes copied into the source-pack shard body.
AID-SRC-000347	SHARD-002	GPTs/source_pack/source_pack_shard_002.md	BLOCK-000359	234	1	208	24edbe579adad82a9946d3bf9638ed622d7ffb4f5ee76d4e1fc938ff8d8e044c	24edbe579adad82a9946d3bf9638ed622d7ffb4f5ee76d4e1fc938ff8d8e044c	9189	208	2297	762011	no	pass	Exact source bytes copied into the source-pack shard body.
AID-SRC-000348	SHARD-002	GPTs/source_pack/source_pack_shard_002.md	BLOCK-000360	235	1	124	c3180357bd1b86f0ef8c62ef9d626e25773a3583c9a4822891edea9ef66938a8	c3180357bd1b86f0ef8c62ef9d626e25773a3583c9a4822891edea9ef66938a8	4779	124	1194	762011	no	pass	Exact source bytes copied into the source-pack shard body.
AID-SRC-000349	SHARD-002	GPTs/source_pack/source_pack_shard_002.md	BLOCK-000361	236	1	28	487b0155f37c571f8e7c3eeb916893680db75d1c5bb4bed96453a8e500a957aa	487b0155f37c571f8e7c3eeb916893680db75d1c5bb4bed96453a8e500a957aa	1054	28	264	762011	no	pass	Exact source bytes copied into the source-pack shard body.
AID-SRC-000350	SHARD-002	GPTs/source_pack/source_pack_shard_002.md	BLOCK-000362	237	1	325	4d5590e59342215d0c253d45c3a825b0bbe5a972497ea2124bc64d4ee69585ff	4d5590e59342215d0c253d45c3a825b0bbe5a972497ea2124bc64d4ee69585ff	14123	325	3526	762011	no	pass	Exact source bytes copied into the source-pack shard body.
AID-SRC-000351	SHARD-002	GPTs/source_pack/source_pack_shard_002.md	BLOCK-000363	238	1	403	8ecf9ae32f7c69664f14aa3fc3c0cef2768d311a464a7722e29da0b97ced7a70	8ecf9ae32f7c69664f14aa3fc3c0cef2768d311a464a7722e29da0b97ced7a70	23301	403	5797	762011	no	pass	Exact source bytes copied into the source-pack shard body.
AID-SRC-000352	SHARD-002	GPTs/source_pack/source_pack_shard_002.md	BLOCK-000364	239	1	154	28639c24581a56f6738cca3aa5d382cb30d22d359d851056d17e0663e89d1d07	28639c24581a56f6738cca3aa5d382cb30d22d359d851056d17e0663e89d1d07	5410	154	1346	762011	no	pass	Exact source bytes copied into the source-pack shard body.
AID-SRC-000353	SHARD-002	GPTs/source_pack/source_pack_shard_002.md	BLOCK-000365	240	1	33	7e33948afd61adbd2b229ee5dfc9cf6baaceddc2816433f03d89213df4f765ee	7e33948afd61adbd2b229ee5dfc9cf6baaceddc2816433f03d89213df4f765ee	1567	33	392	762011	no	pass	Exact source bytes copied into the source-pack shard body.
AID-SRC-000357	SHARD-002	GPTs/source_pack/source_pack_shard_002.md	BLOCK-000366	241	1	61	377cb597ac6f86c0b9268845fc6ac726c88d3d175ce7c76f08cb3d70d19cfe90	377cb597ac6f86c0b9268845fc6ac726c88d3d175ce7c76f08cb3d70d19cfe90	3269	61	818	762011	no	pass	Exact source bytes copied into the source-pack shard body.
AID-SRC-000358	SHARD-002	GPTs/source_pack/source_pack_shard_002.md	BLOCK-000367	242	1	53	8df8ea8d5dd13c5b7781f6f53421dee318d485a3a313d846bae5a26af39c2cbf	8df8ea8d5dd13c5b7781f6f53421dee318d485a3a313d846bae5a26af39c2cbf	2176	53	544	762011	no	pass	Exact source bytes copied into the source-pack shard body.
AID-SRC-000359	SHARD-002	GPTs/source_pack/source_pack_shard_002.md	BLOCK-000368	243	1	175	f459f9a8a0673a8af081d93fc3a62da288600b3e66c805c31071cd29a1f20d61	f459f9a8a0673a8af081d93fc3a62da288600b3e66c805c31071cd29a1f20d61	7883	175	1968	762011	no	pass	Exact source bytes copied into the source-pack shard body.
AID-SRC-000360	SHARD-002	GPTs/source_pack/source_pack_shard_002.md	BLOCK-000369	244	1	349	259090925c57659966d731eb04c7e5cdf89c1eefe95934e1bd2d3dc840e8d062	259090925c57659966d731eb04c7e5cdf89c1eefe95934e1bd2d3dc840e8d062	17649	349	4407	762011	no	pass	Exact source bytes copied into the source-pack shard body.
AID-SRC-000361	SHARD-002	GPTs/source_pack/source_pack_shard_002.md	BLOCK-000370	245	1	114	3a0924d246bc3cf1155cbc7b9ee27586f490703dac4ca95ff92a40755282059c	3a0924d246bc3cf1155cbc7b9ee27586f490703dac4ca95ff92a40755282059c	5785	114	1442	762011	no	pass	Exact source bytes copied into the source-pack shard body.
AID-SRC-000362	SHARD-002	GPTs/source_pack/source_pack_shard_002.md	BLOCK-000371	246	1	86	fba2c37d78b9f34bf7e6496e15dc58538e43b1915adce3e620d907f91a81c7e9	fba2c37d78b9f34bf7e6496e15dc58538e43b1915adce3e620d907f91a81c7e9	4155	86	1036	762011	no	pass	Exact source bytes copied into the source-pack shard body.
AID-SRC-000363	SHARD-002	GPTs/source_pack/source_pack_shard_002.md	BLOCK-000372	247	1	141	71f8cca2bb6f2b919c3529ed0860c443be73c8a539e7cccc4b6861505ab45e54	71f8cca2bb6f2b919c3529ed0860c443be73c8a539e7cccc4b6861505ab45e54	5701	141	1424	762011	no	pass	Exact source bytes copied into the source-pack shard body.
AID-SRC-000364	SHARD-002	GPTs/source_pack/source_pack_shard_002.md	BLOCK-000373	248	1	447	fa12b3a6fd88e1b943d2371e641ec9e8efcc36ac1671c67acafc634bffd0350a	fa12b3a6fd88e1b943d2371e641ec9e8efcc36ac1671c67acafc634bffd0350a	14448	447	3605	762011	no	pass	Exact source bytes copied into the source-pack shard body.
AID-SRC-000365	SHARD-002	GPTs/source_pack/source_pack_shard_002.md	BLOCK-000374	249	1	508	ed49d4d2540228a214bd2887cd022a557e467708940b934370011deed2508fae	ed49d4d2540228a214bd2887cd022a557e467708940b934370011deed2508fae	22049	508	5504	762011	no	pass	Exact source bytes copied into the source-pack shard body.
AID-SRC-000366	SHARD-002	GPTs/source_pack/source_pack_shard_002.md	BLOCK-000375	250	1	46	001d66ac30b6b93ff941600ee17277e8f6a8ab3bc557f012badbdf0d5635a402	001d66ac30b6b93ff941600ee17277e8f6a8ab3bc557f012badbdf0d5635a402	1880	46	470	762011	no	pass	Exact source bytes copied into the source-pack shard body.
AID-SRC-000384	SHARD-002	GPTs/source_pack/source_pack_shard_002.md	BLOCK-000376	251	1	31	08699ea5abf86c8bab9e0426af6a17aea244f6dd54ae509b1c8d51a4fec0bf3f	08699ea5abf86c8bab9e0426af6a17aea244f6dd54ae509b1c8d51a4fec0bf3f	1961	31	491	762011	no	pass	Exact source bytes copied into the source-pack shard body.
AID-SRC-000385	SHARD-002	GPTs/source_pack/source_pack_shard_002.md	BLOCK-000377	252	1	73	41e6e9d2f57d711c204ced026f894dea6a5d9f2ab92dc11b57ee40fe44fe2a82	41e6e9d2f57d711c204ced026f894dea6a5d9f2ab92dc11b57ee40fe44fe2a82	3400	73	850	762011	no	pass	Exact source bytes copied into the source-pack shard body.
AID-SRC-000386	SHARD-002	GPTs/source_pack/source_pack_shard_002.md	BLOCK-000378	253	1	49	581938d3b39425662d9c1ee567dd263f1230ae5bac1a85011656bfe77a8083c8	581938d3b39425662d9c1ee567dd263f1230ae5bac1a85011656bfe77a8083c8	2254	49	564	762011	no	pass	Exact source bytes copied into the source-pack shard body.
AID-SRC-000387	SHARD-002	GPTs/source_pack/source_pack_shard_002.md	BLOCK-000379	254	1	138	8d276698b1c9b5b3d0a1e243c06bbcd361c39c2dcd5a17ecb13be4043bce96dd	8d276698b1c9b5b3d0a1e243c06bbcd361c39c2dcd5a17ecb13be4043bce96dd	7558	138	1887	762011	no	pass	Exact source bytes copied into the source-pack shard body.
AID-SRC-000388	SHARD-002	GPTs/source_pack/source_pack_shard_002.md	BLOCK-000380	255	1	120	c6663cb1479b1d15fa405ce929682cca1df92ef94b8a2ba629475196fcc5b7c1	c6663cb1479b1d15fa405ce929682cca1df92ef94b8a2ba629475196fcc5b7c1	6093	120	1520	762011	no	pass	Exact source bytes copied into the source-pack shard body.
AID-SRC-000389	SHARD-002	GPTs/source_pack/source_pack_shard_002.md	BLOCK-000381	256	1	202	f34bf28606366dd747e7b3e0945f05bf22b5a3965a7b32d3fc7f9e8f3f4d1e7f	f34bf28606366dd747e7b3e0945f05bf22b5a3965a7b32d3fc7f9e8f3f4d1e7f	10591	202	2645	762011	no	pass	Exact source bytes copied into the source-pack shard body.
AID-SRC-000390	SHARD-002	GPTs/source_pack/source_pack_shard_002.md	BLOCK-000382	257	1	56	e69213f191bf165acad2d98a01506613f54b24de2e1bdeea668f6965b458892e	e69213f191bf165acad2d98a01506613f54b24de2e1bdeea668f6965b458892e	2283	56	570	762011	no	pass	Exact source bytes copied into the source-pack shard body.
AID-SRC-000391	SHARD-002	GPTs/source_pack/source_pack_shard_002.md	BLOCK-000383	258	1	196	50eba8ddbcc9a109c36a9bff67f8b7f018bbfc3d5b9bc2465580576af9c731a2	50eba8ddbcc9a109c36a9bff67f8b7f018bbfc3d5b9bc2465580576af9c731a2	7204	196	1799	762011	no	pass	Exact source bytes copied into the source-pack shard body.
AID-SRC-000392	SHARD-002	GPTs/source_pack/source_pack_shard_002.md	BLOCK-000384	259	1	44	585569e3a9fce1dc94a8a28d67626a16527cedd9ec5f1a7b45e50acc849efcc3	585569e3a9fce1dc94a8a28d67626a16527cedd9ec5f1a7b45e50acc849efcc3	2109	44	528	762011	no	pass	Exact source bytes copied into the source-pack shard body.
AID-SRC-000394	SHARD-002	GPTs/source_pack/source_pack_shard_002.md	BLOCK-000385	260	1	115	dca0a36880a5ac74c03dbda8cf2dea188a43dfc1de873c872378132f621bc62a	dca0a36880a5ac74c03dbda8cf2dea188a43dfc1de873c872378132f621bc62a	3966	115	992	762011	no	pass	Exact source bytes copied into the source-pack shard body.
AID-SRC-000395	SHARD-002	GPTs/source_pack/source_pack_shard_002.md	BLOCK-000386	261	1	83	26d4359a56d2d07c0053fa67b2860d99ec95ba72b9f6aacb51ec478257a840a4	26d4359a56d2d07c0053fa67b2860d99ec95ba72b9f6aacb51ec478257a840a4	3893	83	974	762011	no	pass	Exact source bytes copied into the source-pack shard body.
AID-SRC-000396	SHARD-002	GPTs/source_pack/source_pack_shard_002.md	BLOCK-000387	262	1	159	6a4a19b7d3b3e756ca94ca4e7a884cebe7a65a600865ad9a4de4506d922699a4	6a4a19b7d3b3e756ca94ca4e7a884cebe7a65a600865ad9a4de4506d922699a4	5966	159	1492	762011	no	pass	Exact source bytes copied into the source-pack shard body.
AID-SRC-000397	SHARD-002	GPTs/source_pack/source_pack_shard_002.md	BLOCK-000388	263	1	61	782feb0c57a1f1ca0463f0780d97f63a6736f14b2831b25a8995e8a744565d3a	782feb0c57a1f1ca0463f0780d97f63a6736f14b2831b25a8995e8a744565d3a	3264	61	816	762011	no	pass	Exact source bytes copied into the source-pack shard body.
AID-SRC-000398	SHARD-002	GPTs/source_pack/source_pack_shard_002.md	BLOCK-000389	264	1	108	9377d02a890ebd196a19bd54a5dc7b29437d2ab96c4c74ac75477432eb2b5f6f	9377d02a890ebd196a19bd54a5dc7b29437d2ab96c4c74ac75477432eb2b5f6f	5794	108	1449	762011	no	pass	Exact source bytes copied into the source-pack shard body.
AID-SRC-000399	SHARD-002	GPTs/source_pack/source_pack_shard_002.md	BLOCK-000390	265	1	56	38cb4dd817809f7bc7f7349e083b021992b4e3aedaf867e3debffd01f49008b2	38cb4dd817809f7bc7f7349e083b021992b4e3aedaf867e3debffd01f49008b2	2384	56	596	762011	no	pass	Exact source bytes copied into the source-pack shard body.
AID-SRC-000400	SHARD-002	GPTs/source_pack/source_pack_shard_002.md	BLOCK-000391	266	1	29	78c6e6a47fac87e9174b32b25c9d63c810f2ff59f54f46d5ab9273ea44d4d1b6	78c6e6a47fac87e9174b32b25c9d63c810f2ff59f54f46d5ab9273ea44d4d1b6	1512	29	378	762011	no	pass	Exact source bytes copied into the source-pack shard body.
AID-SRC-000407	SHARD-002	GPTs/source_pack/source_pack_shard_002.md	BLOCK-000392	267	1	31	7e9f683676a00b59dc2b26c0ac4e2bdc2b7f77adfc11532244259372caea249b	7e9f683676a00b59dc2b26c0ac4e2bdc2b7f77adfc11532244259372caea249b	1533	31	384	762011	no	pass	Exact source bytes copied into the source-pack shard body.
AID-SRC-000408	SHARD-002	GPTs/source_pack/source_pack_shard_002.md	BLOCK-000393	268	1	93	b0db894daadddd1af2ca5e7393b72344cf92ba9849469e41b5ac55e8b87ff00f	b0db894daadddd1af2ca5e7393b72344cf92ba9849469e41b5ac55e8b87ff00f	4627	93	1157	762011	no	pass	Exact source bytes copied into the source-pack shard body.
AID-SRC-000409	SHARD-002	GPTs/source_pack/source_pack_shard_002.md	BLOCK-000394	269	1	140	238d424302eba62d0e1dae3c43a9ccfbb1c395f874db0386ece84dd67114cee3	238d424302eba62d0e1dae3c43a9ccfbb1c395f874db0386ece84dd67114cee3	6653	140	1664	762011	no	pass	Exact source bytes copied into the source-pack shard body.
AID-SRC-000410	SHARD-002	GPTs/source_pack/source_pack_shard_002.md	BLOCK-000395	270	1	336	36ad8235651aa8b03fa66fa54d40a71563da9b21553ae59314a47144fe3e4d8d	36ad8235651aa8b03fa66fa54d40a71563da9b21553ae59314a47144fe3e4d8d	16062	336	4014	762011	no	pass	Exact source bytes copied into the source-pack shard body.
AID-SRC-000411	SHARD-002	GPTs/source_pack/source_pack_shard_002.md	BLOCK-000396	271	1	37	3e0c455ffb77d16ee0609ef91cdee163b81f90f9e65b4417e8596f75de46143c	3e0c455ffb77d16ee0609ef91cdee163b81f90f9e65b4417e8596f75de46143c	1902	37	476	762011	no	pass	Exact source bytes copied into the source-pack shard body.
AID-SRC-000412	SHARD-002	GPTs/source_pack/source_pack_shard_002.md	BLOCK-000397	272	1	61	b66194eec2ce346f89470d75b347363b1508d10a6aeaecc26bb8e10246c741d3	b66194eec2ce346f89470d75b347363b1508d10a6aeaecc26bb8e10246c741d3	2903	61	726	762011	no	pass	Exact source bytes copied into the source-pack shard body.
AID-SRC-000413	SHARD-002	GPTs/source_pack/source_pack_shard_002.md	BLOCK-000398	273	1	60	1e9d27d9500621b557f189dbe21a1d79362b6fce64fd410af566bac26f037173	1e9d27d9500621b557f189dbe21a1d79362b6fce64fd410af566bac26f037173	3011	60	753	762011	no	pass	Exact source bytes copied into the source-pack shard body.
AID-SRC-000414	SHARD-002	GPTs/source_pack/source_pack_shard_002.md	BLOCK-000399	274	1	46	d1355e692a4de69c485d967e3ed8fed42f4172197fd01b02d9a8d1784249b5dc	d1355e692a4de69c485d967e3ed8fed42f4172197fd01b02d9a8d1784249b5dc	2413	46	604	762011	no	pass	Exact source bytes copied into the source-pack shard body.
AID-SRC-000415	SHARD-002	GPTs/source_pack/source_pack_shard_002.md	BLOCK-000400	275	1	510	da014deaff33051ba705e104a9dde344ac964bdcd978f57f58f579fa13f74af9	da014deaff33051ba705e104a9dde344ac964bdcd978f57f58f579fa13f74af9	33950	510	8487	762011	no	pass	Exact source bytes copied into the source-pack shard body.
AID-SRC-000416	SHARD-002	GPTs/source_pack/source_pack_shard_002.md	BLOCK-000401	276	1	39	7e110117a71a9c3b96279a689e0a840a6335303f597e887c75205e0d0997cee2	7e110117a71a9c3b96279a689e0a840a6335303f597e887c75205e0d0997cee2	2805	39	702	762011	no	pass	Exact source bytes copied into the source-pack shard body.
AID-SRC-000417	SHARD-002	GPTs/source_pack/source_pack_shard_002.md	BLOCK-000402	277	1	222	cb740311938ce54c07a80425268d39461682956515e5fd2f42d9c10550850c14	cb740311938ce54c07a80425268d39461682956515e5fd2f42d9c10550850c14	8562	222	2137	762011	no	pass	Exact source bytes copied into the source-pack shard body.
AID-SRC-000418	SHARD-002	GPTs/source_pack/source_pack_shard_002.md	BLOCK-000403	278	1	301	69c154a237b565caeb4cc1d24812b07f79ccad460596faef003baa4a562ff142	69c154a237b565caeb4cc1d24812b07f79ccad460596faef003baa4a562ff142	14366	301	3588	762011	no	pass	Exact source bytes copied into the source-pack shard body.
AID-SRC-000419	SHARD-002	GPTs/source_pack/source_pack_shard_002.md	BLOCK-000404	279	1	197	5fe05145e18e061a860c4e2d1a874fa4b6dc3facff68a00cd650f2176efcc084	5fe05145e18e061a860c4e2d1a874fa4b6dc3facff68a00cd650f2176efcc084	9675	197	2414	762011	no	pass	Exact source bytes copied into the source-pack shard body.
AID-SRC-000420	SHARD-002	GPTs/source_pack/source_pack_shard_002.md	BLOCK-000405	280	1	119	6955829c3c8621b34fb078cf3b0d04256f2a0d52eacb06397c7d33a440e25b54	6955829c3c8621b34fb078cf3b0d04256f2a0d52eacb06397c7d33a440e25b54	5318	119	1328	762011	no	pass	Exact source bytes copied into the source-pack shard body.
AID-SRC-000421	SHARD-002	GPTs/source_pack/source_pack_shard_002.md	BLOCK-000406	281	1	317	b2a7d194228a8394205233db714b2e87d7a2c01cfb0fc1bc930ae66e04c9cd7e	b2a7d194228a8394205233db714b2e87d7a2c01cfb0fc1bc930ae66e04c9cd7e	10382	317	2596	762011	no	pass	Exact source bytes copied into the source-pack shard body.
AID-SRC-000422	SHARD-002	GPTs/source_pack/source_pack_shard_002.md	BLOCK-000407	282	1	41	4f255c3c29f016ab5da99db3e95728d9aa71a83faa64db3602d5b3867783f7c3	4f255c3c29f016ab5da99db3e95728d9aa71a83faa64db3602d5b3867783f7c3	1836	41	459	762011	no	pass	Exact source bytes copied into the source-pack shard body.
AID-SRC-000109	SHARD-002	GPTs/source_pack/source_pack_shard_002.md	BLOCK-000408	283	1	51	fc5d994cda2be57f13da5e44619043bb06169b48cf597b197f67573566cbd6a4	fc5d994cda2be57f13da5e44619043bb06169b48cf597b197f67573566cbd6a4	1569	51	393	762011	no	pass	Exact source bytes copied into the source-pack shard body.
AID-SRC-000110	SHARD-002	GPTs/source_pack/source_pack_shard_002.md	BLOCK-000409	284	1	113	ffc854543cd853aac74825a5ae7c1dbdbe96c21b62a985726595fdcd9426ca54	ffc854543cd853aac74825a5ae7c1dbdbe96c21b62a985726595fdcd9426ca54	3717	113	930	762011	no	pass	Exact source bytes copied into the source-pack shard body.
AID-SRC-000258	SHARD-002	GPTs/source_pack/source_pack_shard_002.md	BLOCK-000410	285	1	493	50ea598dac143354fa6a759a260701a6c2039c82c314a502461201c2c28fb46b	50ea598dac143354fa6a759a260701a6c2039c82c314a502461201c2c28fb46b	18486	493	4622	762011	no	pass	Exact source bytes copied into the source-pack shard body.
AID-SRC-000271	SHARD-002	GPTs/source_pack/source_pack_shard_002.md	BLOCK-000411	286	1	248	eb50c15c3fea88fbf95c40d3dabafea0f162e7e57b8587c51ac0e5df9590daf2	eb50c15c3fea88fbf95c40d3dabafea0f162e7e57b8587c51ac0e5df9590daf2	12964	248	3240	762011	no	pass	Exact source bytes copied into the source-pack shard body.
AID-SRC-000302	SHARD-002	GPTs/source_pack/source_pack_shard_002.md	BLOCK-000412	287	1	50	7e92114392022c98d84dd46ca7c98ce44d3a9ed0ddf8e7fde6528f2794d78a17	7e92114392022c98d84dd46ca7c98ce44d3a9ed0ddf8e7fde6528f2794d78a17	1909	50	478	762011	no	pass	Exact source bytes copied into the source-pack shard body.
AID-SRC-000303	SHARD-002	GPTs/source_pack/source_pack_shard_002.md	BLOCK-000413	288	1	300	70d2255c2b7a7e3cb81f66c13138107e46d560463042fe447956f49437264837	70d2255c2b7a7e3cb81f66c13138107e46d560463042fe447956f49437264837	21537	300	5378	762011	no	pass	Exact source bytes copied into the source-pack shard body.
AID-SRC-000304	SHARD-002	GPTs/source_pack/source_pack_shard_002.md	BLOCK-000414	289	1	170	ba3a6d741e287cfbbad4d8d170f538ea5c31ef411dcbe35c6037dc14eee838a5	ba3a6d741e287cfbbad4d8d170f538ea5c31ef411dcbe35c6037dc14eee838a5	10689	170	2673	762011	no	pass	Exact source bytes copied into the source-pack shard body.
AID-SRC-000305	SHARD-002	GPTs/source_pack/source_pack_shard_002.md	BLOCK-000415	290	1	200	e5cacef97a82cc2f2ab2180da7ab1400be67621b17414f7deaf7be0e2ab222c9	e5cacef97a82cc2f2ab2180da7ab1400be67621b17414f7deaf7be0e2ab222c9	5759	200	1440	762011	no	pass	Exact source bytes copied into the source-pack shard body.
AID-SRC-000306	SHARD-002	GPTs/source_pack/source_pack_shard_002.md	BLOCK-000416	291	1	21	c60f1ebfa7eeb2f666abfdc2383e1e630ced196df99e8ea224ad9d885c0475fd	c60f1ebfa7eeb2f666abfdc2383e1e630ced196df99e8ea224ad9d885c0475fd	848	21	212	762011	no	pass	Exact source bytes copied into the source-pack shard body.
AID-SRC-000307	SHARD-002	GPTs/source_pack/source_pack_shard_002.md	BLOCK-000417	292	1	115	e214e63eee6a26fa9d7ca7feaca36355ccc4d529560798ee427de0ae5b97f86a	e214e63eee6a26fa9d7ca7feaca36355ccc4d529560798ee427de0ae5b97f86a	7409	115	1840	762011	no	pass	Exact source bytes copied into the source-pack shard body.
AID-SRC-000308	SHARD-002	GPTs/source_pack/source_pack_shard_002.md	BLOCK-000418	293	1	44	6a1db6edb5d762ea520311690cf8784c717bb7a23b0c3752a4195afa4f6c6b06	6a1db6edb5d762ea520311690cf8784c717bb7a23b0c3752a4195afa4f6c6b06	2397	44	600	762011	no	pass	Exact source bytes copied into the source-pack shard body.
AID-SRC-000319	SHARD-002	GPTs/source_pack/source_pack_shard_002.md	BLOCK-000419	294	1	43	514838f837d0334a62b0d810ddc9db5ce6bce082ef2a69ddfa47291a53b48689	514838f837d0334a62b0d810ddc9db5ce6bce082ef2a69ddfa47291a53b48689	1784	43	444	762011	no	pass	Exact source bytes copied into the source-pack shard body.
AID-SRC-000320	SHARD-002	GPTs/source_pack/source_pack_shard_002.md	BLOCK-000420	295	1	43	57f3081efdb76a0b427608a238cd7519551def25f714d00d6ab64213529c171d	57f3081efdb76a0b427608a238cd7519551def25f714d00d6ab64213529c171d	1784	43	444	762011	no	pass	Exact source bytes copied into the source-pack shard body.
AID-SRC-000328	SHARD-002	GPTs/source_pack/source_pack_shard_002.md	BLOCK-000421	296	1	609	f0727c2f8d5fc301fbd84682ebac5b397dd1cb98fd65b43b057ebccf9be150fe	f0727c2f8d5fc301fbd84682ebac5b397dd1cb98fd65b43b057ebccf9be150fe	44386	609	11095	762011	no	pass	Exact source bytes copied into the source-pack shard body.
AID-SRC-000355	SHARD-002	GPTs/source_pack/source_pack_shard_002.md	BLOCK-000422	297	1	579	36e56c1144183dabbf369e4b120ad254a6f99c19cc04acd8c71177a1f503826a	36e56c1144183dabbf369e4b120ad254a6f99c19cc04acd8c71177a1f503826a	31748	579	7908	762011	no	pass	Exact source bytes copied into the source-pack shard body.
AID-SRC-000356	SHARD-002	GPTs/source_pack/source_pack_shard_002.md	BLOCK-000423	298	1	641	d34f23cb38c2a16fe58f3d068ded031f8f0c77058d105fcc988fe293015ac4c4	d34f23cb38c2a16fe58f3d068ded031f8f0c77058d105fcc988fe293015ac4c4	40504	641	10123	762011	no	pass	Exact source bytes copied into the source-pack shard body.
AID-SRC-000367	SHARD-002	GPTs/source_pack/source_pack_shard_002.md	BLOCK-000424	299	1	1176	386ad14569c9d9a1a76df0666b482dbf35ee60ac7bca0c86982851fe4e4728a1	386ad14569c9d9a1a76df0666b482dbf35ee60ac7bca0c86982851fe4e4728a1	64089	1176	16003	762011	no	pass	Exact source bytes copied into the source-pack shard body.
AID-SRC-000376	SHARD-002	GPTs/source_pack/source_pack_shard_002.md	BLOCK-000425	300	1	29	873f34aad7167f7660784f145cd6f7f3b92a9107caa598df923bd4652527a304	873f34aad7167f7660784f145cd6f7f3b92a9107caa598df923bd4652527a304	1424	29	356	762011	no	pass	Exact source bytes copied into the source-pack shard body.
AID-SRC-000377	SHARD-002	GPTs/source_pack/source_pack_shard_002.md	BLOCK-000426	301	1	34	fc7c0619a5c6aeb3d3a4592a8a65966a2b81f33a26cf7568c5be7bd157e4d1c4	fc7c0619a5c6aeb3d3a4592a8a65966a2b81f33a26cf7568c5be7bd157e4d1c4	1759	34	440	762011	no	pass	Exact source bytes copied into the source-pack shard body.
AID-SRC-000378	SHARD-002	GPTs/source_pack/source_pack_shard_002.md	BLOCK-000427	302	1	50	d51fb32ed75b00ddd5d11be7378112eb1039250557d1529bf089a9abb3770d31	d51fb32ed75b00ddd5d11be7378112eb1039250557d1529bf089a9abb3770d31	2614	50	654	762011	no	pass	Exact source bytes copied into the source-pack shard body.
AID-SRC-000379	SHARD-002	GPTs/source_pack/source_pack_shard_002.md	BLOCK-000428	303	1	38	0ea006e248e7752f22ab831251565ff6b3a98c66233ebf7355a43aeb94b5fc13	0ea006e248e7752f22ab831251565ff6b3a98c66233ebf7355a43aeb94b5fc13	1584	38	396	762011	no	pass	Exact source bytes copied into the source-pack shard body.
AID-000016	SHARD-002	GPTs/source_pack/source_pack_shard_002.md	BLOCK-000429	304	1	78	ece0e24c26660cbfc950c3f6c2fdf3d87264a593c1de2e6f20aab23d69a4c550	ece0e24c26660cbfc950c3f6c2fdf3d87264a593c1de2e6f20aab23d69a4c550	68854	78	16693	762011	no	pass	Exact source bytes copied into the source-pack shard body.
AID-000024	SHARD-002	GPTs/source_pack/source_pack_shard_002.md	BLOCK-000430	305	1	623	21ee4c3a52c9ee21a2fbf06395a6799e68357e0ebb012275d9984fd193cba735	21ee4c3a52c9ee21a2fbf06395a6799e68357e0ebb012275d9984fd193cba735	411411	623	102820	762011	no	pass	Exact source bytes copied into the source-pack shard body.
AID-000023	SHARD-002	GPTs/source_pack/source_pack_shard_002.md	BLOCK-000431	306	1	826	248618e8717b2b1867c49220dce3335a068fd67f5d5d399277d620322d19a0b6	248618e8717b2b1867c49220dce3335a068fd67f5d5d399277d620322d19a0b6	410677	826	102350	762011	no	pass	Exact source bytes copied into the source-pack shard body.
AID-000025	SHARD-002	GPTs/source_pack/source_pack_shard_002.md	BLOCK-000432	307	1	32	4f2149f26447b267e25d125f06dfaeea24e34a8ed36820a91228b2987c304931	4f2149f26447b267e25d125f06dfaeea24e34a8ed36820a91228b2987c304931	14743	32	3665	762011	no	pass	Exact source bytes copied into the source-pack shard body.
AID-000022	SHARD-003	GPTs/source_pack/source_pack_shard_003.md	BLOCK-000433	1	1	2730	35b4977f616c843292b4e31057ed94e202bf449653342450fdd9d9d677341ca0	35b4977f616c843292b4e31057ed94e202bf449653342450fdd9d9d677341ca0	1388650	2730	346701	671448	no	pass	Exact source bytes copied into the source-pack shard body.
AID-000020	SHARD-003	GPTs/source_pack/source_pack_shard_003.md	BLOCK-000434	2	1	423	2c9665a45f76c2bd13be83b6e944af575ce08fdd3d217675ceddf954657d087b	2c9665a45f76c2bd13be83b6e944af575ce08fdd3d217675ceddf954657d087b	147236	423	36808	671448	no	pass	Exact source bytes copied into the source-pack shard body.
AID-000021	SHARD-003	GPTs/source_pack/source_pack_shard_003.md	BLOCK-000435	3	1	423	5bd7d089f6990929a73adea7f582eccfff17437d5e6034e38f80b9d333549606	5bd7d089f6990929a73adea7f582eccfff17437d5e6034e38f80b9d333549606	130635	423	32659	671448	no	pass	Exact source bytes copied into the source-pack shard body.
AID-SRC-000426	SHARD-003	GPTs/source_pack/source_pack_shard_003.md	BLOCK-000436	4	1	1371	88c892fa1b14db3d90c49d1c8318be2a761e82d33b2e3a911a8dc50358a0d278	88c892fa1b14db3d90c49d1c8318be2a761e82d33b2e3a911a8dc50358a0d278	77411	1371	19329	671448	no	pass	Exact source bytes copied into the source-pack shard body.
AID-SRC-000427	SHARD-003	GPTs/source_pack/source_pack_shard_003.md	BLOCK-000437	5	1	327	3f02c5fe4b51cfeee6a0f341df8558b62ccdedfa435e6c418a853a55277e1c61	3f02c5fe4b51cfeee6a0f341df8558b62ccdedfa435e6c418a853a55277e1c61	30893	327	7700	671448	no	pass	Exact source bytes copied into the source-pack shard body.
AID-SRC-000428	SHARD-003	GPTs/source_pack/source_pack_shard_003.md	BLOCK-000438	6	1	1401	c126830ce09dfb71d3b4d5f66fc2c979cbbd5cead22569b536b5207b56a8a100	c126830ce09dfb71d3b4d5f66fc2c979cbbd5cead22569b536b5207b56a8a100	92973	1401	23197	671448	no	pass	Exact source bytes copied into the source-pack shard body.
AID-SRC-000429	SHARD-003	GPTs/source_pack/source_pack_shard_003.md	BLOCK-000439	7	1	923	d9cbf64737857e5e9dd3850d5bf4b0b8d022f30c8bbe4d33ec792e61c2f10593	d9cbf64737857e5e9dd3850d5bf4b0b8d022f30c8bbe4d33ec792e61c2f10593	42306	923	10577	671448	no	pass	Exact source bytes copied into the source-pack shard body.
AID-SRC-000430	SHARD-003	GPTs/source_pack/source_pack_shard_003.md	BLOCK-000440	8	1	1062	1d3cf3682be0e84aaa5f48c451e347667403e91b8e709f4992e4b16b6908e5c5	1d3cf3682be0e84aaa5f48c451e347667403e91b8e709f4992e4b16b6908e5c5	54449	1062	13613	671448	no	pass	Exact source bytes copied into the source-pack shard body.
AID-SRC-000431	SHARD-003	GPTs/source_pack/source_pack_shard_003.md	BLOCK-000441	9	1	5578	a10ef04b2d38588871f80e8d1a4814aaf24237fbd2b7c25157e892c1a8a94f10	a10ef04b2d38588871f80e8d1a4814aaf24237fbd2b7c25157e892c1a8a94f10	292984	5578	73232	671448	no	pass	Exact source bytes copied into the source-pack shard body.
AID-SRC-000432	SHARD-003	GPTs/source_pack/source_pack_shard_003.md	BLOCK-000442	10	1	817	b40608460d0e088f48e652391922a4659ec40481c3d74311232761b6074afa4b	b40608460d0e088f48e652391922a4659ec40481c3d74311232761b6074afa4b	89529	817	22363	671448	no	pass	Exact source bytes copied into the source-pack shard body.
AID-SRC-000433	SHARD-003	GPTs/source_pack/source_pack_shard_003.md	BLOCK-000443	11	1	1109	fa96985c5763820cfbd905a30a35f5aaad31c0f966deee062186788b212f713c	fa96985c5763820cfbd905a30a35f5aaad31c0f966deee062186788b212f713c	63649	1109	15903	671448	no	pass	Exact source bytes copied into the source-pack shard body.
AID-SRC-000434	SHARD-003	GPTs/source_pack/source_pack_shard_003.md	BLOCK-000444	12	1	1622	4d7b3411d03710b03fa2b9de9ceb663e6929dc00d4ca2112bb36d6d25fad4f45	4d7b3411d03710b03fa2b9de9ceb663e6929dc00d4ca2112bb36d6d25fad4f45	91369	1622	22826	671448	no	pass	Exact source bytes copied into the source-pack shard body.
AID-SRC-000435	SHARD-003	GPTs/source_pack/source_pack_shard_003.md	BLOCK-000445	13	1	969	bec1f9322b3d07916c050b53090dc6349396375964ad405c75c72a4ab9526060	bec1f9322b3d07916c050b53090dc6349396375964ad405c75c72a4ab9526060	53218	969	13298	671448	no	pass	Exact source bytes copied into the source-pack shard body.
AID-SRC-000436	SHARD-003	GPTs/source_pack/source_pack_shard_003.md	BLOCK-000446	14	1	721	42cc71186d5219d9744e48a88d4ccff57a000914c07673707ae29e9d6d529dcf	42cc71186d5219d9744e48a88d4ccff57a000914c07673707ae29e9d6d529dcf	41144	721	10269	671448	no	pass	Exact source bytes copied into the source-pack shard body.
AID-SRC-000437	SHARD-003	GPTs/source_pack/source_pack_shard_003.md	BLOCK-000447	15	1	330	d96a7f73f3ef949aa2e5150a8e03dc0d8c48a06c381284684a28279704f6c94e	d96a7f73f3ef949aa2e5150a8e03dc0d8c48a06c381284684a28279704f6c94e	36246	330	9001	671448	no	pass	Exact source bytes copied into the source-pack shard body.
AID-SRC-000425	SHARD-003	GPTs/source_pack/source_pack_shard_003.md	BLOCK-000448	16	1	261	781c22229c377f815d8dbbfb07e4bbd8392e51f929c5c637998e3e9d9ce50e6a	781c22229c377f815d8dbbfb07e4bbd8392e51f929c5c637998e3e9d9ce50e6a	14217	261	3555	671448	no	pass	Exact source bytes copied into the source-pack shard body.
AID-000019	SHARD-003	GPTs/source_pack/source_pack_shard_003.md	BLOCK-000449	17	1	83	8dfbf1277e98bd2f8fdb2fa2f74c7ac644d970763473068c3ee285bb124e1adb	8dfbf1277e98bd2f8fdb2fa2f74c7ac644d970763473068c3ee285bb124e1adb	5099	83	1275	671448	no	pass	Exact source bytes copied into the source-pack shard body.
AID-000018	SHARD-003	GPTs/source_pack/source_pack_shard_003.md	BLOCK-000450	18	1	141	e58c7604899832e10088927f0447d4f78c104b144d866186d1aab67e26bccd89	e58c7604899832e10088927f0447d4f78c104b144d866186d1aab67e26bccd89	8039	141	2010	671448	no	pass	Exact source bytes copied into the source-pack shard body.
AID-SRC-000423	SHARD-003	GPTs/source_pack/source_pack_shard_003.md	BLOCK-000451	19	1	164	4a49e562415574c3e215c0350e26082549747b6fb3c9263b67a57d866bcab024	4a49e562415574c3e215c0350e26082549747b6fb3c9263b67a57d866bcab024	9949	164	2488	671448	no	pass	Exact source bytes copied into the source-pack shard body.
AID-SRC-000438	SHARD-004	GPTs/source_pack/source_pack_shard_004.md	BLOCK-000452	1	1	17220	ef985c718bccd5e8bea02e2a8ca240bd33f8f33f3d1be7f549062931ff957530	ef985c718bccd5e8bea02e2a8ca240bd33f8f33f3d1be7f549062931ff957530	1030415	17220	257363	865693	no	pass	Exact source bytes copied into the source-pack shard body.
AID-SRC-000424	SHARD-004	GPTs/source_pack/source_pack_shard_004.md	BLOCK-000453	2	1	145	c0467a7c4b385825ec16ced6b72e7334c6b66ee55022bbffd10e07bef5a63d11	c0467a7c4b385825ec16ced6b72e7334c6b66ee55022bbffd10e07bef5a63d11	9020	145	2255	865693	no	pass	Exact source bytes copied into the source-pack shard body.
AID-000009	SHARD-004	GPTs/source_pack/source_pack_shard_004.md	BLOCK-000454	3	1	5324	4a0e4451dac7b1adc7d8f232dc2595c50910c4b19f14ecae99fec0d18fa8719b	4a0e4451dac7b1adc7d8f232dc2595c50910c4b19f14ecae99fec0d18fa8719b	239671	5324	58284	865693	no	pass	Exact source bytes copied into the source-pack shard body.
AID-000011	SHARD-004	GPTs/source_pack/source_pack_shard_004.md	BLOCK-000455	4	1	410	6b253486035b1c2dd09be0ec0f3d9db5283f4c2e11bd36bb722cfba45077aac7	6b253486035b1c2dd09be0ec0f3d9db5283f4c2e11bd36bb722cfba45077aac7	43899	410	7040	865693	no	pass	Exact source bytes copied into the source-pack shard body.
AID-000012	SHARD-004	GPTs/source_pack/source_pack_shard_004.md	BLOCK-000456	5	1	1487	ed7be11f2c77cbe98de4a9d7b18c860b67b6001d744ba875c10683632ec5ec4b	ed7be11f2c77cbe98de4a9d7b18c860b67b6001d744ba875c10683632ec5ec4b	122304	1487	29676	865693	no	pass	Exact source bytes copied into the source-pack shard body.
AID-000010	SHARD-004	GPTs/source_pack/source_pack_shard_004.md	BLOCK-000457	6	1	261	83f3d43a9a908275500edffcf60a5b7bf66790adc528639649f12b9bb6d920a2	83f3d43a9a908275500edffcf60a5b7bf66790adc528639649f12b9bb6d920a2	13625	261	3396	865693	no	pass	Exact source bytes copied into the source-pack shard body.
AID-000017	SHARD-004	GPTs/source_pack/source_pack_shard_004.md	BLOCK-000458	7	1	110	d0fbf9b7b37f4f2a07610ac1ab0233d1fa3864140350b9f76ec71497b21a16d0	d0fbf9b7b37f4f2a07610ac1ab0233d1fa3864140350b9f76ec71497b21a16d0	6023	110	1506	865693	no	pass	Exact source bytes copied into the source-pack shard body.
AID-000013	SHARD-004	GPTs/source_pack/source_pack_shard_004.md	BLOCK-000459	8	1	242	3c3ab7d2166f34f66914df3b63a0255a3ad17f75bec61872fa0df2009a5cf743	3c3ab7d2166f34f66914df3b63a0255a3ad17f75bec61872fa0df2009a5cf743	120999	242	29457	865693	no	pass	Exact source bytes copied into the source-pack shard body.
AID-000015	SHARD-004	GPTs/source_pack/source_pack_shard_004.md	BLOCK-000460	9	1	22	1f4ef4051fcd9cd9f3551c5012617516e5680c4e21b9340cb4ffc6bf31b096d3	1f4ef4051fcd9cd9f3551c5012617516e5680c4e21b9340cb4ffc6bf31b096d3	8519	22	2044	865693	no	pass	Exact source bytes copied into the source-pack shard body.
AID-000014	SHARD-004	GPTs/source_pack/source_pack_shard_004.md	BLOCK-000461	10	1	151	e7714d62877908cd8d9df89e164b6a79c139aa993ece93e288a1f406091f5502	e7714d62877908cd8d9df89e164b6a79c139aa993ece93e288a1f406091f5502	8314	151	2079	865693	no	pass	Exact source bytes copied into the source-pack shard body.
SRC-000015	SHARD-004	GPTs/source_pack/source_pack_shard_004.md	BLOCK-000462	11	1	4482	a3c3a9379730827a355045538061a8fd71e089cd2536b6a6017a496f6f68fb8d	a3c3a9379730827a355045538061a8fd71e089cd2536b6a6017a496f6f68fb8d	175109	4482	43707	865693	no	pass	Exact source bytes copied into the source-pack shard body.
SRC-000019	SHARD-004	GPTs/source_pack/source_pack_shard_004.md	BLOCK-000463	12	1	3820	59b9794bb2e112f05e84a2065865a0196ad21351a58f5bd96ee1accfd310342f	59b9794bb2e112f05e84a2065865a0196ad21351a58f5bd96ee1accfd310342f	157844	3820	39432	865693	no	pass	Exact source bytes copied into the source-pack shard body.
SRC-000021	SHARD-004	GPTs/source_pack/source_pack_shard_004.md	BLOCK-000464	13	1	10213	a086bfdc28d3a7580fc1d67600dfcb51f4201f8876b555237b9381cdc02bc700	a086bfdc28d3a7580fc1d67600dfcb51f4201f8876b555237b9381cdc02bc700	430327	10213	107282	865693	no	pass	Exact source bytes copied into the source-pack shard body.
SRC-000034	SHARD-004	GPTs/source_pack/source_pack_shard_004.md	BLOCK-000465	14	1	631	bd4fdd1acffd01f515b621df917e69fe5fcb34ddffca47be8c3d137166f03a67	bd4fdd1acffd01f515b621df917e69fe5fcb34ddffca47be8c3d137166f03a67	24097	631	5997	865693	no	pass	Exact source bytes copied into the source-pack shard body.
SRC-000036	SHARD-004	GPTs/source_pack/source_pack_shard_004.md	BLOCK-000466	15	1	10203	0b6c48f54af79594b576d15dd4fa37da18c211650338d797ee0df2854585be0d	0b6c48f54af79594b576d15dd4fa37da18c211650338d797ee0df2854585be0d	378854	10203	94573	865693	no	pass	Exact source bytes copied into the source-pack shard body.
SRC-000046	SHARD-004	GPTs/source_pack/source_pack_shard_004.md	BLOCK-000467	16	1	4784	8bcb2351404b8b2a77951ac8f785b511230ba68851b670fc8e2fdd79be7e9b1a	8bcb2351404b8b2a77951ac8f785b511230ba68851b670fc8e2fdd79be7e9b1a	186952	4784	34005	865693	no	pass	Exact source bytes copied into the source-pack shard body.
SRC-000050	SHARD-004	GPTs/source_pack/source_pack_shard_004.md	BLOCK-000468	17	1	4355	a232548525fe2dd87ed98378d09eb1c8930af587677b681c20ad8f1e027f7f9f	a232548525fe2dd87ed98378d09eb1c8930af587677b681c20ad8f1e027f7f9f	175733	4355	31004	865693	no	pass	Exact source bytes copied into the source-pack shard body.
SRC-000052	SHARD-004	GPTs/source_pack/source_pack_shard_004.md	BLOCK-000469	18	1	11140	5b3db937c6a43c96fb4e2a068cd14d05a65405d61b29a702e5f5a90526a65c36	5b3db937c6a43c96fb4e2a068cd14d05a65405d61b29a702e5f5a90526a65c36	542151	11140	107151	865693	no	pass	Exact source bytes copied into the source-pack shard body.
SRC-000065	SHARD-004	GPTs/source_pack/source_pack_shard_004.md	BLOCK-000470	19	1	701	83332fc494d1f9f56a2095976d39725f129c5c7ea69df1fd48ade6bccf1ca6fe	83332fc494d1f9f56a2095976d39725f129c5c7ea69df1fd48ade6bccf1ca6fe	25117	701	4934	865693	no	pass	Exact source bytes copied into the source-pack shard body.
SRC-000068	SHARD-005	GPTs/source_pack/source_pack_shard_005.md	BLOCK-000471	1	1	10518	8d4231614d946300a9ecd3ffebf9a598f77ae22cba902923bba11c711a6bdcfc	8d4231614d946300a9ecd3ffebf9a598f77ae22cba902923bba11c711a6bdcfc	356305	10518	63045	899447	no	pass	Exact source bytes copied into the source-pack shard body.
SRC-000079	SHARD-005	GPTs/source_pack/source_pack_shard_005.md	BLOCK-000472	2	1	3853	3064719f8a35b110a40db96a7cf32db782d132b280d144cca0bc8eeb4b37b606	3064719f8a35b110a40db96a7cf32db782d132b280d144cca0bc8eeb4b37b606	155648	3853	38842	899447	no	pass	Exact source bytes copied into the source-pack shard body.
SRC-000083	SHARD-005	GPTs/source_pack/source_pack_shard_005.md	BLOCK-000473	3	1	3812	c17c6460eb6c7c6bb9d9301f94da7cda28a8b8a409e6ba16d135e1e2938cb3c8	c17c6460eb6c7c6bb9d9301f94da7cda28a8b8a409e6ba16d135e1e2938cb3c8	158053	3812	39483	899447	no	pass	Exact source bytes copied into the source-pack shard body.
SRC-000085	SHARD-005	GPTs/source_pack/source_pack_shard_005.md	BLOCK-000474	4	1	10207	8a5c302c8a092621a323c82e3822f1c8cdb23a6247a1a9c005dfb75e8e35bc05	8a5c302c8a092621a323c82e3822f1c8cdb23a6247a1a9c005dfb75e8e35bc05	429501	10207	107078	899447	no	pass	Exact source bytes copied into the source-pack shard body.
SRC-000097	SHARD-005	GPTs/source_pack/source_pack_shard_005.md	BLOCK-000475	5	1	628	661600fbfaa84f953594a03bad326b688acf77a0bd844d5eecb982c2dc9b88ea	661600fbfaa84f953594a03bad326b688acf77a0bd844d5eecb982c2dc9b88ea	24063	628	5989	899447	no	pass	Exact source bytes copied into the source-pack shard body.
SRC-000099	SHARD-005	GPTs/source_pack/source_pack_shard_005.md	BLOCK-000476	6	1	10131	6f287b80655334bd6c49ebf8877966d95262695568f366a15283b2bffe6fffb9	6f287b80655334bd6c49ebf8877966d95262695568f366a15283b2bffe6fffb9	375808	10131	93809	899447	no	pass	Exact source bytes copied into the source-pack shard body.
SRC-000110	SHARD-005	GPTs/source_pack/source_pack_shard_005.md	BLOCK-000477	7	1	4131	5d4f8bcbd8a224cdc710cc5b9cad6eba5cec6986be172de4cb672e0466233fd9	5d4f8bcbd8a224cdc710cc5b9cad6eba5cec6986be172de4cb672e0466233fd9	166298	4131	29510	899447	no	pass	Exact source bytes copied into the source-pack shard body.
SRC-000114	SHARD-005	GPTs/source_pack/source_pack_shard_005.md	BLOCK-000478	8	1	4343	cf0d0f26209b004ef21aff6b98f567acb480d88a5ce1ddf2ace067cf22c4ad33	cf0d0f26209b004ef21aff6b98f567acb480d88a5ce1ddf2ace067cf22c4ad33	175689	4343	30993	899447	no	pass	Exact source bytes copied into the source-pack shard body.
SRC-000116	SHARD-005	GPTs/source_pack/source_pack_shard_005.md	BLOCK-000479	9	1	11152	04345e632d41474f7db266f557f72f9d2e294858a5c3275ba8796880929f39a3	04345e632d41474f7db266f557f72f9d2e294858a5c3275ba8796880929f39a3	526556	11152	103271	899447	no	pass	Exact source bytes copied into the source-pack shard body.
SRC-000128	SHARD-005	GPTs/source_pack/source_pack_shard_005.md	BLOCK-000480	10	1	708	931d424b06cc7c8b1c68ef34efaa28d59cc842232158284d0bcbbef57cac2a34	931d424b06cc7c8b1c68ef34efaa28d59cc842232158284d0bcbbef57cac2a34	25349	708	4992	899447	no	pass	Exact source bytes copied into the source-pack shard body.
SRC-000130	SHARD-005	GPTs/source_pack/source_pack_shard_005.md	BLOCK-000481	11	1	10589	d551a477cdb192c0f224713d091c3fed36d0dd1fe14b9e74c166f43ce2345a2b	d551a477cdb192c0f224713d091c3fed36d0dd1fe14b9e74c166f43ce2345a2b	358632	10589	63401	899447	no	pass	Exact source bytes copied into the source-pack shard body.
SRC-000140	SHARD-005	GPTs/source_pack/source_pack_shard_005.md	BLOCK-000482	12	1	3850	326920150201e0189ffd6f14b30293b236bbde3300f0ca7b62ecd81de9546f38	326920150201e0189ffd6f14b30293b236bbde3300f0ca7b62ecd81de9546f38	155653	3850	38843	899447	no	pass	Exact source bytes copied into the source-pack shard body.
SRC-000144	SHARD-005	GPTs/source_pack/source_pack_shard_005.md	BLOCK-000483	13	1	3812	874bc2ca75149561f7c90af5d3070223505f862b2ef5c316abbb58b90caa62d5	874bc2ca75149561f7c90af5d3070223505f862b2ef5c316abbb58b90caa62d5	158039	3812	39480	899447	no	pass	Exact source bytes copied into the source-pack shard body.
SRC-000146	SHARD-005	GPTs/source_pack/source_pack_shard_005.md	BLOCK-000484	14	1	10206	809cb30368127ad08e4a4373be508c672c3bd8154b2e52fb35d510636847b534	809cb30368127ad08e4a4373be508c672c3bd8154b2e52fb35d510636847b534	430290	10206	107274	899447	no	pass	Exact source bytes copied into the source-pack shard body.
SRC-000158	SHARD-005	GPTs/source_pack/source_pack_shard_005.md	BLOCK-000485	15	1	628	0e3d60179d74f2a47aaaf29cfbcaae7826a94d440644702eea4ac620b8b8c996	0e3d60179d74f2a47aaaf29cfbcaae7826a94d440644702eea4ac620b8b8c996	24050	628	5985	899447	no	pass	Exact source bytes copied into the source-pack shard body.
SRC-000160	SHARD-005	GPTs/source_pack/source_pack_shard_005.md	BLOCK-000486	16	1	10132	d63d2720fbbca4d91ab7d794e2aa86da45b087e9b2b53411a8687b2d6477c3ab	d63d2720fbbca4d91ab7d794e2aa86da45b087e9b2b53411a8687b2d6477c3ab	375800	10132	93807	899447	no	pass	Exact source bytes copied into the source-pack shard body.
SRC-000170	SHARD-005	GPTs/source_pack/source_pack_shard_005.md	BLOCK-000487	17	1	4122	6bd28a1121908df0d4b28e010bd4d7d7525046778ac3d3fdf0b77f7c47b46186	6bd28a1121908df0d4b28e010bd4d7d7525046778ac3d3fdf0b77f7c47b46186	166269	4122	29502	899447	no	pass	Exact source bytes copied into the source-pack shard body.
SRC-000174	SHARD-006	GPTs/source_pack/source_pack_shard_006.md	BLOCK-000488	1	1	4342	26469cf43f9017023b35ef39378146e325b4a16d8bd24eb748c960d2d6d712cb	26469cf43f9017023b35ef39378146e325b4a16d8bd24eb748c960d2d6d712cb	175675	4342	30990	817759	no	pass	Exact source bytes copied into the source-pack shard body.
SRC-000176	SHARD-006	GPTs/source_pack/source_pack_shard_006.md	BLOCK-000489	2	1	11203	b99f42229b88e7908634b684805de61b5922c5eda717e3ad76bb2c8a094c9c02	b99f42229b88e7908634b684805de61b5922c5eda717e3ad76bb2c8a094c9c02	528174	11203	103577	817759	no	pass	Exact source bytes copied into the source-pack shard body.
SRC-000188	SHARD-006	GPTs/source_pack/source_pack_shard_006.md	BLOCK-000490	3	1	707	bb38ea124f020c2587b9b576953bdd19c309e2c4a7f99465296519bb6080cd84	bb38ea124f020c2587b9b576953bdd19c309e2c4a7f99465296519bb6080cd84	25335	707	4988	817759	no	pass	Exact source bytes copied into the source-pack shard body.
SRC-000190	SHARD-006	GPTs/source_pack/source_pack_shard_006.md	BLOCK-000491	4	1	10585	b81313a54877c5fc20dacf093450f5954ba15b82c025131aeecac06faf09f6d9	b81313a54877c5fc20dacf093450f5954ba15b82c025131aeecac06faf09f6d9	358530	10585	63372	817759	no	pass	Exact source bytes copied into the source-pack shard body.
SRC-000022	SHARD-006	GPTs/source_pack/source_pack_shard_006.md	BLOCK-000492	5	1	2696	bf4a695e8f151a761f1231ee4bb5db85f2e3a8d7cd0bac140f48d6b7fd2f10f9	349ff6db30eaae9fc09f5b28b0089713a0a9d29b024da734da758c538dad1fdd	111976	2731	27954	817759	no	pass	Source bytes copied into the source-pack shard body with 4 image-recovery sidecar conversion(s) inserted after the matching image reference.
SRC-000028	SHARD-006	GPTs/source_pack/source_pack_shard_006.md	BLOCK-000493	6	1	607	1f985f68b34252df7cd3908e0187ec8a68b928bcab6050f16790e38ced8e5d04	1f985f68b34252df7cd3908e0187ec8a68b928bcab6050f16790e38ced8e5d04	23978	607	5961	817759	no	pass	Exact source bytes copied into the source-pack shard body.
SRC-000053	SHARD-006	GPTs/source_pack/source_pack_shard_006.md	BLOCK-000494	7	1	3070	6a076dda45148bce0b720d175807ca78cb603345a217db2275c4f6912433910a	86d5aff1090404a322b9ab8b9a792129822a9b00e4094ee18de217a4fa2026c2	132767	3105	22514	817759	no	pass	Source bytes copied into the source-pack shard body with 4 image-recovery sidecar conversion(s) inserted after the matching image reference.
SRC-000059	SHARD-006	GPTs/source_pack/source_pack_shard_006.md	BLOCK-000495	8	1	711	17187ee29f859f188907648282f0125d8c482018478625524bb76bd7e11f3dc4	17187ee29f859f188907648282f0125d8c482018478625524bb76bd7e11f3dc4	27965	711	4786	817759	no	pass	Exact source bytes copied into the source-pack shard body.
SRC-000086	SHARD-006	GPTs/source_pack/source_pack_shard_006.md	BLOCK-000496	9	1	2698	5622135ef46b6bff10cd0dd9084734256a9c1cfff992e83fa51edd4322b5864a	dec29af7049a3cd7221905eec87cbfde263f4e43552d49f6e9c9ea2e37b30623	112046	2733	27971	817759	no	pass	Source bytes copied into the source-pack shard body with 4 image-recovery sidecar conversion(s) inserted after the matching image reference.
SRC-000092	SHARD-006	GPTs/source_pack/source_pack_shard_006.md	BLOCK-000497	10	1	608	e2af7b1db8e793ad5dba33dac2dbc2a5db0e68d6f8780fa7f705b747ea71505d	e2af7b1db8e793ad5dba33dac2dbc2a5db0e68d6f8780fa7f705b747ea71505d	23985	608	5963	817759	no	pass	Exact source bytes copied into the source-pack shard body.
SRC-000117	SHARD-006	GPTs/source_pack/source_pack_shard_006.md	BLOCK-000498	11	1	3062	abd9dcf90cebc57a0a44e22b2fed5b5fe43a6a8f3f82c38df9b2c18514e72dff	1ba5cf8c8d5742fca0a9f600ba4f77c301f2a3d2503b735466e109a65a590596	132754	3097	22514	817759	no	pass	Source bytes copied into the source-pack shard body with 4 image-recovery sidecar conversion(s) inserted after the matching image reference.
SRC-000123	SHARD-006	GPTs/source_pack/source_pack_shard_006.md	BLOCK-000499	12	1	717	b27f51a864754e52cde1dcff76cc5f0198ab2ef01c52b33c936f4b6608a708b8	b27f51a864754e52cde1dcff76cc5f0198ab2ef01c52b33c936f4b6608a708b8	28196	717	4844	817759	no	pass	Exact source bytes copied into the source-pack shard body.
SRC-000147	SHARD-006	GPTs/source_pack/source_pack_shard_006.md	BLOCK-000500	13	1	2705	6ec8be360cb311d372d57cbefc7ac103875aac9583016f8c541de8dec1cdc038	db58d130b72c26a3f41755b5bfe492a989a236aed10b647867f72d8ecd4e1d51	112577	2741	28104	817759	no	pass	Source bytes copied into the source-pack shard body with 4 image-recovery sidecar conversion(s) inserted after the matching image reference.
SRC-000153	SHARD-006	GPTs/source_pack/source_pack_shard_006.md	BLOCK-000501	14	1	607	49ca6a4c3da811b0a619105d87e0bc727eca07755be602db0b4c5b5075fcd2e8	49ca6a4c3da811b0a619105d87e0bc727eca07755be602db0b4c5b5075fcd2e8	23971	607	5959	817759	no	pass	Exact source bytes copied into the source-pack shard body.
SRC-000177	SHARD-006	GPTs/source_pack/source_pack_shard_006.md	BLOCK-000502	15	1	3070	9aa3155957f79e21f51a4cb4850fbb4c2b257e97c55746fdfade6ccdb6d80017	ae51601ed68ceca5a650f3d036e45e4898af347fce77850327b758964ddee587	133249	3106	22576	817759	no	pass	Source bytes copied into the source-pack shard body with 4 image-recovery sidecar conversion(s) inserted after the matching image reference.
SRC-000183	SHARD-006	GPTs/source_pack/source_pack_shard_006.md	BLOCK-000503	16	1	716	d29b6449edf0c283f8f5003d68f12fa0e41c7dd289b04e254c3f7280223a1f2e	d29b6449edf0c283f8f5003d68f12fa0e41c7dd289b04e254c3f7280223a1f2e	28182	716	4841	817759	no	pass	Exact source bytes copied into the source-pack shard body.
SRC-000214	SHARD-006	GPTs/source_pack/source_pack_shard_006.md	BLOCK-000504	17	1	947	2766b6804224b1ece4fd68964841ea66f3f0bcd63f266814353f2258271f6ad1	2766b6804224b1ece4fd68964841ea66f3f0bcd63f266814353f2258271f6ad1	51841	947	12926	817759	no	pass	Exact source bytes copied into the source-pack shard body.
SRC-000221	SHARD-006	GPTs/source_pack/source_pack_shard_006.md	BLOCK-000505	18	1	1101	8f24fc16ce632c502e3a1d3cd3c432c97b96c564e2f7b900488428778f7c03be	8f24fc16ce632c502e3a1d3cd3c432c97b96c564e2f7b900488428778f7c03be	56648	1101	10861	817759	no	pass	Exact source bytes copied into the source-pack shard body.
SRC-000200	SHARD-006	GPTs/source_pack/source_pack_shard_006.md	BLOCK-000506	19	1	921	0d9d33bed565eb0662bafdc49a47e76e54640722ced46d477677d9691a5b84fa	0d9d33bed565eb0662bafdc49a47e76e54640722ced46d477677d9691a5b84fa	50748	921	12652	817759	no	pass	Exact source bytes copied into the source-pack shard body.
SRC-000207	SHARD-006	GPTs/source_pack/source_pack_shard_006.md	BLOCK-000507	20	1	1072	49749f86ebdb568213a1fd48485a594cff77c62c3926296b67880844e5ebc7bb	49749f86ebdb568213a1fd48485a594cff77c62c3926296b67880844e5ebc7bb	55415	1072	10614	817759	no	pass	Exact source bytes copied into the source-pack shard body.
SRC-000023	SHARD-006	GPTs/source_pack/source_pack_shard_006.md	BLOCK-000508	21	1	21071	5ecada039287eb6e6cd0742e28b9900b0cd6e98177687ee384b3e9ad38a2255e	5ecada039287eb6e6cd0742e28b9900b0cd6e98177687ee384b3e9ad38a2255e	754363	21071	188460	817759	no	pass	Exact source bytes copied into the source-pack shard body.
SRC-000054	SHARD-006	GPTs/source_pack/source_pack_shard_006.md	BLOCK-000509	22	1	21375	ecda6768fb0cf4d0773af3e22e8b8f3fda06c46856de6c1ddfd801a58c3e1634	ecda6768fb0cf4d0773af3e22e8b8f3fda06c46856de6c1ddfd801a58c3e1634	760861	21375	189824	817759	no	pass	Exact source bytes copied into the source-pack shard body.
SRC-000087	SHARD-007	GPTs/source_pack/source_pack_shard_007.md	BLOCK-000510	1	1	18190	36922725a97d66a1660eac1e405b764a03132cb37575c0dd76d9c5d391d7f574	36922725a97d66a1660eac1e405b764a03132cb37575c0dd76d9c5d391d7f574	760319	18190	189946	854729	no	pass	Exact source bytes copied into the source-pack shard body.
SRC-000118	SHARD-007	GPTs/source_pack/source_pack_shard_007.md	BLOCK-000511	2	1	22235	892d73bb719b23964cb5d7fd74b3a9a52eb6350819fa33d58913d622a30f79c0	892d73bb719b23964cb5d7fd74b3a9a52eb6350819fa33d58913d622a30f79c0	757808	22235	189057	854729	no	pass	Exact source bytes copied into the source-pack shard body.
SRC-000148	SHARD-007	GPTs/source_pack/source_pack_shard_007.md	BLOCK-000512	3	1	23088	6c6f3204d8bd6410178d1a8a1d11a3ad33b364030a1a50c496e027dd7a89ef38	6c6f3204d8bd6410178d1a8a1d11a3ad33b364030a1a50c496e027dd7a89ef38	781219	23088	195171	854729	no	pass	Exact source bytes copied into the source-pack shard body.
SRC-000178	SHARD-007	GPTs/source_pack/source_pack_shard_007.md	BLOCK-000513	4	1	22336	b3ed8746a473f5779561b14bf1c1796acdd308475d2913aaa214c11c8289d190	b3ed8746a473f5779561b14bf1c1796acdd308475d2913aaa214c11c8289d190	761710	22336	190033	854729	no	pass	Exact source bytes copied into the source-pack shard body.
SRC-000025	SHARD-007	GPTs/source_pack/source_pack_shard_007.md	BLOCK-000514	5	1	15313	b93fe0fb4a6786f6d333769db67aaedb4033881e479d9f4282e77e4af0ba38a5	b93fe0fb4a6786f6d333769db67aaedb4033881e479d9f4282e77e4af0ba38a5	357460	15313	89238	854729	no	pass	Exact source bytes copied into the source-pack shard body.
SRC-000056	SHARD-008	GPTs/source_pack/source_pack_shard_008.md	BLOCK-000515	1	1	15737	4b5a19d1f8c99b370289e87e05fd350fd83681a9a2bf8e7ff7d89c6bfe8f5987	4b5a19d1f8c99b370289e87e05fd350fd83681a9a2bf8e7ff7d89c6bfe8f5987	381882	15737	60737	882724	no	pass	Exact source bytes copied into the source-pack shard body.
SRC-000089	SHARD-008	GPTs/source_pack/source_pack_shard_008.md	BLOCK-000516	2	1	15435	c934f06cdc9e5cdffb810e43fd4b2fc12793bcca2d8bea3a822c52d131b7dcd6	c934f06cdc9e5cdffb810e43fd4b2fc12793bcca2d8bea3a822c52d131b7dcd6	358955	15435	89614	882724	no	pass	Exact source bytes copied into the source-pack shard body.
SRC-000120	SHARD-008	GPTs/source_pack/source_pack_shard_008.md	BLOCK-000517	3	1	16290	cf598fe7c7974248530e9d0c35b134047fcf291118132a80fb7aadda661accb7	cf598fe7c7974248530e9d0c35b134047fcf291118132a80fb7aadda661accb7	391271	16290	62184	882724	no	pass	Exact source bytes copied into the source-pack shard body.
SRC-000150	SHARD-008	GPTs/source_pack/source_pack_shard_008.md	BLOCK-000518	4	1	15462	201de7c40b2111c14a4ec6c1b480d30ebd22419c445f8c40304aeefff1872fef	201de7c40b2111c14a4ec6c1b480d30ebd22419c445f8c40304aeefff1872fef	359502	15462	89751	882724	no	pass	Exact source bytes copied into the source-pack shard body.
SRC-000180	SHARD-008	GPTs/source_pack/source_pack_shard_008.md	BLOCK-000519	5	1	16623	7e37ccce4256641879eb93cb7e8b62f750d274c8006b8b892696a1372a5c4bbd	7e37ccce4256641879eb93cb7e8b62f750d274c8006b8b892696a1372a5c4bbd	403035	16623	64265	882724	no	pass	Exact source bytes copied into the source-pack shard body.
SRC-000026	SHARD-008	GPTs/source_pack/source_pack_shard_008.md	BLOCK-000520	6	1	12309	feda73ae84b782b1f1a9fcd0f04fea1abad4a921d80f50d9fc1730749eed2342	feda73ae84b782b1f1a9fcd0f04fea1abad4a921d80f50d9fc1730749eed2342	591288	12309	147730	882724	no	pass	Exact source bytes copied into the source-pack shard body.
SRC-000057	SHARD-008	GPTs/source_pack/source_pack_shard_008.md	BLOCK-000521	7	1	12955	c9e13dec08479e5dd7733e17a2014024534d36e800b0e81598dde562c29a83bc	c9e13dec08479e5dd7733e17a2014024534d36e800b0e81598dde562c29a83bc	625779	12955	109243	882724	no	pass	Exact source bytes copied into the source-pack shard body.
SRC-000090	SHARD-008	GPTs/source_pack/source_pack_shard_008.md	BLOCK-000522	8	1	12295	1bb09f3a2ef71a32e262c0fe050cf472074206eda6cef0be42769be6fc5d1a8f	1bb09f3a2ef71a32e262c0fe050cf472074206eda6cef0be42769be6fc5d1a8f	591429	12295	147789	882724	no	pass	Exact source bytes copied into the source-pack shard body.
SRC-000121	SHARD-008	GPTs/source_pack/source_pack_shard_008.md	BLOCK-000523	9	1	12908	9ebc83851b8f173d7cd68899dd49559e9381da2278b701f1df8fb9a0106fd4b1	9ebc83851b8f173d7cd68899dd49559e9381da2278b701f1df8fb9a0106fd4b1	624516	12908	109004	882724	no	pass	Exact source bytes copied into the source-pack shard body.
SRC-000151	SHARD-009	GPTs/source_pack/source_pack_shard_009.md	BLOCK-000524	1	1	12310	7494875982403c6a1e9688f31f395f9e20f17f7833bcd68afaaa89369d12ee6a	7494875982403c6a1e9688f31f395f9e20f17f7833bcd68afaaa89369d12ee6a	592312	12310	148009	899094	no	pass	Exact source bytes copied into the source-pack shard body.
SRC-000181	SHARD-009	GPTs/source_pack/source_pack_shard_009.md	BLOCK-000525	2	1	12957	28b3c47e7c49cc93344d3b574d320c51e797e47e7f33f6feeeb0dc449c219f10	28b3c47e7c49cc93344d3b574d320c51e797e47e7f33f6feeeb0dc449c219f10	626879	12957	109420	899094	no	pass	Exact source bytes copied into the source-pack shard body.
SRC-000027	SHARD-009	GPTs/source_pack/source_pack_shard_009.md	BLOCK-000526	3	1	2284	4164bd025b7842e9563ba214dce6c35241897c21ef25239d0184f578d12f117b	4164bd025b7842e9563ba214dce6c35241897c21ef25239d0184f578d12f117b	84962	2284	21204	899094	no	pass	Exact source bytes copied into the source-pack shard body.
SRC-000029	SHARD-009	GPTs/source_pack/source_pack_shard_009.md	BLOCK-000527	4	1	1766	aaa058bf3a6a8d1b083dfdfae38eb76d8ee49dbb03b32055ca2456e3deaa9a0c	aaa058bf3a6a8d1b083dfdfae38eb76d8ee49dbb03b32055ca2456e3deaa9a0c	66284	1766	16542	899094	no	pass	Exact source bytes copied into the source-pack shard body.
SRC-000058	SHARD-009	GPTs/source_pack/source_pack_shard_009.md	BLOCK-000528	5	1	2241	bb6e7d5bb0ef800eb37550b4752a744eed446e26c477f5a7810e8ee6c0502fe3	bb6e7d5bb0ef800eb37550b4752a744eed446e26c477f5a7810e8ee6c0502fe3	92042	2241	14468	899094	no	pass	Exact source bytes copied into the source-pack shard body.
SRC-000060	SHARD-009	GPTs/source_pack/source_pack_shard_009.md	BLOCK-000529	6	1	1797	af05344cbc4621dfc412a6afd7a432237f68cb79ae542fd792fa88ae2423807d	af05344cbc4621dfc412a6afd7a432237f68cb79ae542fd792fa88ae2423807d	71933	1797	12194	899094	no	pass	Exact source bytes copied into the source-pack shard body.
SRC-000091	SHARD-009	GPTs/source_pack/source_pack_shard_009.md	BLOCK-000530	7	1	2285	08657e4bcad20e136c8f1948c234857ff24bbd209b83587f54be245cfb275919	08657e4bcad20e136c8f1948c234857ff24bbd209b83587f54be245cfb275919	84949	2285	21200	899094	no	pass	Exact source bytes copied into the source-pack shard body.
SRC-000093	SHARD-009	GPTs/source_pack/source_pack_shard_009.md	BLOCK-000531	8	1	1708	1b637599fb10d9365a8110a02fb2ad86be65a6eeca9c50dcc63b0c58e1fd8fe4	1b637599fb10d9365a8110a02fb2ad86be65a6eeca9c50dcc63b0c58e1fd8fe4	62951	1708	15707	899094	no	pass	Exact source bytes copied into the source-pack shard body.
SRC-000122	SHARD-009	GPTs/source_pack/source_pack_shard_009.md	BLOCK-000532	9	1	2247	586ccd71d1ef5cc0365ef1fbafd76e818ba12e65af8609cef6eb4012995249aa	586ccd71d1ef5cc0365ef1fbafd76e818ba12e65af8609cef6eb4012995249aa	92088	2247	14480	899094	no	pass	Exact source bytes copied into the source-pack shard body.
SRC-000124	SHARD-009	GPTs/source_pack/source_pack_shard_009.md	BLOCK-000533	10	1	1734	002871d755f98b113b5bde1792cfcd25a80130aead15b0407ffc297a0a394b48	002871d755f98b113b5bde1792cfcd25a80130aead15b0407ffc297a0a394b48	67486	1734	11345	899094	no	pass	Exact source bytes copied into the source-pack shard body.
SRC-000152	SHARD-009	GPTs/source_pack/source_pack_shard_009.md	BLOCK-000534	11	1	2286	3adc5537c6359073da311df10060b2e635cbf60bea44910212b1234ab8835692	3adc5537c6359073da311df10060b2e635cbf60bea44910212b1234ab8835692	84937	2286	21197	899094	no	pass	Exact source bytes copied into the source-pack shard body.
SRC-000154	SHARD-009	GPTs/source_pack/source_pack_shard_009.md	BLOCK-000535	12	1	1703	2e3a811699e3d149847ece264d1e466bcb43e0ec4487b807c17ac3ee99531984	2e3a811699e3d149847ece264d1e466bcb43e0ec4487b807c17ac3ee99531984	62770	1703	15661	899094	no	pass	Exact source bytes copied into the source-pack shard body.
SRC-000182	SHARD-009	GPTs/source_pack/source_pack_shard_009.md	BLOCK-000536	13	1	2244	455dece2edc342d09decc79eb8a92a798a57f6e8aeb0d805297a4ca4722b7490	455dece2edc342d09decc79eb8a92a798a57f6e8aeb0d805297a4ca4722b7490	92027	2244	14465	899094	no	pass	Exact source bytes copied into the source-pack shard body.
SRC-000184	SHARD-009	GPTs/source_pack/source_pack_shard_009.md	BLOCK-000537	14	1	1730	780b506f28bd3dbaadef1d271fa4f13c4c0da3c818baa068c806cca87e7e4ff6	780b506f28bd3dbaadef1d271fa4f13c4c0da3c818baa068c806cca87e7e4ff6	67325	1730	11308	899094	no	pass	Exact source bytes copied into the source-pack shard body.
SRC-000044	SHARD-009	GPTs/source_pack/source_pack_shard_009.md	BLOCK-000538	15	1	2699	56c6ec17c8bcde40865999b7869429bd7cf915d6934bde7ea7a73939f5bf6205	56c6ec17c8bcde40865999b7869429bd7cf915d6934bde7ea7a73939f5bf6205	111715	2699	27839	899094	no	pass	Exact source bytes copied into the source-pack shard body.
SRC-000045	SHARD-009	GPTs/source_pack/source_pack_shard_009.md	BLOCK-000539	16	1	3420	833b95a97c9e55424c49bc95bf6de42c20103ed094fe1f00c321e1441a695283	833b95a97c9e55424c49bc95bf6de42c20103ed094fe1f00c321e1441a695283	127790	3420	31901	899094	no	pass	Exact source bytes copied into the source-pack shard body.
SRC-000077	SHARD-009	GPTs/source_pack/source_pack_shard_009.md	BLOCK-000540	17	1	3062	a44183e8e186d1ec5be1db93259d82bb4f35a105de0455b642525a715e2be637	a44183e8e186d1ec5be1db93259d82bb4f35a105de0455b642525a715e2be637	117708	3062	20539	899094	no	pass	Exact source bytes copied into the source-pack shard body.
SRC-000078	SHARD-009	GPTs/source_pack/source_pack_shard_009.md	BLOCK-000541	18	1	3610	47a39204d050f52b8e3c92130d38c42ed2d2806b5200ab7feeb3d87d252ad8f6	47a39204d050f52b8e3c92130d38c42ed2d2806b5200ab7feeb3d87d252ad8f6	131939	3610	24078	899094	no	pass	Exact source bytes copied into the source-pack shard body.
SRC-000107	SHARD-009	GPTs/source_pack/source_pack_shard_009.md	BLOCK-000542	19	1	2734	730005b824fa29926d4c0b55551ab5201337c64c805897fa6d80db7d1eb1ffdb	730005b824fa29926d4c0b55551ab5201337c64c805897fa6d80db7d1eb1ffdb	112227	2734	27966	899094	no	pass	Exact source bytes copied into the source-pack shard body.
SRC-000108	SHARD-009	GPTs/source_pack/source_pack_shard_009.md	BLOCK-000543	20	1	3467	31e41fab61e97a9b77f31f4278193626e01532b5f85d9f21640fef23042b9014	31e41fab61e97a9b77f31f4278193626e01532b5f85d9f21640fef23042b9014	129575	3467	32347	899094	no	pass	Exact source bytes copied into the source-pack shard body.
SRC-000138	SHARD-009	GPTs/source_pack/source_pack_shard_009.md	BLOCK-000544	21	1	3091	5297545a8c65fdd138223f4b32a7e349573036ce327b85a2e95e16ea7fe0304b	5297545a8c65fdd138223f4b32a7e349573036ce327b85a2e95e16ea7fe0304b	117609	3091	20497	899094	no	pass	Exact source bytes copied into the source-pack shard body.
SRC-000139	SHARD-009	GPTs/source_pack/source_pack_shard_009.md	BLOCK-000545	22	1	3630	12620a67e43429e9b38f071fd42f824bd6d44dccbd053285702ba06ccd9388a3	12620a67e43429e9b38f071fd42f824bd6d44dccbd053285702ba06ccd9388a3	131921	3630	24033	899094	no	pass	Exact source bytes copied into the source-pack shard body.
SRC-000167	SHARD-009	GPTs/source_pack/source_pack_shard_009.md	BLOCK-000546	23	1	2734	1adf3d7e57144cd4a7b1a6bf8c65a0d27e66cabbb334f9abdb22168d2cabc769	1adf3d7e57144cd4a7b1a6bf8c65a0d27e66cabbb334f9abdb22168d2cabc769	112216	2734	27963	899094	no	pass	Exact source bytes copied into the source-pack shard body.
SRC-000168	SHARD-009	GPTs/source_pack/source_pack_shard_009.md	BLOCK-000547	24	1	3469	bbdc1cf23dc2517350e43906550563669088003403aee2272769122c519a3426	bbdc1cf23dc2517350e43906550563669088003403aee2272769122c519a3426	129561	3469	32344	899094	no	pass	Exact source bytes copied into the source-pack shard body.
SRC-000198	SHARD-009	GPTs/source_pack/source_pack_shard_009.md	BLOCK-000548	25	1	3090	07fd3488d34b654fb0dd874158eee649ad26997cdd14d4c1fc193f872e8ef6cd	07fd3488d34b654fb0dd874158eee649ad26997cdd14d4c1fc193f872e8ef6cd	117580	3090	20489	899094	no	pass	Exact source bytes copied into the source-pack shard body.
SRC-000199	SHARD-009	GPTs/source_pack/source_pack_shard_009.md	BLOCK-000549	26	1	3629	cc0ac0e7726674b913fad011b55cb6e746c06748603902b69d20266e8b6d6b1d	cc0ac0e7726674b913fad011b55cb6e746c06748603902b69d20266e8b6d6b1d	131904	3629	24029	899094	no	pass	Exact source bytes copied into the source-pack shard body.
SRC-000016	SHARD-009	GPTs/source_pack/source_pack_shard_009.md	BLOCK-000550	27	1	1002	aa92e31e97db154578bf5c1ffc3c0067a4b702b7fe0ff3718929cd91e861628b	aa92e31e97db154578bf5c1ffc3c0067a4b702b7fe0ff3718929cd91e861628b	54014	1002	13473	899094	no	pass	Exact source bytes copied into the source-pack shard body.
SRC-000030	SHARD-009	GPTs/source_pack/source_pack_shard_009.md	BLOCK-000551	28	1	3914	02e70adce3ab40aacaf024a4a70cd9933a8599d52b36761aeee6e2fb83022a6f	02e70adce3ab40aacaf024a4a70cd9933a8599d52b36761aeee6e2fb83022a6f	192267	3914	47862	899094	no	pass	Exact source bytes copied into the source-pack shard body.
SRC-000047	SHARD-009	GPTs/source_pack/source_pack_shard_009.md	BLOCK-000552	29	1	1288	b3bd03aa7a9e12b747eb8260b31ad819dff81e84c62648f1d9ffb9b72fdfb9a7	b3bd03aa7a9e12b747eb8260b31ad819dff81e84c62648f1d9ffb9b72fdfb9a7	59524	1288	9902	899094	no	pass	Exact source bytes copied into the source-pack shard body.
SRC-000061	SHARD-009	GPTs/source_pack/source_pack_shard_009.md	BLOCK-000553	30	1	4445	8c6a5ba2c6383126fbce015a89f5d1d88567742077e3d6e3df8c64b805736caf	8c6a5ba2c6383126fbce015a89f5d1d88567742077e3d6e3df8c64b805736caf	223704	4445	45100	899094	no	pass	Exact source bytes copied into the source-pack shard body.
SRC-000080	SHARD-009	GPTs/source_pack/source_pack_shard_009.md	BLOCK-000554	31	1	1042	0e00013d4e29bc97108a3ef6d4434382db1dd77b86ccd2f548f93917530f0da8	0e00013d4e29bc97108a3ef6d4434382db1dd77b86ccd2f548f93917530f0da8	56605	1042	14121	899094	no	pass	Exact source bytes copied into the source-pack shard body.
SRC-000094	SHARD-010	GPTs/source_pack/source_pack_shard_010.md	BLOCK-000555	1	1	3916	997695afbfc31166b643a6a3e447db21cfdfd1c14ef53b866b0f48bd7ab9d6f3	997695afbfc31166b643a6a3e447db21cfdfd1c14ef53b866b0f48bd7ab9d6f3	192015	3916	47798	904663	no	pass	Exact source bytes copied into the source-pack shard body.
SRC-000111	SHARD-010	GPTs/source_pack/source_pack_shard_010.md	BLOCK-000556	2	1	1287	0b9a9524780760ec45515622ffb7d3c0f979d54da985bbeab701411916c85a8c	0b9a9524780760ec45515622ffb7d3c0f979d54da985bbeab701411916c85a8c	60403	1287	10004	904663	no	pass	Exact source bytes copied into the source-pack shard body.
SRC-000125	SHARD-010	GPTs/source_pack/source_pack_shard_010.md	BLOCK-000557	3	1	4380	3256c691c0649151b44a587498cd2da0e42057d77a1e44bd57731433a1c8f1e2	3256c691c0649151b44a587498cd2da0e42057d77a1e44bd57731433a1c8f1e2	218473	4380	44120	904663	no	pass	Exact source bytes copied into the source-pack shard body.
SRC-000141	SHARD-010	GPTs/source_pack/source_pack_shard_010.md	BLOCK-000558	4	1	1059	c36bffd4cb827ba3cbf54592c40407cbdafa9fb48940c2ef010605bd80f07b9b	c36bffd4cb827ba3cbf54592c40407cbdafa9fb48940c2ef010605bd80f07b9b	56799	1059	14170	904663	no	pass	Exact source bytes copied into the source-pack shard body.
SRC-000155	SHARD-010	GPTs/source_pack/source_pack_shard_010.md	BLOCK-000559	5	1	4027	0b72e7e691d07b42f329fbe432e911a3bc1bacddd50c192c4f6604111bcc2904	0b72e7e691d07b42f329fbe432e911a3bc1bacddd50c192c4f6604111bcc2904	198840	4027	49504	904663	no	pass	Exact source bytes copied into the source-pack shard body.
SRC-000171	SHARD-010	GPTs/source_pack/source_pack_shard_010.md	BLOCK-000560	6	1	1310	f237a23b0589467529c6672fe4e230c53ff8ad8446634f31c83fba51442bc965	f237a23b0589467529c6672fe4e230c53ff8ad8446634f31c83fba51442bc965	60672	1310	10051	904663	no	pass	Exact source bytes copied into the source-pack shard body.
SRC-000185	SHARD-010	GPTs/source_pack/source_pack_shard_010.md	BLOCK-000561	7	1	4494	1c9fafde790443547be583f88e38252a122b2f1220bbb125f59e7740f3b9eb67	1c9fafde790443547be583f88e38252a122b2f1220bbb125f59e7740f3b9eb67	226115	4494	45483	904663	no	pass	Exact source bytes copied into the source-pack shard body.
SRC-000473	SHARD-010	GPTs/source_pack/source_pack_shard_010.md	BLOCK-000562	8	1	130	249e65c6bb71f68f9104dd05a1772480e631ae2f6a415e9ff7ff94bad7e8605f	249e65c6bb71f68f9104dd05a1772480e631ae2f6a415e9ff7ff94bad7e8605f	9137	130	2028	904663	no	pass	Exact source bytes copied into the source-pack shard body.
SRC-000031	SHARD-010	GPTs/source_pack/source_pack_shard_010.md	BLOCK-000563	9	1	5747	7c59f7e7cd6bc6a43b99344aec1e8a6ea7561b4c7b4066ccd0001f63cc4fb9c1	bdba75c12c13792822eb84044c01729edc5c4b245c2a0b2ad7b16547bc5b931e	164570	5781	41005	904663	no	pass	Source bytes copied into the source-pack shard body with 1 image-recovery sidecar conversion(s) inserted after the matching image reference.
SRC-000062	SHARD-010	GPTs/source_pack/source_pack_shard_010.md	BLOCK-000564	10	1	6011	ad573c636b65e4b927777633cd3d95021bc529d90c1eb30d3ee6aa19953303ac	a9ecaedae7d7931c1bc17e5678c73898c41a31206dc69a5237f4ad2369938f39	153701	6045	31878	904663	no	pass	Source bytes copied into the source-pack shard body with 1 image-recovery sidecar conversion(s) inserted after the matching image reference.
SRC-000095	SHARD-010	GPTs/source_pack/source_pack_shard_010.md	BLOCK-000565	11	1	5747	17615e456433d6fe980e9519a53830cef3b808aa96392784225a6b2d42eeedfb	2acd2c8b65ca36ab409af8ce43963817b6ba5c0ad130fc160b249270556c5fcf	164434	5781	40961	904663	no	pass	Source bytes copied into the source-pack shard body with 1 image-recovery sidecar conversion(s) inserted after the matching image reference.
SRC-000126	SHARD-010	GPTs/source_pack/source_pack_shard_010.md	BLOCK-000566	12	1	6014	d3bb715935474008e694590106e7953daa6cbd97393264d73e78fca6eb06a4ac	192480473624cae273de67245a753e7db1cb513391405f87608943cada04fcec	153788	6048	31900	904663	no	pass	Source bytes copied into the source-pack shard body with 1 image-recovery sidecar conversion(s) inserted after the matching image reference.
SRC-000156	SHARD-010	GPTs/source_pack/source_pack_shard_010.md	BLOCK-000567	13	1	5746	69631aa9157e466a8a72db8bbc1ec14d9f9765f3fdca4bdc0dd9e0ea865e2d31	c7acc3cfd1d5afbead115a3607eac921cecfb2a9701763657d79ecb7e28d56d8	164422	5780	40958	904663	no	pass	Source bytes copied into the source-pack shard body with 1 image-recovery sidecar conversion(s) inserted after the matching image reference.
SRC-000186	SHARD-010	GPTs/source_pack/source_pack_shard_010.md	BLOCK-000568	14	1	6020	96dbca623c458dadba6b54cce015a8e7516dbb040c4a449906d48dcb043c69f2	7a44551a7d77329a15678b141546ed1800674b6d09e3176ab9e52178cb341ca0	153765	6054	31896	904663	no	pass	Source bytes copied into the source-pack shard body with 1 image-recovery sidecar conversion(s) inserted after the matching image reference.
SRC-000017	SHARD-010	GPTs/source_pack/source_pack_shard_010.md	BLOCK-000569	15	1	1364	35072dab9f5b7cfaad16533c44b9baee03b2fff43688c13d97047a4a97ca4267	35072dab9f5b7cfaad16533c44b9baee03b2fff43688c13d97047a4a97ca4267	61072	1364	15225	904663	no	pass	Exact source bytes copied into the source-pack shard body.
SRC-000048	SHARD-010	GPTs/source_pack/source_pack_shard_010.md	BLOCK-000570	16	1	1415	110929edb7c80e4db8c435680c6700701cda95ea09087dadf4f2ce3668af76fe	110929edb7c80e4db8c435680c6700701cda95ea09087dadf4f2ce3668af76fe	64518	1415	10452	904663	no	pass	Exact source bytes copied into the source-pack shard body.
SRC-000081	SHARD-010	GPTs/source_pack/source_pack_shard_010.md	BLOCK-000571	17	1	1400	cd1b34fc5ac05afc12c375aa3e0a2abb76a1f1bb1d158984c82fb38c7148a0c3	cd1b34fc5ac05afc12c375aa3e0a2abb76a1f1bb1d158984c82fb38c7148a0c3	63327	1400	15789	904663	no	pass	Exact source bytes copied into the source-pack shard body.
SRC-000112	SHARD-010	GPTs/source_pack/source_pack_shard_010.md	BLOCK-000572	18	1	1423	4f6a8d5631114dc3a0b199b1a8d8392f7cd3d7225cda01b77a395f8e28f31934	4f6a8d5631114dc3a0b199b1a8d8392f7cd3d7225cda01b77a395f8e28f31934	65578	1423	10604	904663	no	pass	Exact source bytes copied into the source-pack shard body.
SRC-000142	SHARD-010	GPTs/source_pack/source_pack_shard_010.md	BLOCK-000573	19	1	1400	181ab6692a342014322834e526ec0b35bba3cea82efbb838208f327ed00bb0dd	181ab6692a342014322834e526ec0b35bba3cea82efbb838208f327ed00bb0dd	63302	1400	15782	904663	no	pass	Exact source bytes copied into the source-pack shard body.
SRC-000172	SHARD-010	GPTs/source_pack/source_pack_shard_010.md	BLOCK-000574	20	1	1432	1108a228b96e911ea1d5877ed872410c89d0cb83fd94e57eba34155db001213d	1108a228b96e911ea1d5877ed872410c89d0cb83fd94e57eba34155db001213d	65623	1432	10615	904663	no	pass	Exact source bytes copied into the source-pack shard body.
SRC-000216	SHARD-010	GPTs/source_pack/source_pack_shard_010.md	BLOCK-000575	21	1	8345	ef7d3b0941fb04858b810044b63420b3ed26fbc60b4a6bbdba3fec657af51a75	ef7d3b0941fb04858b810044b63420b3ed26fbc60b4a6bbdba3fec657af51a75	318093	8345	79350	904663	no	pass	Exact source bytes copied into the source-pack shard body.
SRC-000223	SHARD-010	GPTs/source_pack/source_pack_shard_010.md	BLOCK-000576	22	1	8365	b5c6bfb0f3e510bdbefc48853d9791fe40cfa0e5063e54eb592a62e11ef2f8c1	b5c6bfb0f3e510bdbefc48853d9791fe40cfa0e5063e54eb592a62e11ef2f8c1	336403	8365	63229	904663	no	pass	Exact source bytes copied into the source-pack shard body.
SRC-000430	SHARD-010	GPTs/source_pack/source_pack_shard_010.md	BLOCK-000577	23	1	155	b8875660e76913d54dbdd1a25deca9ad18cbcb600c131fdb7a6fe6320cdda515	b8875660e76913d54dbdd1a25deca9ad18cbcb600c131fdb7a6fe6320cdda515	7689	155	1923	904663	no	pass	Exact source bytes copied into the source-pack shard body.
SRC-000453	SHARD-010	GPTs/source_pack/source_pack_shard_010.md	BLOCK-000578	24	1	157	97379ac0e1a32ff1a9cf192f0f2eb1135a5ac6f3893b3486bcae3af1b7070e26	97379ac0e1a32ff1a9cf192f0f2eb1135a5ac6f3893b3486bcae3af1b7070e26	8549	157	1602	904663	no	pass	Exact source bytes copied into the source-pack shard body.
SRC-000431	SHARD-010	GPTs/source_pack/source_pack_shard_010.md	BLOCK-000579	25	1	159	06fea3a83a223ad4bc1644e682fb67e6697dccd9c9a9341ad953efdabcdd6279	06fea3a83a223ad4bc1644e682fb67e6697dccd9c9a9341ad953efdabcdd6279	8610	159	2153	904663	no	pass	Exact source bytes copied into the source-pack shard body.
SRC-000454	SHARD-010	GPTs/source_pack/source_pack_shard_010.md	BLOCK-000580	26	1	161	3a73dcbb7e9ba59a3cbc08ae9653619e0ad13275d119096828b3a0ae4ff5855a	3a73dcbb7e9ba59a3cbc08ae9653619e0ad13275d119096828b3a0ae4ff5855a	9720	161	1778	904663	no	pass	Exact source bytes copied into the source-pack shard body.
SRC-000432	SHARD-010	GPTs/source_pack/source_pack_shard_010.md	BLOCK-000581	27	1	243	373ae78197effb2c0660bd856fc21bd32accb71c4d9a40b8eb77f567d82738a5	373ae78197effb2c0660bd856fc21bd32accb71c4d9a40b8eb77f567d82738a5	8182	243	2025	904663	no	pass	Exact source bytes copied into the source-pack shard body.
SRC-000455	SHARD-010	GPTs/source_pack/source_pack_shard_010.md	BLOCK-000582	28	1	246	7a2e493d236f0b881b0ed250974d96d6efa9ef8c6874a17a452c86130b4c752b	7a2e493d236f0b881b0ed250974d96d6efa9ef8c6874a17a452c86130b4c752b	8678	246	1627	904663	no	pass	Exact source bytes copied into the source-pack shard body.
SRC-000433	SHARD-010	GPTs/source_pack/source_pack_shard_010.md	BLOCK-000583	29	1	249	2a0efe22062126b4731a46c5790eefffe8598db66886e149d5f7c3378d892738	2a0efe22062126b4731a46c5790eefffe8598db66886e149d5f7c3378d892738	9039	249	2239	904663	no	pass	Exact source bytes copied into the source-pack shard body.
SRC-000456	SHARD-010	GPTs/source_pack/source_pack_shard_010.md	BLOCK-000584	30	1	256	058851d82872fe1e49f18785beb57f4beac0dbaceb91f0da80b77eb311b11f38	058851d82872fe1e49f18785beb57f4beac0dbaceb91f0da80b77eb311b11f38	9691	256	1785	904663	no	pass	Exact source bytes copied into the source-pack shard body.
SRC-000434	SHARD-010	GPTs/source_pack/source_pack_shard_010.md	BLOCK-000585	31	1	264	900d8102f13796954baee9b8aef262ca100b1b96d0e9d88fd90e3e8b2a8a3b48	900d8102f13796954baee9b8aef262ca100b1b96d0e9d88fd90e3e8b2a8a3b48	10762	264	2669	904663	no	pass	Exact source bytes copied into the source-pack shard body.
SRC-000457	SHARD-010	GPTs/source_pack/source_pack_shard_010.md	BLOCK-000586	32	1	267	232de4cddd7754c021085aeb7fec6eed45526984558256e3b581fac052d1cba9	232de4cddd7754c021085aeb7fec6eed45526984558256e3b581fac052d1cba9	11938	267	2068	904663	no	pass	Exact source bytes copied into the source-pack shard body.
SRC-000435	SHARD-010	GPTs/source_pack/source_pack_shard_010.md	BLOCK-000587	33	1	265	0930c8ef1b618620976793cb4c6db3f15114b44c465d46711507c5834959dc00	0930c8ef1b618620976793cb4c6db3f15114b44c465d46711507c5834959dc00	11327	265	2807	904663	no	pass	Exact source bytes copied into the source-pack shard body.
SRC-000458	SHARD-010	GPTs/source_pack/source_pack_shard_010.md	BLOCK-000588	34	1	277	940d2e092b6c0649a6778fec813e35d818a278bd448fe6cf2082b532b8b467b6	940d2e092b6c0649a6778fec813e35d818a278bd448fe6cf2082b532b8b467b6	13153	277	2203	904663	no	pass	Exact source bytes copied into the source-pack shard body.
SRC-000436	SHARD-010	GPTs/source_pack/source_pack_shard_010.md	BLOCK-000589	35	1	267	407a5a3d37de3e1f13016026ae7d01b94fdb933d7f3ab8422af9b14f664ab73a	407a5a3d37de3e1f13016026ae7d01b94fdb933d7f3ab8422af9b14f664ab73a	10342	267	2563	904663	no	pass	Exact source bytes copied into the source-pack shard body.
SRC-000459	SHARD-010	GPTs/source_pack/source_pack_shard_010.md	BLOCK-000590	36	1	279	553e11fb489ebdf2d1f0ad32d416d7581f199e503e892dda4a7a97ffc0afb14d	553e11fb489ebdf2d1f0ad32d416d7581f199e503e892dda4a7a97ffc0afb14d	11679	279	2022	904663	no	pass	Exact source bytes copied into the source-pack shard body.
SRC-000437	SHARD-010	GPTs/source_pack/source_pack_shard_010.md	BLOCK-000591	37	1	230	d598e6a9a679ca4b16e03547907034290305d4ec88d0b34fdf7d1a3ffe505c9b	d598e6a9a679ca4b16e03547907034290305d4ec88d0b34fdf7d1a3ffe505c9b	7550	230	1866	904663	no	pass	Exact source bytes copied into the source-pack shard body.
SRC-000460	SHARD-010	GPTs/source_pack/source_pack_shard_010.md	BLOCK-000592	38	1	243	9f42803ed2dac2c21e323a27a0282f1b4011d3a807f8bf427d9f10adaae6ea31	9f42803ed2dac2c21e323a27a0282f1b4011d3a807f8bf427d9f10adaae6ea31	8342	243	1584	904663	no	pass	Exact source bytes copied into the source-pack shard body.
SRC-000438	SHARD-010	GPTs/source_pack/source_pack_shard_010.md	BLOCK-000593	39	1	230	67faca7aece64efcdd9bdfe1717fd39a5b9691d7c36c1b708dfb31b4496c1498	67faca7aece64efcdd9bdfe1717fd39a5b9691d7c36c1b708dfb31b4496c1498	7529	230	1861	904663	no	pass	Exact source bytes copied into the source-pack shard body.
SRC-000461	SHARD-010	GPTs/source_pack/source_pack_shard_010.md	BLOCK-000594	40	1	244	375ab442a7469ddf3d7b02970e8632acfffb9ccd7b942dae7a28f4629a4e843b	375ab442a7469ddf3d7b02970e8632acfffb9ccd7b942dae7a28f4629a4e843b	8322	244	1579	904663	no	pass	Exact source bytes copied into the source-pack shard body.
SRC-000439	SHARD-010	GPTs/source_pack/source_pack_shard_010.md	BLOCK-000595	41	1	236	dcf8d06edb9b28414bd7143323a01326b954a779217edb48164207f407bbd117	dcf8d06edb9b28414bd7143323a01326b954a779217edb48164207f407bbd117	8267	236	2045	904663	no	pass	Exact source bytes copied into the source-pack shard body.
SRC-000462	SHARD-010	GPTs/source_pack/source_pack_shard_010.md	BLOCK-000596	42	1	250	1af1a0382c90bb0f656a3638b83b527eea09103ff0f464cf5bdffc949c39045b	1af1a0382c90bb0f656a3638b83b527eea09103ff0f464cf5bdffc949c39045b	9145	250	1688	904663	no	pass	Exact source bytes copied into the source-pack shard body.
SRC-000440	SHARD-010	GPTs/source_pack/source_pack_shard_010.md	BLOCK-000597	43	1	184	2c08dfcd6c71356730a932c81404762c96deae8f7ae2a2e5269a6ead859cec52	2c08dfcd6c71356730a932c81404762c96deae8f7ae2a2e5269a6ead859cec52	7574	184	1894	904663	no	pass	Exact source bytes copied into the source-pack shard body.
SRC-000441	SHARD-010	GPTs/source_pack/source_pack_shard_010.md	BLOCK-000598	44	1	178	483bf2aedef4e0fdae29eee1cc68337a738a584c8298b1a627a87b070582ce88	483bf2aedef4e0fdae29eee1cc68337a738a584c8298b1a627a87b070582ce88	8730	178	2183	904663	no	pass	Exact source bytes copied into the source-pack shard body.
SRC-000442	SHARD-010	GPTs/source_pack/source_pack_shard_010.md	BLOCK-000599	45	1	165	d8730da99b8f514218454c527e08b340f89e5bdd61b20ab2a65f314af4f06916	d8730da99b8f514218454c527e08b340f89e5bdd61b20ab2a65f314af4f06916	8927	165	2232	904663	no	pass	Exact source bytes copied into the source-pack shard body.
SRC-000463	SHARD-010	GPTs/source_pack/source_pack_shard_010.md	BLOCK-000600	46	1	161	d26b64893d65daf7dd6ebe74561bdd3879870cc74f825c5b178a1d2e1136d09d	d26b64893d65daf7dd6ebe74561bdd3879870cc74f825c5b178a1d2e1136d09d	8862	161	1684	904663	no	pass	Exact source bytes copied into the source-pack shard body.
SRC-000202	SHARD-010	GPTs/source_pack/source_pack_shard_010.md	BLOCK-000601	47	1	8343	71908c594f2b77de017a5cbd1eede1c29b2ddb3c13a3556a938334e0028255ec	71908c594f2b77de017a5cbd1eede1c29b2ddb3c13a3556a938334e0028255ec	318011	8343	79329	904663	no	pass	Exact source bytes copied into the source-pack shard body.
SRC-000209	SHARD-010	GPTs/source_pack/source_pack_shard_010.md	BLOCK-000602	48	1	8363	f7034ba20db638abc2149aed6856f31cd2aa816c3f5f5e66383fc6b0321c3b48	f7034ba20db638abc2149aed6856f31cd2aa816c3f5f5e66383fc6b0321c3b48	336321	8363	63208	904663	no	pass	Exact source bytes copied into the source-pack shard body.
SRC-000032	SHARD-010	GPTs/source_pack/source_pack_shard_010.md	BLOCK-000603	49	1	2815	587fee41670c2080fe6840a20d296cba18c6ad2845792c2b01d67a3020dd79a6	587fee41670c2080fe6840a20d296cba18c6ad2845792c2b01d67a3020dd79a6	92994	2815	23224	904663	no	pass	Exact source bytes copied into the source-pack shard body.
SRC-000039	SHARD-010	GPTs/source_pack/source_pack_shard_010.md	BLOCK-000604	50	1	1807	36a7736a629f38dccc42498b55210e4bd1146b9354b62bc661f43551fa66c2f6	36a7736a629f38dccc42498b55210e4bd1146b9354b62bc661f43551fa66c2f6	63040	1807	15735	904663	no	pass	Exact source bytes copied into the source-pack shard body.
SRC-000063	SHARD-011	GPTs/source_pack/source_pack_shard_011.md	BLOCK-000605	1	1	2944	40405790aabedd5b3251f8bc14cbfe2ae8e2aa2151cb4e7940705a8f8fcd1328	40405790aabedd5b3251f8bc14cbfe2ae8e2aa2151cb4e7940705a8f8fcd1328	90092	2944	18471	945108	no	pass	Exact source bytes copied into the source-pack shard body.
SRC-000071	SHARD-011	GPTs/source_pack/source_pack_shard_011.md	BLOCK-000606	2	1	1940	9c4a0633a777a602f1a1c9c23e509cff50db959baf318dd70c7fa6c38f0631f1	9c4a0633a777a602f1a1c9c23e509cff50db959baf318dd70c7fa6c38f0631f1	66003	1940	13192	945108	no	pass	Exact source bytes copied into the source-pack shard body.
SRC-000096	SHARD-011	GPTs/source_pack/source_pack_shard_011.md	BLOCK-000607	3	1	2817	9ac9e30420f9fe08a042b93b89c68d4ea028436cb551da7e4b1e5ff9ba0c7741	9ac9e30420f9fe08a042b93b89c68d4ea028436cb551da7e4b1e5ff9ba0c7741	93002	2817	23226	945108	no	pass	Exact source bytes copied into the source-pack shard body.
SRC-000102	SHARD-011	GPTs/source_pack/source_pack_shard_011.md	BLOCK-000608	4	1	1809	b93833cdc18a7e84643a89397e9bc4a0c71de26d8b5a2502c088d59027110156	b93833cdc18a7e84643a89397e9bc4a0c71de26d8b5a2502c088d59027110156	63078	1809	15745	945108	no	pass	Exact source bytes copied into the source-pack shard body.
SRC-000127	SHARD-011	GPTs/source_pack/source_pack_shard_011.md	BLOCK-000609	5	1	2950	ad54734af38826bc075fe9387ecad944bcc6e0ce518b31177d4611e40a6ac23d	ad54734af38826bc075fe9387ecad944bcc6e0ce518b31177d4611e40a6ac23d	90323	2950	18528	945108	no	pass	Exact source bytes copied into the source-pack shard body.
SRC-000133	SHARD-011	GPTs/source_pack/source_pack_shard_011.md	BLOCK-000610	6	1	1959	98d56bb82c445d604446167643371ba0f3c61939c496de2f75e618d997609b6b	98d56bb82c445d604446167643371ba0f3c61939c496de2f75e618d997609b6b	66248	1959	13254	945108	no	pass	Exact source bytes copied into the source-pack shard body.
SRC-000157	SHARD-011	GPTs/source_pack/source_pack_shard_011.md	BLOCK-000611	7	1	2816	41adef12bcf630ead538d9b1c796dc73bfda31a0d8610c900dc4cf4a180fb9ff	41adef12bcf630ead538d9b1c796dc73bfda31a0d8610c900dc4cf4a180fb9ff	92988	2816	23222	945108	no	pass	Exact source bytes copied into the source-pack shard body.
SRC-000162	SHARD-011	GPTs/source_pack/source_pack_shard_011.md	BLOCK-000612	8	1	1809	7e7ff5ec45e971209eb198954d4c1ff5e183baec5058712567e26210647aed0b	7e7ff5ec45e971209eb198954d4c1ff5e183baec5058712567e26210647aed0b	63065	1809	15742	945108	no	pass	Exact source bytes copied into the source-pack shard body.
SRC-000187	SHARD-011	GPTs/source_pack/source_pack_shard_011.md	BLOCK-000613	9	1	2949	4e2dbae8323388e27157d4c140c0dc41507fe02832276236b0902833868cec76	4e2dbae8323388e27157d4c140c0dc41507fe02832276236b0902833868cec76	90309	2949	18525	945108	no	pass	Exact source bytes copied into the source-pack shard body.
SRC-000193	SHARD-011	GPTs/source_pack/source_pack_shard_011.md	BLOCK-000614	10	1	1958	3f7864399c0314c34b545d81d4a7d7ae278f661f35edd264fc5670884cbf9eee	3f7864399c0314c34b545d81d4a7d7ae278f661f35edd264fc5670884cbf9eee	66234	1958	13250	945108	no	pass	Exact source bytes copied into the source-pack shard body.
SRC-000228	SHARD-011	GPTs/source_pack/source_pack_shard_011.md	BLOCK-000615	11	1	27	6006d495e2cd66502a1a11565ff4714774ed9d1097398e17e904544d930ea3c5	6006d495e2cd66502a1a11565ff4714774ed9d1097398e17e904544d930ea3c5	7378	27	1845	945108	no	pass	Exact source bytes copied into the source-pack shard body.
SRC-000229	SHARD-011	GPTs/source_pack/source_pack_shard_011.md	BLOCK-000616	12	1	194	b38326d170dbe3bde84313860d19808065d86e712aa7bac44df2fe746aec92e2	b38326d170dbe3bde84313860d19808065d86e712aa7bac44df2fe746aec92e2	28000	194	7000	945108	no	pass	Exact source bytes copied into the source-pack shard body.
SRC-000230	SHARD-011	GPTs/source_pack/source_pack_shard_011.md	BLOCK-000617	13	1	241	1aee1a6fd6f33095ef5d175f8cd95b603abb556c4e0ac451fed21d481ea947ce	1aee1a6fd6f33095ef5d175f8cd95b603abb556c4e0ac451fed21d481ea947ce	32346	241	8081	945108	no	pass	Exact source bytes copied into the source-pack shard body.
SRC-000300	SHARD-011	GPTs/source_pack/source_pack_shard_011.md	BLOCK-000618	14	1	139	7f84f26cc3a16c71bab70c6eb354428b68a4420494f7924f95f08dd5e53419ba	7f84f26cc3a16c71bab70c6eb354428b68a4420494f7924f95f08dd5e53419ba	15372	139	3843	945108	no	pass	Exact source bytes copied into the source-pack shard body.
SRC-000310	SHARD-011	GPTs/source_pack/source_pack_shard_011.md	BLOCK-000619	15	1	1301	4d1936747a6f3dd088bcf3b8da531b7c6ea1f855688ad8ac8662b759d038a632	4d1936747a6f3dd088bcf3b8da531b7c6ea1f855688ad8ac8662b759d038a632	46518	1301	9313	945108	no	pass	Exact source bytes copied into the source-pack shard body.
SRC-000311	SHARD-011	GPTs/source_pack/source_pack_shard_011.md	BLOCK-000620	16	1	2348	3f014fd532f249bc0fc96a9f41c1ed63c8f1a61894ab83de66de75008a8b1df5	3f014fd532f249bc0fc96a9f41c1ed63c8f1a61894ab83de66de75008a8b1df5	86252	2348	17948	945108	no	pass	Exact source bytes copied into the source-pack shard body.
SRC-000312	SHARD-011	GPTs/source_pack/source_pack_shard_011.md	BLOCK-000621	17	1	1653	88982b0ca4956fe097f5da5353c3153882a9da0235d95abdad36665b29719727	88982b0ca4956fe097f5da5353c3153882a9da0235d95abdad36665b29719727	56860	1653	11732	945108	no	pass	Exact source bytes copied into the source-pack shard body.
SRC-000313	SHARD-011	GPTs/source_pack/source_pack_shard_011.md	BLOCK-000622	18	1	469	6c0be7e907dadc3349635e01d8e29adbed314eeaa2227b9ef7c0528dd879eb51	6c0be7e907dadc3349635e01d8e29adbed314eeaa2227b9ef7c0528dd879eb51	17041	469	3349	945108	no	pass	Exact source bytes copied into the source-pack shard body.
SRC-000314	SHARD-011	GPTs/source_pack/source_pack_shard_011.md	BLOCK-000623	19	1	189	5ea3b57bc23a7e469fa0f65e6d621081cb7f066eb95bdf6f2bcfd9b87c11eb2c	5ea3b57bc23a7e469fa0f65e6d621081cb7f066eb95bdf6f2bcfd9b87c11eb2c	6560	189	1279	945108	no	pass	Exact source bytes copied into the source-pack shard body.
SRC-000315	SHARD-011	GPTs/source_pack/source_pack_shard_011.md	BLOCK-000624	20	1	611	40de3cac5f8b2deb1a9ce715af74086e657c0a1bba40874b3d3f99b656a37176	40de3cac5f8b2deb1a9ce715af74086e657c0a1bba40874b3d3f99b656a37176	20838	611	4089	945108	no	pass	Exact source bytes copied into the source-pack shard body.
SRC-000316	SHARD-011	GPTs/source_pack/source_pack_shard_011.md	BLOCK-000625	21	1	364	5cae86c7d66946af0f463310fad1e737e5cea385cc2b9b5ab167e6372c87f048	5cae86c7d66946af0f463310fad1e737e5cea385cc2b9b5ab167e6372c87f048	11458	364	2188	945108	no	pass	Exact source bytes copied into the source-pack shard body.
SRC-000231	SHARD-011	GPTs/source_pack/source_pack_shard_011.md	BLOCK-000626	22	1	872	fbe55db1d8b6eaaf6116be295501490e2dc011ff169f645d3cfe6e3cf7703453	fbe55db1d8b6eaaf6116be295501490e2dc011ff169f645d3cfe6e3cf7703453	28158	872	7025	945108	no	pass	Exact source bytes copied into the source-pack shard body.
SRC-000301	SHARD-011	GPTs/source_pack/source_pack_shard_011.md	BLOCK-000627	23	1	912	83be6879402254e2039231b13eba236e590dab5e867bba3152847c5fe26bc487	83be6879402254e2039231b13eba236e590dab5e867bba3152847c5fe26bc487	30420	912	5487	945108	no	pass	Exact source bytes copied into the source-pack shard body.
SRC-000232	SHARD-011	GPTs/source_pack/source_pack_shard_011.md	BLOCK-000628	24	1	172	9954f34b33792d411053974305e9b4e8c073bd94a8781767ca3b0f7d6375f4db	9954f34b33792d411053974305e9b4e8c073bd94a8781767ca3b0f7d6375f4db	5476	172	1368	945108	no	pass	Exact source bytes copied into the source-pack shard body.
SRC-000302	SHARD-011	GPTs/source_pack/source_pack_shard_011.md	BLOCK-000629	25	1	146	a778b4f111173131f67b751b9cfcb1313d6dee8ff32ea127903f51091d3b2557	a778b4f111173131f67b751b9cfcb1313d6dee8ff32ea127903f51091d3b2557	4999	146	903	945108	no	pass	Exact source bytes copied into the source-pack shard body.
SRC-000233	SHARD-011	GPTs/source_pack/source_pack_shard_011.md	BLOCK-000630	26	1	300	29c98891ed1095c16b17a343576e093d4d5bba6394e03a86cd8c2de93730173c	29c98891ed1095c16b17a343576e093d4d5bba6394e03a86cd8c2de93730173c	8898	300	2222	945108	no	pass	Exact source bytes copied into the source-pack shard body.
SRC-000303	SHARD-011	GPTs/source_pack/source_pack_shard_011.md	BLOCK-000631	27	1	305	b3cbc9b0175482afca7038d1f2edb4133314adf4a75b0891513d300de23cd097	b3cbc9b0175482afca7038d1f2edb4133314adf4a75b0891513d300de23cd097	9114	305	1730	945108	no	pass	Exact source bytes copied into the source-pack shard body.
SRC-000234	SHARD-011	GPTs/source_pack/source_pack_shard_011.md	BLOCK-000632	28	1	273	20aa9a453e92bc3110cac5301391ebfd52e4c0cda8deb193509bf01888934a9b	20aa9a453e92bc3110cac5301391ebfd52e4c0cda8deb193509bf01888934a9b	8098	273	2022	945108	no	pass	Exact source bytes copied into the source-pack shard body.
SRC-000304	SHARD-011	GPTs/source_pack/source_pack_shard_011.md	BLOCK-000633	29	1	277	75254f4070c800402de6d6960d26f251a15da6ba0f478e84c6f5e192cdc48f32	75254f4070c800402de6d6960d26f251a15da6ba0f478e84c6f5e192cdc48f32	8265	277	1583	945108	no	pass	Exact source bytes copied into the source-pack shard body.
SRC-000235	SHARD-011	GPTs/source_pack/source_pack_shard_011.md	BLOCK-000634	30	1	189	5d1a99b75a1ba892859dee41b9a11359fbd6a18156bd1d717ad743f8a91571f7	5d1a99b75a1ba892859dee41b9a11359fbd6a18156bd1d717ad743f8a91571f7	5643	189	1410	945108	no	pass	Exact source bytes copied into the source-pack shard body.
SRC-000305	SHARD-011	GPTs/source_pack/source_pack_shard_011.md	BLOCK-000635	31	1	192	73de4cd922b394d34ae9d91672de0ae1f84dba9c610d19fcce1b7d31c5232360	73de4cd922b394d34ae9d91672de0ae1f84dba9c610d19fcce1b7d31c5232360	5821	192	1133	945108	no	pass	Exact source bytes copied into the source-pack shard body.
SRC-000236	SHARD-011	GPTs/source_pack/source_pack_shard_011.md	BLOCK-000636	32	1	810	59aa31e500c7e2fcb0a2a371356e3f8142d1b0d3e45ee87b4867697b07c5e870	59aa31e500c7e2fcb0a2a371356e3f8142d1b0d3e45ee87b4867697b07c5e870	24795	810	6188	945108	no	pass	Exact source bytes copied into the source-pack shard body.
SRC-000306	SHARD-011	GPTs/source_pack/source_pack_shard_011.md	BLOCK-000637	33	1	909	b47a7ddc3123a11ec26a5d32cc2cf6d39cb06534b161259d2f419da2d0996a90	b47a7ddc3123a11ec26a5d32cc2cf6d39cb06534b161259d2f419da2d0996a90	26430	909	4964	945108	no	pass	Exact source bytes copied into the source-pack shard body.
SRC-000237	SHARD-011	GPTs/source_pack/source_pack_shard_011.md	BLOCK-000638	34	1	229	f791c2c76ceef3b9b9dfbd3ab0203b38fbcc90a7f24c26c1417bef8ab5132050	f791c2c76ceef3b9b9dfbd3ab0203b38fbcc90a7f24c26c1417bef8ab5132050	7754	229	1936	945108	no	pass	Exact source bytes copied into the source-pack shard body.
SRC-000307	SHARD-011	GPTs/source_pack/source_pack_shard_011.md	BLOCK-000639	35	1	230	81c0600f4c8a342945e5a6da00a49651e205976c0153d10f306166e30fd413cf	81c0600f4c8a342945e5a6da00a49651e205976c0153d10f306166e30fd413cf	7744	230	1488	945108	no	pass	Exact source bytes copied into the source-pack shard body.
SRC-000238	SHARD-011	GPTs/source_pack/source_pack_shard_011.md	BLOCK-000640	36	1	263	666fc50c450c12bd3b857b9b12a0d81a4c831826ff4f640599106a38ece09e39	666fc50c450c12bd3b857b9b12a0d81a4c831826ff4f640599106a38ece09e39	9202	263	2297	945108	no	pass	Exact source bytes copied into the source-pack shard body.
SRC-000308	SHARD-011	GPTs/source_pack/source_pack_shard_011.md	BLOCK-000641	37	1	289	26df5ba4fafe160ed6585ad76b6de70a68ece7e2017a9fc6c08932349c4f54ee	26df5ba4fafe160ed6585ad76b6de70a68ece7e2017a9fc6c08932349c4f54ee	9066	289	1674	945108	no	pass	Exact source bytes copied into the source-pack shard body.
SRC-000239	SHARD-011	GPTs/source_pack/source_pack_shard_011.md	BLOCK-000642	38	1	573	da88c73e864811536e63365daabf37d2e15b6182bdffeab96a66ee0125f1ebe6	da88c73e864811536e63365daabf37d2e15b6182bdffeab96a66ee0125f1ebe6	24588	573	6133	945108	no	pass	Exact source bytes copied into the source-pack shard body.
SRC-000309	SHARD-011	GPTs/source_pack/source_pack_shard_011.md	BLOCK-000643	39	1	1085	926920f7a53bc64b4a76cd911bda29d38a9b4c0cc6e78c47c5488e837841e327	926920f7a53bc64b4a76cd911bda29d38a9b4c0cc6e78c47c5488e837841e327	33823	1085	6115	945108	no	pass	Exact source bytes copied into the source-pack shard body.
SRC-000317	SHARD-011	GPTs/source_pack/source_pack_shard_011.md	BLOCK-000644	40	1	445	bfda8a109225545f26654fbacafd164fff09f17ec4445291efe9eae3c1d7f49c	bfda8a109225545f26654fbacafd164fff09f17ec4445291efe9eae3c1d7f49c	17181	445	3768	945108	no	pass	Exact source bytes copied into the source-pack shard body.
SRC-000318	SHARD-011	GPTs/source_pack/source_pack_shard_011.md	BLOCK-000645	41	1	1126	a249fa1a4472bd058d5fb95ba9ffc16602380bb5d00e50d3d956252ecd60a36e	a249fa1a4472bd058d5fb95ba9ffc16602380bb5d00e50d3d956252ecd60a36e	35693	1126	7413	945108	no	pass	Exact source bytes copied into the source-pack shard body.
SRC-000319	SHARD-011	GPTs/source_pack/source_pack_shard_011.md	BLOCK-000646	42	1	93	67c7a2227bdd2152d532678a9d28ee1d527d5551b7f37bcddbb3e9ae0d02b7f8	67c7a2227bdd2152d532678a9d28ee1d527d5551b7f37bcddbb3e9ae0d02b7f8	3173	93	639	945108	no	pass	Exact source bytes copied into the source-pack shard body.
SRC-000320	SHARD-011	GPTs/source_pack/source_pack_shard_011.md	BLOCK-000647	43	1	677	5a0cd8f16e830130441b2d80f9ca5181be5d358be2adefdace02dfc7a604f102	5a0cd8f16e830130441b2d80f9ca5181be5d358be2adefdace02dfc7a604f102	21835	677	4343	945108	no	pass	Exact source bytes copied into the source-pack shard body.
SRC-000321	SHARD-011	GPTs/source_pack/source_pack_shard_011.md	BLOCK-000648	44	1	347	3d365e5a3d5b8283c29944c3d035331b9fc61a1479068d1c5fa1b5daefe4fc1f	3d365e5a3d5b8283c29944c3d035331b9fc61a1479068d1c5fa1b5daefe4fc1f	11555	347	2349	945108	no	pass	Exact source bytes copied into the source-pack shard body.
SRC-000322	SHARD-011	GPTs/source_pack/source_pack_shard_011.md	BLOCK-000649	45	1	369	dde080e542f385773c2d83aad4b0887b24a024d344c11684ccc098384fcfaeeb	dde080e542f385773c2d83aad4b0887b24a024d344c11684ccc098384fcfaeeb	11933	369	2547	945108	no	pass	Exact source bytes copied into the source-pack shard body.
SRC-000323	SHARD-011	GPTs/source_pack/source_pack_shard_011.md	BLOCK-000650	46	1	790	783826fa284b04ae59126efd0ecfd303dfc3732937d06f067d1c3b6d2b4078f8	783826fa284b04ae59126efd0ecfd303dfc3732937d06f067d1c3b6d2b4078f8	27249	790	5535	945108	no	pass	Exact source bytes copied into the source-pack shard body.
SRC-000324	SHARD-011	GPTs/source_pack/source_pack_shard_011.md	BLOCK-000651	47	1	173	b6c4e546d6e269aa5c5be498b23993b3c6b7e204385eb69d28b25cc4b46f2a89	b6c4e546d6e269aa5c5be498b23993b3c6b7e204385eb69d28b25cc4b46f2a89	6251	173	1207	945108	no	pass	Exact source bytes copied into the source-pack shard body.
SRC-000325	SHARD-011	GPTs/source_pack/source_pack_shard_011.md	BLOCK-000652	48	1	368	ee3f69feecaeed531a76b533688deb7eeba558172e9479b0dae593606ba46045	ee3f69feecaeed531a76b533688deb7eeba558172e9479b0dae593606ba46045	12741	368	2618	945108	no	pass	Exact source bytes copied into the source-pack shard body.
SRC-000326	SHARD-011	GPTs/source_pack/source_pack_shard_011.md	BLOCK-000653	49	1	184	7073e86745a1d3c4bfc51b64f73e4c9c5a3e9930295aea4be672feb6846bd681	7073e86745a1d3c4bfc51b64f73e4c9c5a3e9930295aea4be672feb6846bd681	7124	184	1344	945108	no	pass	Exact source bytes copied into the source-pack shard body.
SRC-000327	SHARD-011	GPTs/source_pack/source_pack_shard_011.md	BLOCK-000654	50	1	667	c92774fc2ae264d46cdf65f9d77902d8e75ae9b338e5bf3c4ab4f115c3c0d6ba	c92774fc2ae264d46cdf65f9d77902d8e75ae9b338e5bf3c4ab4f115c3c0d6ba	23727	667	4898	945108	no	pass	Exact source bytes copied into the source-pack shard body.
SRC-000328	SHARD-011	GPTs/source_pack/source_pack_shard_011.md	BLOCK-000655	51	1	309	b41260e04b54bd2b1381bd8f1ddfdb1e7b4112f8d50c5740c0bebc7775c49997	b41260e04b54bd2b1381bd8f1ddfdb1e7b4112f8d50c5740c0bebc7775c49997	11519	309	2327	945108	no	pass	Exact source bytes copied into the source-pack shard body.
SRC-000329	SHARD-011	GPTs/source_pack/source_pack_shard_011.md	BLOCK-000656	52	1	448	480f2e2c70ce3c02436946fe60de48da9bb8151429366fdd9c8ddddf66711b61	480f2e2c70ce3c02436946fe60de48da9bb8151429366fdd9c8ddddf66711b61	16001	448	3561	945108	no	pass	Exact source bytes copied into the source-pack shard body.
SRC-000330	SHARD-011	GPTs/source_pack/source_pack_shard_011.md	BLOCK-000657	53	1	467	154cdcb34011a345222be0be3a02c7acd58c07b10d95725a84f04f38c1084747	154cdcb34011a345222be0be3a02c7acd58c07b10d95725a84f04f38c1084747	20521	467	4473	945108	no	pass	Exact source bytes copied into the source-pack shard body.
SRC-000331	SHARD-011	GPTs/source_pack/source_pack_shard_011.md	BLOCK-000658	54	1	289	7152e33ba1790b011b0871e21ea41077991d7f5542e5e4888f97a82daf0abaec	7152e33ba1790b011b0871e21ea41077991d7f5542e5e4888f97a82daf0abaec	9442	289	1934	945108	no	pass	Exact source bytes copied into the source-pack shard body.
SRC-000332	SHARD-011	GPTs/source_pack/source_pack_shard_011.md	BLOCK-000659	55	1	230	51e82a9ec28a371f2f2aa158fb0f2c937f056c496002fbbbdaea5f1164673a8c	51e82a9ec28a371f2f2aa158fb0f2c937f056c496002fbbbdaea5f1164673a8c	7404	230	1520	945108	no	pass	Exact source bytes copied into the source-pack shard body.
SRC-000333	SHARD-011	GPTs/source_pack/source_pack_shard_011.md	BLOCK-000660	56	1	1472	758bc175c5670b045f7739faa6780f9bc3d0b7ab4d40062d65eb2f729db104a1	758bc175c5670b045f7739faa6780f9bc3d0b7ab4d40062d65eb2f729db104a1	59775	1472	12899	945108	no	pass	Exact source bytes copied into the source-pack shard body.
SRC-000334	SHARD-011	GPTs/source_pack/source_pack_shard_011.md	BLOCK-000661	57	1	365	1fc0baf099cb8120825110ee1e06a2de8d66a5c833ed4417961b33288faadaee	1fc0baf099cb8120825110ee1e06a2de8d66a5c833ed4417961b33288faadaee	15912	365	3615	945108	no	pass	Exact source bytes copied into the source-pack shard body.
SRC-000335	SHARD-011	GPTs/source_pack/source_pack_shard_011.md	BLOCK-000662	58	1	517	a55e49ef7c9093b03cd2ad99a1e38e8b5e989f6010637b1f92ad6fb52a57ac41	a55e49ef7c9093b03cd2ad99a1e38e8b5e989f6010637b1f92ad6fb52a57ac41	20372	517	4596	945108	no	pass	Exact source bytes copied into the source-pack shard body.
SRC-000336	SHARD-011	GPTs/source_pack/source_pack_shard_011.md	BLOCK-000663	59	1	242	88b31f6a759bceabf5caf052a7f1bd60e12134db064dbfc0913864896e301cfc	88b31f6a759bceabf5caf052a7f1bd60e12134db064dbfc0913864896e301cfc	10815	242	2466	945108	no	pass	Exact source bytes copied into the source-pack shard body.
SRC-000240	SHARD-011	GPTs/source_pack/source_pack_shard_011.md	BLOCK-000664	60	1	1395	7f236133ac5adb5afeb8800ba2a374fb9f0b7b04556c2c046cfe665f89a15ac1	7f236133ac5adb5afeb8800ba2a374fb9f0b7b04556c2c046cfe665f89a15ac1	50160	1395	12516	945108	no	pass	Exact source bytes copied into the source-pack shard body.
SRC-000337	SHARD-011	GPTs/source_pack/source_pack_shard_011.md	BLOCK-000665	61	1	1492	a8dfa158fb5dfb29424b6bb376e566b6d5cc47db0bcb08eb189cd33065807809	a8dfa158fb5dfb29424b6bb376e566b6d5cc47db0bcb08eb189cd33065807809	60926	1492	13229	945108	no	pass	Exact source bytes copied into the source-pack shard body.
SRC-000241	SHARD-011	GPTs/source_pack/source_pack_shard_011.md	BLOCK-000666	62	1	376	3174bb07669152836fcde2f1b128f94966fa55ab476042094b7f28de5e4269dd	3174bb07669152836fcde2f1b128f94966fa55ab476042094b7f28de5e4269dd	13083	376	3267	945108	no	pass	Exact source bytes copied into the source-pack shard body.
SRC-000338	SHARD-011	GPTs/source_pack/source_pack_shard_011.md	BLOCK-000667	63	1	489	ecaf54cba06abeb17caa379487b83575f8f30846e46fc664f70c58d8407a7ed4	ecaf54cba06abeb17caa379487b83575f8f30846e46fc664f70c58d8407a7ed4	19134	489	4055	945108	no	pass	Exact source bytes copied into the source-pack shard body.
SRC-000242	SHARD-011	GPTs/source_pack/source_pack_shard_011.md	BLOCK-000668	64	1	545	9f7317c7732582d5ebeae03a830ce0102ba1428a53f1875fed9b6fbf52168351	9f7317c7732582d5ebeae03a830ce0102ba1428a53f1875fed9b6fbf52168351	17831	545	4449	945108	no	pass	Exact source bytes copied into the source-pack shard body.
SRC-000339	SHARD-011	GPTs/source_pack/source_pack_shard_011.md	BLOCK-000669	65	1	590	59b78218f352dc7b24f69f09e08fa08f3755f8752c041d6528f301a5e119c1ed	59b78218f352dc7b24f69f09e08fa08f3755f8752c041d6528f301a5e119c1ed	21080	590	4495	945108	no	pass	Exact source bytes copied into the source-pack shard body.
SRC-000243	SHARD-011	GPTs/source_pack/source_pack_shard_011.md	BLOCK-000670	66	1	378	16527d8c55d7d15509d3d765bfe709dad14a110dfe3873ec5873b02999c67c84	16527d8c55d7d15509d3d765bfe709dad14a110dfe3873ec5873b02999c67c84	14115	378	3521	945108	no	pass	Exact source bytes copied into the source-pack shard body.
SRC-000340	SHARD-011	GPTs/source_pack/source_pack_shard_011.md	BLOCK-000671	67	1	395	574e2464907894079947577f8d33e0e02a06abc4929a5fb44fcb9521d3e2397f	574e2464907894079947577f8d33e0e02a06abc4929a5fb44fcb9521d3e2397f	16018	395	3362	945108	no	pass	Exact source bytes copied into the source-pack shard body.
SRC-000244	SHARD-011	GPTs/source_pack/source_pack_shard_011.md	BLOCK-000672	68	1	683	dd960e0693f3e2449d5e1f6548c4ccdc2afd41829c6ca0629a20ecf3cdb882bf	dd960e0693f3e2449d5e1f6548c4ccdc2afd41829c6ca0629a20ecf3cdb882bf	33056	683	8250	945108	no	pass	Exact source bytes copied into the source-pack shard body.
SRC-000341	SHARD-011	GPTs/source_pack/source_pack_shard_011.md	BLOCK-000673	69	1	798	a744eef19dbd72b3923f3d5c3e1d85f96f2dedb505308b01d3af860ae3c7e6c3	a744eef19dbd72b3923f3d5c3e1d85f96f2dedb505308b01d3af860ae3c7e6c3	38704	798	8604	945108	no	pass	Exact source bytes copied into the source-pack shard body.
SRC-000245	SHARD-011	GPTs/source_pack/source_pack_shard_011.md	BLOCK-000674	70	1	291	c69622744a027e89a46d6664360313151f2b34ef139b7e5c850355a1b22bca37	c69622744a027e89a46d6664360313151f2b34ef139b7e5c850355a1b22bca37	9917	291	2391	945108	no	pass	Exact source bytes copied into the source-pack shard body.
SRC-000342	SHARD-011	GPTs/source_pack/source_pack_shard_011.md	BLOCK-000675	71	1	377	52a75a6ccd88a4a406dd88ab4148bafa164d8e533bcd1cdc62a528dbe66a2e06	52a75a6ccd88a4a406dd88ab4148bafa164d8e533bcd1cdc62a528dbe66a2e06	13805	377	2938	945108	no	pass	Exact source bytes copied into the source-pack shard body.
SRC-000246	SHARD-011	GPTs/source_pack/source_pack_shard_011.md	BLOCK-000676	72	1	188	96d03537dd4c6af7739b4c164e98e29ab53fb15734df4122d3081e5f1f38aef0	96d03537dd4c6af7739b4c164e98e29ab53fb15734df4122d3081e5f1f38aef0	7298	188	1824	945108	no	pass	Exact source bytes copied into the source-pack shard body.
SRC-000343	SHARD-011	GPTs/source_pack/source_pack_shard_011.md	BLOCK-000677	73	1	191	b29d00c91a01e663015f8454bb9edf0c005b017c32fbb489e0bdb6ac6db331e2	b29d00c91a01e663015f8454bb9edf0c005b017c32fbb489e0bdb6ac6db331e2	8163	191	1741	945108	no	pass	Exact source bytes copied into the source-pack shard body.
SRC-000247	SHARD-011	GPTs/source_pack/source_pack_shard_011.md	BLOCK-000678	74	1	231	7255989a9c4c173f23e178108cfa108f3717cfcc181719807e0f8ef5bedc5013	7255989a9c4c173f23e178108cfa108f3717cfcc181719807e0f8ef5bedc5013	6604	231	1649	945108	no	pass	Exact source bytes copied into the source-pack shard body.
SRC-000344	SHARD-011	GPTs/source_pack/source_pack_shard_011.md	BLOCK-000679	75	1	226	9946198bd284ae5ac86e1554ad3237146f4dd98d9b35e78589e70c246499976b	9946198bd284ae5ac86e1554ad3237146f4dd98d9b35e78589e70c246499976b	7382	226	1504	945108	no	pass	Exact source bytes copied into the source-pack shard body.
SRC-000248	SHARD-011	GPTs/source_pack/source_pack_shard_011.md	BLOCK-000680	76	1	643	eece57da3b6f326619a05b9fa29b40d53debc0eaf3d89336d9a96df9a66f6f9e	eece57da3b6f326619a05b9fa29b40d53debc0eaf3d89336d9a96df9a66f6f9e	25251	643	6309	945108	no	pass	Exact source bytes copied into the source-pack shard body.
SRC-000345	SHARD-011	GPTs/source_pack/source_pack_shard_011.md	BLOCK-000681	77	1	673	f4b43a469799c133d3b84fe0f95fe497d1baaed49482894ce3e19c32b69d6c38	f4b43a469799c133d3b84fe0f95fe497d1baaed49482894ce3e19c32b69d6c38	29525	673	6376	945108	no	pass	Exact source bytes copied into the source-pack shard body.
SRC-000249	SHARD-011	GPTs/source_pack/source_pack_shard_011.md	BLOCK-000682	78	1	845	25fc1f6801e432a3591ecdbc1a2e57a35abe76b2318928aded1a9523e3710387	25fc1f6801e432a3591ecdbc1a2e57a35abe76b2318928aded1a9523e3710387	25664	845	6385	945108	no	pass	Exact source bytes copied into the source-pack shard body.
SRC-000346	SHARD-011	GPTs/source_pack/source_pack_shard_011.md	BLOCK-000683	79	1	952	fd58ed0b5eeeec3901f27b7b30b3156196bf4f05bbc4c22b11b5b4a4b5eb840b	fd58ed0b5eeeec3901f27b7b30b3156196bf4f05bbc4c22b11b5b4a4b5eb840b	31355	952	6660	945108	no	pass	Exact source bytes copied into the source-pack shard body.
SRC-000250	SHARD-011	GPTs/source_pack/source_pack_shard_011.md	BLOCK-000684	80	1	457	4d2a399952961ecbfc851d55e94660fc7383076d518b9d06ed065c0e33f21099	4d2a399952961ecbfc851d55e94660fc7383076d518b9d06ed065c0e33f21099	17188	457	4294	945108	no	pass	Exact source bytes copied into the source-pack shard body.
SRC-000347	SHARD-011	GPTs/source_pack/source_pack_shard_011.md	BLOCK-000685	81	1	508	630d9e2b002f68e4b67bfd5e258a5dc676ec91688ee6a9df9e0b7c20fbf800e1	630d9e2b002f68e4b67bfd5e258a5dc676ec91688ee6a9df9e0b7c20fbf800e1	20609	508	4491	945108	no	pass	Exact source bytes copied into the source-pack shard body.
SRC-000251	SHARD-011	GPTs/source_pack/source_pack_shard_011.md	BLOCK-000686	82	1	350	535378f952b4eb1199a04d16001c8f768f4a51dcc687c6b066ba644961474b1a	535378f952b4eb1199a04d16001c8f768f4a51dcc687c6b066ba644961474b1a	12028	350	2996	945108	no	pass	Exact source bytes copied into the source-pack shard body.
SRC-000348	SHARD-011	GPTs/source_pack/source_pack_shard_011.md	BLOCK-000687	83	1	394	9532180deb1840fb232931b7b22fb64cd88d0ff279fd60f76b73283acd2bb137	9532180deb1840fb232931b7b22fb64cd88d0ff279fd60f76b73283acd2bb137	15251	394	2995	945108	no	pass	Exact source bytes copied into the source-pack shard body.
SRC-000252	SHARD-011	GPTs/source_pack/source_pack_shard_011.md	BLOCK-000688	84	1	317	03fdc1db6e71ecb933be9c3d1b2832ed9b1b3d7f0fa24e41b3efee22e434f019	03fdc1db6e71ecb933be9c3d1b2832ed9b1b3d7f0fa24e41b3efee22e434f019	9845	317	2459	945108	no	pass	Exact source bytes copied into the source-pack shard body.
SRC-000349	SHARD-011	GPTs/source_pack/source_pack_shard_011.md	BLOCK-000689	85	1	310	b55d31946eff73d3de065310737ffc4f9666bb938a70f303b368bac81766c767	b55d31946eff73d3de065310737ffc4f9666bb938a70f303b368bac81766c767	10178	310	2079	945108	no	pass	Exact source bytes copied into the source-pack shard body.
SRC-000253	SHARD-011	GPTs/source_pack/source_pack_shard_011.md	BLOCK-000690	86	1	93	a35d72e25d8cd7fe7aecc8ce234b1e26e470b78a025ff2cb7995d38ebd22cc08	a35d72e25d8cd7fe7aecc8ce234b1e26e470b78a025ff2cb7995d38ebd22cc08	3180	93	782	945108	no	pass	Exact source bytes copied into the source-pack shard body.
SRC-000350	SHARD-011	GPTs/source_pack/source_pack_shard_011.md	BLOCK-000691	87	1	95	002feaf3b00e8edc36d8e23ad6a847641b7300ddc0008eb420aa28d6b54c0512	002feaf3b00e8edc36d8e23ad6a847641b7300ddc0008eb420aa28d6b54c0512	3492	95	668	945108	no	pass	Exact source bytes copied into the source-pack shard body.
SRC-000254	SHARD-011	GPTs/source_pack/source_pack_shard_011.md	BLOCK-000692	88	1	289	b5229fa573742be64b17a36cd82f31de020311e9a8efda45ec534af8744af766	b5229fa573742be64b17a36cd82f31de020311e9a8efda45ec534af8744af766	9708	289	2403	945108	no	pass	Exact source bytes copied into the source-pack shard body.
SRC-000351	SHARD-011	GPTs/source_pack/source_pack_shard_011.md	BLOCK-000693	89	1	302	99d91bc56ade9c2f07b22e4348a80f9f6a0204f8f7b285598858526f1aad7e2b	99d91bc56ade9c2f07b22e4348a80f9f6a0204f8f7b285598858526f1aad7e2b	9868	302	2114	945108	no	pass	Exact source bytes copied into the source-pack shard body.
SRC-000255	SHARD-011	GPTs/source_pack/source_pack_shard_011.md	BLOCK-000694	90	1	322	f73797a7a01d4fb14045a34efd823794669ea390536a567abb53e50384dcb59f	f73797a7a01d4fb14045a34efd823794669ea390536a567abb53e50384dcb59f	10374	322	2581	945108	no	pass	Exact source bytes copied into the source-pack shard body.
SRC-000352	SHARD-011	GPTs/source_pack/source_pack_shard_011.md	BLOCK-000695	91	1	324	7f8361c250ac4b811bf02bd7f5044c95ed29c3506a6c0d80170283ae03629a32	7f8361c250ac4b811bf02bd7f5044c95ed29c3506a6c0d80170283ae03629a32	11058	324	2308	945108	no	pass	Exact source bytes copied into the source-pack shard body.
SRC-000256	SHARD-011	GPTs/source_pack/source_pack_shard_011.md	BLOCK-000696	92	1	451	4e87513115e8218d1a55080c5046b8d197c25912bf745b066fff7b4f86fac051	4e87513115e8218d1a55080c5046b8d197c25912bf745b066fff7b4f86fac051	15602	451	3900	945108	no	pass	Exact source bytes copied into the source-pack shard body.
SRC-000353	SHARD-011	GPTs/source_pack/source_pack_shard_011.md	BLOCK-000697	93	1	486	20e857b423cca3e4437dc9671b3e9f22a6c7e58698a8a026371b561dd333e7b0	20e857b423cca3e4437dc9671b3e9f22a6c7e58698a8a026371b561dd333e7b0	18833	486	4065	945108	no	pass	Exact source bytes copied into the source-pack shard body.
SRC-000257	SHARD-011	GPTs/source_pack/source_pack_shard_011.md	BLOCK-000698	94	1	900	89548ea861e2a3b2b2362d72fb183ebbe38c88b5663c9c9aa99153c1de8e8a3b	89548ea861e2a3b2b2362d72fb183ebbe38c88b5663c9c9aa99153c1de8e8a3b	30060	900	7502	945108	no	pass	Exact source bytes copied into the source-pack shard body.
SRC-000354	SHARD-011	GPTs/source_pack/source_pack_shard_011.md	BLOCK-000699	95	1	923	00651bb286ad1f2a1aad1984cfe87443fb21c92aba00a031eb06f186c0d059c9	00651bb286ad1f2a1aad1984cfe87443fb21c92aba00a031eb06f186c0d059c9	37215	923	7477	945108	no	pass	Exact source bytes copied into the source-pack shard body.
SRC-000258	SHARD-011	GPTs/source_pack/source_pack_shard_011.md	BLOCK-000700	96	1	331	c9b144f5e05e70e9ffa5bcd297a7ba0160c9488648bb01a1d2876cc988a696f9	c9b144f5e05e70e9ffa5bcd297a7ba0160c9488648bb01a1d2876cc988a696f9	12934	331	3231	945108	no	pass	Exact source bytes copied into the source-pack shard body.
SRC-000355	SHARD-011	GPTs/source_pack/source_pack_shard_011.md	BLOCK-000701	97	1	331	18fcf8d7c03f674b5f4bf82b4ee42bf2acca000b65d9d8fa6c20bd5440e01c05	18fcf8d7c03f674b5f4bf82b4ee42bf2acca000b65d9d8fa6c20bd5440e01c05	14831	331	3161	945108	no	pass	Exact source bytes copied into the source-pack shard body.
SRC-000259	SHARD-011	GPTs/source_pack/source_pack_shard_011.md	BLOCK-000702	98	1	422	74adb98c657583beeb3d7ab6f6e9846c4afbf07619c5166afd483366801fd318	74adb98c657583beeb3d7ab6f6e9846c4afbf07619c5166afd483366801fd318	15686	422	3918	945108	no	pass	Exact source bytes copied into the source-pack shard body.
SRC-000356	SHARD-011	GPTs/source_pack/source_pack_shard_011.md	BLOCK-000703	99	1	430	d3c8c5b13817095e33fdad8711d76759ad4572a42f5a952389b1cb2c03ac9fa6	d3c8c5b13817095e33fdad8711d76759ad4572a42f5a952389b1cb2c03ac9fa6	18151	430	3713	945108	no	pass	Exact source bytes copied into the source-pack shard body.
SRC-000260	SHARD-011	GPTs/source_pack/source_pack_shard_011.md	BLOCK-000704	100	1	314	ca659be994600a4e6acfe078195940ab734f82aad5002bac484f7f5ebc461ad0	ca659be994600a4e6acfe078195940ab734f82aad5002bac484f7f5ebc461ad0	10903	314	2719	945108	no	pass	Exact source bytes copied into the source-pack shard body.
SRC-000357	SHARD-011	GPTs/source_pack/source_pack_shard_011.md	BLOCK-000705	101	1	324	81837a0722e16cd60caefe15c30e6537930848aa2a79b81b047f1b1028887491	81837a0722e16cd60caefe15c30e6537930848aa2a79b81b047f1b1028887491	12037	324	2487	945108	no	pass	Exact source bytes copied into the source-pack shard body.
SRC-000261	SHARD-011	GPTs/source_pack/source_pack_shard_011.md	BLOCK-000706	102	1	601	c0c00815329ee93c3e2ef8a8daa3af185d5938381ccfb713d64a3398341e0105	c0c00815329ee93c3e2ef8a8daa3af185d5938381ccfb713d64a3398341e0105	25096	601	6270	945108	no	pass	Exact source bytes copied into the source-pack shard body.
SRC-000358	SHARD-011	GPTs/source_pack/source_pack_shard_011.md	BLOCK-000707	103	1	639	d6b09cb0b7142d2306fdec9e565d06b0a4761042ee398f6755dc363c2f2664e8	d6b09cb0b7142d2306fdec9e565d06b0a4761042ee398f6755dc363c2f2664e8	30893	639	6618	945108	no	pass	Exact source bytes copied into the source-pack shard body.
SRC-000262	SHARD-011	GPTs/source_pack/source_pack_shard_011.md	BLOCK-000708	104	1	362	c8f164ad47cc5d9aea34b8f96b0eb8970ad97586844365af359ff267a5a208a3	c8f164ad47cc5d9aea34b8f96b0eb8970ad97586844365af359ff267a5a208a3	11118	362	2776	945108	no	pass	Exact source bytes copied into the source-pack shard body.
SRC-000359	SHARD-011	GPTs/source_pack/source_pack_shard_011.md	BLOCK-000709	105	1	360	c17e4f94abcc2af7f546b6f1811ff3a49cbf7e76b1bd74251bf157ead86309d6	c17e4f94abcc2af7f546b6f1811ff3a49cbf7e76b1bd74251bf157ead86309d6	13236	360	2620	945108	no	pass	Exact source bytes copied into the source-pack shard body.
SRC-000263	SHARD-011	GPTs/source_pack/source_pack_shard_011.md	BLOCK-000710	106	1	301	875bef828a3250b27d719b85b425c3cec3454c35657f6fd610fcacb8024a64d2	875bef828a3250b27d719b85b425c3cec3454c35657f6fd610fcacb8024a64d2	9350	301	2335	945108	no	pass	Exact source bytes copied into the source-pack shard body.
SRC-000360	SHARD-011	GPTs/source_pack/source_pack_shard_011.md	BLOCK-000711	107	1	302	fe86c128a619ea72afcf06243199eaa6bd55e5d03e45ddf16077182a770fcc82	fe86c128a619ea72afcf06243199eaa6bd55e5d03e45ddf16077182a770fcc82	11024	302	2224	945108	no	pass	Exact source bytes copied into the source-pack shard body.
SRC-000264	SHARD-011	GPTs/source_pack/source_pack_shard_011.md	BLOCK-000712	108	1	361	a6a119f73c22fa217b811c8e44945df518fefb5c0e1f8539469e3a7f29ded8b9	a6a119f73c22fa217b811c8e44945df518fefb5c0e1f8539469e3a7f29ded8b9	13034	361	3255	945108	no	pass	Exact source bytes copied into the source-pack shard body.
SRC-000361	SHARD-011	GPTs/source_pack/source_pack_shard_011.md	BLOCK-000713	109	1	341	e9c88f07d364feae10c8dd054289ef3a5033ea9582f7168032b8397a9d2ec31b	e9c88f07d364feae10c8dd054289ef3a5033ea9582f7168032b8397a9d2ec31b	14413	341	2806	945108	no	pass	Exact source bytes copied into the source-pack shard body.
SRC-000265	SHARD-011	GPTs/source_pack/source_pack_shard_011.md	BLOCK-000714	110	1	403	5934dec8445a3897703d07dd758880985b6c40ac97ddc2dc82db636d0a42721f	5934dec8445a3897703d07dd758880985b6c40ac97ddc2dc82db636d0a42721f	14662	403	3662	945108	no	pass	Exact source bytes copied into the source-pack shard body.
SRC-000362	SHARD-011	GPTs/source_pack/source_pack_shard_011.md	BLOCK-000715	111	1	420	4a94138955b94946bd5c76bbbe43cdbc1af55d3d36a12e2f68f9ae280c23a66b	4a94138955b94946bd5c76bbbe43cdbc1af55d3d36a12e2f68f9ae280c23a66b	16709	420	3241	945108	no	pass	Exact source bytes copied into the source-pack shard body.
SRC-000266	SHARD-011	GPTs/source_pack/source_pack_shard_011.md	BLOCK-000716	112	1	182	5724a1ccb45c383c870f1eae939773440558d8c5cc24e7d14840246f34bd52ef	5724a1ccb45c383c870f1eae939773440558d8c5cc24e7d14840246f34bd52ef	5613	182	1403	945108	no	pass	Exact source bytes copied into the source-pack shard body.
SRC-000363	SHARD-011	GPTs/source_pack/source_pack_shard_011.md	BLOCK-000717	113	1	178	52d071d2091305243c23f43c90a1dcc687fd4d87ad428ad25d5fea1abd303722	52d071d2091305243c23f43c90a1dcc687fd4d87ad428ad25d5fea1abd303722	6536	178	1268	945108	no	pass	Exact source bytes copied into the source-pack shard body.
SRC-000267	SHARD-011	GPTs/source_pack/source_pack_shard_011.md	BLOCK-000718	114	1	198	c216e54f5e09824b0e062647fb75b4157ea4732692ba108eef420314ca0d15b4	c216e54f5e09824b0e062647fb75b4157ea4732692ba108eef420314ca0d15b4	6547	198	1635	945108	no	pass	Exact source bytes copied into the source-pack shard body.
SRC-000364	SHARD-011	GPTs/source_pack/source_pack_shard_011.md	BLOCK-000719	115	1	222	5a9b6e6e03e2bf5a5999d01c7229c46cb8444d33598f0346a393b9ca5158d4e3	5a9b6e6e03e2bf5a5999d01c7229c46cb8444d33598f0346a393b9ca5158d4e3	8562	222	1660	945108	no	pass	Exact source bytes copied into the source-pack shard body.
SRC-000268	SHARD-011	GPTs/source_pack/source_pack_shard_011.md	BLOCK-000720	116	1	574	f72c1a25c4f6c12ae62c07103447dcabd09d496a588dc2b2dfc6d141669ea0ca	f72c1a25c4f6c12ae62c07103447dcabd09d496a588dc2b2dfc6d141669ea0ca	20949	574	5232	945108	no	pass	Exact source bytes copied into the source-pack shard body.
SRC-000365	SHARD-011	GPTs/source_pack/source_pack_shard_011.md	BLOCK-000721	117	1	593	67ae6a6330114b9c8bb07717d2e7b6f19e33eb20d49313eda22492207a624aca	67ae6a6330114b9c8bb07717d2e7b6f19e33eb20d49313eda22492207a624aca	26872	593	5292	945108	no	pass	Exact source bytes copied into the source-pack shard body.
SRC-000269	SHARD-011	GPTs/source_pack/source_pack_shard_011.md	BLOCK-000722	118	1	451	ec6cd57e1e9cb6ef9bc6f9ad52ea1b3fdf30d3a6d15fb92e4ee3cfb899f01b5f	ec6cd57e1e9cb6ef9bc6f9ad52ea1b3fdf30d3a6d15fb92e4ee3cfb899f01b5f	18770	451	4688	945108	no	pass	Exact source bytes copied into the source-pack shard body.
SRC-000366	SHARD-011	GPTs/source_pack/source_pack_shard_011.md	BLOCK-000723	119	1	457	ade219d8024f2e07b2b1b7946c2f44e9a924b941404e27e62fa4b1806c8add86	ade219d8024f2e07b2b1b7946c2f44e9a924b941404e27e62fa4b1806c8add86	20421	457	3940	945108	no	pass	Exact source bytes copied into the source-pack shard body.
SRC-000270	SHARD-011	GPTs/source_pack/source_pack_shard_011.md	BLOCK-000724	120	1	336	4600a000853bbc96552ea5ba7f49aa69d70c80a23f391c7d0d21b737f43792ed	4600a000853bbc96552ea5ba7f49aa69d70c80a23f391c7d0d21b737f43792ed	12971	336	3240	945108	no	pass	Exact source bytes copied into the source-pack shard body.
SRC-000367	SHARD-011	GPTs/source_pack/source_pack_shard_011.md	BLOCK-000725	121	1	334	1851b8a268899a7f14a3d3ffc51eb048d824ddc5343804140254134f4086757b	1851b8a268899a7f14a3d3ffc51eb048d824ddc5343804140254134f4086757b	14347	334	2964	945108	no	pass	Exact source bytes copied into the source-pack shard body.
SRC-000271	SHARD-011	GPTs/source_pack/source_pack_shard_011.md	BLOCK-000726	122	1	236	ede84de38bc8049dbc57cfb4d8f1402e043f263bb958a2067399100001948bcf	ede84de38bc8049dbc57cfb4d8f1402e043f263bb958a2067399100001948bcf	6883	236	1719	945108	no	pass	Exact source bytes copied into the source-pack shard body.
SRC-000368	SHARD-011	GPTs/source_pack/source_pack_shard_011.md	BLOCK-000727	123	1	227	58fc4d7fd53ce75aaa45ee2c15f0b1eb3ca197b91fff8b3ec5e4168117145249	58fc4d7fd53ce75aaa45ee2c15f0b1eb3ca197b91fff8b3ec5e4168117145249	7983	227	1619	945108	no	pass	Exact source bytes copied into the source-pack shard body.
SRC-000272	SHARD-011	GPTs/source_pack/source_pack_shard_011.md	BLOCK-000728	124	1	930	1c9d4829a965eec090d51254658c067d5080654510185e0276ed0ca873a21ae9	1c9d4829a965eec090d51254658c067d5080654510185e0276ed0ca873a21ae9	33135	930	8263	945108	no	pass	Exact source bytes copied into the source-pack shard body.
SRC-000369	SHARD-011	GPTs/source_pack/source_pack_shard_011.md	BLOCK-000729	125	1	974	66e78e04137e9a1c7912b21ba790fef8d5427d9ca4e21bc9391bcf896d1d7323	66e78e04137e9a1c7912b21ba790fef8d5427d9ca4e21bc9391bcf896d1d7323	40797	974	8272	945108	no	pass	Exact source bytes copied into the source-pack shard body.
SRC-000273	SHARD-011	GPTs/source_pack/source_pack_shard_011.md	BLOCK-000730	126	1	496	ae5fafe2a2b6e7c1ee9ac332e1e234da14dc75dd10be6a7a65f4cb75edf46652	ae5fafe2a2b6e7c1ee9ac332e1e234da14dc75dd10be6a7a65f4cb75edf46652	22835	496	5704	945108	no	pass	Exact source bytes copied into the source-pack shard body.
SRC-000370	SHARD-011	GPTs/source_pack/source_pack_shard_011.md	BLOCK-000731	127	1	513	6f09aa741b2691fe0f440716a5d1ca2f6b6e1e9f6acf3d0cb5971abc28ee5551	6f09aa741b2691fe0f440716a5d1ca2f6b6e1e9f6acf3d0cb5971abc28ee5551	27334	513	5618	945108	no	pass	Exact source bytes copied into the source-pack shard body.
SRC-000274	SHARD-011	GPTs/source_pack/source_pack_shard_011.md	BLOCK-000732	128	1	233	6ac97c8b63265445f62d026fd9362f25fc6866677a205e0e8523802e99818e06	6ac97c8b63265445f62d026fd9362f25fc6866677a205e0e8523802e99818e06	7742	233	1933	945108	no	pass	Exact source bytes copied into the source-pack shard body.
SRC-000371	SHARD-011	GPTs/source_pack/source_pack_shard_011.md	BLOCK-000733	129	1	232	948b9f80affebbeb22db8ccfb0b6469347c678cdd95c8efca872ebb0cfdeeb16	948b9f80affebbeb22db8ccfb0b6469347c678cdd95c8efca872ebb0cfdeeb16	9049	232	1729	945108	no	pass	Exact source bytes copied into the source-pack shard body.
SRC-000275	SHARD-011	GPTs/source_pack/source_pack_shard_011.md	BLOCK-000734	130	1	603	73ada816ac25eeae879481b5246b85dbfc024c2d5fc9737b7868fe37443dbefb	73ada816ac25eeae879481b5246b85dbfc024c2d5fc9737b7868fe37443dbefb	23071	603	5762	945108	no	pass	Exact source bytes copied into the source-pack shard body.
SRC-000372	SHARD-011	GPTs/source_pack/source_pack_shard_011.md	BLOCK-000735	131	1	607	e6bbd1335515da632a195129bdfab5ea704140e18c6ad5eafff9bf46ac6aba5d	e6bbd1335515da632a195129bdfab5ea704140e18c6ad5eafff9bf46ac6aba5d	26461	607	5462	945108	no	pass	Exact source bytes copied into the source-pack shard body.
SRC-000276	SHARD-011	GPTs/source_pack/source_pack_shard_011.md	BLOCK-000736	132	1	639	0451ff4c41f9f1827e914674ff3544e70c2e953dd4b190cc34916b93d8428d42	0451ff4c41f9f1827e914674ff3544e70c2e953dd4b190cc34916b93d8428d42	24679	639	6162	945108	no	pass	Exact source bytes copied into the source-pack shard body.
SRC-000373	SHARD-011	GPTs/source_pack/source_pack_shard_011.md	BLOCK-000737	133	1	641	5e59d5078ac950095ea171bb14902845552d14cec9fbe4e33762245613cc673d	5e59d5078ac950095ea171bb14902845552d14cec9fbe4e33762245613cc673d	28276	641	5780	945108	no	pass	Exact source bytes copied into the source-pack shard body.
SRC-000277	SHARD-011	GPTs/source_pack/source_pack_shard_011.md	BLOCK-000738	134	1	292	8ce7456606b336267ecb375dd9286970fb2d63215bff23c96f9bac193a965b94	8ce7456606b336267ecb375dd9286970fb2d63215bff23c96f9bac193a965b94	10918	292	2728	945108	no	pass	Exact source bytes copied into the source-pack shard body.
SRC-000374	SHARD-011	GPTs/source_pack/source_pack_shard_011.md	BLOCK-000739	135	1	289	2ed8c232e1f169104f063b41d0cda2681a2c8946306e00e9369400a99d1c7000	2ed8c232e1f169104f063b41d0cda2681a2c8946306e00e9369400a99d1c7000	11826	289	2354	945108	no	pass	Exact source bytes copied into the source-pack shard body.
SRC-000278	SHARD-011	GPTs/source_pack/source_pack_shard_011.md	BLOCK-000740	136	1	440	0b07148e1872202e5a03ffe642effb9bffd729f6f527c3e82ab36167c37bdb5e	0b07148e1872202e5a03ffe642effb9bffd729f6f527c3e82ab36167c37bdb5e	16560	440	4125	945108	no	pass	Exact source bytes copied into the source-pack shard body.
SRC-000375	SHARD-011	GPTs/source_pack/source_pack_shard_011.md	BLOCK-000741	137	1	444	2aaa7fb58841496c20dbc8d347b71db792fe37eb3610949d8f925f40b2da2f18	2aaa7fb58841496c20dbc8d347b71db792fe37eb3610949d8f925f40b2da2f18	18275	444	3684	945108	no	pass	Exact source bytes copied into the source-pack shard body.
SRC-000279	SHARD-011	GPTs/source_pack/source_pack_shard_011.md	BLOCK-000742	138	1	805	acb93ceff6025a3fe6e6ea1bc2caa2bfbb495a13ddfd4e7268505e59ff7aad17	acb93ceff6025a3fe6e6ea1bc2caa2bfbb495a13ddfd4e7268505e59ff7aad17	23735	805	5926	945108	no	pass	Exact source bytes copied into the source-pack shard body.
SRC-000376	SHARD-011	GPTs/source_pack/source_pack_shard_011.md	BLOCK-000743	139	1	808	18fc05b80bfe32d3aee51dc40564abad6b4a8e232dec538cc9cbc367ff749593	18fc05b80bfe32d3aee51dc40564abad6b4a8e232dec538cc9cbc367ff749593	28170	808	5348	945108	no	pass	Exact source bytes copied into the source-pack shard body.
SRC-000280	SHARD-011	GPTs/source_pack/source_pack_shard_011.md	BLOCK-000744	140	1	995	0df81fc25b37bd061f77e0335b99ea9efedb5285793e5d317c3147fe25f1ea80	0df81fc25b37bd061f77e0335b99ea9efedb5285793e5d317c3147fe25f1ea80	28702	995	7168	945108	no	pass	Exact source bytes copied into the source-pack shard body.
SRC-000377	SHARD-011	GPTs/source_pack/source_pack_shard_011.md	BLOCK-000745	141	1	1011	2dff765938214ef46fcbb4885bad62bfc6a441648de5f5f91bf640b4ecf87b10	2dff765938214ef46fcbb4885bad62bfc6a441648de5f5f91bf640b4ecf87b10	33955	1011	6670	945108	no	pass	Exact source bytes copied into the source-pack shard body.
SRC-000281	SHARD-011	GPTs/source_pack/source_pack_shard_011.md	BLOCK-000746	142	1	545	1b03cefa87394a7a596ad66b9aefb86bc318d51ede60b340f9e2595041bb7515	1b03cefa87394a7a596ad66b9aefb86bc318d51ede60b340f9e2595041bb7515	17561	545	4379	945108	no	pass	Exact source bytes copied into the source-pack shard body.
SRC-000378	SHARD-011	GPTs/source_pack/source_pack_shard_011.md	BLOCK-000747	143	1	547	1813830c1fd7f5404f6bcf3142404914c36ba0137b03fd21732f27b124e9ec43	1813830c1fd7f5404f6bcf3142404914c36ba0137b03fd21732f27b124e9ec43	18190	547	3713	945108	no	pass	Exact source bytes copied into the source-pack shard body.
SRC-000282	SHARD-011	GPTs/source_pack/source_pack_shard_011.md	BLOCK-000748	144	1	1347	8068863deae34cab4433723266b2674225bd89abba263a78a49e75e4b3e916af	8068863deae34cab4433723266b2674225bd89abba263a78a49e75e4b3e916af	35516	1347	8845	945108	no	pass	Exact source bytes copied into the source-pack shard body.
SRC-000379	SHARD-011	GPTs/source_pack/source_pack_shard_011.md	BLOCK-000749	145	1	1350	fac1900fa44d876f3341a0759a9f4e1f6ff46c80b43a3782731c4f1f9ddf7c2d	fac1900fa44d876f3341a0759a9f4e1f6ff46c80b43a3782731c4f1f9ddf7c2d	38630	1350	7731	945108	no	pass	Exact source bytes copied into the source-pack shard body.
SRC-000283	SHARD-011	GPTs/source_pack/source_pack_shard_011.md	BLOCK-000750	146	1	1148	3bd2135c3b3d0f474dc7036aa8898395c7046a1d7466164e2616295ad24a0426	3bd2135c3b3d0f474dc7036aa8898395c7046a1d7466164e2616295ad24a0426	32415	1148	8067	945108	no	pass	Exact source bytes copied into the source-pack shard body.
SRC-000380	SHARD-011	GPTs/source_pack/source_pack_shard_011.md	BLOCK-000751	147	1	1173	fd7375d236968b7f22b83178b8c3844da958351b4c1854ece4304f8b0d35925d	fd7375d236968b7f22b83178b8c3844da958351b4c1854ece4304f8b0d35925d	37161	1173	7289	945108	no	pass	Exact source bytes copied into the source-pack shard body.
SRC-000284	SHARD-011	GPTs/source_pack/source_pack_shard_011.md	BLOCK-000752	148	1	584	b807f9376101b5e999d77a1c695a24359febb3b3284311b36c5a1ba4bea5c64e	b807f9376101b5e999d77a1c695a24359febb3b3284311b36c5a1ba4bea5c64e	20881	584	5200	945108	no	pass	Exact source bytes copied into the source-pack shard body.
SRC-000381	SHARD-011	GPTs/source_pack/source_pack_shard_011.md	BLOCK-000753	149	1	602	5d266d96fe4180787e389b0ce8282ecc87736376fcf8933f32bc4ef615d25f67	5d266d96fe4180787e389b0ce8282ecc87736376fcf8933f32bc4ef615d25f67	24888	602	4873	945108	no	pass	Exact source bytes copied into the source-pack shard body.
SRC-000285	SHARD-011	GPTs/source_pack/source_pack_shard_011.md	BLOCK-000754	150	1	602	7eff90360173a267a28dc22288828cc6820f95f6448ba2097d9f5d417f69a980	7eff90360173a267a28dc22288828cc6820f95f6448ba2097d9f5d417f69a980	20504	602	5115	945108	no	pass	Exact source bytes copied into the source-pack shard body.
SRC-000382	SHARD-011	GPTs/source_pack/source_pack_shard_011.md	BLOCK-000755	151	1	607	3fd4bf23ba664b4f4d1bca7c602c71c91a630ffd72853fb0beb6f96da254225f	3fd4bf23ba664b4f4d1bca7c602c71c91a630ffd72853fb0beb6f96da254225f	23999	607	4948	945108	no	pass	Exact source bytes copied into the source-pack shard body.
SRC-000286	SHARD-011	GPTs/source_pack/source_pack_shard_011.md	BLOCK-000756	152	1	497	420a009557d1f7dba4279bba2ed490ef9c4275b75bf5c790f58e52a07b5fe363	420a009557d1f7dba4279bba2ed490ef9c4275b75bf5c790f58e52a07b5fe363	18608	497	4600	945108	no	pass	Exact source bytes copied into the source-pack shard body.
SRC-000383	SHARD-011	GPTs/source_pack/source_pack_shard_011.md	BLOCK-000757	153	1	558	585f1531b6d34b9d7114aeb29143ab5f994c08315ea9ebb576f318f84923acb8	585f1531b6d34b9d7114aeb29143ab5f994c08315ea9ebb576f318f84923acb8	23732	558	4562	945108	no	pass	Exact source bytes copied into the source-pack shard body.
SRC-000287	SHARD-011	GPTs/source_pack/source_pack_shard_011.md	BLOCK-000758	154	1	356	87a83dfa240777cffc29a259689c7b0527155a5b4ec530adb577069f0d3ae935	87a83dfa240777cffc29a259689c7b0527155a5b4ec530adb577069f0d3ae935	10429	356	2605	945108	no	pass	Exact source bytes copied into the source-pack shard body.
SRC-000384	SHARD-011	GPTs/source_pack/source_pack_shard_011.md	BLOCK-000759	155	1	388	0af7b21d1a557af1b85117afac9bc61ecd8ae2501dd2ba4e0d1f628f025941d9	0af7b21d1a557af1b85117afac9bc61ecd8ae2501dd2ba4e0d1f628f025941d9	16108	388	3075	945108	no	pass	Exact source bytes copied into the source-pack shard body.
SRC-000288	SHARD-011	GPTs/source_pack/source_pack_shard_011.md	BLOCK-000760	156	1	410	ce0f08a920d53b89c2e0abfa6fe6e33c90eca5ceb330d46dec91df4822d9b6d0	ce0f08a920d53b89c2e0abfa6fe6e33c90eca5ceb330d46dec91df4822d9b6d0	9878	410	2467	945108	no	pass	Exact source bytes copied into the source-pack shard body.
SRC-000385	SHARD-011	GPTs/source_pack/source_pack_shard_011.md	BLOCK-000761	157	1	437	a96b9bc12a8c39bc2e260dc9231a480ff9fa501fee73e93a55a1f8c58207ded2	a96b9bc12a8c39bc2e260dc9231a480ff9fa501fee73e93a55a1f8c58207ded2	15411	437	3033	945108	no	pass	Exact source bytes copied into the source-pack shard body.
SRC-000289	SHARD-011	GPTs/source_pack/source_pack_shard_011.md	BLOCK-000762	158	1	331	7309201e492af33ea149661222efdbdd6b05d6b36fd70458f0b5ab36d7d87bbf	7309201e492af33ea149661222efdbdd6b05d6b36fd70458f0b5ab36d7d87bbf	8674	331	2166	945108	no	pass	Exact source bytes copied into the source-pack shard body.
SRC-000386	SHARD-011	GPTs/source_pack/source_pack_shard_011.md	BLOCK-000763	159	1	351	46f701455c83946fdb51516d0129503dc1a6a52708e6398aaf3e0fffa4a4a9f2	46f701455c83946fdb51516d0129503dc1a6a52708e6398aaf3e0fffa4a4a9f2	12103	351	2338	945108	no	pass	Exact source bytes copied into the source-pack shard body.
SRC-000290	SHARD-011	GPTs/source_pack/source_pack_shard_011.md	BLOCK-000764	160	1	1162	8e8bbf036e1ec3461124878957a1cfbab68115595dd4093bce6d0b498d09a8fe	8e8bbf036e1ec3461124878957a1cfbab68115595dd4093bce6d0b498d09a8fe	35677	1162	8910	945108	no	pass	Exact source bytes copied into the source-pack shard body.
SRC-000387	SHARD-011	GPTs/source_pack/source_pack_shard_011.md	BLOCK-000765	161	1	1201	ae918474a67e0442001a554b991c1305bb8f2ed58eea3cfc3945ed174c771c63	ae918474a67e0442001a554b991c1305bb8f2ed58eea3cfc3945ed174c771c63	40383	1201	7826	945108	no	pass	Exact source bytes copied into the source-pack shard body.
SRC-000291	SHARD-011	GPTs/source_pack/source_pack_shard_011.md	BLOCK-000766	162	1	208	375c9a7fec8813c1706736f615677e98212f3ae579ebb65c3882d7e63288d0f0	375c9a7fec8813c1706736f615677e98212f3ae579ebb65c3882d7e63288d0f0	6334	208	1583	945108	no	pass	Exact source bytes copied into the source-pack shard body.
SRC-000388	SHARD-011	GPTs/source_pack/source_pack_shard_011.md	BLOCK-000767	163	1	219	a22323c190adadd03a23a08b6573decb7a5479d518daccff30c3ae0e697c8ca7	a22323c190adadd03a23a08b6573decb7a5479d518daccff30c3ae0e697c8ca7	7174	219	1429	945108	no	pass	Exact source bytes copied into the source-pack shard body.
SRC-000292	SHARD-011	GPTs/source_pack/source_pack_shard_011.md	BLOCK-000768	164	1	356	26c87b56520d3ab135e33d9326c2111ef766531f6d36344adb452e9affcb463e	26c87b56520d3ab135e33d9326c2111ef766531f6d36344adb452e9affcb463e	11270	356	2815	945108	no	pass	Exact source bytes copied into the source-pack shard body.
SRC-000389	SHARD-011	GPTs/source_pack/source_pack_shard_011.md	BLOCK-000769	165	1	361	eee233c435fbc914f68748088c3630bc03b458a82ca27e487563142861bf79c0	eee233c435fbc914f68748088c3630bc03b458a82ca27e487563142861bf79c0	11738	361	2120	945108	no	pass	Exact source bytes copied into the source-pack shard body.
SRC-000293	SHARD-011	GPTs/source_pack/source_pack_shard_011.md	BLOCK-000770	166	1	585	25c34494cc17aede39894afdf3815de7b6ca4f034cbf6a0856260f9cc10b941f	25c34494cc17aede39894afdf3815de7b6ca4f034cbf6a0856260f9cc10b941f	17297	585	4320	945108	no	pass	Exact source bytes copied into the source-pack shard body.
SRC-000390	SHARD-011	GPTs/source_pack/source_pack_shard_011.md	BLOCK-000771	167	1	585	ec70fe680d8a05cff573aa9012d05d5714741a745ce4cd1a3c50ba5b0e831308	ec70fe680d8a05cff573aa9012d05d5714741a745ce4cd1a3c50ba5b0e831308	17458	585	3376	945108	no	pass	Exact source bytes copied into the source-pack shard body.
SRC-000294	SHARD-011	GPTs/source_pack/source_pack_shard_011.md	BLOCK-000772	168	1	289	4dadd25160c73b9a59195363fd693b06c17b11fb072d7ece0e71efa30719847a	4dadd25160c73b9a59195363fd693b06c17b11fb072d7ece0e71efa30719847a	9918	289	2477	945108	no	pass	Exact source bytes copied into the source-pack shard body.
SRC-000391	SHARD-011	GPTs/source_pack/source_pack_shard_011.md	BLOCK-000773	169	1	295	b4503f18509dc0db25b223d5fcc1e06696cab2e23f00086db2146bf6b1fd55a0	b4503f18509dc0db25b223d5fcc1e06696cab2e23f00086db2146bf6b1fd55a0	10290	295	1969	945108	no	pass	Exact source bytes copied into the source-pack shard body.
SRC-000295	SHARD-011	GPTs/source_pack/source_pack_shard_011.md	BLOCK-000774	170	1	441	3cfd6f93a3c0873e72c309518f9a5fa2787aa1598407b1f5a02405c6ec01458a	3cfd6f93a3c0873e72c309518f9a5fa2787aa1598407b1f5a02405c6ec01458a	13013	441	3249	945108	no	pass	Exact source bytes copied into the source-pack shard body.
SRC-000392	SHARD-011	GPTs/source_pack/source_pack_shard_011.md	BLOCK-000775	171	1	454	1d1a8ddb1ab958fa100800f7acbedabe02275c246aab45a9ec3e620519945cdc	1d1a8ddb1ab958fa100800f7acbedabe02275c246aab45a9ec3e620519945cdc	13532	454	2687	945108	no	pass	Exact source bytes copied into the source-pack shard body.
SRC-000296	SHARD-011	GPTs/source_pack/source_pack_shard_011.md	BLOCK-000776	172	1	331	548b56a04898c8ccb67f593f1be73824a48003f90f3ab65a455d2af0aaad0881	548b56a04898c8ccb67f593f1be73824a48003f90f3ab65a455d2af0aaad0881	11185	331	2794	945108	no	pass	Exact source bytes copied into the source-pack shard body.
SRC-000393	SHARD-011	GPTs/source_pack/source_pack_shard_011.md	BLOCK-000777	173	1	332	e7e4c2e9dd46af20a723e90aea90a5e7ccb23d837c5b1dbcad7c23c172fa2b0f	e7e4c2e9dd46af20a723e90aea90a5e7ccb23d837c5b1dbcad7c23c172fa2b0f	12270	332	2247	945108	no	pass	Exact source bytes copied into the source-pack shard body.
SRC-000297	SHARD-011	GPTs/source_pack/source_pack_shard_011.md	BLOCK-000778	174	1	974	2310e8641058542c9f7546ef346d4d4325c4737cf085bd8da85834c81a52dce6	2310e8641058542c9f7546ef346d4d4325c4737cf085bd8da85834c81a52dce6	26334	974	6549	945108	no	pass	Exact source bytes copied into the source-pack shard body.
SRC-000394	SHARD-011	GPTs/source_pack/source_pack_shard_011.md	BLOCK-000779	175	1	1019	d8eb93e161c48b8c5ec16672c18b4b188dd06b96be2297518689fdf46c975b00	d8eb93e161c48b8c5ec16672c18b4b188dd06b96be2297518689fdf46c975b00	34865	1019	7187	945108	no	pass	Exact source bytes copied into the source-pack shard body.
SRC-000298	SHARD-011	GPTs/source_pack/source_pack_shard_011.md	BLOCK-000780	176	1	357	d04bf463180f96e3e63ce87ca53c8078d12405c18012acd4378daeecaf63efff	d04bf463180f96e3e63ce87ca53c8078d12405c18012acd4378daeecaf63efff	9992	357	2498	945108	no	pass	Exact source bytes copied into the source-pack shard body.
SRC-000395	SHARD-011	GPTs/source_pack/source_pack_shard_011.md	BLOCK-000781	177	1	371	3a1d5cc4f7f988b64779b804e618877bfd90dc21431653c4e54fff9a706f3f2b	3a1d5cc4f7f988b64779b804e618877bfd90dc21431653c4e54fff9a706f3f2b	11399	371	2312	945108	no	pass	Exact source bytes copied into the source-pack shard body.
SRC-000299	SHARD-011	GPTs/source_pack/source_pack_shard_011.md	BLOCK-000782	178	1	260	7c641a49e48528428bef86d75c90fc33ef26410285bfb53420d191f40d342f3a	7c641a49e48528428bef86d75c90fc33ef26410285bfb53420d191f40d342f3a	7308	260	1825	945108	no	pass	Exact source bytes copied into the source-pack shard body.
SRC-000396	SHARD-011	GPTs/source_pack/source_pack_shard_011.md	BLOCK-000783	179	1	275	40099681f1a6e6789217575f4df817af3b119bff7f8d6f0e4fc632d8f85cdcaf	40099681f1a6e6789217575f4df817af3b119bff7f8d6f0e4fc632d8f85cdcaf	7609	275	1499	945108	no	pass	Exact source bytes copied into the source-pack shard body.
SRC-000397	SHARD-011	GPTs/source_pack/source_pack_shard_011.md	BLOCK-000784	180	1	11	b0f44fc7ea163b2f13e9238dd2b451429f0a856435c76a002b652cfadaa2b1b0	b0f44fc7ea163b2f13e9238dd2b451429f0a856435c76a002b652cfadaa2b1b0	892	11	223	945108	no	pass	Exact source bytes copied into the source-pack shard body.
SRC-000398	SHARD-011	GPTs/source_pack/source_pack_shard_011.md	BLOCK-000785	181	1	39	b241a727dc8a2685a0a7bd493f70ec56d78e669cb70f28ef74527426f4e059e4	b241a727dc8a2685a0a7bd493f70ec56d78e669cb70f28ef74527426f4e059e4	5565	39	1392	945108	no	pass	Exact source bytes copied into the source-pack shard body.
SRC-000404	SHARD-011	GPTs/source_pack/source_pack_shard_011.md	BLOCK-000786	182	1	11	790fe714bb136984e27d6b9d6dd3c61366dafc9836d02307b9d549cd194be655	790fe714bb136984e27d6b9d6dd3c61366dafc9836d02307b9d549cd194be655	1492	11	373	945108	no	pass	Exact source bytes copied into the source-pack shard body.
SRC-000405	SHARD-011	GPTs/source_pack/source_pack_shard_011.md	BLOCK-000787	183	1	1089	7ce460dbcd09449dd8dab01d911ec11f84075cb5f5df95f43e5df6d03ed5b3bd	7ce460dbcd09449dd8dab01d911ec11f84075cb5f5df95f43e5df6d03ed5b3bd	34327	1089	6909	945108	no	pass	Exact source bytes copied into the source-pack shard body.
SRC-000406	SHARD-011	GPTs/source_pack/source_pack_shard_011.md	BLOCK-000788	184	1	535	4b395b3344681f5d48b57bbf99c60bcb415e7037eff55a888ce897bc9e67e97b	4b395b3344681f5d48b57bbf99c60bcb415e7037eff55a888ce897bc9e67e97b	16713	535	3203	945108	no	pass	Exact source bytes copied into the source-pack shard body.
SRC-000407	SHARD-011	GPTs/source_pack/source_pack_shard_011.md	BLOCK-000789	185	1	413	0d1c9378e157cf40309f15d3bf18653e2d6878827030a59195b9ce28e91b2b24	0d1c9378e157cf40309f15d3bf18653e2d6878827030a59195b9ce28e91b2b24	12418	413	2334	945108	no	pass	Exact source bytes copied into the source-pack shard body.
SRC-000408	SHARD-011	GPTs/source_pack/source_pack_shard_011.md	BLOCK-000790	186	1	820	5d07d5d717b4c8698a9b4acd407da75b56f19b597e5f194c33a80cdce35c45ed	5d07d5d717b4c8698a9b4acd407da75b56f19b597e5f194c33a80cdce35c45ed	24367	820	4651	945108	no	pass	Exact source bytes copied into the source-pack shard body.
SRC-000409	SHARD-011	GPTs/source_pack/source_pack_shard_011.md	BLOCK-000791	187	1	261	aa3f7cf08c42afe2676a74096454062fe73ba7ae6979d9b937a1dd23b4621a4b	aa3f7cf08c42afe2676a74096454062fe73ba7ae6979d9b937a1dd23b4621a4b	9719	261	1798	945108	no	pass	Exact source bytes copied into the source-pack shard body.
SRC-000410	SHARD-011	GPTs/source_pack/source_pack_shard_011.md	BLOCK-000792	188	1	1746	66999e4e20d549793f6c64c1a0716b6308b6a5a0f32d5fb6343253188356ae2a	66999e4e20d549793f6c64c1a0716b6308b6a5a0f32d5fb6343253188356ae2a	58562	1746	11424	945108	no	pass	Exact source bytes copied into the source-pack shard body.
SRC-000411	SHARD-012	GPTs/source_pack/source_pack_shard_012.md	BLOCK-000793	1	1	179	1745b57fce0d2afc15ec368c2a159c902da25f3245f91dbc41f125567c90406e	1745b57fce0d2afc15ec368c2a159c902da25f3245f91dbc41f125567c90406e	6394	179	1153	920048	no	pass	Exact source bytes copied into the source-pack shard body.
SRC-000412	SHARD-012	GPTs/source_pack/source_pack_shard_012.md	BLOCK-000794	2	1	874	6bb3f81fe3d1b0836fdce9b07ad24765706c9bdca2da95297dbd6e452169fac4	6bb3f81fe3d1b0836fdce9b07ad24765706c9bdca2da95297dbd6e452169fac4	27778	874	5053	920048	no	pass	Exact source bytes copied into the source-pack shard body.
SRC-000413	SHARD-012	GPTs/source_pack/source_pack_shard_012.md	BLOCK-000795	3	1	344	9d634e57c8a59f4d9891b5e35811b83419c2a998a7d7dd11fa17289ba11f79ad	9d634e57c8a59f4d9891b5e35811b83419c2a998a7d7dd11fa17289ba11f79ad	10753	344	1959	920048	no	pass	Exact source bytes copied into the source-pack shard body.
SRC-000414	SHARD-012	GPTs/source_pack/source_pack_shard_012.md	BLOCK-000796	4	1	537	d10dbe1c2d0d08a78493b86832580d727302f83ea8fcdeca601d5c4259a1c10f	d10dbe1c2d0d08a78493b86832580d727302f83ea8fcdeca601d5c4259a1c10f	15650	537	2890	920048	no	pass	Exact source bytes copied into the source-pack shard body.
SRC-000415	SHARD-012	GPTs/source_pack/source_pack_shard_012.md	BLOCK-000797	5	1	902	9fe8acf1349a1c29e0a0f755e25a9d99edefa80254a3296b8c5c3cf3ebdec1e8	9fe8acf1349a1c29e0a0f755e25a9d99edefa80254a3296b8c5c3cf3ebdec1e8	26712	902	5012	920048	no	pass	Exact source bytes copied into the source-pack shard body.
SRC-000399	SHARD-012	GPTs/source_pack/source_pack_shard_012.md	BLOCK-000798	6	1	301	cfad43ca1014bdd2b65a0695e421e88acc97c7b3b2c7e294d6c4a2a63be67602	cfad43ca1014bdd2b65a0695e421e88acc97c7b3b2c7e294d6c4a2a63be67602	11905	301	2940	920048	no	pass	Exact source bytes copied into the source-pack shard body.
SRC-000416	SHARD-012	GPTs/source_pack/source_pack_shard_012.md	BLOCK-000799	7	1	466	92ff155d4828e1f84145b1fd1fd450b46e9c4fc5f4f49969b56d3dbce2717601	92ff155d4828e1f84145b1fd1fd450b46e9c4fc5f4f49969b56d3dbce2717601	15114	466	2866	920048	no	pass	Exact source bytes copied into the source-pack shard body.
SRC-000417	SHARD-012	GPTs/source_pack/source_pack_shard_012.md	BLOCK-000800	8	1	313	f5a64094539326695a5097b8c9b681bea53484c028121ae270f5f812da765271	f5a64094539326695a5097b8c9b681bea53484c028121ae270f5f812da765271	9474	313	1713	920048	no	pass	Exact source bytes copied into the source-pack shard body.
SRC-000418	SHARD-012	GPTs/source_pack/source_pack_shard_012.md	BLOCK-000801	9	1	341	2097d6886423f73afbfb3886b03d0dd9290757ff7e8f8d68a9252aae1e43afdf	2097d6886423f73afbfb3886b03d0dd9290757ff7e8f8d68a9252aae1e43afdf	11706	341	2227	920048	no	pass	Exact source bytes copied into the source-pack shard body.
SRC-000419	SHARD-012	GPTs/source_pack/source_pack_shard_012.md	BLOCK-000802	10	1	361	2d940981028fb4ffdad6b60a090e1355644ee0eb4583ec535f3ebd563f30b56f	2d940981028fb4ffdad6b60a090e1355644ee0eb4583ec535f3ebd563f30b56f	10930	361	1946	920048	no	pass	Exact source bytes copied into the source-pack shard body.
SRC-000400	SHARD-012	GPTs/source_pack/source_pack_shard_012.md	BLOCK-000803	11	1	99	ecf13c94ef9b3e1f6a70a755e4593d0a0a65b3cbec24fd61110c1e3a97cfd9f0	ecf13c94ef9b3e1f6a70a755e4593d0a0a65b3cbec24fd61110c1e3a97cfd9f0	4358	99	1083	920048	no	pass	Exact source bytes copied into the source-pack shard body.
SRC-000420	SHARD-012	GPTs/source_pack/source_pack_shard_012.md	BLOCK-000804	12	1	197	06c6378dd535cf8fd8d835a2e84557c1c0ea829ed562690ae0340abfba4f3b1c	06c6378dd535cf8fd8d835a2e84557c1c0ea829ed562690ae0340abfba4f3b1c	5907	197	1083	920048	no	pass	Exact source bytes copied into the source-pack shard body.
SRC-000401	SHARD-012	GPTs/source_pack/source_pack_shard_012.md	BLOCK-000805	13	1	158	7143be978ec7d79a47e9ef2cca79585d06d3782a5a9f8cb87a67ab643c314c39	7143be978ec7d79a47e9ef2cca79585d06d3782a5a9f8cb87a67ab643c314c39	6161	158	1537	920048	no	pass	Exact source bytes copied into the source-pack shard body.
SRC-000421	SHARD-012	GPTs/source_pack/source_pack_shard_012.md	BLOCK-000806	14	1	284	cc5e22ecfa3d542e37b4e41de30b6e47b063e77a89a4dd7dae007639e5c36661	cc5e22ecfa3d542e37b4e41de30b6e47b063e77a89a4dd7dae007639e5c36661	8613	284	1501	920048	no	pass	Exact source bytes copied into the source-pack shard body.
SRC-000402	SHARD-012	GPTs/source_pack/source_pack_shard_012.md	BLOCK-000807	15	1	214	eeda289f817ef845814465d2a83cc8b195de74c7ac869c310cf914d19e9f1e2d	eeda289f817ef845814465d2a83cc8b195de74c7ac869c310cf914d19e9f1e2d	9117	214	2234	920048	no	pass	Exact source bytes copied into the source-pack shard body.
SRC-000422	SHARD-012	GPTs/source_pack/source_pack_shard_012.md	BLOCK-000808	16	1	357	d155e9c81475cc4160ee297f80b0c3767bac899e50591addffd0eafcdfbcc39e	d155e9c81475cc4160ee297f80b0c3767bac899e50591addffd0eafcdfbcc39e	11657	357	2105	920048	no	pass	Exact source bytes copied into the source-pack shard body.
SRC-000403	SHARD-012	GPTs/source_pack/source_pack_shard_012.md	BLOCK-000809	17	1	126	01bd1b8c972f49e5c9610310c7dd53f96504ee23ff77b09ded2762ac8a62f559	01bd1b8c972f49e5c9610310c7dd53f96504ee23ff77b09ded2762ac8a62f559	5705	126	1425	920048	no	pass	Exact source bytes copied into the source-pack shard body.
SRC-000423	SHARD-012	GPTs/source_pack/source_pack_shard_012.md	BLOCK-000810	18	1	282	09213c6fc01ccdc0f99efaf887ca0b720ec2c735dd34e99b68ca07b09225451d	09213c6fc01ccdc0f99efaf887ca0b720ec2c735dd34e99b68ca07b09225451d	8160	282	1493	920048	no	pass	Exact source bytes copied into the source-pack shard body.
SRC-000035	SHARD-012	GPTs/source_pack/source_pack_shard_012.md	BLOCK-000811	19	1	6125	f23ea56cf09bab245bbaaaab59207e2c0bb3a8379e1710d5c8cbda5c36889e8a	4ed6fa55c290f7b8c9f08a69e5fc4be050301959fc5c35566c54128089faa04d	246233	6207	61509	920048	no	pass	Source bytes copied into the source-pack shard body with 3 image-recovery sidecar conversion(s) inserted after the matching image reference.
SRC-000067	SHARD-012	GPTs/source_pack/source_pack_shard_012.md	BLOCK-000812	20	1	6381	de7addd72b962eccb122dc9816768c3685a314e86d495264b3c99c3fc06cd496	20f204dc5089bc49f622d411b78af6cf94ffd45a13183c3b79664e68464acef9	268943	6463	45646	920048	no	pass	Source bytes copied into the source-pack shard body with 3 image-recovery sidecar conversion(s) inserted after the matching image reference.
SRC-000098	SHARD-012	GPTs/source_pack/source_pack_shard_012.md	BLOCK-000813	21	1	6125	0366da7b10afc2b9e0a80a4bc1c5214b6ff698f7b9f9a73fb84cee264c11622c	3c2637c76904227cf09e300d7a394a63a7c16cc174884e174f0ea8095db841c1	246259	6207	61516	920048	no	pass	Source bytes copied into the source-pack shard body with 3 image-recovery sidecar conversion(s) inserted after the matching image reference.
SRC-000129	SHARD-012	GPTs/source_pack/source_pack_shard_012.md	BLOCK-000814	22	1	6378	92089da1fe129ee5f3bf525864396a52596d83a6c263f6cb04805fd344207935	903924b1eda695352c193955fb0298b9e33d28cf5cd3c4bd9931fa13cfd5035a	268892	6460	45633	920048	no	pass	Source bytes copied into the source-pack shard body with 3 image-recovery sidecar conversion(s) inserted after the matching image reference.
SRC-000159	SHARD-012	GPTs/source_pack/source_pack_shard_012.md	BLOCK-000815	23	1	6126	5b462a7de3b8358b7ee15cda9d5de04006d4683125061c6f54cc5c59c560f13b	a1cca3bb112e6b34666897a80bbdf5cec252e83cf17a9bf009374c351e37012d	246253	6208	61514	920048	no	pass	Source bytes copied into the source-pack shard body with 3 image-recovery sidecar conversion(s) inserted after the matching image reference.
SRC-000189	SHARD-012	GPTs/source_pack/source_pack_shard_012.md	BLOCK-000816	24	1	6377	9d68f6bd608feec7d449be34f5616cc8a2c823da4881d477cf4e852c4d07d495	c83081175f77d9d7ebbf0040708d157f7346deede7358595a31718f30e0e8647	268859	6459	45625	920048	no	pass	Source bytes copied into the source-pack shard body with 3 image-recovery sidecar conversion(s) inserted after the matching image reference.
SRC-000033	SHARD-012	GPTs/source_pack/source_pack_shard_012.md	BLOCK-000817	25	1	1454	c825f6d747a688a4b40098f0a7aa6777acd47891c60e54759cc73a03212e5f79	c825f6d747a688a4b40098f0a7aa6777acd47891c60e54759cc73a03212e5f79	44692	1454	11146	920048	no	pass	Exact source bytes copied into the source-pack shard body.
SRC-000064	SHARD-012	GPTs/source_pack/source_pack_shard_012.md	BLOCK-000818	26	1	1626	043571626f892ae9b1041219bd5cd4343b4f82f0e8b8ad967a6ea3c8492e3327	043571626f892ae9b1041219bd5cd4343b4f82f0e8b8ad967a6ea3c8492e3327	47866	1626	7533	920048	no	pass	Exact source bytes copied into the source-pack shard body.
SRC-000424	SHARD-012	GPTs/source_pack/source_pack_shard_012.md	BLOCK-000819	27	1	16	dfea0a9f384314e8bc5fef73f283f51fc3eae7e9b99e2dc58fd25b91d5f71ecc	dfea0a9f384314e8bc5fef73f283f51fc3eae7e9b99e2dc58fd25b91d5f71ecc	1503	16	376	920048	no	pass	Exact source bytes copied into the source-pack shard body.
SRC-000427	SHARD-012	GPTs/source_pack/source_pack_shard_012.md	BLOCK-000820	28	1	905	4716e33f03d77bd6dd9751dbb61dea0c89c47277ef35e12a6cdf6cf09014544b	4716e33f03d77bd6dd9751dbb61dea0c89c47277ef35e12a6cdf6cf09014544b	36723	905	9181	920048	no	pass	Exact source bytes copied into the source-pack shard body.
SRC-000450	SHARD-012	GPTs/source_pack/source_pack_shard_012.md	BLOCK-000821	29	1	1090	e65e6d134f59064a8026899f4eeea2c91c7ed109263f8d7e91815d2ccd113498	e65e6d134f59064a8026899f4eeea2c91c7ed109263f8d7e91815d2ccd113498	53293	1090	9589	920048	no	pass	Exact source bytes copied into the source-pack shard body.
SRC-000425	SHARD-012	GPTs/source_pack/source_pack_shard_012.md	BLOCK-000822	30	1	16	eff09775b31cdf241d9730d948c7df6ac7404c6ad633185fa50a1837dfc1137a	eff09775b31cdf241d9730d948c7df6ac7404c6ad633185fa50a1837dfc1137a	1619	16	405	920048	no	pass	Exact source bytes copied into the source-pack shard body.
SRC-000428	SHARD-012	GPTs/source_pack/source_pack_shard_012.md	BLOCK-000823	31	1	857	472b5f84bb30dd234c09cecdff25097d263517c0f4b7b3fdcf8ebc41438f7084	472b5f84bb30dd234c09cecdff25097d263517c0f4b7b3fdcf8ebc41438f7084	49752	857	12433	920048	no	pass	Exact source bytes copied into the source-pack shard body.
SRC-000451	SHARD-012	GPTs/source_pack/source_pack_shard_012.md	BLOCK-000824	32	1	859	546f1dd4bd5416c053cf309b18c77455b3838b16161729ffd096bf58164f1638	546f1dd4bd5416c053cf309b18c77455b3838b16161729ffd096bf58164f1638	55622	859	10812	920048	no	pass	Exact source bytes copied into the source-pack shard body.
SRC-000429	SHARD-012	GPTs/source_pack/source_pack_shard_012.md	BLOCK-000825	33	1	398	26afa5b740af3155b9787103fafc81c0d363f333c08c013bdc5b27ea7104dde7	26afa5b740af3155b9787103fafc81c0d363f333c08c013bdc5b27ea7104dde7	17895	398	4459	920048	no	pass	Exact source bytes copied into the source-pack shard body.
SRC-000452	SHARD-012	GPTs/source_pack/source_pack_shard_012.md	BLOCK-000826	34	1	378	a722e50e7dd5eb8882fb79bc909e6d910a2520d0c93bfbb839bd45c413a8cde5	a722e50e7dd5eb8882fb79bc909e6d910a2520d0c93bfbb839bd45c413a8cde5	19643	378	3116	920048	no	pass	Exact source bytes copied into the source-pack shard body.
SRC-000426	SHARD-012	GPTs/source_pack/source_pack_shard_012.md	BLOCK-000827	35	1	16	fcbe33be59bc7445f09d677f1038d428f37c5f46dbd2c3f2f9636de53da67f98	fcbe33be59bc7445f09d677f1038d428f37c5f46dbd2c3f2f9636de53da67f98	1619	16	405	920048	no	pass	Exact source bytes copied into the source-pack shard body.
SRC-000446	SHARD-012	GPTs/source_pack/source_pack_shard_012.md	BLOCK-000828	36	1	123	04772060bb72c6f61939fb0cf7f411340cb45af0ff12c3bed9ffa17c567e7fe4	04772060bb72c6f61939fb0cf7f411340cb45af0ff12c3bed9ffa17c567e7fe4	5500	123	1346	920048	no	pass	Exact source bytes copied into the source-pack shard body.
SRC-000477	SHARD-012	GPTs/source_pack/source_pack_shard_012.md	BLOCK-000829	37	1	108	3b04890cdbd8fc7371dc47872e16ae1d29471f77d1e9196efb4184d22d5f6cc9	3b04890cdbd8fc7371dc47872e16ae1d29471f77d1e9196efb4184d22d5f6cc9	10146	108	2537	920048	no	pass	Exact source bytes copied into the source-pack shard body.
SRC-000447	SHARD-012	GPTs/source_pack/source_pack_shard_012.md	BLOCK-000830	38	1	119	7cf2a8205bcd7c3095c58c7c6beedacbed3459b82a366496a5a56eb859960843	7cf2a8205bcd7c3095c58c7c6beedacbed3459b82a366496a5a56eb859960843	5191	119	1298	920048	no	pass	Exact source bytes copied into the source-pack shard body.
SRC-000467	SHARD-012	GPTs/source_pack/source_pack_shard_012.md	BLOCK-000831	39	1	120	2196f25dafac1b58ed91cffdd939bed0120344783ca70038902627a99967660d	2196f25dafac1b58ed91cffdd939bed0120344783ca70038902627a99967660d	5592	120	1199	920048	no	pass	Exact source bytes copied into the source-pack shard body.
SRC-000468	SHARD-012	GPTs/source_pack/source_pack_shard_012.md	BLOCK-000832	40	1	137	1e48c039756b7a78a42c956e289ceba5ef2268219046400da06db0bfb26b74c7	1e48c039756b7a78a42c956e289ceba5ef2268219046400da06db0bfb26b74c7	5774	137	967	920048	no	pass	Exact source bytes copied into the source-pack shard body.
SRC-000469	SHARD-012	GPTs/source_pack/source_pack_shard_012.md	BLOCK-000833	41	1	119	a85b3f286f200d655946d3ff626fc3f2d0713fba2f38ece173607b64e2465fe4	a85b3f286f200d655946d3ff626fc3f2d0713fba2f38ece173607b64e2465fe4	4360	119	737	920048	no	pass	Exact source bytes copied into the source-pack shard body.
SRC-000218	SHARD-012	GPTs/source_pack/source_pack_shard_012.md	BLOCK-000834	42	1	575	7b99a839eeaf5b5f63d605b6fb0004c8acd096efa97338ed0d28b3a1a58279c1	7b99a839eeaf5b5f63d605b6fb0004c8acd096efa97338ed0d28b3a1a58279c1	33031	575	8233	920048	no	pass	Exact source bytes copied into the source-pack shard body.
SRC-000225	SHARD-012	GPTs/source_pack/source_pack_shard_012.md	BLOCK-000835	43	1	573	5e584a9ff74b7ca6c0a3e702972c3a33e0dffc99a6f5ed8e62ac0a526d08f018	5e584a9ff74b7ca6c0a3e702972c3a33e0dffc99a6f5ed8e62ac0a526d08f018	31434	573	4493	920048	no	pass	Exact source bytes copied into the source-pack shard body.
SRC-000443	SHARD-012	GPTs/source_pack/source_pack_shard_012.md	BLOCK-000836	44	1	112	9c8680c53112e5852759fff65e38f30df108cce5ef3938ea9b3eb14848323bfb	9c8680c53112e5852759fff65e38f30df108cce5ef3938ea9b3eb14848323bfb	4450	112	1113	920048	no	pass	Exact source bytes copied into the source-pack shard body.
SRC-000464	SHARD-012	GPTs/source_pack/source_pack_shard_012.md	BLOCK-000837	45	1	111	54861e5b2bbcc15f1dcaad8aa630a62e29e5ce4233fb561d8d15e92788d42363	54861e5b2bbcc15f1dcaad8aa630a62e29e5ce4233fb561d8d15e92788d42363	4303	111	886	920048	no	pass	Exact source bytes copied into the source-pack shard body.
SRC-000444	SHARD-012	GPTs/source_pack/source_pack_shard_012.md	BLOCK-000838	46	1	227	b0826517215a2191732ae03f6f4967d79d539cd8ab86b6df363456f5257ddb02	b0826517215a2191732ae03f6f4967d79d539cd8ab86b6df363456f5257ddb02	5846	227	1441	920048	no	pass	Exact source bytes copied into the source-pack shard body.
SRC-000465	SHARD-012	GPTs/source_pack/source_pack_shard_012.md	BLOCK-000839	47	1	236	fcf17a36f6a01920f472f3d35ce8e9a0c39c45394a6911f3af2807b77ee0058a	fcf17a36f6a01920f472f3d35ce8e9a0c39c45394a6911f3af2807b77ee0058a	6207	236	1302	920048	no	pass	Exact source bytes copied into the source-pack shard body.
SRC-000445	SHARD-012	GPTs/source_pack/source_pack_shard_012.md	BLOCK-000840	48	1	221	fe5fcca5fd37d88260d31367470017767176484281c8a4187612253dc9e9757c	fe5fcca5fd37d88260d31367470017767176484281c8a4187612253dc9e9757c	5406	221	1331	920048	no	pass	Exact source bytes copied into the source-pack shard body.
SRC-000466	SHARD-012	GPTs/source_pack/source_pack_shard_012.md	BLOCK-000841	49	1	219	6c15988c1b533a03e128fa1e6138664f2fe309cdef168dd70bb338307b2887fb	6c15988c1b533a03e128fa1e6138664f2fe309cdef168dd70bb338307b2887fb	5759	219	1226	920048	no	pass	Exact source bytes copied into the source-pack shard body.
SRC-000204	SHARD-012	GPTs/source_pack/source_pack_shard_012.md	BLOCK-000842	50	1	569	12d834884982f2d1b6096efac800b27b3a24d42aa42caabaea3589f4d924bdfb	12d834884982f2d1b6096efac800b27b3a24d42aa42caabaea3589f4d924bdfb	33192	569	8274	920048	no	pass	Exact source bytes copied into the source-pack shard body.
SRC-000211	SHARD-012	GPTs/source_pack/source_pack_shard_012.md	BLOCK-000843	51	1	613	b7534ee95d4ae27f47103705959fada03f571de3d56798ecc601719c54912760	b7534ee95d4ae27f47103705959fada03f571de3d56798ecc601719c54912760	31434	613	4509	920048	no	pass	Exact source bytes copied into the source-pack shard body.
SRC-000038	SHARD-012	GPTs/source_pack/source_pack_shard_012.md	BLOCK-000844	52	1	5659	ed8c8f9c4e9dd39a0c1d88ffacd4455f4bca4cf3ab4319e7e40dc4d3c9b5a40b	4d9fbb9348602a2e51f98e4cd7f1e8fff2b8e3c3919fdb1413e6f52a6b22d9f5	232290	5725	57976	920048	no	pass	Source bytes copied into the source-pack shard body with 2 image-recovery sidecar conversion(s) inserted after the matching image reference.
SRC-000070	SHARD-012	GPTs/source_pack/source_pack_shard_012.md	BLOCK-000845	53	1	5924	5716fbd1b9cbd2e69095a05ec7ea0880e4c50bd5717097a7c0e77bce44859956	4eee18bc699b9c5198bb5403de577768770d266a82ace3c22cbc92ef09b9e8c1	248346	5990	43387	920048	no	pass	Source bytes copied into the source-pack shard body with 2 image-recovery sidecar conversion(s) inserted after the matching image reference.
SRC-000101	SHARD-012	GPTs/source_pack/source_pack_shard_012.md	BLOCK-000846	54	1	5732	14df5822222fa7ce11249f837b67acbc5b1a1fc461f44b8ffdcafcedfeac89c3	f32401ed560cf1aee5caf4f86f304c3a8eb01b41d3e3d42b360d84c58e4e51dc	238027	5798	59411	920048	no	pass	Source bytes copied into the source-pack shard body with 2 image-recovery sidecar conversion(s) inserted after the matching image reference.
SRC-000132	SHARD-012	GPTs/source_pack/source_pack_shard_012.md	BLOCK-000847	55	1	6054	707991f27295d7596457f9059a79d30c3e364e0a669fdda32ec66cdc561f62c2	10e4b6830dcd406044bb3754b31d2fd63cdc0765017d7efe0edeaf1e69e356d9	255772	6120	44771	920048	no	pass	Source bytes copied into the source-pack shard body with 2 image-recovery sidecar conversion(s) inserted after the matching image reference.
SRC-000161	SHARD-012	GPTs/source_pack/source_pack_shard_012.md	BLOCK-000848	56	1	5721	642cb3a3347f0d51b58540fa63793ab3ddbaf3b0de7fdd1d1259943b2585c901	f00e4f4b48c8b8ad7e4b8e662608bbba9b1a22a7defe687f3637c915bc456d23	237872	5787	59372	920048	no	pass	Source bytes copied into the source-pack shard body with 2 image-recovery sidecar conversion(s) inserted after the matching image reference.
SRC-000192	SHARD-012	GPTs/source_pack/source_pack_shard_012.md	BLOCK-000849	57	1	6063	c6f7e85a9a837163cea7f5539746478ee676f753d09638782a64139b5f48dfe2	e3b7c18db47e4d93a5a36379e5b5134044fef223aa8e615677c81196e8a405f3	256986	6129	44982	920048	no	pass	Source bytes copied into the source-pack shard body with 2 image-recovery sidecar conversion(s) inserted after the matching image reference.
SRC-000020	SHARD-012	GPTs/source_pack/source_pack_shard_012.md	BLOCK-000850	58	1	921	c11acbc6ee62033e2ef7fe6db9bda1a76f4a16cf4c718207fc2ae32add468f41	c11acbc6ee62033e2ef7fe6db9bda1a76f4a16cf4c718207fc2ae32add468f41	43493	921	10847	920048	no	pass	Exact source bytes copied into the source-pack shard body.
SRC-000051	SHARD-012	GPTs/source_pack/source_pack_shard_012.md	BLOCK-000851	59	1	1095	8c62805ef37b2b8bd13be6c4dbfe90e588fd2b233eee8248b12848214046e6ed	8c62805ef37b2b8bd13be6c4dbfe90e588fd2b233eee8248b12848214046e6ed	47189	1095	7978	920048	no	pass	Exact source bytes copied into the source-pack shard body.
SRC-000084	SHARD-012	GPTs/source_pack/source_pack_shard_012.md	BLOCK-000852	60	1	957	2293e0d3e2a57eea7b2adfc2a13148622570f83f804e4fbe8ee033bf36aa8e41	2293e0d3e2a57eea7b2adfc2a13148622570f83f804e4fbe8ee033bf36aa8e41	44931	957	11207	920048	no	pass	Exact source bytes copied into the source-pack shard body.
SRC-000115	SHARD-012	GPTs/source_pack/source_pack_shard_012.md	BLOCK-000853	61	1	1099	5090bbded491d37d3dd770e1d21eb351d2c85c1a730e350bf54c03ea38f8659d	5090bbded491d37d3dd770e1d21eb351d2c85c1a730e350bf54c03ea38f8659d	49096	1099	8321	920048	no	pass	Exact source bytes copied into the source-pack shard body.
SRC-000145	SHARD-012	GPTs/source_pack/source_pack_shard_012.md	BLOCK-000854	62	1	947	2cbb5d6433baa21c0672a511afa6d0b51f5b437727a9cd0f894762328d2f1398	2cbb5d6433baa21c0672a511afa6d0b51f5b437727a9cd0f894762328d2f1398	44959	947	11214	920048	no	pass	Exact source bytes copied into the source-pack shard body.
SRC-000175	SHARD-012	GPTs/source_pack/source_pack_shard_012.md	BLOCK-000855	63	1	1102	9c561cf51de4c5f3e28fee25ef950ec4c14177797290434c9d46899a7b610b09	9c561cf51de4c5f3e28fee25ef950ec4c14177797290434c9d46899a7b610b09	49064	1102	8313	920048	no	pass	Exact source bytes copied into the source-pack shard body.
SRC-000037	SHARD-012	GPTs/source_pack/source_pack_shard_012.md	BLOCK-000856	64	1	86	cfa429d7d631b0649a69c660b9971729ec74ebfa6c3cd83e74b1d9d6d235c412	cfa429d7d631b0649a69c660b9971729ec74ebfa6c3cd83e74b1d9d6d235c412	5432	86	1358	920048	no	pass	Exact source bytes copied into the source-pack shard body.
SRC-000066	SHARD-012	GPTs/source_pack/source_pack_shard_012.md	BLOCK-000857	65	1	84	98728363876543b755dcec3c3694a98dea864537f98da8ebcf6a6928b0f829ce	98728363876543b755dcec3c3694a98dea864537f98da8ebcf6a6928b0f829ce	5363	84	1341	920048	no	pass	Exact source bytes copied into the source-pack shard body.
SRC-000069	SHARD-012	GPTs/source_pack/source_pack_shard_012.md	BLOCK-000858	66	1	88	a093423374454c33ce81c79bc121b994ea008a03376324a1d68502d4b4423648	a093423374454c33ce81c79bc121b994ea008a03376324a1d68502d4b4423648	5494	88	1365	920048	no	pass	Exact source bytes copied into the source-pack shard body.
SRC-000073	SHARD-012	GPTs/source_pack/source_pack_shard_012.md	BLOCK-000859	67	1	6176	caf3f61015f92a3d5b902bc8edbc4782f08fd4e68d110ed9f9931667be03fea8	280002458a60321d8afb085163b3ef53f8fc8ee8af8b0259aba6a238f10c9ded	256430	6196	40937	920048	no	pass	Source bytes copied into the source-pack shard body with 2 image-recovery sidecar conversion(s) inserted after the matching image reference.
SRC-000100	SHARD-012	GPTs/source_pack/source_pack_shard_012.md	BLOCK-000860	68	1	82	fe0d98a58a28f48c2aa28d0352f21363a0a81a46845a091ecf33a19e2c397f4e	fe0d98a58a28f48c2aa28d0352f21363a0a81a46845a091ecf33a19e2c397f4e	5279	82	1320	920048	no	pass	Exact source bytes copied into the source-pack shard body.
SRC-000131	SHARD-012	GPTs/source_pack/source_pack_shard_012.md	BLOCK-000861	69	1	82	b3fbdaf50bb7be25337dff96b5b2e43f99e18122c9d2ecb9303b84da5f3cd806	b3fbdaf50bb7be25337dff96b5b2e43f99e18122c9d2ecb9303b84da5f3cd806	5273	82	1319	920048	no	pass	Exact source bytes copied into the source-pack shard body.
SRC-000191	SHARD-012	GPTs/source_pack/source_pack_shard_012.md	BLOCK-000862	70	1	82	546e3074c1bcfab830c358a5fabfb379e0e55419e49d65a235b0eb1201acd6d2	546e3074c1bcfab830c358a5fabfb379e0e55419e49d65a235b0eb1201acd6d2	5321	82	1331	920048	no	pass	Exact source bytes copied into the source-pack shard body.
SRC-000217	SHARD-012	GPTs/source_pack/source_pack_shard_012.md	BLOCK-000863	71	1	13	144bc866bf69fb6c8b73f01301ac02f6d87044c6f1a626f260c8ef8756754cc1	144bc866bf69fb6c8b73f01301ac02f6d87044c6f1a626f260c8ef8756754cc1	1001	13	251	920048	no	pass	Exact source bytes copied into the source-pack shard body.
SRC-000224	SHARD-012	GPTs/source_pack/source_pack_shard_012.md	BLOCK-000864	72	1	13	05edded578330baed7de098e300d2f694942e5eb4f4fb347223a304a798dff8d	05edded578330baed7de098e300d2f694942e5eb4f4fb347223a304a798dff8d	1000	13	250	920048	no	pass	Exact source bytes copied into the source-pack shard body.
SRC-000203	SHARD-012	GPTs/source_pack/source_pack_shard_012.md	BLOCK-000865	73	1	14	07b070528b8cee561b27c308269ac8994390e394d23d190cd4f17ed1e2b3e5d3	07b070528b8cee561b27c308269ac8994390e394d23d190cd4f17ed1e2b3e5d3	1014	14	254	920048	no	pass	Exact source bytes copied into the source-pack shard body.
SRC-000210	SHARD-012	GPTs/source_pack/source_pack_shard_012.md	BLOCK-000866	74	1	13	5c6cadca0585e7269321ba262683eee83ba0962a7f85f98888e966861eef3d0d	5c6cadca0585e7269321ba262683eee83ba0962a7f85f98888e966861eef3d0d	1151	13	288	920048	no	pass	Exact source bytes copied into the source-pack shard body.
SRC-000478	SHARD-012	GPTs/source_pack/source_pack_shard_012.md	BLOCK-000867	75	1	357	4e87d7e918a8f78e7c7409584943f96a328b7aab4669e62e57493c6e5ee21388	4e87d7e918a8f78e7c7409584943f96a328b7aab4669e62e57493c6e5ee21388	34047	357	8512	920048	no	pass	Exact source bytes copied into the source-pack shard body.
SRC-000479	SHARD-012	GPTs/source_pack/source_pack_shard_012.md	BLOCK-000868	76	1	124	ca8546c577d91a2f48c8561602463959b86e6ca224b99db0dd607701eb424c5f	ca8546c577d91a2f48c8561602463959b86e6ca224b99db0dd607701eb424c5f	13968	124	3492	920048	no	pass	Exact source bytes copied into the source-pack shard body.
SRC-000480	SHARD-013	GPTs/source_pack/source_pack_shard_013.md	BLOCK-000869	1	1	921	2ea08a3d2b2480d2e937b856d1e1e47a7d02ba714e030eabb676f839156fe523	2ea08a3d2b2480d2e937b856d1e1e47a7d02ba714e030eabb676f839156fe523	61274	921	15319	851687	no	pass	Exact source bytes copied into the source-pack shard body.
SRC-000481	SHARD-013	GPTs/source_pack/source_pack_shard_013.md	BLOCK-000870	2	1	1666	0fce94e5be5c5e7c8131a6bd62b6e782073f2511f7a216feeba0ec1af7f49472	0fce94e5be5c5e7c8131a6bd62b6e782073f2511f7a216feeba0ec1af7f49472	96335	1666	24082	851687	no	pass	Exact source bytes copied into the source-pack shard body.
SRC-000041	SHARD-013	GPTs/source_pack/source_pack_shard_013.md	BLOCK-000871	3	1	7129	b80f57b1c63252b6d2b3a8236fca7db2f69e7eb18d17679de941c398891e764b	dff88b120d4008a96b257b00c847b12274f1149e2c585e5ba249b6ac846857ae	254867	7217	63519	851687	no	pass	Source bytes copied into the source-pack shard body with 11 image-recovery sidecar conversion(s) inserted after the matching image reference.
SRC-000074	SHARD-013	GPTs/source_pack/source_pack_shard_013.md	BLOCK-000872	4	1	7669	48d08265d9bfd57db09bfe765dee43467a51f49e83ecdd777908082e39e949a5	85829334e83ec654e701108a27aa02bc3a7ebf029f984f94e7dcf431b0738ff4	253881	7757	48245	851687	no	pass	Source bytes copied into the source-pack shard body with 11 image-recovery sidecar conversion(s) inserted after the matching image reference.
SRC-000104	SHARD-013	GPTs/source_pack/source_pack_shard_013.md	BLOCK-000873	5	1	7134	d6ba39db27a32e07a3a1d266d35ff7bc9f42300d710499f662b0c0df35175c11	ef7aa783918b4c8f7dc42c84cce5743ebb6af4232ca3b4d7f5a45319b2d926f6	255244	7222	63319	851687	no	pass	Source bytes copied into the source-pack shard body with 11 image-recovery sidecar conversion(s) inserted after the matching image reference.
SRC-000135	SHARD-013	GPTs/source_pack/source_pack_shard_013.md	BLOCK-000874	6	1	7696	36d846fc6c7ff1872f88af73301b06068c257c4865bfad6c47d979d21a7c7cee	2ea3759612f66464b18c7008f96b6f577c500fba6f5bcba5a4721fd994d9c395	254317	7784	48354	851687	no	pass	Source bytes copied into the source-pack shard body with 11 image-recovery sidecar conversion(s) inserted after the matching image reference.
SRC-000164	SHARD-013	GPTs/source_pack/source_pack_shard_013.md	BLOCK-000875	7	1	7134	484dcf20d98e4444daf7429d3b193595154043fa93b2c82b74657389b06ab95f	127465d604df8b85f5bb0dd0e35c57946beb7eaf1c18e54576d7645400c7546a	255257	7222	63322	851687	no	pass	Source bytes copied into the source-pack shard body with 11 image-recovery sidecar conversion(s) inserted after the matching image reference.
SRC-000195	SHARD-013	GPTs/source_pack/source_pack_shard_013.md	BLOCK-000876	8	1	7695	14cd10dd6e4bf55f3c721a4ea3dcfb2d69ad7972a843ff136234d2fb4fc7991f	a7054d724e96e674156eb85c6b203b114ba9771e5c2cfe0a1aa73e728066c452	254325	7783	48356	851687	no	pass	Source bytes copied into the source-pack shard body with 11 image-recovery sidecar conversion(s) inserted after the matching image reference.
SRC-000219	SHARD-013	GPTs/source_pack/source_pack_shard_013.md	BLOCK-000877	9	1	957	1dc527d1b29c61c730216c803f5bd8d71b2bf0f263f213df0f44eadad8eb635b	1dc527d1b29c61c730216c803f5bd8d71b2bf0f263f213df0f44eadad8eb635b	54001	957	13477	851687	no	pass	Exact source bytes copied into the source-pack shard body.
SRC-000226	SHARD-013	GPTs/source_pack/source_pack_shard_013.md	BLOCK-000878	10	1	992	cbb7a05c68a7084fb65b9af287f93370849f7b59d1b9f56d4888a4232e65aac4	cbb7a05c68a7084fb65b9af287f93370849f7b59d1b9f56d4888a4232e65aac4	60108	992	11154	851687	no	pass	Exact source bytes copied into the source-pack shard body.
SRC-000205	SHARD-013	GPTs/source_pack/source_pack_shard_013.md	BLOCK-000879	11	1	958	f8156e1eaf99e171c51edba2d2edeca331cbcd745ef43db55ddff95e01f8a920	f8156e1eaf99e171c51edba2d2edeca331cbcd745ef43db55ddff95e01f8a920	53410	958	13329	851687	no	pass	Exact source bytes copied into the source-pack shard body.
SRC-000212	SHARD-013	GPTs/source_pack/source_pack_shard_013.md	BLOCK-000880	12	1	994	d69e0f84002afe06e25b0caeaa734dd0ce294ad820514f4858a6a768c8c14b19	d69e0f84002afe06e25b0caeaa734dd0ce294ad820514f4858a6a768c8c14b19	63524	994	12064	851687	no	pass	Exact source bytes copied into the source-pack shard body.
SRC-000448	SHARD-013	GPTs/source_pack/source_pack_shard_013.md	BLOCK-000881	13	1	193	3d64b169af3b87e2136d3402ab0fbfc2d1551848a0f37af3d59d373f0dd98906	3d64b169af3b87e2136d3402ab0fbfc2d1551848a0f37af3d59d373f0dd98906	4542	193	1115	851687	no	pass	Exact source bytes copied into the source-pack shard body.
SRC-000470	SHARD-013	GPTs/source_pack/source_pack_shard_013.md	BLOCK-000882	14	1	210	7fdbac4d434efc78fc68bd8d2a829a7e3f2c19295a83217f7e70224334b9ce9b	7fdbac4d434efc78fc68bd8d2a829a7e3f2c19295a83217f7e70224334b9ce9b	5083	210	961	851687	no	pass	Exact source bytes copied into the source-pack shard body.
SRC-000040	SHARD-013	GPTs/source_pack/source_pack_shard_013.md	BLOCK-000883	15	1	23580	c5c0dda0cd9c4dda198db350284bf3fd83311b021c48ddd442ae65d3f283c2bd	8169a8f36bd2759530abdcb45cbb9d597bee23d6d15c6ac1e797a9bf083c1181	924862	27638	230855	851687	no	pass	Source bytes copied into the source-pack shard body with 423 image-recovery sidecar conversion(s) inserted after the matching image reference.
SRC-000072	SHARD-013	GPTs/source_pack/source_pack_shard_013.md	BLOCK-000884	16	1	26565	c52db470a4d342055183b374364ad4dace2d59923c1d0267fa6478d488bafaf9	3353d52cefc2d86cc11a7b0320978472aa4c00b095963165ea75e5b8bfd87c2b	1002902	30727	190347	851687	no	pass	Source bytes copied into the source-pack shard body with 431 image-recovery sidecar conversion(s) inserted after the matching image reference.
SRC-000103	SHARD-014	GPTs/source_pack/source_pack_shard_014.md	BLOCK-000885	1	1	23437	65d81a85d8a6e99bdbe8a94e5c66c15fed86e3cca37c56e27ce7ccda14de613f	4b34eabafcb8709dbfee82bde139a531b26553db9a740d9df8977e6b9af93648	920237	27495	229674	1018599	no	pass	Source bytes copied into the source-pack shard body with 423 image-recovery sidecar conversion(s) inserted after the matching image reference.
SRC-000134	SHARD-014	GPTs/source_pack/source_pack_shard_014.md	BLOCK-000886	2	1	26707	9f56a009435d57ee494d80ca4c7abff988e92d2376bdde08e03ea033389885c3	f60fa9cca446ff5679515af8f3de597ec2404a746dba02c338e19266eee486ce	1008736	30886	191404	1018599	no	pass	Source bytes copied into the source-pack shard body with 432 image-recovery sidecar conversion(s) inserted after the matching image reference.
SRC-000163	SHARD-014	GPTs/source_pack/source_pack_shard_014.md	BLOCK-000887	3	1	23564	46f228038a21c159721198f39132c3f9f61a95592cef2c8473110dd686f112a8	f6aae31653805e9e4a172a0f3c14a47285cca97b3478333e795375ae291170ee	929233	27636	231922	1018599	no	pass	Source bytes copied into the source-pack shard body with 424 image-recovery sidecar conversion(s) inserted after the matching image reference.
SRC-000194	SHARD-014	GPTs/source_pack/source_pack_shard_014.md	BLOCK-000888	4	1	27423	2b0025fe3e8ae60050a99df030627052ba7ecf9a3c6a1d7a686792a777150c07	71925e79f4ecc72d9237591d4fcec3d6cc50af1329f4a9b5ab6e0795619dcc5f	1046488	31827	199060	1018599	no	pass	Source bytes copied into the source-pack shard body with 455 image-recovery sidecar conversion(s) inserted after the matching image reference.
SRC-000484	SHARD-014	GPTs/source_pack/source_pack_shard_014.md	BLOCK-000889	5	1	29	f10939a12d5f534d8e9fa35114bbfa58c2da66709450f076747053598a69865b	f10939a12d5f534d8e9fa35114bbfa58c2da66709450f076747053598a69865b	12938	29	3235	1018599	no	pass	Exact source bytes copied into the source-pack shard body.
SRC-000485	SHARD-014	GPTs/source_pack/source_pack_shard_014.md	BLOCK-000890	6	1	34	1d4aeee7c266e1da2adcefaf0d5e59fe474a647476e704f2f7610dfff051166b	1d4aeee7c266e1da2adcefaf0d5e59fe474a647476e704f2f7610dfff051166b	17954	34	4489	1018599	no	pass	Exact source bytes copied into the source-pack shard body.
SRC-000483	SHARD-014	GPTs/source_pack/source_pack_shard_014.md	BLOCK-000891	7	1	55	1d8f0c3d201f9e6eeec8a431448a0f1bb44757a45c435a09cbb0f5cc53134d11	1d8f0c3d201f9e6eeec8a431448a0f1bb44757a45c435a09cbb0f5cc53134d11	2773	55	694	1018599	no	pass	Exact source bytes copied into the source-pack shard body.
SRC-000486	SHARD-014	GPTs/source_pack/source_pack_shard_014.md	BLOCK-000892	8	1	48	84fc1e63cb5ad6e4b53aa8144e078918491f78cd85d5882589adb6b88cb5da19	84fc1e63cb5ad6e4b53aa8144e078918491f78cd85d5882589adb6b88cb5da19	2388	48	597	1018599	no	pass	Exact source bytes copied into the source-pack shard body.
SRC-000482	SHARD-014	GPTs/source_pack/source_pack_shard_014.md	BLOCK-000893	9	1	502	1fec5da06092d7a4e1c5cb1a13a352cf2a8dd5463639118132267b07e66be19b	1fec5da06092d7a4e1c5cb1a13a352cf2a8dd5463639118132267b07e66be19b	28183	502	7046	1018599	no	pass	Exact source bytes copied into the source-pack shard body.
SRC-000024	SHARD-014	GPTs/source_pack/source_pack_shard_014.md	BLOCK-000894	10	1	1061	e366a1e6c8e9a2a933d28d6591d3e30d5c7114bf5089105740a0c8d54028ab0c	2a1f3b5a060418dc1821396e0929e36a6c477a4653e5d11176f1e41de15c348b	52889	1234	13198	1018599	no	pass	Source bytes copied into the source-pack shard body with 20 image-recovery sidecar conversion(s) inserted after the matching image reference.
SRC-000042	SHARD-014	GPTs/source_pack/source_pack_shard_014.md	BLOCK-000895	11	1	15920	5464dccfc1aaf294f8f3b1794705db732eaf87eebe153eb99bdf18e3c16decfc	db8d46ce61845487081cc19da6a078abce827357c05523249f24f7ce8741dcd2	498742	16634	124555	1018599	no	pass	Source bytes copied into the source-pack shard body with 67 image-recovery sidecar conversion(s) inserted after the matching image reference.
SRC-000055	SHARD-014	GPTs/source_pack/source_pack_shard_014.md	BLOCK-000896	12	1	1061	cf2276cf2036ad48e94b163fefeb4e6bf0ebe04386b3e004a32d88134e6d113b	7d98b5eba8a04fc53ef663528ce87dc6497e600d7786b6b1a0a560165534faa9	54960	1236	9852	1018599	no	pass	Source bytes copied into the source-pack shard body with 20 image-recovery sidecar conversion(s) inserted after the matching image reference.
SRC-000075	SHARD-015	GPTs/source_pack/source_pack_shard_015.md	BLOCK-000897	1	1	16814	d7db6c28ac49f482923a7af6a14aa8a238a2c2637d7267e29fd4425b9e0640f9	c4dad1dc687cf139975d4beed41ca4e8f0448045a5edc976c2248f894f8a313e	510770	17536	98378	923906	no	pass	Source bytes copied into the source-pack shard body with 68 image-recovery sidecar conversion(s) inserted after the matching image reference.
SRC-000088	SHARD-015	GPTs/source_pack/source_pack_shard_015.md	BLOCK-000898	2	1	1068	68fd8f70367ff1453f260dc2a8c83677d9f97f5c865496d55abd99f9514f1ef0	44a1f76cc92d64f634c6bf4f18f9016844932372a208e92b7048854a7050886e	52803	1243	13175	923906	no	pass	Source bytes copied into the source-pack shard body with 20 image-recovery sidecar conversion(s) inserted after the matching image reference.
SRC-000105	SHARD-015	GPTs/source_pack/source_pack_shard_015.md	BLOCK-000899	3	1	15919	260b44cc65e7ee8cfdd0ec78f10a38cf6bfece8f1184212183ab03b95f7c9f82	b462c82299039368f78f3c462f53f0a2237e9f2d56cef7406909cf93acde74f6	498617	16633	124531	923906	no	pass	Source bytes copied into the source-pack shard body with 67 image-recovery sidecar conversion(s) inserted after the matching image reference.
SRC-000109	SHARD-015	GPTs/source_pack/source_pack_shard_015.md	BLOCK-000900	4	1	6006	1479b7b3db15c6195af737ee12abdf49c7f32d6616df67d1cd66671f5ee03fc0	0a9397185dda1b2942d1dbc0a8b6fea164f9201c2ace7532ec8589084b3f8a73	196911	6517	49173	923906	no	pass	Source bytes copied into the source-pack shard body with 45 image-recovery sidecar conversion(s) inserted after the matching image reference.
SRC-000119	SHARD-015	GPTs/source_pack/source_pack_shard_015.md	BLOCK-000901	5	1	1234	59a2b92591856d52a174192e6e2ae6d713de50536592edc70b333f67e7b1db12	28cfc7bc98e9e088bdd9dc7dd7ea6d9325262fbfd782a99d23da933c82de4adb	55111	1409	9955	923906	no	pass	Source bytes copied into the source-pack shard body with 20 image-recovery sidecar conversion(s) inserted after the matching image reference.
SRC-000136	SHARD-015	GPTs/source_pack/source_pack_shard_015.md	BLOCK-000902	6	1	17149	20f0d2ed3a1f20f66288e3e6ae5b16966523c63911f34b59f928ec37f344a645	f7407404bf8e8a0c9a5214b9fc7b9a4c2dfe1706fa4301a582b0cc8906a080c6	521384	17893	100450	923906	no	pass	Source bytes copied into the source-pack shard body with 69 image-recovery sidecar conversion(s) inserted after the matching image reference.
SRC-000149	SHARD-015	GPTs/source_pack/source_pack_shard_015.md	BLOCK-000903	7	1	1076	20eea28dec863cdea0d89d90b6d934416f7ff3417295340de9b96872ec8a4407	7ef1016c04850779309579de2725b3dbae0ad4ba1266853bb2558ebcd46be36f	53401	1251	13324	923906	no	pass	Source bytes copied into the source-pack shard body with 20 image-recovery sidecar conversion(s) inserted after the matching image reference.
SRC-000165	SHARD-015	GPTs/source_pack/source_pack_shard_015.md	BLOCK-000904	8	1	15980	0f76dcaa9a64c488776f9bd0541075a56d8fc62a2b927b564b3a2cb78d21bf65	7e3ebf07803be5646540b7bf1f8b1cee60ab90777de6cca1b650c6031ea1d9dd	502159	16699	125416	923906	no	pass	Source bytes copied into the source-pack shard body with 67 image-recovery sidecar conversion(s) inserted after the matching image reference.
SRC-000169	SHARD-015	GPTs/source_pack/source_pack_shard_015.md	BLOCK-000905	9	1	6006	1479b7b3db15c6195af737ee12abdf49c7f32d6616df67d1cd66671f5ee03fc0	1f0b8b746403d58a084c3f410b5afbdcd217554c19dfc0698af28b785747ee24	197001	6517	49195	923906	no	pass	Source bytes copied into the source-pack shard body with 45 image-recovery sidecar conversion(s) inserted after the matching image reference.
SRC-000179	SHARD-015	GPTs/source_pack/source_pack_shard_015.md	BLOCK-000906	10	1	1243	b908d3616f2632df67108d306eeb4e99985771b30d760c93eb5954351a08b7ec	aa11748225a39b4ae98002b354ebb559eba6d1609c385a99807f1a46feea2709	55683	1418	10042	923906	no	pass	Source bytes copied into the source-pack shard body with 20 image-recovery sidecar conversion(s) inserted after the matching image reference.
SRC-000196	SHARD-015	GPTs/source_pack/source_pack_shard_015.md	BLOCK-000907	11	1	17199	3b5b2ea2dc6f39e15673bd20c00362298e8fb1dd404ef3c83d834cf2bbd0a94a	830331c2772acbdb5a47a371601796dae511f0dc9fa42090e0c48c89995d72f3	523865	17948	100807	923906	no	pass	Source bytes copied into the source-pack shard body with 69 image-recovery sidecar conversion(s) inserted after the matching image reference.
SRC-000472	SHARD-015	GPTs/source_pack/source_pack_shard_015.md	BLOCK-000908	12	1	233	877359d6285e202b2e80c584cc8ad595df254a2dc20975bc8c1bdeb3bded168f	877359d6285e202b2e80c584cc8ad595df254a2dc20975bc8c1bdeb3bded168f	36077	233	8847	923906	no	pass	Exact source bytes copied into the source-pack shard body.
SRC-000474	SHARD-015	GPTs/source_pack/source_pack_shard_015.md	BLOCK-000909	13	1	43	8e15d0c001d417c2df8b837560a6cee0d17231f61493ec72a9b7c8002cac3731	8e15d0c001d417c2df8b837560a6cee0d17231f61493ec72a9b7c8002cac3731	3128	43	462	923906	no	pass	Exact source bytes copied into the source-pack shard body.
SRC-000475	SHARD-015	GPTs/source_pack/source_pack_shard_015.md	BLOCK-000910	14	1	141	3306ad3e466fcc44a84c960fc011d0318365a3f405129550260d785eedd14d83	3306ad3e466fcc44a84c960fc011d0318365a3f405129550260d785eedd14d83	9469	141	2183	923906	no	pass	Exact source bytes copied into the source-pack shard body.
SRC-000476	SHARD-015	GPTs/source_pack/source_pack_shard_015.md	BLOCK-000911	15	1	235	ec939323fec86068aefa4403520fbbf7aeb688a073a4cb663ae165c07890063e	ec939323fec86068aefa4403520fbbf7aeb688a073a4cb663ae165c07890063e	36927	235	8757	923906	no	pass	Exact source bytes copied into the source-pack shard body.
SRC-000001	SHARD-015	GPTs/source_pack/source_pack_shard_015.md	BLOCK-000912	16	1	31	98d166d208b2dca48964ae1ba614c0fa07e22b761af10fb1909f5a9bbfebd6b2	98d166d208b2dca48964ae1ba614c0fa07e22b761af10fb1909f5a9bbfebd6b2	3453	31	864	923906	no	pass	Exact source bytes copied into the source-pack shard body.
SRC-000002	SHARD-015	GPTs/source_pack/source_pack_shard_015.md	BLOCK-000913	17	1	584	fcad077ee4c10f74c923b2145fe95b55612b53d270298554d66d2ee12c8176d7	fcad077ee4c10f74c923b2145fe95b55612b53d270298554d66d2ee12c8176d7	20227	584	5057	923906	no	pass	Exact source bytes copied into the source-pack shard body.
SRC-000003	SHARD-015	GPTs/source_pack/source_pack_shard_015.md	BLOCK-000914	18	1	545	8560e8e44ee36ab022c14b705d48d744684e7042d54fbe01c2c01753c20c084c	8560e8e44ee36ab022c14b705d48d744684e7042d54fbe01c2c01753c20c084c	21514	545	5379	923906	no	pass	Exact source bytes copied into the source-pack shard body.
SRC-000004	SHARD-015	GPTs/source_pack/source_pack_shard_015.md	BLOCK-000915	19	1	187	7ff39cd210f8641d15c2008e071db240f8d3a8268cded591157526659a9db417	7ff39cd210f8641d15c2008e071db240f8d3a8268cded591157526659a9db417	6750	187	1688	923906	no	pass	Exact source bytes copied into the source-pack shard body.
SRC-000005	SHARD-015	GPTs/source_pack/source_pack_shard_015.md	BLOCK-000916	20	1	276	baf31529cad01aae271c8f6e41f16061a627f64dcb0bc35d4af256846abf9d3d	baf31529cad01aae271c8f6e41f16061a627f64dcb0bc35d4af256846abf9d3d	8237	276	2060	923906	no	pass	Exact source bytes copied into the source-pack shard body.
SRC-000006	SHARD-015	GPTs/source_pack/source_pack_shard_015.md	BLOCK-000917	21	1	235	743980fb8a8600e0136752af992b5af0bb86115d1073a8664a1145f90d88f423	743980fb8a8600e0136752af992b5af0bb86115d1073a8664a1145f90d88f423	8548	235	2137	923906	no	pass	Exact source bytes copied into the source-pack shard body.
SRC-000007	SHARD-015	GPTs/source_pack/source_pack_shard_015.md	BLOCK-000918	22	1	86	90b40d81d1c190b466251e3b9f1020d20d25141f47711d1a4fa6126891e33b55	90b40d81d1c190b466251e3b9f1020d20d25141f47711d1a4fa6126891e33b55	2565	86	642	923906	no	pass	Exact source bytes copied into the source-pack shard body.
SRC-000008	SHARD-015	GPTs/source_pack/source_pack_shard_015.md	BLOCK-000919	23	1	580	904a85d2d2c186a9c990640a3e34f2d031c2060ae542231735245580cf29ec17	904a85d2d2c186a9c990640a3e34f2d031c2060ae542231735245580cf29ec17	20626	580	4668	923906	no	pass	Exact source bytes copied into the source-pack shard body.
SRC-000009	SHARD-015	GPTs/source_pack/source_pack_shard_015.md	BLOCK-000920	24	1	555	f6cd36a23b8ff9c569d28e0130e2c086ef3f4b5e74b2ed600da582895f4a4e60	f6cd36a23b8ff9c569d28e0130e2c086ef3f4b5e74b2ed600da582895f4a4e60	23291	555	4664	923906	no	pass	Exact source bytes copied into the source-pack shard body.
SRC-000010	SHARD-015	GPTs/source_pack/source_pack_shard_015.md	BLOCK-000921	25	1	203	bb66f2b33a3b66be328e11010882cff3a8c47d50c362e9a7d9571d40e5ff6d17	bb66f2b33a3b66be328e11010882cff3a8c47d50c362e9a7d9571d40e5ff6d17	7258	203	1339	923906	no	pass	Exact source bytes copied into the source-pack shard body.
SRC-000011	SHARD-015	GPTs/source_pack/source_pack_shard_015.md	BLOCK-000922	26	1	15	6021558ecd8fb6dec3964533835b85d4a6f38ce679ab2246318007c45f9eaa46	6021558ecd8fb6dec3964533835b85d4a6f38ce679ab2246318007c45f9eaa46	2153	15	539	923906	no	pass	Exact source bytes copied into the source-pack shard body.
SRC-000012	SHARD-015	GPTs/source_pack/source_pack_shard_015.md	BLOCK-000923	27	1	271	9ae6465e265a279d84ecd1020b875103eba8a9a09e1f10808b9b1a2d3206c958	9ae6465e265a279d84ecd1020b875103eba8a9a09e1f10808b9b1a2d3206c958	9328	271	1824	923906	no	pass	Exact source bytes copied into the source-pack shard body.
SRC-000013	SHARD-015	GPTs/source_pack/source_pack_shard_015.md	BLOCK-000924	28	1	236	571f5830ac1ebd8cb9bc9481c2ef586f32e7c1aa0aed1dcbf6ab2fe6bb011d45	571f5830ac1ebd8cb9bc9481c2ef586f32e7c1aa0aed1dcbf6ab2fe6bb011d45	8647	236	1772	923906	no	pass	Exact source bytes copied into the source-pack shard body.
SRC-000014	SHARD-015	GPTs/source_pack/source_pack_shard_015.md	BLOCK-000925	29	1	95	71f6cf1342d48efbcac0cb0ce02bab15ad10648608065caeb4758407fccd695b	71f6cf1342d48efbcac0cb0ce02bab15ad10648608065caeb4758407fccd695b	2943	95	527	923906	no	pass	Exact source bytes copied into the source-pack shard body.
SRC-000043	SHARD-015	GPTs/source_pack/source_pack_shard_015.md	BLOCK-000926	30	1	4470	acfa91218c57c9b69b9a8615989739ced75fbd0efbd22b93808d266fde5de054	15190b576fa655fc3c93eb83765caf8b8b99682c1086f1802e0340694d07045b	237624	4668	59269	923906	no	pass	Source bytes copied into the source-pack shard body with 19 image-recovery sidecar conversion(s) inserted after the matching image reference.
SRC-000076	SHARD-015	GPTs/source_pack/source_pack_shard_015.md	BLOCK-000927	31	1	4787	fa9bffe67001b8ae126fcb4d96d778b698f9633348950b8a308e8cc99d32d69d	1e430748bd0f59ff4bd0bd9a113bd67635bb739f0ba61ce40e01e9b72050f2b3	274322	4985	49375	923906	no	pass	Source bytes copied into the source-pack shard body with 19 image-recovery sidecar conversion(s) inserted after the matching image reference.
SRC-000106	SHARD-015	GPTs/source_pack/source_pack_shard_015.md	BLOCK-000928	32	1	4481	ff25ad8c321db47d724393ba3bfa71547ce08d7b803add558649dfff44f2ec67	9908ae182481220507ac0992b85ac3a69330875d5d147dbf6ce9b48b9777ed3d	238502	4679	59491	923906	no	pass	Source bytes copied into the source-pack shard body with 19 image-recovery sidecar conversion(s) inserted after the matching image reference.
SRC-000137	SHARD-016	GPTs/source_pack/source_pack_shard_016.md	BLOCK-000929	1	1	4811	0f6a2e0f958d3e7601dc119cee2f755e194e9e232859e7311be3fbdeb8910e14	371ddfdb9261472cc74ef8bceac9ce765d1e1c7d3ebbb839b31cdc74f208efd2	273024	5009	48944	230519	no	pass	Source bytes copied into the source-pack shard body with 19 image-recovery sidecar conversion(s) inserted after the matching image reference.
SRC-000166	SHARD-016	GPTs/source_pack/source_pack_shard_016.md	BLOCK-000930	2	1	4477	a7a85b69a217a813389c870d5252f2b3c313fc0a021ed6a4f6481bdc9f86ea1b	163c33933bdc42735552e23e4782f912b6c04fa2e44788997a14cab691ce2b65	238715	4675	59546	230519	no	pass	Source bytes copied into the source-pack shard body with 19 image-recovery sidecar conversion(s) inserted after the matching image reference.
SRC-000197	SHARD-016	GPTs/source_pack/source_pack_shard_016.md	BLOCK-000931	3	1	4814	7122c896093fd9f20f1d6057fdc5a71c1f53ba787ec671ceda22081eb8799250	4aaba2b8656e4a12db601b687fc9777bbd68e9e45de86467cf3ea851f257f0b0	268820	5012	47864	230519	no	pass	Source bytes copied into the source-pack shard body with 19 image-recovery sidecar conversion(s) inserted after the matching image reference.
SRC-000215	SHARD-016	GPTs/source_pack/source_pack_shard_016.md	BLOCK-000932	4	1	694	20d8a0d460577531367d960f4a6cd1413090483890d9511b7d87dcd7f5c161b3	80f58df513fa463003dbbb2e67f003d37a89317ddb1a532dcd66a409a1f07e1f	28815	708	7169	230519	no	pass	Source bytes copied into the source-pack shard body with 1 image-recovery sidecar conversion(s) inserted after the matching image reference.
SRC-000220	SHARD-016	GPTs/source_pack/source_pack_shard_016.md	BLOCK-000933	5	1	1165	2db7dee4d8722ce5cd91a8dfd02318bdb0f10fd6bfa9ce00cf8245116f349b08	2db7dee4d8722ce5cd91a8dfd02318bdb0f10fd6bfa9ce00cf8245116f349b08	49861	1165	12443	230519	no	pass	Exact source bytes copied into the source-pack shard body.
SRC-000222	SHARD-016	GPTs/source_pack/source_pack_shard_016.md	BLOCK-000934	6	1	850	92952fabc102408401feb73d1f032f78afaa6a1f9607316d4d0908440a7fc2ae	18bcbb1ea98338210f946f91e99f403e975e21be34971165180826cec02885f3	32292	864	5137	230519	no	pass	Source bytes copied into the source-pack shard body with 1 image-recovery sidecar conversion(s) inserted after the matching image reference.
SRC-000227	SHARD-016	GPTs/source_pack/source_pack_shard_016.md	BLOCK-000935	7	1	1174	c520527c7fb7f9d83411b059eb6b42e43cc844eda6316c9867ce255132d1cbd7	c520527c7fb7f9d83411b059eb6b42e43cc844eda6316c9867ce255132d1cbd7	53442	1174	9531	230519	no	pass	Exact source bytes copied into the source-pack shard body.
SRC-000449	SHARD-016	GPTs/source_pack/source_pack_shard_016.md	BLOCK-000936	8	1	209	178f574a01368353b7a381274a6ef7658c5e5670c0031c4d9b051141c510ab29	178f574a01368353b7a381274a6ef7658c5e5670c0031c4d9b051141c510ab29	5733	209	1413	230519	no	pass	Exact source bytes copied into the source-pack shard body.
SRC-000471	SHARD-016	GPTs/source_pack/source_pack_shard_016.md	BLOCK-000937	9	1	213	8b7146563c00fe4efbcaf22b3114d30fd8a916ad59fa6088809506806fdfae8a	8b7146563c00fe4efbcaf22b3114d30fd8a916ad59fa6088809506806fdfae8a	5577	213	996	230519	no	pass	Exact source bytes copied into the source-pack shard body.
SRC-000201	SHARD-016	GPTs/source_pack/source_pack_shard_016.md	BLOCK-000938	10	1	692	a405854c16bd862249a6c17f414bd283c93ae296101c8393621ba1f0e367c79c	6a4948f4852aeaa8312507829a903d2ebd04b0987b3503e1bea7386536e2b046	28815	706	7169	230519	no	pass	Source bytes copied into the source-pack shard body with 1 image-recovery sidecar conversion(s) inserted after the matching image reference.
SRC-000206	SHARD-016	GPTs/source_pack/source_pack_shard_016.md	BLOCK-000939	11	1	1163	1ebf9ef932f1e37c09cc4929ec5e60aefed3c8af6030b2cfcc173f0fbc5b9fb0	1ebf9ef932f1e37c09cc4929ec5e60aefed3c8af6030b2cfcc173f0fbc5b9fb0	49859	1163	12442	230519	no	pass	Exact source bytes copied into the source-pack shard body.
SRC-000208	SHARD-016	GPTs/source_pack/source_pack_shard_016.md	BLOCK-000940	12	1	846	8beb2b7fc2ffc7ea8f5a80716b754146689c5f8e306940ffbce4083d07d497b3	cf69cfc1958c232477b3380b8543fdb9069d09b667f52ae64e63b34b64207489	32274	860	5132	230519	no	pass	Source bytes copied into the source-pack shard body with 1 image-recovery sidecar conversion(s) inserted after the matching image reference.
SRC-000213	SHARD-016	GPTs/source_pack/source_pack_shard_016.md	BLOCK-000941	13	1	1171	60c0f32affc023fc95b19f2d2cea62e658e71fee97144053383605fcef2a1e1f	60c0f32affc023fc95b19f2d2cea62e658e71fee97144053383605fcef2a1e1f	53384	1171	9511	230519	no	pass	Exact source bytes copied into the source-pack shard body.
