source_id	source_origin	source_path	source_role	source_family	title	version_scope	language	authority_label	aid_classification	classification_evidence	selection_decision	extraction_mode	source_sha256	byte_count	line_count	estimated_tokens	selected_by_job	last_verified_job	notes
SRC-000001	repo	3rd Party Guide for Altibase/README.md	third_party_guide	third_party_guides	3rd Party Guide for Altibase	multi	mixed	Repository source evidence			include_exact	exact_markdown	98d166d208b2dca48964ae1ba614c0fa07e22b761af10fb1909f5a9bbfebd6b2	3453	31	864	S1-J002	S1-J002	Selected repository-local Markdown source from 3rd Party Guide for Altibase.
SRC-000002	repo	3rd Party Guide for Altibase/eng/Altibase aku Sample Guide for Kubernetes.md	third_party_guide	third_party_guides	Altibase aku Sample Guide for Kubernetes	multi	en	English extraction aid			include_exact	exact_markdown	fcad077ee4c10f74c923b2145fe95b55612b53d270298554d66d2ee12c8176d7	20227	584	5057	S1-J002	S1-J002	Selected repository-local Markdown source from 3rd Party Guide for Altibase.
SRC-000003	repo	3rd Party Guide for Altibase/eng/Kubernetes User's Guide for Altibase.md	third_party_guide	third_party_guides	Kubernetes User's Guide for Altibase	multi	en	English extraction aid			include_exact	exact_markdown	8560e8e44ee36ab022c14b705d48d744684e7042d54fbe01c2c01753c20c084c	21514	545	5379	S1-J002	S1-J002	Selected repository-local Markdown source from 3rd Party Guide for Altibase.
SRC-000004	repo	3rd Party Guide for Altibase/eng/NiFi User's Guide for Altibase.md	third_party_guide	third_party_guides	NiFi User's Guide for Altibase	multi	en	English extraction aid			include_exact	exact_markdown	7ff39cd210f8641d15c2008e071db240f8d3a8268cded591157526659a9db417	6750	187	1688	S1-J002	S1-J002	Selected repository-local Markdown source from 3rd Party Guide for Altibase.
SRC-000005	repo	3rd Party Guide for Altibase/eng/Spring Data JPA User's Guide for Altibase.md	third_party_guide	third_party_guides	Spring Data JPA User's Guide for Altibase	multi	en	English extraction aid			include_exact	exact_markdown	baf31529cad01aae271c8f6e41f16061a627f64dcb0bc35d4af256846abf9d3d	8237	276	2060	S1-J002	S1-J002	Selected repository-local Markdown source from 3rd Party Guide for Altibase.
SRC-000006	repo	3rd Party Guide for Altibase/eng/Spring Data JPA With Hibernate 6.4 User's Guide for Altibase.md	third_party_guide	third_party_guides	Spring Data JPA With Hibernate 6.4 User's Guide for Altibase	multi	en	English extraction aid			include_exact	exact_markdown	743980fb8a8600e0136752af992b5af0bb86115d1073a8664a1145f90d88f423	8548	235	2137	S1-J002	S1-J002	Selected repository-local Markdown source from 3rd Party Guide for Altibase.
SRC-000007	repo	3rd Party Guide for Altibase/eng/Tableau User's Guide for Altibase/Tableau User's Guide for Altibase.md	third_party_guide	third_party_guides	Tableau User's Guide for Altibase	multi	en	English extraction aid			include_exact	exact_markdown	90b40d81d1c190b466251e3b9f1020d20d25141f47711d1a4fa6126891e33b55	2565	86	642	S1-J002	S1-J002	Selected repository-local Markdown source from 3rd Party Guide for Altibase.
SRC-000008	repo	3rd Party Guide for Altibase/kor/Altibase aku Sample Guide for Kubernetes.md	third_party_guide	third_party_guides	Altibase aku Sample Guide for Kubernetes	multi	ko	Korean authoritative			include_exact	exact_markdown	904a85d2d2c186a9c990640a3e34f2d031c2060ae542231735245580cf29ec17	20626	580	4668	S1-J002	S1-J002	Selected repository-local Markdown source from 3rd Party Guide for Altibase.
SRC-000009	repo	3rd Party Guide for Altibase/kor/Kubernetes User's Guide for Altibase.md	third_party_guide	third_party_guides	Kubernetes User's Guide for Altibase	multi	ko	Korean authoritative			include_exact	exact_markdown	f6cd36a23b8ff9c569d28e0130e2c086ef3f4b5e74b2ed600da582895f4a4e60	23291	555	4664	S1-J002	S1-J002	Selected repository-local Markdown source from 3rd Party Guide for Altibase.
SRC-000010	repo	3rd Party Guide for Altibase/kor/NiFi User's Guide for Altibase.md	third_party_guide	third_party_guides	NiFi User's Guide for Altibase	multi	ko	Korean authoritative			include_exact	exact_markdown	bb66f2b33a3b66be328e11010882cff3a8c47d50c362e9a7d9571d40e5ff6d17	7258	203	1339	S1-J002	S1-J002	Selected repository-local Markdown source from 3rd Party Guide for Altibase.
SRC-000011	repo	3rd Party Guide for Altibase/kor/README.md	third_party_guide	third_party_guides	3rd Party Guide for Altibase - korean	multi	ko	Korean authoritative			include_exact	exact_markdown	6021558ecd8fb6dec3964533835b85d4a6f38ce679ab2246318007c45f9eaa46	2153	15	539	S1-J002	S1-J002	Selected repository-local Markdown source from 3rd Party Guide for Altibase.
SRC-000012	repo	3rd Party Guide for Altibase/kor/Spring Data JPA User's Guide for Altibase.md	third_party_guide	third_party_guides	Spring Data JPA User's Guide for Altibase	multi	ko	Korean authoritative			include_exact	exact_markdown	9ae6465e265a279d84ecd1020b875103eba8a9a09e1f10808b9b1a2d3206c958	9328	271	1824	S1-J002	S1-J002	Selected repository-local Markdown source from 3rd Party Guide for Altibase.
SRC-000013	repo	3rd Party Guide for Altibase/kor/Spring Data JPA with Hibernate 6.4 User's Guide for Altibase.md	third_party_guide	third_party_guides	Spring Data JPA with Hibernate 6.4 User's Guide for Altibase	multi	ko	Korean authoritative			include_exact	exact_markdown	571f5830ac1ebd8cb9bc9481c2ef586f32e7c1aa0aed1dcbf6ab2fe6bb011d45	8647	236	1772	S1-J002	S1-J002	Selected repository-local Markdown source from 3rd Party Guide for Altibase.
SRC-000014	repo	3rd Party Guide for Altibase/kor/Tableau User's Guide for Altibase/Tableau User's Guide for Altibase.md	third_party_guide	third_party_guides	Tableau User's Guide for Altibase	multi	ko	Korean authoritative			include_exact	exact_markdown	71f6cf1342d48efbcac0cb0ce02bab15ad10648608065caeb4758407fccd695b	2943	95	527	S1-J002	S1-J002	Selected repository-local Markdown source from 3rd Party Guide for Altibase.
SRC-000015	repo	Manuals/Altibase_7.1/eng/API User's Manual.md	product_source	c_cli_odbc_precompiler	Application Program Interface User’s Manual	7.1	en	English extraction aid			include_exact	exact_markdown	a3c3a9379730827a355045538061a8fd71e089cd2536b6a6017a496f6f68fb8d	175109	4482	43707	S1-J002	S1-J002	Selected repository-local Markdown source from Manuals.
SRC-000016	repo	Manuals/Altibase_7.1/eng/Adapter for JDBC User's Manual.md	product_source	jdbc_java	Altibase 7.1	7.1	en	English extraction aid			include_exact	exact_markdown	aa92e31e97db154578bf5c1ffc3c0067a4b702b7fe0ff3718929cd91e861628b	54014	1002	13473	S1-J002	S1-J002	Selected repository-local Markdown source from Manuals.
SRC-000017	repo	Manuals/Altibase_7.1/eng/Adapter for Oracle User's Manual.md	product_source	migration_oracle	Altibase 7.1	7.1	en	English extraction aid			include_exact	exact_markdown	35072dab9f5b7cfaad16533c44b9baee03b2fff43688c13d97047a4a97ca4267	61072	1364	15225	S1-J002	S1-J002	Selected repository-local Markdown source from Manuals.
SRC-000018	repo	Manuals/Altibase_7.1/eng/Administrator's Manual.md	product_source	administrator_operations	Altibase 7.1	7.1	en	English extraction aid			include_exact	exact_markdown	aace8d29a80a7f2e2dbff8dbc1facc73189f761ebfcc4b16c039f5c64a75fcc2	540475	10503	134830	S1-J002	S1-J002	Selected repository-local Markdown source from Manuals.
SRC-000019	repo	Manuals/Altibase_7.1/eng/Altibase C Interface Manual.md	product_source	c_cli_odbc_precompiler	Altibase 7.1	7.1	en	English extraction aid			include_exact	exact_markdown	59b9794bb2e112f05e84a2065865a0196ad21351a58f5bd96ee1accfd310342f	157844	3820	39432	S1-J002	S1-J002	Selected repository-local Markdown source from Manuals.
SRC-000020	repo	Manuals/Altibase_7.1/eng/Altibase SSL TLS User's Guide.md	product_source	security_ssl_tls	Altibase SSL/TLS User's Guide	7.1	en	English extraction aid			include_exact	exact_markdown	c11acbc6ee62033e2ef7fe6db9bda1a76f4a16cf4c718207fc2ae32add468f41	43493	921	10847	S1-J002	S1-J002	Selected repository-local Markdown source from Manuals.
SRC-000021	repo	Manuals/Altibase_7.1/eng/CLI User's Manual.md	product_source	c_cli_odbc_precompiler	CLI User's Manual	7.1	en	English extraction aid			include_exact	exact_markdown	a086bfdc28d3a7580fc1d67600dfcb51f4201f8876b555237b9381cdc02bc700	430327	10213	107282	S1-J002	S1-J002	Selected repository-local Markdown source from Manuals.
SRC-000022	repo	Manuals/Altibase_7.1/eng/DB Link User's Manual.md	product_source	dblink_hadoop_external_connectors	Altibase 7.1	7.1	en	English extraction aid			include_exact	exact_markdown	bf4a695e8f151a761f1231ee4bb5db85f2e3a8d7cd0bac140f48d6b7fd2f10f9	110439	2696	27570	S1-J002	S1-J002	Selected repository-local Markdown source from Manuals.
SRC-000023	repo	Manuals/Altibase_7.1/eng/Error Message Reference.md	product_source	error_message_reference	Altibase 7.1	7.1	en	English extraction aid			include_exact	exact_markdown	5ecada039287eb6e6cd0742e28b9900b0cd6e98177687ee384b3e9ad38a2255e	754363	21071	188460	S1-J002	S1-J002	Selected repository-local Markdown source from Manuals.
SRC-000024	repo	Manuals/Altibase_7.1/eng/External Procedures Manual.md	product_source	stored_external_procedures	C/C++ External Procedures Manual	7.1	en	English extraction aid			include_exact	exact_markdown	e366a1e6c8e9a2a933d28d6591d3e30d5c7114bf5089105740a0c8d54028ab0c	45132	1061	11259	S1-J002	S1-J002	Selected repository-local Markdown source from Manuals.
SRC-000025	repo	Manuals/Altibase_7.1/eng/General Reference-1.Data Types & Altibase Properties.md	product_source	general_reference_1_datatypes_properties	General Reference-1.Data Types & Altibase Properties	7.1	en	English extraction aid			include_exact	exact_markdown	b93fe0fb4a6786f6d333769db67aaedb4033881e479d9f4282e77e4af0ba38a5	357460	15313	89238	S1-J002	S1-J002	Selected repository-local Markdown source from Manuals.
SRC-000026	repo	Manuals/Altibase_7.1/eng/General Reference-2.The Data Dictionary.md	product_source	general_reference_2_dictionary_views	General Reference-2.The Data Dictionary	7.1	en	English extraction aid			include_exact	exact_markdown	feda73ae84b782b1f1a9fcd0f04fea1abad4a921d80f50d9fc1730749eed2342	591288	12309	147730	S1-J002	S1-J002	Selected repository-local Markdown source from Manuals.
SRC-000027	repo	Manuals/Altibase_7.1/eng/Getting Started Guide.md	product_source	getting_started_installation	Altibase 7.1	7.1	en	English extraction aid			include_exact	exact_markdown	4164bd025b7842e9563ba214dce6c35241897c21ef25239d0184f578d12f117b	84962	2284	21204	S1-J002	S1-J002	Selected repository-local Markdown source from Manuals.
SRC-000028	repo	Manuals/Altibase_7.1/eng/Hadoop Connector User's Manual.md	product_source	dblink_hadoop_external_connectors	Altibase 7.1	7.1	en	English extraction aid			include_exact	exact_markdown	1f985f68b34252df7cd3908e0187ec8a68b928bcab6050f16790e38ced8e5d04	23978	607	5961	S1-J002	S1-J002	Selected repository-local Markdown source from Manuals.
SRC-000029	repo	Manuals/Altibase_7.1/eng/Installation Guide.md	product_source	getting_started_installation	Altibase 7.1	7.1	en	English extraction aid			include_exact	exact_markdown	aaa058bf3a6a8d1b083dfdfae38eb76d8ee49dbb03b32055ca2456e3deaa9a0c	66284	1766	16542	S1-J002	S1-J002	Selected repository-local Markdown source from Manuals.
SRC-000030	repo	Manuals/Altibase_7.1/eng/JDBC User's Manual.md	product_source	jdbc_java	Altibase 7.1	7.1	en	English extraction aid			include_exact	exact_markdown	02e70adce3ab40aacaf024a4a70cd9933a8599d52b36761aeee6e2fb83022a6f	192267	3914	47862	S1-J002	S1-J002	Selected repository-local Markdown source from Manuals.
SRC-000031	repo	Manuals/Altibase_7.1/eng/Log Analyzer User's Manual.md	product_source	log_analyzer	Altibase 7.1	7.1	en	English extraction aid			include_exact	exact_markdown	7c59f7e7cd6bc6a43b99344aec1e8a6ea7561b4c7b4066ccd0001f63cc4fb9c1	163272	5747	40680	S1-J002	S1-J002	Selected repository-local Markdown source from Manuals.
SRC-000032	repo	Manuals/Altibase_7.1/eng/Monitoring API Developer's Guide.md	product_source	monitoring_api_snmp	Altibase 7.1	7.1	en	English extraction aid			include_exact	exact_markdown	587fee41670c2080fe6840a20d296cba18c6ad2845792c2b01d67a3020dd79a6	92994	2815	23224	S1-J002	S1-J002	Selected repository-local Markdown source from Manuals.
SRC-000033	repo	Manuals/Altibase_7.1/eng/New Features Guide.md	product_source	release_notes_platform	Release 7.1	7.1	en	English extraction aid			include_exact	exact_markdown	c825f6d747a688a4b40098f0a7aa6777acd47891c60e54759cc73a03212e5f79	44692	1454	11146	S1-J002	S1-J002	Selected repository-local Markdown source from Manuals.
SRC-000034	repo	Manuals/Altibase_7.1/eng/ODBC User's Manual.md	product_source	c_cli_odbc_precompiler	ODBC User\'s Manual	7.1	en	English extraction aid			include_exact	exact_markdown	bd4fdd1acffd01f515b621df917e69fe5fcb34ddffca47be8c3d137166f03a67	24097	631	5997	S1-J002	S1-J002	Selected repository-local Markdown source from Manuals.
SRC-000035	repo	Manuals/Altibase_7.1/eng/Performance Tuning Guide.md	product_source	performance_tuning	Altibase 7.1	7.1	en	English extraction aid			include_exact	exact_markdown	f23ea56cf09bab245bbaaaab59207e2c0bb3a8379e1710d5c8cbda5c36889e8a	243591	6125	60849	S1-J002	S1-J002	Selected repository-local Markdown source from Manuals.
SRC-000036	repo	Manuals/Altibase_7.1/eng/Precompiler User’s Manual.md	product_source	c_cli_odbc_precompiler	Altibase 7.1	7.1	en	English extraction aid			include_exact	exact_markdown	0b6c48f54af79594b576d15dd4fa37da18c211650338d797ee0df2854585be0d	378854	10203	94573	S1-J002	S1-J002	Selected repository-local Markdown source from Manuals.
SRC-000037	repo	Manuals/Altibase_7.1/eng/README.md	product_source	source_index	Altibase 7.1 English manuals	7.1	en	English extraction aid			include_exact	exact_markdown	cfa429d7d631b0649a69c660b9971729ec74ebfa6c3cd83e74b1d9d6d235c412	5432	86	1358	S1-J002	S1-J002	Selected repository-local Markdown source from Manuals.
SRC-000038	repo	Manuals/Altibase_7.1/eng/Replication Manual.md	product_source	replication_manual	Altibase 7.1	7.1	en	English extraction aid			include_exact	exact_markdown	ed8c8f9c4e9dd39a0c1d88ffacd4455f4bca4cf3ab4319e7e40dc4d3c9b5a40b	230229	5659	57461	S1-J002	S1-J002	Selected repository-local Markdown source from Manuals.
SRC-000039	repo	Manuals/Altibase_7.1/eng/SNMP Agent Guide.md	product_source	monitoring_api_snmp	Altibase 7.1	7.1	en	English extraction aid			include_exact	exact_markdown	36a7736a629f38dccc42498b55210e4bd1146b9354b62bc661f43551fa66c2f6	63040	1807	15735	S1-J002	S1-J002	Selected repository-local Markdown source from Manuals.
SRC-000040	repo	Manuals/Altibase_7.1/eng/SQL Reference.md	product_source	sql_reference	SQL Reference	7.1	en	English extraction aid			include_exact	exact_markdown	c5c0dda0cd9c4dda198db350284bf3fd83311b021c48ddd442ae65d3f283c2bd	761533	23580	190023	S1-J002	S1-J002	Selected repository-local Markdown source from Manuals.
SRC-000041	repo	Manuals/Altibase_7.1/eng/Spatial SQL Reference.md	product_source	spatial_nifi_tableau	Spatial SQL Reference	7.1	en	English extraction aid			include_exact	exact_markdown	b80f57b1c63252b6d2b3a8236fca7db2f69e7eb18d17679de941c398891e764b	250980	7129	62547	S1-J002	S1-J002	Selected repository-local Markdown source from Manuals.
SRC-000042	repo	Manuals/Altibase_7.1/eng/Stored Procedures Manual.md	product_source	stored_external_procedures	Altibase 7.1	7.1	en	English extraction aid			include_exact	exact_markdown	5464dccfc1aaf294f8f3b1794705db732eaf87eebe153eb99bdf18e3c16decfc	468428	15920	116976	S1-J002	S1-J002	Selected repository-local Markdown source from Manuals.
SRC-000043	repo	Manuals/Altibase_7.1/eng/Utilities Manual.md	product_source	utilities_datacompj	Altibase 7.1	7.1	en	English extraction aid			include_exact	exact_markdown	acfa91218c57c9b69b9a8615989739ced75fbd0efbd22b93808d266fde5de054	230302	4470	57439	S1-J002	S1-J002	Selected repository-local Markdown source from Manuals.
SRC-000044	repo	Manuals/Altibase_7.1/eng/iLoader User's Manual.md	product_source	isql_iloader	Altibase 7.1	7.1	en	English extraction aid			include_exact	exact_markdown	56c6ec17c8bcde40865999b7869429bd7cf915d6934bde7ea7a73939f5bf6205	111715	2699	27839	S1-J002	S1-J002	Selected repository-local Markdown source from Manuals.
SRC-000045	repo	Manuals/Altibase_7.1/eng/iSQL User's Manual.md	product_source	isql_iloader	Altibase 7.1	7.1	en	English extraction aid			include_exact	exact_markdown	833b95a97c9e55424c49bc95bf6de42c20103ed094fe1f00c321e1441a695283	127790	3420	31901	S1-J002	S1-J002	Selected repository-local Markdown source from Manuals.
SRC-000046	repo	Manuals/Altibase_7.1/kor/API User's Manual.md	product_source	c_cli_odbc_precompiler	Altibase 7.1	7.1	ko	Korean authoritative			include_exact	exact_markdown	8bcb2351404b8b2a77951ac8f785b511230ba68851b670fc8e2fdd79be7e9b1a	186952	4784	34005	S1-J002	S1-J002	Selected repository-local Markdown source from Manuals.
SRC-000047	repo	Manuals/Altibase_7.1/kor/Adapter for JDBC User's Manual.md	product_source	jdbc_java	Altibase 7.1	7.1	ko	Korean authoritative			include_exact	exact_markdown	b3bd03aa7a9e12b747eb8260b31ad819dff81e84c62648f1d9ffb9b72fdfb9a7	59524	1288	9902	S1-J002	S1-J002	Selected repository-local Markdown source from Manuals.
SRC-000048	repo	Manuals/Altibase_7.1/kor/Adapter for Oracle User's Manual.md	product_source	migration_oracle	Altibase 7.1	7.1	ko	Korean authoritative			include_exact	exact_markdown	110929edb7c80e4db8c435680c6700701cda95ea09087dadf4f2ce3668af76fe	64518	1415	10452	S1-J002	S1-J002	Selected repository-local Markdown source from Manuals.
SRC-000049	repo	Manuals/Altibase_7.1/kor/Administrator's Manual.md	product_source	administrator_operations	Altibase 7.1	7.1	ko	Korean authoritative			include_exact	exact_markdown	0e2aa32e4b2854fa57363ab83b51a8f7a6864e3b74486ddc8aa9a631571d956a	591057	10426	82380	S1-J002	S1-J002	Selected repository-local Markdown source from Manuals.
SRC-000050	repo	Manuals/Altibase_7.1/kor/Altibase C Interface Manual.md	product_source	c_cli_odbc_precompiler	Altibase 7.1	7.1	ko	Korean authoritative			include_exact	exact_markdown	a232548525fe2dd87ed98378d09eb1c8930af587677b681c20ad8f1e027f7f9f	175733	4355	31004	S1-J002	S1-J002	Selected repository-local Markdown source from Manuals.
SRC-000051	repo	Manuals/Altibase_7.1/kor/Altibase SSL TLS User's Guide.md	product_source	security_ssl_tls	Altibase SSL/TLS User's Guide	7.1	ko	Korean authoritative			include_exact	exact_markdown	8c62805ef37b2b8bd13be6c4dbfe90e588fd2b233eee8248b12848214046e6ed	47189	1095	7978	S1-J002	S1-J002	Selected repository-local Markdown source from Manuals.
SRC-000052	repo	Manuals/Altibase_7.1/kor/CLI User's Manual.md	product_source	c_cli_odbc_precompiler	CLI User's Manual	7.1	ko	Korean authoritative			include_exact	exact_markdown	5b3db937c6a43c96fb4e2a068cd14d05a65405d61b29a702e5f5a90526a65c36	542151	11140	107151	S1-J002	S1-J002	Selected repository-local Markdown source from Manuals.
SRC-000053	repo	Manuals/Altibase_7.1/kor/DB Link User's Manual.md	product_source	dblink_hadoop_external_connectors	Altibase 7.1	7.1	ko	Korean authoritative			include_exact	exact_markdown	6a076dda45148bce0b720d175807ca78cb603345a217db2275c4f6912433910a	131230	3070	22130	S1-J002	S1-J002	Selected repository-local Markdown source from Manuals.
SRC-000054	repo	Manuals/Altibase_7.1/kor/Error Message Reference.md	product_source	error_message_reference	Altibase 7.1	7.1	ko	Korean authoritative			include_exact	exact_markdown	ecda6768fb0cf4d0773af3e22e8b8f3fda06c46856de6c1ddfd801a58c3e1634	760861	21375	189824	S1-J002	S1-J002	Selected repository-local Markdown source from Manuals.
SRC-000055	repo	Manuals/Altibase_7.1/kor/External Procedures Manual.md	product_source	stored_external_procedures	C/C++ External Procedures Manual	7.1	ko	Korean authoritative			include_exact	exact_markdown	cf2276cf2036ad48e94b163fefeb4e6bf0ebe04386b3e004a32d88134e6d113b	47155	1061	7900	S1-J002	S1-J002	Selected repository-local Markdown source from Manuals.
SRC-000056	repo	Manuals/Altibase_7.1/kor/General Reference-1.Data Types & Altibase Properties.md	product_source	general_reference_1_datatypes_properties	Altibase 7.1	7.1	ko	Korean authoritative			include_exact	exact_markdown	4b5a19d1f8c99b370289e87e05fd350fd83681a9a2bf8e7ff7d89c6bfe8f5987	381882	15737	60737	S1-J002	S1-J002	Selected repository-local Markdown source from Manuals.
SRC-000057	repo	Manuals/Altibase_7.1/kor/General Reference-2.The Data Dictionary.md	product_source	general_reference_2_dictionary_views	Altibase 7.1	7.1	ko	Korean authoritative			include_exact	exact_markdown	c9e13dec08479e5dd7733e17a2014024534d36e800b0e81598dde562c29a83bc	625779	12955	109243	S1-J002	S1-J002	Selected repository-local Markdown source from Manuals.
SRC-000058	repo	Manuals/Altibase_7.1/kor/Getting Started Guide.md	product_source	getting_started_installation	Altibase 7.1	7.1	ko	Korean authoritative			include_exact	exact_markdown	bb6e7d5bb0ef800eb37550b4752a744eed446e26c477f5a7810e8ee6c0502fe3	92042	2241	14468	S1-J002	S1-J002	Selected repository-local Markdown source from Manuals.
SRC-000059	repo	Manuals/Altibase_7.1/kor/Hadoop Connector User's Manual.md	product_source	dblink_hadoop_external_connectors	Altibase 7.1	7.1	ko	Korean authoritative			include_exact	exact_markdown	17187ee29f859f188907648282f0125d8c482018478625524bb76bd7e11f3dc4	27965	711	4786	S1-J002	S1-J002	Selected repository-local Markdown source from Manuals.
SRC-000060	repo	Manuals/Altibase_7.1/kor/Installation Guide.md	product_source	getting_started_installation	Altibase 7.1	7.1	ko	Korean authoritative			include_exact	exact_markdown	af05344cbc4621dfc412a6afd7a432237f68cb79ae542fd792fa88ae2423807d	71933	1797	12194	S1-J002	S1-J002	Selected repository-local Markdown source from Manuals.
SRC-000061	repo	Manuals/Altibase_7.1/kor/JDBC User's Manual.md	product_source	jdbc_java	Altibase 7.1	7.1	ko	Korean authoritative			include_exact	exact_markdown	8c6a5ba2c6383126fbce015a89f5d1d88567742077e3d6e3df8c64b805736caf	223704	4445	45100	S1-J002	S1-J002	Selected repository-local Markdown source from Manuals.
SRC-000062	repo	Manuals/Altibase_7.1/kor/Log Analyzer User's Manual.md	product_source	log_analyzer	Altibase 7.1	7.1	ko	Korean authoritative			include_exact	exact_markdown	ad573c636b65e4b927777633cd3d95021bc529d90c1eb30d3ee6aa19953303ac	152463	6011	31590	S1-J002	S1-J002	Selected repository-local Markdown source from Manuals.
SRC-000063	repo	Manuals/Altibase_7.1/kor/Monitoring API Developer's Guide.md	product_source	monitoring_api_snmp	Altibase 7.1	7.1	ko	Korean authoritative			include_exact	exact_markdown	40405790aabedd5b3251f8bc14cbfe2ae8e2aa2151cb4e7940705a8f8fcd1328	90092	2944	18471	S1-J002	S1-J002	Selected repository-local Markdown source from Manuals.
SRC-000064	repo	Manuals/Altibase_7.1/kor/New Features Guide.md	product_source	release_notes_platform	Altibase 7.1	7.1	ko	Korean authoritative			include_exact	exact_markdown	043571626f892ae9b1041219bd5cd4343b4f82f0e8b8ad967a6ea3c8492e3327	47866	1626	7533	S1-J002	S1-J002	Selected repository-local Markdown source from Manuals.
SRC-000065	repo	Manuals/Altibase_7.1/kor/ODBC User's Manual.md	product_source	c_cli_odbc_precompiler	ODBC User\'s Manual	7.1	ko	Korean authoritative			include_exact	exact_markdown	83332fc494d1f9f56a2095976d39725f129c5c7ea69df1fd48ade6bccf1ca6fe	25117	701	4934	S1-J002	S1-J002	Selected repository-local Markdown source from Manuals.
SRC-000066	repo	Manuals/Altibase_7.1/kor/PDF/README.md	product_source	source_index	Altibase 7.1 Korean manuals	7.1	ko	Korean authoritative			include_exact	exact_markdown	98728363876543b755dcec3c3694a98dea864537f98da8ebcf6a6928b0f829ce	5363	84	1341	S1-J002	S1-J002	Selected repository-local Markdown source from Manuals.
SRC-000067	repo	Manuals/Altibase_7.1/kor/Performance Tuning Guide.md	product_source	performance_tuning	Altibase 7.1	7.1	ko	Korean authoritative			include_exact	exact_markdown	de7addd72b962eccb122dc9816768c3685a314e86d495264b3c99c3fc06cd496	266300	6381	44985	S1-J002	S1-J002	Selected repository-local Markdown source from Manuals.
SRC-000068	repo	Manuals/Altibase_7.1/kor/Precompiler User's Manual.md	product_source	c_cli_odbc_precompiler	Altibase 7.1	7.1	ko	Korean authoritative			include_exact	exact_markdown	8d4231614d946300a9ecd3ffebf9a598f77ae22cba902923bba11c711a6bdcfc	356305	10518	63045	S1-J002	S1-J002	Selected repository-local Markdown source from Manuals.
SRC-000069	repo	Manuals/Altibase_7.1/kor/README.md	product_source	source_index	Altibase 7.1 Korean manuals	7.1	ko	Korean authoritative			include_exact	exact_markdown	a093423374454c33ce81c79bc121b994ea008a03376324a1d68502d4b4423648	5494	88	1365	S1-J002	S1-J002	Selected repository-local Markdown source from Manuals.
SRC-000070	repo	Manuals/Altibase_7.1/kor/Replication Manual.md	product_source	replication_manual	Replication Manual	7.1	ko	Korean authoritative			include_exact	exact_markdown	5716fbd1b9cbd2e69095a05ec7ea0880e4c50bd5717097a7c0e77bce44859956	246376	5924	42945	S1-J002	S1-J002	Selected repository-local Markdown source from Manuals.
SRC-000071	repo	Manuals/Altibase_7.1/kor/SNMP Agent Guide.md	product_source	monitoring_api_snmp	Altibase 7.1	7.1	ko	Korean authoritative			include_exact	exact_markdown	9c4a0633a777a602f1a1c9c23e509cff50db959baf318dd70c7fa6c38f0631f1	66003	1940	13192	S1-J002	S1-J002	Selected repository-local Markdown source from Manuals.
SRC-000072	repo	Manuals/Altibase_7.1/kor/SQL Reference.md	product_source	sql_reference	SQL Reference	7.1	ko	Korean authoritative			include_exact	exact_markdown	c52db470a4d342055183b374364ad4dace2d59923c1d0267fa6478d488bafaf9	835593	26565	148571	S1-J002	S1-J002	Selected repository-local Markdown source from Manuals.
SRC-000073	repo	Manuals/Altibase_7.1/kor/Sharding(deprecated).md	product_source	source_index	이 매뉴얼에 대하여	7.1	ko	Korean authoritative			include_exact	exact_markdown	caf3f61015f92a3d5b902bc8edbc4782f08fd4e68d110ed9f9931667be03fea8	255431	6176	40687	S1-J002	S1-J002	Selected repository-local Markdown source from Manuals.
SRC-000074	repo	Manuals/Altibase_7.1/kor/Spatial SQL Reference.md	product_source	spatial_nifi_tableau	Spatial SQL Reference	7.1	ko	Korean authoritative			include_exact	exact_markdown	48d08265d9bfd57db09bfe765dee43467a51f49e83ecdd777908082e39e949a5	249993	7669	47273	S1-J002	S1-J002	Selected repository-local Markdown source from Manuals.
SRC-000075	repo	Manuals/Altibase_7.1/kor/Stored Procedures Manual.md	product_source	stored_external_procedures	Altibase 7.1	7.1	ko	Korean authoritative			include_exact	exact_markdown	d7db6c28ac49f482923a7af6a14aa8a238a2c2637d7267e29fd4425b9e0640f9	480080	16814	90706	S1-J002	S1-J002	Selected repository-local Markdown source from Manuals.
SRC-000076	repo	Manuals/Altibase_7.1/kor/Utilities Manual.md	product_source	utilities_datacompj	Altibase 7.1	7.1	ko	Korean authoritative			include_exact	exact_markdown	fa9bffe67001b8ae126fcb4d96d778b698f9633348950b8a308e8cc99d32d69d	267062	4787	47560	S1-J002	S1-J002	Selected repository-local Markdown source from Manuals.
SRC-000077	repo	Manuals/Altibase_7.1/kor/iLoader User's Manual.md	product_source	isql_iloader	Altibase 7.1	7.1	ko	Korean authoritative			include_exact	exact_markdown	a44183e8e186d1ec5be1db93259d82bb4f35a105de0455b642525a715e2be637	117708	3062	20539	S1-J002	S1-J002	Selected repository-local Markdown source from Manuals.
SRC-000078	repo	Manuals/Altibase_7.1/kor/iSQL User's Manual.md	product_source	isql_iloader	Altibase 7.1	7.1	ko	Korean authoritative			include_exact	exact_markdown	47a39204d050f52b8e3c92130d38c42ed2d2806b5200ab7feeb3d87d252ad8f6	131939	3610	24078	S1-J002	S1-J002	Selected repository-local Markdown source from Manuals.
SRC-000079	repo	Manuals/Altibase_7.3/eng/API User's Manual.md	product_source	c_cli_odbc_precompiler	Application Program Interface User’s Manual	7.3	en	English extraction aid			include_exact	exact_markdown	3064719f8a35b110a40db96a7cf32db782d132b280d144cca0bc8eeb4b37b606	155648	3853	38842	S1-J002	S1-J002	Selected repository-local Markdown source from Manuals.
SRC-000080	repo	Manuals/Altibase_7.3/eng/Adapter for JDBC User's Manual.md	product_source	jdbc_java	Altibase 7.3	7.3	en	English extraction aid			include_exact	exact_markdown	0e00013d4e29bc97108a3ef6d4434382db1dd77b86ccd2f548f93917530f0da8	56605	1042	14121	S1-J002	S1-J002	Selected repository-local Markdown source from Manuals.
SRC-000081	repo	Manuals/Altibase_7.3/eng/Adapter for Oracle User's Manual.md	product_source	migration_oracle	Altibase 7.3	7.3	en	English extraction aid			include_exact	exact_markdown	cd1b34fc5ac05afc12c375aa3e0a2abb76a1f1bb1d158984c82fb38c7148a0c3	63327	1400	15789	S1-J002	S1-J002	Selected repository-local Markdown source from Manuals.
SRC-000082	repo	Manuals/Altibase_7.3/eng/Administrator’s Manual.md	product_source	administrator_operations	Altibase 7.3	7.3	en	English extraction aid			include_exact	exact_markdown	ed22270deedcdfd21475feccb09dace28621eee30bb094e75987c712dd887d99	540095	10508	134735	S1-J002	S1-J002	Selected repository-local Markdown source from Manuals.
SRC-000083	repo	Manuals/Altibase_7.3/eng/Altibase C Interface Manual.md	product_source	c_cli_odbc_precompiler	Altibase 7.3	7.3	en	English extraction aid			include_exact	exact_markdown	c17c6460eb6c7c6bb9d9301f94da7cda28a8b8a409e6ba16d135e1e2938cb3c8	158053	3812	39483	S1-J002	S1-J002	Selected repository-local Markdown source from Manuals.
SRC-000084	repo	Manuals/Altibase_7.3/eng/Altibase SSL TLS User's Guide.md	product_source	security_ssl_tls	Altibase SSL/TLS User's Guide	7.3	en	English extraction aid			include_exact	exact_markdown	2293e0d3e2a57eea7b2adfc2a13148622570f83f804e4fbe8ee033bf36aa8e41	44931	957	11207	S1-J002	S1-J002	Selected repository-local Markdown source from Manuals.
SRC-000085	repo	Manuals/Altibase_7.3/eng/CLI User's Manual.md	product_source	c_cli_odbc_precompiler	CLI User's Manual	7.3	en	English extraction aid			include_exact	exact_markdown	8a5c302c8a092621a323c82e3822f1c8cdb23a6247a1a9c005dfb75e8e35bc05	429501	10207	107078	S1-J002	S1-J002	Selected repository-local Markdown source from Manuals.
SRC-000086	repo	Manuals/Altibase_7.3/eng/DB Link User's Manual.md	product_source	dblink_hadoop_external_connectors	Altibase 7.3	7.3	en	English extraction aid			include_exact	exact_markdown	5622135ef46b6bff10cd0dd9084734256a9c1cfff992e83fa51edd4322b5864a	110509	2698	27587	S1-J002	S1-J002	Selected repository-local Markdown source from Manuals.
SRC-000087	repo	Manuals/Altibase_7.3/eng/Error Message Reference.md	product_source	error_message_reference	Error Message Reference	7.3	en	English extraction aid			include_exact	exact_markdown	36922725a97d66a1660eac1e405b764a03132cb37575c0dd76d9c5d391d7f574	760319	18190	189946	S1-J002	S1-J002	Selected repository-local Markdown source from Manuals.
SRC-000088	repo	Manuals/Altibase_7.3/eng/External Procedures Manual.md	product_source	stored_external_procedures	C/C++ External Procedures Manual	7.3	en	English extraction aid			include_exact	exact_markdown	68fd8f70367ff1453f260dc2a8c83677d9f97f5c865496d55abd99f9514f1ef0	44998	1068	11223	S1-J002	S1-J002	Selected repository-local Markdown source from Manuals.
SRC-000089	repo	Manuals/Altibase_7.3/eng/General Reference-1.Data Types & Altibase Properties.md	product_source	general_reference_1_datatypes_properties	General Reference-1.Data Types & Altibase Properties	7.3	en	English extraction aid			include_exact	exact_markdown	c934f06cdc9e5cdffb810e43fd4b2fc12793bcca2d8bea3a822c52d131b7dcd6	358955	15435	89614	S1-J002	S1-J002	Selected repository-local Markdown source from Manuals.
SRC-000090	repo	Manuals/Altibase_7.3/eng/General Reference-2.The Data Dictionary.md	product_source	general_reference_2_dictionary_views	General Reference-2.The Data Dictionary	7.3	en	English extraction aid			include_exact	exact_markdown	1bb09f3a2ef71a32e262c0fe050cf472074206eda6cef0be42769be6fc5d1a8f	591429	12295	147789	S1-J002	S1-J002	Selected repository-local Markdown source from Manuals.
SRC-000091	repo	Manuals/Altibase_7.3/eng/Getting Started Guide.md	product_source	getting_started_installation	Altibase 7.3	7.3	en	English extraction aid			include_exact	exact_markdown	08657e4bcad20e136c8f1948c234857ff24bbd209b83587f54be245cfb275919	84949	2285	21200	S1-J002	S1-J002	Selected repository-local Markdown source from Manuals.
SRC-000092	repo	Manuals/Altibase_7.3/eng/Hadoop Connector User's Manual.md	product_source	dblink_hadoop_external_connectors	Altibase 7.3	7.3	en	English extraction aid			include_exact	exact_markdown	e2af7b1db8e793ad5dba33dac2dbc2a5db0e68d6f8780fa7f705b747ea71505d	23985	608	5963	S1-J002	S1-J002	Selected repository-local Markdown source from Manuals.
SRC-000093	repo	Manuals/Altibase_7.3/eng/Installation Guide.md	product_source	getting_started_installation	Altibase 7.3	7.3	en	English extraction aid			include_exact	exact_markdown	1b637599fb10d9365a8110a02fb2ad86be65a6eeca9c50dcc63b0c58e1fd8fe4	62951	1708	15707	S1-J002	S1-J002	Selected repository-local Markdown source from Manuals.
SRC-000094	repo	Manuals/Altibase_7.3/eng/JDBC User's Manual.md	product_source	jdbc_java	Altibase 7.3	7.3	en	English extraction aid			include_exact	exact_markdown	997695afbfc31166b643a6a3e447db21cfdfd1c14ef53b866b0f48bd7ab9d6f3	192015	3916	47798	S1-J002	S1-J002	Selected repository-local Markdown source from Manuals.
SRC-000095	repo	Manuals/Altibase_7.3/eng/Log Analyzer User's Manual.md	product_source	log_analyzer	Log Analyzer User’s Manual	7.3	en	English extraction aid			include_exact	exact_markdown	17615e456433d6fe980e9519a53830cef3b808aa96392784225a6b2d42eeedfb	163136	5747	40637	S1-J002	S1-J002	Selected repository-local Markdown source from Manuals.
SRC-000096	repo	Manuals/Altibase_7.3/eng/Monitoring API Developer's Guide.md	product_source	monitoring_api_snmp	Altibase 7.3	7.3	en	English extraction aid			include_exact	exact_markdown	9ac9e30420f9fe08a042b93b89c68d4ea028436cb551da7e4b1e5ff9ba0c7741	93002	2817	23226	S1-J002	S1-J002	Selected repository-local Markdown source from Manuals.
SRC-000097	repo	Manuals/Altibase_7.3/eng/ODBC User's Manual.md	product_source	c_cli_odbc_precompiler	ODBC User\'s Manual	7.3	en	English extraction aid			include_exact	exact_markdown	661600fbfaa84f953594a03bad326b688acf77a0bd844d5eecb982c2dc9b88ea	24063	628	5989	S1-J002	S1-J002	Selected repository-local Markdown source from Manuals.
SRC-000098	repo	Manuals/Altibase_7.3/eng/Performance Tuning Guide.md	product_source	performance_tuning	Altibase 7.3	7.3	en	English extraction aid			include_exact	exact_markdown	0366da7b10afc2b9e0a80a4bc1c5214b6ff698f7b9f9a73fb84cee264c11622c	243617	6125	60855	S1-J002	S1-J002	Selected repository-local Markdown source from Manuals.
SRC-000099	repo	Manuals/Altibase_7.3/eng/Precompiler User's Manual.md	product_source	c_cli_odbc_precompiler	Altibase 7.3	7.3	en	English extraction aid			include_exact	exact_markdown	6f287b80655334bd6c49ebf8877966d95262695568f366a15283b2bffe6fffb9	375808	10131	93809	S1-J002	S1-J002	Selected repository-local Markdown source from Manuals.
SRC-000100	repo	Manuals/Altibase_7.3/eng/README.md	product_source	source_index	Altibase 7.3 English manuals	7.3	en	English extraction aid			include_exact	exact_markdown	fe0d98a58a28f48c2aa28d0352f21363a0a81a46845a091ecf33a19e2c397f4e	5279	82	1320	S1-J002	S1-J002	Selected repository-local Markdown source from Manuals.
SRC-000101	repo	Manuals/Altibase_7.3/eng/Replication Manual.md	product_source	replication_manual	Replication Manual	7.3	en	English extraction aid			include_exact	exact_markdown	14df5822222fa7ce11249f837b67acbc5b1a1fc461f44b8ffdcafcedfeac89c3	235966	5732	58895	S1-J002	S1-J002	Selected repository-local Markdown source from Manuals.
SRC-000102	repo	Manuals/Altibase_7.3/eng/SNMP Agent Guide.md	product_source	monitoring_api_snmp	Altibase 7.3	7.3	en	English extraction aid			include_exact	exact_markdown	b93833cdc18a7e84643a89397e9bc4a0c71de26d8b5a2502c088d59027110156	63078	1809	15745	S1-J002	S1-J002	Selected repository-local Markdown source from Manuals.
SRC-000103	repo	Manuals/Altibase_7.3/eng/SQL Reference.md	product_source	sql_reference	SQL Reference	7.3	en	English extraction aid			include_exact	exact_markdown	65d81a85d8a6e99bdbe8a94e5c66c15fed86e3cca37c56e27ce7ccda14de613f	756881	23437	188835	S1-J002	S1-J002	Selected repository-local Markdown source from Manuals.
SRC-000104	repo	Manuals/Altibase_7.3/eng/Spatial SQL Reference.md	product_source	spatial_nifi_tableau	Spatial SQL Reference	7.3	en	English extraction aid			include_exact	exact_markdown	d6ba39db27a32e07a3a1d266d35ff7bc9f42300d710499f662b0c0df35175c11	251357	7134	62347	S1-J002	S1-J002	Selected repository-local Markdown source from Manuals.
SRC-000105	repo	Manuals/Altibase_7.3/eng/Stored Procedures Manual.md	product_source	stored_external_procedures	Altibase 7.3	7.3	en	English extraction aid			include_exact	exact_markdown	260b44cc65e7ee8cfdd0ec78f10a38cf6bfece8f1184212183ab03b95f7c9f82	468303	15919	116953	S1-J002	S1-J002	Selected repository-local Markdown source from Manuals.
SRC-000106	repo	Manuals/Altibase_7.3/eng/Utilities Manual.md	product_source	utilities_datacompj	Altibase 7.3	7.3	en	English extraction aid			include_exact	exact_markdown	ff25ad8c321db47d724393ba3bfa71547ce08d7b803add558649dfff44f2ec67	231242	4481	57676	S1-J002	S1-J002	Selected repository-local Markdown source from Manuals.
SRC-000107	repo	Manuals/Altibase_7.3/eng/iLoader User's Manual.md	product_source	isql_iloader	Altibase 7.3	7.3	en	English extraction aid			include_exact	exact_markdown	730005b824fa29926d4c0b55551ab5201337c64c805897fa6d80db7d1eb1ffdb	112227	2734	27966	S1-J002	S1-J002	Selected repository-local Markdown source from Manuals.
SRC-000108	repo	Manuals/Altibase_7.3/eng/iSQL User's Manual.md	product_source	isql_iloader	Altibase 7.3	7.3	en	English extraction aid			include_exact	exact_markdown	31e41fab61e97a9b77f31f4278193626e01532b5f85d9f21640fef23042b9014	129575	3467	32347	S1-J002	S1-J002	Selected repository-local Markdown source from Manuals.
SRC-000109	repo	Manuals/Altibase_7.3/eng/media/StoredProcedure/StoredProcedure1_Eng.md	product_source	stored_external_procedures	About This Manual	7.3	en	English extraction aid			include_exact	exact_markdown	1479b7b3db15c6195af737ee12abdf49c7f32d6616df67d1cd66671f5ee03fc0	175040	6006	43705	S1-J002	S1-J002	Selected repository-local Markdown source from Manuals.
SRC-000110	repo	Manuals/Altibase_7.3/kor/API User's Manual.md	product_source	c_cli_odbc_precompiler	Altibase 7.3	7.3	ko	Korean authoritative			include_exact	exact_markdown	5d4f8bcbd8a224cdc710cc5b9cad6eba5cec6986be172de4cb672e0466233fd9	166298	4131	29510	S1-J002	S1-J002	Selected repository-local Markdown source from Manuals.
SRC-000111	repo	Manuals/Altibase_7.3/kor/Adapter for JDBC User's Manual.md	product_source	jdbc_java	Altibase 7.3	7.3	ko	Korean authoritative			include_exact	exact_markdown	0b9a9524780760ec45515622ffb7d3c0f979d54da985bbeab701411916c85a8c	60403	1287	10004	S1-J002	S1-J002	Selected repository-local Markdown source from Manuals.
SRC-000112	repo	Manuals/Altibase_7.3/kor/Adapter for Oracle User's Manual.md	product_source	migration_oracle	Altibase 7.3	7.3	ko	Korean authoritative			include_exact	exact_markdown	4f6a8d5631114dc3a0b199b1a8d8392f7cd3d7225cda01b77a395f8e28f31934	65578	1423	10604	S1-J002	S1-J002	Selected repository-local Markdown source from Manuals.
SRC-000113	repo	Manuals/Altibase_7.3/kor/Administrator's Manual.md	product_source	administrator_operations	Altibase 7.3	7.3	ko	Korean authoritative			include_exact	exact_markdown	9b225dd3487ce5cc5daefa059f36509bb66244505a6e51c0e6c0be30e3c1b3bf	591531	10416	82448	S1-J002	S1-J002	Selected repository-local Markdown source from Manuals.
SRC-000114	repo	Manuals/Altibase_7.3/kor/Altibase C Interface Manual.md	product_source	c_cli_odbc_precompiler	Altibase 7.3	7.3	ko	Korean authoritative			include_exact	exact_markdown	cf0d0f26209b004ef21aff6b98f567acb480d88a5ce1ddf2ace067cf22c4ad33	175689	4343	30993	S1-J002	S1-J002	Selected repository-local Markdown source from Manuals.
SRC-000115	repo	Manuals/Altibase_7.3/kor/Altibase SSL TLS User's Guide.md	product_source	security_ssl_tls	Altibase SSL/TLS User's Guide	7.3	ko	Korean authoritative			include_exact	exact_markdown	5090bbded491d37d3dd770e1d21eb351d2c85c1a730e350bf54c03ea38f8659d	49096	1099	8321	S1-J002	S1-J002	Selected repository-local Markdown source from Manuals.
SRC-000116	repo	Manuals/Altibase_7.3/kor/CLI User's Manual.md	product_source	c_cli_odbc_precompiler	CLI User's Manual	7.3	ko	Korean authoritative			include_exact	exact_markdown	04345e632d41474f7db266f557f72f9d2e294858a5c3275ba8796880929f39a3	526556	11152	103271	S1-J002	S1-J002	Selected repository-local Markdown source from Manuals.
SRC-000117	repo	Manuals/Altibase_7.3/kor/DB Link User's Manual.md	product_source	dblink_hadoop_external_connectors	Altibase 7.3	7.3	ko	Korean authoritative			include_exact	exact_markdown	abd9dcf90cebc57a0a44e22b2fed5b5fe43a6a8f3f82c38df9b2c18514e72dff	131217	3062	22130	S1-J002	S1-J002	Selected repository-local Markdown source from Manuals.
SRC-000118	repo	Manuals/Altibase_7.3/kor/Error Message Reference.md	product_source	error_message_reference	Altibase 7.3	7.3	ko	Korean authoritative			include_exact	exact_markdown	892d73bb719b23964cb5d7fd74b3a9a52eb6350819fa33d58913d622a30f79c0	757808	22235	189057	S1-J002	S1-J002	Selected repository-local Markdown source from Manuals.
SRC-000119	repo	Manuals/Altibase_7.3/kor/External Procedures Manual.md	product_source	stored_external_procedures	C/C++ External Procedures Manual	7.3	ko	Korean authoritative			include_exact	exact_markdown	59a2b92591856d52a174192e6e2ae6d713de50536592edc70b333f67e7b1db12	47299	1234	8002	S1-J002	S1-J002	Selected repository-local Markdown source from Manuals.
SRC-000120	repo	Manuals/Altibase_7.3/kor/General_Reference-1.Data Types & Altibase Properties.md	product_source	general_reference_1_datatypes_properties	Altibase 7.3	7.3	ko	Korean authoritative			include_exact	exact_markdown	cf598fe7c7974248530e9d0c35b134047fcf291118132a80fb7aadda661accb7	391271	16290	62184	S1-J002	S1-J002	Selected repository-local Markdown source from Manuals.
SRC-000121	repo	Manuals/Altibase_7.3/kor/General_Reference-2.The Data Dictionary.md	product_source	general_reference_2_dictionary_views	Altibase 7.3	7.3	ko	Korean authoritative			include_exact	exact_markdown	9ebc83851b8f173d7cd68899dd49559e9381da2278b701f1df8fb9a0106fd4b1	624516	12908	109004	S1-J002	S1-J002	Selected repository-local Markdown source from Manuals.
SRC-000122	repo	Manuals/Altibase_7.3/kor/Getting Started Guide.md	product_source	getting_started_installation	Altibase 7.3	7.3	ko	Korean authoritative			include_exact	exact_markdown	586ccd71d1ef5cc0365ef1fbafd76e818ba12e65af8609cef6eb4012995249aa	92088	2247	14480	S1-J002	S1-J002	Selected repository-local Markdown source from Manuals.
SRC-000123	repo	Manuals/Altibase_7.3/kor/Hadoop Connector User's Manual.md	product_source	dblink_hadoop_external_connectors	Altibase 7.3	7.3	ko	Korean authoritative			include_exact	exact_markdown	b27f51a864754e52cde1dcff76cc5f0198ab2ef01c52b33c936f4b6608a708b8	28196	717	4844	S1-J002	S1-J002	Selected repository-local Markdown source from Manuals.
SRC-000124	repo	Manuals/Altibase_7.3/kor/Installation Guide.md	product_source	getting_started_installation	Altibase 7.3	7.3	ko	Korean authoritative			include_exact	exact_markdown	002871d755f98b113b5bde1792cfcd25a80130aead15b0407ffc297a0a394b48	67486	1734	11345	S1-J002	S1-J002	Selected repository-local Markdown source from Manuals.
SRC-000125	repo	Manuals/Altibase_7.3/kor/JDBC User's Manual.md	product_source	jdbc_java	Altibase 7.3	7.3	ko	Korean authoritative			include_exact	exact_markdown	3256c691c0649151b44a587498cd2da0e42057d77a1e44bd57731433a1c8f1e2	218473	4380	44120	S1-J002	S1-J002	Selected repository-local Markdown source from Manuals.
SRC-000126	repo	Manuals/Altibase_7.3/kor/Log Analyzer User's Manual.md	product_source	log_analyzer	Altibase 7.3	7.3	ko	Korean authoritative			include_exact	exact_markdown	d3bb715935474008e694590106e7953daa6cbd97393264d73e78fca6eb06a4ac	152550	6014	31612	S1-J002	S1-J002	Selected repository-local Markdown source from Manuals.
SRC-000127	repo	Manuals/Altibase_7.3/kor/Monitoring API Developer's Guide.md	product_source	monitoring_api_snmp	Altibase 7.3	7.3	ko	Korean authoritative			include_exact	exact_markdown	ad54734af38826bc075fe9387ecad944bcc6e0ce518b31177d4611e40a6ac23d	90323	2950	18528	S1-J002	S1-J002	Selected repository-local Markdown source from Manuals.
SRC-000128	repo	Manuals/Altibase_7.3/kor/ODBC User's Manual.md	product_source	c_cli_odbc_precompiler	ODBC User\'s Manual	7.3	ko	Korean authoritative			include_exact	exact_markdown	931d424b06cc7c8b1c68ef34efaa28d59cc842232158284d0bcbbef57cac2a34	25349	708	4992	S1-J002	S1-J002	Selected repository-local Markdown source from Manuals.
SRC-000129	repo	Manuals/Altibase_7.3/kor/Performance Tuning Guide.md	product_source	performance_tuning	Altibase 7.3	7.3	ko	Korean authoritative			include_exact	exact_markdown	92089da1fe129ee5f3bf525864396a52596d83a6c263f6cb04805fd344207935	266249	6378	44972	S1-J002	S1-J002	Selected repository-local Markdown source from Manuals.
SRC-000130	repo	Manuals/Altibase_7.3/kor/Precompiler User's Manual.md	product_source	c_cli_odbc_precompiler	Altibase 7.3	7.3	ko	Korean authoritative			include_exact	exact_markdown	d551a477cdb192c0f224713d091c3fed36d0dd1fe14b9e74c166f43ce2345a2b	358632	10589	63401	S1-J002	S1-J002	Selected repository-local Markdown source from Manuals.
SRC-000131	repo	Manuals/Altibase_7.3/kor/README.md	product_source	source_index	Altibase 7.3 Korean manuals	7.3	ko	Korean authoritative			include_exact	exact_markdown	b3fbdaf50bb7be25337dff96b5b2e43f99e18122c9d2ecb9303b84da5f3cd806	5273	82	1319	S1-J002	S1-J002	Selected repository-local Markdown source from Manuals.
SRC-000132	repo	Manuals/Altibase_7.3/kor/Replication Manual.md	product_source	replication_manual	Replication Manual	7.3	ko	Korean authoritative			include_exact	exact_markdown	707991f27295d7596457f9059a79d30c3e364e0a669fdda32ec66cdc561f62c2	253802	6054	44330	S1-J002	S1-J002	Selected repository-local Markdown source from Manuals.
SRC-000133	repo	Manuals/Altibase_7.3/kor/SNMP Agent Guide.md	product_source	monitoring_api_snmp	Altibase 7.3	7.3	ko	Korean authoritative			include_exact	exact_markdown	98d56bb82c445d604446167643371ba0f3c61939c496de2f75e618d997609b6b	66248	1959	13254	S1-J002	S1-J002	Selected repository-local Markdown source from Manuals.
SRC-000134	repo	Manuals/Altibase_7.3/kor/SQL Reference.md	product_source	sql_reference	Altibase 7.3	7.3	ko	Korean authoritative			include_exact	exact_markdown	9f56a009435d57ee494d80ca4c7abff988e92d2376bdde08e03ea033389885c3	841096	26707	149535	S1-J002	S1-J002	Selected repository-local Markdown source from Manuals.
SRC-000135	repo	Manuals/Altibase_7.3/kor/Spatial SQL Reference.md	product_source	spatial_nifi_tableau	Spatial SQL Reference	7.3	ko	Korean authoritative			include_exact	exact_markdown	36d846fc6c7ff1872f88af73301b06068c257c4865bfad6c47d979d21a7c7cee	250429	7696	47382	S1-J002	S1-J002	Selected repository-local Markdown source from Manuals.
SRC-000136	repo	Manuals/Altibase_7.3/kor/Stored Procedures Manual.md	product_source	stored_external_procedures	Altibase 7.3	7.3	ko	Korean authoritative			include_exact	exact_markdown	20f0d2ed3a1f20f66288e3e6ae5b16966523c63911f34b59f928ec37f344a645	490022	17149	92609	S1-J002	S1-J002	Selected repository-local Markdown source from Manuals.
SRC-000137	repo	Manuals/Altibase_7.3/kor/Utilities Manual.md	product_source	utilities_datacompj	Altibase 7.3	7.3	ko	Korean authoritative			include_exact	exact_markdown	0f6a2e0f958d3e7601dc119cee2f755e194e9e232859e7311be3fbdeb8910e14	265764	4811	47129	S1-J002	S1-J002	Selected repository-local Markdown source from Manuals.
SRC-000138	repo	Manuals/Altibase_7.3/kor/iLoader User's Manual.md	product_source	isql_iloader	Altibase 7.3	7.3	ko	Korean authoritative			include_exact	exact_markdown	5297545a8c65fdd138223f4b32a7e349573036ce327b85a2e95e16ea7fe0304b	117609	3091	20497	S1-J002	S1-J002	Selected repository-local Markdown source from Manuals.
SRC-000139	repo	Manuals/Altibase_7.3/kor/iSQL User's Manual.md	product_source	isql_iloader	Altibase 7.3	7.3	ko	Korean authoritative			include_exact	exact_markdown	12620a67e43429e9b38f071fd42f824bd6d44dccbd053285702ba06ccd9388a3	131921	3630	24033	S1-J002	S1-J002	Selected repository-local Markdown source from Manuals.
SRC-000140	repo	Manuals/Altibase_trunk/eng/API User's Manual.md	product_source	c_cli_odbc_precompiler	Application Program Interface User’s Manual	8.1_verified	en	English extraction aid; Altibase 8.1 verified source			include_exact	exact_markdown	326920150201e0189ffd6f14b30293b236bbde3300f0ca7b62ecd81de9546f38	155653	3850	38843	S1-J002	S1-J002	Selected repository-local Markdown source from Manuals.
SRC-000141	repo	Manuals/Altibase_trunk/eng/Adapter for JDBC User's Manual.md	product_source	jdbc_java	Trunk	8.1_verified	en	English extraction aid; Altibase 8.1 verified source			include_exact	exact_markdown	c36bffd4cb827ba3cbf54592c40407cbdafa9fb48940c2ef010605bd80f07b9b	56799	1059	14170	S1-J002	S1-J002	Selected repository-local Markdown source from Manuals.
SRC-000142	repo	Manuals/Altibase_trunk/eng/Adapter for Oracle User's Manual.md	product_source	migration_oracle	Trunk	8.1_verified	en	English extraction aid; Altibase 8.1 verified source			include_exact	exact_markdown	181ab6692a342014322834e526ec0b35bba3cea82efbb838208f327ed00bb0dd	63302	1400	15782	S1-J002	S1-J002	Selected repository-local Markdown source from Manuals.
SRC-000143	repo	Manuals/Altibase_trunk/eng/Administrator’s Manual.md	product_source	administrator_operations	Administrator’s Manual	8.1_verified	en	English extraction aid; Altibase 8.1 verified source			include_exact	exact_markdown	e74d48a9f816a21b5f6642aab04b8843da2121fdff4590102fc24eba0da43053	548564	10623	136844	S1-J002	S1-J002	Selected repository-local Markdown source from Manuals.
SRC-000144	repo	Manuals/Altibase_trunk/eng/Altibase C Interface Manual.md	product_source	c_cli_odbc_precompiler	Trunk	8.1_verified	en	English extraction aid; Altibase 8.1 verified source			include_exact	exact_markdown	874bc2ca75149561f7c90af5d3070223505f862b2ef5c316abbb58b90caa62d5	158039	3812	39480	S1-J002	S1-J002	Selected repository-local Markdown source from Manuals.
SRC-000145	repo	Manuals/Altibase_trunk/eng/Altibase SSL TLS User's Guide.md	product_source	security_ssl_tls	Altibase SSL/TLS User's Guide	8.1_verified	en	English extraction aid; Altibase 8.1 verified source			include_exact	exact_markdown	2cbb5d6433baa21c0672a511afa6d0b51f5b437727a9cd0f894762328d2f1398	44959	947	11214	S1-J002	S1-J002	Selected repository-local Markdown source from Manuals.
SRC-000146	repo	Manuals/Altibase_trunk/eng/CLI User's Manual.md	product_source	c_cli_odbc_precompiler	CLI User's Manual	8.1_verified	en	English extraction aid; Altibase 8.1 verified source			include_exact	exact_markdown	809cb30368127ad08e4a4373be508c672c3bd8154b2e52fb35d510636847b534	430290	10206	107274	S1-J002	S1-J002	Selected repository-local Markdown source from Manuals.
SRC-000147	repo	Manuals/Altibase_trunk/eng/DB Link User's Manual.md	product_source	dblink_hadoop_external_connectors	Trunk	8.1_verified	en	English extraction aid; Altibase 8.1 verified source			include_exact	exact_markdown	6ec8be360cb311d372d57cbefc7ac103875aac9583016f8c541de8dec1cdc038	110996	2705	27709	S1-J002	S1-J002	Selected repository-local Markdown source from Manuals.
SRC-000148	repo	Manuals/Altibase_trunk/eng/Error Message Reference.md	product_source	error_message_reference	Trunk	8.1_verified	en	English extraction aid; Altibase 8.1 verified source			include_exact	exact_markdown	6c6f3204d8bd6410178d1a8a1d11a3ad33b364030a1a50c496e027dd7a89ef38	781219	23088	195171	S1-J002	S1-J002	Selected repository-local Markdown source from Manuals.
SRC-000149	repo	Manuals/Altibase_trunk/eng/External Procedures Manual.md	product_source	stored_external_procedures	C/C++ External Procedures Manual	8.1_verified	en	English extraction aid; Altibase 8.1 verified source			include_exact	exact_markdown	20eea28dec863cdea0d89d90b6d934416f7ff3417295340de9b96872ec8a4407	45504	1076	11350	S1-J002	S1-J002	Selected repository-local Markdown source from Manuals.
SRC-000150	repo	Manuals/Altibase_trunk/eng/General Reference-1.Data Types & Altibase Properties.md	product_source	general_reference_1_datatypes_properties	General Reference-1.Data Types & Altibase Properties	8.1_verified	en	English extraction aid; Altibase 8.1 verified source			include_exact	exact_markdown	201de7c40b2111c14a4ec6c1b480d30ebd22419c445f8c40304aeefff1872fef	359502	15462	89751	S1-J002	S1-J002	Selected repository-local Markdown source from Manuals.
SRC-000151	repo	Manuals/Altibase_trunk/eng/General Reference-2.The Data Dictionary.md	product_source	general_reference_2_dictionary_views	General Reference-2.The Data Dictionary	8.1_verified	en	English extraction aid; Altibase 8.1 verified source			include_exact	exact_markdown	7494875982403c6a1e9688f31f395f9e20f17f7833bcd68afaaa89369d12ee6a	592312	12310	148009	S1-J002	S1-J002	Selected repository-local Markdown source from Manuals.
SRC-000152	repo	Manuals/Altibase_trunk/eng/Getting Started Guide.md	product_source	getting_started_installation	Trunk	8.1_verified	en	English extraction aid; Altibase 8.1 verified source			include_exact	exact_markdown	3adc5537c6359073da311df10060b2e635cbf60bea44910212b1234ab8835692	84937	2286	21197	S1-J002	S1-J002	Selected repository-local Markdown source from Manuals.
SRC-000153	repo	Manuals/Altibase_trunk/eng/Hadoop Connector User's Manual.md	product_source	dblink_hadoop_external_connectors	Trunk	8.1_verified	en	English extraction aid; Altibase 8.1 verified source			include_exact	exact_markdown	49ca6a4c3da811b0a619105d87e0bc727eca07755be602db0b4c5b5075fcd2e8	23971	607	5959	S1-J002	S1-J002	Selected repository-local Markdown source from Manuals.
SRC-000154	repo	Manuals/Altibase_trunk/eng/Installation Guide.md	product_source	getting_started_installation	Trunk	8.1_verified	en	English extraction aid; Altibase 8.1 verified source			include_exact	exact_markdown	2e3a811699e3d149847ece264d1e466bcb43e0ec4487b807c17ac3ee99531984	62770	1703	15661	S1-J002	S1-J002	Selected repository-local Markdown source from Manuals.
SRC-000155	repo	Manuals/Altibase_trunk/eng/JDBC User's Manual.md	product_source	jdbc_java	Trunk	8.1_verified	en	English extraction aid; Altibase 8.1 verified source			include_exact	exact_markdown	0b72e7e691d07b42f329fbe432e911a3bc1bacddd50c192c4f6604111bcc2904	198840	4027	49504	S1-J002	S1-J002	Selected repository-local Markdown source from Manuals.
SRC-000156	repo	Manuals/Altibase_trunk/eng/Log Analyzer User's Manual.md	product_source	log_analyzer	Log Analyzer User’s Manual	8.1_verified	en	English extraction aid; Altibase 8.1 verified source			include_exact	exact_markdown	69631aa9157e466a8a72db8bbc1ec14d9f9765f3fdca4bdc0dd9e0ea865e2d31	163122	5746	40633	S1-J002	S1-J002	Selected repository-local Markdown source from Manuals.
SRC-000157	repo	Manuals/Altibase_trunk/eng/Monitoring API Developer's Guide.md	product_source	monitoring_api_snmp	Trunk	8.1_verified	en	English extraction aid; Altibase 8.1 verified source			include_exact	exact_markdown	41adef12bcf630ead538d9b1c796dc73bfda31a0d8610c900dc4cf4a180fb9ff	92988	2816	23222	S1-J002	S1-J002	Selected repository-local Markdown source from Manuals.
SRC-000158	repo	Manuals/Altibase_trunk/eng/ODBC User's Manual.md	product_source	c_cli_odbc_precompiler	ODBC User\'s Manual	8.1_verified	en	English extraction aid; Altibase 8.1 verified source			include_exact	exact_markdown	0e3d60179d74f2a47aaaf29cfbcaae7826a94d440644702eea4ac620b8b8c996	24050	628	5985	S1-J002	S1-J002	Selected repository-local Markdown source from Manuals.
SRC-000159	repo	Manuals/Altibase_trunk/eng/Performance Tuning Guide.md	product_source	performance_tuning	Trunk	8.1_verified	en	English extraction aid; Altibase 8.1 verified source			include_exact	exact_markdown	5b462a7de3b8358b7ee15cda9d5de04006d4683125061c6f54cc5c59c560f13b	243605	6126	60852	S1-J002	S1-J002	Selected repository-local Markdown source from Manuals.
SRC-000160	repo	Manuals/Altibase_trunk/eng/Precompiler User's Manual.md	product_source	c_cli_odbc_precompiler	Trunk	8.1_verified	en	English extraction aid; Altibase 8.1 verified source			include_exact	exact_markdown	d63d2720fbbca4d91ab7d794e2aa86da45b087e9b2b53411a8687b2d6477c3ab	375800	10132	93807	S1-J002	S1-J002	Selected repository-local Markdown source from Manuals.
SRC-000161	repo	Manuals/Altibase_trunk/eng/Replication Manual.md	product_source	replication_manual	Trunk	8.1_verified	en	English extraction aid; Altibase 8.1 verified source			include_exact	exact_markdown	642cb3a3347f0d51b58540fa63793ab3ddbaf3b0de7fdd1d1259943b2585c901	235807	5721	58856	S1-J002	S1-J002	Selected repository-local Markdown source from Manuals.
SRC-000162	repo	Manuals/Altibase_trunk/eng/SNMP Agent Guide.md	product_source	monitoring_api_snmp	Trunk	8.1_verified	en	English extraction aid; Altibase 8.1 verified source			include_exact	exact_markdown	7e7ff5ec45e971209eb198954d4c1ff5e183baec5058712567e26210647aed0b	63065	1809	15742	S1-J002	S1-J002	Selected repository-local Markdown source from Manuals.
SRC-000163	repo	Manuals/Altibase_trunk/eng/SQL Reference.md	product_source	sql_reference	SQL Reference	8.1_verified	en	English extraction aid; Altibase 8.1 verified source			include_exact	exact_markdown	46f228038a21c159721198f39132c3f9f61a95592cef2c8473110dd686f112a8	764317	23564	190693	S1-J002	S1-J002	Selected repository-local Markdown source from Manuals.
SRC-000164	repo	Manuals/Altibase_trunk/eng/Spatial SQL Reference.md	product_source	spatial_nifi_tableau	Spatial SQL Reference	8.1_verified	en	English extraction aid; Altibase 8.1 verified source			include_exact	exact_markdown	484dcf20d98e4444daf7429d3b193595154043fa93b2c82b74657389b06ab95f	251348	7134	62345	S1-J002	S1-J002	Selected repository-local Markdown source from Manuals.
SRC-000165	repo	Manuals/Altibase_trunk/eng/Stored Procedures Manual.md	product_source	stored_external_procedures	Trunk	8.1_verified	en	English extraction aid; Altibase 8.1 verified source			include_exact	exact_markdown	0f76dcaa9a64c488776f9bd0541075a56d8fc62a2b927b564b3a2cb78d21bf65	471581	15980	117771	S1-J002	S1-J002	Selected repository-local Markdown source from Manuals.
SRC-000166	repo	Manuals/Altibase_trunk/eng/Utilities Manual.md	product_source	utilities_datacompj	Trunk	8.1_verified	en	English extraction aid; Altibase 8.1 verified source			include_exact	exact_markdown	a7a85b69a217a813389c870d5252f2b3c313fc0a021ed6a4f6481bdc9f86ea1b	231417	4477	57722	S1-J002	S1-J002	Selected repository-local Markdown source from Manuals.
SRC-000167	repo	Manuals/Altibase_trunk/eng/iLoader User's Manual.md	product_source	isql_iloader	Trunk	8.1_verified	en	English extraction aid; Altibase 8.1 verified source			include_exact	exact_markdown	1adf3d7e57144cd4a7b1a6bf8c65a0d27e66cabbb334f9abdb22168d2cabc769	112216	2734	27963	S1-J002	S1-J002	Selected repository-local Markdown source from Manuals.
SRC-000168	repo	Manuals/Altibase_trunk/eng/iSQL User's Manual.md	product_source	isql_iloader	Trunk	8.1_verified	en	English extraction aid; Altibase 8.1 verified source			include_exact	exact_markdown	bbdc1cf23dc2517350e43906550563669088003403aee2272769122c519a3426	129561	3469	32344	S1-J002	S1-J002	Selected repository-local Markdown source from Manuals.
SRC-000169	repo	Manuals/Altibase_trunk/eng/media/StoredProcedure/StoredProcedure1_Eng.md	product_source	stored_external_procedures	About This Manual	8.1_verified	en	English extraction aid; Altibase 8.1 verified source			include_exact	exact_markdown	1479b7b3db15c6195af737ee12abdf49c7f32d6616df67d1cd66671f5ee03fc0	175040	6006	43705	S1-J002	S1-J002	Selected repository-local Markdown source from Manuals.
SRC-000170	repo	Manuals/Altibase_trunk/kor/API User's Manual.md	product_source	c_cli_odbc_precompiler	Trunk	8.1_verified	ko	Korean authoritative; Altibase 8.1 verified source			include_exact	exact_markdown	6bd28a1121908df0d4b28e010bd4d7d7525046778ac3d3fdf0b77f7c47b46186	166269	4122	29502	S1-J002	S1-J002	Selected repository-local Markdown source from Manuals.
SRC-000171	repo	Manuals/Altibase_trunk/kor/Adapter for JDBC User's Manual.md	product_source	jdbc_java	Trunk	8.1_verified	ko	Korean authoritative; Altibase 8.1 verified source			include_exact	exact_markdown	f237a23b0589467529c6672fe4e230c53ff8ad8446634f31c83fba51442bc965	60672	1310	10051	S1-J002	S1-J002	Selected repository-local Markdown source from Manuals.
SRC-000172	repo	Manuals/Altibase_trunk/kor/Adapter for Oracle User's Manual.md	product_source	migration_oracle	Trunk	8.1_verified	ko	Korean authoritative; Altibase 8.1 verified source			include_exact	exact_markdown	1108a228b96e911ea1d5877ed872410c89d0cb83fd94e57eba34155db001213d	65623	1432	10615	S1-J002	S1-J002	Selected repository-local Markdown source from Manuals.
SRC-000173	repo	Manuals/Altibase_trunk/kor/Administrator's Manual.md	product_source	administrator_operations	Administrator’s Manual	8.1_verified	ko	Korean authoritative; Altibase 8.1 verified source			include_exact	exact_markdown	7c0f13b42c5681a75d6abfa2c9772db0e3f4fe5c9c06026132686d30510de358	601404	10518	83710	S1-J002	S1-J002	Selected repository-local Markdown source from Manuals.
SRC-000174	repo	Manuals/Altibase_trunk/kor/Altibase C Interface Manual.md	product_source	c_cli_odbc_precompiler	Trunk	8.1_verified	ko	Korean authoritative; Altibase 8.1 verified source			include_exact	exact_markdown	26469cf43f9017023b35ef39378146e325b4a16d8bd24eb748c960d2d6d712cb	175675	4342	30990	S1-J002	S1-J002	Selected repository-local Markdown source from Manuals.
SRC-000175	repo	Manuals/Altibase_trunk/kor/Altibase SSL TLS User's Guide.md	product_source	security_ssl_tls	Altibase SSL/TLS User's Guide	8.1_verified	ko	Korean authoritative; Altibase 8.1 verified source			include_exact	exact_markdown	9c561cf51de4c5f3e28fee25ef950ec4c14177797290434c9d46899a7b610b09	49064	1102	8313	S1-J002	S1-J002	Selected repository-local Markdown source from Manuals.
SRC-000176	repo	Manuals/Altibase_trunk/kor/CLI User's Manual.md	product_source	c_cli_odbc_precompiler	CLI User's Manual	8.1_verified	ko	Korean authoritative; Altibase 8.1 verified source			include_exact	exact_markdown	b99f42229b88e7908634b684805de61b5922c5eda717e3ad76bb2c8a094c9c02	528174	11203	103577	S1-J002	S1-J002	Selected repository-local Markdown source from Manuals.
SRC-000177	repo	Manuals/Altibase_trunk/kor/DB Link User's Manual.md	product_source	dblink_hadoop_external_connectors	Trunk	8.1_verified	ko	Korean authoritative; Altibase 8.1 verified source			include_exact	exact_markdown	9aa3155957f79e21f51a4cb4850fbb4c2b257e97c55746fdfade6ccdb6d80017	131668	3070	22181	S1-J002	S1-J002	Selected repository-local Markdown source from Manuals.
SRC-000178	repo	Manuals/Altibase_trunk/kor/Error Message Reference.md	product_source	error_message_reference	Trunk	8.1_verified	ko	Korean authoritative; Altibase 8.1 verified source			include_exact	exact_markdown	b3ed8746a473f5779561b14bf1c1796acdd308475d2913aaa214c11c8289d190	761710	22336	190033	S1-J002	S1-J002	Selected repository-local Markdown source from Manuals.
SRC-000179	repo	Manuals/Altibase_trunk/kor/External Procedures Manual.md	product_source	stored_external_procedures	C/C++ External Procedures Manual	8.1_verified	ko	Korean authoritative; Altibase 8.1 verified source			include_exact	exact_markdown	b908d3616f2632df67108d306eeb4e99985771b30d760c93eb5954351a08b7ec	47779	1243	8066	S1-J002	S1-J002	Selected repository-local Markdown source from Manuals.
SRC-000180	repo	Manuals/Altibase_trunk/kor/General_Reference-1.Data Types & Altibase Properties.md	product_source	general_reference_1_datatypes_properties	General Reference-1.Data Types & Altibase Properties	8.1_verified	ko	Korean authoritative; Altibase 8.1 verified source			include_exact	exact_markdown	7e37ccce4256641879eb93cb7e8b62f750d274c8006b8b892696a1372a5c4bbd	403035	16623	64265	S1-J002	S1-J002	Selected repository-local Markdown source from Manuals.
SRC-000181	repo	Manuals/Altibase_trunk/kor/General_Reference-2.The Data Dictionary.md	product_source	general_reference_2_dictionary_views	Trunk	8.1_verified	ko	Korean authoritative; Altibase 8.1 verified source			include_exact	exact_markdown	28b3c47e7c49cc93344d3b574d320c51e797e47e7f33f6feeeb0dc449c219f10	626879	12957	109420	S1-J002	S1-J002	Selected repository-local Markdown source from Manuals.
SRC-000182	repo	Manuals/Altibase_trunk/kor/Getting Started Guide.md	product_source	getting_started_installation	Trunk	8.1_verified	ko	Korean authoritative; Altibase 8.1 verified source			include_exact	exact_markdown	455dece2edc342d09decc79eb8a92a798a57f6e8aeb0d805297a4ca4722b7490	92027	2244	14465	S1-J002	S1-J002	Selected repository-local Markdown source from Manuals.
SRC-000183	repo	Manuals/Altibase_trunk/kor/Hadoop Connector User's Manual.md	product_source	dblink_hadoop_external_connectors	Trunk	8.1_verified	ko	Korean authoritative; Altibase 8.1 verified source			include_exact	exact_markdown	d29b6449edf0c283f8f5003d68f12fa0e41c7dd289b04e254c3f7280223a1f2e	28182	716	4841	S1-J002	S1-J002	Selected repository-local Markdown source from Manuals.
SRC-000184	repo	Manuals/Altibase_trunk/kor/Installation Guide.md	product_source	getting_started_installation	Trunk	8.1_verified	ko	Korean authoritative; Altibase 8.1 verified source			include_exact	exact_markdown	780b506f28bd3dbaadef1d271fa4f13c4c0da3c818baa068c806cca87e7e4ff6	67325	1730	11308	S1-J002	S1-J002	Selected repository-local Markdown source from Manuals.
SRC-000185	repo	Manuals/Altibase_trunk/kor/JDBC User's Manual.md	product_source	jdbc_java	Trunk	8.1_verified	ko	Korean authoritative; Altibase 8.1 verified source			include_exact	exact_markdown	1c9fafde790443547be583f88e38252a122b2f1220bbb125f59e7740f3b9eb67	226115	4494	45483	S1-J002	S1-J002	Selected repository-local Markdown source from Manuals.
SRC-000186	repo	Manuals/Altibase_trunk/kor/Log Analyzer User's Manual.md	product_source	log_analyzer	Log Analyzer User’s Manual	8.1_verified	ko	Korean authoritative; Altibase 8.1 verified source			include_exact	exact_markdown	96dbca623c458dadba6b54cce015a8e7516dbb040c4a449906d48dcb043c69f2	152525	6020	31607	S1-J002	S1-J002	Selected repository-local Markdown source from Manuals.
SRC-000187	repo	Manuals/Altibase_trunk/kor/Monitoring API Developer's Guide.md	product_source	monitoring_api_snmp	Trunk	8.1_verified	ko	Korean authoritative; Altibase 8.1 verified source			include_exact	exact_markdown	4e2dbae8323388e27157d4c140c0dc41507fe02832276236b0902833868cec76	90309	2949	18525	S1-J002	S1-J002	Selected repository-local Markdown source from Manuals.
SRC-000188	repo	Manuals/Altibase_trunk/kor/ODBC User's Manual.md	product_source	c_cli_odbc_precompiler	ODBC User\'s Manual	8.1_verified	ko	Korean authoritative; Altibase 8.1 verified source			include_exact	exact_markdown	bb38ea124f020c2587b9b576953bdd19c309e2c4a7f99465296519bb6080cd84	25335	707	4988	S1-J002	S1-J002	Selected repository-local Markdown source from Manuals.
SRC-000189	repo	Manuals/Altibase_trunk/kor/Performance Tuning Guide.md	product_source	performance_tuning	Trunk	8.1_verified	ko	Korean authoritative; Altibase 8.1 verified source			include_exact	exact_markdown	9d68f6bd608feec7d449be34f5616cc8a2c823da4881d477cf4e852c4d07d495	266210	6377	44963	S1-J002	S1-J002	Selected repository-local Markdown source from Manuals.
SRC-000190	repo	Manuals/Altibase_trunk/kor/Precompiler User's Manual.md	product_source	c_cli_odbc_precompiler	Trunk	8.1_verified	ko	Korean authoritative; Altibase 8.1 verified source			include_exact	exact_markdown	b81313a54877c5fc20dacf093450f5954ba15b82c025131aeecac06faf09f6d9	358530	10585	63372	S1-J002	S1-J002	Selected repository-local Markdown source from Manuals.
SRC-000191	repo	Manuals/Altibase_trunk/kor/README.md	product_source	source_index	Altibase Trunk Korean manuals	8.1_verified	ko	Korean authoritative; Altibase 8.1 verified source			include_exact	exact_markdown	546e3074c1bcfab830c358a5fabfb379e0e55419e49d65a235b0eb1201acd6d2	5321	82	1331	S1-J002	S1-J002	Selected repository-local Markdown source from Manuals.
SRC-000192	repo	Manuals/Altibase_trunk/kor/Replication Manual.md	product_source	replication_manual	Replication Manual	8.1_verified	ko	Korean authoritative; Altibase 8.1 verified source			include_exact	exact_markdown	c6f7e85a9a837163cea7f5539746478ee676f753d09638782a64139b5f48dfe2	255012	6063	44540	S1-J002	S1-J002	Selected repository-local Markdown source from Manuals.
SRC-000193	repo	Manuals/Altibase_trunk/kor/SNMP Agent Guide.md	product_source	monitoring_api_snmp	Trunk	8.1_verified	ko	Korean authoritative; Altibase 8.1 verified source			include_exact	exact_markdown	3f7864399c0314c34b545d81d4a7d7ae278f661f35edd264fc5670884cbf9eee	66234	1958	13250	S1-J002	S1-J002	Selected repository-local Markdown source from Manuals.
SRC-000194	repo	Manuals/Altibase_trunk/kor/SQL Reference.md	product_source	sql_reference	Trunk	8.1_verified	ko	Korean authoritative; Altibase 8.1 verified source			include_exact	exact_markdown	2b0025fe3e8ae60050a99df030627052ba7ecf9a3c6a1d7a686792a777150c07	868490	27423	154611	S1-J002	S1-J002	Selected repository-local Markdown source from Manuals.
SRC-000195	repo	Manuals/Altibase_trunk/kor/Spatial SQL Reference.md	product_source	spatial_nifi_tableau	Spatial SQL Reference	8.1_verified	ko	Korean authoritative; Altibase 8.1 verified source			include_exact	exact_markdown	14cd10dd6e4bf55f3c721a4ea3dcfb2d69ad7972a843ff136234d2fb4fc7991f	250415	7695	47378	S1-J002	S1-J002	Selected repository-local Markdown source from Manuals.
SRC-000196	repo	Manuals/Altibase_trunk/kor/Stored Procedures Manual.md	product_source	stored_external_procedures	Trunk	8.1_verified	ko	Korean authoritative; Altibase 8.1 verified source			include_exact	exact_markdown	3b5b2ea2dc6f39e15673bd20c00362298e8fb1dd404ef3c83d834cf2bbd0a94a	492235	17199	92900	S1-J002	S1-J002	Selected repository-local Markdown source from Manuals.
SRC-000197	repo	Manuals/Altibase_trunk/kor/Utilities Manual.md	product_source	utilities_datacompj	Trunk	8.1_verified	ko	Korean authoritative; Altibase 8.1 verified source			include_exact	exact_markdown	7122c896093fd9f20f1d6057fdc5a71c1f53ba787ec671ceda22081eb8799250	261522	4814	46040	S1-J002	S1-J002	Selected repository-local Markdown source from Manuals.
SRC-000198	repo	Manuals/Altibase_trunk/kor/iLoader User's Manual.md	product_source	isql_iloader	Trunk	8.1_verified	ko	Korean authoritative; Altibase 8.1 verified source			include_exact	exact_markdown	07fd3488d34b654fb0dd874158eee649ad26997cdd14d4c1fc193f872e8ef6cd	117580	3090	20489	S1-J002	S1-J002	Selected repository-local Markdown source from Manuals.
SRC-000199	repo	Manuals/Altibase_trunk/kor/iSQL User's Manual.md	product_source	isql_iloader	Trunk	8.1_verified	ko	Korean authoritative; Altibase 8.1 verified source			include_exact	exact_markdown	cc0ac0e7726674b913fad011b55cb6e746c06748603902b69d20266e8b6d6b1d	131904	3629	24029	S1-J002	S1-J002	Selected repository-local Markdown source from Manuals.
SRC-000200	repo	Manuals/Tools/Altibase_release/eng/Altibase 3rd Party Connector Guide.md	tool_manual	dblink_hadoop_external_connectors	Table of Contents	multi	en	English extraction aid			include_exact	exact_markdown	0d9d33bed565eb0662bafdc49a47e76e54640722ced46d477677d9691a5b84fa	50748	921	12652	S1-J002	S1-J002	Selected repository-local Markdown source from Manuals.
SRC-000201	repo	Manuals/Tools/Altibase_release/eng/Altibase Heartbeat User's Guide.md	tool_manual	utilities_datacompj	Release 7.1	multi	en	English extraction aid			include_exact	exact_markdown	a405854c16bd862249a6c17f414bd283c93ae296101c8393621ba1f0e367c79c	28332	692	7048	S1-J002	S1-J002	Selected repository-local Markdown source from Manuals.
SRC-000202	repo	Manuals/Tools/Altibase_release/eng/Migration Center User's Manual.md	tool_manual	migration_oracle	Migration Center User's Manual	multi	en	English extraction aid			include_exact	exact_markdown	71908c594f2b77de017a5cbd1eede1c29b2ddb3c13a3556a938334e0028255ec	318011	8343	79329	S1-J002	S1-J002	Selected repository-local Markdown source from Manuals.
SRC-000203	repo	Manuals/Tools/Altibase_release/eng/README.md	tool_manual	source_index	Tools - English	multi	en	English extraction aid			include_exact	exact_markdown	07b070528b8cee561b27c308269ac8994390e394d23d190cd4f17ed1e2b3e5d3	1014	14	254	S1-J002	S1-J002	Selected repository-local Markdown source from Manuals.
SRC-000204	repo	Manuals/Tools/Altibase_release/eng/Replication Manager User's Manual.md	tool_manual	replication_manager	Release 1.4	multi	en	English extraction aid			include_exact	exact_markdown	12d834884982f2d1b6096efac800b27b3a24d42aa42caabaea3589f4d924bdfb	33192	569	8274	S1-J002	S1-J002	Selected repository-local Markdown source from Manuals.
SRC-000205	repo	Manuals/Tools/Altibase_release/eng/altiShapeLoader User's Manual.md	tool_manual	spatial_nifi_tableau	Release 1.0	multi	en	English extraction aid			include_exact	exact_markdown	f8156e1eaf99e171c51edba2d2edeca331cbcd745ef43db55ddff95e01f8a920	53410	958	13329	S1-J002	S1-J002	Selected repository-local Markdown source from Manuals.
SRC-000206	repo	Manuals/Tools/Altibase_release/eng/dataCompJ User's Manual.md	tool_manual	utilities_datacompj	Release 7.2	multi	en	English extraction aid			include_exact	exact_markdown	1ebf9ef932f1e37c09cc4929ec5e60aefed3c8af6030b2cfcc173f0fbc5b9fb0	49859	1163	12442	S1-J002	S1-J002	Selected repository-local Markdown source from Manuals.
SRC-000207	repo	Manuals/Tools/Altibase_release/kor/Altibase 3rd Party Connector Guide.md	tool_manual	dblink_hadoop_external_connectors	목차	multi	ko	Korean authoritative			include_exact	exact_markdown	49749f86ebdb568213a1fd48485a594cff77c62c3926296b67880844e5ebc7bb	55415	1072	10614	S1-J002	S1-J002	Selected repository-local Markdown source from Manuals.
SRC-000208	repo	Manuals/Tools/Altibase_release/kor/Altibase Heartbeat User's Guide.md	tool_manual	utilities_datacompj	Release 7.1	multi	ko	Korean authoritative			include_exact	exact_markdown	8beb2b7fc2ffc7ea8f5a80716b754146689c5f8e306940ffbce4083d07d497b3	31791	846	5011	S1-J002	S1-J002	Selected repository-local Markdown source from Manuals.
SRC-000209	repo	Manuals/Tools/Altibase_release/kor/Migration Center User's Manual.md	tool_manual	migration_oracle	Migration Center User's Manual	multi	ko	Korean authoritative			include_exact	exact_markdown	f7034ba20db638abc2149aed6856f31cd2aa816c3f5f5e66383fc6b0321c3b48	336321	8363	63208	S1-J002	S1-J002	Selected repository-local Markdown source from Manuals.
SRC-000210	repo	Manuals/Tools/Altibase_release/kor/README.md	tool_manual	source_index	Tools - Korean	multi	ko	Korean authoritative			include_exact	exact_markdown	5c6cadca0585e7269321ba262683eee83ba0962a7f85f98888e966861eef3d0d	1151	13	288	S1-J002	S1-J002	Selected repository-local Markdown source from Manuals.
SRC-000211	repo	Manuals/Tools/Altibase_release/kor/Replication Manager User's Manual.md	tool_manual	replication_manager	Release 1.4	multi	ko	Korean authoritative			include_exact	exact_markdown	b7534ee95d4ae27f47103705959fada03f571de3d56798ecc601719c54912760	31434	613	4509	S1-J002	S1-J002	Selected repository-local Markdown source from Manuals.
SRC-000212	repo	Manuals/Tools/Altibase_release/kor/altiShapeLoader User's Manual.md	tool_manual	spatial_nifi_tableau	Release 1.0	multi	ko	Korean authoritative			include_exact	exact_markdown	d69e0f84002afe06e25b0caeaa734dd0ce294ad820514f4858a6a768c8c14b19	63524	994	12064	S1-J002	S1-J002	Selected repository-local Markdown source from Manuals.
SRC-000213	repo	Manuals/Tools/Altibase_release/kor/dataCompJ User's Manual.md	tool_manual	utilities_datacompj	Release 7.2	multi	ko	Korean authoritative			include_exact	exact_markdown	60c0f32affc023fc95b19f2d2cea62e658e71fee97144053383605fcef2a1e1f	53384	1171	9511	S1-J002	S1-J002	Selected repository-local Markdown source from Manuals.
SRC-000214	repo	Manuals/Tools/Altibase_trunk/eng/Altibase 3rd Party Connector Guide.md	tool_manual	dblink_hadoop_external_connectors	Table of Contents	8.1_verified	en	English extraction aid; Altibase 8.1 verified source			include_exact	exact_markdown	2766b6804224b1ece4fd68964841ea66f3f0bcd63f266814353f2258271f6ad1	51841	947	12926	S1-J002	S1-J002	Selected repository-local Markdown source from Manuals.
SRC-000215	repo	Manuals/Tools/Altibase_trunk/eng/Altibase Heartbeat User's Guide.md	tool_manual	utilities_datacompj	Release 7.1	8.1_verified	en	English extraction aid; Altibase 8.1 verified source			include_exact	exact_markdown	20d8a0d460577531367d960f4a6cd1413090483890d9511b7d87dcd7f5c161b3	28334	694	7048	S1-J002	S1-J002	Selected repository-local Markdown source from Manuals.
SRC-000216	repo	Manuals/Tools/Altibase_trunk/eng/Migration Center User's Manual.md	tool_manual	migration_oracle	Migration Center User's Manual	8.1_verified	en	English extraction aid; Altibase 8.1 verified source			include_exact	exact_markdown	ef7d3b0941fb04858b810044b63420b3ed26fbc60b4a6bbdba3fec657af51a75	318093	8345	79350	S1-J002	S1-J002	Selected repository-local Markdown source from Manuals.
SRC-000217	repo	Manuals/Tools/Altibase_trunk/eng/README.md	tool_manual	source_index	Tools - English	8.1_verified	en	English extraction aid; Altibase 8.1 verified source			include_exact	exact_markdown	144bc866bf69fb6c8b73f01301ac02f6d87044c6f1a626f260c8ef8756754cc1	1001	13	251	S1-J002	S1-J002	Selected repository-local Markdown source from Manuals.
SRC-000218	repo	Manuals/Tools/Altibase_trunk/eng/Replication Manager User's Manual.md	tool_manual	replication_manager	Release 1.5	8.1_verified	en	English extraction aid; Altibase 8.1 verified source			include_exact	exact_markdown	7b99a839eeaf5b5f63d605b6fb0004c8acd096efa97338ed0d28b3a1a58279c1	33031	575	8233	S1-J002	S1-J002	Selected repository-local Markdown source from Manuals.
SRC-000219	repo	Manuals/Tools/Altibase_trunk/eng/altiShapeLoader User's Manual.md	tool_manual	spatial_nifi_tableau	Release 1.0	8.1_verified	en	English extraction aid; Altibase 8.1 verified source			include_exact	exact_markdown	1dc527d1b29c61c730216c803f5bd8d71b2bf0f263f213df0f44eadad8eb635b	54001	957	13477	S1-J002	S1-J002	Selected repository-local Markdown source from Manuals.
SRC-000220	repo	Manuals/Tools/Altibase_trunk/eng/dataCompJ User's Manual.md	tool_manual	utilities_datacompj	Release 7.2	8.1_verified	en	English extraction aid; Altibase 8.1 verified source			include_exact	exact_markdown	2db7dee4d8722ce5cd91a8dfd02318bdb0f10fd6bfa9ce00cf8245116f349b08	49861	1165	12443	S1-J002	S1-J002	Selected repository-local Markdown source from Manuals.
SRC-000221	repo	Manuals/Tools/Altibase_trunk/kor/Altibase 3rd Party Connector Guide.md	tool_manual	dblink_hadoop_external_connectors	목차	8.1_verified	ko	Korean authoritative; Altibase 8.1 verified source			include_exact	exact_markdown	8f24fc16ce632c502e3a1d3cd3c432c97b96c564e2f7b900488428778f7c03be	56648	1101	10861	S1-J002	S1-J002	Selected repository-local Markdown source from Manuals.
SRC-000222	repo	Manuals/Tools/Altibase_trunk/kor/Altibase Heartbeat User's Guide.md	tool_manual	utilities_datacompj	Release 7.1	8.1_verified	ko	Korean authoritative; Altibase 8.1 verified source			include_exact	exact_markdown	92952fabc102408401feb73d1f032f78afaa6a1f9607316d4d0908440a7fc2ae	31811	850	5016	S1-J002	S1-J002	Selected repository-local Markdown source from Manuals.
SRC-000223	repo	Manuals/Tools/Altibase_trunk/kor/Migration Center User's Manual.md	tool_manual	migration_oracle	Migration Center User's Manual	8.1_verified	ko	Korean authoritative; Altibase 8.1 verified source			include_exact	exact_markdown	b5c6bfb0f3e510bdbefc48853d9791fe40cfa0e5063e54eb592a62e11ef2f8c1	336403	8365	63229	S1-J002	S1-J002	Selected repository-local Markdown source from Manuals.
SRC-000224	repo	Manuals/Tools/Altibase_trunk/kor/README.md	tool_manual	source_index	Tools - Korean	8.1_verified	ko	Korean authoritative; Altibase 8.1 verified source			include_exact	exact_markdown	05edded578330baed7de098e300d2f694942e5eb4f4fb347223a304a798dff8d	1000	13	250	S1-J002	S1-J002	Selected repository-local Markdown source from Manuals.
SRC-000225	repo	Manuals/Tools/Altibase_trunk/kor/Replication Manager User's Manual.md	tool_manual	replication_manager	Release 1.5	8.1_verified	ko	Korean authoritative; Altibase 8.1 verified source			include_exact	exact_markdown	5e584a9ff74b7ca6c0a3e702972c3a33e0dffc99a6f5ed8e62ac0a526d08f018	31434	573	4493	S1-J002	S1-J002	Selected repository-local Markdown source from Manuals.
SRC-000226	repo	Manuals/Tools/Altibase_trunk/kor/altiShapeLoader User's Manual.md	tool_manual	spatial_nifi_tableau	Release 1.0	8.1_verified	ko	Korean authoritative; Altibase 8.1 verified source			include_exact	exact_markdown	cbb7a05c68a7084fb65b9af287f93370849f7b59d1b9f56d4888a4232e65aac4	60108	992	11154	S1-J002	S1-J002	Selected repository-local Markdown source from Manuals.
SRC-000227	repo	Manuals/Tools/Altibase_trunk/kor/dataCompJ User's Manual.md	tool_manual	utilities_datacompj	Release 7.2	8.1_verified	ko	Korean authoritative; Altibase 8.1 verified source			include_exact	exact_markdown	c520527c7fb7f9d83411b059eb6b42e43cc844eda6316c9867ce255132d1cbd7	53442	1174	9531	S1-J002	S1-J002	Selected repository-local Markdown source from Manuals.
SRC-000228	repo	PatchNotes/Altibase_7.1/Altibase_7_1_Version_Histories.md	patch_note	patch_notes	Altibase 7.1 Version Histories	7.1	mixed	Repository source evidence			include_exact	exact_markdown	6006d495e2cd66502a1a11565ff4714774ed9d1097398e17e904544d930ea3c5	7378	27	1845	S1-J002	S1-J002	Selected repository-local Markdown source from PatchNotes.
SRC-000229	repo	PatchNotes/Altibase_7.1/README.md	patch_note	patch_notes	Altibase 7.1 Patch Notes - Korean	7.1	mixed	Repository source evidence			include_exact	exact_markdown	b38326d170dbe3bde84313860d19808065d86e712aa7bac44df2fe746aec92e2	28000	194	7000	S1-J002	S1-J002	Selected repository-local Markdown source from PatchNotes.
SRC-000230	repo	PatchNotes/Altibase_7.1/README_sample.md	patch_note	patch_notes	Altibase 7.1 Patch Notes - Korean	7.1	mixed	Repository source evidence			include_exact	exact_markdown	1aee1a6fd6f33095ef5d175f8cd95b603abb556c4e0ac451fed21d481ea947ce	32346	241	8081	S1-J002	S1-J002	Selected repository-local Markdown source from PatchNotes.
SRC-000231	repo	PatchNotes/Altibase_7.1/eng/Altibase_7_1_0_10_0_Patch_Notes.md	patch_note	patch_notes	Altibase 7.1.0.10.0 Patch Notes	7.1.0.10.0	en	English extraction aid			include_exact	exact_markdown	fbe55db1d8b6eaaf6116be295501490e2dc011ff169f645d3cfe6e3cf7703453	28158	872	7025	S1-J002	S1-J002	Selected repository-local Markdown source from PatchNotes.
SRC-000232	repo	PatchNotes/Altibase_7.1/eng/Altibase_7_1_0_10_1_Patch_Notes.md	patch_note	patch_notes	Altibase 7.1.0.10.1 Patch Notes	7.1.0.10.1	en	English extraction aid			include_exact	exact_markdown	9954f34b33792d411053974305e9b4e8c073bd94a8781767ca3b0f7d6375f4db	5476	172	1368	S1-J002	S1-J002	Selected repository-local Markdown source from PatchNotes.
SRC-000233	repo	PatchNotes/Altibase_7.1/eng/Altibase_7_1_0_10_2_Patch_Notes.md	patch_note	patch_notes	New Features	7.1.0.10.2	en	English extraction aid			include_exact	exact_markdown	29c98891ed1095c16b17a343576e093d4d5bba6394e03a86cd8c2de93730173c	8898	300	2222	S1-J002	S1-J002	Selected repository-local Markdown source from PatchNotes.
SRC-000234	repo	PatchNotes/Altibase_7.1/eng/Altibase_7_1_0_10_3_Patch_Notes.md	patch_note	patch_notes	BUG-51446<a name=bug-51446></a> Improved altibase_error.log to include additional diagnostic information when the server shuts down abnormally (e.g., SIGSEGV)	7.1.0.10.3	en	English extraction aid			include_exact	exact_markdown	20aa9a453e92bc3110cac5301391ebfd52e4c0cda8deb193509bf01888934a9b	8098	273	2022	S1-J002	S1-J002	Selected repository-local Markdown source from PatchNotes.
SRC-000235	repo	PatchNotes/Altibase_7.1/eng/Altibase_7_1_0_10_4_Patch_Notes.md	patch_note	patch_notes	New Features	7.1.0.10.4	en	English extraction aid			include_exact	exact_markdown	5d1a99b75a1ba892859dee41b9a11359fbd6a18156bd1d717ad743f8a91571f7	5643	189	1410	S1-J002	S1-J002	Selected repository-local Markdown source from PatchNotes.
SRC-000236	repo	PatchNotes/Altibase_7.1/eng/Altibase_7_1_0_10_5_Patch_Notes.md	patch_note	patch_notes	Altibase 7.1.0.10.5 Patch Notes	7.1.0.10.5	en	English extraction aid			include_exact	exact_markdown	59aa31e500c7e2fcb0a2a371356e3f8142d1b0d3e45ee87b4867697b07c5e870	24795	810	6188	S1-J002	S1-J002	Selected repository-local Markdown source from PatchNotes.
SRC-000237	repo	PatchNotes/Altibase_7.1/eng/Altibase_7_1_0_10_6_Patch_Notes.md	patch_note	patch_notes	Altibase 7.1.0.10.6 Patch Notes	7.1.0.10.6	en	English extraction aid			include_exact	exact_markdown	f791c2c76ceef3b9b9dfbd3ab0203b38fbcc90a7f24c26c1417bef8ab5132050	7754	229	1936	S1-J002	S1-J002	Selected repository-local Markdown source from PatchNotes.
SRC-000238	repo	PatchNotes/Altibase_7.1/eng/Altibase_7_1_0_10_7_Patch_Notes.md	patch_note	patch_notes	Altibase 7.1.0.10.7 Patch Notes	7.1.0.10.7	en	English extraction aid			include_exact	exact_markdown	666fc50c450c12bd3b857b9b12a0d81a4c831826ff4f640599106a38ece09e39	9202	263	2297	S1-J002	S1-J002	Selected repository-local Markdown source from PatchNotes.
SRC-000239	repo	PatchNotes/Altibase_7.1/eng/Altibase_7_1_0_10_8_Patch_Notes.md	patch_note	patch_notes	BUG-51888<a name=bug-51888></a> The maximum allowed length for encrypted PASSWORD used in dblink, aku, and Adapter has been extended to 256 characters.	7.1.0.10.8	en	English extraction aid			include_exact	exact_markdown	da88c73e864811536e63365daabf37d2e15b6182bdffeab96a66ee0125f1ebe6	24588	573	6133	S1-J002	S1-J002	Selected repository-local Markdown source from PatchNotes.
SRC-000240	repo	PatchNotes/Altibase_7.1/eng/Altibase_7_1_0_4_0_Patch_Notes.md	patch_note	patch_notes	BUG-47805  Support for SRID(Spatial Reference IDentifier) interface	7.1.0.4.0	en	English extraction aid			include_exact	exact_markdown	7f236133ac5adb5afeb8800ba2a374fb9f0b7b04556c2c046cfe665f89a15ac1	50160	1395	12516	S1-J002	S1-J002	Selected repository-local Markdown source from PatchNotes.
SRC-000241	repo	PatchNotes/Altibase_7.1/eng/Altibase_7_1_0_4_1_Patch_Notes.md	patch_note	patch_notes	BUG-47931 Added support for ST_MakePolygon and ST_Polygon functions.	7.1.0.4.1	en	English extraction aid			include_exact	exact_markdown	3174bb07669152836fcde2f1b128f94966fa55ab476042094b7f28de5e4269dd	13083	376	3267	S1-J002	S1-J002	Selected repository-local Markdown source from PatchNotes.
SRC-000242	repo	PatchNotes/Altibase_7.1/eng/Altibase_7_1_0_4_2_Patch_Notes.md	patch_note	patch_notes	BUG-48014 Support added for the ST_Collect function.	7.1.0.4.2	en	English extraction aid			include_exact	exact_markdown	9f7317c7732582d5ebeae03a830ce0102ba1428a53f1875fed9b6fbf52168351	17831	545	4449	S1-J002	S1-J002	Selected repository-local Markdown source from PatchNotes.
SRC-000243	repo	PatchNotes/Altibase_7.1/eng/Altibase_7_1_0_4_3_Patch_Notes.md	patch_note	patch_notes	BUG-48038  Added support for the ST_IsCollection function.	7.1.0.4.3	en	English extraction aid			include_exact	exact_markdown	16527d8c55d7d15509d3d765bfe709dad14a110dfe3873ec5873b02999c67c84	14115	378	3521	S1-J002	S1-J002	Selected repository-local Markdown source from PatchNotes.
SRC-000244	repo	PatchNotes/Altibase_7.1/eng/Altibase_7_1_0_4_4_Patch_Notes.md	patch_note	patch_notes	BUG-47652 Added a property to control access permissions for files generated by iSQL, aexport, and iLoader.	7.1.0.4.4	en	English extraction aid			include_exact	exact_markdown	dd960e0693f3e2449d5e1f6548c4ccdc2afd41829c6ca0629a20ecf3cdb882bf	33056	683	8250	S1-J002	S1-J002	Selected repository-local Markdown source from PatchNotes.
SRC-000245	repo	PatchNotes/Altibase_7.1/eng/Altibase_7_1_0_4_5_Patch_Notes.md	patch_note	patch_notes	BUG-48134 Added the functionality to log records with the same value (MOSO EQ) in altiComp.	7.1.0.4.5	en	English extraction aid			include_exact	exact_markdown	c69622744a027e89a46d6664360313151f2b34ef139b7e5c850355a1b22bca37	9917	291	2391	S1-J002	S1-J002	Selected repository-local Markdown source from PatchNotes.
SRC-000246	repo	PatchNotes/Altibase_7.1/eng/Altibase_7_1_0_4_6_Patch_Notes.md	patch_note	patch_notes	BUG-48161 Added a property to adjust the maximum bucket count.	7.1.0.4.6	en	English extraction aid			include_exact	exact_markdown	96d03537dd4c6af7739b4c164e98e29ab53fb15734df4122d3081e5f1f38aef0	7298	188	1824	S1-J002	S1-J002	Selected repository-local Markdown source from PatchNotes.
SRC-000247	repo	PatchNotes/Altibase_7.1/eng/Altibase_7_1_0_4_7_Patch_Notes.md	patch_note	patch_notes	BUG-48201 Fixed an issue causing AIX 7.2 to hang	7.1.0.4.7	en	English extraction aid			include_exact	exact_markdown	7255989a9c4c173f23e178108cfa108f3717cfcc181719807e0f8ef5bedc5013	6604	231	1649	S1-J002	S1-J002	Selected repository-local Markdown source from PatchNotes.
SRC-000248	repo	PatchNotes/Altibase_7.1/eng/Altibase_7_1_0_4_8_Patch_Notes.md	patch_note	patch_notes	BUG-46787 Improved error message logged in altibase_boot.log when a connection attempt is made from an IP address blocked by the ACL (Access Control List).	7.1.0.4.8	en	English extraction aid			include_exact	exact_markdown	eece57da3b6f326619a05b9fa29b40d53debc0eaf3d89336d9a96df9a66f6f9e	25251	643	6309	S1-J002	S1-J002	Selected repository-local Markdown source from PatchNotes.
SRC-000249	repo	PatchNotes/Altibase_7.1/eng/Altibase_7_1_0_4_9_Patch_Notes.md	patch_note	patch_notes	BUG-47821 iloader now supports the EWKB format.	7.1.0.4.9	en	English extraction aid			include_exact	exact_markdown	25fc1f6801e432a3591ecdbc1a2e57a35abe76b2318928aded1a9523e3710387	25664	845	6385	S1-J002	S1-J002	Selected repository-local Markdown source from PatchNotes.
SRC-000250	repo	PatchNotes/Altibase_7.1/eng/Altibase_7_1_0_5_0_Patch_Notes.md	patch_note	patch_notes	BUG-48336 Adds a feature to exclude conditions for subquery unnesting targets.	7.1.0.5.0	en	English extraction aid			include_exact	exact_markdown	4d2a399952961ecbfc851d55e94660fc7383076d518b9d06ed065c0e33f21099	17188	457	4294	S1-J002	S1-J002	Selected repository-local Markdown source from PatchNotes.
SRC-000251	repo	PatchNotes/Altibase_7.1/eng/Altibase_7_1_0_5_1_Patch_Notes.md	patch_note	patch_notes	BUG-48369 Disk temp table renewal	7.1.0.5.1	en	English extraction aid			include_exact	exact_markdown	535378f952b4eb1199a04d16001c8f768f4a51dcc687c6b066ba644961474b1a	12028	350	2996	S1-J002	S1-J002	Selected repository-local Markdown source from PatchNotes.
SRC-000252	repo	PatchNotes/Altibase_7.1/eng/Altibase_7_1_0_5_2_Patch_Notes.md	patch_note	patch_notes	BUG-48380 Improved performance of newJDBC fetch.	7.1.0.5.2	en	English extraction aid			include_exact	exact_markdown	03fdc1db6e71ecb933be9c3d1b2832ed9b1b3d7f0fa24e41b3efee22e434f019	9845	317	2459	S1-J002	S1-J002	Selected repository-local Markdown source from PatchNotes.
SRC-000253	repo	PatchNotes/Altibase_7.1/eng/Altibase_7_1_0_5_3_Patch_Notes.md	patch_note	patch_notes	BUG-48594 Improved CPU bottleneck caused by SQL PLAN CACHE when executing SQL statements that include synonyms.	7.1.0.5.3	en	English extraction aid			include_exact	exact_markdown	a35d72e25d8cd7fe7aecc8ce234b1e26e470b78a025ff2cb7995d38ebd22cc08	3180	93	782	S1-J002	S1-J002	Selected repository-local Markdown source from PatchNotes.
SRC-000254	repo	PatchNotes/Altibase_7.1/eng/Altibase_7_1_0_5_4_Patch_Notes.md	patch_note	patch_notes	BUG-48746 Fixed an issue where the Altibase server shut down abnormally when executing `ALTER REPLICATION ~ SYNC`, with the error `ERR-11089(errno=62) Invalid column size` being logged in `altibase_rp_conflict.log`.	7.1.0.5.4	en	English extraction aid			include_exact	exact_markdown	b5229fa573742be64b17a36cd82f31de020311e9a8efda45ec534af8744af766	9708	289	2403	S1-J002	S1-J002	Selected repository-local Markdown source from PatchNotes.
SRC-000255	repo	PatchNotes/Altibase_7.1/eng/Altibase_7_1_0_5_5_Patch_Notes.md	patch_note	patch_notes	BUG-48436 Fixed an issue where the Altibase server would shut down abnormally when using an incorrectly written WRAPPED statement.	7.1.0.5.5	en	English extraction aid			include_exact	exact_markdown	f73797a7a01d4fb14045a34efd823794669ea390536a567abb53e50384dcb59f	10374	322	2581	S1-J002	S1-J002	Selected repository-local Markdown source from PatchNotes.
SRC-000256	repo	PatchNotes/Altibase_7.1/eng/Altibase_7_1_0_5_6_Patch_Notes.md	patch_note	patch_notes	BUG-48888 Added JDBC driver (Altibase42.jar) that supports JDBC API Specification 4.2.	7.1.0.5.6	en	English extraction aid			include_exact	exact_markdown	4e87513115e8218d1a55080c5046b8d197c25912bf745b066fff7b4f86fac051	15602	451	3900	S1-J002	S1-J002	Selected repository-local Markdown source from PatchNotes.
SRC-000257	repo	PatchNotes/Altibase_7.1/eng/Altibase_7_1_0_5_7_Patch_Notes.md	patch_note	patch_notes	Altibase 7.1.0.5.7 Patch Notes	7.1.0.5.7	en	English extraction aid			include_exact	exact_markdown	89548ea861e2a3b2b2362d72fb183ebbe38c88b5663c9c9aa99153c1de8e8a3b	30060	900	7502	S1-J002	S1-J002	Selected repository-local Markdown source from PatchNotes.
SRC-000258	repo	PatchNotes/Altibase_7.1/eng/Altibase_7_1_0_5_8_Patch_Notes.md	patch_note	patch_notes	Altibase 7.1.0.5.8 Patch Notes	7.1.0.5.8	en	English extraction aid			include_exact	exact_markdown	c9b144f5e05e70e9ffa5bcd297a7ba0160c9488648bb01a1d2876cc988a696f9	12934	331	3231	S1-J002	S1-J002	Selected repository-local Markdown source from PatchNotes.
SRC-000259	repo	PatchNotes/Altibase_7.1/eng/Altibase_7_1_0_5_9_Patch_Notes.md	patch_note	patch_notes	Altibase 7.1.0.5.9 Patch Notes	7.1.0.5.9	en	English extraction aid			include_exact	exact_markdown	74adb98c657583beeb3d7ab6f6e9846c4afbf07619c5166afd483366801fd318	15686	422	3918	S1-J002	S1-J002	Selected repository-local Markdown source from PatchNotes.
SRC-000260	repo	PatchNotes/Altibase_7.1/eng/Altibase_7_1_0_6_0_Patch_Notes.md	patch_note	patch_notes	Altibase 7.1.0.6.0 Patch Notes	7.1.0.6.0	en	English extraction aid			include_exact	exact_markdown	ca659be994600a4e6acfe078195940ab734f82aad5002bac484f7f5ebc461ad0	10903	314	2719	S1-J002	S1-J002	Selected repository-local Markdown source from PatchNotes.
SRC-000261	repo	PatchNotes/Altibase_7.1/eng/Altibase_7_1_0_6_1_Patch_Notes.md	patch_note	patch_notes	Table Of Contents	7.1.0.6.1	en	English extraction aid			include_exact	exact_markdown	c0c00815329ee93c3e2ef8a8daa3af185d5938381ccfb713d64a3398341e0105	25096	601	6270	S1-J002	S1-J002	Selected repository-local Markdown source from PatchNotes.
SRC-000262	repo	PatchNotes/Altibase_7.1/eng/Altibase_7_1_0_6_2_Patch_Notes.md	patch_note	patch_notes	Table Of Contents	7.1.0.6.2	en	English extraction aid			include_exact	exact_markdown	c8f164ad47cc5d9aea34b8f96b0eb8970ad97586844365af359ff267a5a208a3	11118	362	2776	S1-J002	S1-J002	Selected repository-local Markdown source from PatchNotes.
SRC-000263	repo	PatchNotes/Altibase_7.1/eng/Altibase_7_1_0_6_3_Patch_Notes.md	patch_note	patch_notes	Table Of Contents	7.1.0.6.3	en	English extraction aid			include_exact	exact_markdown	875bef828a3250b27d719b85b425c3cec3454c35657f6fd610fcacb8024a64d2	9350	301	2335	S1-J002	S1-J002	Selected repository-local Markdown source from PatchNotes.
SRC-000264	repo	PatchNotes/Altibase_7.1/eng/Altibase_7_1_0_6_4_Patch_Notes.md	patch_note	patch_notes	Altibase 7.1.0.6.4 Patch Notes	7.1.0.6.4	en	English extraction aid			include_exact	exact_markdown	a6a119f73c22fa217b811c8e44945df518fefb5c0e1f8539469e3a7f29ded8b9	13034	361	3255	S1-J002	S1-J002	Selected repository-local Markdown source from PatchNotes.
SRC-000265	repo	PatchNotes/Altibase_7.1/eng/Altibase_7_1_0_6_5_Patch_Notes.md	patch_note	patch_notes	Altibase 7.1.0.6.5 Patch Notes	7.1.0.6.5	en	English extraction aid			include_exact	exact_markdown	5934dec8445a3897703d07dd758880985b6c40ac97ddc2dc82db636d0a42721f	14662	403	3662	S1-J002	S1-J002	Selected repository-local Markdown source from PatchNotes.
SRC-000266	repo	PatchNotes/Altibase_7.1/eng/Altibase_7_1_0_6_6_Patch_Notes.md	patch_note	patch_notes	Table Of Contents	7.1.0.6.6	en	English extraction aid			include_exact	exact_markdown	5724a1ccb45c383c870f1eae939773440558d8c5cc24e7d14840246f34bd52ef	5613	182	1403	S1-J002	S1-J002	Selected repository-local Markdown source from PatchNotes.
SRC-000267	repo	PatchNotes/Altibase_7.1/eng/Altibase_7_1_0_6_7_Patch_Notes.md	patch_note	patch_notes	Table Of Contents	7.1.0.6.7	en	English extraction aid			include_exact	exact_markdown	c216e54f5e09824b0e062647fb75b4157ea4732692ba108eef420314ca0d15b4	6547	198	1635	S1-J002	S1-J002	Selected repository-local Markdown source from PatchNotes.
SRC-000268	repo	PatchNotes/Altibase_7.1/eng/Altibase_7_1_0_6_8_Patch_Notes.md	patch_note	patch_notes	Altibase 7.1.0.6.8 Patch Notes	7.1.0.6.8	en	English extraction aid			include_exact	exact_markdown	f72c1a25c4f6c12ae62c07103447dcabd09d496a588dc2b2dfc6d141669ea0ca	20949	574	5232	S1-J002	S1-J002	Selected repository-local Markdown source from PatchNotes.
SRC-000269	repo	PatchNotes/Altibase_7.1/eng/Altibase_7_1_0_6_9_Patch_Notes.md	patch_note	patch_notes	Table of Contents	7.1.0.6.9	en	English extraction aid			include_exact	exact_markdown	ec6cd57e1e9cb6ef9bc6f9ad52ea1b3fdf30d3a6d15fb92e4ee3cfb899f01b5f	18770	451	4688	S1-J002	S1-J002	Selected repository-local Markdown source from PatchNotes.
SRC-000270	repo	PatchNotes/Altibase_7.1/eng/Altibase_7_1_0_7_0_Patch_Notes.md	patch_note	patch_notes	Table of Contents	7.1.0.7.0	en	English extraction aid			include_exact	exact_markdown	4600a000853bbc96552ea5ba7f49aa69d70c80a23f391c7d0d21b737f43792ed	12971	336	3240	S1-J002	S1-J002	Selected repository-local Markdown source from PatchNotes.
SRC-000271	repo	PatchNotes/Altibase_7.1/eng/Altibase_7_1_0_7_1_Patch_Notes.md	patch_note	patch_notes	Table of Contents	7.1.0.7.1	en	English extraction aid			include_exact	exact_markdown	ede84de38bc8049dbc57cfb4d8f1402e043f263bb958a2067399100001948bcf	6883	236	1719	S1-J002	S1-J002	Selected repository-local Markdown source from PatchNotes.
SRC-000272	repo	PatchNotes/Altibase_7.1/eng/Altibase_7_1_0_7_2_Patch_Notes.md	patch_note	patch_notes	**Table of Contents**	7.1.0.7.2	en	English extraction aid			include_exact	exact_markdown	1c9d4829a965eec090d51254658c067d5080654510185e0276ed0ca873a21ae9	33135	930	8263	S1-J002	S1-J002	Selected repository-local Markdown source from PatchNotes.
SRC-000273	repo	PatchNotes/Altibase_7.1/eng/Altibase_7_1_0_7_3_Patch_Notes.md	patch_note	patch_notes	Altibase 7.1.0.7.3 Patch Notes	7.1.0.7.3	en	English extraction aid			include_exact	exact_markdown	ae5fafe2a2b6e7c1ee9ac332e1e234da14dc75dd10be6a7a65f4cb75edf46652	22835	496	5704	S1-J002	S1-J002	Selected repository-local Markdown source from PatchNotes.
SRC-000274	repo	PatchNotes/Altibase_7.1/eng/Altibase_7_1_0_7_4_Patch_Notes.md	patch_note	patch_notes	Altibase 7.1.0.7.4 Patch Notes	7.1.0.7.4	en	English extraction aid			include_exact	exact_markdown	6ac97c8b63265445f62d026fd9362f25fc6866677a205e0e8523802e99818e06	7742	233	1933	S1-J002	S1-J002	Selected repository-local Markdown source from PatchNotes.
SRC-000275	repo	PatchNotes/Altibase_7.1/eng/Altibase_7_1_0_7_5_Patch_Notes.md	patch_note	patch_notes	Altibase 7.1.0.7.5 Patch Notes	7.1.0.7.5	en	English extraction aid			include_exact	exact_markdown	73ada816ac25eeae879481b5246b85dbfc024c2d5fc9737b7868fe37443dbefb	23071	603	5762	S1-J002	S1-J002	Selected repository-local Markdown source from PatchNotes.
SRC-000276	repo	PatchNotes/Altibase_7.1/eng/Altibase_7_1_0_7_6_Patch_Notes.md	patch_note	patch_notes	Altibase 7.1.0.7.6 Patch Notes	7.1.0.7.6	en	English extraction aid			include_exact	exact_markdown	0451ff4c41f9f1827e914674ff3544e70c2e953dd4b190cc34916b93d8428d42	24679	639	6162	S1-J002	S1-J002	Selected repository-local Markdown source from PatchNotes.
SRC-000277	repo	PatchNotes/Altibase_7.1/eng/Altibase_7_1_0_7_7_Patch_Notes.md	patch_note	patch_notes	Table of Contents	7.1.0.7.7	en	English extraction aid			include_exact	exact_markdown	8ce7456606b336267ecb375dd9286970fb2d63215bff23c96f9bac193a965b94	10918	292	2728	S1-J002	S1-J002	Selected repository-local Markdown source from PatchNotes.
SRC-000278	repo	PatchNotes/Altibase_7.1/eng/Altibase_7_1_0_7_8_Patch_Notes.md	patch_note	patch_notes	Altibase 7.1.0.7.8 Patch Notes	7.1.0.7.8	en	English extraction aid			include_exact	exact_markdown	0b07148e1872202e5a03ffe642effb9bffd729f6f527c3e82ab36167c37bdb5e	16560	440	4125	S1-J002	S1-J002	Selected repository-local Markdown source from PatchNotes.
SRC-000279	repo	PatchNotes/Altibase_7.1/eng/Altibase_7_1_0_7_9_Patch_Notes.md	patch_note	patch_notes	Altibase 7.1.0.7.9 Patch Notes	7.1.0.7.9	en	English extraction aid			include_exact	exact_markdown	acb93ceff6025a3fe6e6ea1bc2caa2bfbb495a13ddfd4e7268505e59ff7aad17	23735	805	5926	S1-J002	S1-J002	Selected repository-local Markdown source from PatchNotes.
SRC-000280	repo	PatchNotes/Altibase_7.1/eng/Altibase_7_1_0_8_0_Patch_Notes.md	patch_note	patch_notes	Table Of Contents	7.1.0.8.0	en	English extraction aid			include_exact	exact_markdown	0df81fc25b37bd061f77e0335b99ea9efedb5285793e5d317c3147fe25f1ea80	28702	995	7168	S1-J002	S1-J002	Selected repository-local Markdown source from PatchNotes.
SRC-000281	repo	PatchNotes/Altibase_7.1/eng/Altibase_7_1_0_8_1_Patch_Notes.md	patch_note	patch_notes	Altibase 7.1.0.8.1 Patch Notes	7.1.0.8.1	en	English extraction aid			include_exact	exact_markdown	1b03cefa87394a7a596ad66b9aefb86bc318d51ede60b340f9e2595041bb7515	17561	545	4379	S1-J002	S1-J002	Selected repository-local Markdown source from PatchNotes.
SRC-000282	repo	PatchNotes/Altibase_7.1/eng/Altibase_7_1_0_8_2_Patch_Notes.md	patch_note	patch_notes	Altibase 7.1.0.8.2 Patch Notes	7.1.0.8.2	en	English extraction aid			include_exact	exact_markdown	8068863deae34cab4433723266b2674225bd89abba263a78a49e75e4b3e916af	35516	1347	8845	S1-J002	S1-J002	Selected repository-local Markdown source from PatchNotes.
SRC-000283	repo	PatchNotes/Altibase_7.1/eng/Altibase_7_1_0_8_3_Patch_Notes.md	patch_note	patch_notes	Altibase 7.1.0.8.3 Patch Notes	7.1.0.8.3	en	English extraction aid			include_exact	exact_markdown	3bd2135c3b3d0f474dc7036aa8898395c7046a1d7466164e2616295ad24a0426	32415	1148	8067	S1-J002	S1-J002	Selected repository-local Markdown source from PatchNotes.
SRC-000284	repo	PatchNotes/Altibase_7.1/eng/Altibase_7_1_0_8_4_Patch_Notes.md	patch_note	patch_notes	Altibase 7.1.0.8.4 Patch Notes	7.1.0.8.4	en	English extraction aid			include_exact	exact_markdown	b807f9376101b5e999d77a1c695a24359febb3b3284311b36c5a1ba4bea5c64e	20881	584	5200	S1-J002	S1-J002	Selected repository-local Markdown source from PatchNotes.
SRC-000285	repo	PatchNotes/Altibase_7.1/eng/Altibase_7_1_0_8_5_Patch_Notes.md	patch_note	patch_notes	Altibase 7.1.0.8.5 Patch Notes	7.1.0.8.5	en	English extraction aid			include_exact	exact_markdown	7eff90360173a267a28dc22288828cc6820f95f6448ba2097d9f5d417f69a980	20504	602	5115	S1-J002	S1-J002	Selected repository-local Markdown source from PatchNotes.
SRC-000286	repo	PatchNotes/Altibase_7.1/eng/Altibase_7_1_0_8_6_Patch_Notes.md	patch_note	patch_notes	Altibase 7.1.0.8.6 Patch Notes	7.1.0.8.6	en	English extraction aid			include_exact	exact_markdown	420a009557d1f7dba4279bba2ed490ef9c4275b75bf5c790f58e52a07b5fe363	18608	497	4600	S1-J002	S1-J002	Selected repository-local Markdown source from PatchNotes.
SRC-000287	repo	PatchNotes/Altibase_7.1/eng/Altibase_7_1_0_8_7_Patch_Notes.md	patch_note	patch_notes	Altibase 7.1.0.8.7 Patch Notes	7.1.0.8.7	en	English extraction aid			include_exact	exact_markdown	87a83dfa240777cffc29a259689c7b0527155a5b4ec530adb577069f0d3ae935	10429	356	2605	S1-J002	S1-J002	Selected repository-local Markdown source from PatchNotes.
SRC-000288	repo	PatchNotes/Altibase_7.1/eng/Altibase_7_1_0_8_8_Patch_Notes.md	patch_note	patch_notes	Altibase 7.1.0.8.8 Patch Notes	7.1.0.8.8	en	English extraction aid			include_exact	exact_markdown	ce0f08a920d53b89c2e0abfa6fe6e33c90eca5ceb330d46dec91df4822d9b6d0	9878	410	2467	S1-J002	S1-J002	Selected repository-local Markdown source from PatchNotes.
SRC-000289	repo	PatchNotes/Altibase_7.1/eng/Altibase_7_1_0_8_9_Patch_Notes.md	patch_note	patch_notes	Altibase 7.1.0.8.9 Patch Notes	7.1.0.8.9	en	English extraction aid			include_exact	exact_markdown	7309201e492af33ea149661222efdbdd6b05d6b36fd70458f0b5ab36d7d87bbf	8674	331	2166	S1-J002	S1-J002	Selected repository-local Markdown source from PatchNotes.
SRC-000290	repo	PatchNotes/Altibase_7.1/eng/Altibase_7_1_0_9_0_Patch_Notes.md	patch_note	patch_notes	Altibase 7.1.0.9.0 Patch Notes	7.1.0.9.0	en	English extraction aid			include_exact	exact_markdown	8e8bbf036e1ec3461124878957a1cfbab68115595dd4093bce6d0b498d09a8fe	35677	1162	8910	S1-J002	S1-J002	Selected repository-local Markdown source from PatchNotes.
SRC-000291	repo	PatchNotes/Altibase_7.1/eng/Altibase_7_1_0_9_1_Patch_Notes.md	patch_note	patch_notes	Altibase 7.1.0.9.1 Patch Notes	7.1.0.9.1	en	English extraction aid			include_exact	exact_markdown	375c9a7fec8813c1706736f615677e98212f3ae579ebb65c3882d7e63288d0f0	6334	208	1583	S1-J002	S1-J002	Selected repository-local Markdown source from PatchNotes.
SRC-000292	repo	PatchNotes/Altibase_7.1/eng/Altibase_7_1_0_9_2_Patch_Notes.md	patch_note	patch_notes	Altibase 7.1.0.9.2 Patch Notes	7.1.0.9.2	en	English extraction aid			include_exact	exact_markdown	26c87b56520d3ab135e33d9326c2111ef766531f6d36344adb452e9affcb463e	11270	356	2815	S1-J002	S1-J002	Selected repository-local Markdown source from PatchNotes.
SRC-000293	repo	PatchNotes/Altibase_7.1/eng/Altibase_7_1_0_9_3_Patch_Notes.md	patch_note	patch_notes	Altibase 7.1.0.9.3 Patch Notes	7.1.0.9.3	en	English extraction aid			include_exact	exact_markdown	25c34494cc17aede39894afdf3815de7b6ca4f034cbf6a0856260f9cc10b941f	17297	585	4320	S1-J002	S1-J002	Selected repository-local Markdown source from PatchNotes.
SRC-000294	repo	PatchNotes/Altibase_7.1/eng/Altibase_7_1_0_9_4_Patch_Notes.md	patch_note	patch_notes	Altibase 7.1.0.9.4 Patch Notes	7.1.0.9.4	en	English extraction aid			include_exact	exact_markdown	4dadd25160c73b9a59195363fd693b06c17b11fb072d7ece0e71efa30719847a	9918	289	2477	S1-J002	S1-J002	Selected repository-local Markdown source from PatchNotes.
SRC-000295	repo	PatchNotes/Altibase_7.1/eng/Altibase_7_1_0_9_5_Patch_Notes.md	patch_note	patch_notes	Altibase 7.1.0.9.5 Patch Notes	7.1.0.9.5	en	English extraction aid			include_exact	exact_markdown	3cfd6f93a3c0873e72c309518f9a5fa2787aa1598407b1f5a02405c6ec01458a	13013	441	3249	S1-J002	S1-J002	Selected repository-local Markdown source from PatchNotes.
SRC-000296	repo	PatchNotes/Altibase_7.1/eng/Altibase_7_1_0_9_6_Patch_Notes.md	patch_note	patch_notes	Altibase 7.1.0.9.6 Patch Notes	7.1.0.9.6	en	English extraction aid			include_exact	exact_markdown	548b56a04898c8ccb67f593f1be73824a48003f90f3ab65a455d2af0aaad0881	11185	331	2794	S1-J002	S1-J002	Selected repository-local Markdown source from PatchNotes.
SRC-000297	repo	PatchNotes/Altibase_7.1/eng/Altibase_7_1_0_9_7_Patch_Notes.md	patch_note	patch_notes	BUG-50005 Improvement in aku help	7.1.0.9.7	en	English extraction aid			include_exact	exact_markdown	2310e8641058542c9f7546ef346d4d4325c4737cf085bd8da85834c81a52dce6	26334	974	6549	S1-J002	S1-J002	Selected repository-local Markdown source from PatchNotes.
SRC-000298	repo	PatchNotes/Altibase_7.1/eng/Altibase_7_1_0_9_8_Patch_Notes.md	patch_note	patch_notes	BUG-50912 Added connection property socket_immediate_close to configure TCP socket option SO_LINGER.	7.1.0.9.8	en	English extraction aid			include_exact	exact_markdown	d04bf463180f96e3e63ce87ca53c8078d12405c18012acd4378daeecaf63efff	9992	357	2498	S1-J002	S1-J002	Selected repository-local Markdown source from PatchNotes.
SRC-000299	repo	PatchNotes/Altibase_7.1/eng/Altibase_7_1_0_9_9_Patch_Notes.md	patch_note	patch_notes	BUG-47423<a name=bug-47423></a> Improve APRE to support RETURNING INTO clause.	7.1.0.9.9	en	English extraction aid			include_exact	exact_markdown	7c641a49e48528428bef86d75c90fc33ef26410285bfb53420d191f40d342f3a	7308	260	1825	S1-J002	S1-J002	Selected repository-local Markdown source from PatchNotes.
SRC-000300	repo	PatchNotes/Altibase_7.1/eng/README.md	patch_note	patch_notes	Altibase 7.1 Patch Notes - English	7.1	en	English extraction aid			include_exact	exact_markdown	7f84f26cc3a16c71bab70c6eb354428b68a4420494f7924f95f08dd5e53419ba	15372	139	3843	S1-J002	S1-J002	Selected repository-local Markdown source from PatchNotes.
SRC-000301	repo	PatchNotes/Altibase_7.1/kor/Altibase_7_1_0_10_0_Patch_Notes.md	patch_note	patch_notes	Altibase 7.1.0.10.0 Patch Notes	7.1.0.10.0	ko	Korean authoritative			include_exact	exact_markdown	83be6879402254e2039231b13eba236e590dab5e867bba3152847c5fe26bc487	30420	912	5487	S1-J002	S1-J002	Selected repository-local Markdown source from PatchNotes.
SRC-000302	repo	PatchNotes/Altibase_7.1/kor/Altibase_7_1_0_10_1_Patch_Notes.md	patch_note	patch_notes	BUG-51170<a name=bug-51170></a> SM 모듈의 condition wait 의 Spurious wakeup 대응 코드 보완	7.1.0.10.1	ko	Korean authoritative			include_exact	exact_markdown	a778b4f111173131f67b751b9cfcb1313d6dee8ff32ea127903f51091d3b2557	4999	146	903	S1-J002	S1-J002	Selected repository-local Markdown source from PatchNotes.
SRC-000303	repo	PatchNotes/Altibase_7.1/kor/Altibase_7_1_0_10_2_Patch_Notes.md	patch_note	patch_notes	New Features	7.1.0.10.2	ko	Korean authoritative			include_exact	exact_markdown	b3cbc9b0175482afca7038d1f2edb4133314adf4a75b0891513d300de23cd097	9114	305	1730	S1-J002	S1-J002	Selected repository-local Markdown source from PatchNotes.
SRC-000304	repo	PatchNotes/Altibase_7.1/kor/Altibase_7_1_0_10_3_Patch_Notes.md	patch_note	patch_notes	BUG-51446<a name=bug-51446></a> 서버 비정상 종료 시(SIGSEGV 등) altibase_error.log에 콜스택 외 추가 진단 정보를 출력하도록 개선	7.1.0.10.3	ko	Korean authoritative			include_exact	exact_markdown	75254f4070c800402de6d6960d26f251a15da6ba0f478e84c6f5e192cdc48f32	8265	277	1583	S1-J002	S1-J002	Selected repository-local Markdown source from PatchNotes.
SRC-000305	repo	PatchNotes/Altibase_7.1/kor/Altibase_7_1_0_10_4_Patch_Notes.md	patch_note	patch_notes	New Features	7.1.0.10.4	ko	Korean authoritative			include_exact	exact_markdown	73de4cd922b394d34ae9d91672de0ae1f84dba9c610d19fcce1b7d31c5232360	5821	192	1133	S1-J002	S1-J002	Selected repository-local Markdown source from PatchNotes.
SRC-000306	repo	PatchNotes/Altibase_7.1/kor/Altibase_7_1_0_10_5_Patch_Notes.md	patch_note	patch_notes	Altibase 7.1.0.10.5 Patch Notes	7.1.0.10.5	ko	Korean authoritative			include_exact	exact_markdown	b47a7ddc3123a11ec26a5d32cc2cf6d39cb06534b161259d2f419da2d0996a90	26430	909	4964	S1-J002	S1-J002	Selected repository-local Markdown source from PatchNotes.
SRC-000307	repo	PatchNotes/Altibase_7.1/kor/Altibase_7_1_0_10_6_Patch_Notes.md	patch_note	patch_notes	Altibase 7.1.0.10.6 Patch Notes	7.1.0.10.6	ko	Korean authoritative			include_exact	exact_markdown	81c0600f4c8a342945e5a6da00a49651e205976c0153d10f306166e30fd413cf	7744	230	1488	S1-J002	S1-J002	Selected repository-local Markdown source from PatchNotes.
SRC-000308	repo	PatchNotes/Altibase_7.1/kor/Altibase_7_1_0_10_7_Patch_Notes.md	patch_note	patch_notes	New Features	7.1.0.10.7	ko	Korean authoritative			include_exact	exact_markdown	26df5ba4fafe160ed6585ad76b6de70a68ece7e2017a9fc6c08932349c4f54ee	9066	289	1674	S1-J002	S1-J002	Selected repository-local Markdown source from PatchNotes.
SRC-000309	repo	PatchNotes/Altibase_7.1/kor/Altibase_7_1_0_10_8_Patch_Notes.md	patch_note	patch_notes	Altibase 7.1.0.10.8 Patch Notes	7.1.0.10.8	ko	Korean authoritative			include_exact	exact_markdown	926920f7a53bc64b4a76cd911bda29d38a9b4c0cc6e78c47c5488e837841e327	33823	1085	6115	S1-J002	S1-J002	Selected repository-local Markdown source from PatchNotes.
SRC-000310	repo	PatchNotes/Altibase_7.1/kor/Altibase_7_1_0_1_3_Patch_Notes.md	patch_note	patch_notes	BUG-45145  iSQL에 히스토리 저장 기능 추가	7.1.0.1.3	ko	Korean authoritative			include_exact	exact_markdown	4d1936747a6f3dd088bcf3b8da531b7c6ea1f855688ad8ac8662b759d038a632	46518	1301	9313	S1-J002	S1-J002	Selected repository-local Markdown source from PatchNotes.
SRC-000311	repo	PatchNotes/Altibase_7.1/kor/Altibase_7_1_0_1_4_Patch_Notes.md	patch_note	patch_notes	BUG-45779  APRE에서 PSM 인자로 Array type을 지원해야 합니다.	7.1.0.1.4	ko	Korean authoritative			include_exact	exact_markdown	3f014fd532f249bc0fc96a9f41c1ed63c8f1a61894ab83de66de75008a8b1df5	86252	2348	17948	S1-J002	S1-J002	Selected repository-local Markdown source from PatchNotes.
SRC-000312	repo	PatchNotes/Altibase_7.1/kor/Altibase_7_1_0_1_5_Patch_Notes.md	patch_note	patch_notes	BUG-46475  HP-UX, AIX용 JDBC adapter를 지원 해야 합니다.	7.1.0.1.5	ko	Korean authoritative			include_exact	exact_markdown	88982b0ca4956fe097f5da5353c3153882a9da0235d95abdad36665b29719727	56860	1653	11732	S1-J002	S1-J002	Selected repository-local Markdown source from PatchNotes.
SRC-000313	repo	PatchNotes/Altibase_7.1/kor/Altibase_7_1_0_1_6_Patch_Notes.md	patch_note	patch_notes	BUG-46406  merge 구문에 문법(syntax) 확장	7.1.0.1.6	ko	Korean authoritative			include_exact	exact_markdown	6c0be7e907dadc3349635e01d8e29adbed314eeaa2227b9ef7c0528dd879eb51	17041	469	3349	S1-J002	S1-J002	Selected repository-local Markdown source from PatchNotes.
SRC-000314	repo	PatchNotes/Altibase_7.1/kor/Altibase_7_1_0_1_7_Patch_Notes.md	patch_note	patch_notes	BUG-46418 호스트 변수 데이터 타입 APRE\_BINARY2를 지원	7.1.0.1.7	ko	Korean authoritative			include_exact	exact_markdown	5ea3b57bc23a7e469fa0f65e6d621081cb7f066eb95bdf6f2bcfd9b87c11eb2c	6560	189	1279	S1-J002	S1-J002	Selected repository-local Markdown source from PatchNotes.
SRC-000315	repo	PatchNotes/Altibase_7.1/kor/Altibase_7_1_0_1_8_Patch_Notes.md	patch_note	patch_notes	Altibase 7.1.0.1.8 Patch Notes	7.1.0.1.8	ko	Korean authoritative			include_exact	exact_markdown	40de3cac5f8b2deb1a9ce715af74086e657c0a1bba40874b3d3f99b656a37176	20838	611	4089	S1-J002	S1-J002	Selected repository-local Markdown source from PatchNotes.
SRC-000316	repo	PatchNotes/Altibase_7.1/kor/Altibase_7_1_0_1_9_Patch_Notes.md	patch_note	patch_notes	BUG-45623  HBT에서 연결확인작업시 허용된 갯수 이상의 소켓을 사용하는 문제로 인해 에러가 발생합니다.(HP-UX)	7.1.0.1.9	ko	Korean authoritative			include_exact	exact_markdown	5cae86c7d66946af0f463310fad1e737e5cea385cc2b9b5ab167e6372c87f048	11458	364	2188	S1-J002	S1-J002	Selected repository-local Markdown source from PatchNotes.
SRC-000317	repo	PatchNotes/Altibase_7.1/kor/Altibase_7_1_0_2_0_Patch_Notes.md	patch_note	patch_notes	BUG-46502  IPCDA PowerPC 안정성 개선	7.1.0.2.0	ko	Korean authoritative			include_exact	exact_markdown	bfda8a109225545f26654fbacafd164fff09f17ec4445291efe9eae3c1d7f49c	17181	445	3768	S1-J002	S1-J002	Selected repository-local Markdown source from PatchNotes.
SRC-000318	repo	PatchNotes/Altibase_7.1/kor/Altibase_7_1_0_2_1_Patch_Notes.md	patch_note	patch_notes	BUG-46702  with rollup 구문 지원	7.1.0.2.1	ko	Korean authoritative			include_exact	exact_markdown	a249fa1a4472bd058d5fb95ba9ffc16602380bb5d00e50d3d956252ecd60a36e	35693	1126	7413	S1-J002	S1-J002	Selected repository-local Markdown source from PatchNotes.
SRC-000319	repo	PatchNotes/Altibase_7.1/kor/Altibase_7_1_0_2_2_Patch_Notes.md	patch_note	patch_notes	BUG-46602  Replication GAP이 4G(unsigned int max) 이상 인경우 v$repgap에 REP_GAP 값이 부정확 할 수 있습니다.	7.1.0.2.2	ko	Korean authoritative			include_exact	exact_markdown	67c7a2227bdd2152d532678a9d28ee1d527d5551b7f37bcddbb3e9ae0d02b7f8	3173	93	639	S1-J002	S1-J002	Selected repository-local Markdown source from PatchNotes.
SRC-000320	repo	PatchNotes/Altibase_7.1/kor/Altibase_7_1_0_2_3_Patch_Notes.md	patch_note	patch_notes	BUG-46837  Replication이 Drop된 receiver 에 Sender가 접속을 시도하면 출력되는 에러메시지 개선	7.1.0.2.3	ko	Korean authoritative			include_exact	exact_markdown	5a0cd8f16e830130441b2d80f9ca5181be5d358be2adefdace02dfc7a604f102	21835	677	4343	S1-J002	S1-J002	Selected repository-local Markdown source from PatchNotes.
SRC-000321	repo	PatchNotes/Altibase_7.1/kor/Altibase_7_1_0_2_4_Patch_Notes.md	patch_note	patch_notes	BUG-46892  Mathematics 사용 메모리 제한 기능과 Mathematics Temp 사용 모니터링 기능 추가	7.1.0.2.4	ko	Korean authoritative			include_exact	exact_markdown	3d365e5a3d5b8283c29944c3d035331b9fc61a1479068d1c5fa1b5daefe4fc1f	11555	347	2349	S1-J002	S1-J002	Selected repository-local Markdown source from PatchNotes.
SRC-000322	repo	PatchNotes/Altibase_7.1/kor/Altibase_7_1_0_2_5_Patch_Notes.md	patch_note	patch_notes	BUG-46878  java version 9 이상을 사용할 경우 DBLink 시작 실패	7.1.0.2.5	ko	Korean authoritative			include_exact	exact_markdown	dde080e542f385773c2d83aad4b0887b24a024d344c11684ccc098384fcfaeeb	11933	369	2547	S1-J002	S1-J002	Selected repository-local Markdown source from PatchNotes.
SRC-000323	repo	PatchNotes/Altibase_7.1/kor/Altibase_7_1_0_2_6_Patch_Notes.md	patch_note	patch_notes	BUG-46824  APRE에 anonymous block을 지원해야 합니다.	7.1.0.2.6	ko	Korean authoritative			include_exact	exact_markdown	783826fa284b04ae59126efd0ecfd303dfc3732937d06f067d1c3b6d2b4078f8	27249	790	5535	S1-J002	S1-J002	Selected repository-local Markdown source from PatchNotes.
SRC-000324	repo	PatchNotes/Altibase_7.1/kor/Altibase_7_1_0_2_7_Patch_Notes.md	patch_note	patch_notes	BUG-47159  dbms_metadata 패키지를 aexport에 적용	7.1.0.2.7	ko	Korean authoritative			include_exact	exact_markdown	b6c4e546d6e269aa5c5be498b23993b3c6b7e204385eb69d28b25cc4b46f2a89	6251	173	1207	S1-J002	S1-J002	Selected repository-local Markdown source from PatchNotes.
SRC-000325	repo	PatchNotes/Altibase_7.1/kor/Altibase_7_1_0_2_8_Patch_Notes.md	patch_note	patch_notes	BUG-47149  Standby Server에서 conflict를 포함한 트랜잭션 abort가 발생한 순간, 사용자가 V$REPRECEIVER_TRANSTBL 를 조회하면 서버가 비정상 종료할 수 있습니다.	7.1.0.2.8	ko	Korean authoritative			include_exact	exact_markdown	ee3f69feecaeed531a76b533688deb7eeba558172e9479b0dae593606ba46045	12741	368	2618	S1-J002	S1-J002	Selected repository-local Markdown source from PatchNotes.
SRC-000326	repo	PatchNotes/Altibase_7.1/kor/Altibase_7_1_0_2_9_Patch_Notes.md	patch_note	patch_notes	BUG-47020  이중화에서 패킷 전송시 압축에 실패한 경우, 패킷 전송이 실패했음에도 성공한 것으로 처리됩니다.	7.1.0.2.9	ko	Korean authoritative			include_exact	exact_markdown	7073e86745a1d3c4bfc51b64f73e4c9c5a3e9930295aea4be672feb6846bd681	7124	184	1344	S1-J002	S1-J002	Selected repository-local Markdown source from PatchNotes.
SRC-000327	repo	PatchNotes/Altibase_7.1/kor/Altibase_7_1_0_3_0_Patch_Notes.md	patch_note	patch_notes	BUG-47347  DML로 인한 LOCK 상황에서 Partition Split이 가능하도록 개선합니다.	7.1.0.3.0	ko	Korean authoritative			include_exact	exact_markdown	c92774fc2ae264d46cdf65f9d77902d8e75ae9b338e5bf3c4ab4f115c3c0d6ba	23727	667	4898	S1-J002	S1-J002	Selected repository-local Markdown source from PatchNotes.
SRC-000328	repo	PatchNotes/Altibase_7.1/kor/Altibase_7_1_0_3_1_Patch_Notes.md	patch_note	patch_notes	BUG-47458  SQL Apply에서 Lob을 지원하도록 수정 합니다.	7.1.0.3.1	ko	Korean authoritative			include_exact	exact_markdown	b41260e04b54bd2b1381bd8f1ddfdb1e7b4112f8d50c5740c0bebc7775c49997	11519	309	2327	S1-J002	S1-J002	Selected repository-local Markdown source from PatchNotes.
SRC-000329	repo	PatchNotes/Altibase_7.1/kor/Altibase_7_1_0_3_2_Patch_Notes.md	patch_note	patch_notes	BUG-47388  TABLE LOCK 병목구간 개선	7.1.0.3.2	ko	Korean authoritative			include_exact	exact_markdown	480f2e2c70ce3c02436946fe60de48da9bb8151429366fdd9c8ddddf66711b61	16001	448	3561	S1-J002	S1-J002	Selected repository-local Markdown source from PatchNotes.
SRC-000330	repo	PatchNotes/Altibase_7.1/kor/Altibase_7_1_0_3_3_Patch_Notes.md	patch_note	patch_notes	BUG-47589  C/C++ Internal procedure 기능 지원	7.1.0.3.3	ko	Korean authoritative			include_exact	exact_markdown	154cdcb34011a345222be0be3a02c7acd58c07b10d95725a84f04f38c1084747	20521	467	4473	S1-J002	S1-J002	Selected repository-local Markdown source from PatchNotes.
SRC-000331	repo	PatchNotes/Altibase_7.1/kor/Altibase_7_1_0_3_4_Patch_Notes.md	patch_note	patch_notes	BUG-47608  iloader로 특정 샤드노드에 데이터를 in/out 하기 위한 옵션(-stmt_prefix)을 제공합니다.	7.1.0.3.4	ko	Korean authoritative			include_exact	exact_markdown	7152e33ba1790b011b0871e21ea41077991d7f5542e5e4888f97a82daf0abaec	9442	289	1934	S1-J002	S1-J002	Selected repository-local Markdown source from PatchNotes.
SRC-000332	repo	PatchNotes/Altibase_7.1/kor/Altibase_7_1_0_3_5_Patch_Notes.md	patch_note	patch_notes	BUG-47648  disk partition에서 사용되는 prepared memory 사용량 개선	7.1.0.3.5	ko	Korean authoritative			include_exact	exact_markdown	51e82a9ec28a371f2f2aa158fb0f2c937f056c496002fbbbdaea5f1164673a8c	7404	230	1520	S1-J002	S1-J002	Selected repository-local Markdown source from PatchNotes.
SRC-000333	repo	PatchNotes/Altibase_7.1/kor/Altibase_7_1_0_3_6_Patch_Notes.md	patch_note	patch_notes	BUG-47677  -extra_col_delimiter 옵션을 지원해야 합니다.	7.1.0.3.6	ko	Korean authoritative			include_exact	exact_markdown	758bc175c5670b045f7739faa6780f9bc3d0b7ab4d40062d65eb2f729db104a1	59775	1472	12899	S1-J002	S1-J002	Selected repository-local Markdown source from PatchNotes.
SRC-000334	repo	PatchNotes/Altibase_7.1/kor/Altibase_7_1_0_3_7_Patch_Notes.md	patch_note	patch_notes	BUG-47730  table drop시 drop된 테이블의 페이지가 반납되지않고 사용불가능 할 수 있다.	7.1.0.3.7	ko	Korean authoritative			include_exact	exact_markdown	1fc0baf099cb8120825110ee1e06a2de8d66a5c833ed4417961b33288faadaee	15912	365	3615	S1-J002	S1-J002	Selected repository-local Markdown source from PatchNotes.
SRC-000335	repo	PatchNotes/Altibase_7.1/kor/Altibase_7_1_0_3_8_Patch_Notes.md	patch_note	patch_notes	BUG-47681  core 갯수가 129개 이상인 장비에서 Disk 테이블의 dml 동시성 테스트 중, The tablespace does not have enough free space ( TBS Name :SYS_TBS_DISK_UNDO ). 오류가 발생합니다.	7.1.0.3.8	ko	Korean authoritative			include_exact	exact_markdown	a55e49ef7c9093b03cd2ad99a1e38e8b5e989f6010637b1f92ad6fb52a57ac41	20372	517	4596	S1-J002	S1-J002	Selected repository-local Markdown source from PatchNotes.
SRC-000336	repo	PatchNotes/Altibase_7.1/kor/Altibase_7_1_0_3_9_Patch_Notes.md	patch_note	patch_notes	BUG-47836  LEFT OUTER JOIN 시 복합 인덱스가 사용되고 OR 절 predicate시 사용될 경우 결과가 틀릴수 있습니다.	7.1.0.3.9	ko	Korean authoritative			include_exact	exact_markdown	88b31f6a759bceabf5caf052a7f1bd60e12134db064dbfc0913864896e301cfc	10815	242	2466	S1-J002	S1-J002	Selected repository-local Markdown source from PatchNotes.
SRC-000337	repo	PatchNotes/Altibase_7.1/kor/Altibase_7_1_0_4_0_Patch_Notes.md	patch_note	patch_notes	BUG-47805  SRID(Spatial Reference IDentifier) interface 지원	7.1.0.4.0	ko	Korean authoritative			include_exact	exact_markdown	a8dfa158fb5dfb29424b6bb376e566b6d5cc47db0bcb08eb189cd33065807809	60926	1492	13229	S1-J002	S1-J002	Selected repository-local Markdown source from PatchNotes.
SRC-000338	repo	PatchNotes/Altibase_7.1/kor/Altibase_7_1_0_4_1_Patch_Notes.md	patch_note	patch_notes	BUG-47931  ST_MakePolygon, ST_Polygon 함수 지원	7.1.0.4.1	ko	Korean authoritative			include_exact	exact_markdown	ecaf54cba06abeb17caa379487b83575f8f30846e46fc664f70c58d8407a7ed4	19134	489	4055	S1-J002	S1-J002	Selected repository-local Markdown source from PatchNotes.
SRC-000339	repo	PatchNotes/Altibase_7.1/kor/Altibase_7_1_0_4_2_Patch_Notes.md	patch_note	patch_notes	BUG-48014  ST_Collect 함수지원	7.1.0.4.2	ko	Korean authoritative			include_exact	exact_markdown	59b78218f352dc7b24f69f09e08fa08f3755f8752c041d6528f301a5e119c1ed	21080	590	4495	S1-J002	S1-J002	Selected repository-local Markdown source from PatchNotes.
SRC-000340	repo	PatchNotes/Altibase_7.1/kor/Altibase_7_1_0_4_3_Patch_Notes.md	patch_note	patch_notes	BUG-48038  ST_IsCollection 함수지원	7.1.0.4.3	ko	Korean authoritative			include_exact	exact_markdown	574e2464907894079947577f8d33e0e02a06abc4929a5fb44fcb9521d3e2397f	16018	395	3362	S1-J002	S1-J002	Selected repository-local Markdown source from PatchNotes.
SRC-000341	repo	PatchNotes/Altibase_7.1/kor/Altibase_7_1_0_4_4_Patch_Notes.md	patch_note	patch_notes	BUG-47652  iSQL, aexport, iLoader로 생성되는 파일에 대한 접근 권한 제어가 필요합니다	7.1.0.4.4	ko	Korean authoritative			include_exact	exact_markdown	a744eef19dbd72b3923f3d5c3e1d85f96f2dedb505308b01d3af860ae3c7e6c3	38704	798	8604	S1-J002	S1-J002	Selected repository-local Markdown source from PatchNotes.
SRC-000342	repo	PatchNotes/Altibase_7.1/kor/Altibase_7_1_0_4_5_Patch_Notes.md	patch_note	patch_notes	BUG-48134  altiComp에서 동일한 레코드(MOSO EQ)에 대해서도 로그 파일에 기록하는 기능이 필요합니다.	7.1.0.4.5	ko	Korean authoritative			include_exact	exact_markdown	52a75a6ccd88a4a406dd88ab4148bafa164d8e533bcd1cdc62a528dbe66a2e06	13805	377	2938	S1-J002	S1-J002	Selected repository-local Markdown source from PatchNotes.
SRC-000343	repo	PatchNotes/Altibase_7.1/kor/Altibase_7_1_0_4_6_Patch_Notes.md	patch_note	patch_notes	BUG-48161  bucket count max 조절하는 프로퍼티 추가	7.1.0.4.6	ko	Korean authoritative			include_exact	exact_markdown	b29d00c91a01e663015f8454bb9edf0c005b017c32fbb489e0bdb6ac6db331e2	8163	191	1741	S1-J002	S1-J002	Selected repository-local Markdown source from PatchNotes.
SRC-000344	repo	PatchNotes/Altibase_7.1/kor/Altibase_7_1_0_4_7_Patch_Notes.md	patch_note	patch_notes	BUG-48201  assert()가 AIX 7.2에서 동작하지 않습니다.	7.1.0.4.7	ko	Korean authoritative			include_exact	exact_markdown	9946198bd284ae5ac86e1554ad3237146f4dd98d9b35e78589e70c246499976b	7382	226	1504	S1-J002	S1-J002	Selected repository-local Markdown source from PatchNotes.
SRC-000345	repo	PatchNotes/Altibase_7.1/kor/Altibase_7_1_0_4_8_Patch_Notes.md	patch_note	patch_notes	BUG-46787 ACL(Access Control List)에 차단 설정된 IP 주소에서 접속 시도 시 altibase\_boot.log에 기록되는 에러 메시지에 IP 주소를 추가합니다.	7.1.0.4.8	ko	Korean authoritative			include_exact	exact_markdown	f4b43a469799c133d3b84fe0f95fe497d1baaed49482894ce3e19c32b69d6c38	29525	673	6376	S1-J002	S1-J002	Selected repository-local Markdown source from PatchNotes.
SRC-000346	repo	PatchNotes/Altibase_7.1/kor/Altibase_7_1_0_4_9_Patch_Notes.md	patch_note	patch_notes	BUG-47821 iloader에서 EWKB 형식을 지원합니다.	7.1.0.4.9	ko	Korean authoritative			include_exact	exact_markdown	fd58ed0b5eeeec3901f27b7b30b3156196bf4f05bbc4c22b11b5b4a4b5eb840b	31355	952	6660	S1-J002	S1-J002	Selected repository-local Markdown source from PatchNotes.
SRC-000347	repo	PatchNotes/Altibase_7.1/kor/Altibase_7_1_0_5_0_Patch_Notes.md	patch_note	patch_notes	BUG-48336 서브쿼리 Unnesting 대상 조건에서 제외하기 위한 기능을 추가합니다.	7.1.0.5.0	ko	Korean authoritative			include_exact	exact_markdown	630d9e2b002f68e4b67bfd5e258a5dc676ec91688ee6a9df9e0b7c20fbf800e1	20609	508	4491	S1-J002	S1-J002	Selected repository-local Markdown source from PatchNotes.
SRC-000348	repo	PatchNotes/Altibase_7.1/kor/Altibase_7_1_0_5_1_Patch_Notes.md	patch_note	patch_notes	BUG-48369 Disk temp table renewal	7.1.0.5.1	ko	Korean authoritative			include_exact	exact_markdown	9532180deb1840fb232931b7b22fb64cd88d0ff279fd60f76b73283acd2bb137	15251	394	2995	S1-J002	S1-J002	Selected repository-local Markdown source from PatchNotes.
SRC-000349	repo	PatchNotes/Altibase_7.1/kor/Altibase_7_1_0_5_2_Patch_Notes.md	patch_note	patch_notes	BUG-48380 newJDBC fetch 성능을 개선합니다.	7.1.0.5.2	ko	Korean authoritative			include_exact	exact_markdown	b55d31946eff73d3de065310737ffc4f9666bb938a70f303b368bac81766c767	10178	310	2079	S1-J002	S1-J002	Selected repository-local Markdown source from PatchNotes.
SRC-000350	repo	PatchNotes/Altibase_7.1/kor/Altibase_7_1_0_5_3_Patch_Notes.md	patch_note	patch_notes	BUG-48594 시노님(synonym)을 포함한 SQL 수행 시 SQL PLAN CACHE 로 인한 CPU 병목을 개선합니다.	7.1.0.5.3	ko	Korean authoritative			include_exact	exact_markdown	002feaf3b00e8edc36d8e23ad6a847641b7300ddc0008eb420aa28d6b54c0512	3492	95	668	S1-J002	S1-J002	Selected repository-local Markdown source from PatchNotes.
SRC-000351	repo	PatchNotes/Altibase_7.1/kor/Altibase_7_1_0_5_4_Patch_Notes.md	patch_note	patch_notes	BUG-48746 ALTER REPLICATION ~ SYNC 수행 시 altibase_rp_conflict.log 에 ERR-11089(errno=62) Invalid column size 에러가 발생하며 Altibase 서버가 비정상 종료합니다.	7.1.0.5.4	ko	Korean authoritative			include_exact	exact_markdown	99d91bc56ade9c2f07b22e4348a80f9f6a0204f8f7b285598858526f1aad7e2b	9868	302	2114	S1-J002	S1-J002	Selected repository-local Markdown source from PatchNotes.
SRC-000352	repo	PatchNotes/Altibase_7.1/kor/Altibase_7_1_0_5_5_Patch_Notes.md	patch_note	patch_notes	BUG-48436 잘못 작성된 WRAPPED 구문 사용 시 Altibase 서버가 비정상 종료할 수 있습니다.	7.1.0.5.5	ko	Korean authoritative			include_exact	exact_markdown	7f8361c250ac4b811bf02bd7f5044c95ed29c3506a6c0d80170283ae03629a32	11058	324	2308	S1-J002	S1-J002	Selected repository-local Markdown source from PatchNotes.
SRC-000353	repo	PatchNotes/Altibase_7.1/kor/Altibase_7_1_0_5_6_Patch_Notes.md	patch_note	patch_notes	BUG-48888 JDBC API Specification 4.2를 지원하는 JDBC 드라이버(Altibase42.jar)가 추가되었습니다.	7.1.0.5.6	ko	Korean authoritative			include_exact	exact_markdown	20e857b423cca3e4437dc9671b3e9f22a6c7e58698a8a026371b561dd333e7b0	18833	486	4065	S1-J002	S1-J002	Selected repository-local Markdown source from PatchNotes.
SRC-000354	repo	PatchNotes/Altibase_7.1/kor/Altibase_7_1_0_5_7_Patch_Notes.md	patch_note	patch_notes	BUG-48431 deferred prepare 사용 시 불필요한 통신 프로토콜을 최적화하여 성능을 개선하였습니다.	7.1.0.5.7	ko	Korean authoritative			include_exact	exact_markdown	00651bb286ad1f2a1aad1984cfe87443fb21c92aba00a031eb06f186c0d059c9	37215	923	7477	S1-J002	S1-J002	Selected repository-local Markdown source from PatchNotes.
SRC-000355	repo	PatchNotes/Altibase_7.1/kor/Altibase_7_1_0_5_8_Patch_Notes.md	patch_note	patch_notes	BUG-47815 쿼리 프로세싱(QP) 모듈 관련한 트레이스 로깅 레벨이 잘못 설정된 부분을 수정하고 작업 스케줄러 수행 관련 로깅 레벨을 추가합니다.	7.1.0.5.8	ko	Korean authoritative			include_exact	exact_markdown	18fcf8d7c03f674b5f4bf82b4ee42bf2acca000b65d9d8fa6c20bd5440e01c05	14831	331	3161	S1-J002	S1-J002	Selected repository-local Markdown source from PatchNotes.
SRC-000356	repo	PatchNotes/Altibase_7.1/kor/Altibase_7_1_0_5_9_Patch_Notes.md	patch_note	patch_notes	BUG-49102 파티션 키 2개 이상인 RANGE 파티션드 테이블에 SPLIT PARTITION 수행하고 DBMS Stats 프로시저 COPY\_TABLE\_STATS를 수행한 경우 간헐적으로 결과 오류가 발생할 수 있습니다.	7.1.0.5.9	ko	Korean authoritative			include_exact	exact_markdown	d3c8c5b13817095e33fdad8711d76759ad4572a42f5a952389b1cb2c03ac9fa6	18151	430	3713	S1-J002	S1-J002	Selected repository-local Markdown source from PatchNotes.
SRC-000357	repo	PatchNotes/Altibase_7.1/kor/Altibase_7_1_0_6_0_Patch_Notes.md	patch_note	patch_notes	Altibase 7.1.0.6.0 Patch Notes	7.1.0.6.0	ko	Korean authoritative			include_exact	exact_markdown	81837a0722e16cd60caefe15c30e6537930848aa2a79b81b047f1b1028887491	12037	324	2487	S1-J002	S1-J002	Selected repository-local Markdown source from PatchNotes.
SRC-000358	repo	PatchNotes/Altibase_7.1/kor/Altibase_7_1_0_6_1_Patch_Notes.md	patch_note	patch_notes	BUG-47830 LOB 데이터 타입 바인드 시 SQLBindParameter 함수에서 매개변수 type 에 입/출력 변수(SQL\_PARAM\_INPUT\_OUTPUT)를 사용한 경우 Altibase 서버가 비정상 종료합니다.	7.1.0.6.1	ko	Korean authoritative			include_exact	exact_markdown	d6b09cb0b7142d2306fdec9e565d06b0a4761042ee398f6755dc363c2f2664e8	30893	639	6618	S1-J002	S1-J002	Selected repository-local Markdown source from PatchNotes.
SRC-000359	repo	PatchNotes/Altibase_7.1/kor/Altibase_7_1_0_6_2_Patch_Notes.md	patch_note	patch_notes	BUG-49332 이중화 중 네트워크 패킷 변조로 xLog가 수정되었을 때 Altibase 서버 비정상 종료 발생 가능성을 방어합니다.	7.1.0.6.2	ko	Korean authoritative			include_exact	exact_markdown	c17e4f94abcc2af7f546b6f1811ff3a49cbf7e76b1bd74251bf157ead86309d6	13236	360	2620	S1-J002	S1-J002	Selected repository-local Markdown source from PatchNotes.
SRC-000360	repo	PatchNotes/Altibase_7.1/kor/Altibase_7_1_0_6_3_Patch_Notes.md	patch_note	patch_notes	BUG-49274 altiComp에 사용자가 커밋 카운트를 조정하는 프로퍼티를 추가합니다.	7.1.0.6.3	ko	Korean authoritative			include_exact	exact_markdown	fe86c128a619ea72afcf06243199eaa6bd55e5d03e45ddf16077182a770fcc82	11024	302	2224	S1-J002	S1-J002	Selected repository-local Markdown source from PatchNotes.
SRC-000361	repo	PatchNotes/Altibase_7.1/kor/Altibase_7_1_0_6_4_Patch_Notes.md	patch_note	patch_notes	BUG-49331 이중화 대상 테이블에 DDL문 수행 시 SYS\_REPL\_TABLE\_OID\_IN\_USE 메타 테이블 갱신 시 발생하는 경합으로 이중화 송신자(Sender)가 종료합니다.	7.1.0.6.4	ko	Korean authoritative			include_exact	exact_markdown	e9c88f07d364feae10c8dd054289ef3a5033ea9582f7168032b8397a9d2ec31b	14413	341	2806	S1-J002	S1-J002	Selected repository-local Markdown source from PatchNotes.
SRC-000362	repo	PatchNotes/Altibase_7.1/kor/Altibase_7_1_0_6_5_Patch_Notes.md	patch_note	patch_notes	Altibase 7.1.0.6.5 Patch Notes	7.1.0.6.5	ko	Korean authoritative			include_exact	exact_markdown	4a94138955b94946bd5c76bbbe43cdbc1af55d3d36a12e2f68f9ae280c23a66b	16709	420	3241	S1-J002	S1-J002	Selected repository-local Markdown source from PatchNotes.
SRC-000363	repo	PatchNotes/Altibase_7.1/kor/Altibase_7_1_0_6_6_Patch_Notes.md	patch_note	patch_notes	BUG-49039 비활성화한 인덱스가 있는 경우 V\$SEGMENT 조회 시 Altibase 서버가 비정상 종료합니다.	7.1.0.6.6	ko	Korean authoritative			include_exact	exact_markdown	52d071d2091305243c23f43c90a1dcc687fd4d87ad428ad25d5fea1abd303722	6536	178	1268	S1-J002	S1-J002	Selected repository-local Markdown source from PatchNotes.
SRC-000364	repo	PatchNotes/Altibase_7.1/kor/Altibase_7_1_0_6_7_Patch_Notes.md	patch_note	patch_notes	BUG-49384 REMOTE\_BIND\_VARIABLE 함수에서 널(NULL) 값 바인드 시 ERR-21017 : The argument is not applicable. 에러가 발생합니다.	7.1.0.6.7	ko	Korean authoritative			include_exact	exact_markdown	5a9b6e6e03e2bf5a5999d01c7229c46cb8444d33598f0346a393b9ca5158d4e3	8562	222	1660	S1-J002	S1-J002	Selected repository-local Markdown source from PatchNotes.
SRC-000365	repo	PatchNotes/Altibase_7.1/kor/Altibase_7_1_0_6_8_Patch_Notes.md	patch_note	patch_notes	Altibase 7.1.0.6.8 Patch Notes	7.1.0.6.8	ko	Korean authoritative			include_exact	exact_markdown	67ae6a6330114b9c8bb07717d2e7b6f19e33eb20d49313eda22492207a624aca	26872	593	5292	S1-J002	S1-J002	Selected repository-local Markdown source from PatchNotes.
SRC-000366	repo	PatchNotes/Altibase_7.1/kor/Altibase_7_1_0_6_9_Patch_Notes.md	patch_note	patch_notes	Table of Contents	7.1.0.6.9	ko	Korean authoritative			include_exact	exact_markdown	ade219d8024f2e07b2b1b7946c2f44e9a924b941404e27e62fa4b1806c8add86	20421	457	3940	S1-J002	S1-J002	Selected repository-local Markdown source from PatchNotes.
SRC-000367	repo	PatchNotes/Altibase_7.1/kor/Altibase_7_1_0_7_0_Patch_Notes.md	patch_note	patch_notes	Table of Contents	7.1.0.7.0	ko	Korean authoritative			include_exact	exact_markdown	1851b8a268899a7f14a3d3ffc51eb048d824ddc5343804140254134f4086757b	14347	334	2964	S1-J002	S1-J002	Selected repository-local Markdown source from PatchNotes.
SRC-000368	repo	PatchNotes/Altibase_7.1/kor/Altibase_7_1_0_7_1_Patch_Notes.md	patch_note	patch_notes	Table of Contents	7.1.0.7.1	ko	Korean authoritative			include_exact	exact_markdown	58fc4d7fd53ce75aaa45ee2c15f0b1eb3ca197b91fff8b3ec5e4168117145249	7983	227	1619	S1-J002	S1-J002	Selected repository-local Markdown source from PatchNotes.
SRC-000369	repo	PatchNotes/Altibase_7.1/kor/Altibase_7_1_0_7_2_Patch_Notes.md	patch_note	patch_notes	**Table of Contents**	7.1.0.7.2	ko	Korean authoritative			include_exact	exact_markdown	66e78e04137e9a1c7912b21ba790fef8d5427d9ca4e21bc9391bcf896d1d7323	40797	974	8272	S1-J002	S1-J002	Selected repository-local Markdown source from PatchNotes.
SRC-000370	repo	PatchNotes/Altibase_7.1/kor/Altibase_7_1_0_7_3_Patch_Notes.md	patch_note	patch_notes	Altibase 7.1.0.7.3 Patch Notes	7.1.0.7.3	ko	Korean authoritative			include_exact	exact_markdown	6f09aa741b2691fe0f440716a5d1ca2f6b6e1e9f6acf3d0cb5971abc28ee5551	27334	513	5618	S1-J002	S1-J002	Selected repository-local Markdown source from PatchNotes.
SRC-000371	repo	PatchNotes/Altibase_7.1/kor/Altibase_7_1_0_7_4_Patch_Notes.md	patch_note	patch_notes	Altibase 7.1.0.7.4 Patch Notes	7.1.0.7.4	ko	Korean authoritative			include_exact	exact_markdown	948b9f80affebbeb22db8ccfb0b6469347c678cdd95c8efca872ebb0cfdeeb16	9049	232	1729	S1-J002	S1-J002	Selected repository-local Markdown source from PatchNotes.
SRC-000372	repo	PatchNotes/Altibase_7.1/kor/Altibase_7_1_0_7_5_Patch_Notes.md	patch_note	patch_notes	Altibase 7.1.0.7.5 Patch Notes	7.1.0.7.5	ko	Korean authoritative			include_exact	exact_markdown	e6bbd1335515da632a195129bdfab5ea704140e18c6ad5eafff9bf46ac6aba5d	26461	607	5462	S1-J002	S1-J002	Selected repository-local Markdown source from PatchNotes.
SRC-000373	repo	PatchNotes/Altibase_7.1/kor/Altibase_7_1_0_7_6_Patch_Notes.md	patch_note	patch_notes	Altibase 7.1.0.7.6 Patch Notes	7.1.0.7.6	ko	Korean authoritative			include_exact	exact_markdown	5e59d5078ac950095ea171bb14902845552d14cec9fbe4e33762245613cc673d	28276	641	5780	S1-J002	S1-J002	Selected repository-local Markdown source from PatchNotes.
SRC-000374	repo	PatchNotes/Altibase_7.1/kor/Altibase_7_1_0_7_7_Patch_Notes.md	patch_note	patch_notes	Table of Contents	7.1.0.7.7	ko	Korean authoritative			include_exact	exact_markdown	2ed8c232e1f169104f063b41d0cda2681a2c8946306e00e9369400a99d1c7000	11826	289	2354	S1-J002	S1-J002	Selected repository-local Markdown source from PatchNotes.
SRC-000375	repo	PatchNotes/Altibase_7.1/kor/Altibase_7_1_0_7_8_Patch_Notes.md	patch_note	patch_notes	Altibase 7.1.0.7.8 Patch Notes	7.1.0.7.8	ko	Korean authoritative			include_exact	exact_markdown	2aaa7fb58841496c20dbc8d347b71db792fe37eb3610949d8f925f40b2da2f18	18275	444	3684	S1-J002	S1-J002	Selected repository-local Markdown source from PatchNotes.
SRC-000376	repo	PatchNotes/Altibase_7.1/kor/Altibase_7_1_0_7_9_Patch_Notes.md	patch_note	patch_notes	Altibase 7.1.0.7.9 Patch Notes	7.1.0.7.9	ko	Korean authoritative			include_exact	exact_markdown	18fc05b80bfe32d3aee51dc40564abad6b4a8e232dec538cc9cbc367ff749593	28170	808	5348	S1-J002	S1-J002	Selected repository-local Markdown source from PatchNotes.
SRC-000377	repo	PatchNotes/Altibase_7.1/kor/Altibase_7_1_0_8_0_Patch_Notes.md	patch_note	patch_notes	Table Of Contents	7.1.0.8.0	ko	Korean authoritative			include_exact	exact_markdown	2dff765938214ef46fcbb4885bad62bfc6a441648de5f5f91bf640b4ecf87b10	33955	1011	6670	S1-J002	S1-J002	Selected repository-local Markdown source from PatchNotes.
SRC-000378	repo	PatchNotes/Altibase_7.1/kor/Altibase_7_1_0_8_1_Patch_Notes.md	patch_note	patch_notes	Altibase 7.1.0.8.1 Patch Notes	7.1.0.8.1	ko	Korean authoritative			include_exact	exact_markdown	1813830c1fd7f5404f6bcf3142404914c36ba0137b03fd21732f27b124e9ec43	18190	547	3713	S1-J002	S1-J002	Selected repository-local Markdown source from PatchNotes.
SRC-000379	repo	PatchNotes/Altibase_7.1/kor/Altibase_7_1_0_8_2_Patch_Notes.md	patch_note	patch_notes	Altibase 7.1.0.8.2 Patch Notes	7.1.0.8.2	ko	Korean authoritative			include_exact	exact_markdown	fac1900fa44d876f3341a0759a9f4e1f6ff46c80b43a3782731c4f1f9ddf7c2d	38630	1350	7731	S1-J002	S1-J002	Selected repository-local Markdown source from PatchNotes.
SRC-000380	repo	PatchNotes/Altibase_7.1/kor/Altibase_7_1_0_8_3_Patch_Notes.md	patch_note	patch_notes	Altibase 7.1.0.8.3 Patch Notes	7.1.0.8.3	ko	Korean authoritative			include_exact	exact_markdown	fd7375d236968b7f22b83178b8c3844da958351b4c1854ece4304f8b0d35925d	37161	1173	7289	S1-J002	S1-J002	Selected repository-local Markdown source from PatchNotes.
SRC-000381	repo	PatchNotes/Altibase_7.1/kor/Altibase_7_1_0_8_4_Patch_Notes.md	patch_note	patch_notes	Altibase 7.1.0.8.4 Patch Notes	7.1.0.8.4	ko	Korean authoritative			include_exact	exact_markdown	5d266d96fe4180787e389b0ce8282ecc87736376fcf8933f32bc4ef615d25f67	24888	602	4873	S1-J002	S1-J002	Selected repository-local Markdown source from PatchNotes.
SRC-000382	repo	PatchNotes/Altibase_7.1/kor/Altibase_7_1_0_8_5_Patch_Notes.md	patch_note	patch_notes	Altibase 7.1.0.8.5 Patch Notes	7.1.0.8.5	ko	Korean authoritative			include_exact	exact_markdown	3fd4bf23ba664b4f4d1bca7c602c71c91a630ffd72853fb0beb6f96da254225f	23999	607	4948	S1-J002	S1-J002	Selected repository-local Markdown source from PatchNotes.
SRC-000383	repo	PatchNotes/Altibase_7.1/kor/Altibase_7_1_0_8_6_Patch_Notes.md	patch_note	patch_notes	Altibase 7.1.0.8.6 Patch Notes	7.1.0.8.6	ko	Korean authoritative			include_exact	exact_markdown	585f1531b6d34b9d7114aeb29143ab5f994c08315ea9ebb576f318f84923acb8	23732	558	4562	S1-J002	S1-J002	Selected repository-local Markdown source from PatchNotes.
SRC-000384	repo	PatchNotes/Altibase_7.1/kor/Altibase_7_1_0_8_7_Patch_Notes.md	patch_note	patch_notes	Altibase 7.1.0.8.7 Patch Notes	7.1.0.8.7	ko	Korean authoritative			include_exact	exact_markdown	0af7b21d1a557af1b85117afac9bc61ecd8ae2501dd2ba4e0d1f628f025941d9	16108	388	3075	S1-J002	S1-J002	Selected repository-local Markdown source from PatchNotes.
SRC-000385	repo	PatchNotes/Altibase_7.1/kor/Altibase_7_1_0_8_8_Patch_Notes.md	patch_note	patch_notes	Altibase 7.1.0.8.8 Patch Notes	7.1.0.8.8	ko	Korean authoritative			include_exact	exact_markdown	a96b9bc12a8c39bc2e260dc9231a480ff9fa501fee73e93a55a1f8c58207ded2	15411	437	3033	S1-J002	S1-J002	Selected repository-local Markdown source from PatchNotes.
SRC-000386	repo	PatchNotes/Altibase_7.1/kor/Altibase_7_1_0_8_9_Patch_Notes.md	patch_note	patch_notes	Altibase 7.1.0.8.9 Patch Notes	7.1.0.8.9	ko	Korean authoritative			include_exact	exact_markdown	46f701455c83946fdb51516d0129503dc1a6a52708e6398aaf3e0fffa4a4a9f2	12103	351	2338	S1-J002	S1-J002	Selected repository-local Markdown source from PatchNotes.
SRC-000387	repo	PatchNotes/Altibase_7.1/kor/Altibase_7_1_0_9_0_Patch_Notes.md	patch_note	patch_notes	Altibase 7.1.0.9.0 Patch Notes	7.1.0.9.0	ko	Korean authoritative			include_exact	exact_markdown	ae918474a67e0442001a554b991c1305bb8f2ed58eea3cfc3945ed174c771c63	40383	1201	7826	S1-J002	S1-J002	Selected repository-local Markdown source from PatchNotes.
SRC-000388	repo	PatchNotes/Altibase_7.1/kor/Altibase_7_1_0_9_1_Patch_Notes.md	patch_note	patch_notes	Altibase 7.1.0.9.1 Patch Notes	7.1.0.9.1	ko	Korean authoritative			include_exact	exact_markdown	a22323c190adadd03a23a08b6573decb7a5479d518daccff30c3ae0e697c8ca7	7174	219	1429	S1-J002	S1-J002	Selected repository-local Markdown source from PatchNotes.
SRC-000389	repo	PatchNotes/Altibase_7.1/kor/Altibase_7_1_0_9_2_Patch_Notes.md	patch_note	patch_notes	Altibase 7.1.0.9.2 Patch Notes	7.1.0.9.2	ko	Korean authoritative			include_exact	exact_markdown	eee233c435fbc914f68748088c3630bc03b458a82ca27e487563142861bf79c0	11738	361	2120	S1-J002	S1-J002	Selected repository-local Markdown source from PatchNotes.
SRC-000390	repo	PatchNotes/Altibase_7.1/kor/Altibase_7_1_0_9_3_Patch_Notes.md	patch_note	patch_notes	Altibase 7.1.0.9.3 Patch Notes	7.1.0.9.3	ko	Korean authoritative			include_exact	exact_markdown	ec70fe680d8a05cff573aa9012d05d5714741a745ce4cd1a3c50ba5b0e831308	17458	585	3376	S1-J002	S1-J002	Selected repository-local Markdown source from PatchNotes.
SRC-000391	repo	PatchNotes/Altibase_7.1/kor/Altibase_7_1_0_9_4_Patch_Notes.md	patch_note	patch_notes	Altibase 7.1.0.9.4 Patch Notes	7.1.0.9.4	ko	Korean authoritative			include_exact	exact_markdown	b4503f18509dc0db25b223d5fcc1e06696cab2e23f00086db2146bf6b1fd55a0	10290	295	1969	S1-J002	S1-J002	Selected repository-local Markdown source from PatchNotes.
SRC-000392	repo	PatchNotes/Altibase_7.1/kor/Altibase_7_1_0_9_5_Patch_Notes.md	patch_note	patch_notes	Altibase 7.1.0.9.5 Patch Notes	7.1.0.9.5	ko	Korean authoritative			include_exact	exact_markdown	1d1a8ddb1ab958fa100800f7acbedabe02275c246aab45a9ec3e620519945cdc	13532	454	2687	S1-J002	S1-J002	Selected repository-local Markdown source from PatchNotes.
SRC-000393	repo	PatchNotes/Altibase_7.1/kor/Altibase_7_1_0_9_6_Patch_Notes.md	patch_note	patch_notes	Altibase 7.1.0.9.6 Patch Notes	7.1.0.9.6	ko	Korean authoritative			include_exact	exact_markdown	e7e4c2e9dd46af20a723e90aea90a5e7ccb23d837c5b1dbcad7c23c172fa2b0f	12270	332	2247	S1-J002	S1-J002	Selected repository-local Markdown source from PatchNotes.
SRC-000394	repo	PatchNotes/Altibase_7.1/kor/Altibase_7_1_0_9_7_Patch_Notes.md	patch_note	patch_notes	Table of Contents	7.1.0.9.7	ko	Korean authoritative			include_exact	exact_markdown	d8eb93e161c48b8c5ec16672c18b4b188dd06b96be2297518689fdf46c975b00	34865	1019	7187	S1-J002	S1-J002	Selected repository-local Markdown source from PatchNotes.
SRC-000395	repo	PatchNotes/Altibase_7.1/kor/Altibase_7_1_0_9_8_Patch_Notes.md	patch_note	patch_notes	Table of Contents	7.1.0.9.8	ko	Korean authoritative			include_exact	exact_markdown	3a1d5cc4f7f988b64779b804e618877bfd90dc21431653c4e54fff9a706f3f2b	11399	371	2312	S1-J002	S1-J002	Selected repository-local Markdown source from PatchNotes.
SRC-000396	repo	PatchNotes/Altibase_7.1/kor/Altibase_7_1_0_9_9_Patch_Notes.md	patch_note	patch_notes	BUG-47423<a name=bug-47423></a> APRE에서 RETURNING INTO 절을 지원하도록 개선하였습니다.	7.1.0.9.9	ko	Korean authoritative			include_exact	exact_markdown	40099681f1a6e6789217575f4df817af3b119bff7f8d6f0e4fc632d8f85cdcaf	7609	275	1499	S1-J002	S1-J002	Selected repository-local Markdown source from PatchNotes.
SRC-000397	repo	PatchNotes/Altibase_7.3/Altibase_7_3_Version_Histories.md	patch_note	patch_notes	Altibase 7.3 Version Histories	7.3	mixed	Repository source evidence			include_exact	exact_markdown	b0f44fc7ea163b2f13e9238dd2b451429f0a856435c76a002b652cfadaa2b1b0	892	11	223	S1-J002	S1-J002	Selected repository-local Markdown source from PatchNotes.
SRC-000398	repo	PatchNotes/Altibase_7.3/README.md	patch_note	patch_notes	Altibase 7.3 Patch Notes - Korean	7.3	mixed	Repository source evidence			include_exact	exact_markdown	b241a727dc8a2685a0a7bd493f70ec56d78e669cb70f28ef74527426f4e059e4	5565	39	1392	S1-J002	S1-J002	Selected repository-local Markdown source from PatchNotes.
SRC-000399	repo	PatchNotes/Altibase_7.3/eng/Altibase_7_3_0_1_3_Patch_Notes.md	patch_note	patch_notes	Altibase 7.3.0.1.3 Patch Notes	7.3.0.1.3	en	English extraction aid			include_exact	exact_markdown	cfad43ca1014bdd2b65a0695e421e88acc97c7b3b2c7e294d6c4a2a63be67602	11905	301	2940	S1-J002	S1-J002	Selected repository-local Markdown source from PatchNotes.
SRC-000400	repo	PatchNotes/Altibase_7.3/eng/Altibase_7_3_0_1_7_Patch_Notes.md	patch_note	patch_notes	New Features	7.3.0.1.7	en	English extraction aid			include_exact	exact_markdown	ecf13c94ef9b3e1f6a70a755e4593d0a0a65b3cbec24fd61110c1e3a97cfd9f0	4358	99	1083	S1-J002	S1-J002	Selected repository-local Markdown source from PatchNotes.
SRC-000401	repo	PatchNotes/Altibase_7.3/eng/Altibase_7_3_0_1_8_Patch_Notes.md	patch_note	patch_notes	BUG-52188<a name=bug-52188></a> Improved stability of diagnostic dump information collection on server crash	7.3.0.1.8	en	English extraction aid			include_exact	exact_markdown	7143be978ec7d79a47e9ef2cca79585d06d3782a5a9f8cb87a67ab643c314c39	6161	158	1537	S1-J002	S1-J002	Selected repository-local Markdown source from PatchNotes.
SRC-000402	repo	PatchNotes/Altibase_7.3/eng/Altibase_7_3_0_1_9_Patch_Notes.md	patch_note	patch_notes	BUG-52215<a name=bug-52215></a> Added functionality to specify the abm log (abm.log) path	7.3.0.1.9	en	English extraction aid			include_exact	exact_markdown	eeda289f817ef845814465d2a83cc8b195de74c7ac869c310cf914d19e9f1e2d	9117	214	2234	S1-J002	S1-J002	Selected repository-local Markdown source from PatchNotes.
SRC-000403	repo	PatchNotes/Altibase_7.3/eng/Altibase_7_3_0_2_0_Patch_Notes.md	patch_note	patch_notes	BUG-52233<a name=bug-52233></a> Add GZIP_COMP_LEVEL property for gzip compression level configuration	7.3.0.2.0	en	English extraction aid			include_exact	exact_markdown	01bd1b8c972f49e5c9610310c7dd53f96504ee23ff77b09ded2762ac8a62f559	5705	126	1425	S1-J002	S1-J002	Selected repository-local Markdown source from PatchNotes.
SRC-000404	repo	PatchNotes/Altibase_7.3/eng/README.md	patch_note	patch_notes	Altibase 7.3 Patch Notes - English	7.3	en	English extraction aid			include_exact	exact_markdown	790fe714bb136984e27d6b9d6dd3c61366dafc9836d02307b9d549cd194be655	1492	11	373	S1-J002	S1-J002	Selected repository-local Markdown source from PatchNotes.
SRC-000405	repo	PatchNotes/Altibase_7.3/kor/Altibase_7_3_0_0_2_Patch_Notes.md	patch_note	patch_notes	Altibase 7.3.0.0.2 Patch Notes	7.3.0.0.2	ko	Korean authoritative			include_exact	exact_markdown	7ce460dbcd09449dd8dab01d911ec11f84075cb5f5df95f43e5df6d03ed5b3bd	34327	1089	6909	S1-J002	S1-J002	Selected repository-local Markdown source from PatchNotes.
SRC-000406	repo	PatchNotes/Altibase_7.3/kor/Altibase_7_3_0_0_3_Patch_Notes.md	patch_note	patch_notes	Altibase 7.3.0.0.3 Patch Notes	7.3.0.0.3	ko	Korean authoritative			include_exact	exact_markdown	4b395b3344681f5d48b57bbf99c60bcb415e7037eff55a888ce897bc9e67e97b	16713	535	3203	S1-J002	S1-J002	Selected repository-local Markdown source from PatchNotes.
SRC-000407	repo	PatchNotes/Altibase_7.3/kor/Altibase_7_3_0_0_4_Patch_Notes.md	patch_note	patch_notes	Altibase 7.3.0.0.4 Patch Notes	7.3.0.0.4	ko	Korean authoritative			include_exact	exact_markdown	0d1c9378e157cf40309f15d3bf18653e2d6878827030a59195b9ce28e91b2b24	12418	413	2334	S1-J002	S1-J002	Selected repository-local Markdown source from PatchNotes.
SRC-000408	repo	PatchNotes/Altibase_7.3/kor/Altibase_7_3_0_0_5_Patch_Notes.md	patch_note	patch_notes	Altibase 7.3.0.0.5 Patch Notes	7.3.0.0.5	ko	Korean authoritative			include_exact	exact_markdown	5d07d5d717b4c8698a9b4acd407da75b56f19b597e5f194c33a80cdce35c45ed	24367	820	4651	S1-J002	S1-J002	Selected repository-local Markdown source from PatchNotes.
SRC-000409	repo	PatchNotes/Altibase_7.3/kor/Altibase_7_3_0_0_6_Patch_Notes.md	patch_note	patch_notes	Altibase 7.3.0.0.6 Patch Notes	7.3.0.0.6	ko	Korean authoritative			include_exact	exact_markdown	aa3f7cf08c42afe2676a74096454062fe73ba7ae6979d9b937a1dd23b4621a4b	9719	261	1798	S1-J002	S1-J002	Selected repository-local Markdown source from PatchNotes.
SRC-000410	repo	PatchNotes/Altibase_7.3/kor/Altibase_7_3_0_0_7_Patch_Notes.md	patch_note	patch_notes	Altibase 7.3.0.0.7 Patch Notes	7.3.0.0.7	ko	Korean authoritative			include_exact	exact_markdown	66999e4e20d549793f6c64c1a0716b6308b6a5a0f32d5fb6343253188356ae2a	58562	1746	11424	S1-J002	S1-J002	Selected repository-local Markdown source from PatchNotes.
SRC-000411	repo	PatchNotes/Altibase_7.3/kor/Altibase_7_3_0_0_8_Patch_Notes.md	patch_note	patch_notes	BUG-48885<a name=bug-48885></a> 통계 잠금 기능(LOCK_TABLE_STATS) 추가	7.3.0.0.8	ko	Korean authoritative			include_exact	exact_markdown	1745b57fce0d2afc15ec368c2a159c902da25f3245f91dbc41f125567c90406e	6394	179	1153	S1-J002	S1-J002	Selected repository-local Markdown source from PatchNotes.
SRC-000412	repo	PatchNotes/Altibase_7.3/kor/Altibase_7_3_0_0_9_Patch_Notes.md	patch_note	patch_notes	Altibase 7.3.0.0.9 Patch Notes	7.3.0.0.9	ko	Korean authoritative			include_exact	exact_markdown	6bb3f81fe3d1b0836fdce9b07ad24765706c9bdca2da95297dbd6e452169fac4	27778	874	5053	S1-J002	S1-J002	Selected repository-local Markdown source from PatchNotes.
SRC-000413	repo	PatchNotes/Altibase_7.3/kor/Altibase_7_3_0_1_0_Patch_Notes.md	patch_note	patch_notes	BUG-51170<a name=bug-51170></a> SM 모듈의 condition wait 의 Spurious wakeup 대응	7.3.0.1.0	ko	Korean authoritative			include_exact	exact_markdown	9d634e57c8a59f4d9891b5e35811b83419c2a998a7d7dd11fa17289ba11f79ad	10753	344	1959	S1-J002	S1-J002	Selected repository-local Markdown source from PatchNotes.
SRC-000414	repo	PatchNotes/Altibase_7.3/kor/Altibase_7_3_0_1_1_Patch_Notes.md	patch_note	patch_notes	Altibase 7.3.0.1.1 Patch Notes	7.3.0.1.1	ko	Korean authoritative			include_exact	exact_markdown	d10dbe1c2d0d08a78493b86832580d727302f83ea8fcdeca601d5c4259a1c10f	15650	537	2890	S1-J002	S1-J002	Selected repository-local Markdown source from PatchNotes.
SRC-000415	repo	PatchNotes/Altibase_7.3/kor/Altibase_7_3_0_1_2_Patch_Notes.md	patch_note	patch_notes	BUG-49872<a name=bug-49872></a> 메모리 DB의 구동시 페이지 캐시 개선	7.3.0.1.2	ko	Korean authoritative			include_exact	exact_markdown	9fe8acf1349a1c29e0a0f755e25a9d99edefa80254a3296b8c5c3cf3ebdec1e8	26712	902	5012	S1-J002	S1-J002	Selected repository-local Markdown source from PatchNotes.
SRC-000416	repo	PatchNotes/Altibase_7.3/kor/Altibase_7_3_0_1_3_Patch_Notes.md	patch_note	patch_notes	Altibase 7.3.0.1.3 Patch Notes	7.3.0.1.3	ko	Korean authoritative			include_exact	exact_markdown	92ff155d4828e1f84145b1fd1fd450b46e9c4fc5f4f49969b56d3dbce2717601	15114	466	2866	S1-J002	S1-J002	Selected repository-local Markdown source from PatchNotes.
SRC-000417	repo	PatchNotes/Altibase_7.3/kor/Altibase_7_3_0_1_4_Patch_Notes.md	patch_note	patch_notes	BUG-51881<a name=bug-51881></a> 태국어 캐릭터셋 지원	7.3.0.1.4	ko	Korean authoritative			include_exact	exact_markdown	f5a64094539326695a5097b8c9b681bea53484c028121ae270f5f812da765271	9474	313	1713	S1-J002	S1-J002	Selected repository-local Markdown source from PatchNotes.
SRC-000418	repo	PatchNotes/Altibase_7.3/kor/Altibase_7_3_0_1_5_Patch_Notes.md	patch_note	patch_notes	BUG-51873<a name=bug-51873></a> Altibase Connector for Kafka에 자동 재시작 기능이 추가되었습니다.	7.3.0.1.5	ko	Korean authoritative			include_exact	exact_markdown	2097d6886423f73afbfb3886b03d0dd9290757ff7e8f8d68a9252aae1e43afdf	11706	341	2227	S1-J002	S1-J002	Selected repository-local Markdown source from PatchNotes.
SRC-000419	repo	PatchNotes/Altibase_7.3/kor/Altibase_7_3_0_1_6_Patch_Notes.md	patch_note	patch_notes	BUG-51652<a name=bug-51652></a> 사용자 암호 입력 대신 암호화된 암호 파일로 로그인이 가능해야 합니다.	7.3.0.1.6	ko	Korean authoritative			include_exact	exact_markdown	2d940981028fb4ffdad6b60a090e1355644ee0eb4583ec535f3ebd563f30b56f	10930	361	1946	S1-J002	S1-J002	Selected repository-local Markdown source from PatchNotes.
SRC-000420	repo	PatchNotes/Altibase_7.3/kor/Altibase_7_3_0_1_7_Patch_Notes.md	patch_note	patch_notes	New Features	7.3.0.1.7	ko	Korean authoritative			include_exact	exact_markdown	06c6378dd535cf8fd8d835a2e84557c1c0ea829ed562690ae0340abfba4f3b1c	5907	197	1083	S1-J002	S1-J002	Selected repository-local Markdown source from PatchNotes.
SRC-000421	repo	PatchNotes/Altibase_7.3/kor/Altibase_7_3_0_1_8_Patch_Notes.md	patch_note	patch_notes	BUG-52188<a name=bug-52188></a> 비정상 종료 시 진단 덤프 정보 수집 안정성 개선	7.3.0.1.8	ko	Korean authoritative			include_exact	exact_markdown	cc5e22ecfa3d542e37b4e41de30b6e47b063e77a89a4dd7dae007639e5c36661	8613	284	1501	S1-J002	S1-J002	Selected repository-local Markdown source from PatchNotes.
SRC-000422	repo	PatchNotes/Altibase_7.3/kor/Altibase_7_3_0_1_9_Patch_Notes.md	patch_note	patch_notes	BUG-52215<a name=bug-52215></a> abm 로그(abm.log) 경로 지정 기능 추가	7.3.0.1.9	ko	Korean authoritative			include_exact	exact_markdown	d155e9c81475cc4160ee297f80b0c3767bac899e50591addffd0eafcdfbcc39e	11657	357	2105	S1-J002	S1-J002	Selected repository-local Markdown source from PatchNotes.
SRC-000423	repo	PatchNotes/Altibase_7.3/kor/Altibase_7_3_0_2_0_Patch_Notes.md	patch_note	patch_notes	BUG-52233<a name=bug-52233></a> abm에서 gzip 압축 레벨 설정 기능 추가	7.3.0.2.0	ko	Korean authoritative			include_exact	exact_markdown	09213c6fc01ccdc0f99efaf887ca0b720ec2c735dd34e99b68ca07b09225451d	8160	282	1493	S1-J002	S1-J002	Selected repository-local Markdown source from PatchNotes.
SRC-000424	repo	ReleaseNotes/Altibase 7.1/README.md	release_note	release_notes_platform	Altibase 7.1 Release Notes	7.1	mixed	Repository source evidence			include_exact	exact_markdown	dfea0a9f384314e8bc5fef73f283f51fc3eae7e9b99e2dc58fd25b91d5f71ecc	1503	16	376	S1-J002	S1-J002	Selected repository-local Markdown source from ReleaseNotes.
SRC-000425	repo	ReleaseNotes/Altibase 7.3/README.md	release_note	release_notes_platform	Altibase 7.3 Release Notes	7.3	mixed	Repository source evidence			include_exact	exact_markdown	eff09775b31cdf241d9730d948c7df6ac7404c6ad633185fa50a1837dfc1137a	1619	16	405	S1-J002	S1-J002	Selected repository-local Markdown source from ReleaseNotes.
SRC-000426	repo	ReleaseNotes/Altibase 8.1/README.md	release_note	release_notes_platform	Altibase 8.1 Release Notes	8.1_verified	mixed	Altibase 8.1 verified source index			include_exact	exact_markdown	fcbe33be59bc7445f09d677f1038d428f37c5f46dbd2c3f2f9636de53da67f98	1619	16	405	S1-J002	S1-J002	Selected repository-local Markdown source from ReleaseNotes.
SRC-000427	repo	ReleaseNotes/eng/Altibase_7_1_0_1_2_Release_Notes.md	release_note	release_notes_platform	Altibase 7.1.0.1.2 Release Notes	7.1.0.1.2	en	English extraction aid			include_exact	exact_markdown	4716e33f03d77bd6dd9751dbb61dea0c89c47277ef35e12a6cdf6cf09014544b	36723	905	9181	S1-J002	S1-J002	Selected repository-local Markdown source from ReleaseNotes.
SRC-000428	repo	ReleaseNotes/eng/Altibase_7_3_0_0_1_Release_Notes.md	release_note	release_notes_platform	1. System Requirements	7.3.0.0.1	en	English extraction aid			include_exact	exact_markdown	472b5f84bb30dd234c09cecdff25097d263517c0f4b7b3fdcf8ebc41438f7084	49752	857	12433	S1-J002	S1-J002	Selected repository-local Markdown source from ReleaseNotes.
SRC-000429	repo	ReleaseNotes/eng/Altibase_8_1_0_0_1_Release_Notes.md	release_note	release_notes_platform	1. System Requirements	8.1.0.0.1	en	English extraction aid; Altibase 8.1 verified source			include_exact	exact_markdown	26afa5b740af3155b9787103fafc81c0d363f333c08c013bdc5b27ea7104dde7	17895	398	4459	S1-J002	S1-J002	Selected repository-local Markdown source from ReleaseNotes.
SRC-000430	repo	ReleaseNotes/eng/Altibase_Migration_Center_7_10_Release_Notes.md	release_note	migration_oracle	Altibase Migration Center 7.10 Release Notes	Migration Center 7.10	en	English extraction aid			include_exact	exact_markdown	b8875660e76913d54dbdd1a25deca9ad18cbcb600c131fdb7a6fe6320cdda515	7689	155	1923	S1-J002	S1-J002	Selected repository-local Markdown source from ReleaseNotes.
SRC-000431	repo	ReleaseNotes/eng/Altibase_Migration_Center_7_11_Release_Notes.md	release_note	migration_oracle	Altibase Migration Center 7.11 Release Notes	Migration Center 7.11	en	English extraction aid			include_exact	exact_markdown	06fea3a83a223ad4bc1644e682fb67e6697dccd9c9a9341ad953efdabcdd6279	8610	159	2153	S1-J002	S1-J002	Selected repository-local Markdown source from ReleaseNotes.
SRC-000432	repo	ReleaseNotes/eng/Altibase_Migration_Center_7_12_Release_Notes.md	release_note	migration_oracle	Release 7.12 (Jan. 30, 2023)	Migration Center 7.12	en	English extraction aid			include_exact	exact_markdown	373ae78197effb2c0660bd856fc21bd32accb71c4d9a40b8eb77f567d82738a5	8182	243	2025	S1-J002	S1-J002	Selected repository-local Markdown source from ReleaseNotes.
SRC-000433	repo	ReleaseNotes/eng/Altibase_Migration_Center_7_13_Release_Notes.md	release_note	migration_oracle	Release 7.13 (March 20, 2023)	Migration Center 7.13	en	English extraction aid			include_exact	exact_markdown	2a0efe22062126b4731a46c5790eefffe8598db66886e149d5f7c3378d892738	9039	249	2239	S1-J002	S1-J002	Selected repository-local Markdown source from ReleaseNotes.
SRC-000434	repo	ReleaseNotes/eng/Altibase_Migration_Center_7_14_Release_Notes.md	release_note	migration_oracle	Release 7.14 (November 1, 2024)	Migration Center 7.14	en	English extraction aid			include_exact	exact_markdown	900d8102f13796954baee9b8aef262ca100b1b96d0e9d88fd90e3e8b2a8a3b48	10762	264	2669	S1-J002	S1-J002	Selected repository-local Markdown source from ReleaseNotes.
SRC-000435	repo	ReleaseNotes/eng/Altibase_Migration_Center_7_15_Release_Notes.md	release_note	migration_oracle	Release 7.15 (April 25, 2025)	Migration Center 7.15	en	English extraction aid			include_exact	exact_markdown	0930c8ef1b618620976793cb4c6db3f15114b44c465d46711507c5834959dc00	11327	265	2807	S1-J002	S1-J002	Selected repository-local Markdown source from ReleaseNotes.
SRC-000436	repo	ReleaseNotes/eng/Altibase_Migration_Center_7_16_Release_Notes.md	release_note	migration_oracle	Release 7.16 (September 12, 2025)	Migration Center 7.16	en	English extraction aid			include_exact	exact_markdown	407a5a3d37de3e1f13016026ae7d01b94fdb933d7f3ab8422af9b14f664ab73a	10342	267	2563	S1-J002	S1-J002	Selected repository-local Markdown source from ReleaseNotes.
SRC-000437	repo	ReleaseNotes/eng/Altibase_Migration_Center_7_17_Release_Notes.md	release_note	migration_oracle	Release 7.17 (November 24, 2025)	Migration Center 7.17	en	English extraction aid			include_exact	exact_markdown	d598e6a9a679ca4b16e03547907034290305d4ec88d0b34fdf7d1a3ffe505c9b	7550	230	1866	S1-J002	S1-J002	Selected repository-local Markdown source from ReleaseNotes.
SRC-000438	repo	ReleaseNotes/eng/Altibase_Migration_Center_7_18_Release_Notes.md	release_note	migration_oracle	Release 7.18 (March 20, 2026)	Migration Center 7.18	en	English extraction aid			include_exact	exact_markdown	67faca7aece64efcdd9bdfe1717fd39a5b9691d7c36c1b708dfb31b4496c1498	7529	230	1861	S1-J002	S1-J002	Selected repository-local Markdown source from ReleaseNotes.
SRC-000439	repo	ReleaseNotes/eng/Altibase_Migration_Center_7_19_Release_Notes.md	release_note	migration_oracle	Release 7.19 (April 30, 2026)	Migration Center 7.19	en	English extraction aid			include_exact	exact_markdown	dcf8d06edb9b28414bd7143323a01326b954a779217edb48164207f407bbd117	8267	236	2045	S1-J002	S1-J002	Selected repository-local Markdown source from ReleaseNotes.
SRC-000440	repo	ReleaseNotes/eng/Altibase_Migration_Center_7_7_Release_Notes.md	release_note	migration_oracle	1.1 System Requirements	Migration Center 7.7	en	English extraction aid			include_exact	exact_markdown	2c08dfcd6c71356730a932c81404762c96deae8f7ae2a2e5269a6ead859cec52	7574	184	1894	S1-J002	S1-J002	Selected repository-local Markdown source from ReleaseNotes.
SRC-000441	repo	ReleaseNotes/eng/Altibase_Migration_Center_7_8_Release_Notes.md	release_note	migration_oracle	1.1 System Requirements	Migration Center 7.8	en	English extraction aid			include_exact	exact_markdown	483bf2aedef4e0fdae29eee1cc68337a738a584c8298b1a627a87b070582ce88	8730	178	2183	S1-J002	S1-J002	Selected repository-local Markdown source from ReleaseNotes.
SRC-000442	repo	ReleaseNotes/eng/Altibase_Migration_Center_7_9_Release_Notes.md	release_note	migration_oracle	1. Abstract	Migration Center 7.9	en	English extraction aid			include_exact	exact_markdown	d8730da99b8f514218454c527e08b340f89e5bdd61b20ab2a65f314af4f06916	8927	165	2232	S1-J002	S1-J002	Selected repository-local Markdown source from ReleaseNotes.
SRC-000443	repo	ReleaseNotes/eng/Altibase_Replication_Manager_1_2_Release_Notes.md	release_note	replication_manager	1.1 System Requirements	Replication Manager 1.2	en	English extraction aid			include_exact	exact_markdown	9c8680c53112e5852759fff65e38f30df108cce5ef3938ea9b3eb14848323bfb	4450	112	1113	S1-J002	S1-J002	Selected repository-local Markdown source from ReleaseNotes.
SRC-000444	repo	ReleaseNotes/eng/Altibase_Replication_Manager_1_3_Release_Notes.md	release_note	replication_manager	Release 1.3 (April 6, 2022)	Replication Manager 1.3	en	English extraction aid			include_exact	exact_markdown	b0826517215a2191732ae03f6f4967d79d539cd8ab86b6df363456f5257ddb02	5846	227	1441	S1-J002	S1-J002	Selected repository-local Markdown source from ReleaseNotes.
SRC-000445	repo	ReleaseNotes/eng/Altibase_Replication_Manager_1_4_Release_Notes.md	release_note	replication_manager	Release 1.4 (August 31, 2023)	Replication Manager 1.4	en	English extraction aid			include_exact	exact_markdown	fe5fcca5fd37d88260d31367470017767176484281c8a4187612253dc9e9757c	5406	221	1331	S1-J002	S1-J002	Selected repository-local Markdown source from ReleaseNotes.
SRC-000446	repo	ReleaseNotes/eng/Altibase_ShardManager_7_2_Release_Notes_v1.0.md	release_note	release_notes_platform	1. Abstract	ShardManager 7.2	en	English extraction aid			include_exact	exact_markdown	04772060bb72c6f61939fb0cf7f411340cb45af0ff12c3bed9ffa17c567e7fe4	5500	123	1346	S1-J002	S1-J002	Selected repository-local Markdown source from ReleaseNotes.
SRC-000447	repo	ReleaseNotes/eng/Altibase_ShardManager_v.3.2_Release_Notes.md	release_note	release_notes_platform	1. Abstract	multi	en	English extraction aid			include_exact	exact_markdown	7cf2a8205bcd7c3095c58c7c6beedacbed3459b82a366496a5a56eb859960843	5191	119	1298	S1-J002	S1-J002	Selected repository-local Markdown source from ReleaseNotes.
SRC-000448	repo	ReleaseNotes/eng/Altibase_altiShapeLoader_1_0_Release_Notes.md	release_note	spatial_nifi_tableau	Release 1.0 (Oct. 15, 2021)	multi	en	English extraction aid			include_exact	exact_markdown	3d64b169af3b87e2136d3402ab0fbfc2d1551848a0f37af3d59d373f0dd98906	4542	193	1115	S1-J002	S1-J002	Selected repository-local Markdown source from ReleaseNotes.
SRC-000449	repo	ReleaseNotes/eng/Altibase_dataCompJ_7_2_Release_Notes.md	release_note	utilities_datacompj	Release 7.2 (Feb. 17, 2022)	dataCompJ 7.2	en	English extraction aid			include_exact	exact_markdown	178f574a01368353b7a381274a6ef7658c5e5670c0031c4d9b051141c510ab29	5733	209	1413	S1-J002	S1-J002	Selected repository-local Markdown source from ReleaseNotes.
SRC-000450	repo	ReleaseNotes/kor/Altibase_7_1_0_1_2_Release_Notes.md	release_note	release_notes_platform	하드웨어 최저 사양	7.1.0.1.2	ko	Korean authoritative			include_exact	exact_markdown	e65e6d134f59064a8026899f4eeea2c91c7ed109263f8d7e91815d2ccd113498	53293	1090	9589	S1-J002	S1-J002	Selected repository-local Markdown source from ReleaseNotes.
SRC-000451	repo	ReleaseNotes/kor/Altibase_7_3_0_0_1_Release_Notes.md	release_note	release_notes_platform	1. 시스템 요구사항	7.3.0.0.1	ko	Korean authoritative			include_exact	exact_markdown	546f1dd4bd5416c053cf309b18c77455b3838b16161729ffd096bf58164f1638	55622	859	10812	S1-J002	S1-J002	Selected repository-local Markdown source from ReleaseNotes.
SRC-000452	repo	ReleaseNotes/kor/Altibase_8_1_0_0_1_Release_Notes.md	release_note	release_notes_platform	1. 시스템 요구사항	8.1.0.0.1	ko	Korean authoritative; Altibase 8.1 verified source			include_exact	exact_markdown	a722e50e7dd5eb8882fb79bc909e6d910a2520d0c93bfbb839bd45c413a8cde5	19643	378	3116	S1-J002	S1-J002	Selected repository-local Markdown source from ReleaseNotes.
SRC-000453	repo	ReleaseNotes/kor/Altibase_Migration_Center_7_10_Release_Notes.md	release_note	migration_oracle	Altibase Migration Center 7.10 Release Notes	Migration Center 7.10	ko	Korean authoritative			include_exact	exact_markdown	97379ac0e1a32ff1a9cf192f0f2eb1135a5ac6f3893b3486bcae3af1b7070e26	8549	157	1602	S1-J002	S1-J002	Selected repository-local Markdown source from ReleaseNotes.
SRC-000454	repo	ReleaseNotes/kor/Altibase_Migration_Center_7_11_Release_Notes.md	release_note	migration_oracle	Altibase Migration Center 7.11 Release Notes	Migration Center 7.11	ko	Korean authoritative			include_exact	exact_markdown	3a73dcbb7e9ba59a3cbc08ae9653619e0ad13275d119096828b3a0ae4ff5855a	9720	161	1778	S1-J002	S1-J002	Selected repository-local Markdown source from ReleaseNotes.
SRC-000455	repo	ReleaseNotes/kor/Altibase_Migration_Center_7_12_Release_Notes.md	release_note	migration_oracle	Altibase Migration Center 7.12 Release Notes	Migration Center 7.12	ko	Korean authoritative			include_exact	exact_markdown	7a2e493d236f0b881b0ed250974d96d6efa9ef8c6874a17a452c86130b4c752b	8678	246	1627	S1-J002	S1-J002	Selected repository-local Markdown source from ReleaseNotes.
SRC-000456	repo	ReleaseNotes/kor/Altibase_Migration_Center_7_13_Release_Notes.md	release_note	migration_oracle	Altibase Migration Center 7.13 Release Notes	Migration Center 7.13	ko	Korean authoritative			include_exact	exact_markdown	058851d82872fe1e49f18785beb57f4beac0dbaceb91f0da80b77eb311b11f38	9691	256	1785	S1-J002	S1-J002	Selected repository-local Markdown source from ReleaseNotes.
SRC-000457	repo	ReleaseNotes/kor/Altibase_Migration_Center_7_14_Release_Notes.md	release_note	migration_oracle	Altibase Migration Center 7.14 Release Notes	Migration Center 7.14	ko	Korean authoritative			include_exact	exact_markdown	232de4cddd7754c021085aeb7fec6eed45526984558256e3b581fac052d1cba9	11938	267	2068	S1-J002	S1-J002	Selected repository-local Markdown source from ReleaseNotes.
SRC-000458	repo	ReleaseNotes/kor/Altibase_Migration_Center_7_15_Release_Notes.md	release_note	migration_oracle	Altibase Migration Center 7.15 Release Notes	Migration Center 7.15	ko	Korean authoritative			include_exact	exact_markdown	940d2e092b6c0649a6778fec813e35d818a278bd448fe6cf2082b532b8b467b6	13153	277	2203	S1-J002	S1-J002	Selected repository-local Markdown source from ReleaseNotes.
SRC-000459	repo	ReleaseNotes/kor/Altibase_Migration_Center_7_16_Release_Notes.md	release_note	migration_oracle	Altibase Migration Center 7.16 Release Notes	Migration Center 7.16	ko	Korean authoritative			include_exact	exact_markdown	553e11fb489ebdf2d1f0ad32d416d7581f199e503e892dda4a7a97ffc0afb14d	11679	279	2022	S1-J002	S1-J002	Selected repository-local Markdown source from ReleaseNotes.
SRC-000460	repo	ReleaseNotes/kor/Altibase_Migration_Center_7_17_Release_Notes.md	release_note	migration_oracle	Altibase Migration Center 7.17 Release Notes	Migration Center 7.17	ko	Korean authoritative			include_exact	exact_markdown	9f42803ed2dac2c21e323a27a0282f1b4011d3a807f8bf427d9f10adaae6ea31	8342	243	1584	S1-J002	S1-J002	Selected repository-local Markdown source from ReleaseNotes.
SRC-000461	repo	ReleaseNotes/kor/Altibase_Migration_Center_7_18_Release_Notes.md	release_note	migration_oracle	Altibase Migration Center 7.18 Release Notes	Migration Center 7.18	ko	Korean authoritative			include_exact	exact_markdown	375ab442a7469ddf3d7b02970e8632acfffb9ccd7b942dae7a28f4629a4e843b	8322	244	1579	S1-J002	S1-J002	Selected repository-local Markdown source from ReleaseNotes.
SRC-000462	repo	ReleaseNotes/kor/Altibase_Migration_Center_7_19_Release_Notes.md	release_note	migration_oracle	Altibase Migration Center 7.19 Release Notes	Migration Center 7.19	ko	Korean authoritative			include_exact	exact_markdown	1af1a0382c90bb0f656a3638b83b527eea09103ff0f464cf5bdffc949c39045b	9145	250	1688	S1-J002	S1-J002	Selected repository-local Markdown source from ReleaseNotes.
SRC-000463	repo	ReleaseNotes/kor/Altibase_Migration_Center_7_9_Release_Notes.md	release_note	migration_oracle	Altibase Migration Center 7.9 Release Notes	Migration Center 7.9	ko	Korean authoritative			include_exact	exact_markdown	d26b64893d65daf7dd6ebe74561bdd3879870cc74f825c5b178a1d2e1136d09d	8862	161	1684	S1-J002	S1-J002	Selected repository-local Markdown source from ReleaseNotes.
SRC-000464	repo	ReleaseNotes/kor/Altibase_Replication_Manager_1_2_Release_Notes.md	release_note	replication_manager	1. 개요	Replication Manager 1.2	ko	Korean authoritative			include_exact	exact_markdown	54861e5b2bbcc15f1dcaad8aa630a62e29e5ce4233fb561d8d15e92788d42363	4303	111	886	S1-J002	S1-J002	Selected repository-local Markdown source from ReleaseNotes.
SRC-000465	repo	ReleaseNotes/kor/Altibase_Replication_Manager_1_3_Release_Notes.md	release_note	replication_manager	Release 1.3 (April 6, 2022)	Replication Manager 1.3	ko	Korean authoritative			include_exact	exact_markdown	fcf17a36f6a01920f472f3d35ce8e9a0c39c45394a6911f3af2807b77ee0058a	6207	236	1302	S1-J002	S1-J002	Selected repository-local Markdown source from ReleaseNotes.
SRC-000466	repo	ReleaseNotes/kor/Altibase_Replication_Manager_1_4_Release_Notes.md	release_note	replication_manager	Release 1.4 (August 31, 2023)	Replication Manager 1.4	ko	Korean authoritative			include_exact	exact_markdown	6c15988c1b533a03e128fa1e6138664f2fe309cdef168dd70bb338307b2887fb	5759	219	1226	S1-J002	S1-J002	Selected repository-local Markdown source from ReleaseNotes.
SRC-000467	repo	ReleaseNotes/kor/Altibase_ShardManager_v.3.2_Release_Notes.md	release_note	release_notes_platform	1. 개요	multi	ko	Korean authoritative			include_exact	exact_markdown	2196f25dafac1b58ed91cffdd939bed0120344783ca70038902627a99967660d	5592	120	1199	S1-J002	S1-J002	Selected repository-local Markdown source from ReleaseNotes.
SRC-000468	repo	ReleaseNotes/kor/Altibase_Sharding3_3_2_0_0_1_Release_Notes.md	release_note	release_notes_platform	1. 시스템 요구사항	multi	ko	Korean authoritative			include_exact	exact_markdown	1e48c039756b7a78a42c956e289ceba5ef2268219046400da06db0bfb26b74c7	5774	137	967	S1-J002	S1-J002	Selected repository-local Markdown source from ReleaseNotes.
SRC-000469	repo	ReleaseNotes/kor/Altibase_Windows2026_2_6_0_0_1_Release_Notes.md	release_note	release_notes_platform	1. 시스템 요구사항	multi	ko	Korean authoritative			include_exact	exact_markdown	a85b3f286f200d655946d3ff626fc3f2d0713fba2f38ece173607b64e2465fe4	4360	119	737	S1-J002	S1-J002	Selected repository-local Markdown source from ReleaseNotes.
SRC-000470	repo	ReleaseNotes/kor/Altibase_altiShapeLoader_1_0_Release_Notes.md	release_note	spatial_nifi_tableau	Release 1.0 (Oct. 15, 2021)	multi	ko	Korean authoritative			include_exact	exact_markdown	7fdbac4d434efc78fc68bd8d2a829a7e3f2c19295a83217f7e70224334b9ce9b	5083	210	961	S1-J002	S1-J002	Selected repository-local Markdown source from ReleaseNotes.
SRC-000471	repo	ReleaseNotes/kor/Altibase_dataCompJ_7_2_Release_Notes.md	release_note	utilities_datacompj	Release 7.2 (Feb. 17, 2022)	dataCompJ 7.2	ko	Korean authoritative			include_exact	exact_markdown	8b7146563c00fe4efbcaf22b3114d30fd8a916ad59fa6088809506806fdfae8a	5577	213	996	S1-J002	S1-J002	Selected repository-local Markdown source from ReleaseNotes.
SRC-000472	repo	Technical Documents/eng/Supported Platforms.md	technical_document	technical_documents_support	Altibase Supported Platforms by Version	multi	en	English extraction aid			include_exact	exact_markdown	877359d6285e202b2e80c584cc8ad595df254a2dc20975bc8c1bdeb3bded168f	36077	233	8847	S1-J002	S1-J002	Selected repository-local Markdown source from Technical Documents.
SRC-000473	repo	Technical Documents/kor/JavaCompatibility.md	technical_document	jdbc_java	Altibase 버전 별 Java 호환성	multi	ko	Korean authoritative			include_exact	exact_markdown	249e65c6bb71f68f9104dd05a1772480e631ae2f6a415e9ff7ff94bad7e8605f	9137	130	2028	S1-J002	S1-J002	Selected repository-local Markdown source from Technical Documents.
SRC-000474	repo	Technical Documents/kor/Replication network check.md	technical_document	technical_documents_support	v$repreceiver의 insert_success_count가 증가하는지 확인	multi	ko	Korean authoritative			include_exact	exact_markdown	8e15d0c001d417c2df8b837560a6cee0d17231f61493ec72a9b7c8002cac3731	3128	43	462	S1-J002	S1-J002	Selected repository-local Markdown source from Technical Documents.
SRC-000475	repo	Technical Documents/kor/ReplicationCompatibility.md	technical_document	technical_documents_support	Altibase 버전 별 Replication 호환성	multi	ko	Korean authoritative			include_exact	exact_markdown	3306ad3e466fcc44a84c960fc011d0318365a3f405129550260d785eedd14d83	9469	141	2183	S1-J002	S1-J002	Selected repository-local Markdown source from Technical Documents.
SRC-000476	repo	Technical Documents/kor/Supported Platforms.md	technical_document	technical_documents_support	Altibase 버전 별 지원 플랫폼	multi	ko	Korean authoritative			include_exact	exact_markdown	ec939323fec86068aefa4403520fbbf7aeb688a073a4cb663ae165c07890063e	36927	235	8757	S1-J002	S1-J002	Selected repository-local Markdown source from Technical Documents.
SRC-000477	repo	GPTs/reports/8_1_verification.md	support_evidence	release_notes_platform	Altibase 8.1 Verification Evidence	multi	mixed	Approved support evidence		GPTs/reports/source_inventory.md	include_support_evidence	support_evidence_only	3b04890cdbd8fc7371dc47872e16ae1d29471f77d1e9196efb4184d22d5f6cc9	10146	108	2537	S1-J002	S1-J002	Approved support evidence: records the 8.1 verified-source basis and customer-safe wording.
SRC-000478	repo	GPTs/reports/coverage_matrix.md	support_evidence	source_inventory_support	Altibase GPTs Coverage Matrix	multi	mixed	Approved support evidence		GPTs/reports/source_inventory.md	include_support_evidence	support_evidence_only	4e87d7e918a8f78e7c7409584943f96a328b7aab4669e62e57493c6e5ee21388	34047	357	8512	S1-J002	S1-J002	Approved support evidence: maps source families, authority basis, and attachment coverage boundaries.
SRC-000479	repo	GPTs/reports/eng_kor_parity.md	support_evidence	source_inventory_support	English/Korean Parity Evidence	multi	mixed	Approved support evidence		GPTs/reports/source_inventory.md	include_support_evidence	support_evidence_only	ca8546c577d91a2f48c8561602463959b86e6ca224b99db0dd607701eb424c5f	13968	124	3492	S1-J002	S1-J002	Approved support evidence: records Korean-authority parity and source-drift evidence for paired sources.
SRC-000480	repo	GPTs/reports/gap_register.md	support_evidence	source_inventory_support	Altibase GPTs Gap Register	multi	mixed	Approved support evidence		GPTs/reports/coverage_matrix.md;GPTs/reports/source_inventory.md	include_support_evidence	support_evidence_only	2ea08a3d2b2480d2e937b856d1e1e47a7d02ba714e030eabb676f839156fe523	61274	921	15319	S1-J002	S1-J002	Approved support evidence: records source-backed gaps, accepted limitations, and downstream guardrails.
SRC-000481	repo	GPTs/reports/source_inventory.md	support_evidence	source_inventory_support	Altibase GPTs Source Inventory	multi	mixed	Approved support evidence		GPTs/reports/stage_01_source_pack_baseline_plan.md	include_support_evidence	support_evidence_only	0fce94e5be5c5e7c8131a6bd62b6e782073f2511f7a216feeba0ec1af7f49472	96335	1666	24082	S1-J002	S1-J002	Approved support evidence: canonical source-root and attachment-to-source mapping support artifact.
SRC-000482	repo	GPTs/reports/stage_01_source_pack_baseline_plan.md	support_evidence	stage1_source_selection	Stage 1 Source Pack And Korean-Aligned English Baseline Plan	multi	mixed	Approved support evidence		AGENTS.md;GPTs/reports/customer_agent_enablement_requirements.md	include_support_evidence	support_evidence_only	7b82fedb29c508af92f5283a13a3083083143235ef39fea4ff63195517b6113b	25941	475	6486	S1-J002	S1-J002	Approved support evidence: defines the Stage 1 manifest schemas, selection contract, and validation gates.
