source_item_id	source_family	version_scope	source_path	source_heading	item_type	literal_tokens	source_summary	attachment_target	coverage_status	attachment_anchor	guardrail_reason	audit_job	evidence
SRC-REL-7.1-000001	release_notes_platform	7.1	ReleaseNotes/kor/Altibase_7_1_0_1_2_Release_Notes.md	Altibase 7.1.0.1.2 Release Notes > release identity	release note	7.1.0.1.2; 2018.02; final 7.1 release line; maintenance	Altibase 7.1.0.1.2 is the final 7.1 release-line version and starts the maintained 7.1 line.	GPTs/attachments/00_version_release_platform.md	Covered	Quick Version Difference Summary > Altibase 7.1		FCA-J004	rg -n 'Altibase 7.1.0.1.2 Release Notes|7.1.0.1.2' ReleaseNotes/kor/Altibase_7_1_0_1_2_Release_Notes.md GPTs/attachments/00_version_release_platform.md
SRC-REL-7.1-000002	release_notes_platform	7.1	ReleaseNotes/kor/Altibase_7_1_0_1_2_Release_Notes.md	Altibase 7.1.0.1.2 Release Notes > system requirements and platform	platform rule	1GB RAM; 1 CPU; 4GB; 2GB; 2 CPUs; 12GB; JDK 1.5; 64-bit; Windows; 32bit	The 7.1 release note sets minimum hardware and the initial 7.1 platform boundary, including JDK 1.5 or later, 64-bit server/client packages, and discontinuation of Windows and 32-bit client support in the initial release note.	GPTs/attachments/00_version_release_platform.md	Covered	Platform Support Blocks > Common Platform Rules; Altibase 7.1 Server and Client Platforms		FCA-J004	source locator: ReleaseNotes/kor/Altibase_7_1_0_1_2_Release_Notes.md lines 132-158; rg -n 'Altibase 7.1 Server and Client Platforms|Minimum hardware' GPTs/attachments/00_version_release_platform.md
SRC-REL-7.1-000003	release_notes_platform	7.1	ReleaseNotes/kor/Altibase_7_1_0_1_2_Release_Notes.md	Altibase 7.1.0.1.2 Release Notes > SQL feature expansion	release note	Partition Exchange; COMPACT; AGING; NOWAIT; WAIT; Table Function; LOCK TABLE; UNTIL NEXT DDL; ENABLE; DISABLE; FIRST; LAST; REVERSE; MAKEENVELOPE	The 7.1 release note introduces SQL/table/partition/function additions including partition exchange, tablespace moves, COMPACT/AGING, NOWAIT/WAIT, table functions, trigger enable/disable, aggregate additions, and spatial/numeric functions.	GPTs/attachments/00_version_release_platform.md	Covered-by-routing	Quick Version Difference Summary > Altibase 7.1; Attachment Cross-References		FCA-J004	python3 GPTs/reports/full_coverage_audit/scripts/fca_catalog_tools.py outline --source-family release_notes_platform ReleaseNotes/kor/Altibase_7_1_0_1_2_Release_Notes.md
SRC-REL-7.1-000004	release_notes_platform	7.1	ReleaseNotes/kor/Altibase_7_1_0_1_2_Release_Notes.md	Altibase 7.1.0.1.2 Release Notes > replication and DBLink improvements	release note	REPLICATION_SQL_APPLY_ENABLE; REPLICATION_DDL_ENABLE_LEVEL; DBLINK_GLOBAL_TRANSACTION_LEVEL; REMOTE; SQL APPLY MODE; DDL; 2PC	The 7.1 release note adds replication SQL apply mode, replicated-table DDL controls, and DBLink two-phase commit/batch remote-function improvements.	GPTs/attachments/00_version_release_platform.md	Covered-by-routing	Quick Version Difference Summary > Altibase 7.1; Attachment Cross-References		FCA-J004	source locator: ReleaseNotes/kor/Altibase_7_1_0_1_2_Release_Notes.md lines 315-380; rg -n 'REPLICATION_SQL_APPLY_ENABLE|REPLICATION_DDL_ENABLE_LEVEL|DBLINK_GLOBAL_TRANSACTION_LEVEL|REMOTE' ReleaseNotes/kor/Altibase_7_1_0_1_2_Release_Notes.md GPTs/attachments/00_version_release_platform.md
SRC-REL-7.1-000005	release_notes_platform	7.1	ReleaseNotes/kor/Altibase_7_1_0_1_2_Release_Notes.md	Altibase 7.1.0.1.2 Release Notes > PSM, tools, and performance improvements	release note	AUTHID; STANDARD; UTL_COPYSWAP; UTL_SMTP; PRAGMA AUTONOMOUS_TRANSACTION; PRAGMA EXCEPTION_INIT; JDBC Adapter; iLoader; -prefetch_rows; dataCompJ; Result Cache; IPCDA	The 7.1 release note adds PSM/package functionality, client-tool changes, iLoader prefetch, dataCompJ, result cache, automatic statistics, hints, IPCDA, and memory/index performance improvements.	GPTs/attachments/00_version_release_platform.md	Covered-by-routing	Quick Version Difference Summary > Altibase 7.1; Attachment Cross-References		FCA-J004	rg -n 'AUTHID|UTL_COPYSWAP|UTL_SMTP|PRAGMA|iLoader|dataCompJ|Result Cache|IPCDA' ReleaseNotes/kor/Altibase_7_1_0_1_2_Release_Notes.md GPTs/attachments/00_version_release_platform.md
SRC-REL-7.1-000006	release_notes_platform	7.1	ReleaseNotes/kor/Altibase_7_1_0_1_2_Release_Notes.md	Altibase 7.1.0.1.2 Release Notes > removals and unsupported functions	compatibility rule	Windows; 32-bit clients; DataPort; Disaster Recovery; shared memory mode; JDK/JRE 1.4	The 7.1 release note removes or discontinues Windows server/client support in the initial release note, 32-bit clients, DataPort, disaster recovery, shared memory mode, and JDK/JRE 1.4 support.	GPTs/attachments/00_version_release_platform.md	Covered	Quick Version Difference Summary > Altibase 7.1; Version-Specific Answer Rules		FCA-J004	source locator: ReleaseNotes/kor/Altibase_7_1_0_1_2_Release_Notes.md lines 735-753; rg -n 'DataPort|Disaster Recovery|JDK/JRE 1.4|Windows|32-bit|shared memory' GPTs/attachments/00_version_release_platform.md
SRC-REL-7.1-000007	release_notes_platform	7.1	ReleaseNotes/kor/Altibase_7_1_0_1_2_Release_Notes.md	Altibase 7.1.0.1.2 Release Notes > compatibility versions	compatibility rule	6.5.1; 8.5.1; 7.1.6; 7.4.2; database binary version; meta version; communication protocol version; replication protocol version; V$VERSION	The 7.1 release note records component compatibility versions: database binary 6.5.1, meta 8.5.1, communication protocol 7.1.6, and replication protocol 7.4.2.	GPTs/attachments/00_version_release_platform.md	Covered	Component Version Matrix; Upgrade Risk Blocks		FCA-J004	source locator: ReleaseNotes/kor/Altibase_7_1_0_1_2_Release_Notes.md lines 758-803; rg -n '6.5.1|8.5.1|7.1.6|7.4.2|V\$VERSION' GPTs/attachments/00_version_release_platform.md
SRC-REL-7.1-000008	release_notes_platform	7.1	ReleaseNotes/kor/Altibase_7_1_0_1_2_Release_Notes.md	Altibase 7.1.0.1.2 Release Notes > property, meta table, and performance view changes	version note	new properties; changed properties; deleted properties; meta table; performance view	The 7.1 release note contains itemized new/changed/deleted property lists plus meta-table and performance-view change sections; the current attachment set does not preserve that complete itemized release-note inventory.	GPTs/attachments/05_data_types_properties.md	Missing			FCA-J004	source locator: ReleaseNotes/kor/Altibase_7_1_0_1_2_Release_Notes.md lines 805-990; release-note property/meta/performance-view inventory not itemized in target attachment
SRC-REL-7.3-000001	release_notes_platform	7.3	ReleaseNotes/kor/Altibase_7_3_0_0_1_Release_Notes.md	Altibase 7.3.0.0.1 Release Notes > release identity	release note	7.3.0.0.1; 2023.08	Altibase 7.3.0.0.1 release notes are dated 2023.08 and define the 7.3 release baseline.	GPTs/attachments/00_version_release_platform.md	Covered	Quick Version Difference Summary > Altibase 7.3		FCA-J004	rg -n 'Altibase 7.3.0.0.1 Release Notes|2023.08|7.3.0.0.1' ReleaseNotes/kor/Altibase_7_3_0_0_1_Release_Notes.md GPTs/attachments/00_version_release_platform.md
SRC-REL-7.3-000002	release_notes_platform	7.3	ReleaseNotes/kor/Altibase_7_3_0_0_1_Release_Notes.md	Altibase 7.3.0.0.1 Release Notes > system requirements and platform	platform rule	1GB RAM; 1 CPU; 4GB; JDK 1.8; 64-bit; Red Hat Enterprise Linux 6; Red Hat Enterprise Linux 7; Red Hat Enterprise Linux 8; Windows 2008; Windows 10	The 7.3 release note states minimum hardware, 64-bit server/client scope, JDK 1.8 or later, server/client support for listed Unix/Linux platforms, and Windows client-only support in the initial release note.	GPTs/attachments/00_version_release_platform.md	Covered	Platform Support Blocks > Altibase 7.3 Server and Client Platforms		FCA-J004	source locator: ReleaseNotes/kor/Altibase_7_3_0_0_1_Release_Notes.md lines 53-88; rg -n 'Altibase 7.3 Server and Client Platforms|JDK/JRE 1.8' GPTs/attachments/00_version_release_platform.md
SRC-REL-7.3-000003	release_notes_platform	7.3	ReleaseNotes/kor/Altibase_7_3_0_0_1_Release_Notes.md	Altibase 7.3.0.0.1 Release Notes > new feature rollup	release note	AKU; altiShapeLoader 1.0; JDBC 4.2; OpenSSL 3.0.8; TLS 1.3; SSL_CIPHER_SUITES; SSL_LOAD_CONFIG; FIPS; VARRAY; Anonymous Block; PCRE2; CREATE QUEUE; ALTER QUEUE; DELETE; ALTER SEQUENCE	The 7.3 release note introduces AKU, altiShapeLoader, JDBC 4.2, OpenSSL 3.0.8/TLS 1.3/FIPS, VARRAY, anonymous blocks, C/C++ external procedure internal mode, PCRE2-compatible regular expression mode, queue DELETE controls, and sequence restart syntax.	GPTs/attachments/00_version_release_platform.md	Covered-by-routing	Quick Version Difference Summary > Altibase 7.3; Attachment Cross-References		FCA-J004	python3 GPTs/reports/full_coverage_audit/scripts/fca_catalog_tools.py outline --source-family release_notes_platform ReleaseNotes/kor/Altibase_7_3_0_0_1_Release_Notes.md
SRC-REL-7.3-000004	release_notes_platform	7.3	ReleaseNotes/kor/Altibase_7_3_0_0_1_Release_Notes.md	Altibase 7.3.0.0.1 Release Notes > spatial, replication, API, package, utility, and performance rollup	release note	SRID; ASEWKT; ASEWKB; GEOMFROMEWKT; GEOMFROMEWKB; SETSRID; RECEIVE_ONLY; InfiniBand; DBMS_METADATA; DBMS_SQL_PLAN_CACHE; DBMS_OUTPUT; DBMS_LOCK.sleep2; SYS_SPATIAL; SERIAL_FILTER; SERIAL_EXECUTE_MODE; reuse_resultset	The 7.3 release note records spatial SRID/EWKT/EWKB additions, replication DDL synchronization and RECEIVE_ONLY, InfiniBand, JDBC API changes, package additions, utility and adapter changes, and broad performance improvements.	GPTs/attachments/00_version_release_platform.md	Covered-by-routing	Quick Version Difference Summary > Altibase 7.3; Attachment Cross-References		FCA-J004	rg -n 'SRID|RECEIVE_ONLY|InfiniBand|DBMS_METADATA|DBMS_SQL_PLAN_CACHE|SERIAL_FILTER|reuse_resultset' ReleaseNotes/kor/Altibase_7_3_0_0_1_Release_Notes.md GPTs/attachments/00_version_release_platform.md
SRC-REL-7.3-000005	release_notes_platform	7.3	ReleaseNotes/kor/Altibase_7_3_0_0_1_Release_Notes.md	Altibase 7.3.0.0.1 Release Notes > compatibility changes	compatibility rule	7.3.0; 9.3.1; 7.1.8; 7.4.9; DBMS_METADATA; SQLFeatureNotSupportedException; CLIENT_TYPE = NEW_JDBC42; DDL synchronization; offline replication	The 7.3 release note changes database binary version to 7.3.0, meta version to 9.3.1, communication protocol to 7.1.8, and replication protocol to 7.4.9, with migration, metadata, client, replication, aexport, and JDBC compatibility cautions.	GPTs/attachments/00_version_release_platform.md	Covered	Component Version Matrix; Upgrade Risk Blocks; Quick Version Difference Summary > Altibase 7.3		FCA-J004	rg -n '7.3.0|9.3.1|7.1.8|7.4.9|DBMS_METADATA|SQLFeatureNotSupportedException|CLIENT_TYPE' ReleaseNotes/kor/Altibase_7_3_0_0_1_Release_Notes.md GPTs/attachments/00_version_release_platform.md
SRC-REL-7.3-000006	release_notes_platform	7.3	ReleaseNotes/kor/Altibase_7_3_0_0_1_Release_Notes.md	Altibase 7.3.0.0.1 Release Notes > server property, meta table, and performance view changes	version note	Altibase server properties; new properties; changed properties; deleted properties; meta table; performance view	The 7.3 release note contains itemized server-property, meta-table, and performance-view change sections; the current attachment set does not preserve that complete itemized release-note inventory as a single answer-ready block.	GPTs/attachments/05_data_types_properties.md	Missing			FCA-J004	source locator: ReleaseNotes/kor/Altibase_7_3_0_0_1_Release_Notes.md lines 614-812; release-note property/meta/performance-view inventory not itemized in target attachment
SRC-REL-8.1-000001	release_notes_platform	8.1	ReleaseNotes/kor/Altibase_8_1_0_0_1_Release_Notes.md	Altibase 8.1.0.0.1 Release Notes > release identity	release note	8.1.0.0.1; 2026.02; Altibase 8.1 verified source	Altibase 8.1.0.0.1 release notes are dated 2026.02 and define the current 8.1 baseline used with the Altibase 8.1 verified source.	GPTs/attachments/00_version_release_platform.md	Covered	Quick Version Difference Summary > Altibase 8.1		FCA-J004	rg -n 'Altibase 8.1.0.0.1 Release Notes|2026.02|8.1.0.0.1|Altibase 8.1 verified source' ReleaseNotes/kor/Altibase_8_1_0_0_1_Release_Notes.md GPTs/attachments/00_version_release_platform.md
SRC-REL-8.1-000002	release_notes_platform	8.1	ReleaseNotes/kor/Altibase_8_1_0_0_1_Release_Notes.md	Altibase 8.1.0.0.1 Release Notes > system requirements and platform	platform rule	1GB RAM; 1 CPU; 4GB; JDK 1.8; 64-bit; AIX 7.2; Red Hat Enterprise Linux 9; Red Hat Enterprise Linux 7; Red Hat Enterprise Linux 8; GNU glibc 2.34; Windows 2008; Windows 10	The 8.1 release note states minimum hardware, 64-bit scope, JDK 1.8 or later, AIX 7.2 and RHEL 7/8/9 support, and Windows 2008/10 client-only support.	GPTs/attachments/00_version_release_platform.md	Covered	Platform Support Blocks > Altibase 8.1 Server and Client Platforms		FCA-J004	source locator: ReleaseNotes/kor/Altibase_8_1_0_0_1_Release_Notes.md lines 30-60; rg -n 'Altibase 8.1 Server and Client Platforms|AIX 7.2|Red Hat Enterprise Linux 9|Windows 10' GPTs/attachments/00_version_release_platform.md
SRC-REL-8.1-000003	release_notes_platform	8.1	ReleaseNotes/kor/Altibase_8_1_0_0_1_Release_Notes.md	Altibase 8.1.0.0.1 Release Notes > JSON data type support	release note	JSON; RFC 8259; 2 GB; ISO/IEC 19075-6:2021; JSON_ARRAY; JSON_OBJECT; JSON_EXISTS; JSON_QUERY; JSON_VALUE; JSON_VALID; JSON [ IN ROW size ]; IS JSON	The 8.1 release note introduces native JSON storage up to 2 GB, RFC 8259/ISO SQL JSON path alignment, major JSON functions, and verified JSON syntax/routing in the attachment set.	GPTs/attachments/00_version_release_platform.md	Covered-by-routing	Quick Version Difference Summary > Altibase 8.1; Attachment Cross-References		FCA-J004	rg -n 'RFC 8259|2 GB|ISO/IEC|JSON_ARRAY|JSON_OBJECT|JSON_EXISTS|JSON_QUERY|JSON_VALUE|JSON_VALID|JSON \[ IN ROW size \]|IS JSON' ReleaseNotes/kor/Altibase_8_1_0_0_1_Release_Notes.md GPTs/attachments/00_version_release_platform.md
SRC-REL-8.1-000004	release_notes_platform	8.1	ReleaseNotes/kor/Altibase_8_1_0_0_1_Release_Notes.md	Altibase 8.1.0.0.1 Release Notes > Temporary LOB support	release note	Temporary LOB; Session Temporary LOB; Transaction Temporary LOB; V$TEMPORARY_LOBS; TO_CLOB; TO_BLOB; SUBSTR; CONCAT; TEMPORARY_LOB_ENABLE; MEMORY_TEMPLOB_MAX_ALLOC_SIZE; MEMORY_TEMPLOB_PIECE_SIZE	The 8.1 release note introduces Temporary LOBs, session and transaction Temporary LOB categories, V$TEMPORARY_LOBS checks, and related properties routed to the data type/property and view attachments.	GPTs/attachments/00_version_release_platform.md	Covered-by-routing	Quick Version Difference Summary > Altibase 8.1; 8.1 Feature Check SQL		FCA-J004	rg -n 'Temporary LOB|V\$TEMPORARY_LOBS|TO_CLOB|TO_BLOB|SUBSTR|CONCAT|TEMPORARY_LOB_ENABLE|MEMORY_TEMPLOB' ReleaseNotes/kor/Altibase_8_1_0_0_1_Release_Notes.md GPTs/attachments/00_version_release_platform.md
SRC-REL-8.1-000005	release_notes_platform	8.1	ReleaseNotes/kor/Altibase_8_1_0_0_1_Release_Notes.md	Altibase 8.1.0.0.1 Release Notes > document, connector, backup, replication SSL, and security additions	release note	KADA; Key-optimized Altibase Document Access; Java API; REST API; JWT; Source Connector; Sink Connector; Kafka; abm; USING SSL; REPLICATION_SSL_PORT_NO; altiEncrypt; -pf	The 8.1 release note introduces KADA, Kafka source/sink connectors, ABM, replication SSL, encrypted password tooling, and encrypted-password file use for tools.	GPTs/attachments/00_version_release_platform.md	Covered-by-routing	Quick Version Difference Summary > Altibase 8.1; Attachment Cross-References		FCA-J004	rg -n 'KADA|Source Connector|Sink Connector|Kafka|ABM|USING SSL|REPLICATION_SSL_PORT_NO|altiEncrypt|-pf' ReleaseNotes/kor/Altibase_8_1_0_0_1_Release_Notes.md GPTs/attachments/00_version_release_platform.md
SRC-REL-8.1-000006	release_notes_platform	8.1	ReleaseNotes/kor/Altibase_8_1_0_0_1_Release_Notes.md	Altibase 8.1.0.0.1 Release Notes > release-note-only feature procedure boundary	warning	KADA; Kafka connectors; abm; MindsDB; .NET 8; EF Core; node-odbc-altibase	The 8.1 release note confirms several feature families at release-note level, but procedure-quality guidance requires a dedicated source-backed block for the exact feature and installed tool/API state.	GPTs/attachments/00_version_release_platform.md	Guardrail	Quick Version Difference Summary > Altibase 8.1; Residual Scope	Selected release notes confirm availability, but implementation procedures depend on exact feature family, installed package/API, and a dedicated source-backed manual or tool block; ask for the exact feature, package version, and desired operation before giving steps.	FCA-J004	rg -n 'KADA|Kafka|ABM|MindsDB|\.NET 8|node-odbc-altibase|Release-note-only feature scope|Residual Scope' ReleaseNotes/kor/Altibase_8_1_0_0_1_Release_Notes.md GPTs/attachments/00_version_release_platform.md
SRC-REL-8.1-000007	release_notes_platform	8.1	ReleaseNotes/kor/Altibase_8_1_0_0_1_Release_Notes.md	Altibase 8.1.0.0.1 Release Notes > performance, interface, AKU, locale, and plan changes	release note	LOG_FILE_SIZE; LOG_CREATE_METHOD; SQLEmptyLob(); SQLGetLobLength2(); AKU; Thai; NLS_COMP; DBMS_STATS.LOCK_TABLE_STATS; DBMS_STATS.UNLOCK_TABLE_STATS; TRCLOG_EXPLAIN_TYPE; TRCLOG_JSON_PLAN_INDENT_DEPTH; META LOGGING	The 8.1 release note records performance changes, LOG_FILE_SIZE/LOG_CREATE_METHOD boundaries, empty LOB interface additions, AKU scale improvements, Thai locale support, DBMS_STATS lock helpers, JSON-formatted plans, and META LOGGING support.	GPTs/attachments/00_version_release_platform.md	Covered-by-routing	Quick Version Difference Summary > Altibase 8.1; 8.1 Feature Check SQL		FCA-J004	rg -n 'LOG_FILE_SIZE|LOG_CREATE_METHOD|SQLEmptyLob|SQLGetLobLength2|AKU|NLS_COMP|DBMS_STATS|TRCLOG_EXPLAIN_TYPE|META LOGGING' ReleaseNotes/kor/Altibase_8_1_0_0_1_Release_Notes.md GPTs/attachments/00_version_release_platform.md
SRC-REL-8.1-000008	release_notes_platform	8.1	ReleaseNotes/kor/Altibase_8_1_0_0_1_Release_Notes.md	Altibase 8.1.0.0.1 Release Notes > compatibility changes	compatibility rule	8.1.0; META; 10; 10.1.1; 7.1.9; 7.4.9; LAZY; EAGER; DDL replication; DBMS_METADATA; ILOADER_FIELD_TERM; ILOADER_ROW_TERM	The 8.1 release note changes database binary version to 8.1.0, META major version to 10, communication protocol to 7.1.9, keeps replication protocol at 7.4.9, and records DBMS_METADATA, iLoader delimiter, client, and replication compatibility cautions.	GPTs/attachments/00_version_release_platform.md	Covered	Component Version Matrix; Upgrade Risk Blocks; Quick Version Difference Summary > Altibase 8.1		FCA-J004	rg -n '8.1.0|META|10|10.1.1|7.1.9|7.4.9|LAZY|EAGER|DBMS_METADATA|ILOADER_FIELD_TERM|ILOADER_ROW_TERM' ReleaseNotes/kor/Altibase_8_1_0_0_1_Release_Notes.md GPTs/attachments/00_version_release_platform.md
SRC-REL-8.1-000009	release_notes_platform	8.1	ReleaseNotes/kor/Altibase_8_1_0_0_1_Release_Notes.md	Altibase 8.1.0.0.1 Release Notes > server property, meta table, and performance view changes	version note	Altibase server properties; new properties; changed properties; deleted properties; meta table; performance view; V$TEMPORARY_LOBS	The 8.1 release note contains itemized server-property and performance-view changes, including V$TEMPORARY_LOBS, but the current attachment set does not preserve the complete release-note property/view inventory as a single answer-ready block.	GPTs/attachments/05_data_types_properties.md	Missing			FCA-J004	source locator: ReleaseNotes/kor/Altibase_8_1_0_0_1_Release_Notes.md lines 299-350; rg -n 'V\$TEMPORARY_LOBS' ReleaseNotes/kor/Altibase_8_1_0_0_1_Release_Notes.md GPTs/attachments/00_version_release_platform.md
SRC-PLAT-XVER-000001	release_notes_platform	cross-version	Technical Documents/kor/Supported Platforms.md	Supported Platforms > overview and common table rules	platform rule	64-bit; patch version; major version; Altibase Support; OS; CPU; glibc	The supported-platform document defines common platform-reading rules: 7.1/7.3 server and client packages are 64-bit, missing patch-version notation means all patch versions for that major line, and unlisted operating systems require Altibase Support confirmation.	GPTs/attachments/00_version_release_platform.md	Covered	Platform Support Blocks > Common Platform Rules; Platform Answer Checklist		FCA-J004	source locator: Technical Documents/kor/Supported Platforms.md lines 29-34, 37-85, 105-153; rg -n 'Common Platform Rules|Platform Answer Checklist' GPTs/attachments/00_version_release_platform.md
SRC-PLAT-XVER-000002	release_notes_platform	cross-version	Technical Documents/kor/Supported Platforms.md	Supported Platforms > overview > unlisted OS support	platform rule	Altibase Support; exact version; patch level; OS; CPU; glibc; JDK/JRE	For operating systems not listed in the supported-platform table, the selected source does not establish support and customer guidance must collect exact version, patch, component, OS, CPU architecture, glibc/libc, and Java inputs before escalation.	GPTs/attachments/00_version_release_platform.md	Guardrail	Response Rules; Platform Support Blocks > Common Platform Rules; Platform Answer Checklist	The supported-platform source explicitly sends unlisted OS compatibility to Altibase Support; ask for exact Altibase version/patch, component, OS/version, CPU architecture, glibc/libc where relevant, and Java/tool package version before giving final support guidance.	FCA-J004	source locator: Technical Documents/kor/Supported Platforms.md lines 29-34; rg -n 'Altibase Support|Platform Answer Checklist|direct the customer to Altibase Support' GPTs/attachments/00_version_release_platform.md
SRC-PLAT-7.1-000001	release_notes_platform	7.1	Technical Documents/kor/Supported Platforms.md	Supported Platforms > Altibase 7.1 > Server and Client	platform rule	AIX 7.2 TL2; Altibase 7.1.0.4.7; HP-UX 11.31; Oracle Linux 9; Red Hat Enterprise Linux 9; glibc 2.34; Altibase 7.1.0.10.0; Ubuntu 18; Ubuntu 16; Altibase 7.1.0.7.2; POWER8(LE); Altibase 7.1.0.0.8; Microsoft Windows 10; Microsoft Windows 2008; Altibase Client 7.1.0.4.5	The current 7.1 supported-platform table lists 7.1 server/client support and patch conditions across AIX, HP-UX, Red Hat-based Linux, Debian-based Linux, Linux on Power, POWER8(LE), and Windows x64 client-only packages.	GPTs/attachments/00_version_release_platform.md	Covered	Platform Support Blocks > Altibase 7.1 Server and Client Platforms		FCA-J004	rg -n 'Altibase 7.1 Server & Client|Altibase 7.1.0.10.0|Altibase 7.1.0.7.2|Altibase 7.1.0.0.8|Microsoft Windows 2008' 'Technical Documents/kor/Supported Platforms.md' GPTs/attachments/00_version_release_platform.md
SRC-PLAT-7.1-000002	release_notes_platform	7.1	Technical Documents/kor/Supported Platforms.md	Supported Platforms > Altibase 7.1 > Library and Tools	platform rule	PDO_ALTIBASE-1.x.x; PDO_ALTIBASE-2.x.x; altiMon; Adapter for JDBC; Adapter for Oracle; AIX; HP-UX; Linux; Windows; Altibase 7.1.0.1.9; Altibase 7.1.0.3.6	The current 7.1 library/tool table records PDO, altiMon, Adapter for JDBC, and Adapter for Oracle support by OS family, including patch conditions for altiMon and Adapter for JDBC on specific platforms.	GPTs/attachments/00_version_release_platform.md	Covered	Platform Support Blocks > Altibase 7.1 Server and Client Platforms		FCA-J004	rg -n 'Altibase 7.1 Library & Tools|PDO_ALTIBASE|altiMon|Adapter for JDBC|Adapter for Oracle|7.1.0.1.9|7.1.0.3.6' 'Technical Documents/kor/Supported Platforms.md' GPTs/attachments/00_version_release_platform.md
SRC-PLAT-7.3-000001	release_notes_platform	7.3	Technical Documents/kor/Supported Platforms.md	Supported Platforms > Altibase 7.3 > Server and Client	platform rule	LinuxONE; s390x; Red Hat Enterprise Linux 8; Altibase 7.3.0.1.2; Oracle Linux 9; Red Hat Enterprise Linux 9; CentOS 9; Rocky Linux 9; glibc 2.34; Altibase 7.3.0.0.9; AIX 7.2; AIX 7.1; AIX 6.1 TL9; HP-UX 11.31; Microsoft Windows 10	The current 7.3 supported-platform table lists 7.3 server/client support and patch conditions across LinuxONE, Red Hat-based Linux, Debian-based Linux, Linux on Power, POWER8(LE), AIX, HP-UX, and Windows x64 client-only packages.	GPTs/attachments/00_version_release_platform.md	Covered	Platform Support Blocks > Altibase 7.3 Server and Client Platforms		FCA-J004	rg -n 'Altibase 7.3 Server & Client|LinuxONE|7.3.0.1.2|7.3.0.0.9|AIX 6.1 TL9|Microsoft Windows 10' 'Technical Documents/kor/Supported Platforms.md' GPTs/attachments/00_version_release_platform.md
SRC-PLAT-7.3-000002	release_notes_platform	7.3	Technical Documents/kor/Supported Platforms.md	Supported Platforms > Altibase 7.3 > Library and Tools	platform rule	PDO_ALTIBASE-1.x.x; PDO_ALTIBASE-2.x.x; altiMon; Adapter for JDBC; Adapter for Oracle; LinuxONE; s390x; Altibase 7.3.0.1.2; Altibase 7.3.0.0.9; Windows	The current 7.3 library/tool table records PDO, altiMon, Adapter for JDBC, and Adapter for Oracle support by OS family, including LinuxONE and RHEL9 patch boundaries and Windows non-support for the listed tools.	GPTs/attachments/00_version_release_platform.md	Covered	Platform Support Blocks > Altibase 7.3 Server and Client Platforms		FCA-J004	rg -n 'Altibase 7.3 Library & Tools|PDO_ALTIBASE|altiMon|Adapter for JDBC|Adapter for Oracle|7.3.0.1.2|7.3.0.0.9' 'Technical Documents/kor/Supported Platforms.md' GPTs/attachments/00_version_release_platform.md
SRC-PLAT-8.1-000001	release_notes_platform	8.1	ReleaseNotes/kor/Altibase_8_1_0_0_1_Release_Notes.md	Altibase 8.1.0.0.1 Release Notes > operating system and platform	platform rule	AIX 7.2; Red Hat Enterprise Linux 9; Red Hat Enterprise Linux 7; Red Hat Enterprise Linux 8; GNU glibc 2.34; GNU glibc 2.12 ~ 2.33; Microsoft Windows 2008; Microsoft Windows 10; client-only; JDK 1.8	The 8.1 release note platform table lists AIX 7.2, RHEL 7/8/9, and Windows 2008/10 client-only support; HP-UX, Linux on Power, LinuxONE, Ubuntu, and Windows server are not listed for 8.1 in this source.	GPTs/attachments/00_version_release_platform.md	Covered	Platform Support Blocks > Altibase 8.1 Server and Client Platforms		FCA-J004	rg -n 'AIX 7.2|Red Hat Enterprise Linux 9|Red Hat Enterprise Linux 7|Microsoft Windows 2008|JDK 1.8|Not listed for 8.1' ReleaseNotes/kor/Altibase_8_1_0_0_1_Release_Notes.md GPTs/attachments/00_version_release_platform.md
SRC-PLAT-XVER-000003	release_notes_platform	cross-version	Technical Documents/kor/Supported Platforms.md	Supported Platforms > Altibase 6.5.1	platform rule	Altibase 6.5.1; 32-bit; Solaris; Windows Server 2019; Windows Server 2016; Windows Server 2012	The supported-platform document includes Altibase 6.5.1 historical platform tables, but the full coverage audit customer answer scope is Altibase 7.1, 7.3, and 8.1 unless a later migration/historical job explicitly records a 6.x row.	N/A	Out-of-scope		Altibase 6.5.1 platform support is outside the locked customer-facing upload scope of Altibase 7.1, 7.3, and 8.1; do not use 6.5.1 platform rows to answer 7.x or 8.1 support questions.	FCA-J004	source locator: Technical Documents/kor/Supported Platforms.md lines 167-254; rg -n 'Altibase 6.5.1|Do not use 6.5.1 platform support' GPTs/attachments/00_version_release_platform.md
SRC-REL-PATCH-000001	release_notes_platform	patch-specific	ReleaseNotes/kor/Altibase_Migration_Center_7_10_Release_Notes.md	Altibase Migration Center 7.10 Release Notes > release-note document boundary	release note	7.10; BUG-49579; BUG-49595; BUG-49731	Altibase Migration Center 7.10 Release Notes is a selected Korean release-note document with 3 BUG-token references; exact release/version boundaries must be preserved for routing and later matrix checks. The current attachment target does not preserve this exact release-note version as an answer-ready block.	GPTs/attachments/15_migration_oracle_compatibility.md	Missing			FCA-J004	rg -n 'Release Notes|BUG-' ReleaseNotes/kor/Altibase_Migration_Center_7_10_Release_Notes.md
SRC-REL-PATCH-000002	release_notes_platform	patch-specific	ReleaseNotes/kor/Altibase_Migration_Center_7_11_Release_Notes.md	Altibase Migration Center 7.11 Release Notes > release-note document boundary	release note	7.11; BUG-49950; BUG-49951	Altibase Migration Center 7.11 Release Notes is a selected Korean release-note document with 2 BUG-token references; exact release/version boundaries must be preserved for routing and later matrix checks. The current attachment target does not preserve this exact release-note version as an answer-ready block.	GPTs/attachments/15_migration_oracle_compatibility.md	Missing			FCA-J004	rg -n 'Release Notes|BUG-' ReleaseNotes/kor/Altibase_Migration_Center_7_11_Release_Notes.md
SRC-REL-PATCH-000003	release_notes_platform	patch-specific	ReleaseNotes/kor/Altibase_Migration_Center_7_12_Release_Notes.md	Altibase Migration Center 7.12 Release Notes > release-note document boundary	release note	7.12; BUG-50092	Altibase Migration Center 7.12 Release Notes is a selected Korean release-note document with 1 BUG-token references; exact release/version boundaries must be preserved for routing and later matrix checks. The current attachment target does not preserve this exact release-note version as an answer-ready block.	GPTs/attachments/15_migration_oracle_compatibility.md	Missing			FCA-J004	rg -n 'Release Notes|BUG-' ReleaseNotes/kor/Altibase_Migration_Center_7_12_Release_Notes.md
SRC-REL-PATCH-000004	release_notes_platform	patch-specific	ReleaseNotes/kor/Altibase_Migration_Center_7_13_Release_Notes.md	Altibase Migration Center 7.13 Release Notes > release-note document boundary	release note	7.13; BUG-50160; BUG-50173; BUG-50180	Altibase Migration Center 7.13 Release Notes is a selected Korean release-note document with 3 BUG-token references; exact release/version boundaries must be preserved for routing and later matrix checks. The current attachment target does not preserve this exact release-note version as an answer-ready block.	GPTs/attachments/15_migration_oracle_compatibility.md	Missing			FCA-J004	rg -n 'Release Notes|BUG-' ReleaseNotes/kor/Altibase_Migration_Center_7_13_Release_Notes.md
SRC-REL-PATCH-000005	release_notes_platform	patch-specific	ReleaseNotes/kor/Altibase_Migration_Center_7_14_Release_Notes.md	Altibase Migration Center 7.14 Release Notes > release-note document boundary	release note	7.14; BUG-50263; BUG-50652; BUG-50821; BUG-50827; BUG-51034; BUG-51035; BUG-51075; BUG-51076	Altibase Migration Center 7.14 Release Notes is a selected Korean release-note document with 8 BUG-token references; exact release/version boundaries must be preserved for routing and later matrix checks. The current attachment target does not preserve this exact release-note version as an answer-ready block.	GPTs/attachments/15_migration_oracle_compatibility.md	Missing			FCA-J004	rg -n 'Release Notes|BUG-' ReleaseNotes/kor/Altibase_Migration_Center_7_14_Release_Notes.md
SRC-REL-PATCH-000006	release_notes_platform	patch-specific	ReleaseNotes/kor/Altibase_Migration_Center_7_15_Release_Notes.md	Altibase Migration Center 7.15 Release Notes > release-note document boundary	release note	7.15; BUG-51219; BUG-51220; BUG-51311; BUG-51319	Altibase Migration Center 7.15 Release Notes is a selected Korean release-note document with 4 BUG-token references; exact release/version boundaries must be preserved for routing and later matrix checks. The current attachment target does not preserve this exact release-note version as an answer-ready block.	GPTs/attachments/15_migration_oracle_compatibility.md	Missing			FCA-J004	rg -n 'Release Notes|BUG-' ReleaseNotes/kor/Altibase_Migration_Center_7_15_Release_Notes.md
SRC-REL-PATCH-000007	release_notes_platform	patch-specific	ReleaseNotes/kor/Altibase_Migration_Center_7_16_Release_Notes.md	Altibase Migration Center 7.16 Release Notes > release-note document boundary	release note	7.16; BUG-51321; BUG-51472; BUG-51650	Altibase Migration Center 7.16 Release Notes is a selected Korean release-note document with 3 BUG-token references; exact release/version boundaries must be preserved for routing and later matrix checks. The current attachment target does not preserve this exact release-note version as an answer-ready block.	GPTs/attachments/15_migration_oracle_compatibility.md	Missing			FCA-J004	rg -n 'Release Notes|BUG-' ReleaseNotes/kor/Altibase_Migration_Center_7_16_Release_Notes.md
SRC-REL-PATCH-000008	release_notes_platform	patch-specific	ReleaseNotes/kor/Altibase_Migration_Center_7_17_Release_Notes.md	Altibase Migration Center 7.17 Release Notes > release-note document boundary	release note	7.17	Altibase Migration Center 7.17 Release Notes is a selected Korean release-note document with 0 BUG-token references; exact release/version boundaries must be preserved for routing and later matrix checks. The current attachment target does not preserve this exact release-note version as an answer-ready block.	GPTs/attachments/15_migration_oracle_compatibility.md	Missing			FCA-J004	rg -n 'Release Notes|BUG-' ReleaseNotes/kor/Altibase_Migration_Center_7_17_Release_Notes.md
SRC-REL-PATCH-000009	release_notes_platform	patch-specific	ReleaseNotes/kor/Altibase_Migration_Center_7_18_Release_Notes.md	Altibase Migration Center 7.18 Release Notes > release-note document boundary	release note	7.18	Altibase Migration Center 7.18 Release Notes is a selected Korean release-note document with 0 BUG-token references; exact release/version boundaries must be preserved for routing and later matrix checks. The current attachment target does not preserve this exact release-note version as an answer-ready block.	GPTs/attachments/15_migration_oracle_compatibility.md	Missing			FCA-J004	rg -n 'Release Notes|BUG-' ReleaseNotes/kor/Altibase_Migration_Center_7_18_Release_Notes.md
SRC-REL-PATCH-000010	release_notes_platform	patch-specific	ReleaseNotes/kor/Altibase_Migration_Center_7_19_Release_Notes.md	Altibase Migration Center 7.19 Release Notes > release-note document boundary	release note	7.19	Altibase Migration Center 7.19 Release Notes is a selected Korean release-note document with 0 BUG-token references; exact release/version boundaries must be preserved for routing and later matrix checks.	GPTs/attachments/15_migration_oracle_compatibility.md	Covered-by-routing	Exact block: Migration Center 7.19 runtime and database scope		FCA-J004	rg -n 'Release Notes|BUG-' ReleaseNotes/kor/Altibase_Migration_Center_7_19_Release_Notes.md
SRC-REL-PATCH-000011	release_notes_platform	patch-specific	ReleaseNotes/kor/Altibase_Migration_Center_7_9_Release_Notes.md	- Altibase Migration Center 7.9 Release Notes > release-note document boundary	release note	7.9; BUG-47352; BUG-47372; BUG-47376; BUG-47381; BUG-47402; BUG-47408; BUG-47409; BUG-48340; BUG-48672; BUG-49467; BUG-49499	- Altibase Migration Center 7.9 Release Notes is a selected Korean release-note document with 11 BUG-token references; exact release/version boundaries must be preserved for routing and later matrix checks. The current attachment target does not preserve this exact release-note version as an answer-ready block.	GPTs/attachments/15_migration_oracle_compatibility.md	Missing			FCA-J004	rg -n 'Release Notes|BUG-' ReleaseNotes/kor/Altibase_Migration_Center_7_9_Release_Notes.md
SRC-REL-PATCH-000012	release_notes_platform	patch-specific	ReleaseNotes/kor/Altibase_Replication_Manager_1_2_Release_Notes.md	Altibase Replication Manager 1.2 Release Notes > release-note document boundary	release note	1.2; BUG-46677; BUG-46683	Altibase Replication Manager 1.2 Release Notes is a selected Korean release-note document with 2 BUG-token references; exact release/version boundaries must be preserved for routing and later matrix checks.	GPTs/attachments/09_replication_ha_cdc.md	Covered-by-routing	Replication Manager		FCA-J004	rg -n 'Release Notes|BUG-' ReleaseNotes/kor/Altibase_Replication_Manager_1_2_Release_Notes.md
SRC-REL-PATCH-000013	release_notes_platform	patch-specific	ReleaseNotes/kor/Altibase_Replication_Manager_1_3_Release_Notes.md	Replication Manager Release Notes > release-note document boundary	release note	1.3; BUG-46876; BUG-47926; BUG-47927; BUG-49483; BUG-49500	Replication Manager Release Notes is a selected Korean release-note document with 5 BUG-token references; exact release/version boundaries must be preserved for routing and later matrix checks.	GPTs/attachments/09_replication_ha_cdc.md	Covered-by-routing	Replication Manager		FCA-J004	rg -n 'Release Notes|BUG-' ReleaseNotes/kor/Altibase_Replication_Manager_1_3_Release_Notes.md
SRC-REL-PATCH-000014	release_notes_platform	patch-specific	ReleaseNotes/kor/Altibase_Replication_Manager_1_4_Release_Notes.md	Replication Manager Release Notes > release-note document boundary	release note	1.4; BUG-50573	Replication Manager Release Notes is a selected Korean release-note document with 1 BUG-token references; exact release/version boundaries must be preserved for routing and later matrix checks.	GPTs/attachments/09_replication_ha_cdc.md	Covered-by-routing	Replication Manager		FCA-J004	rg -n 'Release Notes|BUG-' ReleaseNotes/kor/Altibase_Replication_Manager_1_4_Release_Notes.md
SRC-REL-PATCH-000015	release_notes_platform	patch-specific	ReleaseNotes/kor/Altibase_ShardManager_v.3.2_Release_Notes.md	Altibase Shard Manager Release Notes > release-note document boundary	release note	3.2	Altibase Shard Manager Release Notes is a selected Korean release-note document with 0 BUG-token references; exact release/version boundaries must be preserved for routing and later matrix checks.	GPTs/attachments/00_version_release_platform.md	Guardrail	Residual Scope	The locked release-note root contains this product/tool release note, but the 20-file attachment/source-family map has no dedicated answer-ready owner for ShardManager/Sharding/Windows2026 procedures; ask for the exact product, release, task, and selected source owner before giving customer steps.	FCA-J004	rg -n 'Release Notes|BUG-' ReleaseNotes/kor/Altibase_ShardManager_v.3.2_Release_Notes.md
SRC-REL-PATCH-000016	release_notes_platform	patch-specific	ReleaseNotes/kor/Altibase_Sharding3_3_2_0_0_1_Release_Notes.md	Altibase Sharding 3 Release Notes > release-note document boundary	release note	3.2.0.0.1	Altibase Sharding 3 Release Notes is a selected Korean release-note document with 0 BUG-token references; exact release/version boundaries must be preserved for routing and later matrix checks.	GPTs/attachments/00_version_release_platform.md	Guardrail	Residual Scope	The locked release-note root contains this product/tool release note, but the 20-file attachment/source-family map has no dedicated answer-ready owner for ShardManager/Sharding/Windows2026 procedures; ask for the exact product, release, task, and selected source owner before giving customer steps.	FCA-J004	rg -n 'Release Notes|BUG-' ReleaseNotes/kor/Altibase_Sharding3_3_2_0_0_1_Release_Notes.md
SRC-REL-PATCH-000017	release_notes_platform	patch-specific	ReleaseNotes/kor/Altibase_Windows2026_2_6_0_0_1_Release_Notes.md	Altibase Windows 2026 Release Notes > release-note document boundary	release note	2.6.0.0.1	Altibase Windows 2026 Release Notes is a selected Korean release-note document with 0 BUG-token references; exact release/version boundaries must be preserved for routing and later matrix checks.	GPTs/attachments/00_version_release_platform.md	Guardrail	Residual Scope	The locked release-note root contains this product/tool release note, but the 20-file attachment/source-family map has no dedicated answer-ready owner for ShardManager/Sharding/Windows2026 procedures; ask for the exact product, release, task, and selected source owner before giving customer steps.	FCA-J004	rg -n 'Release Notes|BUG-' ReleaseNotes/kor/Altibase_Windows2026_2_6_0_0_1_Release_Notes.md
SRC-REL-PATCH-000018	release_notes_platform	patch-specific	ReleaseNotes/kor/Altibase_altiShapeLoader_1_0_Release_Notes.md	altiShapeLoader Release Notes > release-note document boundary	release note	1.0	altiShapeLoader Release Notes is a selected Korean release-note document with 0 BUG-token references; exact release/version boundaries must be preserved for routing and later matrix checks.	GPTs/attachments/19_spatial_nifi_tableau_misc.md	Covered-by-routing	altiShapeLoader Overview		FCA-J004	rg -n 'Release Notes|BUG-' ReleaseNotes/kor/Altibase_altiShapeLoader_1_0_Release_Notes.md
SRC-REL-PATCH-000019	release_notes_platform	patch-specific	ReleaseNotes/kor/Altibase_dataCompJ_7_2_Release_Notes.md	dataCompJ Release Notes > release-note document boundary	release note	7.2; BUG-45222; BUG-46675; BUG-46689; BUG-49501	dataCompJ Release Notes is a selected Korean release-note document with 4 BUG-token references; exact release/version boundaries must be preserved for routing and later matrix checks.	GPTs/attachments/14_utilities_operation_tools.md	Covered-by-routing	Tool Block: dataCompJ		FCA-J004	rg -n 'Release Notes|BUG-' ReleaseNotes/kor/Altibase_dataCompJ_7_2_Release_Notes.md
SRC-PATCH-PATCH-000001	patch_notes	patch-specific	PatchNotes/Altibase_7.1/kor/Altibase_7_1_0_1_3_Patch_Notes.md	Altibase 7.1.0.1.3 Patch Notes > New Features, Fixed Bugs, and Changes	version note	7.1.0.1.3; BUG-45145; BUG-45802; BUG-45830; BUG-45858; BUG-45921; BUG-45924; BUG-45934; BUG-45978; BUG-45936; BUG-45953; BUG-45344; BUG-45618; BUG-45722; BUG-45813; BUG-45825; BUG-45838; BUG-45856; BUG-45857; BUG-45864; BUG-45872; BUG-45883; BUG-45893; BUG-45904; BUG-45909; BUG-45925; BUG-45935; BUG-45958; BUG-45976; BUG-45979; BUG-45981; BUG-45989; BUG-45990; Version Info; database binary version; meta version; cm protocol version; replication protocol version	Altibase 7.1.0.1.3 Korean patch note records 10 new-feature and 22 fixed-bug BUG entries plus Version Info, compatibility, property, and performance-view change sections; the attachment set has only generic patch caveats, not this exact patch change set.	GPTs/attachments/00_version_release_platform.md	Missing			FCA-J004	rg -n '^### BUG-|^### Version Info|^New Features|^Fixed Bugs|^Changes' PatchNotes/Altibase_7.1/kor/Altibase_7_1_0_1_3_Patch_Notes.md
SRC-PATCH-PATCH-000002	patch_notes	patch-specific	PatchNotes/Altibase_7.1/kor/Altibase_7_1_0_1_4_Patch_Notes.md	Altibase 7.1.0.1.4 Patch Notes > New Features, Fixed Bugs, and Changes	version note	7.1.0.1.4; BUG-45779; BUG-45701; BUG-46032; BUG-45946; BUG-46308; BUG-45972; BUG-45984; BUG-46209; BUG-46011; BUG-46016; BUG-46065; BUG-46074; BUG-46095; BUG-46151; BUG-46154; BUG-46158; BUG-46163; BUG-46229; BUG-46245; BUG-46273; BUG-46067; BUG-45053; BUG-45060; BUG-45264; BUG-45643; BUG-45652; BUG-45898; BUG-45948; BUG-45961; BUG-46010; BUG-46023; BUG-46051; BUG-46068; BUG-46113; BUG-46123; BUG-46130; BUG-46157; BUG-46161; BUG-46184; BUG-46197; BUG-46202; BUG-46230; BUG-46239; BUG-46242; BUG-46249; BUG-46264; BUG-46265; BUG-46274; BUG-46279; BUG-46286; Version Info; database binary version; meta version; cm protocol version; replication protocol version	Altibase 7.1.0.1.4 Korean patch note records 21 new-feature and 29 fixed-bug BUG entries plus Version Info, compatibility, property, and performance-view change sections; the attachment set has only generic patch caveats, not this exact patch change set.	GPTs/attachments/00_version_release_platform.md	Missing			FCA-J004	rg -n '^### BUG-|^### Version Info|^New Features|^Fixed Bugs|^Changes' PatchNotes/Altibase_7.1/kor/Altibase_7_1_0_1_4_Patch_Notes.md
SRC-PATCH-PATCH-000003	patch_notes	patch-specific	PatchNotes/Altibase_7.1/kor/Altibase_7_1_0_1_5_Patch_Notes.md	Altibase 7.1.0.1.5 Patch Notes > New Features, Fixed Bugs, and Changes	version note	7.1.0.1.5; BUG-46475; BUG-46216; BUG-46352; BUG-46411; BUG-46443; BUG-46465; BUG-46309; BUG-46392; BUG-46416; BUG-46424; BUG-46183; BUG-46217; BUG-46266; BUG-46383; BUG-46384; BUG-46322; BUG-46410; BUG-46442; BUG-46292; BUG-46295; BUG-46310; BUG-46314; BUG-46354; BUG-46369; BUG-46385; BUG-46276; BUG-46393; BUG-46400; BUG-46277; BUG-46403; BUG-46448; BUG-46455; BUG-46469; Version Info; database binary version; meta version; cm protocol version; replication protocol version	Altibase 7.1.0.1.5 Korean patch note records 6 new-feature and 27 fixed-bug BUG entries plus Version Info, compatibility, property, and performance-view change sections; the attachment set has only generic patch caveats, not this exact patch change set.	GPTs/attachments/00_version_release_platform.md	Missing			FCA-J004	rg -n '^### BUG-|^### Version Info|^New Features|^Fixed Bugs|^Changes' PatchNotes/Altibase_7.1/kor/Altibase_7_1_0_1_5_Patch_Notes.md
SRC-PATCH-PATCH-000004	patch_notes	patch-specific	PatchNotes/Altibase_7.1/kor/Altibase_7_1_0_1_6_Patch_Notes.md	Altibase 7.1.0.1.6 Patch Notes > New Features, Fixed Bugs, and Changes	version note	7.1.0.1.6; BUG-46406; BUG-46481; BUG-46402; BUG-46436; BUG-46480; BUG-46485; BUG-46486; BUG-46085; BUG-46389; BUG-46390; BUG-46483; BUG-46508; BUG-46516; Version Info; database binary version; meta version; cm protocol version; replication protocol version	Altibase 7.1.0.1.6 Korean patch note records 7 new-feature and 6 fixed-bug BUG entries plus Version Info, compatibility, property, and performance-view change sections; the attachment set has only generic patch caveats, not this exact patch change set.	GPTs/attachments/00_version_release_platform.md	Missing			FCA-J004	rg -n '^### BUG-|^### Version Info|^New Features|^Fixed Bugs|^Changes' PatchNotes/Altibase_7.1/kor/Altibase_7_1_0_1_6_Patch_Notes.md
SRC-PATCH-PATCH-000005	patch_notes	patch-specific	PatchNotes/Altibase_7.1/kor/Altibase_7_1_0_1_7_Patch_Notes.md	Altibase 7.1.0.1.7 Patch Notes > New Features, Fixed Bugs, and Changes	version note	7.1.0.1.7; BUG-46418; BUG-46519; BUG-46526; Version Info; database binary version; meta version; cm protocol version; replication protocol version	Altibase 7.1.0.1.7 Korean patch note records 1 new-feature and 2 fixed-bug BUG entries plus Version Info, compatibility, property, and performance-view change sections; the attachment set has only generic patch caveats, not this exact patch change set.	GPTs/attachments/00_version_release_platform.md	Missing			FCA-J004	rg -n '^### BUG-|^### Version Info|^New Features|^Fixed Bugs|^Changes' PatchNotes/Altibase_7.1/kor/Altibase_7_1_0_1_7_Patch_Notes.md
SRC-PATCH-PATCH-000006	patch_notes	patch-specific	PatchNotes/Altibase_7.1/kor/Altibase_7_1_0_1_8_Patch_Notes.md	Altibase 7.1.0.1.8 Patch Notes > New Features, Fixed Bugs, and Changes	version note	7.1.0.1.8; BUG-46174; BUG-46120; BUG-46396; BUG-46515; BUG-46539; BUG-46550; BUG-46551; BUG-46552; BUG-46567; BUG-46572; BUG-46574; BUG-46586; BUG-46598; Version Info; database binary version; meta version; cm protocol version; replication protocol version	Altibase 7.1.0.1.8 Korean patch note records 0 new-feature and 0 fixed-bug BUG entries plus Version Info, compatibility, property, and performance-view change sections; the attachment set has only generic patch caveats, not this exact patch change set.	GPTs/attachments/00_version_release_platform.md	Missing			FCA-J004	rg -n '^### BUG-|^### Version Info|^New Features|^Fixed Bugs|^Changes' PatchNotes/Altibase_7.1/kor/Altibase_7_1_0_1_8_Patch_Notes.md
SRC-PATCH-PATCH-000007	patch_notes	patch-specific	PatchNotes/Altibase_7.1/kor/Altibase_7_1_0_1_9_Patch_Notes.md	Altibase 7.1.0.1.9 Patch Notes > New Features, Fixed Bugs, and Changes	version note	7.1.0.1.9; BUG-45623; BUG-46296; BUG-46453; BUG-46593; BUG-46596; BUG-46607; BUG-46608; BUG-46620; BUG-46625; Version Info; database binary version; meta version; cm protocol version; replication protocol version	Altibase 7.1.0.1.9 Korean patch note records 0 new-feature and 9 fixed-bug BUG entries plus Version Info, compatibility, property, and performance-view change sections; the attachment set has only generic patch caveats, not this exact patch change set.	GPTs/attachments/00_version_release_platform.md	Missing			FCA-J004	rg -n '^### BUG-|^### Version Info|^New Features|^Fixed Bugs|^Changes' PatchNotes/Altibase_7.1/kor/Altibase_7_1_0_1_9_Patch_Notes.md
SRC-PATCH-PATCH-000008	patch_notes	patch-specific	PatchNotes/Altibase_7.1/kor/Altibase_7_1_0_2_0_Patch_Notes.md	Altibase 7.1.0.2.0 Patch Notes > New Features, Fixed Bugs, and Changes	version note	7.1.0.2.0; BUG-46502; BUG-46594; BUG-46644; BUG-46666; BUG-46678; BUG-46679; BUG-46709; Version Info; database binary version; meta version; cm protocol version; replication protocol version	Altibase 7.1.0.2.0 Korean patch note records 0 new-feature and 7 fixed-bug BUG entries plus Version Info, compatibility, property, and performance-view change sections; the attachment set has only generic patch caveats, not this exact patch change set.	GPTs/attachments/00_version_release_platform.md	Missing			FCA-J004	rg -n '^### BUG-|^### Version Info|^New Features|^Fixed Bugs|^Changes' PatchNotes/Altibase_7.1/kor/Altibase_7_1_0_2_0_Patch_Notes.md
SRC-PATCH-PATCH-000009	patch_notes	patch-specific	PatchNotes/Altibase_7.1/kor/Altibase_7_1_0_2_1_Patch_Notes.md	Altibase 7.1.0.2.1 Patch Notes > New Features, Fixed Bugs, and Changes	version note	7.1.0.2.1; BUG-46702; BUG-46806; BUG-46703; BUG-46719; BUG-46727; BUG-46755; BUG-46826; BUG-46781; BUG-46825; BUG-46832; BUG-46208; BUG-46670; BUG-46680; BUG-46697; BUG-46700; BUG-46708; BUG-46728; BUG-46731; BUG-46754; BUG-46757; BUG-46782; BUG-46800; BUG-46805; BUG-46816; BUG-46836; Version Info; database binary version; meta version; cm protocol version; replication protocol version	Altibase 7.1.0.2.1 Korean patch note records 10 new-feature and 15 fixed-bug BUG entries plus Version Info, compatibility, property, and performance-view change sections; the attachment set has only generic patch caveats, not this exact patch change set.	GPTs/attachments/00_version_release_platform.md	Missing			FCA-J004	rg -n '^### BUG-|^### Version Info|^New Features|^Fixed Bugs|^Changes' PatchNotes/Altibase_7.1/kor/Altibase_7_1_0_2_1_Patch_Notes.md
SRC-PATCH-PATCH-000010	patch_notes	patch-specific	PatchNotes/Altibase_7.1/kor/Altibase_7_1_0_2_2_Patch_Notes.md	Altibase 7.1.0.2.2 Patch Notes > New Features, Fixed Bugs, and Changes	version note	7.1.0.2.2; BUG-46602; Version Info; database binary version; meta version; cm protocol version; replication protocol version	Altibase 7.1.0.2.2 Korean patch note records 0 new-feature and 1 fixed-bug BUG entries plus Version Info, compatibility, property, and performance-view change sections; the attachment set has only generic patch caveats, not this exact patch change set.	GPTs/attachments/00_version_release_platform.md	Missing			FCA-J004	rg -n '^### BUG-|^### Version Info|^New Features|^Fixed Bugs|^Changes' PatchNotes/Altibase_7.1/kor/Altibase_7_1_0_2_2_Patch_Notes.md
SRC-PATCH-PATCH-000011	patch_notes	patch-specific	PatchNotes/Altibase_7.1/kor/Altibase_7_1_0_2_3_Patch_Notes.md	Altibase 7.1.0.2.3 Patch Notes > New Features, Fixed Bugs, and Changes	version note	7.1.0.2.3; BUG-46837; BUG-46866; BUG-46882; BUG-46883; BUG-46529; BUG-46661; BUG-46803; BUG-46804; BUG-46885; BUG-46889; BUG-46890; BUG-46891; BUG-46893; BUG-46903; BUG-46910; Version Info; database binary version; meta version; cm protocol version; replication protocol version	Altibase 7.1.0.2.3 Korean patch note records 4 new-feature and 11 fixed-bug BUG entries plus Version Info, compatibility, property, and performance-view change sections; the attachment set has only generic patch caveats, not this exact patch change set.	GPTs/attachments/00_version_release_platform.md	Missing			FCA-J004	rg -n '^### BUG-|^### Version Info|^New Features|^Fixed Bugs|^Changes' PatchNotes/Altibase_7.1/kor/Altibase_7_1_0_2_3_Patch_Notes.md
SRC-PATCH-PATCH-000012	patch_notes	patch-specific	PatchNotes/Altibase_7.1/kor/Altibase_7_1_0_2_4_Patch_Notes.md	Altibase 7.1.0.2.4 Patch Notes > New Features, Fixed Bugs, and Changes	version note	7.1.0.2.4; BUG-46892; BUG-46940; BUG-46942; BUG-46955; BUG-46977; Version Info; database binary version; meta version; cm protocol version; replication protocol version	Altibase 7.1.0.2.4 Korean patch note records 1 new-feature and 4 fixed-bug BUG entries plus Version Info, compatibility, property, and performance-view change sections; the attachment set has only generic patch caveats, not this exact patch change set.	GPTs/attachments/00_version_release_platform.md	Missing			FCA-J004	rg -n '^### BUG-|^### Version Info|^New Features|^Fixed Bugs|^Changes' PatchNotes/Altibase_7.1/kor/Altibase_7_1_0_2_4_Patch_Notes.md
SRC-PATCH-PATCH-000013	patch_notes	patch-specific	PatchNotes/Altibase_7.1/kor/Altibase_7_1_0_2_5_Patch_Notes.md	Altibase 7.1.0.2.5 Patch Notes > New Features, Fixed Bugs, and Changes	version note	7.1.0.2.5; BUG-46878; BUG-46938; BUG-46957; BUG-46977; BUG-47043; BUG-47048; BUG-47051; Version Info; database binary version; meta version; cm protocol version; replication protocol version	Altibase 7.1.0.2.5 Korean patch note records 1 new-feature and 6 fixed-bug BUG entries plus Version Info, compatibility, property, and performance-view change sections; the attachment set has only generic patch caveats, not this exact patch change set.	GPTs/attachments/00_version_release_platform.md	Missing			FCA-J004	rg -n '^### BUG-|^### Version Info|^New Features|^Fixed Bugs|^Changes' PatchNotes/Altibase_7.1/kor/Altibase_7_1_0_2_5_Patch_Notes.md
SRC-PATCH-PATCH-000014	patch_notes	patch-specific	PatchNotes/Altibase_7.1/kor/Altibase_7_1_0_2_6_Patch_Notes.md	Altibase 7.1.0.2.6 Patch Notes > New Features, Fixed Bugs, and Changes	version note	7.1.0.2.6; BUG-46824; BUG-46887; BUG-46922; BUG-47082; BUG-46409; BUG-46783; BUG-46879; BUG-47090; BUG-47095; BUG-47105; BUG-47115; BUG-47119; BUG-47121; BUG-47126; BUG-47128; BUG-47135; BUG-47136; BUG-47140; BUG-47142; BUG-47173; BUG-47195; Version Info; database binary version; meta version; cm protocol version; replication protocol version	Altibase 7.1.0.2.6 Korean patch note records 4 new-feature and 17 fixed-bug BUG entries plus Version Info, compatibility, property, and performance-view change sections; the attachment set has only generic patch caveats, not this exact patch change set.	GPTs/attachments/00_version_release_platform.md	Missing			FCA-J004	rg -n '^### BUG-|^### Version Info|^New Features|^Fixed Bugs|^Changes' PatchNotes/Altibase_7.1/kor/Altibase_7_1_0_2_6_Patch_Notes.md
SRC-PATCH-PATCH-000015	patch_notes	patch-specific	PatchNotes/Altibase_7.1/kor/Altibase_7_1_0_2_7_Patch_Notes.md	Altibase 7.1.0.2.7 Patch Notes > New Features, Fixed Bugs, and Changes	version note	7.1.0.2.7; BUG-47159; BUG-45933; BUG-46019; Version Info; database binary version; meta version; cm protocol version; replication protocol version	Altibase 7.1.0.2.7 Korean patch note records 1 new-feature and 2 fixed-bug BUG entries plus Version Info, compatibility, property, and performance-view change sections; the attachment set has only generic patch caveats, not this exact patch change set.	GPTs/attachments/00_version_release_platform.md	Missing			FCA-J004	rg -n '^### BUG-|^### Version Info|^New Features|^Fixed Bugs|^Changes' PatchNotes/Altibase_7.1/kor/Altibase_7_1_0_2_7_Patch_Notes.md
SRC-PATCH-PATCH-000016	patch_notes	patch-specific	PatchNotes/Altibase_7.1/kor/Altibase_7_1_0_2_8_Patch_Notes.md	Altibase 7.1.0.2.8 Patch Notes > New Features, Fixed Bugs, and Changes	version note	7.1.0.2.8; BUG-47149; BUG-47155; BUG-47306; BUG-47325; BUG-47334; BUG-47359; BUG-47361; BUG-47364; Version Info; database binary version; meta version; cm protocol version; replication protocol version	Altibase 7.1.0.2.8 Korean patch note records 0 new-feature and 8 fixed-bug BUG entries plus Version Info, compatibility, property, and performance-view change sections; the attachment set has only generic patch caveats, not this exact patch change set.	GPTs/attachments/00_version_release_platform.md	Missing			FCA-J004	rg -n '^### BUG-|^### Version Info|^New Features|^Fixed Bugs|^Changes' PatchNotes/Altibase_7.1/kor/Altibase_7_1_0_2_8_Patch_Notes.md
SRC-PATCH-PATCH-000017	patch_notes	patch-specific	PatchNotes/Altibase_7.1/kor/Altibase_7_1_0_2_9_Patch_Notes.md	Altibase 7.1.0.2.9 Patch Notes > New Features, Fixed Bugs, and Changes	version note	7.1.0.2.9; BUG-47020; BUG-47385; BUG-47387; BUG-47393; Version Info; database binary version; meta version; cm protocol version; replication protocol version	Altibase 7.1.0.2.9 Korean patch note records 0 new-feature and 4 fixed-bug BUG entries plus Version Info, compatibility, property, and performance-view change sections; the attachment set has only generic patch caveats, not this exact patch change set.	GPTs/attachments/00_version_release_platform.md	Missing			FCA-J004	rg -n '^### BUG-|^### Version Info|^New Features|^Fixed Bugs|^Changes' PatchNotes/Altibase_7.1/kor/Altibase_7_1_0_2_9_Patch_Notes.md
SRC-PATCH-PATCH-000018	patch_notes	patch-specific	PatchNotes/Altibase_7.1/kor/Altibase_7_1_0_3_0_Patch_Notes.md	Altibase 7.1.0.3.0 Patch Notes > New Features, Fixed Bugs, and Changes	version note	7.1.0.3.0; BUG-47347; BUG-47416; BUG-47456; BUG-47431; BUG-47436; BUG-47437; BUG-47434; BUG-46632; BUG-47371; BUG-47404; BUG-47410; BUG-47412; BUG-47414; BUG-47415; BUG-47424; BUG-47461; Version Info; database binary version; meta version; cm protocol version; replication protocol version	Altibase 7.1.0.3.0 Korean patch note records 7 new-feature and 9 fixed-bug BUG entries plus Version Info, compatibility, property, and performance-view change sections; the attachment set has only generic patch caveats, not this exact patch change set.	GPTs/attachments/00_version_release_platform.md	Missing			FCA-J004	rg -n '^### BUG-|^### Version Info|^New Features|^Fixed Bugs|^Changes' PatchNotes/Altibase_7.1/kor/Altibase_7_1_0_3_0_Patch_Notes.md
SRC-PATCH-PATCH-000019	patch_notes	patch-specific	PatchNotes/Altibase_7.1/kor/Altibase_7_1_0_3_1_Patch_Notes.md	Altibase 7.1.0.3.1 Patch Notes > New Features, Fixed Bugs, and Changes	version note	7.1.0.3.1; BUG-47458; BUG-47489; BUG-47219; BUG-47472; BUG-47474; BUG-47509; BUG-47516; Version Info; database binary version; meta version; cm protocol version; replication protocol version	Altibase 7.1.0.3.1 Korean patch note records 2 new-feature and 5 fixed-bug BUG entries plus Version Info, compatibility, property, and performance-view change sections; the attachment set has only generic patch caveats, not this exact patch change set.	GPTs/attachments/00_version_release_platform.md	Missing			FCA-J004	rg -n '^### BUG-|^### Version Info|^New Features|^Fixed Bugs|^Changes' PatchNotes/Altibase_7.1/kor/Altibase_7_1_0_3_1_Patch_Notes.md
SRC-PATCH-PATCH-000020	patch_notes	patch-specific	PatchNotes/Altibase_7.1/kor/Altibase_7_1_0_3_2_Patch_Notes.md	Altibase 7.1.0.3.2 Patch Notes > New Features, Fixed Bugs, and Changes	version note	7.1.0.3.2; BUG-47388; BUG-47344; BUG-47492; BUG-47522; BUG-47538; BUG-47541; BUG-47551; Version Info; database binary version; meta version; cm protocol version; replication protocol version	Altibase 7.1.0.3.2 Korean patch note records 1 new-feature and 6 fixed-bug BUG entries plus Version Info, compatibility, property, and performance-view change sections; the attachment set has only generic patch caveats, not this exact patch change set.	GPTs/attachments/00_version_release_platform.md	Missing			FCA-J004	rg -n '^### BUG-|^### Version Info|^New Features|^Fixed Bugs|^Changes' PatchNotes/Altibase_7.1/kor/Altibase_7_1_0_3_2_Patch_Notes.md
SRC-PATCH-PATCH-000021	patch_notes	patch-specific	PatchNotes/Altibase_7.1/kor/Altibase_7_1_0_3_3_Patch_Notes.md	Altibase 7.1.0.3.3 Patch Notes > New Features, Fixed Bugs, and Changes	version note	7.1.0.3.3; BUG-47589; BUG-47527; BUG-47540; BUG-47577; BUG-47586; BUG-47576; BUG-47600; Version Info; database binary version; meta version; cm protocol version; replication protocol version	Altibase 7.1.0.3.3 Korean patch note records 1 new-feature and 6 fixed-bug BUG entries plus Version Info, compatibility, property, and performance-view change sections; the attachment set has only generic patch caveats, not this exact patch change set.	GPTs/attachments/00_version_release_platform.md	Missing			FCA-J004	rg -n '^### BUG-|^### Version Info|^New Features|^Fixed Bugs|^Changes' PatchNotes/Altibase_7.1/kor/Altibase_7_1_0_3_3_Patch_Notes.md
SRC-PATCH-PATCH-000022	patch_notes	patch-specific	PatchNotes/Altibase_7.1/kor/Altibase_7_1_0_3_4_Patch_Notes.md	Altibase 7.1.0.3.4 Patch Notes > New Features, Fixed Bugs, and Changes	version note	7.1.0.3.4; BUG-47608; BUG-47614; BUG-47625; BUG-46001; BUG-46545; BUG-47615; BUG-47631; Version Info; database binary version; meta version; cm protocol version; replication protocol version	Altibase 7.1.0.3.4 Korean patch note records 3 new-feature and 4 fixed-bug BUG entries plus Version Info, compatibility, property, and performance-view change sections; the attachment set has only generic patch caveats, not this exact patch change set.	GPTs/attachments/00_version_release_platform.md	Missing			FCA-J004	rg -n '^### BUG-|^### Version Info|^New Features|^Fixed Bugs|^Changes' PatchNotes/Altibase_7.1/kor/Altibase_7_1_0_3_4_Patch_Notes.md
SRC-PATCH-PATCH-000023	patch_notes	patch-specific	PatchNotes/Altibase_7.1/kor/Altibase_7_1_0_3_5_Patch_Notes.md	Altibase 7.1.0.3.5 Patch Notes > New Features, Fixed Bugs, and Changes	version note	7.1.0.3.5; BUG-47648; BUG-45803; BUG-47618; BUG-47655; BUG-47659; Version Info; database binary version; meta version; cm protocol version; replication protocol version	Altibase 7.1.0.3.5 Korean patch note records 1 new-feature and 4 fixed-bug BUG entries plus Version Info, compatibility, property, and performance-view change sections; the attachment set has only generic patch caveats, not this exact patch change set.	GPTs/attachments/00_version_release_platform.md	Missing			FCA-J004	rg -n '^### BUG-|^### Version Info|^New Features|^Fixed Bugs|^Changes' PatchNotes/Altibase_7.1/kor/Altibase_7_1_0_3_5_Patch_Notes.md
SRC-PATCH-PATCH-000024	patch_notes	patch-specific	PatchNotes/Altibase_7.1/kor/Altibase_7_1_0_3_6_Patch_Notes.md	Altibase 7.1.0.3.6 Patch Notes > New Features, Fixed Bugs, and Changes	version note	7.1.0.3.6; BUG-47677; BUG-47691; BUG-47692; BUG-47727; BUG-47762; BUG-47639; BUG-45803; BUG-47580; BUG-47628; BUG-47647; BUG-47650; BUG-47658; BUG-47690; BUG-47693; BUG-47702; BUG-47714; BUG-47715; BUG-47732; BUG-47734; BUG-47735; BUG-47736; BUG-47741; BUG-47744; BUG-47745; BUG-47750; BUG-47751; BUG-47752; BUG-47754; BUG-47758; Version Info; database binary version; meta version; cm protocol version; replication protocol version	Altibase 7.1.0.3.6 Korean patch note records 6 new-feature and 23 fixed-bug BUG entries plus Version Info, compatibility, property, and performance-view change sections; the attachment set has only generic patch caveats, not this exact patch change set.	GPTs/attachments/00_version_release_platform.md	Missing			FCA-J004	rg -n '^### BUG-|^### Version Info|^New Features|^Fixed Bugs|^Changes' PatchNotes/Altibase_7.1/kor/Altibase_7_1_0_3_6_Patch_Notes.md
SRC-PATCH-PATCH-000025	patch_notes	patch-specific	PatchNotes/Altibase_7.1/kor/Altibase_7_1_0_3_7_Patch_Notes.md	Altibase 7.1.0.3.7 Patch Notes > New Features, Fixed Bugs, and Changes	version note	7.1.0.3.7; BUG-47730; BUG-47769; BUG-47772; BUG-47779; Version Info; database binary version; meta version; cm protocol version; replication protocol version	Altibase 7.1.0.3.7 Korean patch note records 0 new-feature and 4 fixed-bug BUG entries plus Version Info, compatibility, property, and performance-view change sections; the attachment set has only generic patch caveats, not this exact patch change set.	GPTs/attachments/00_version_release_platform.md	Missing			FCA-J004	rg -n '^### BUG-|^### Version Info|^New Features|^Fixed Bugs|^Changes' PatchNotes/Altibase_7.1/kor/Altibase_7_1_0_3_7_Patch_Notes.md
SRC-PATCH-PATCH-000026	patch_notes	patch-specific	PatchNotes/Altibase_7.1/kor/Altibase_7_1_0_3_8_Patch_Notes.md	Altibase 7.1.0.3.8 Patch Notes > New Features, Fixed Bugs, and Changes	version note	7.1.0.3.8; BUG-47681; BUG-47787; BUG-47806; BUG-47807; BUG-47813; BUG-47820; Version Info; database binary version; meta version; cm protocol version; replication protocol version	Altibase 7.1.0.3.8 Korean patch note records 0 new-feature and 6 fixed-bug BUG entries plus Version Info, compatibility, property, and performance-view change sections; the attachment set has only generic patch caveats, not this exact patch change set.	GPTs/attachments/00_version_release_platform.md	Missing			FCA-J004	rg -n '^### BUG-|^### Version Info|^New Features|^Fixed Bugs|^Changes' PatchNotes/Altibase_7.1/kor/Altibase_7_1_0_3_8_Patch_Notes.md
SRC-PATCH-PATCH-000027	patch_notes	patch-specific	PatchNotes/Altibase_7.1/kor/Altibase_7_1_0_3_9_Patch_Notes.md	Altibase 7.1.0.3.9 Patch Notes > New Features, Fixed Bugs, and Changes	version note	7.1.0.3.9; BUG-47836; BUG-47846; Version Info; database binary version; meta version; cm protocol version; replication protocol version	Altibase 7.1.0.3.9 Korean patch note records 0 new-feature and 2 fixed-bug BUG entries plus Version Info, compatibility, property, and performance-view change sections; the attachment set has only generic patch caveats, not this exact patch change set.	GPTs/attachments/00_version_release_platform.md	Missing			FCA-J004	rg -n '^### BUG-|^### Version Info|^New Features|^Fixed Bugs|^Changes' PatchNotes/Altibase_7.1/kor/Altibase_7_1_0_3_9_Patch_Notes.md
SRC-PATCH-PATCH-000028	patch_notes	patch-specific	PatchNotes/Altibase_7.1/kor/Altibase_7_1_0_4_0_Patch_Notes.md	Altibase 7.1.0.4.0 Patch Notes > New Features, Fixed Bugs, and Changes	version note	7.1.0.4.0; BUG-47805; BUG-47873; BUG-47816; BUG-47857; BUG-47883; BUG-47919; BUG-47966; BUG-47974; BUG-47963; BUG-47786; BUG-47840; BUG-47868; BUG-47884; BUG-47889; BUG-47900; BUG-47901; BUG-47910; BUG-47917; BUG-47918; BUG-47944; BUG-47945; BUG-47948; BUG-47953; BUG-47954; BUG-47970; BUG-47986; Version Info; database binary version; meta version; cm protocol version; replication protocol version	Altibase 7.1.0.4.0 Korean patch note records 9 new-feature and 17 fixed-bug BUG entries plus Version Info, compatibility, property, and performance-view change sections; the attachment set has only generic patch caveats, not this exact patch change set.	GPTs/attachments/00_version_release_platform.md	Missing			FCA-J004	rg -n '^### BUG-|^### Version Info|^New Features|^Fixed Bugs|^Changes' PatchNotes/Altibase_7.1/kor/Altibase_7_1_0_4_0_Patch_Notes.md
SRC-PATCH-PATCH-000029	patch_notes	patch-specific	PatchNotes/Altibase_7.1/kor/Altibase_7_1_0_4_1_Patch_Notes.md	Altibase 7.1.0.4.1 Patch Notes > New Features, Fixed Bugs, and Changes	version note	7.1.0.4.1; BUG-47931; BUG-47985; BUG-48007; BUG-47888; BUG-47959; BUG-48004; BUG-48015; BUG-48016; BUG-48018; Version Info; database binary version; meta version; cm protocol version; replication protocol version	Altibase 7.1.0.4.1 Korean patch note records 3 new-feature and 6 fixed-bug BUG entries plus Version Info, compatibility, property, and performance-view change sections; the attachment set has only generic patch caveats, not this exact patch change set.	GPTs/attachments/00_version_release_platform.md	Missing			FCA-J004	rg -n '^### BUG-|^### Version Info|^New Features|^Fixed Bugs|^Changes' PatchNotes/Altibase_7.1/kor/Altibase_7_1_0_4_1_Patch_Notes.md
SRC-PATCH-PATCH-000030	patch_notes	patch-specific	PatchNotes/Altibase_7.1/kor/Altibase_7_1_0_4_2_Patch_Notes.md	Altibase 7.1.0.4.2 Patch Notes > New Features, Fixed Bugs, and Changes	version note	7.1.0.4.2; BUG-48014; BUG-48023; BUG-48047; BUG-46438; BUG-47761; BUG-47967; BUG-48026; BUG-48036; BUG-48045; Version Info; database binary version; meta version; cm protocol version; replication protocol version	Altibase 7.1.0.4.2 Korean patch note records 3 new-feature and 6 fixed-bug BUG entries plus Version Info, compatibility, property, and performance-view change sections; the attachment set has only generic patch caveats, not this exact patch change set.	GPTs/attachments/00_version_release_platform.md	Missing			FCA-J004	rg -n '^### BUG-|^### Version Info|^New Features|^Fixed Bugs|^Changes' PatchNotes/Altibase_7.1/kor/Altibase_7_1_0_4_2_Patch_Notes.md
SRC-PATCH-PATCH-000031	patch_notes	patch-specific	PatchNotes/Altibase_7.1/kor/Altibase_7_1_0_4_3_Patch_Notes.md	Altibase 7.1.0.4.3 Patch Notes > New Features, Fixed Bugs, and Changes	version note	7.1.0.4.3; BUG-48038; BUG-48052; BUG-47902; BUG-47924; BUG-48000; BUG-48022; BUG-48051; BUG-46427; Version Info; database binary version; meta version; cm protocol version; replication protocol version	Altibase 7.1.0.4.3 Korean patch note records 2 new-feature and 6 fixed-bug BUG entries plus Version Info, compatibility, property, and performance-view change sections; the attachment set has only generic patch caveats, not this exact patch change set.	GPTs/attachments/00_version_release_platform.md	Missing			FCA-J004	rg -n '^### BUG-|^### Version Info|^New Features|^Fixed Bugs|^Changes' PatchNotes/Altibase_7.1/kor/Altibase_7_1_0_4_3_Patch_Notes.md
SRC-PATCH-PATCH-000032	patch_notes	patch-specific	PatchNotes/Altibase_7.1/kor/Altibase_7_1_0_4_4_Patch_Notes.md	Altibase 7.1.0.4.4 Patch Notes > New Features, Fixed Bugs, and Changes	version note	7.1.0.4.4; BUG-47652; BUG-47902; BUG-48066; BUG-48069; BUG-48076; BUG-48091; BUG-48096; BUG-48101; BUG-48113; BUG-48116; BUG-48119; BUG-48125; Version Info; database binary version; meta version; cm protocol version; replication protocol version	Altibase 7.1.0.4.4 Korean patch note records 1 new-feature and 11 fixed-bug BUG entries plus Version Info, compatibility, property, and performance-view change sections; the attachment set has only generic patch caveats, not this exact patch change set.	GPTs/attachments/00_version_release_platform.md	Missing			FCA-J004	rg -n '^### BUG-|^### Version Info|^New Features|^Fixed Bugs|^Changes' PatchNotes/Altibase_7.1/kor/Altibase_7_1_0_4_4_Patch_Notes.md
SRC-PATCH-PATCH-000033	patch_notes	patch-specific	PatchNotes/Altibase_7.1/kor/Altibase_7_1_0_4_5_Patch_Notes.md	Altibase 7.1.0.4.5 Patch Notes > New Features, Fixed Bugs, and Changes	version note	7.1.0.4.5; BUG-48134; BUG-48136; BUG-48120; BUG-48128; BUG-48135; BUG-48160; Version Info; database binary version; meta version; cm protocol version; replication protocol version	Altibase 7.1.0.4.5 Korean patch note records 2 new-feature and 4 fixed-bug BUG entries plus Version Info, compatibility, property, and performance-view change sections; the attachment set has only generic patch caveats, not this exact patch change set.	GPTs/attachments/00_version_release_platform.md	Missing			FCA-J004	rg -n '^### BUG-|^### Version Info|^New Features|^Fixed Bugs|^Changes' PatchNotes/Altibase_7.1/kor/Altibase_7_1_0_4_5_Patch_Notes.md
SRC-PATCH-PATCH-000034	patch_notes	patch-specific	PatchNotes/Altibase_7.1/kor/Altibase_7_1_0_4_6_Patch_Notes.md	Altibase 7.1.0.4.6 Patch Notes > New Features, Fixed Bugs, and Changes	version note	7.1.0.4.6; BUG-48161; BUG-48111; BUG-48145; Version Info; database binary version; meta version; cm protocol version; replication protocol version	Altibase 7.1.0.4.6 Korean patch note records 1 new-feature and 2 fixed-bug BUG entries plus Version Info, compatibility, property, and performance-view change sections; the attachment set has only generic patch caveats, not this exact patch change set.	GPTs/attachments/00_version_release_platform.md	Missing			FCA-J004	rg -n '^### BUG-|^### Version Info|^New Features|^Fixed Bugs|^Changes' PatchNotes/Altibase_7.1/kor/Altibase_7_1_0_4_6_Patch_Notes.md
SRC-PATCH-PATCH-000035	patch_notes	patch-specific	PatchNotes/Altibase_7.1/kor/Altibase_7_1_0_4_7_Patch_Notes.md	Altibase 7.1.0.4.7 Patch Notes > New Features, Fixed Bugs, and Changes	version note	7.1.0.4.7; BUG-48201; BUG-48210; BUG-48212; BUG-48224; BUG-48226; Version Info; database binary version; meta version; cm protocol version; replication protocol version	Altibase 7.1.0.4.7 Korean patch note records 0 new-feature and 5 fixed-bug BUG entries plus Version Info, compatibility, property, and performance-view change sections; the attachment set has only generic patch caveats, not this exact patch change set.	GPTs/attachments/00_version_release_platform.md	Missing			FCA-J004	rg -n '^### BUG-|^### Version Info|^New Features|^Fixed Bugs|^Changes' PatchNotes/Altibase_7.1/kor/Altibase_7_1_0_4_7_Patch_Notes.md
SRC-PATCH-PATCH-000036	patch_notes	patch-specific	PatchNotes/Altibase_7.1/kor/Altibase_7_1_0_4_8_Patch_Notes.md	Altibase 7.1.0.4.8 Patch Notes > New Features, Fixed Bugs, and Changes	version note	7.1.0.4.8; BUG-46787; BUG-48208; BUG-48230; BUG-48292; BUG-48234; BUG-48253; BUG-48273; BUG-48275; BUG-48280; BUG-48287; BUG-48299; Version Info; database binary version; meta version; cm protocol version; replication protocol version	Altibase 7.1.0.4.8 Korean patch note records 4 new-feature and 7 fixed-bug BUG entries plus Version Info, compatibility, property, and performance-view change sections; the attachment set has only generic patch caveats, not this exact patch change set.	GPTs/attachments/00_version_release_platform.md	Missing			FCA-J004	rg -n '^### BUG-|^### Version Info|^New Features|^Fixed Bugs|^Changes' PatchNotes/Altibase_7.1/kor/Altibase_7_1_0_4_8_Patch_Notes.md
SRC-PATCH-PATCH-000037	patch_notes	patch-specific	PatchNotes/Altibase_7.1/kor/Altibase_7_1_0_4_9_Patch_Notes.md	Altibase 7.1.0.4.9 Patch Notes > New Features, Fixed Bugs, and Changes	version note	7.1.0.4.9; BUG-47821; BUG-48288; BUG-48323; BUG-48348; BUG-48357; BUG-47870; BUG-48090; BUG-48179; BUG-48300; BUG-48333; BUG-48337; BUG-48355; BUG-48360; BUG-48370; BUG-48390; BUG-48393; Version Info; database binary version; meta version; cm protocol version; replication protocol version	Altibase 7.1.0.4.9 Korean patch note records 5 new-feature and 11 fixed-bug BUG entries plus Version Info, compatibility, property, and performance-view change sections; the attachment set has only generic patch caveats, not this exact patch change set.	GPTs/attachments/00_version_release_platform.md	Missing			FCA-J004	rg -n '^### BUG-|^### Version Info|^New Features|^Fixed Bugs|^Changes' PatchNotes/Altibase_7.1/kor/Altibase_7_1_0_4_9_Patch_Notes.md
SRC-PATCH-PATCH-000038	patch_notes	patch-specific	PatchNotes/Altibase_7.1/kor/Altibase_7_1_0_5_0_Patch_Notes.md	Altibase 7.1.0.5.0 Patch Notes > New Features, Fixed Bugs, and Changes	version note	7.1.0.5.0; BUG-48336; BUG-48358; BUG-48381; BUG-48405; BUG-48419; BUG-48429; Version Info; database binary version; meta version; cm protocol version; replication protocol version	Altibase 7.1.0.5.0 Korean patch note records 2 new-feature and 4 fixed-bug BUG entries plus Version Info, compatibility, property, and performance-view change sections; the attachment set has only generic patch caveats, not this exact patch change set.	GPTs/attachments/00_version_release_platform.md	Missing			FCA-J004	rg -n '^### BUG-|^### Version Info|^New Features|^Fixed Bugs|^Changes' PatchNotes/Altibase_7.1/kor/Altibase_7_1_0_5_0_Patch_Notes.md
SRC-PATCH-PATCH-000039	patch_notes	patch-specific	PatchNotes/Altibase_7.1/kor/Altibase_7_1_0_5_1_Patch_Notes.md	Altibase 7.1.0.5.1 Patch Notes > New Features, Fixed Bugs, and Changes	version note	7.1.0.5.1; BUG-48369; BUG-48409; BUG-48425; BUG-48327; BUG-48422; BUG-48477; Version Info; database binary version; meta version; cm protocol version; replication protocol version	Altibase 7.1.0.5.1 Korean patch note records 3 new-feature and 3 fixed-bug BUG entries plus Version Info, compatibility, property, and performance-view change sections; the attachment set has only generic patch caveats, not this exact patch change set.	GPTs/attachments/00_version_release_platform.md	Missing			FCA-J004	rg -n '^### BUG-|^### Version Info|^New Features|^Fixed Bugs|^Changes' PatchNotes/Altibase_7.1/kor/Altibase_7_1_0_5_1_Patch_Notes.md
SRC-PATCH-PATCH-000040	patch_notes	patch-specific	PatchNotes/Altibase_7.1/kor/Altibase_7_1_0_5_2_Patch_Notes.md	Altibase 7.1.0.5.2 Patch Notes > New Features, Fixed Bugs, and Changes	version note	7.1.0.5.2; BUG-48380; BUG-48510; BUG-42525; BUG-48433; BUG-48523; BUG-48526; Version Info; database binary version; meta version; cm protocol version; replication protocol version	Altibase 7.1.0.5.2 Korean patch note records 2 new-feature and 4 fixed-bug BUG entries plus Version Info, compatibility, property, and performance-view change sections; the attachment set has only generic patch caveats, not this exact patch change set.	GPTs/attachments/00_version_release_platform.md	Missing			FCA-J004	rg -n '^### BUG-|^### Version Info|^New Features|^Fixed Bugs|^Changes' PatchNotes/Altibase_7.1/kor/Altibase_7_1_0_5_2_Patch_Notes.md
SRC-PATCH-PATCH-000041	patch_notes	patch-specific	PatchNotes/Altibase_7.1/kor/Altibase_7_1_0_5_3_Patch_Notes.md	Altibase 7.1.0.5.3 Patch Notes > New Features, Fixed Bugs, and Changes	version note	7.1.0.5.3; BUG-48594; Version Info; database binary version; meta version; cm protocol version; replication protocol version	Altibase 7.1.0.5.3 Korean patch note records 0 new-feature and 1 fixed-bug BUG entries plus Version Info, compatibility, property, and performance-view change sections; the attachment set has only generic patch caveats, not this exact patch change set.	GPTs/attachments/00_version_release_platform.md	Missing			FCA-J004	rg -n '^### BUG-|^### Version Info|^New Features|^Fixed Bugs|^Changes' PatchNotes/Altibase_7.1/kor/Altibase_7_1_0_5_3_Patch_Notes.md
SRC-PATCH-PATCH-000042	patch_notes	patch-specific	PatchNotes/Altibase_7.1/kor/Altibase_7_1_0_5_4_Patch_Notes.md	Altibase 7.1.0.5.4 Patch Notes > New Features, Fixed Bugs, and Changes	version note	7.1.0.5.4; BUG-48746; BUG-48761; BUG-48792; BUG-48800; Version Info; database binary version; meta version; cm protocol version; replication protocol version	Altibase 7.1.0.5.4 Korean patch note records 0 new-feature and 4 fixed-bug BUG entries plus Version Info, compatibility, property, and performance-view change sections; the attachment set has only generic patch caveats, not this exact patch change set.	GPTs/attachments/00_version_release_platform.md	Missing			FCA-J004	rg -n '^### BUG-|^### Version Info|^New Features|^Fixed Bugs|^Changes' PatchNotes/Altibase_7.1/kor/Altibase_7_1_0_5_4_Patch_Notes.md
SRC-PATCH-PATCH-000043	patch_notes	patch-specific	PatchNotes/Altibase_7.1/kor/Altibase_7_1_0_5_5_Patch_Notes.md	Altibase 7.1.0.5.5 Patch Notes > New Features, Fixed Bugs, and Changes	version note	7.1.0.5.5; BUG-48436; BUG-48747; BUG-48782; BUG-48850; BUG-48883; Version Info; database binary version; meta version; cm protocol version; replication protocol version	Altibase 7.1.0.5.5 Korean patch note records 0 new-feature and 5 fixed-bug BUG entries plus Version Info, compatibility, property, and performance-view change sections; the attachment set has only generic patch caveats, not this exact patch change set.	GPTs/attachments/00_version_release_platform.md	Missing			FCA-J004	rg -n '^### BUG-|^### Version Info|^New Features|^Fixed Bugs|^Changes' PatchNotes/Altibase_7.1/kor/Altibase_7_1_0_5_5_Patch_Notes.md
SRC-PATCH-PATCH-000044	patch_notes	patch-specific	PatchNotes/Altibase_7.1/kor/Altibase_7_1_0_5_6_Patch_Notes.md	Altibase 7.1.0.5.6 Patch Notes > New Features, Fixed Bugs, and Changes	version note	7.1.0.5.6; BUG-48888; BUG-48905; BUG-48944; BUG-48971; BUG-48995; BUG-48902; BUG-48920; Version Info; database binary version; meta version; cm protocol version; replication protocol version	Altibase 7.1.0.5.6 Korean patch note records 5 new-feature and 2 fixed-bug BUG entries plus Version Info, compatibility, property, and performance-view change sections; the attachment set has only generic patch caveats, not this exact patch change set.	GPTs/attachments/00_version_release_platform.md	Missing			FCA-J004	rg -n '^### BUG-|^### Version Info|^New Features|^Fixed Bugs|^Changes' PatchNotes/Altibase_7.1/kor/Altibase_7_1_0_5_6_Patch_Notes.md
SRC-PATCH-PATCH-000045	patch_notes	patch-specific	PatchNotes/Altibase_7.1/kor/Altibase_7_1_0_5_7_Patch_Notes.md	Altibase 7.1.0.5.7 Patch Notes > New Features, Fixed Bugs, and Changes	version note	7.1.0.5.7; BUG-48431; BUG-48515; BUG-48618; BUG-49028; BUG-49032; BUG-48460; BUG-48523; BUG-49029; BUG-49031; BUG-49060; BUG-49061; BUG-49062; BUG-49071; BUG-49077; BUG-49082; BUG-49087; BUG-49095; BUG-49106; BUG-49107; BUG-49109; Version Info; database binary version; meta version; cm protocol version; replication protocol version	Altibase 7.1.0.5.7 Korean patch note records 5 new-feature and 15 fixed-bug BUG entries plus Version Info, compatibility, property, and performance-view change sections; the attachment set has only generic patch caveats, not this exact patch change set.	GPTs/attachments/00_version_release_platform.md	Missing			FCA-J004	rg -n '^### BUG-|^### Version Info|^New Features|^Fixed Bugs|^Changes' PatchNotes/Altibase_7.1/kor/Altibase_7_1_0_5_7_Patch_Notes.md
SRC-PATCH-PATCH-000046	patch_notes	patch-specific	PatchNotes/Altibase_7.1/kor/Altibase_7_1_0_5_8_Patch_Notes.md	Altibase 7.1.0.5.8 Patch Notes > New Features, Fixed Bugs, and Changes	version note	7.1.0.5.8; BUG-47815; BUG-49108; BUG-49122; BUG-49136; Version Info; database binary version; meta version; cm protocol version; replication protocol version	Altibase 7.1.0.5.8 Korean patch note records 2 new-feature and 2 fixed-bug BUG entries plus Version Info, compatibility, property, and performance-view change sections; the attachment set has only generic patch caveats, not this exact patch change set.	GPTs/attachments/00_version_release_platform.md	Missing			FCA-J004	rg -n '^### BUG-|^### Version Info|^New Features|^Fixed Bugs|^Changes' PatchNotes/Altibase_7.1/kor/Altibase_7_1_0_5_8_Patch_Notes.md
SRC-PATCH-PATCH-000047	patch_notes	patch-specific	PatchNotes/Altibase_7.1/kor/Altibase_7_1_0_5_9_Patch_Notes.md	Altibase 7.1.0.5.9 Patch Notes > New Features, Fixed Bugs, and Changes	version note	7.1.0.5.9; BUG-49102; BUG-49143; BUG-49155; BUG-49181; BUG-49200; BUG-49213; BUG-49217; BUG-49224; BUG-49233; Version Info; database binary version; meta version; cm protocol version; replication protocol version	Altibase 7.1.0.5.9 Korean patch note records 0 new-feature and 9 fixed-bug BUG entries plus Version Info, compatibility, property, and performance-view change sections; the attachment set has only generic patch caveats, not this exact patch change set.	GPTs/attachments/00_version_release_platform.md	Missing			FCA-J004	rg -n '^### BUG-|^### Version Info|^New Features|^Fixed Bugs|^Changes' PatchNotes/Altibase_7.1/kor/Altibase_7_1_0_5_9_Patch_Notes.md
SRC-PATCH-PATCH-000048	patch_notes	patch-specific	PatchNotes/Altibase_7.1/kor/Altibase_7_1_0_6_0_Patch_Notes.md	Altibase 7.1.0.6.0 Patch Notes > New Features, Fixed Bugs, and Changes	version note	7.1.0.6.0; BUG-49063; BUG-49242; BUG-49243; BUG-49271; Version Info; database binary version; meta version; cm protocol version; replication protocol version	Altibase 7.1.0.6.0 Korean patch note records 0 new-feature and 4 fixed-bug BUG entries plus Version Info, compatibility, property, and performance-view change sections; the attachment set has only generic patch caveats, not this exact patch change set.	GPTs/attachments/00_version_release_platform.md	Missing			FCA-J004	rg -n '^### BUG-|^### Version Info|^New Features|^Fixed Bugs|^Changes' PatchNotes/Altibase_7.1/kor/Altibase_7_1_0_6_0_Patch_Notes.md
SRC-PATCH-PATCH-000049	patch_notes	patch-specific	PatchNotes/Altibase_7.1/kor/Altibase_7_1_0_6_1_Patch_Notes.md	Altibase 7.1.0.6.1 Patch Notes > New Features, Fixed Bugs, and Changes	version note	7.1.0.6.1; BUG-47830; BUG-48603; BUG-49168; BUG-49250; BUG-49263; BUG-49279; BUG-49281; BUG-49283; Version Info; database binary version; meta version; cm protocol version; replication protocol version	Altibase 7.1.0.6.1 Korean patch note records 0 new-feature and 8 fixed-bug BUG entries plus Version Info, compatibility, property, and performance-view change sections; the attachment set has only generic patch caveats, not this exact patch change set.	GPTs/attachments/00_version_release_platform.md	Missing			FCA-J004	rg -n '^### BUG-|^### Version Info|^New Features|^Fixed Bugs|^Changes' PatchNotes/Altibase_7.1/kor/Altibase_7_1_0_6_1_Patch_Notes.md
SRC-PATCH-PATCH-000050	patch_notes	patch-specific	PatchNotes/Altibase_7.1/kor/Altibase_7_1_0_6_2_Patch_Notes.md	Altibase 7.1.0.6.2 Patch Notes > New Features, Fixed Bugs, and Changes	version note	7.1.0.6.2; BUG-49332; BUG-49266; BUG-49273; BUG-49287; BUG-49320; BUG-49322; BUG-49334; Version Info; database binary version; meta version; cm protocol version; replication protocol version	Altibase 7.1.0.6.2 Korean patch note records 1 new-feature and 6 fixed-bug BUG entries plus Version Info, compatibility, property, and performance-view change sections; the attachment set has only generic patch caveats, not this exact patch change set.	GPTs/attachments/00_version_release_platform.md	Missing			FCA-J004	rg -n '^### BUG-|^### Version Info|^New Features|^Fixed Bugs|^Changes' PatchNotes/Altibase_7.1/kor/Altibase_7_1_0_6_2_Patch_Notes.md
SRC-PATCH-PATCH-000051	patch_notes	patch-specific	PatchNotes/Altibase_7.1/kor/Altibase_7_1_0_6_3_Patch_Notes.md	Altibase 7.1.0.6.3 Patch Notes > New Features, Fixed Bugs, and Changes	version note	7.1.0.6.3; BUG-49274; BUG-49324; BUG-49326; BUG-49350; BUG-49354; BUG-49364; Version Info; database binary version; meta version; cm protocol version; replication protocol version	Altibase 7.1.0.6.3 Korean patch note records 1 new-feature and 5 fixed-bug BUG entries plus Version Info, compatibility, property, and performance-view change sections; the attachment set has only generic patch caveats, not this exact patch change set.	GPTs/attachments/00_version_release_platform.md	Missing			FCA-J004	rg -n '^### BUG-|^### Version Info|^New Features|^Fixed Bugs|^Changes' PatchNotes/Altibase_7.1/kor/Altibase_7_1_0_6_3_Patch_Notes.md
SRC-PATCH-PATCH-000052	patch_notes	patch-specific	PatchNotes/Altibase_7.1/kor/Altibase_7_1_0_6_4_Patch_Notes.md	Altibase 7.1.0.6.4 Patch Notes > New Features, Fixed Bugs, and Changes	version note	7.1.0.6.4; BUG-49331; BUG-49356; BUG-49376; BUG-49378; BUG-49402; BUG-49408; BUG-49420; Version Info; database binary version; meta version; cm protocol version; replication protocol version	Altibase 7.1.0.6.4 Korean patch note records 0 new-feature and 7 fixed-bug BUG entries plus Version Info, compatibility, property, and performance-view change sections; the attachment set has only generic patch caveats, not this exact patch change set.	GPTs/attachments/00_version_release_platform.md	Missing			FCA-J004	rg -n '^### BUG-|^### Version Info|^New Features|^Fixed Bugs|^Changes' PatchNotes/Altibase_7.1/kor/Altibase_7_1_0_6_4_Patch_Notes.md
SRC-PATCH-PATCH-000053	patch_notes	patch-specific	PatchNotes/Altibase_7.1/kor/Altibase_7_1_0_6_5_Patch_Notes.md	Altibase 7.1.0.6.5 Patch Notes > New Features, Fixed Bugs, and Changes	version note	7.1.0.6.5; BUG-49330; BUG-49398; BUG-48756; BUG-49141; BUG-49418; BUG-49424; Version Info; database binary version; meta version; cm protocol version; replication protocol version	Altibase 7.1.0.6.5 Korean patch note records 2 new-feature and 4 fixed-bug BUG entries plus Version Info, compatibility, property, and performance-view change sections; the attachment set has only generic patch caveats, not this exact patch change set.	GPTs/attachments/00_version_release_platform.md	Missing			FCA-J004	rg -n '^### BUG-|^### Version Info|^New Features|^Fixed Bugs|^Changes' PatchNotes/Altibase_7.1/kor/Altibase_7_1_0_6_5_Patch_Notes.md
SRC-PATCH-PATCH-000054	patch_notes	patch-specific	PatchNotes/Altibase_7.1/kor/Altibase_7_1_0_6_6_Patch_Notes.md	Altibase 7.1.0.6.6 Patch Notes > New Features, Fixed Bugs, and Changes	version note	7.1.0.6.6; BUG-49039; BUG-49423; BUG-49433; Version Info; database binary version; meta version; cm protocol version; replication protocol version	Altibase 7.1.0.6.6 Korean patch note records 0 new-feature and 3 fixed-bug BUG entries plus Version Info, compatibility, property, and performance-view change sections; the attachment set has only generic patch caveats, not this exact patch change set.	GPTs/attachments/00_version_release_platform.md	Missing			FCA-J004	rg -n '^### BUG-|^### Version Info|^New Features|^Fixed Bugs|^Changes' PatchNotes/Altibase_7.1/kor/Altibase_7_1_0_6_6_Patch_Notes.md
SRC-PATCH-PATCH-000055	patch_notes	patch-specific	PatchNotes/Altibase_7.1/kor/Altibase_7_1_0_6_7_Patch_Notes.md	Altibase 7.1.0.6.7 Patch Notes > New Features, Fixed Bugs, and Changes	version note	7.1.0.6.7; BUG-49384; BUG-49412; BUG-49417; BUG-49429; Version Info; database binary version; meta version; cm protocol version; replication protocol version	Altibase 7.1.0.6.7 Korean patch note records 0 new-feature and 4 fixed-bug BUG entries plus Version Info, compatibility, property, and performance-view change sections; the attachment set has only generic patch caveats, not this exact patch change set.	GPTs/attachments/00_version_release_platform.md	Missing			FCA-J004	rg -n '^### BUG-|^### Version Info|^New Features|^Fixed Bugs|^Changes' PatchNotes/Altibase_7.1/kor/Altibase_7_1_0_6_7_Patch_Notes.md
SRC-PATCH-PATCH-000056	patch_notes	patch-specific	PatchNotes/Altibase_7.1/kor/Altibase_7_1_0_6_8_Patch_Notes.md	Altibase 7.1.0.6.8 Patch Notes > New Features, Fixed Bugs, and Changes	version note	7.1.0.6.8; BUG-49486; BUG-49525; BUG-48650; BUG-49365; BUG-49373; BUG-49476; BUG-49489; BUG-49527; BUG-49530; BUG-49532; BUG-49538; Version Info; database binary version; meta version; cm protocol version; replication protocol version	Altibase 7.1.0.6.8 Korean patch note records 2 new-feature and 9 fixed-bug BUG entries plus Version Info, compatibility, property, and performance-view change sections; the attachment set has only generic patch caveats, not this exact patch change set.	GPTs/attachments/00_version_release_platform.md	Missing			FCA-J004	rg -n '^### BUG-|^### Version Info|^New Features|^Fixed Bugs|^Changes' PatchNotes/Altibase_7.1/kor/Altibase_7_1_0_6_8_Patch_Notes.md
SRC-PATCH-PATCH-000057	patch_notes	patch-specific	PatchNotes/Altibase_7.1/kor/Altibase_7_1_0_6_9_Patch_Notes.md	Altibase 7.1.0.6.9 Patch Notes > New Features, Fixed Bugs, and Changes	version note	7.1.0.6.9; BUG-47420; BUG-49133; BUG-49439; BUG-49473; BUG-49543; BUG-49544; BUG-49553; BUG-49565; BUG-49576; Version Info; database binary version; meta version; cm protocol version; replication protocol version	Altibase 7.1.0.6.9 Korean patch note records 0 new-feature and 9 fixed-bug BUG entries plus Version Info, compatibility, property, and performance-view change sections; the attachment set has only generic patch caveats, not this exact patch change set.	GPTs/attachments/00_version_release_platform.md	Missing			FCA-J004	rg -n '^### BUG-|^### Version Info|^New Features|^Fixed Bugs|^Changes' PatchNotes/Altibase_7.1/kor/Altibase_7_1_0_6_9_Patch_Notes.md
SRC-PATCH-PATCH-000058	patch_notes	patch-specific	PatchNotes/Altibase_7.1/kor/Altibase_7_1_0_7_0_Patch_Notes.md	Altibase 7.1.0.7.0 Patch Notes > New Features, Fixed Bugs, and Changes	version note	7.1.0.7.0; BUG-49593; BUG-49488; BUG-49545; BUG-49557; BUG-49611; BUG-49618; Version Info; database binary version; meta version; cm protocol version; replication protocol version	Altibase 7.1.0.7.0 Korean patch note records 1 new-feature and 5 fixed-bug BUG entries plus Version Info, compatibility, property, and performance-view change sections; the attachment set has only generic patch caveats, not this exact patch change set.	GPTs/attachments/00_version_release_platform.md	Missing			FCA-J004	rg -n '^### BUG-|^### Version Info|^New Features|^Fixed Bugs|^Changes' PatchNotes/Altibase_7.1/kor/Altibase_7_1_0_7_0_Patch_Notes.md
SRC-PATCH-PATCH-000059	patch_notes	patch-specific	PatchNotes/Altibase_7.1/kor/Altibase_7_1_0_7_1_Patch_Notes.md	Altibase 7.1.0.7.1 Patch Notes > New Features, Fixed Bugs, and Changes	version note	7.1.0.7.1; BUG-49617; BUG-49610; BUG-49625; BUG-49630; Version Info; database binary version; meta version; cm protocol version; replication protocol version	Altibase 7.1.0.7.1 Korean patch note records 0 new-feature and 0 fixed-bug BUG entries plus Version Info, compatibility, property, and performance-view change sections; the attachment set has only generic patch caveats, not this exact patch change set.	GPTs/attachments/00_version_release_platform.md	Missing			FCA-J004	rg -n '^### BUG-|^### Version Info|^New Features|^Fixed Bugs|^Changes' PatchNotes/Altibase_7.1/kor/Altibase_7_1_0_7_1_Patch_Notes.md
SRC-PATCH-PATCH-000060	patch_notes	patch-specific	PatchNotes/Altibase_7.1/kor/Altibase_7_1_0_7_2_Patch_Notes.md	Altibase 7.1.0.7.2 Patch Notes > New Features, Fixed Bugs, and Changes	version note	7.1.0.7.2; BUG-49567; BUG-49616; BUG-49546; BUG-49549; BUG-49559; BUG-49601; BUG-49602; BUG-49603; BUG-49605; BUG-49613; BUG-49619; BUG-49620; BUG-49632; BUG-49633; BUG-49636; BUG-49647; BUG-49655; Version Info; database binary version; meta version; cm protocol version; replication protocol version	Altibase 7.1.0.7.2 Korean patch note records 2 new-feature and 15 fixed-bug BUG entries plus Version Info, compatibility, property, and performance-view change sections; the attachment set has only generic patch caveats, not this exact patch change set.	GPTs/attachments/00_version_release_platform.md	Missing			FCA-J004	rg -n '^### BUG-|^### Version Info|^New Features|^Fixed Bugs|^Changes' PatchNotes/Altibase_7.1/kor/Altibase_7_1_0_7_2_Patch_Notes.md
SRC-PATCH-PATCH-000061	patch_notes	patch-specific	PatchNotes/Altibase_7.1/kor/Altibase_7_1_0_7_3_Patch_Notes.md	Altibase 7.1.0.7.3 Patch Notes > New Features, Fixed Bugs, and Changes	version note	7.1.0.7.3; BUG-49668; BUG-48065; BUG-49505; BUG-49569; BUG-49580; BUG-49649; BUG-49654; BUG-49661; Version Info; database binary version; meta version; cm protocol version; replication protocol version	Altibase 7.1.0.7.3 Korean patch note records 1 new-feature and 7 fixed-bug BUG entries plus Version Info, compatibility, property, and performance-view change sections; the attachment set has only generic patch caveats, not this exact patch change set.	GPTs/attachments/00_version_release_platform.md	Missing			FCA-J004	rg -n '^### BUG-|^### Version Info|^New Features|^Fixed Bugs|^Changes' PatchNotes/Altibase_7.1/kor/Altibase_7_1_0_7_3_Patch_Notes.md
SRC-PATCH-PATCH-000062	patch_notes	patch-specific	PatchNotes/Altibase_7.1/kor/Altibase_7_1_0_7_4_Patch_Notes.md	Altibase 7.1.0.7.4 Patch Notes > New Features, Fixed Bugs, and Changes	version note	7.1.0.7.4; BUG-46674; BUG-49614; BUG-49646; BUG-49681; Version Info; database binary version; meta version; cm protocol version; replication protocol version	Altibase 7.1.0.7.4 Korean patch note records 0 new-feature and 4 fixed-bug BUG entries plus Version Info, compatibility, property, and performance-view change sections; the attachment set has only generic patch caveats, not this exact patch change set.	GPTs/attachments/00_version_release_platform.md	Missing			FCA-J004	rg -n '^### BUG-|^### Version Info|^New Features|^Fixed Bugs|^Changes' PatchNotes/Altibase_7.1/kor/Altibase_7_1_0_7_4_Patch_Notes.md
SRC-PATCH-PATCH-000063	patch_notes	patch-specific	PatchNotes/Altibase_7.1/kor/Altibase_7_1_0_7_5_Patch_Notes.md	Altibase 7.1.0.7.5 Patch Notes > New Features, Fixed Bugs, and Changes	version note	7.1.0.7.5; BUG-48279; BUG-48349; BUG-49642; BUG-49643; BUG-49670; BUG-49682; BUG-49686; BUG-49690; BUG-49696; BUG-49697; BUG-49706; BUG-49708; BUG-49721; Version Info; database binary version; meta version; cm protocol version; replication protocol version	Altibase 7.1.0.7.5 Korean patch note records 0 new-feature and 13 fixed-bug BUG entries plus Version Info, compatibility, property, and performance-view change sections; the attachment set has only generic patch caveats, not this exact patch change set.	GPTs/attachments/00_version_release_platform.md	Missing			FCA-J004	rg -n '^### BUG-|^### Version Info|^New Features|^Fixed Bugs|^Changes' PatchNotes/Altibase_7.1/kor/Altibase_7_1_0_7_5_Patch_Notes.md
SRC-PATCH-PATCH-000064	patch_notes	patch-specific	PatchNotes/Altibase_7.1/kor/Altibase_7_1_0_7_6_Patch_Notes.md	Altibase 7.1.0.7.6 Patch Notes > New Features, Fixed Bugs, and Changes	version note	7.1.0.7.6; BUG-49645; BUG-49747; BUG-49451; BUG-49556; BUG-49573; BUG-49690; BUG-49718; BUG-49722; BUG-49725; BUG-49728; BUG-49739; Version Info; database binary version; meta version; cm protocol version; replication protocol version	Altibase 7.1.0.7.6 Korean patch note records 2 new-feature and 9 fixed-bug BUG entries plus Version Info, compatibility, property, and performance-view change sections; the attachment set has only generic patch caveats, not this exact patch change set.	GPTs/attachments/00_version_release_platform.md	Missing			FCA-J004	rg -n '^### BUG-|^### Version Info|^New Features|^Fixed Bugs|^Changes' PatchNotes/Altibase_7.1/kor/Altibase_7_1_0_7_6_Patch_Notes.md
SRC-PATCH-PATCH-000065	patch_notes	patch-specific	PatchNotes/Altibase_7.1/kor/Altibase_7_1_0_7_7_Patch_Notes.md	Altibase 7.1.0.7.7 Patch Notes > New Features, Fixed Bugs, and Changes	version note	7.1.0.7.7; BUG-49746; BUG-49756; BUG-49767; Version Info; database binary version; meta version; cm protocol version; replication protocol version	Altibase 7.1.0.7.7 Korean patch note records 0 new-feature and 3 fixed-bug BUG entries plus Version Info, compatibility, property, and performance-view change sections; the attachment set has only generic patch caveats, not this exact patch change set.	GPTs/attachments/00_version_release_platform.md	Missing			FCA-J004	rg -n '^### BUG-|^### Version Info|^New Features|^Fixed Bugs|^Changes' PatchNotes/Altibase_7.1/kor/Altibase_7_1_0_7_7_Patch_Notes.md
SRC-PATCH-PATCH-000066	patch_notes	patch-specific	PatchNotes/Altibase_7.1/kor/Altibase_7_1_0_7_8_Patch_Notes.md	Altibase 7.1.0.7.8 Patch Notes > New Features, Fixed Bugs, and Changes	version note	7.1.0.7.8; BUG-49782; BUG-48012; BUG-49730; BUG-49743; BUG-49763; BUG-49766; BUG-49769; BUG-49778; Version Info; database binary version; meta version; cm protocol version; replication protocol version	Altibase 7.1.0.7.8 Korean patch note records 0 new-feature and 0 fixed-bug BUG entries plus Version Info, compatibility, property, and performance-view change sections; the attachment set has only generic patch caveats, not this exact patch change set.	GPTs/attachments/00_version_release_platform.md	Missing			FCA-J004	rg -n '^### BUG-|^### Version Info|^New Features|^Fixed Bugs|^Changes' PatchNotes/Altibase_7.1/kor/Altibase_7_1_0_7_8_Patch_Notes.md
SRC-PATCH-PATCH-000067	patch_notes	patch-specific	PatchNotes/Altibase_7.1/kor/Altibase_7_1_0_7_9_Patch_Notes.md	Altibase 7.1.0.7.9 Patch Notes > New Features, Fixed Bugs, and Changes	version note	7.1.0.7.9; BUG-49776; BUG-48767; BUG-48882; BUG-48907; BUG-49524; BUG-49711; BUG-49773; BUG-49779; BUG-49786; BUG-49796; BUG-49807; BUG-49813; BUG-49841; Version Info; database binary version; meta version; cm protocol version; replication protocol version	Altibase 7.1.0.7.9 Korean patch note records 1 new-feature and 12 fixed-bug BUG entries plus Version Info, compatibility, property, and performance-view change sections; the attachment set has only generic patch caveats, not this exact patch change set.	GPTs/attachments/00_version_release_platform.md	Missing			FCA-J004	rg -n '^### BUG-|^### Version Info|^New Features|^Fixed Bugs|^Changes' PatchNotes/Altibase_7.1/kor/Altibase_7_1_0_7_9_Patch_Notes.md
SRC-PATCH-PATCH-000068	patch_notes	patch-specific	PatchNotes/Altibase_7.1/kor/Altibase_7_1_0_8_0_Patch_Notes.md	Altibase 7.1.0.8.0 Patch Notes > New Features, Fixed Bugs, and Changes	version note	7.1.0.8.0; BUG-49904; BUG-48624; BUG-49094; BUG-49712; BUG-49737; BUG-49774; BUG-49825; BUG-49834; BUG-49845; BUG-49846; BUG-49849; BUG-49850; BUG-49857; BUG-49867; BUG-49868; BUG-49894; Version Info; database binary version; meta version; cm protocol version; replication protocol version	Altibase 7.1.0.8.0 Korean patch note records 1 new-feature and 15 fixed-bug BUG entries plus Version Info, compatibility, property, and performance-view change sections; the attachment set has only generic patch caveats, not this exact patch change set.	GPTs/attachments/00_version_release_platform.md	Missing			FCA-J004	rg -n '^### BUG-|^### Version Info|^New Features|^Fixed Bugs|^Changes' PatchNotes/Altibase_7.1/kor/Altibase_7_1_0_8_0_Patch_Notes.md
SRC-PATCH-PATCH-000069	patch_notes	patch-specific	PatchNotes/Altibase_7.1/kor/Altibase_7_1_0_8_1_Patch_Notes.md	Altibase 7.1.0.8.1 Patch Notes > New Features, Fixed Bugs, and Changes	version note	7.1.0.8.1; BUG-49963; BUG-49910; BUG-49911; BUG-49926; BUG-49939; BUG-49940; BUG-49960; Version Info; database binary version; meta version; cm protocol version; replication protocol version	Altibase 7.1.0.8.1 Korean patch note records 1 new-feature and 6 fixed-bug BUG entries plus Version Info, compatibility, property, and performance-view change sections; the attachment set has only generic patch caveats, not this exact patch change set.	GPTs/attachments/00_version_release_platform.md	Missing			FCA-J004	rg -n '^### BUG-|^### Version Info|^New Features|^Fixed Bugs|^Changes' PatchNotes/Altibase_7.1/kor/Altibase_7_1_0_8_1_Patch_Notes.md
SRC-PATCH-PATCH-000070	patch_notes	patch-specific	PatchNotes/Altibase_7.1/kor/Altibase_7_1_0_8_2_Patch_Notes.md	Altibase 7.1.0.8.2 Patch Notes > New Features, Fixed Bugs, and Changes	version note	7.1.0.8.2; BUG-49607; BUG-49851; BUG-49913; BUG-49923; BUG-49925; BUG-49930; BUG-49931; BUG-49942; BUG-49987; BUG-49994; BUG-49998; BUG-50002; BUG-50004; BUG-50017; BUG-50022; BUG-50032; BUG-50038; BUG-50048; BUG-50050; Version Info; database binary version; meta version; cm protocol version; replication protocol version	Altibase 7.1.0.8.2 Korean patch note records 0 new-feature and 19 fixed-bug BUG entries plus Version Info, compatibility, property, and performance-view change sections; the attachment set has only generic patch caveats, not this exact patch change set.	GPTs/attachments/00_version_release_platform.md	Missing			FCA-J004	rg -n '^### BUG-|^### Version Info|^New Features|^Fixed Bugs|^Changes' PatchNotes/Altibase_7.1/kor/Altibase_7_1_0_8_2_Patch_Notes.md
SRC-PATCH-PATCH-000071	patch_notes	patch-specific	PatchNotes/Altibase_7.1/kor/Altibase_7_1_0_8_3_Patch_Notes.md	Altibase 7.1.0.8.3 Patch Notes > New Features, Fixed Bugs, and Changes	version note	7.1.0.8.3; BUG-49600; BUG-49985; BUG-48074; BUG-49732; BUG-50013; BUG-50025; BUG-50033; BUG-50057; BUG-50058; BUG-50059; BUG-50061; BUG-50071; BUG-50082; BUG-50090; BUG-50094; BUG-50096; BUG-50106; BUG-50131; BUG-50076; BUG-49996; Version Info; database binary version; meta version; cm protocol version; replication protocol version	Altibase 7.1.0.8.3 Korean patch note records 2 new-feature and 18 fixed-bug BUG entries plus Version Info, compatibility, property, and performance-view change sections; the attachment set has only generic patch caveats, not this exact patch change set.	GPTs/attachments/00_version_release_platform.md	Missing			FCA-J004	rg -n '^### BUG-|^### Version Info|^New Features|^Fixed Bugs|^Changes' PatchNotes/Altibase_7.1/kor/Altibase_7_1_0_8_3_Patch_Notes.md
SRC-PATCH-PATCH-000072	patch_notes	patch-specific	PatchNotes/Altibase_7.1/kor/Altibase_7_1_0_8_4_Patch_Notes.md	Altibase 7.1.0.8.4 Patch Notes > New Features, Fixed Bugs, and Changes	version note	7.1.0.8.4; BUG-50145; BUG-50206; BUG-50191; BUG-49101; BUG-49584; BUG-49890; BUG-50010; BUG-50024; BUG-50066; BUG-50086; BUG-50130; BUG-50164; BUG-50174; BUG-50177; BUG-50196; BUG-50197; Version Info; database binary version; meta version; cm protocol version; replication protocol version	Altibase 7.1.0.8.4 Korean patch note records 3 new-feature and 13 fixed-bug BUG entries plus Version Info, compatibility, property, and performance-view change sections; the attachment set has only generic patch caveats, not this exact patch change set.	GPTs/attachments/00_version_release_platform.md	Missing			FCA-J004	rg -n '^### BUG-|^### Version Info|^New Features|^Fixed Bugs|^Changes' PatchNotes/Altibase_7.1/kor/Altibase_7_1_0_8_4_Patch_Notes.md
SRC-PATCH-PATCH-000073	patch_notes	patch-specific	PatchNotes/Altibase_7.1/kor/Altibase_7_1_0_8_5_Patch_Notes.md	Altibase 7.1.0.8.5 Patch Notes > New Features, Fixed Bugs, and Changes	version note	7.1.0.8.5; BUG-49970; BUG-50109; BUG-47430; BUG-47989; BUG-49399; BUG-49765; BUG-49936; BUG-50210; BUG-50232; BUG-50248; BUG-50256; BUG-50257; Version Info; database binary version; meta version; cm protocol version; replication protocol version	Altibase 7.1.0.8.5 Korean patch note records 2 new-feature and 10 fixed-bug BUG entries plus Version Info, compatibility, property, and performance-view change sections; the attachment set has only generic patch caveats, not this exact patch change set.	GPTs/attachments/00_version_release_platform.md	Missing			FCA-J004	rg -n '^### BUG-|^### Version Info|^New Features|^Fixed Bugs|^Changes' PatchNotes/Altibase_7.1/kor/Altibase_7_1_0_8_5_Patch_Notes.md
SRC-PATCH-PATCH-000074	patch_notes	patch-specific	PatchNotes/Altibase_7.1/kor/Altibase_7_1_0_8_6_Patch_Notes.md	Altibase 7.1.0.8.6 Patch Notes > New Features, Fixed Bugs, and Changes	version note	7.1.0.8.6; BUG-50009; BUG-50259; BUG-50293; BUG-47333; BUG-47812; BUG-48193; BUG-50072; BUG-50165; BUG-50241; BUG-50264; BUG-50279; Version Info; database binary version; meta version; cm protocol version; replication protocol version	Altibase 7.1.0.8.6 Korean patch note records 3 new-feature and 8 fixed-bug BUG entries plus Version Info, compatibility, property, and performance-view change sections; the attachment set has only generic patch caveats, not this exact patch change set.	GPTs/attachments/00_version_release_platform.md	Missing			FCA-J004	rg -n '^### BUG-|^### Version Info|^New Features|^Fixed Bugs|^Changes' PatchNotes/Altibase_7.1/kor/Altibase_7_1_0_8_6_Patch_Notes.md
SRC-PATCH-PATCH-000075	patch_notes	patch-specific	PatchNotes/Altibase_7.1/kor/Altibase_7_1_0_8_7_Patch_Notes.md	Altibase 7.1.0.8.7 Patch Notes > New Features, Fixed Bugs, and Changes	version note	7.1.0.8.7; BUG-48520; BUG-50287; BUG-50293; BUG-50341; BUG-48092; BUG-50069; BUG-50097; BUG-50304; BUG-50309; Version Info; database binary version; meta version; cm protocol version; replication protocol version	Altibase 7.1.0.8.7 Korean patch note records 4 new-feature and 5 fixed-bug BUG entries plus Version Info, compatibility, property, and performance-view change sections; the attachment set has only generic patch caveats, not this exact patch change set.	GPTs/attachments/00_version_release_platform.md	Missing			FCA-J004	rg -n '^### BUG-|^### Version Info|^New Features|^Fixed Bugs|^Changes' PatchNotes/Altibase_7.1/kor/Altibase_7_1_0_8_7_Patch_Notes.md
SRC-PATCH-PATCH-000076	patch_notes	patch-specific	PatchNotes/Altibase_7.1/kor/Altibase_7_1_0_8_8_Patch_Notes.md	Altibase 7.1.0.8.8 Patch Notes > New Features, Fixed Bugs, and Changes	version note	7.1.0.8.8; BUG-46720; BUG-49885; BUG-49944; BUG-50363; BUG-50187; BUG-50307; BUG-50312; BUG-50325; BUG-50343; BUG-50354; BUG-50356; BUG-50381; Version Info; database binary version; meta version; cm protocol version; replication protocol version	Altibase 7.1.0.8.8 Korean patch note records 0 new-feature and 12 fixed-bug BUG entries plus Version Info, compatibility, property, and performance-view change sections; the attachment set has only generic patch caveats, not this exact patch change set.	GPTs/attachments/00_version_release_platform.md	Missing			FCA-J004	rg -n '^### BUG-|^### Version Info|^New Features|^Fixed Bugs|^Changes' PatchNotes/Altibase_7.1/kor/Altibase_7_1_0_8_8_Patch_Notes.md
SRC-PATCH-PATCH-000077	patch_notes	patch-specific	PatchNotes/Altibase_7.1/kor/Altibase_7_1_0_8_9_Patch_Notes.md	Altibase 7.1.0.8.9 Patch Notes > New Features, Fixed Bugs, and Changes	version note	7.1.0.8.9; BUG-50412; BUG-49999; BUG-50391; BUG-50402; BUG-50406; BUG-50422; BUG-50451; BUG-50453; Version Info; database binary version; meta version; cm protocol version; replication protocol version	Altibase 7.1.0.8.9 Korean patch note records 1 new-feature and 7 fixed-bug BUG entries plus Version Info, compatibility, property, and performance-view change sections; the attachment set has only generic patch caveats, not this exact patch change set.	GPTs/attachments/00_version_release_platform.md	Missing			FCA-J004	rg -n '^### BUG-|^### Version Info|^New Features|^Fixed Bugs|^Changes' PatchNotes/Altibase_7.1/kor/Altibase_7_1_0_8_9_Patch_Notes.md
SRC-PATCH-PATCH-000078	patch_notes	patch-specific	PatchNotes/Altibase_7.1/kor/Altibase_7_1_0_9_0_Patch_Notes.md	Altibase 7.1.0.9.0 Patch Notes > New Features, Fixed Bugs, and Changes	version note	7.1.0.9.0; BUG-50503; BUG-50557; BUG-50604; BUG-50606; BUG-50608; BUG-49699; BUG-50365; BUG-50427; BUG-50435; BUG-50442; BUG-50480; BUG-50489; BUG-50509; BUG-50517; BUG-50530; BUG-50533; BUG-50541; BUG-50554; BUG-50576; BUG-50581; BUG-50589; BUG-50595; BUG-50597; BUG-50601; BUG-50607; BUG-50617; BUG-50642; Version Info; database binary version; meta version; cm protocol version; replication protocol version	Altibase 7.1.0.9.0 Korean patch note records 5 new-feature and 22 fixed-bug BUG entries plus Version Info, compatibility, property, and performance-view change sections; the attachment set has only generic patch caveats, not this exact patch change set.	GPTs/attachments/00_version_release_platform.md	Missing			FCA-J004	rg -n '^### BUG-|^### Version Info|^New Features|^Fixed Bugs|^Changes' PatchNotes/Altibase_7.1/kor/Altibase_7_1_0_9_0_Patch_Notes.md
SRC-PATCH-PATCH-000079	patch_notes	patch-specific	PatchNotes/Altibase_7.1/kor/Altibase_7_1_0_9_1_Patch_Notes.md	Altibase 7.1.0.9.1 Patch Notes > New Features, Fixed Bugs, and Changes	version note	7.1.0.9.1; BUG-50621; BUG-50659; BUG-50663; Version Info; database binary version; meta version; cm protocol version; replication protocol version	Altibase 7.1.0.9.1 Korean patch note records 0 new-feature and 3 fixed-bug BUG entries plus Version Info, compatibility, property, and performance-view change sections; the attachment set has only generic patch caveats, not this exact patch change set.	GPTs/attachments/00_version_release_platform.md	Missing			FCA-J004	rg -n '^### BUG-|^### Version Info|^New Features|^Fixed Bugs|^Changes' PatchNotes/Altibase_7.1/kor/Altibase_7_1_0_9_1_Patch_Notes.md
SRC-PATCH-PATCH-000080	patch_notes	patch-specific	PatchNotes/Altibase_7.1/kor/Altibase_7_1_0_9_2_Patch_Notes.md	Altibase 7.1.0.9.2 Patch Notes > New Features, Fixed Bugs, and Changes	version note	7.1.0.9.2; BUG-50703; BUG-50527; BUG-50542; BUG-50660; BUG-50686; BUG-50697; BUG-50700; Version Info; database binary version; meta version; cm protocol version; replication protocol version	Altibase 7.1.0.9.2 Korean patch note records 0 new-feature and 6 fixed-bug BUG entries plus Version Info, compatibility, property, and performance-view change sections; the attachment set has only generic patch caveats, not this exact patch change set.	GPTs/attachments/00_version_release_platform.md	Missing			FCA-J004	rg -n '^### BUG-|^### Version Info|^New Features|^Fixed Bugs|^Changes' PatchNotes/Altibase_7.1/kor/Altibase_7_1_0_9_2_Patch_Notes.md
SRC-PATCH-PATCH-000081	patch_notes	patch-specific	PatchNotes/Altibase_7.1/kor/Altibase_7_1_0_9_3_Patch_Notes.md	Altibase 7.1.0.9.3 Patch Notes > New Features, Fixed Bugs, and Changes	version note	7.1.0.9.3; BUG-50713; BUG-48041; BUG-50694; BUG-50710; BUG-50714; BUG-50729; BUG-50758; BUG-50778; BUG-50783; BUG-50789; BUG-50792; Version Info; database binary version; meta version; cm protocol version; replication protocol version	Altibase 7.1.0.9.3 Korean patch note records 1 new-feature and 10 fixed-bug BUG entries plus Version Info, compatibility, property, and performance-view change sections; the attachment set has only generic patch caveats, not this exact patch change set.	GPTs/attachments/00_version_release_platform.md	Missing			FCA-J004	rg -n '^### BUG-|^### Version Info|^New Features|^Fixed Bugs|^Changes' PatchNotes/Altibase_7.1/kor/Altibase_7_1_0_9_3_Patch_Notes.md
SRC-PATCH-PATCH-000082	patch_notes	patch-specific	PatchNotes/Altibase_7.1/kor/Altibase_7_1_0_9_4_Patch_Notes.md	Altibase 7.1.0.9.4 Patch Notes > New Features, Fixed Bugs, and Changes	version note	7.1.0.9.4; BUG-50768; BUG-50812; BUG-50433; BUG-50781; BUG-50791; BUG-50799; Version Info; database binary version; meta version; cm protocol version; replication protocol version	Altibase 7.1.0.9.4 Korean patch note records 2 new-feature and 4 fixed-bug BUG entries plus Version Info, compatibility, property, and performance-view change sections; the attachment set has only generic patch caveats, not this exact patch change set.	GPTs/attachments/00_version_release_platform.md	Missing			FCA-J004	rg -n '^### BUG-|^### Version Info|^New Features|^Fixed Bugs|^Changes' PatchNotes/Altibase_7.1/kor/Altibase_7_1_0_9_4_Patch_Notes.md
SRC-PATCH-PATCH-000083	patch_notes	patch-specific	PatchNotes/Altibase_7.1/kor/Altibase_7_1_0_9_5_Patch_Notes.md	Altibase 7.1.0.9.5 Patch Notes > New Features, Fixed Bugs, and Changes	version note	7.1.0.9.5; BUG-50775; BUG-50782; BUG-50784; BUG-50798; BUG-50803; BUG-50804; BUG-50817; BUG-50826; BUG-50840; Version Info; database binary version; meta version; cm protocol version; replication protocol version	Altibase 7.1.0.9.5 Korean patch note records 0 new-feature and 9 fixed-bug BUG entries plus Version Info, compatibility, property, and performance-view change sections; the attachment set has only generic patch caveats, not this exact patch change set.	GPTs/attachments/00_version_release_platform.md	Missing			FCA-J004	rg -n '^### BUG-|^### Version Info|^New Features|^Fixed Bugs|^Changes' PatchNotes/Altibase_7.1/kor/Altibase_7_1_0_9_5_Patch_Notes.md
SRC-PATCH-PATCH-000084	patch_notes	patch-specific	PatchNotes/Altibase_7.1/kor/Altibase_7_1_0_9_6_Patch_Notes.md	Altibase 7.1.0.9.6 Patch Notes > New Features, Fixed Bugs, and Changes	version note	7.1.0.9.6; BUG-50868; BUG-50873; BUG-50864; BUG-50866; BUG-50869; BUG-50881; Version Info; database binary version; meta version; cm protocol version; replication protocol version	Altibase 7.1.0.9.6 Korean patch note records 2 new-feature and 4 fixed-bug BUG entries plus Version Info, compatibility, property, and performance-view change sections; the attachment set has only generic patch caveats, not this exact patch change set.	GPTs/attachments/00_version_release_platform.md	Missing			FCA-J004	rg -n '^### BUG-|^### Version Info|^New Features|^Fixed Bugs|^Changes' PatchNotes/Altibase_7.1/kor/Altibase_7_1_0_9_6_Patch_Notes.md
SRC-PATCH-PATCH-000085	patch_notes	patch-specific	PatchNotes/Altibase_7.1/kor/Altibase_7_1_0_9_7_Patch_Notes.md	Altibase 7.1.0.9.7 Patch Notes > New Features, Fixed Bugs, and Changes	version note	7.1.0.9.7; BUG-50005; BUG-50249; BUG-50849; BUG-50875; BUG-50878; BUG-50891; BUG-50905; BUG-50907; BUG-50914; BUG-50919; BUG-50920; BUG-50923; BUG-50938; BUG-50950; Version Info; database binary version; meta version; cm protocol version; replication protocol version	Altibase 7.1.0.9.7 Korean patch note records 0 new-feature and 14 fixed-bug BUG entries plus Version Info, compatibility, property, and performance-view change sections; the attachment set has only generic patch caveats, not this exact patch change set.	GPTs/attachments/00_version_release_platform.md	Missing			FCA-J004	rg -n '^### BUG-|^### Version Info|^New Features|^Fixed Bugs|^Changes' PatchNotes/Altibase_7.1/kor/Altibase_7_1_0_9_7_Patch_Notes.md
SRC-PATCH-PATCH-000086	patch_notes	patch-specific	PatchNotes/Altibase_7.1/kor/Altibase_7_1_0_9_8_Patch_Notes.md	Altibase 7.1.0.9.8 Patch Notes > New Features, Fixed Bugs, and Changes	version note	7.1.0.9.8; BUG-50912; BUG-50948; BUG-50969; BUG-50975; Version Info; database binary version; meta version; cm protocol version; replication protocol version	Altibase 7.1.0.9.8 Korean patch note records 1 new-feature and 3 fixed-bug BUG entries plus Version Info, compatibility, property, and performance-view change sections; the attachment set has only generic patch caveats, not this exact patch change set.	GPTs/attachments/00_version_release_platform.md	Missing			FCA-J004	rg -n '^### BUG-|^### Version Info|^New Features|^Fixed Bugs|^Changes' PatchNotes/Altibase_7.1/kor/Altibase_7_1_0_9_8_Patch_Notes.md
SRC-PATCH-PATCH-000087	patch_notes	patch-specific	PatchNotes/Altibase_7.1/kor/Altibase_7_1_0_9_9_Patch_Notes.md	Altibase 7.1.0.9.9 Patch Notes > New Features, Fixed Bugs, and Changes	version note	7.1.0.9.9; BUG-47423; BUG-50949; BUG-50997; BUG-51004; Version Info; database binary version; meta version; cm protocol version; replication protocol version	Altibase 7.1.0.9.9 Korean patch note records 1 new-feature and 3 fixed-bug BUG entries plus Version Info, compatibility, property, and performance-view change sections; the attachment set has only generic patch caveats, not this exact patch change set.	GPTs/attachments/00_version_release_platform.md	Missing			FCA-J004	rg -n '^### BUG-|^### Version Info|^New Features|^Fixed Bugs|^Changes' PatchNotes/Altibase_7.1/kor/Altibase_7_1_0_9_9_Patch_Notes.md
SRC-PATCH-PATCH-000088	patch_notes	patch-specific	PatchNotes/Altibase_7.1/kor/Altibase_7_1_0_10_0_Patch_Notes.md	Altibase 7.1.0.10.0 Patch Notes > New Features, Fixed Bugs, and Changes	version note	7.1.0.10.0; BUG-48885; BUG-51057; BUG-51068; BUG-51199; BUG-50650; BUG-50757; BUG-50867; BUG-50978; BUG-51012; BUG-51013; BUG-51203; BUG-51041; BUG-51048; BUG-51050; BUG-51056; BUG-51063; BUG-51065; BUG-51133; BUG-51138; BUG-51144; BUG-51158; BUG-51160; BUG-51163; BUG-51165; BUG-51189; BUG-51214; BUG-51216; Version Info; database binary version; meta version; cm protocol version; replication protocol version	Altibase 7.1.0.10.0 Korean patch note records 4 new-feature and 23 fixed-bug BUG entries plus Version Info, compatibility, property, and performance-view change sections; the attachment set has only generic patch caveats, not this exact patch change set.	GPTs/attachments/00_version_release_platform.md	Missing			FCA-J004	rg -n '^### BUG-|^### Version Info|^New Features|^Fixed Bugs|^Changes' PatchNotes/Altibase_7.1/kor/Altibase_7_1_0_10_0_Patch_Notes.md
SRC-PATCH-PATCH-000089	patch_notes	patch-specific	PatchNotes/Altibase_7.1/kor/Altibase_7_1_0_10_1_Patch_Notes.md	Altibase 7.1.0.10.1 Patch Notes > New Features, Fixed Bugs, and Changes	version note	7.1.0.10.1; BUG-51170; BUG-51366; BUG-51372; Version Info; database binary version; meta version; cm protocol version; replication protocol version	Altibase 7.1.0.10.1 Korean patch note records 0 new-feature and 3 fixed-bug BUG entries plus Version Info, compatibility, property, and performance-view change sections; the attachment set has only generic patch caveats, not this exact patch change set.	GPTs/attachments/00_version_release_platform.md	Missing			FCA-J004	rg -n '^### BUG-|^### Version Info|^New Features|^Fixed Bugs|^Changes' PatchNotes/Altibase_7.1/kor/Altibase_7_1_0_10_1_Patch_Notes.md
SRC-PATCH-PATCH-000090	patch_notes	patch-specific	PatchNotes/Altibase_7.1/kor/Altibase_7_1_0_10_2_Patch_Notes.md	Altibase 7.1.0.10.2 Patch Notes > New Features, Fixed Bugs, and Changes	version note	7.1.0.10.2; BUG-51299; BUG-51443; BUG-51455; BUG-51357; BUG-51374; BUG-51399; BUG-51403; Version Info; database binary version; meta version; cm protocol version; replication protocol version	Altibase 7.1.0.10.2 Korean patch note records 0 new-feature and 4 fixed-bug BUG entries plus Version Info, compatibility, property, and performance-view change sections; the attachment set has only generic patch caveats, not this exact patch change set.	GPTs/attachments/00_version_release_platform.md	Missing			FCA-J004	rg -n '^### BUG-|^### Version Info|^New Features|^Fixed Bugs|^Changes' PatchNotes/Altibase_7.1/kor/Altibase_7_1_0_10_2_Patch_Notes.md
SRC-PATCH-PATCH-000091	patch_notes	patch-specific	PatchNotes/Altibase_7.1/kor/Altibase_7_1_0_10_3_Patch_Notes.md	Altibase 7.1.0.10.3 Patch Notes > New Features, Fixed Bugs, and Changes	version note	7.1.0.10.3; BUG-51446; BUG-51452; BUG-51466; BUG-51471; BUG-51475; BUG-51476; Version Info; database binary version; meta version; cm protocol version; replication protocol version	Altibase 7.1.0.10.3 Korean patch note records 3 new-feature and 3 fixed-bug BUG entries plus Version Info, compatibility, property, and performance-view change sections; the attachment set has only generic patch caveats, not this exact patch change set.	GPTs/attachments/00_version_release_platform.md	Missing			FCA-J004	rg -n '^### BUG-|^### Version Info|^New Features|^Fixed Bugs|^Changes' PatchNotes/Altibase_7.1/kor/Altibase_7_1_0_10_3_Patch_Notes.md
SRC-PATCH-PATCH-000092	patch_notes	patch-specific	PatchNotes/Altibase_7.1/kor/Altibase_7_1_0_10_4_Patch_Notes.md	Altibase 7.1.0.10.4 Patch Notes > New Features, Fixed Bugs, and Changes	version note	7.1.0.10.4; BUG-51484; BUG-51477; Version Info; database binary version; meta version; cm protocol version; replication protocol version	Altibase 7.1.0.10.4 Korean patch note records 0 new-feature and 1 fixed-bug BUG entries plus Version Info, compatibility, property, and performance-view change sections; the attachment set has only generic patch caveats, not this exact patch change set.	GPTs/attachments/00_version_release_platform.md	Missing			FCA-J004	rg -n '^### BUG-|^### Version Info|^New Features|^Fixed Bugs|^Changes' PatchNotes/Altibase_7.1/kor/Altibase_7_1_0_10_4_Patch_Notes.md
SRC-PATCH-PATCH-000093	patch_notes	patch-specific	PatchNotes/Altibase_7.1/kor/Altibase_7_1_0_10_5_Patch_Notes.md	Altibase 7.1.0.10.5 Patch Notes > New Features, Fixed Bugs, and Changes	version note	7.1.0.10.5; BUG-51532; BUG-51652; BUG-51698; BUG-51538; BUG-50945; BUG-50946; BUG-50992; BUG-51029; BUG-51131; BUG-51323; BUG-51347; BUG-51419; BUG-51457; BUG-51480; BUG-51491; BUG-51519; BUG-51525; BUG-51543; BUG-51630; BUG-51707; BUG-51766; BUG-51790; BUG-51804; Version Info; database binary version; meta version; cm protocol version; replication protocol version	Altibase 7.1.0.10.5 Korean patch note records 4 new-feature and 19 fixed-bug BUG entries plus Version Info, compatibility, property, and performance-view change sections; the attachment set has only generic patch caveats, not this exact patch change set.	GPTs/attachments/00_version_release_platform.md	Missing			FCA-J004	rg -n '^### BUG-|^### Version Info|^New Features|^Fixed Bugs|^Changes' PatchNotes/Altibase_7.1/kor/Altibase_7_1_0_10_5_Patch_Notes.md
SRC-PATCH-PATCH-000094	patch_notes	patch-specific	PatchNotes/Altibase_7.1/kor/Altibase_7_1_0_10_6_Patch_Notes.md	Altibase 7.1.0.10.6 Patch Notes > New Features, Fixed Bugs, and Changes	version note	7.1.0.10.6; BUG-51698; BUG-51015; BUG-51834; BUG-51841; BUG-51849; Version Info; database binary version; meta version; cm protocol version; replication protocol version	Altibase 7.1.0.10.6 Korean patch note records 1 new-feature and 4 fixed-bug BUG entries plus Version Info, compatibility, property, and performance-view change sections; the attachment set has only generic patch caveats, not this exact patch change set.	GPTs/attachments/00_version_release_platform.md	Missing			FCA-J004	rg -n '^### BUG-|^### Version Info|^New Features|^Fixed Bugs|^Changes' PatchNotes/Altibase_7.1/kor/Altibase_7_1_0_10_6_Patch_Notes.md
SRC-PATCH-PATCH-000095	patch_notes	patch-specific	PatchNotes/Altibase_7.1/kor/Altibase_7_1_0_10_7_Patch_Notes.md	Altibase 7.1.0.10.7 Patch Notes > New Features, Fixed Bugs, and Changes	version note	7.1.0.10.7; BUG-51902; BUG-51467; BUG-51540; BUG-51864; BUG-51880; BUG-51899; BUG-51909; Version Info; database binary version; meta version; cm protocol version; replication protocol version	Altibase 7.1.0.10.7 Korean patch note records 0 new-feature and 0 fixed-bug BUG entries plus Version Info, compatibility, property, and performance-view change sections; the attachment set has only generic patch caveats, not this exact patch change set.	GPTs/attachments/00_version_release_platform.md	Missing			FCA-J004	rg -n '^### BUG-|^### Version Info|^New Features|^Fixed Bugs|^Changes' PatchNotes/Altibase_7.1/kor/Altibase_7_1_0_10_7_Patch_Notes.md
SRC-PATCH-PATCH-000096	patch_notes	patch-specific	PatchNotes/Altibase_7.1/kor/Altibase_7_1_0_10_8_Patch_Notes.md	Altibase 7.1.0.10.8 Patch Notes > New Features, Fixed Bugs, and Changes	version note	7.1.0.10.8; BUG-51888; BUG-52014; BUG-52066; BUG-52295; BUG-48937; BUG-49298; BUG-50643; BUG-50976; BUG-51324; BUG-51792; BUG-51905; BUG-51920; BUG-51953; BUG-51977; BUG-51989; BUG-51994; BUG-52002; BUG-52046; BUG-52062; BUG-52086; BUG-52087; BUG-52091; BUG-52168; BUG-52171; BUG-52188; BUG-52190; BUG-52219; BUG-52220; BUG-52226; BUG-52230; BUG-52262; Version Info; database binary version; meta version; cm protocol version; replication protocol version	Altibase 7.1.0.10.8 Korean patch note records 4 new-feature and 27 fixed-bug BUG entries plus Version Info, compatibility, property, and performance-view change sections; the attachment set has only generic patch caveats, not this exact patch change set.	GPTs/attachments/00_version_release_platform.md	Missing			FCA-J004	rg -n '^### BUG-|^### Version Info|^New Features|^Fixed Bugs|^Changes' PatchNotes/Altibase_7.1/kor/Altibase_7_1_0_10_8_Patch_Notes.md
SRC-PATCH-PATCH-000097	patch_notes	patch-specific	PatchNotes/Altibase_7.3/kor/Altibase_7_3_0_0_2_Patch_Notes.md	Altibase 7.3.0.0.2 Patch Notes > New Features, Fixed Bugs, and Changes	version note	7.3.0.0.2; BUG-50557; BUG-50604; BUG-50605; BUG-50606; BUG-50608; BUG-49699; BUG-50365; BUG-50413; BUG-50435; BUG-50442; BUG-50554; BUG-50576; BUG-50581; BUG-50589; BUG-50595; BUG-50597; BUG-50601; BUG-50607; BUG-50615; BUG-50617; BUG-50642; Version Info; database binary version; meta version; cm protocol version; replication protocol version	Altibase 7.3.0.0.2 Korean patch note records 5 new-feature and 16 fixed-bug BUG entries plus Version Info, compatibility, property, and performance-view change sections; the attachment set has only generic patch caveats, not this exact patch change set.	GPTs/attachments/00_version_release_platform.md	Missing			FCA-J004	rg -n '^### BUG-|^### Version Info|^New Features|^Fixed Bugs|^Changes' PatchNotes/Altibase_7.3/kor/Altibase_7_3_0_0_2_Patch_Notes.md
SRC-PATCH-PATCH-000098	patch_notes	patch-specific	PatchNotes/Altibase_7.3/kor/Altibase_7_3_0_0_3_Patch_Notes.md	Altibase 7.3.0.0.3 Patch Notes > New Features, Fixed Bugs, and Changes	version note	7.3.0.0.3; BUG-50654; BUG-50682; BUG-50527; BUG-50542; BUG-50621; BUG-50659; BUG-50663; BUG-50670; BUG-50686; BUG-50697; BUG-50700; Version Info; database binary version; meta version; cm protocol version; replication protocol version	Altibase 7.3.0.0.3 Korean patch note records 2 new-feature and 9 fixed-bug BUG entries plus Version Info, compatibility, property, and performance-view change sections; the attachment set has only generic patch caveats, not this exact patch change set.	GPTs/attachments/00_version_release_platform.md	Missing			FCA-J004	rg -n '^### BUG-|^### Version Info|^New Features|^Fixed Bugs|^Changes' PatchNotes/Altibase_7.3/kor/Altibase_7_3_0_0_3_Patch_Notes.md
SRC-PATCH-PATCH-000099	patch_notes	patch-specific	PatchNotes/Altibase_7.3/kor/Altibase_7_3_0_0_4_Patch_Notes.md	Altibase 7.3.0.0.4 Patch Notes > New Features, Fixed Bugs, and Changes	version note	7.3.0.0.4; BUG-50695; BUG-50703; BUG-50713; BUG-50660; BUG-50714; BUG-50729; BUG-50758; Version Info; database binary version; meta version; cm protocol version; replication protocol version	Altibase 7.3.0.0.4 Korean patch note records 3 new-feature and 4 fixed-bug BUG entries plus Version Info, compatibility, property, and performance-view change sections; the attachment set has only generic patch caveats, not this exact patch change set.	GPTs/attachments/00_version_release_platform.md	Missing			FCA-J004	rg -n '^### BUG-|^### Version Info|^New Features|^Fixed Bugs|^Changes' PatchNotes/Altibase_7.3/kor/Altibase_7_3_0_0_4_Patch_Notes.md
SRC-PATCH-PATCH-000100	patch_notes	patch-specific	PatchNotes/Altibase_7.3/kor/Altibase_7_3_0_0_5_Patch_Notes.md	Altibase 7.3.0.0.5 Patch Notes > New Features, Fixed Bugs, and Changes	version note	7.3.0.0.5; BUG-50768; BUG-50784; BUG-50812; BUG-50822; BUG-50433; BUG-50453; BUG-50130; BUG-50778; BUG-50781; BUG-50782; BUG-50783; BUG-50789; BUG-50791; BUG-50792; BUG-50799; BUG-50803; BUG-50804; BUG-50826; BUG-50843; Version Info; database binary version; meta version; cm protocol version; replication protocol version	Altibase 7.3.0.0.5 Korean patch note records 4 new-feature and 15 fixed-bug BUG entries plus Version Info, compatibility, property, and performance-view change sections; the attachment set has only generic patch caveats, not this exact patch change set.	GPTs/attachments/00_version_release_platform.md	Missing			FCA-J004	rg -n '^### BUG-|^### Version Info|^New Features|^Fixed Bugs|^Changes' PatchNotes/Altibase_7.3/kor/Altibase_7_3_0_0_5_Patch_Notes.md
SRC-PATCH-PATCH-000101	patch_notes	patch-specific	PatchNotes/Altibase_7.3/kor/Altibase_7_3_0_0_6_Patch_Notes.md	Altibase 7.3.0.0.6 Patch Notes > New Features, Fixed Bugs, and Changes	version note	7.3.0.0.6; BUG-50855; BUG-50775; BUG-50798; BUG-50817; BUG-50840; BUG-50851; BUG-50869; Version Info; database binary version; meta version; cm protocol version; replication protocol version	Altibase 7.3.0.0.6 Korean patch note records 0 new-feature and 6 fixed-bug BUG entries plus Version Info, compatibility, property, and performance-view change sections; the attachment set has only generic patch caveats, not this exact patch change set.	GPTs/attachments/00_version_release_platform.md	Missing			FCA-J004	rg -n '^### BUG-|^### Version Info|^New Features|^Fixed Bugs|^Changes' PatchNotes/Altibase_7.3/kor/Altibase_7_3_0_0_6_Patch_Notes.md
SRC-PATCH-PATCH-000102	patch_notes	patch-specific	PatchNotes/Altibase_7.3/kor/Altibase_7_3_0_0_7_Patch_Notes.md	Altibase 7.3.0.0.7 Patch Notes > New Features, Fixed Bugs, and Changes	version note	7.3.0.0.7; BUG-47423; BUG-50868; BUG-50878; BUG-50912; BUG-50249; BUG-50005; BUG-50182; BUG-50810; BUG-50849; BUG-50862; BUG-50864; BUG-50866; BUG-50875; BUG-50881; BUG-50891; BUG-50905; BUG-50907; BUG-50914; BUG-50919; BUG-50920; BUG-50923; BUG-50938; BUG-50948; BUG-50949; BUG-50950; BUG-50969; BUG-50975; BUG-50997; BUG-51004; BUG-51012; BUG-51013; Version Info; database binary version; meta version; cm protocol version; replication protocol version	Altibase 7.3.0.0.7 Korean patch note records 0 new-feature and 0 fixed-bug BUG entries plus Version Info, compatibility, property, and performance-view change sections; the attachment set has only generic patch caveats, not this exact patch change set.	GPTs/attachments/00_version_release_platform.md	Missing			FCA-J004	rg -n '^### BUG-|^### Version Info|^New Features|^Fixed Bugs|^Changes' PatchNotes/Altibase_7.3/kor/Altibase_7_3_0_0_7_Patch_Notes.md
SRC-PATCH-PATCH-000103	patch_notes	patch-specific	PatchNotes/Altibase_7.3/kor/Altibase_7_3_0_0_8_Patch_Notes.md	Altibase 7.3.0.0.8 Patch Notes > New Features, Fixed Bugs, and Changes	version note	7.3.0.0.8; BUG-48885; BUG-50650; BUG-51041; Version Info; database binary version; meta version; cm protocol version; replication protocol version	Altibase 7.3.0.0.8 Korean patch note records 1 new-feature and 2 fixed-bug BUG entries plus Version Info, compatibility, property, and performance-view change sections; the attachment set has only generic patch caveats, not this exact patch change set.	GPTs/attachments/00_version_release_platform.md	Missing			FCA-J004	rg -n '^### BUG-|^### Version Info|^New Features|^Fixed Bugs|^Changes' PatchNotes/Altibase_7.3/kor/Altibase_7_3_0_0_8_Patch_Notes.md
SRC-PATCH-PATCH-000104	patch_notes	patch-specific	PatchNotes/Altibase_7.3/kor/Altibase_7_3_0_0_9_Patch_Notes.md	Altibase 7.3.0.0.9 Patch Notes > New Features, Fixed Bugs, and Changes	version note	7.3.0.0.9; BUG-51057; BUG-51068; BUG-51199; BUG-51204; BUG-51281; BUG-50178; BUG-50757; BUG-50867; BUG-50978; BUG-51048; BUG-51050; BUG-51056; BUG-51063; BUG-51065; BUG-51118; BUG-51133; BUG-51138; BUG-51144; BUG-51154; BUG-51158; BUG-51160; BUG-51163; BUG-51165; BUG-51203; BUG-51214; BUG-51216; Version Info; database binary version; meta version; cm protocol version; replication protocol version	Altibase 7.3.0.0.9 Korean patch note records 5 new-feature and 21 fixed-bug BUG entries plus Version Info, compatibility, property, and performance-view change sections; the attachment set has only generic patch caveats, not this exact patch change set.	GPTs/attachments/00_version_release_platform.md	Missing			FCA-J004	rg -n '^### BUG-|^### Version Info|^New Features|^Fixed Bugs|^Changes' PatchNotes/Altibase_7.3/kor/Altibase_7_3_0_0_9_Patch_Notes.md
SRC-PATCH-PATCH-000105	patch_notes	patch-specific	PatchNotes/Altibase_7.3/kor/Altibase_7_3_0_1_0_Patch_Notes.md	Altibase 7.3.0.1.0 Patch Notes > New Features, Fixed Bugs, and Changes	version note	7.3.0.1.0; BUG-51170; BUG-51277; BUG-51299; BUG-51306; BUG-51372; BUG-51374; BUG-51399; BUG-51403; BUG-51408; BUG-51417; Version Info; database binary version; meta version; cm protocol version; replication protocol version	Altibase 7.3.0.1.0 Korean patch note records 0 new-feature and 10 fixed-bug BUG entries plus Version Info, compatibility, property, and performance-view change sections; the attachment set has only generic patch caveats, not this exact patch change set.	GPTs/attachments/00_version_release_platform.md	Missing			FCA-J004	rg -n '^### BUG-|^### Version Info|^New Features|^Fixed Bugs|^Changes' PatchNotes/Altibase_7.3/kor/Altibase_7_3_0_1_0_Patch_Notes.md
SRC-PATCH-PATCH-000106	patch_notes	patch-specific	PatchNotes/Altibase_7.3/kor/Altibase_7_3_0_1_1_Patch_Notes.md	Altibase 7.3.0.1.1 Patch Notes > New Features, Fixed Bugs, and Changes	version note	7.3.0.1.1; BUG-51509; BUG-51484; BUG-51443; BUG-51446; BUG-51452; BUG-51455; BUG-51457; BUG-51471; BUG-51475; BUG-51476; BUG-51477; BUG-51480; BUG-51491; Version Info; database binary version; meta version; cm protocol version; replication protocol version	Altibase 7.3.0.1.1 Korean patch note records 0 new-feature and 0 fixed-bug BUG entries plus Version Info, compatibility, property, and performance-view change sections; the attachment set has only generic patch caveats, not this exact patch change set.	GPTs/attachments/00_version_release_platform.md	Missing			FCA-J004	rg -n '^### BUG-|^### Version Info|^New Features|^Fixed Bugs|^Changes' PatchNotes/Altibase_7.3/kor/Altibase_7_3_0_1_1_Patch_Notes.md
SRC-PATCH-PATCH-000107	patch_notes	patch-specific	PatchNotes/Altibase_7.3/kor/Altibase_7_3_0_1_2_Patch_Notes.md	Altibase 7.3.0.1.2 Patch Notes > New Features, Fixed Bugs, and Changes	version note	7.3.0.1.2; BUG-49872; BUG-51490; BUG-51509; BUG-51532; BUG-51652; BUG-51698; BUG-51538; BUG-50946; BUG-51029; BUG-51131; BUG-51323; BUG-51347; BUG-51419; BUG-51519; BUG-51525; BUG-51543; BUG-51574; BUG-51630; BUG-51632; BUG-51691; BUG-51707; BUG-51766; BUG-51790; Version Info; database binary version; meta version; cm protocol version; replication protocol version	Altibase 7.3.0.1.2 Korean patch note records 7 new-feature and 16 fixed-bug BUG entries plus Version Info, compatibility, property, and performance-view change sections; the attachment set has only generic patch caveats, not this exact patch change set.	GPTs/attachments/00_version_release_platform.md	Missing			FCA-J004	rg -n '^### BUG-|^### Version Info|^New Features|^Fixed Bugs|^Changes' PatchNotes/Altibase_7.3/kor/Altibase_7_3_0_1_2_Patch_Notes.md
SRC-PATCH-PATCH-000108	patch_notes	patch-specific	PatchNotes/Altibase_7.3/kor/Altibase_7_3_0_1_3_Patch_Notes.md	Altibase 7.3.0.1.3 Patch Notes > New Features, Fixed Bugs, and Changes	version note	7.3.0.1.3; BUG-51467; BUG-51698; BUG-51864; BUG-50945; BUG-50976; BUG-51015; BUG-51540; BUG-51804; BUG-51834; BUG-51841; BUG-51849; Version Info; database binary version; meta version; cm protocol version; replication protocol version	Altibase 7.3.0.1.3 Korean patch note records 0 new-feature and 8 fixed-bug BUG entries plus Version Info, compatibility, property, and performance-view change sections; the attachment set has only generic patch caveats, not this exact patch change set.	GPTs/attachments/00_version_release_platform.md	Missing			FCA-J004	rg -n '^### BUG-|^### Version Info|^New Features|^Fixed Bugs|^Changes' PatchNotes/Altibase_7.3/kor/Altibase_7_3_0_1_3_Patch_Notes.md
SRC-PATCH-PATCH-000109	patch_notes	patch-specific	PatchNotes/Altibase_7.3/kor/Altibase_7_3_0_1_4_Patch_Notes.md	Altibase 7.3.0.1.4 Patch Notes > New Features, Fixed Bugs, and Changes	version note	7.3.0.1.4; BUG-51881; BUG-51867; BUG-51880; BUG-51902; BUG-51805; BUG-51878; BUG-51899; BUG-51909; BUG-51920; Version Info; database binary version; meta version; cm protocol version; replication protocol version	Altibase 7.3.0.1.4 Korean patch note records 4 new-feature and 5 fixed-bug BUG entries plus Version Info, compatibility, property, and performance-view change sections; the attachment set has only generic patch caveats, not this exact patch change set.	GPTs/attachments/00_version_release_platform.md	Missing			FCA-J004	rg -n '^### BUG-|^### Version Info|^New Features|^Fixed Bugs|^Changes' PatchNotes/Altibase_7.3/kor/Altibase_7_3_0_1_4_Patch_Notes.md
SRC-PATCH-PATCH-000110	patch_notes	patch-specific	PatchNotes/Altibase_7.3/kor/Altibase_7_3_0_1_5_Patch_Notes.md	Altibase 7.3.0.1.5 Patch Notes > New Features, Fixed Bugs, and Changes	version note	7.3.0.1.5; BUG-51873; BUG-50643; BUG-51888; BUG-51977; BUG-51989; BUG-51992; BUG-51994; BUG-52002; Version Info; database binary version; meta version; cm protocol version; replication protocol version	Altibase 7.3.0.1.5 Korean patch note records 1 new-feature and 7 fixed-bug BUG entries plus Version Info, compatibility, property, and performance-view change sections; the attachment set has only generic patch caveats, not this exact patch change set.	GPTs/attachments/00_version_release_platform.md	Missing			FCA-J004	rg -n '^### BUG-|^### Version Info|^New Features|^Fixed Bugs|^Changes' PatchNotes/Altibase_7.3/kor/Altibase_7_3_0_1_5_Patch_Notes.md
SRC-PATCH-PATCH-000111	patch_notes	patch-specific	PatchNotes/Altibase_7.3/kor/Altibase_7_3_0_1_6_Patch_Notes.md	Altibase 7.3.0.1.6 Patch Notes > New Features, Fixed Bugs, and Changes	version note	7.3.0.1.6; BUG-51652; BUG-52085; BUG-52026; BUG-49298; BUG-51529; BUG-51792; BUG-52046; BUG-52050; BUG-52083; BUG-52086; Version Info; database binary version; meta version; cm protocol version; replication protocol version	Altibase 7.3.0.1.6 Korean patch note records 3 new-feature and 7 fixed-bug BUG entries plus Version Info, compatibility, property, and performance-view change sections; the attachment set has only generic patch caveats, not this exact patch change set.	GPTs/attachments/00_version_release_platform.md	Missing			FCA-J004	rg -n '^### BUG-|^### Version Info|^New Features|^Fixed Bugs|^Changes' PatchNotes/Altibase_7.3/kor/Altibase_7_3_0_1_6_Patch_Notes.md
SRC-PATCH-PATCH-000112	patch_notes	patch-specific	PatchNotes/Altibase_7.3/kor/Altibase_7_3_0_1_7_Patch_Notes.md	Altibase 7.3.0.1.7 Patch Notes > New Features, Fixed Bugs, and Changes	version note	7.3.0.1.7; BUG-52066; BUG-52087; BUG-52091; BUG-52111; BUG-52141; Version Info; database binary version; meta version; cm protocol version; replication protocol version	Altibase 7.3.0.1.7 Korean patch note records 0 new-feature and 0 fixed-bug BUG entries plus Version Info, compatibility, property, and performance-view change sections; the attachment set has only generic patch caveats, not this exact patch change set.	GPTs/attachments/00_version_release_platform.md	Missing			FCA-J004	rg -n '^### BUG-|^### Version Info|^New Features|^Fixed Bugs|^Changes' PatchNotes/Altibase_7.3/kor/Altibase_7_3_0_1_7_Patch_Notes.md
SRC-PATCH-PATCH-000113	patch_notes	patch-specific	PatchNotes/Altibase_7.3/kor/Altibase_7_3_0_1_8_Patch_Notes.md	Altibase 7.3.0.1.8 Patch Notes > New Features, Fixed Bugs, and Changes	version note	7.3.0.1.8; BUG-52188; BUG-52192; BUG-51201; BUG-51324; BUG-52171; BUG-52119; BUG-52205; Version Info; database binary version; meta version; cm protocol version; replication protocol version	Altibase 7.3.0.1.8 Korean patch note records 2 new-feature and 5 fixed-bug BUG entries plus Version Info, compatibility, property, and performance-view change sections; the attachment set has only generic patch caveats, not this exact patch change set.	GPTs/attachments/00_version_release_platform.md	Missing			FCA-J004	rg -n '^### BUG-|^### Version Info|^New Features|^Fixed Bugs|^Changes' PatchNotes/Altibase_7.3/kor/Altibase_7_3_0_1_8_Patch_Notes.md
SRC-PATCH-PATCH-000114	patch_notes	patch-specific	PatchNotes/Altibase_7.3/kor/Altibase_7_3_0_1_9_Patch_Notes.md	Altibase 7.3.0.1.9 Patch Notes > New Features, Fixed Bugs, and Changes	version note	7.3.0.1.9; BUG-52215; BUG-52224; BUG-48937; BUG-51953; BUG-52181; BUG-52213; BUG-52190; BUG-52219; BUG-52230; Version Info; database binary version; meta version; cm protocol version; replication protocol version	Altibase 7.3.0.1.9 Korean patch note records 2 new-feature and 7 fixed-bug BUG entries plus Version Info, compatibility, property, and performance-view change sections; the attachment set has only generic patch caveats, not this exact patch change set.	GPTs/attachments/00_version_release_platform.md	Missing			FCA-J004	rg -n '^### BUG-|^### Version Info|^New Features|^Fixed Bugs|^Changes' PatchNotes/Altibase_7.3/kor/Altibase_7_3_0_1_9_Patch_Notes.md
SRC-PATCH-PATCH-000115	patch_notes	patch-specific	PatchNotes/Altibase_7.3/kor/Altibase_7_3_0_2_0_Patch_Notes.md	Altibase 7.3.0.2.0 Patch Notes > New Features, Fixed Bugs, and Changes	version note	7.3.0.2.0; BUG-52233; BUG-51905; BUG-52106; BUG-52122; BUG-52168; BUG-52220; BUG-52226; BUG-52236; Version Info; database binary version; meta version; cm protocol version; replication protocol version	Altibase 7.3.0.2.0 Korean patch note records 1 new-feature and 7 fixed-bug BUG entries plus Version Info, compatibility, property, and performance-view change sections; the attachment set has only generic patch caveats, not this exact patch change set.	GPTs/attachments/00_version_release_platform.md	Missing			FCA-J004	rg -n '^### BUG-|^### Version Info|^New Features|^Fixed Bugs|^Changes' PatchNotes/Altibase_7.3/kor/Altibase_7_3_0_2_0_Patch_Notes.md
SRC-OTHER-XVER-000001	getting_started_installation	cross-version	Manuals/Altibase_7.3/kor/Installation Guide.md	Installation Guide > Altibase package installer > package selection	tool command	altibase-server-<version>-<OS>-<CPU>-64bit-release.run; altibase-client-<version>-<OS>-<CPU>-64bit-release.run; uname -a; server package; client package	The installation manuals describe separate server and client package installers, note that the server package includes the client package, and require choosing a package that matches the exact OS and CPU architecture.	GPTs/attachments/01_getting_started_installation.md	Covered	Pre-Installation Checklist > Item: target package; Package Installer Procedure		FCA-J005	rg -n 'altibase-server-|altibase-client-|uname -a|Server Package includes the Client Package' Manuals/Altibase_7.3/eng/Installation\ Guide.md GPTs/attachments/01_getting_started_installation.md
SRC-OTHER-XVER-000002	getting_started_installation	cross-version	Manuals/Altibase_7.3/kor/Installation Guide.md	Installation Guide > Installing Altibase Products > Check the Environment Before Installation	runbook step	operating system name; operating system version; 64-bit; installation will be aborted	The package installer checks the OS name, OS version, and 64-bit mode before installation and aborts if the package does not match the host.	GPTs/attachments/01_getting_started_installation.md	Covered	Server Installation Runbook > Steps; Pre-Installation Checklist > Item: host identity check		FCA-J005	rg -n 'operating system name|64-bit|installation will be aborted|host identity' Manuals/Altibase_7.3/eng/Installation\ Guide.md GPTs/attachments/01_getting_started_installation.md
SRC-OTHER-XVER-000003	getting_started_installation	cross-version	Manuals/Altibase_7.3/kor/Installation Guide.md	Installation Guide > Altibase package installer > Installation Mode	runbook step	DISPLAY; Interactive Command-line Mode; GUI; xhost +	The package installer runs in interactive command-line mode when `DISPLAY` is not set and GUI mode when `DISPLAY` is set; remote GUI use requires display access such as `xhost +`.	GPTs/attachments/01_getting_started_installation.md	Covered	Package Installer Procedure > Installer mode decision flow		FCA-J005	rg -n 'DISPLAY|Interactive Command-line Mode|GUI|xhost' Manuals/Altibase_7.3/eng/Installation\ Guide.md GPTs/attachments/01_getting_started_installation.md
SRC-OTHER-XVER-000004	getting_started_installation	cross-version	Manuals/Altibase_7.3/kor/Installation Guide.md	Installation Guide > Installing Altibase Products > Enter Installation Directory and Select Installation Type	runbook step	ALTIBASE_HOME; Full Installation; Patch Installation; uninstall the product	The installer collects `ALTIBASE_HOME`, distinguishes `Full Installation` from `Patch Installation`, and warns when the target directory already contains an Altibase product.	GPTs/attachments/01_getting_started_installation.md	Covered	Server Installation Runbook > Steps; Runbook Input Checklist		FCA-J005	rg -n 'ALTIBASE_HOME|Full Installation|Patch Installation|uninstall the product' Manuals/Altibase_7.3/eng/Installation\ Guide.md GPTs/attachments/01_getting_started_installation.md
SRC-OTHER-XVER-000005	getting_started_installation	cross-version	Manuals/Altibase_7.3/kor/Installation Guide.md	Installation Guide > Installing Altibase Products > Check System Parameters	runbook step	kernel parameters; root account; $ALTIBASE_HOME/install/pre_install.sh; sem; shmmax	The installer shows required system kernel parameters, says they require root privileges, and points to `$ALTIBASE_HOME/install/pre_install.sh` when they are applied after installation.	GPTs/attachments/01_getting_started_installation.md	Covered	Pre-Installation Checklist > Item: kernel parameters; Files Created or Updated by Installation		FCA-J005	rg -n 'kernel parameters|root account|pre_install.sh|sem|shmmax' Manuals/Altibase_7.3/eng/Installation\ Guide.md GPTs/attachments/01_getting_started_installation.md
SRC-OTHER-XVER-000006	getting_started_installation	cross-version	Manuals/Altibase_7.3/kor/Installation Guide.md	Installation Guide > Appendix A > Setting User Resource Limit Values	warning	ulimit; unlimited; core file size; memory database; Stack size; 70KB	The appendix recommends checking `ulimit`, setting Unix resource limits to `unlimited` except core file size, and requiring at least `70KB` stack size for client products; the attachment omits the exact client stack-size token.	GPTs/attachments/01_getting_started_installation.md	Missing			FCA-J005	rg -n 'ulimit|core file size|Stack size|70KB' Manuals/Altibase_7.3/kor/Installation\ Guide.md GPTs/attachments/01_getting_started_installation.md
SRC-OTHER-XVER-000007	getting_started_installation	cross-version	Manuals/Altibase_7.3/kor/Installation Guide.md	Installation Guide > Appendix A > Linux RemoveIPC	runbook step	RemoveIPC; /etc/systemd/logind.conf; RemoveIPC=no; Red Hat 7.2	The installation prerequisites warn that Red Hat 7.2 or later may remove IPC objects unless `RemoveIPC=no` is set in `/etc/systemd/logind.conf`, with an OS restart after changing it.	GPTs/attachments/01_getting_started_installation.md	Covered	Pre-Installation Checklist > Item: Linux RemoveIPC; Troubleshooting First-Run Failures		FCA-J005	rg -n 'RemoveIPC|/etc/systemd/logind.conf|Red Hat 7.2' Manuals/Altibase_7.3/kor/Installation\ Guide.md GPTs/attachments/01_getting_started_installation.md
SRC-OTHER-XVER-000008	getting_started_installation	cross-version	Manuals/Altibase_7.3/kor/Installation Guide.md	Installation Guide > Appendix A > THP settings	runbook step	Transparent Huge Pages; THP; never; /sys/kernel/mm/transparent_hugepage/enabled; /sys/kernel/mm/redhat_transparent_hugepage/enabled	The installation prerequisites require checking Transparent Huge Pages and disabling THP by setting it to `never` for optimized Altibase operation.	GPTs/attachments/01_getting_started_installation.md	Covered	Pre-Installation Checklist > Item: Linux THP; Troubleshooting First-Run Failures		FCA-J005	rg -n 'THP|Transparent Huge Pages|never|transparent_hugepage' Manuals/Altibase_7.3/kor/Installation\ Guide.md GPTs/attachments/01_getting_started_installation.md
SRC-OTHER-XVER-000009	getting_started_installation	cross-version	Manuals/Altibase_7.3/kor/Installation Guide.md	Installation Guide > System Requirements > storage and network planning	runbook step	redo logs; data files; separate physical disks; dedicated network line; replication	The installation requirements recommend storage planning for data and logs, separating redo logs and data files where possible, and planning a dedicated line when replication will be used.	GPTs/attachments/01_getting_started_installation.md	Covered	Pre-Installation Checklist > Item: disk layout; Item: replication network planning		FCA-J005	rg -n 'physical disk|redo logs|data files|dedicated.*replication|replication network' Manuals/Altibase_7.3/kor/Installation\ Guide.md GPTs/attachments/01_getting_started_installation.md
SRC-OTHER-XVER-000010	getting_started_installation	cross-version	Manuals/Altibase_7.3/kor/Installation Guide.md	Installation Guide > Set Altibase Properties > Step 1 Basic Database Operation Properties	runbook step	DB_NAME; Connection Port Number; Maximum size of Memory Database; Buffer Area Size; server create [DB Character Set] [National Character Set]	Installer Step 1 collects the database name, port, memory database size, disk buffer size, and whether to create a database creation script; manual creation uses `server create [DB Character Set] [National Character Set]`.	GPTs/attachments/01_getting_started_installation.md	Covered	Server Installation Runbook > During server installation, collect these values		FCA-J005	rg -n 'Database name|Connection Port|Maximum size of Memory Database|Buffer Area Size|server create \\[DB Character' Manuals/Altibase_7.3/eng/Installation\ Guide.md GPTs/attachments/01_getting_started_installation.md
SRC-OTHER-XVER-000011	getting_started_installation	cross-version	Manuals/Altibase_7.3/kor/Installation Guide.md	Installation Guide > Set Altibase Properties > Step 2 Database Creation Properties	runbook step	$ALTIBASE_HOME/install/post_install.sh; Initial Database Size; noarchivelog; archivelog; UTF-8; UTF-16; National Character Set	Installer Step 2 stores database creation SQL in `$ALTIBASE_HOME/install/post_install.sh` and collects initial size, archive logging mode, database character set, and national character set.	GPTs/attachments/01_getting_started_installation.md	Covered	Server Installation Runbook > Steps; First Database Creation Runbook		FCA-J005	rg -n 'post_install.sh|Initial Database Size|Noarchivelog|Archivelog|National Character Set' Manuals/Altibase_7.3/eng/Installation\ Guide.md GPTs/attachments/01_getting_started_installation.md
SRC-OTHER-XVER-000012	getting_started_installation	cross-version	Manuals/Altibase_7.3/kor/Installation Guide.md	Installation Guide > Set Altibase Properties > Step 3 Set Database Directories	runbook step	DEFAULT_DISK_DB_DIR; MEM_DB_DIR; ARCHIVE_DIR; LOG_DIR; LOGANCHOR_DIR; $ALTIBASE_HOME/conf/altibase.properties	Installer Step 3 collects disk database, memory database, archive log, transaction log, and log anchor directories, with later changes made through `$ALTIBASE_HOME/conf/altibase.properties`.	GPTs/attachments/01_getting_started_installation.md	Covered	Server Installation Runbook > During server installation, collect these values; V$PROPERTY check		FCA-J005	rg -n 'Default Disk Database Directory|Memory Database Directory|Archive Log Directory|Transaction Log Directory|Log Anchor|altibase.properties' Manuals/Altibase_7.3/eng/Installation\ Guide.md GPTs/attachments/01_getting_started_installation.md
SRC-OTHER-XVER-000013	getting_started_installation	cross-version	Manuals/Altibase_7.3/kor/Installation Guide.md	Installation Guide > Register or Update the Altibase License Key	runbook step	license key; $ALTIBASE_HOME/conf/license; cp license $ALTIBASE_HOME/conf/; services will not start; database creation question	The installer supports entering a license key, selecting a license file, or postponing registration and later copying the file to `$ALTIBASE_HOME/conf/license`; without a license, services do not start and the installer skips database-creation prompting.	GPTs/attachments/01_getting_started_installation.md	Covered	Pre-Installation Checklist > Item: license; Server Installation Runbook > Steps		FCA-J005	rg -n 'license key|\\$ALTIBASE_HOME/conf|services will not start|database.*creation' Manuals/Altibase_7.3/kor/Installation\ Guide.md GPTs/attachments/01_getting_started_installation.md
SRC-OTHER-XVER-000014	getting_started_installation	cross-version	Manuals/Altibase_7.3/kor/Installation Guide.md	Installation Guide > Install the Altibase Product > files updated	runbook step	$ALTIBASE_HOME/conf/altibase.properties; $ALTIBASE_HOME/conf/altibase_user.env; .bashrc; .bash_profile; .profile; PATH; LD_LIBRARY_PATH; CLASSPATH	Server installation writes selected properties to `altibase.properties`, creates `altibase_user.env`, and adds profile sourcing for `ALTIBASE_HOME`, `PATH`, `LD_LIBRARY_PATH`, and `CLASSPATH`.	GPTs/attachments/01_getting_started_installation.md	Covered	Files Created or Updated by Installation		FCA-J005	rg -n 'altibase.properties|altibase_user.env|bash_profile|LD_LIBRARY_PATH|CLASSPATH' Manuals/Altibase_7.3/eng/Installation\ Guide.md GPTs/attachments/01_getting_started_installation.md
SRC-OTHER-XVER-000015	getting_started_installation	cross-version	Manuals/Altibase_7.3/kor/Installation Guide.md	Installation Guide > Preview the Altibase Quick Settings Guide	runbook step	$ALTIBASE_HOME/install/pre_install.sh; $ALTIBASE_HOME/install/post_install.sh; $ALTIBASE_HOME/packages/catproc.sql; server start; server stop; isql	The quick settings guide identifies the kernel script, post-install database creation script, PSM script, server start/stop commands, and iSQL first connection pattern.	GPTs/attachments/01_getting_started_installation.md	Covered	Files Created or Updated by Installation; Minimal First-Run Command Sequence		FCA-J005	rg -n 'pre_install.sh|post_install.sh|catproc.sql|server start|server stop|isql' Manuals/Altibase_7.3/eng/Installation\ Guide.md GPTs/attachments/01_getting_started_installation.md
SRC-OTHER-XVER-000016	getting_started_installation	cross-version	Manuals/Altibase_7.3/kor/Getting Started Guide.md	Getting Started Guide > Installation process > Create a Database	runbook step	sh post_install.sh dbcreate; server create utf8 utf8; server create [DB Character Set] [National Character Set]	If installation captured database creation properties, create the database with `sh post_install.sh dbcreate`; otherwise use `server create [DB Character Set] [National Character Set]`, with examples such as `server create utf8 utf8`.	GPTs/attachments/01_getting_started_installation.md	Covered	First Database Creation Runbook; Minimal First-Run Command Sequence		FCA-J005	rg -n 'post_install.sh dbcreate|server create utf8 utf8|server create \\[DB Character' Manuals/Altibase_7.3/eng/Getting\ Started\ Guide.md GPTs/attachments/01_getting_started_installation.md
SRC-OTHER-XVER-000017	getting_started_installation	cross-version	Manuals/Altibase_7.3/kor/Getting Started Guide.md	Getting Started Guide > Setting Environment for a Multilingual Database	runbook step	ALTIBASE_NLS_USE; ALTIBASE_NLS_NCHAR_LITERAL_REPLACE; UTF8; KSC5601; NCHAR literal; database character set	The Getting Started Guide requires choosing database and national character sets at creation time and setting client NLS variables such as `ALTIBASE_NLS_USE` and `ALTIBASE_NLS_NCHAR_LITERAL_REPLACE` for multilingual clients.	GPTs/attachments/01_getting_started_installation.md	Covered	First Database Creation Runbook > multilingual clients		FCA-J005	rg -n 'ALTIBASE_NLS_USE|ALTIBASE_NLS_NCHAR_LITERAL_REPLACE|database character set|NCHAR literal' Manuals/Altibase_7.3/eng/Getting\ Started\ Guide.md GPTs/attachments/01_getting_started_installation.md
SRC-OTHER-XVER-000018	getting_started_installation	cross-version	Manuals/Altibase_7.3/kor/Installation Guide.md	Installation Guide > Post-Installation Tasks > PSM script	runbook step	catproc.sql; isql -s 127.0.0.1 -u sys -p manager -silent -f; $ALTIBASE_HOME/packages/catproc.sql	If PSM setup was not run during installation, the manuals require running `$ALTIBASE_HOME/packages/catproc.sql` through iSQL after database creation and startup.	GPTs/attachments/01_getting_started_installation.md	Covered	PSM Setup; Installation Administration Answer Anchors > 7.3 server post-install completion		FCA-J005	rg -n 'catproc.sql|silent -f|packages/catproc.sql' Manuals/Altibase_7.3/eng/Installation\ Guide.md GPTs/attachments/01_getting_started_installation.md
SRC-OTHER-XVER-000019	getting_started_installation	cross-version	Manuals/Altibase_7.3/kor/Getting Started Guide.md	Getting Started Guide > Startup Altibase	runbook step	isql -u sys -p manager -sysdba; startup; server start; TRANSITION TO PHASE : PROCESS; TRANSITION TO PHASE : SERVICE; STARTUP Process SUCCESS	Altibase startup can be run through iSQL `SYSDBA` with `startup` or through `server start`; successful output transitions through phases and ends with `STARTUP Process SUCCESS`.	GPTs/attachments/01_getting_started_installation.md	Covered	Startup and First-Run Verification Runbook		FCA-J005	rg -n 'isql -u sys -p manager -sysdba|server start|TRANSITION TO PHASE|STARTUP Process SUCCESS' Manuals/Altibase_7.3/eng/Getting\ Started\ Guide.md GPTs/attachments/01_getting_started_installation.md
SRC-OTHER-XVER-000020	getting_started_installation	cross-version	Manuals/Altibase_7.3/kor/Getting Started Guide.md	Getting Started Guide > Startup phases and service connection boundary	runbook step	PRE-PROCESS; PRE_PROCESS; PROCESS; CONTROL; META; SERVICE; STARTUP [PROCESS | CONTROL | META | SERVICE]; SYS	Startup phase guidance distinguishes `PROCESS`, `CONTROL`, `META`, and `SERVICE`, preserves `PRE-PROCESS`/`PRE_PROCESS` spelling, and allows ordinary non-`SYS` user connections only after `SERVICE`.	GPTs/attachments/01_getting_started_installation.md	Covered	Installation Administration Answer Anchors > startup phases and ordinary-user connection boundary		FCA-J005	rg -n 'PRE-PROCESS|PRE_PROCESS|PROCESS|CONTROL|META|SERVICE|ordinary users' GPTs/attachments/01_getting_started_installation.md Manuals/Altibase_7.3/kor/Getting\ Started\ Guide.md
SRC-OTHER-XVER-000021	getting_started_installation	cross-version	Manuals/Altibase_7.3/kor/Getting Started Guide.md	Getting Started Guide > Connect to the database and sample schema	runbook step	isql -s 127.0.0.1 -u SYS -p MANAGER; V$VERSION; product_version; protocol_version; $ALTIBASE_HOME/sample/APRE/schema/schema.sql	First-run verification uses iSQL connection checks, version/protocol checks, trace review, and optional sample schema loading from `$ALTIBASE_HOME/sample/APRE/schema/schema.sql`.	GPTs/attachments/01_getting_started_installation.md	Covered	Startup and First-Run Verification Runbook; Minimal First-Run Command Sequence		FCA-J005	rg -n 'isql -s 127.0.0.1|V\\$VERSION|schema.sql|product_version|protocol_version' GPTs/attachments/01_getting_started_installation.md Manuals/Altibase_7.3/eng/Getting\ Started\ Guide.md
SRC-OTHER-XVER-000022	getting_started_installation	cross-version	Manuals/Altibase_7.3/kor/Getting Started Guide.md	Getting Started Guide > Shutdown Altibase	runbook step	shutdown normal; shutdown immediate; shutdown abort; server stop; server kill; rollback; shutdown immediate success	The Getting Started Guide documents normal, immediate, and abort shutdown plus `server stop` and `server kill`; immediate disconnects sessions and rolls back current transactions, while abort/kill are emergency paths.	GPTs/attachments/01_getting_started_installation.md	Covered	Shutdown Decision Runbook; Installation Administration Answer Anchors > shutdown comparison		FCA-J005	rg -n 'shutdown normal|shutdown immediate|shutdown abort|server stop|server kill|rollback' Manuals/Altibase_7.3/eng/Getting\ Started\ Guide.md GPTs/attachments/01_getting_started_installation.md
SRC-OTHER-XVER-000023	getting_started_installation	cross-version	Manuals/Altibase_7.3/kor/Installation Guide.md	Installation and Getting Started Guides > first-run troubleshooting evidence	runbook step	$ALTIBASE_HOME/conf/license; $ALTIBASE_HOME/trc; command not found; ALTIBASE_PORT_NO; RemoveIPC=no; THP; catproc.sql	First-run failure checks require evidence for license state, kernel/user limits, sourced environment, configured port, RemoveIPC/THP, trace logs, and missing PSM catalog objects before diagnosing.	GPTs/attachments/01_getting_started_installation.md	Covered	Troubleshooting First-Run Failures		FCA-J005	rg -n 'license|RemoveIPC|THP|command not found|ALTIBASE_PORT_NO|catproc.sql|trc' GPTs/attachments/01_getting_started_installation.md Manuals/Altibase_7.3/kor/Installation\ Guide.md
SRC-OTHER-XVER-000024	getting_started_installation	cross-version	Manuals/Altibase_7.3/kor/Installation Guide.md	Installation Guide > Installing Altibase Client Products	runbook step	altibase-client-<version>-<OS>-<CPU>-64bit-release.run; ALTIBASE_PORT_NO; .profile; ALTIBASE_HOME; PATH; LD_LIBRARY_PATH; CLASSPATH; Altibase.jar	Client-only installation uses the client package, collects client connection port, writes variables directly to the login shell profile, does not create `altibase_user.env`, and validates with iSQL or connector-specific checks.	GPTs/attachments/01_getting_started_installation.md	Covered	Client-Only Installation Runbook; Installation Administration Answer Anchors > client-only installation		FCA-J005	rg -n 'altibase-client-|ALTIBASE_PORT_NO|altibase_user.env|Altibase.jar|profile' Manuals/Altibase_7.3/eng/Installation\ Guide.md GPTs/attachments/01_getting_started_installation.md
SRC-OTHER-XVER-000025	getting_started_installation	cross-version	Manuals/Altibase_7.3/kor/Installation Guide.md	Installation Guide > APatch directory > file inventory	other documented category	$ALTIBASE_HOME/APatch; patchinfo; pkg_patch_<version>.txt; altibase_base_install.log; Backup; uninstall-base; rollback-p<patch_version>	The APatch directory source itemizes `patchinfo`, `pkg_patch_<version>.txt`, `altibase_base_install.log`, backup directories, and uninstall/rollback executables; the attachment covers APatch generically but not this exact file inventory and role list.	GPTs/attachments/01_getting_started_installation.md	Missing			FCA-J005	rg -n 'patchinfo|pkg_patch_|altibase_base_install.log|Backup|uninstall-base|rollback-p' Manuals/Altibase_7.3/kor/Installation\ Guide.md GPTs/attachments/01_getting_started_installation.md
SRC-OTHER-XVER-000026	getting_started_installation	cross-version	Manuals/Altibase_7.3/kor/Installation Guide.md	Installation Guide > Uninstalling Altibase Products > Patch Uninstallation	runbook step	uninstall-p<patch_version>; latest patch; rollback-p<patch_version>; HP-UX; data files; log files	Patch rollback uses the APatch patch uninstaller for the most recent patch only, excludes data/log files from package rollback, and notes HP-UX package-uninstaller rollback limits.	GPTs/attachments/01_getting_started_installation.md	Covered	Patch Installation and Rollback Notes; Installation Administration Answer Anchors > APatch rollback and meta downgrade		FCA-J005	rg -n 'uninstall-p<patch_version>|latest patch|HP-UX|data files|log files|rollback-p' Manuals/Altibase_7.3/eng/Installation\ Guide.md GPTs/attachments/01_getting_started_installation.md
SRC-OTHER-XVER-000027	getting_started_installation	cross-version	Manuals/Altibase_7.3/kor/Installation Guide.md	Installation Guide > Meta Downgrade	runbook step	SYSTEM_.SYS_DATABASE_; META_MAJOR_VER; PREV_META_MINOR_VER; server stop; server downgrade; DOWNGRADE; altibase_boot.log; altibase_qp.log	Meta downgrade requires checking current and previous meta versions in `SYSTEM_.SYS_DATABASE_`, stopping the server first, running `server downgrade`, reviewing boot/query-processor logs on failure, and deleting the patch afterward.	GPTs/attachments/01_getting_started_installation.md	Covered	Patch Installation and Rollback Notes		FCA-J005	rg -n 'SYS_DATABASE|META_MAJOR_VER|PREV_META|server downgrade|DOWNGRADE|altibase_boot.log|altibase_qp.log' Manuals/Altibase_7.3/eng/Installation\ Guide.md GPTs/attachments/01_getting_started_installation.md
SRC-OTHER-XVER-000028	getting_started_installation	cross-version	Manuals/Altibase_7.3/kor/Installation Guide.md	Installation Guide > Patching products > full package versus patch package step matrix	other documented category	Full Package; Patch Package; Checking the Environment Before Installation; Checking System Parameters; Checking the Patch Version; Registering the Altibase License Key	The installation guide includes server/client matrices showing which installer steps apply to full packages versus patch packages; the attachment has generic patch guidance but not the answer-ready step matrix.	GPTs/attachments/01_getting_started_installation.md	Missing			FCA-J005	rg -n 'Full Package|Patch Package|Checking the Patch Version|Registering the Altibase License Key' Manuals/Altibase_7.3/kor/Installation\ Guide.md GPTs/attachments/01_getting_started_installation.md
SRC-OTHER-XVER-000029	getting_started_installation	cross-version	Manuals/Altibase_7.3/kor/Installation Guide.md	Installation Guide > Uninstalling Altibase Products > Full Uninstallation	runbook step	uninstall-base; $ALTIBASE_HOME/APatch; environment variable; manually delete; Full Uninstallation	Full uninstallation uses `uninstall-base` from `$ALTIBASE_HOME/APatch`, and the user must manually remove Altibase environment variables from the account profile; the attachment only mentions `uninstall-base` and does not provide the full uninstall/profile-cleanup runbook.	GPTs/attachments/01_getting_started_installation.md	Missing			FCA-J005	rg -n 'uninstall-base|environment variable|manually delete|Full Uninstallation|APatch' Manuals/Altibase_7.3/eng/Installation\ Guide.md GPTs/attachments/01_getting_started_installation.md
SRC-OTHER-XVER-000030	getting_started_installation	cross-version	Manuals/Altibase_trunk/kor/Installation Guide.md	Installation Guide > Package installer download > support portal package acquisition	other documented category	http://support.altibase.com; package installer; operating system; version; OS; CPU	Selected manuals say to download the package installer that matches the operating system from the Altibase support portal, but current package availability and entitlement require live customer/support evidence.	GPTs/attachments/01_getting_started_installation.md	Guardrail	Response Rules; Runbook Input Checklist	Current package download availability depends on exact version, patch, customer entitlement, OS/CPU package naming, and live Altibase Support portal state; selected manuals identify the route but cannot verify current access.	FCA-J005	rg -n 'support.altibase.com|패키지 인스톨러|operating system' Manuals/Altibase_trunk/kor/Installation\ Guide.md GPTs/attachments/01_getting_started_installation.md
SRC-OTHER-XVER-000031	getting_started_installation	cross-version	Manuals/Altibase_7.3/kor/Getting Started Guide.md	Getting Started Guide > SQL execution and sample schema overview	runbook step	SQL; iSQL; schema.sql; START; @; sample schema	Getting Started introduces executing SQL through iSQL or applications and using sample schema scripts; the upload set routes detailed iSQL script execution and DDL/DML syntax to the tool and SQL attachments.	GPTs/attachments/13_isql_iloader_basic_tools.md	Covered-by-routing	iSQL Script Execution; Attachment Cross-References from 01		FCA-J005	rg -n 'SQL문 실행|샘플 스키마|schema.sql|START schema.sql|@ schema.sql' Manuals/Altibase_7.3/kor/Getting\ Started\ Guide.md GPTs/attachments/01_getting_started_installation.md GPTs/attachments/13_isql_iloader_basic_tools.md
SRC-OTHER-XVER-000032	getting_started_installation	cross-version	Manuals/Altibase_7.3/kor/Getting Started Guide.md	Getting Started Guide > Database object overview and privilege overview	other documented category	table; partitioned table; index; view; sequence; synonym; user; role; system privilege; object privilege	Getting Started provides a beginner object and privilege taxonomy; detailed answer-ready SQL generation and administration are routed to DDL and administration attachments.	GPTs/attachments/03_sql_ddl_generation.md	Covered-by-routing	User and Privilege Syntax; Attachment Cross-References from 01		FCA-J005	rg -n '데이터베이스 객체 개요|권한 관리 개요|시스템 권한|객체 권한|Role|User' Manuals/Altibase_7.3/kor/Getting\ Started\ Guide.md GPTs/attachments/01_getting_started_installation.md GPTs/attachments/03_sql_ddl_generation.md
SRC-OTHER-XVER-000033	getting_started_installation	cross-version	Manuals/Altibase_7.3/kor/Getting Started Guide.md	Getting Started Guide > Replication and failover overview	other documented category	Replication; Fail-Over; Fail-Over connection property; replication start; replication stop; DDL	Getting Started includes introductory replication, DDL caution, and failover sections; detailed topology/state/action guidance is routed to the replication and JDBC/failover attachments.	GPTs/attachments/09_replication_ha_cdc.md	Covered-by-routing	Retrieval Alias Index; Attachment Cross-References from 01		FCA-J005	rg -n '이중화|Fail-Over|DDL 수행 시 주의사항|replication' Manuals/Altibase_7.3/kor/Getting\ Started\ Guide.md GPTs/attachments/01_getting_started_installation.md GPTs/attachments/09_replication_ha_cdc.md
SRC-OTHER-XVER-000034	getting_started_installation	cross-version	Manuals/Altibase_7.3/kor/Getting Started Guide.md	Getting Started Guide > Backup policy and recovery policy overview	runbook step	backup policy; recovery policy; archive log; recovery; backup	Getting Started introduces backup and recovery policy concepts; protected operational backup/recovery steps are routed to the administration attachment.	GPTs/attachments/02_administration_operations.md	Covered-by-routing	Backup and Recovery Overview; Attachment Cross-References from 01		FCA-J005	rg -n '백업 정책|복구 정책|backup|recovery' Manuals/Altibase_7.3/kor/Getting\ Started\ Guide.md GPTs/attachments/01_getting_started_installation.md GPTs/attachments/02_administration_operations.md
SRC-OTHER-XVER-000035	getting_started_installation	cross-version	Manuals/Altibase_7.3/kor/Getting Started Guide.md	Getting Started Guide > Altibase CLI program example	API	CLI; header files; libraries; Makefile; ALTIBASE_HOME/include; ALTIBASE_HOME/lib	Getting Started includes a CLI application example with headers, libraries, makefile, multithread note, and execution output; detailed API call order and compile-readiness guidance is routed to the C/CLI attachment.	GPTs/attachments/12_c_cli_odbc_precompiler.md	Covered-by-routing	CLI API Flow; Template: basic CLI connection and query flow		FCA-J005	rg -n 'Altibase CLI|헤더 파일|Makefile|실행결과|CLI API Flow' Manuals/Altibase_7.3/kor/Getting\ Started\ Guide.md GPTs/attachments/12_c_cli_odbc_precompiler.md
SRC-OTHER-XVER-000036	getting_started_installation	cross-version	Manuals/Altibase_7.3/kor/Getting Started Guide.md	Getting Started Guide > JDBC program example	API	JDBC; Altibase.jar; CLASSPATH; java.sql.DriverManager; jdbc:Altibase://	The Getting Started JDBC section describes the driver/JAR, `CLASSPATH`, and basic program example; detailed JDBC URL, driver, Java compatibility, and framework guidance is routed to the Java/JDBC attachment.	GPTs/attachments/11_java_jdbc_spring.md	Covered-by-routing	Retrieval Alias Index; JDBC URL Basics		FCA-J005	rg -n 'JDBC|Altibase.jar|CLASSPATH|jdbc:Altibase|DriverManager' Manuals/Altibase_7.3/kor/Getting\ Started\ Guide.md GPTs/attachments/11_java_jdbc_spring.md
SRC-OTHER-XVER-000037	getting_started_installation	cross-version	Manuals/Altibase_7.3/kor/Getting Started Guide.md	Getting Started Guide > C/C++ Precompiler program example	API	Precompiler; APRE; header file; library; preprocessing; -t c; EXEC SQL	The Getting Started Precompiler section introduces environment setup, preprocessing options, multithread note, and sample embedded SQL; answer-ready APRE flow and compile/link guidance is routed to the C/CLI/ODBC/Precompiler attachment.	GPTs/attachments/12_c_cli_odbc_precompiler.md	Covered-by-routing	Precompiler APRE Flow; Template: APRE compile-ready answer		FCA-J005	rg -n 'Precompiler|APRE|전처리|EXEC SQL|Precompiler APRE Flow' Manuals/Altibase_7.3/kor/Getting\ Started\ Guide.md GPTs/attachments/12_c_cli_odbc_precompiler.md
SRC-OTHER-7.3-000001	getting_started_installation	7.3	Manuals/Altibase_7.3/kor/Installation Guide.md	Installation Guide > System requirements and supported platforms > 7.3 Linux and Windows boundary	platform rule	7.3; 64-bit; Red Hat Enterprise Linux 6; Red Hat Enterprise Linux 7; GNU glibc 2.12 ~ 2.33; Microsoft Windows; client	The 7.3 Installation Guide platform table states 64-bit server/client packages, Linux x86-64 support for Red Hat Enterprise Linux 6 and 7 with `GNU glibc 2.12 ~ 2.33`, and Windows client-only support.	GPTs/attachments/01_getting_started_installation.md	Covered	Installation Administration Answer Anchors > 7.3 platform and pre-install checks; Version Differences		FCA-J005	rg -n 'GNU glibc 2.12|Red Hat Enterprise Linux 6|Red Hat Enterprise Linux 7|Microsoft Windows|64-bit' Manuals/Altibase_7.3/kor/Installation\ Guide.md GPTs/attachments/01_getting_started_installation.md
SRC-OTHER-8.1-000001	getting_started_installation	8.1	Manuals/Altibase_trunk/kor/Installation Guide.md	Installation Guide > System requirements and supported platforms > 8.1 platform baseline	platform rule	8.1.0.0.1; Red Hat Enterprise Linux 7; Red Hat Enterprise Linux 8; Red Hat Enterprise Linux 9; AIX 7.2; Windows 2008; Windows 10; JDK 1.8	The Altibase 8.1 verified Installation Guide/release context supports Linux x86-64 on RHEL 7/8/9, AIX 7.2 server/client, Windows 2008/10 client-only, 64-bit packages, and JDK 1.8 or higher for Java components.	GPTs/attachments/01_getting_started_installation.md	Covered	Pre-Installation Checklist > Item: 8.1 platform baseline; Version Differences > 8.1		FCA-J005	rg -n 'Red Hat Enterprise Linux 7|Red Hat Enterprise Linux 8|Red Hat Enterprise Linux 9|AIX 7.2|Windows 10|JDK 1.8' Manuals/Altibase_trunk/kor/Installation\ Guide.md GPTs/attachments/01_getting_started_installation.md
SRC-OTHER-7.1-000001	getting_started_installation	7.1	Manuals/Altibase_7.1/kor/Installation Guide.md	Installation Guide > Register or Update the Altibase License Key > license acquisition	warning	Enterprise Edition; Trial; support.altibase.com; License; license key	The 7.1 Installation Guide describes Enterprise and Trial license acquisition paths, but current customer entitlement, support-portal flow, and issued license validity require live customer/support evidence.	GPTs/attachments/01_getting_started_installation.md	Guardrail	Pre-Installation Checklist > Item: license; Response Rules	License issuance depends on license type, customer contract, current Altibase Support process, and issued license validity; selected 7.1 source documents historical acquisition paths but cannot verify current entitlement or portal behavior.	FCA-J005	rg -n 'Enterprise Edition|Trial|support.altibase.com|라이선스' Manuals/Altibase_7.1/kor/Installation\ Guide.md GPTs/attachments/01_getting_started_installation.md
SRC-OTHER-XVER-000038	administrator_operations	cross-version	Manuals/Altibase_7.3/kor/Administrator's Manual.md	Administrator's Manual > Database creation and startup > startup phases and server modes	runbook step	PRE-PROCESS; PROCESS; CONTROL; META; SERVICE; STARTUP [PROCESS | CONTROL | META | SERVICE]; RESETLOGS	Altibase startup moves forward through the documented phases; `CONTROL` is the media-recovery phase, incomplete recovery requires log reset when moving to `META`, and ordinary users connect only in `SERVICE`.	GPTs/attachments/02_administration_operations.md	Covered	Startup phases and service boundary; Response Rules		FCA-J006	rg -n 'PRE-PROCESS|PROCESS|CONTROL|META|SERVICE|RESETLOGS' Manuals/Altibase_7.1/kor/Administrator's\ Manual.md Manuals/Altibase_7.3/kor/Administrator's\ Manual.md Manuals/Altibase_trunk/kor/Administrator's\ Manual.md GPTs/attachments/02_administration_operations.md
SRC-OTHER-XVER-000039	administrator_operations	cross-version	Manuals/Altibase_7.3/kor/Administrator's Manual.md	Administrator's Manual > Altibase shutdown > shutdown modes	runbook step	SHUTDOWN NORMAL; SHUTDOWN IMMEDIATE; SHUTDOWN ABORT; server stop; server kill; rollback; restart recovery	Administrator shutdown choices distinguish normal wait-for-clients, immediate disconnect-and-rollback, and abort/kill emergency termination that can require restart recovery.	GPTs/attachments/01_getting_started_installation.md	Covered	Shutdown Decision Runbook; Installation Administration Answer Anchors > shutdown comparison		FCA-J006	rg -n 'SHUTDOWN NORMAL|SHUTDOWN IMMEDIATE|SHUTDOWN ABORT|server stop|server kill|restart recovery' Manuals/Altibase_7.3/kor/Administrator's\ Manual.md GPTs/attachments/01_getting_started_installation.md GPTs/attachments/02_administration_operations.md
SRC-OTHER-XVER-000040	administrator_operations	cross-version	Manuals/Altibase_7.3/kor/Administrator's Manual.md	Administrator's Manual > Database creation > logging system	other documented category	logfile**; log anchor; loganchor; LOGANCHOR_DIR; LOG_DIR; MEM_DB_DIR; $ALTIBASE_HOME/logs	Log files, log anchors, data files, and checkpoint image files are core physical recovery evidence; log anchors store tablespace, datafile, checkpoint, and server-operation metadata and are maintained as three files.	GPTs/attachments/02_administration_operations.md	Covered	Backup Input Checklist; Physical Backup Inventory; Log Anchor Backup		FCA-J006	rg -n '로그 파일|로그 앵커|LOGANCHOR_DIR|LOG_DIR|MEM_DB_DIR|loganchor' Manuals/Altibase_7.3/kor/Administrator's\ Manual.md GPTs/attachments/02_administration_operations.md
SRC-OTHER-XVER-000041	administrator_operations	cross-version	Manuals/Altibase_7.3/kor/Administrator's Manual.md	Administrator's Manual > Database creation > tablespace kinds	other documented category	memory tablespace; disk tablespace; undo tablespace; temporary tablespace; volatile tablespace; SYS_TBS_MEM_DIC; SYS_TBS_DISK_TEMP	The Administrator manual classifies memory, disk, undo, temporary, and volatile tablespaces and ties database creation to system tablespaces and their storage roles.	GPTs/attachments/02_administration_operations.md	Covered	Installation Administration Answer Anchors > built-in accounts and system tablespaces after `CREATE DATABASE`; Storage Choice Quick Rules		FCA-J006	rg -n '메모리 테이블스페이스|디스크 테이블스페이스|언두 테이블스페이스|임시 테이블스페이스|휘발성 테이블스페이스|SYS_TBS' Manuals/Altibase_7.3/kor/Administrator's\ Manual.md GPTs/attachments/02_administration_operations.md
SRC-OTHER-XVER-000042	administrator_operations	cross-version	Manuals/Altibase_7.3/kor/Administrator's Manual.md	Administrator's Manual > Tablespaces > disk tablespace structure	other documented category	data file; segment; extent; page; 64 pages; 512KB; 8KB; table segment; index segment; undo segment; TSS segment	The disk tablespace structure section defines the answerable physical and logical units: data files, segments, extents, pages, page size, default extent size, and segment types.	GPTs/attachments/02_administration_operations.md	Missing			FCA-J006	rg -n '세그먼트|익스텐트|64개의 페이지|512KB|페이지 크기는 8KB|TSS' Manuals/Altibase_7.3/kor/Administrator's\ Manual.md GPTs/attachments/02_administration_operations.md
SRC-OTHER-XVER-000043	administrator_operations	cross-version	Manuals/Altibase_7.3/kor/Administrator's Manual.md	Administrator's Manual > Tablespaces > memory and volatile tablespace structure	other documented category	checkpoint image file; ping-pong checkpoint; page list; out-place update; volatile tablespace; no checkpoint image; no disk logging	The memory and volatile tablespace structure sections distinguish persistent memory checkpoint-image storage, page-list management, out-place update, and volatile no-checkpoint/no-disk-logging behavior.	GPTs/attachments/02_administration_operations.md	Missing			FCA-J006	rg -n '체크포인트 이미지 파일|핑퐁|페이지 리스트|out-place|휘발성 테이블스페이스|로깅' Manuals/Altibase_7.3/kor/Administrator's\ Manual.md GPTs/attachments/02_administration_operations.md
SRC-OTHER-XVER-000044	administrator_operations	cross-version	Manuals/Altibase_7.3/kor/Administrator's Manual.md	Administrator's Manual > Tablespaces > tablespace states	runbook step	ONLINE; OFFLINE; DISCARD; CONTROL; DROP TABLESPACE; DISCARDED	Online, offline, and discard states have different access and recovery semantics; `DISCARD` is a `CONTROL`-phase last resort for damaged disk or memory data tablespaces and leaves only drop as a later action.	GPTs/attachments/02_administration_operations.md	Covered	Installation Administration Answer Anchors > tablespace `ONLINE`, `OFFLINE`, and `DISCARD`; Destructive Operation Guardrails		FCA-J006	rg -n 'ONLINE|OFFLINE|DISCARD|컨트롤|제거 \\(DROP\\)' Manuals/Altibase_7.3/kor/Administrator's\ Manual.md GPTs/attachments/02_administration_operations.md
SRC-OTHER-XVER-000045	administrator_operations	cross-version	Manuals/Altibase_7.3/kor/Administrator's Manual.md	Administrator's Manual > Tablespaces > create/drop/alter management	SQL syntax	CREATE DISK DATA TABLESPACE; CREATE MEMORY DATA TABLESPACE; CREATE VOLATILE DATA TABLESPACE; DROP TABLESPACE; INCLUDING CONTENTS; AND DATAFILES; CASCADE CONSTRAINTS; AUTOEXTEND; MAXSIZE	Tablespace creation, alteration, and drop operations require exact storage-specific clauses, privileges, file handling, autoextend sizing, and destructive-operation cautions.	GPTs/attachments/03_sql_ddl_generation.md	Covered-by-routing	Tablespace and File SQL Generation Blocks; Tablespace SQL Examples		FCA-J006	rg -n 'CREATE DISK DATA TABLESPACE|CREATE MEMORY DATA TABLESPACE|CREATE VOLATILE DATA TABLESPACE|DROP TABLESPACE|INCLUDING CONTENTS|CASCADE CONSTRAINTS|AUTOEXTEND' Manuals/Altibase_7.3/kor/Administrator's\ Manual.md GPTs/attachments/03_sql_ddl_generation.md
SRC-OTHER-XVER-000046	administrator_operations	cross-version	Manuals/Altibase_7.3/kor/Administrator's Manual.md	Administrator's Manual > Tablespaces > datafile tempfile and checkpoint-path changes	SQL syntax	ADD DATAFILE; DROP DATAFILE; ALTER DATAFILE; RENAME DATAFILE; ADD TEMPFILE; DROP TEMPFILE; RENAME TEMPFILE; ADD CHECKPOINT PATH; DROP CHECKPOINT PATH; RENAME CHECKPOINT PATH	The Administrator manual documents datafile, tempfile, and memory checkpoint-path maintenance forms, including service/offline and control-phase restrictions that need careful routing to SQL and operations guidance.	GPTs/attachments/03_sql_ddl_generation.md	Covered-by-routing	Tablespace and File SQL Generation Blocks; Tablespace and Datafile Operation Notes		FCA-J006	rg -n 'ADD DATAFILE|DROP DATAFILE|RENAME DATAFILE|ADD TEMPFILE|RENAME TEMPFILE|ADD CHECKPOINT PATH|RENAME CHECKPOINT PATH' Manuals/Altibase_7.3/kor/Administrator's\ Manual.md GPTs/attachments/03_sql_ddl_generation.md GPTs/attachments/02_administration_operations.md
SRC-OTHER-XVER-000047	administrator_operations	cross-version	Manuals/Altibase_7.3/kor/Administrator's Manual.md	Administrator's Manual > Tablespaces > online and offline tablespace backup	runbook step	HOT backup; cold backup; ARCHIVELOG; BEGIN BACKUP; END BACKUP; media recovery; DISCARDED; DROPPED	Tablespace online backup requires archive logging and can support media recovery for disk data files or memory checkpoint images; discarded, dropped, or backup-state tablespaces are not media-recovery targets.	GPTs/attachments/02_administration_operations.md	Covered	Protected Backup And Recovery Answer Anchors; Online Backup Runbooks; Media Recovery Runbooks		FCA-J006	rg -n '테이블스페이스 온라인 백업|HOT 백업|아카이브 로그 모드|DISCARDED|DROPPED|BEGIN BACKUP|END BACKUP' Manuals/Altibase_7.3/kor/Administrator's\ Manual.md GPTs/attachments/02_administration_operations.md
SRC-OTHER-XVER-000048	administrator_operations	cross-version	Manuals/Altibase_7.3/kor/Administrator's Manual.md	Administrator's Manual > Backup and recovery > backup policy	runbook step	iLoader; physical backup; offline backup; online backup; ALTER DATABASE BACKUP DATABASE; ALTER DATABASE BACKUP TABLESPACE; ALTER TABLESPACE BEGIN BACKUP; ALTER TABLESPACE END BACKUP	The backup-policy section distinguishes logical iLoader backup from physical offline and online backup, database-driven backup, DBA-driven tablespace backup, and log-anchor coverage.	GPTs/attachments/02_administration_operations.md	Covered	Backup Type Selection; Backup Method Blocks; Protected Backup And Recovery Answer Anchors		FCA-J006	rg -n '논리적 백업|물리적 백업|오프라인|온라인|ALTER DATABASE BACKUP|ALTER TABLESPACE.*BEGIN BACKUP|iLoader' Manuals/Altibase_7.3/kor/Administrator's\ Manual.md GPTs/attachments/02_administration_operations.md
SRC-OTHER-XVER-000049	administrator_operations	cross-version	Manuals/Altibase_7.3/kor/Administrator's Manual.md	Administrator's Manual > Backup and recovery > database mode and archive-log policy	runbook step	ARCHIVELOG; NOARCHIVELOG; ARCHIVE_DIR; ALTER DATABASE ARCHIVELOG; ALTER DATABASE NOARCHIVELOG; V$LOG; V$ARCHIVE	Archive-log mode copies filled online logs to `ARCHIVE_DIR` and supports online backup and complete or incomplete media recovery; noarchive-log mode removes online logs at checkpoint and limits damaged permanent-file recovery to offline backup.	GPTs/attachments/02_administration_operations.md	Covered	Backup family and archive-log mode decision; Archive Log Mode Change Runbook		FCA-J006	rg -n '아카이브 로그 모드|노-아카이브 로그|ARCHIVE_DIR|alter database archivelog|alter database noarchivelog' Manuals/Altibase_7.3/kor/Administrator's\ Manual.md GPTs/attachments/02_administration_operations.md
SRC-OTHER-XVER-000050	administrator_operations	cross-version	Manuals/Altibase_7.3/kor/Administrator's Manual.md	Administrator's Manual > Backup and recovery > backup cautions	warning	checkpoint; online backup; hybrid database; memory tablespace; disk tablespace; altibase_sm.log; Database-Level Backup Completed [SUCCESS]	Online backup and checkpoint are mutually exclusive; database backup proceeds memory tablespaces first and disk tablespaces second, with backup-completion evidence in storage manager logs.	GPTs/attachments/02_administration_operations.md	Covered	Online backup, checkpoint ordering, and completion markers; Online Backup Completion and Archive-Log Finalization		FCA-J006	rg -n '온라인 백업과 체크포인트|메모리 테이블스페이스.*디스크 테이블스페이스|Database-Level Backup Completed' Manuals/Altibase_7.3/kor/Administrator's\ Manual.md GPTs/attachments/02_administration_operations.md
SRC-OTHER-XVER-000051	administrator_operations	cross-version	Manuals/Altibase_7.3/kor/Administrator's Manual.md	Administrator's Manual > Backup and recovery > recovery policy	runbook step	logical restore; restart recovery; media recovery; CONTROL; loganchor; archive log; complete recovery; incomplete recovery	Recovery policy distinguishes logical restore, automatic restart recovery, and offline media recovery in `CONTROL` using backup data files, log anchors, archive logs, and online logs.	GPTs/attachments/02_administration_operations.md	Covered	Media recovery choice, complete versus incomplete; Media Recovery Runbooks		FCA-J006	rg -n '논리적 백업본|재시작시 자동 복구|매체 복구|control 구동 단계|Complete recovery|Incomplete recovery' Manuals/Altibase_7.3/kor/Administrator's\ Manual.md GPTs/attachments/02_administration_operations.md
SRC-OTHER-XVER-000052	administrator_operations	cross-version	Manuals/Altibase_7.3/kor/Administrator's Manual.md	Administrator's Manual > Backup and recovery > complete and incomplete recovery	runbook step	ALTER DATABASE RECOVER DATABASE; UNTIL TIME; UNTIL CANCEL; ALTER DATABASE db_name META RESETLOGS; full database backup	Complete recovery applies available online and archive logs to the current point, while incomplete recovery uses exactly one time or cancel target and then requires `META RESETLOGS` and a full backup.	GPTs/attachments/02_administration_operations.md	Covered	Media recovery choice, complete versus incomplete; `RESETLOGS` after incomplete recovery		FCA-J006	rg -n 'ALTER DATABASE RECOVER DATABASE|UNTIL TIME|UNTIL CANCEL|META RESETLOGS|전체 백업' Manuals/Altibase_7.3/kor/Administrator's\ Manual.md GPTs/attachments/02_administration_operations.md
SRC-OTHER-XVER-000053	administrator_operations	cross-version	Manuals/Altibase_7.3/kor/Administrator's Manual.md	Administrator's Manual > Backup and recovery > media recovery cautions	warning	current loganchor; historical loganchor; SYS_TBS_MEM_DIC; ALTER DATABASE BACKUP LOGANCHOR; Stable Checkpoint Image Num.; DROP TABLESPACE	Media recovery should ordinarily use current log anchors; historical log anchors are for special cases such as dropped tablespace metadata or planned incomplete recovery, and structure changes require dictionary or full backup plus log-anchor backup.	GPTs/attachments/02_administration_operations.md	Covered	Current loganchor versus historical loganchor; Log Anchor Backup		FCA-J006	rg -n '현재 로그 앵커|DROP TABLESPACE|SYS_TBS_MEM_DIC|ALTER DATABASE BACKUP LOGANCHOR|Stable Checkpoint Image Num' Manuals/Altibase_7.3/kor/Administrator's\ Manual.md GPTs/attachments/02_administration_operations.md
SRC-OTHER-XVER-000054	administrator_operations	cross-version	Manuals/Altibase_7.3/kor/Administrator's Manual.md	Administrator's Manual > Backup and recovery > replication recovery caution	warning	REPLICATION_SENDER_AUTO_START; replication; RESET; backup-time metadata; topology	Restoring a backed-up replicated database can restart senders from backup-time metadata or fail across changed network addresses; the source requires preventing automatic sender start and resetting or recreating replication when appropriate.	GPTs/attachments/02_administration_operations.md	Covered	Online backup, checkpoint ordering, and completion markers; Media Recovery Cautions		FCA-J006	rg -n 'REPLICATION_SENDER_AUTO_START|이중화.*백업|RESET' Manuals/Altibase_7.3/kor/Administrator's\ Manual.md GPTs/attachments/02_administration_operations.md
SRC-OTHER-XVER-000055	administrator_operations	cross-version	Manuals/Altibase_7.3/kor/Administrator's Manual.md	Administrator's Manual > Backup and recovery cases > iLoader table backup and restore	runbook step	formout; FORM file; t1.fmt; out; t1.dat; in; iLoader	The Administrator manual's logical table-level backup path uses iLoader `formout`, `out`, and `in`, but it does not restore database files, log anchors, or tablespace state.	GPTs/attachments/13_isql_iloader_basic_tools.md	Covered-by-routing	iLoader FORM Files; iLoader Load and Extract Workflows; Attachment Cross-References from 02		FCA-J006	rg -n 'formout|FORM file|t1.fmt|t1.dat|iLoader> out|iLoader> in' Manuals/Altibase_7.3/kor/Administrator's\ Manual.md GPTs/attachments/02_administration_operations.md GPTs/attachments/13_isql_iloader_basic_tools.md
SRC-OTHER-XVER-000056	administrator_operations	cross-version	Manuals/Altibase_7.3/kor/Administrator's Manual.md	Administrator's Manual > Backup and recovery cases > offline backup and recovery	runbook step	offline backup; cp; MEM_DB_DIR; LOGANCHOR_DIR; log files; log anchor files; system*.dbf; undo.dbf; temp.dbf	Offline physical backup requires stopping Altibase and copying memory database directories, log-anchor directories, logs, disk data files, undo, and temporary files; restore uses the backup-time property layout and file permissions.	GPTs/attachments/02_administration_operations.md	Covered	Offline Physical Backup Runbook; Physical Backup Inventory		FCA-J006	rg -n 'Offline 백업|오프라인 백업|MEM_DB_DIR|LOGANCHOR_DIR|system.*dbf|undo.dbf|temp.dbf' Manuals/Altibase_7.3/kor/Administrator's\ Manual.md GPTs/attachments/02_administration_operations.md
SRC-OTHER-XVER-000057	administrator_operations	cross-version	Manuals/Altibase_7.3/kor/Administrator's Manual.md	Administrator's Manual > Backup and recovery cases > database-driven online backup	runbook step	ALTER DATABASE BACKUP DATABASE; ALTER DATABASE BACKUP TABLESPACE; ALTER DATABASE BACKUP LOGANCHOR; SYS_TBS_MEM_DIC; loganchor0; loganchor1; loganchor2	Database-driven online backup can copy the full database, one tablespace, or log anchors through SQL and produces memory checkpoint, disk datafile, and loganchor artifacts according to scope.	GPTs/attachments/02_administration_operations.md	Covered	Backup Method Blocks; Log Anchor Backup; Online Backup Runbooks		FCA-J006	rg -n 'alter database backup database|backup tablespace|backup loganchor|SYS_TBS_MEM_DIC|loganchor0' Manuals/Altibase_7.3/kor/Administrator's\ Manual.md GPTs/attachments/02_administration_operations.md
SRC-OTHER-XVER-000058	administrator_operations	cross-version	Manuals/Altibase_7.3/kor/Administrator's Manual.md	Administrator's Manual > Backup and recovery cases > DBA-driven online backup	runbook step	ALTER TABLESPACE USER_MEMORY_TBS BEGIN BACKUP; V$STABLE_MEM_DATAFILES; cp; ALTER TABLESPACE USER_MEMORY_TBS END BACKUP; ALTER SYSTEM SWITCH LOGFILE	DBA-driven online tablespace backup wraps manual file copy in `BEGIN BACKUP` and `END BACKUP`, uses `V$STABLE_MEM_DATAFILES` for memory tablespaces, and switches the logfile to archive backup-related logs.	GPTs/attachments/02_administration_operations.md	Covered	DBA-Driven Online Tablespace Backup; Online Backup Completion and Archive-Log Finalization		FCA-J006	rg -n 'DBA에 의한 온라인 백업|BEGIN BACKUP|V\\$STABLE_MEM_DATAFILES|END BACKUP|ALTER SYSTEM SWITCH LOGFILE' Manuals/Altibase_7.3/kor/Administrator's\ Manual.md GPTs/attachments/02_administration_operations.md
SRC-OTHER-XVER-000059	administrator_operations	cross-version	Manuals/Altibase_7.3/kor/Administrator's Manual.md	Administrator's Manual > Backup and recovery cases > snapshot backup	runbook step	ALTER DATABASE BEGIN SNAPSHOT; ALTER DATABASE END SNAPSHOT; V$SNAPSHOT; SNAPSHOT_MEM_THRESHOLD; SNAPSHOT_DISK_UNDO_THRESHOLD	Snapshot backup sets a consistent SCN for iLoader-style export, requires `SYSDBA`, is checked through `V$SNAPSHOT`, and must account for DML, undo threshold, replication receiver, and export-in-progress cautions.	GPTs/attachments/02_administration_operations.md	Covered	Multi-Table Logical Export With `BEGIN SNAPSHOT`; Snapshot Backup Notes		FCA-J006	rg -n 'BEGIN SNAPSHOT|END SNAPSHOT|V\\$SNAPSHOT|SNAPSHOT_MEM_THRESHOLD|SNAPSHOT_DISK_UNDO_THRESHOLD' Manuals/Altibase_7.3/kor/Administrator's\ Manual.md GPTs/attachments/02_administration_operations.md GPTs/attachments/06_data_dictionary_performance_views.md
SRC-OTHER-XVER-000060	administrator_operations	cross-version	Manuals/Altibase_7.3/kor/Administrator's Manual.md	Administrator's Manual > Media recovery case 1 > unbacked lost disk datafile	runbook step	CREATE_LSN_FILENO; dumpla; ARCHIVE_DIR; LOG_DIR; ALTER DATABASE CREATE DATAFILE; ALTER DATABASE RECOVER DATABASE	For a lost disk datafile without a backup copy, the source requires identifying `CREATE_LSN_FILENO`, inspecting log-anchor metadata, proving required archive/online logs exist, creating the datafile in `CONTROL`, and recovering the database.	GPTs/attachments/02_administration_operations.md	Covered	Datafile, temporary file, and memory checkpoint media failures; Lost disk data file with no backup copy but available logs		FCA-J006	rg -n 'CREATE_LSN_FILENO|dumpla loganchor|ARCHIVE_DIR|LOG_DIR|ALTER DATABASE CREATE DATAFILE|RECOVER DATABASE' Manuals/Altibase_7.3/kor/Administrator's\ Manual.md GPTs/attachments/02_administration_operations.md
SRC-OTHER-XVER-000061	administrator_operations	cross-version	Manuals/Altibase_7.3/kor/Administrator's Manual.md	Administrator's Manual > Media recovery cases 2 and 3 > backed disk datafile restore and rename	runbook step	dumpddf; Redo LSN; Create LSN; cp /backup_dir/*.dbf; ALTER DATABASE RENAME DATAFILE; V$DATAFILES	For backed-up disk datafile loss or filesystem relocation, restore the backup copy, identify needed logs from file headers, rename datafiles in `CONTROL` if the path changes, verify `V$DATAFILES`, and recover.	GPTs/attachments/02_administration_operations.md	Covered	Lost disk data file with online backup; recovery or strict-policy disk datafile move in `CONTROL`		FCA-J006	rg -n 'dumpddf|Redo LSN|Create LSN|RENAME DATAFILE|V\\$DATAFILES' Manuals/Altibase_7.3/kor/Administrator's\ Manual.md GPTs/attachments/02_administration_operations.md
SRC-OTHER-XVER-000062	administrator_operations	cross-version	Manuals/Altibase_7.3/kor/Administrator's Manual.md	Administrator's Manual > Media recovery case 6 > lost temporary tablespace file	runbook step	SYS_TBS_DISK_TEMP; NOARCHIVELOG; ALTER DATABASE CREATE DATAFILE; ALTER DATABASE dbname SERVICE	A lost system temporary tablespace datafile is the noarchive-log exception: create the temporary file in `CONTROL` and move to service, but do not generalize this to permanent datafiles.	GPTs/attachments/02_administration_operations.md	Covered	Datafile, temporary file, and memory checkpoint media failures; Lost temporary tablespace data file		FCA-J006	rg -n 'SYS_TBS_DISK_TEMP|노아카이브|ALTER DATABASE CREATE DATAFILE|ALTER DATABASE dbname SERVICE' Manuals/Altibase_7.3/kor/Administrator's\ Manual.md GPTs/attachments/02_administration_operations.md
SRC-OTHER-XVER-000063	administrator_operations	cross-version	Manuals/Altibase_7.3/kor/Administrator's Manual.md	Administrator's Manual > Media recovery case 7 > lost memory checkpoint image	runbook step	SYS_TBS_MEM_DIC; dumpdb; dumpla; Stable Checkpoint Image Num.; ALTER DATABASE RECOVER DATABASE; ALTER DATABASE dbname SERVICE	Memory tablespace media recovery uses a stable checkpoint image, file-header/log-anchor evidence, ping-pong number alignment, and `CONTROL` media recovery before service.	GPTs/attachments/02_administration_operations.md	Covered	Memory checkpoint image recovery; 7.1/7.3 ping-pong checkpoint image recovery		FCA-J006	rg -n 'SYS_TBS_MEM_DIC|dumpdb|Stable Checkpoint Image Num|ALTER DATABASE RECOVER DATABASE|ALTER DATABASE dbname SERVICE' Manuals/Altibase_7.3/kor/Administrator's\ Manual.md GPTs/attachments/02_administration_operations.md
SRC-OTHER-XVER-000064	administrator_operations	cross-version	Manuals/Altibase_7.3/kor/Administrator's Manual.md	Administrator's Manual > Media recovery cases 4, 5, and 8 > incomplete recovery for dropped objects or missing logs	runbook step	UNTIL TIME; UNTIL CANCEL; loganchor*; SYS_TBS_DISK_TEMP; ALTER DATABASE mydb META RESETLOGS; ALTER DATABASE BACKUP DATABASE	Incomplete recovery for accidental table/tablespace drop or corrupt/missing online log uses historical log anchors, staged logs, optional temp-file recreation, `UNTIL TIME` or `UNTIL CANCEL`, `META RESETLOGS`, service, and immediate full backup.	GPTs/attachments/02_administration_operations.md	Covered	Incomplete recovery to a past time; accidental table or tablespace drop; missing or corrupt online log requiring `UNTIL CANCEL`		FCA-J006	rg -n 'UNTIL TIME|UNTIL CANCEL|META RESETLOGS|loganchor\\*|SYS_TBS_DISK_TEMP|BACKUP DATABASE' Manuals/Altibase_7.3/kor/Administrator's\ Manual.md GPTs/attachments/02_administration_operations.md
SRC-OTHER-XVER-000065	administrator_operations	cross-version	Manuals/Altibase_7.3/kor/Administrator's Manual.md	Administrator's Manual > Incremental backup and recovery > backup levels	runbook step	incremental backup; LEVEL 0; LEVEL 1; differential incremental backup; cumulative incremental backup; CUMULATIVE	Incremental backup is online physical page backup; level 0 is required before level 1, differential level 1 backs up changes since the latest incremental backup, and cumulative level 1 backs up changes since the latest level 0.	GPTs/attachments/02_administration_operations.md	Covered	Incremental Backup Strategy; Incremental Backup And Restore Syntax Summary		FCA-J006	rg -n 'LEVEL 0|LEVEL 1|Differential|Cumulative|차등 증분|누적 증분|CUMULATIVE' Manuals/Altibase_7.3/kor/Administrator's\ Manual.md GPTs/attachments/02_administration_operations.md
SRC-OTHER-XVER-000066	administrator_operations	cross-version	Manuals/Altibase_7.3/kor/Administrator's Manual.md	Administrator's Manual > Incremental backup and recovery > change tracking and backupinfo	runbook step	ALTER DATABASE ENABLE INCREMENTAL CHUNK CHANGE TRACKING; ALTER DATABASE DISABLE INCREMENTAL CHUNK CHANGE TRACKING; changeTracking; backupinfo; ALTER DATABASE REMOVE BACKUP INFO FILE; PROCESS	Page change tracking and `backupInfo` are required metadata for incremental backup and restore; missing or invalid files drive `PROCESS`-phase repair, tracking disablement, `backupInfo` restoration, or backup-info removal.	GPTs/attachments/02_administration_operations.md	Covered	Incremental Tracking Enablement; Incremental Backup Metadata Repair		FCA-J006	rg -n 'ENABLE INCREMENTAL CHUNK CHANGE TRACKING|DISABLE INCREMENTAL CHUNK CHANGE TRACKING|changeTracking|backupinfo|REMOVE BACKUP INFO FILE|PROCESS' Manuals/Altibase_7.3/kor/Administrator's\ Manual.md GPTs/attachments/02_administration_operations.md
SRC-OTHER-XVER-000067	administrator_operations	cross-version	Manuals/Altibase_7.3/kor/Administrator's Manual.md	Administrator's Manual > Incremental backup and recovery > backup commands and tags	runbook step	ALTER DATABASE CHANGE BACKUP DIRECTORY; ALTER DATABASE BACKUP INCREMENTAL LEVEL 0 DATABASE; ALTER DATABASE BACKUP INCREMENTAL LEVEL 1 DATABASE; WITH TAG; TABLESPACE	Incremental backup requires a server-managed backup directory and supports database or tablespace level 0/level 1 backup with optional tags and cumulative level 1 backup.	GPTs/attachments/02_administration_operations.md	Covered	Incremental Backup Strategy; Backup Directory Management		FCA-J006	rg -n 'CHANGE BACKUP DIRECTORY|BACKUP INCREMENTAL LEVEL 0|BACKUP INCREMENTAL LEVEL 1|WITH TAG|TABLESPACE' Manuals/Altibase_7.3/kor/Administrator's\ Manual.md GPTs/attachments/02_administration_operations.md
SRC-OTHER-XVER-000068	administrator_operations	cross-version	Manuals/Altibase_7.3/kor/Administrator's Manual.md	Administrator's Manual > Incremental backup and recovery > restore and recover procedures	runbook step	ALTER DATABASE RESTORE DATABASE; ALTER DATABASE RECOVER DATABASE; FROM TAG; UNTIL TIME; UNTIL CANCEL; RESTORE DATABASE UNTIL CANCEL is not supported	Incremental media restore runs in `CONTROL` with `RESTORE DATABASE`, then media recovery applies archive logs; tag-based restore and recovery must use matching tags, and `RESTORE DATABASE UNTIL CANCEL` is unsupported.	GPTs/attachments/02_administration_operations.md	Covered	Incremental Recovery Decision Rules; Incremental Recovery Runbooks		FCA-J006	rg -n 'RESTORE DATABASE|RECOVER DATABASE|FROM TAG|UNTIL TIME|UNTIL CANCEL|지원되지 않는다|동일해야' Manuals/Altibase_7.3/kor/Administrator's\ Manual.md GPTs/attachments/02_administration_operations.md
SRC-OTHER-XVER-000069	administrator_operations	cross-version	Manuals/Altibase_7.3/kor/Administrator's Manual.md	Administrator's Manual > Incremental backup and recovery > backup file management	runbook step	ALTER DATABASE MOVE BACKUP FILE TO; WITH CONTENTS; ALTER DATABASE DELETE OBSOLETE BACKUP FILES; V$OBSOLETE_BACKUP_INFO; backupinfo	Incremental backup files are server-managed; SQL can change cataloged paths, move files with contents, or delete only files reported obsolete by `V$OBSOLETE_BACKUP_INFO`.	GPTs/attachments/02_administration_operations.md	Covered	Backup File Management; Incremental Backup And Restore Syntax Summary		FCA-J006	rg -n 'MOVE BACKUP FILE TO|WITH CONTENTS|DELETE OBSOLETE BACKUP FILES|V\\$OBSOLETE_BACKUP_INFO|backupinfo' Manuals/Altibase_7.3/kor/Administrator's\ Manual.md GPTs/attachments/02_administration_operations.md
SRC-OTHER-XVER-000070	administrator_operations	cross-version	Manuals/Altibase_7.3/kor/Administrator's Manual.md	Administrator's Manual > Altibase troubleshooting > disk usage and archive destination problems	runbook step	ARCHIVE_FULL_ACTION; ARCHIVE_DIR; LOG_DIR; log anchor; checkpoint; replication sender; do not delete online logs	Disk-space troubleshooting requires separating datafile, tablespace, log, and archive capacity; active logs and log anchors must not be deleted blindly because doing so can make recovery impossible.	GPTs/attachments/02_administration_operations.md	Covered	Troubleshooting Entry Points; Problem block: archive destination full; Archive Log Backup And Retention		FCA-J006	rg -n '디스크 사용량의 문제|ARCHIVE_FULL_ACTION|LOG_DIR|ARCHIVE_DIR|로그 앵커|체크포인트|이중화 전송' Manuals/Altibase_7.3/kor/Administrator's\ Manual.md GPTs/attachments/02_administration_operations.md
SRC-OTHER-XVER-000071	administrator_operations	cross-version	Manuals/Altibase_7.3/kor/Administrator's Manual.md	Administrator's Manual > Database objects and privileges > database object overview	other documented category	schema object; non-schema object; Table; Partitioned Table; Queue Table; Directory; Replication; Tablespace; User; Job	The Administrator manual defines a schema as the logical collection owned by one database user and classifies schema objects versus database-level non-schema objects; the attachment set does not yet preserve the complete taxonomy as an answer-ready block.	GPTs/attachments/03_sql_ddl_generation.md	Missing			FCA-J007	source locator: Manuals/Altibase_7.3/kor/Administrator's Manual.md lines 1414-1556; attachment grep finds schema-object syntax but not the complete schema/non-schema taxonomy
SRC-OTHER-XVER-000072	administrator_operations	cross-version	Manuals/Altibase_7.3/kor/Administrator's Manual.md	Administrator's Manual > Database users > SYSTEM_ and SYS users	other documented category	SYSTEM_; SYS; DBA; meta table; DDL; DML; ordinary user DDL; cannot be changed or dropped	`SYSTEM_` and `SYS` are system-created administrators: `SYSTEM_` owns meta tables and can run meta-table DDL/DML, while `SYS` is the DBA account for system-level work; neither is changed or dropped with ordinary user DDL.	GPTs/attachments/02_administration_operations.md	Covered	Users, Roles, and Privileges		FCA-J007	rg -n 'SYSTEM_|SYS 사용자|DDL|DML|변경되거나 삭제' Manuals/Altibase_7.3/kor/Administrator's\ Manual.md GPTs/attachments/02_administration_operations.md
SRC-OTHER-XVER-000073	administrator_operations	cross-version	Manuals/Altibase_7.3/kor/Administrator's Manual.md	Administrator's Manual > Database users > create alter drop user	runbook step	CREATE USER; ALTER USER; DROP USER; DEFAULT TABLESPACE; TEMPORARY TABLESPACE; ACCESS; CASCADE	The Administrator manual's user-management unit covers creating general users, changing passwords/default or temporary tablespaces/tablespace access, and dropping users with `CASCADE` only when owned schema objects should also be deleted.	GPTs/attachments/02_administration_operations.md	Covered	Users, Roles, and Privileges; Administration Account and Privilege Runbooks		FCA-J007	rg -n 'CREATE USER|ALTER USER|DROP USER|DEFAULT TABLESPACE|TEMPORARY TABLESPACE|ACCESS|CASCADE' Manuals/Altibase_7.3/kor/Administrator's\ Manual.md GPTs/attachments/02_administration_operations.md
SRC-OTHER-XVER-000074	administrator_operations	cross-version	Manuals/Altibase_7.3/kor/Administrator's Manual.md	Administrator's Manual > Privileges and roles > privilege model	other documented category	system privilege; object privilege; role; GRANT; REVOKE; SYS; SYSTEM_; DBA	The Administrator manual explains that users need privileges to access database objects and data, and that Altibase administers access through system privileges, object privileges, and roles.	GPTs/attachments/02_administration_operations.md	Covered	Users, Roles, and Privileges		FCA-J007	rg -n '시스템 권한|객체 권한|롤|GRANT|REVOKE|권한 부여|권한 해제' Manuals/Altibase_7.3/kor/Administrator's\ Manual.md GPTs/attachments/02_administration_operations.md
SRC-OTHER-XVER-000075	administrator_operations	cross-version	Manuals/Altibase_7.3/kor/Administrator's Manual.md	Administrator's Manual > Privileges and roles > automatic privileges for new users	other documented category	CREATE SESSION; CREATE TABLE; CREATE SEQUENCE; CREATE PROCEDURE; CREATE VIEW; CREATE TRIGGER; CREATE SYNONYM; CREATE MATERIALIZED VIEW; CREATE LIBRARY	When a general user is created, Altibase automatically grants baseline creation privileges; safe runtime-account answers should audit and revoke unused DDL privileges rather than assuming a newly created user is least-privilege.	GPTs/attachments/02_administration_operations.md	Covered	Users, Roles, and Privileges; Administration Account and Privilege Runbooks		FCA-J007	rg -n 'CREATE SESSION|CREATE TABLE|CREATE SEQUENCE|CREATE PROCEDURE|CREATE VIEW|CREATE TRIGGER|CREATE SYNONYM|CREATE MATERIALIZED VIEW|CREATE LIBRARY' Manuals/Altibase_7.3/kor/Administrator's\ Manual.md GPTs/attachments/02_administration_operations.md
SRC-OTHER-XVER-000076	administrator_operations	cross-version	Manuals/Altibase_7.3/kor/Administrator's Manual.md	Administrator's Manual > Database users and privileges > schema owner and runtime account workflow	runbook step	schema owner; runtime account; DEFAULT TABLESPACE; TEMPORARY TABLESPACE; ACCESS; CREATE SESSION; object privilege	The source-backed administration workflow separates schema-owner provisioning from runtime access, confirms tablespaces first, grants only needed object privileges, and validates users, roles, grants, and tablespace access.	GPTs/attachments/02_administration_operations.md	Covered	Administration Account and Privilege Runbooks		FCA-J007	rg -n 'CREATE USER|DEFAULT TABLESPACE|TEMPORARY TABLESPACE|ACCESS|GRANT|REVOKE' Manuals/Altibase_7.3/kor/Administrator's\ Manual.md GPTs/attachments/02_administration_operations.md GPTs/attachments/06_data_dictionary_performance_views.md
SRC-OTHER-XVER-000077	administrator_operations	cross-version	Manuals/Altibase_7.3/kor/Administrator's Manual.md	Administrator's Manual > Tablespaces > definition and storage choice	other documented category	tablespace; logical storage; disk tablespace; memory tablespace; volatile tablespace; history data; high-access data; temporary processing	Tablespaces are logical storage for database objects; the Administrator manual maps disk, memory, and volatile choices to data characteristics such as large historical data, frequently accessed small data, and fast temporary processing.	GPTs/attachments/02_administration_operations.md	Covered	Tablespace Concepts; Storage and Tablespace Lifecycle Runbooks		FCA-J007	rg -n '논리적인 저장소|디스크 테이블스페이스|메모리 테이블스페이스|휘발성 테이블스페이스|이력 데이터|임시 데이터' Manuals/Altibase_7.3/kor/Administrator's\ Manual.md GPTs/attachments/02_administration_operations.md
SRC-OTHER-XVER-000078	administrator_operations	cross-version	Manuals/Altibase_7.3/kor/Administrator's Manual.md	Administrator's Manual > Tablespaces > classification and system tablespaces	other documented category	memory-resident tablespace; disk tablespace; dictionary tablespace; undo tablespace; temporary tablespace; data tablespace; system tablespace; user-defined tablespace; SYS_TBS_MEM_DIC; SYS_TBS_DISK_TEMP	The Administrator manual classifies tablespaces by storage, contents, and creation owner, and distinguishes system-created dictionary/undo/temporary/data tablespaces from user-defined tablespaces.	GPTs/attachments/02_administration_operations.md	Covered	Tablespace Concepts; System tablespace block		FCA-J007	rg -n '저장 공간에 따른 분류|저장 내용에 따른 분류|생성 주체|딕셔너리 테이블스페이스|시스템 테이블스페이스|사용자 정의 테이블스페이스' Manuals/Altibase_7.3/kor/Administrator's\ Manual.md GPTs/attachments/02_administration_operations.md
SRC-OTHER-XVER-000079	administrator_operations	cross-version	Manuals/Altibase_7.3/kor/Administrator's Manual.md	Administrator's Manual > Disk tablespace > space management and row layout	other documented category	PCTFREE; PCTUSED; row piece; ROWID; row chaining; row migration; disk I/O; page	The disk tablespace space-management section defines `PCTFREE`, `PCTUSED`, row pieces, `ROWID` chaining, row chaining, and row migration as disk-page storage and performance concepts.	GPTs/attachments/02_administration_operations.md	Covered	Space Management		FCA-J007	rg -n 'PCTFREE|PCTUSED|로우 조각|ROWID|로우 체이닝|로우 마이그레이션' Manuals/Altibase_7.3/kor/Administrator's\ Manual.md GPTs/attachments/02_administration_operations.md GPTs/attachments/03_sql_ddl_generation.md
SRC-OTHER-XVER-000080	administrator_operations	cross-version	Manuals/Altibase_7.3/kor/Administrator's Manual.md	Administrator's Manual > Undo tablespace > characteristics and transaction segments	other documented category	SYS_TBS_DISK_UNDO; undo record; rollback; recovery; read consistency; TSS segment; undo segment; TRANSACTION_SEGMENT_COUNT; V$TXSEGS	The undo tablespace stores undo records for rollback, recovery, and read consistency, is system-managed, and uses TSS/undo transaction segments whose count is controlled by `TRANSACTION_SEGMENT_COUNT` and observed through `V$TXSEGS`.	GPTs/attachments/02_administration_operations.md	Covered	Tablespace Concepts > Tablespace type block: undo tablespace; Space Management		FCA-J007	rg -n '언두 레코드|트랜잭션 세그먼트|TRANSACTION_SEGMENT_COUNT|V\\$TXSEGS|TSS' Manuals/Altibase_7.3/kor/Administrator's\ Manual.md GPTs/attachments/02_administration_operations.md
SRC-OTHER-XVER-000081	administrator_operations	cross-version	Manuals/Altibase_7.3/kor/Administrator's Manual.md	Administrator's Manual > Tablespace space management > undo size calculation	runbook step	Long-Term transaction; undo tablespace size; undo pages allocated per second; TSS pages allocated per second; 8KB; 4.7G	The Administrator manual gives an undo-capacity formula based on long transaction time, undo page allocation rate, TSS page allocation rate, and 8KB page size; capacity remediation is add/resize undo data files, not drop/recreate.	GPTs/attachments/02_administration_operations.md	Covered	Space Management		FCA-J007	rg -n '언두 테이블스페이스 크기|Long-Term|페이지 크기\\(8KB\\)|4.7G|ADD DATAFILE' Manuals/Altibase_7.3/kor/Administrator's\ Manual.md GPTs/attachments/02_administration_operations.md
SRC-OTHER-XVER-000082	administrator_operations	cross-version	Manuals/Altibase_7.3/kor/Administrator's Manual.md	Administrator's Manual > Tablespaces > planned state changes	runbook step	ALTER TABLESPACE; ONLINE; OFFLINE; DISCARD; META; SERVICE; CONTROL; replicated table; volatile tablespace; temporary tablespace	User-defined disk and memory tablespaces can move online or offline in `META` or `SERVICE`; `DISCARD` is `CONTROL` only, and volatile, temporary, system, or replicated-table tablespaces are not valid ordinary state-change targets.	GPTs/attachments/02_administration_operations.md	Covered	Tablespace State Blocks; Storage and Tablespace Lifecycle Runbooks > planned tablespace state change for maintenance		FCA-J007	rg -n 'ONLINE|OFFLINE|DISCARD|META|SERVICE|CONTROL|휘발성 테이블스페이스|임시 테이블스페이스|이중화' Manuals/Altibase_7.3/kor/Administrator's\ Manual.md GPTs/attachments/02_administration_operations.md
SRC-OTHER-XVER-000083	administrator_operations	cross-version	Manuals/Altibase_7.3/kor/Administrator's Manual.md	Administrator's Manual > Tablespace examples > memory checkpoint path operations	runbook step	ADD CHECKPOINT PATH; RENAME CHECKPOINT PATH; DROP CHECKPOINT PATH; CONTROL; V$TABLESPACES; V$MEM_TABLESPACE_CHECKPOINT_PATHS; chown; mv	Memory tablespace checkpoint path add, rename, and drop operations require `CONTROL` phase SQL plus DBA-managed OS directory creation, permissions, and checkpoint image file movement.	GPTs/attachments/02_administration_operations.md	Covered	Tablespace Operation Runbooks > Runbook: modify memory checkpoint paths		FCA-J007	rg -n 'ADD CHECKPOINT PATH|RENAME CHECKPOINT PATH|DROP CHECKPOINT PATH|CONTROL|V\\$MEM_TABLESPACE_CHECKPOINT_PATHS|chown|mv' Manuals/Altibase_7.3/kor/Administrator's\ Manual.md GPTs/attachments/02_administration_operations.md
SRC-OTHER-XVER-000084	administrator_operations	cross-version	Manuals/Altibase_7.3/kor/Administrator's Manual.md	Administrator's Manual > Tablespace examples > volatile tablespace lifecycle	runbook step	CREATE VOLATILE DATA TABLESPACE; ALTER TABLESPACE; AUTOEXTEND ON; MAXSIZE; VOLATILE_MAX_DB_SIZE; no checkpoint image; no disk logging	Volatile tablespace administration uses memory-like sizing and autoextend clauses without checkpoint path clauses; volatile data is memory-only, not disk-logged, and disappears at shutdown.	GPTs/attachments/02_administration_operations.md	Covered	Tablespace Concepts > Tablespace type block: volatile data tablespace; Tablespace Operation Runbooks > Runbook: create volatile tablespace		FCA-J007	rg -n 'CREATE VOLATILE DATA TABLESPACE|AUTOEXTEND ON|MAXSIZE|휘발성 테이블스페이스|체크포인트 이미지|로깅' Manuals/Altibase_7.3/kor/Administrator's\ Manual.md GPTs/attachments/02_administration_operations.md
SRC-OTHER-XVER-000085	administrator_operations	cross-version	Manuals/Altibase_7.3/kor/Administrator's Manual.md	Administrator's Manual > Tablespaces > tablespace metadata and monitoring checks	view	SYSTEM_.SYS_TBS_USERS_; V$TABLESPACES; V$DATAFILES; V$MEM_TABLESPACES; V$MEM_TABLESPACE_CHECKPOINT_PATHS; V$VOL_TABLESPACES	The Administrator manual points DBAs to meta tables and performance views for checking tablespace state, size, usage, user access, datafiles, memory tablespaces, checkpoint paths, and volatile tablespaces.	GPTs/attachments/06_data_dictionary_performance_views.md	Covered	Cookbook: Partitions, Tablespaces, and Space Usage; Cookbook: Users, Roles, and Privileges		FCA-J007	rg -n 'SYS_TBS_USERS_|V\\$TABLESPACES|V\\$DATAFILES|V\\$MEM_TABLESPACES' Manuals/Altibase_7.3/kor/Administrator's\ Manual.md GPTs/attachments/06_data_dictionary_performance_views.md
SRC-OTHER-8.1-000002	administrator_operations	8.1	Manuals/Altibase_trunk/kor/Administrator's Manual.md	Administrator's Manual > Checkpoint scale and 8.1 memory checkpoint recovery	other documented category	CHECKPOINT SCALE; PAIR; SINGLE; V$LOG.CHECKPOINT_SCALE; V$MEM_STABLE; Stable Single Checkpoint Image Num.; SYS_DOUBLE_WRITE_IMAGE; WAL; Partial Write	Altibase 8.1 verified-source memory checkpoint answers must distinguish `PAIR` and `SINGLE` checkpoint scale, stable checkpoint-image selection, and memory double-write recovery behavior.	GPTs/attachments/02_administration_operations.md	Covered	Version Differences > 8.1; Checkpointing and Durability > 8.1 checkpoint scale; Memory checkpoint image recovery		FCA-J006	rg -n 'CHECKPOINT SCALE|PAIR|SINGLE|Stable Single Checkpoint Image Num|SYS_DOUBLE_WRITE_IMAGE|Partial Write|V\\$MEM_STABLE' Manuals/Altibase_trunk/kor/Administrator's\ Manual.md GPTs/attachments/02_administration_operations.md GPTs/attachments/06_data_dictionary_performance_views.md
SRC-SQL-XVER-000001	sql_reference	cross-version	Manuals/Altibase_7.3/kor/SQL Reference.md	SQL Reference > CREATE USER	SQL syntax	CREATE USER; IDENTIFIED BY; DEFAULT TABLESPACE; TEMPORARY TABLESPACE; ACCESS; LIMIT; ENABLE TCP; DISABLE TCP; 40 bytes; CASE_SENSITIVE_PASSWORD	`CREATE USER` creates a database user with password authentication, optional default/temporary tablespaces, tablespace access, password policy, and TCP access controls; password length, case sensitivity, and one-temporary-tablespace limits must be preserved.	GPTs/attachments/03_sql_ddl_generation.md	Covered	User and Privilege Syntax > User Account Syntax; User and Privilege Examples		FCA-J007	rg -n 'CREATE USER|IDENTIFIED BY|DEFAULT TABLESPACE|TEMPORARY TABLESPACE|ACCESS|LIMIT|ENABLE|DISABLE|40바이트|CASE_SENSITIVE_PASSWORD' Manuals/Altibase_7.3/kor/SQL\ Reference.md GPTs/attachments/03_sql_ddl_generation.md
SRC-SQL-XVER-000002	sql_reference	cross-version	Manuals/Altibase_7.3/kor/SQL Reference.md	SQL Reference > ALTER USER	SQL syntax	ALTER USER; IDENTIFIED BY; LIMIT; ACCOUNT LOCK; ACCOUNT UNLOCK; ENABLE TCP; DISABLE TCP; SYS; altipasswd	`ALTER USER` changes passwords and user properties, allows `SYS`-only password policy/TCP controls, supports account lock/unlock, and requires `altipasswd` plus script updates when changing the SYS password used for SYSDBA workflows.	GPTs/attachments/03_sql_ddl_generation.md	Covered	User and Privilege Syntax > User Account Syntax; User and Privilege Examples		FCA-J007	rg -n 'ALTER USER|ACCOUNT LOCK|ACCOUNT UNLOCK|ENABLE|DISABLE|altipasswd|LIMIT 절|SYS 사용자만' Manuals/Altibase_7.3/kor/SQL\ Reference.md GPTs/attachments/03_sql_ddl_generation.md
SRC-SQL-XVER-000003	sql_reference	cross-version	Manuals/Altibase_7.3/kor/SQL Reference.md	SQL Reference > DROP USER	SQL syntax	DROP USER; CASCADE; referential integrity constraint; schema objects	`DROP USER` removes a user; `CASCADE` also removes schema objects and related referential integrity constraints, while omitting it fails when objects remain in the user's schema.	GPTs/attachments/03_sql_ddl_generation.md	Covered	User and Privilege Syntax > User Account Syntax; User and Privilege Examples		FCA-J007	rg -n 'DROP USER|CASCADE|referential integrity|스키마에 객체' Manuals/Altibase_7.3/kor/SQL\ Reference.md GPTs/attachments/03_sql_ddl_generation.md
SRC-SQL-XVER-000004	sql_reference	cross-version	Manuals/Altibase_7.3/kor/SQL Reference.md	SQL Reference > CREATE ROLE and DROP ROLE	SQL syntax	CREATE ROLE; DROP ROLE; CREATE ROLE system privilege; DROP ANY ROLE; reconnect; 126; PUBLIC	Role DDL creates an empty role, grants privileges to the role, then grants the role to users; role privileges require reconnect, roles cannot be granted to roles or `PUBLIC`, users can have at most 126 roles, and `DROP ROLE` requires `SYS` or `DROP ANY ROLE`.	GPTs/attachments/03_sql_ddl_generation.md	Covered	User and Privilege Syntax > Role Syntax; Generation notes		FCA-J007	rg -n 'CREATE ROLE|DROP ROLE|126|PUBLIC|다시 접속|DROP ANY ROLE' Manuals/Altibase_7.3/kor/SQL\ Reference.md GPTs/attachments/03_sql_ddl_generation.md
SRC-SQL-XVER-000005	sql_reference	cross-version	Manuals/Altibase_7.3/kor/SQL Reference.md	SQL Reference > GRANT	SQL syntax	GRANT; GRANT ANY PRIVILEGES; GRANT ANY ROLE; WITH GRANT OPTION; ALL PRIVILEGES; TO PUBLIC; ANY	The `GRANT` statement gives system privileges, object privileges, or roles; system and role grants require administrative authority, object grants require ownership or `WITH GRANT OPTION`, broad `ANY`, `ALL PRIVILEGES`, and `TO PUBLIC` grants need explicit administrative intent.	GPTs/attachments/03_sql_ddl_generation.md	Covered	User and Privilege Syntax > Grant and Revoke Syntax; User and Privilege Examples		FCA-J007	rg -n 'GRANT ANY PRIVILEGES|GRANT ANY ROLE|WITH GRANT OPTION|ALL PRIVILEGES|TO PUBLIC|ANY 키워드' Manuals/Altibase_7.3/kor/SQL\ Reference.md GPTs/attachments/03_sql_ddl_generation.md
SRC-SQL-XVER-000006	sql_reference	cross-version	Manuals/Altibase_7.3/kor/SQL Reference.md	SQL Reference > REVOKE	SQL syntax	REVOKE; ALL PRIVILEGES; FROM PUBLIC; CASCADE CONSTRAINTS; REFERENCES; original grantor	`REVOKE` removes directly granted system privileges, object privileges, or roles; `CASCADE CONSTRAINTS` is needed when revoking `REFERENCES` or `ALL` must also remove dependent referential constraints.	GPTs/attachments/03_sql_ddl_generation.md	Covered	User and Privilege Syntax > Grant and Revoke Syntax; User and Privilege Examples		FCA-J007	rg -n 'REVOKE|ALL PRIVILEGES|FROM PUBLIC|CASCADE CONSTRAINTS|REFERENCES|원래 그 권한을 부여' Manuals/Altibase_7.3/kor/SQL\ Reference.md GPTs/attachments/03_sql_ddl_generation.md
SRC-SQL-XVER-000007	sql_reference	cross-version	Manuals/Altibase_7.3/kor/SQL Reference.md	SQL Reference > GRANT > system privilege catalog	SQL syntax	ALTER SYSTEM; ALTER DATABASE; DROP DATABASE; CREATE ANY INDEX; ALTER ANY INDEX; DROP ANY INDEX; CREATE PROCEDURE; CREATE ANY PROCEDURE; ALTER ANY PROCEDURE; DROP ANY PROCEDURE; EXECUTE ANY PROCEDURE; CREATE SEQUENCE; CREATE ANY SEQUENCE; ALTER ANY SEQUENCE; DROP ANY SEQUENCE; SELECT ANY SEQUENCE; CREATE SESSION; ALTER SESSION; CREATE TABLE; CREATE ANY TABLE; ALTER ANY TABLE; DELETE ANY TABLE; DROP ANY TABLE; INSERT ANY TABLE; LOCK ANY TABLE; SELECT ANY TABLE; UPDATE ANY TABLE; CREATE USER; ALTER USER; DROP USER; CREATE VIEW; CREATE ANY VIEW; DROP ANY VIEW; GRANT ANY PRIVILEGES; CREATE TABLESPACE; ALTER TABLESPACE; DROP TABLESPACE; MANAGE TABLESPACE; SYSDBA; CREATE TRIGGER; CREATE ANY TRIGGER; ALTER ANY TRIGGER; DROP ANY TRIGGER; CREATE SYNONYM; CREATE PUBLIC SYNONYM; CREATE ANY SYNONYM; DROP ANY SYNONYM; DROP PUBLIC SYNONYM; CREATE ANY DIRECTORY; DROP ANY DIRECTORY; CREATE MATERIALIZED VIEW; CREATE ANY MATERIALIZED VIEW; ALTER ANY MATERIALIZED VIEW; DROP ANY MATERIALIZED VIEW; CREATE LIBRARY; CREATE ANY LIBRARY; ALTER ANY LIBRARY; DROP ANY LIBRARY; CREATE DATABASE LINK; CREATE PUBLIC_DATABASE LINK; DROP PUBLIC DATABASE LINK; CREATE ROLE; DROP ANY ROLE; GRANT ANY ROLE; CREATE ANY JOB; ALTER ANY JOB; DROP ANY JOB	The SQL Reference lists the complete supported system privilege catalog with privilege IDs, names, and purposes; the attachments preserve common operational families but not the full answer-ready exact list.	GPTs/attachments/02_administration_operations.md	Missing			FCA-J007	source locator: Manuals/Altibase_7.3/kor/SQL Reference.md lines 10950-11220; target attachments contain common privilege blocks and SYS_PRIVILEGES_ query but not the full exact system privilege catalog
SRC-SQL-XVER-000008	sql_reference	cross-version	Manuals/Altibase_7.3/kor/SQL Reference.md	SQL Reference > GRANT > object privilege catalog	SQL syntax	ALTER; DELETE; EXECUTE; INDEX; INSERT; REFERENCES; SELECT; UPDATE; READ; WRITE; table; sequence; PSM; External Procedure; View; directory; External Library	The object-privilege matrix maps exact privileges to object families, including directory `READ` and `WRITE` and external-library `EXECUTE`.	GPTs/attachments/02_administration_operations.md	Covered	Users, Roles, and Privileges > Object privilege support blocks		FCA-J007	rg -n 'Object privileges|READ|WRITE|External Library|REFERENCES|SYS_PRIVILEGES_' Manuals/Altibase_7.3/kor/SQL\ Reference.md GPTs/attachments/02_administration_operations.md
SRC-SQL-XVER-000009	sql_reference	cross-version	Manuals/Altibase_7.3/kor/SQL Reference.md	SQL Reference > CREATE DISK MEMORY VOLATILE TEMPORARY TABLESPACE	SQL syntax	CREATE DISK TABLESPACE; CREATE MEMORY TABLESPACE; CREATE VOLATILE TABLESPACE; CREATE TEMPORARY TABLESPACE; DATAFILE; TEMPFILE; SIZE; REUSE; AUTOEXTEND; NEXT; MAXSIZE; UNLIMITED; EXTENTSIZE; CHECKPOINT PATH; SPLIT EACH	SQL Reference tablespace creation grammar covers disk, memory, volatile, and temporary tablespaces, including file specifications, autoextend, maximum size, extent size, checkpoint paths, and split-size clauses.	GPTs/attachments/03_sql_ddl_generation.md	Covered	Tablespace Syntax; Tablespace Examples		FCA-J007	rg -n 'CREATE DISK TABLESPACE|CREATE MEMORY TABLESPACE|CREATE VOLATILE TABLESPACE|CREATE TEMPORARY TABLESPACE|DATAFILE|TEMPFILE|CHECKPOINT PATH|SPLIT EACH' Manuals/Altibase_7.3/kor/SQL\ Reference.md GPTs/attachments/03_sql_ddl_generation.md
SRC-SQL-XVER-000010	sql_reference	cross-version	Manuals/Altibase_7.3/kor/SQL Reference.md	SQL Reference > ALTER TABLESPACE	SQL syntax	ALTER TABLESPACE; ADD DATAFILE; DROP DATAFILE; ALTER DATAFILE; RENAME DATAFILE; ADD TEMPFILE; DROP TEMPFILE; RENAME TEMPFILE; ADD CHECKPOINT PATH; DROP CHECKPOINT PATH; RENAME CHECKPOINT PATH; ONLINE; OFFLINE; DISCARD; BEGIN BACKUP; END BACKUP	`ALTER TABLESPACE` changes disk/temp files, memory checkpoint paths, memory/volatile autoextend settings, tablespace states, and online backup begin/end state with phase and object-type restrictions.	GPTs/attachments/03_sql_ddl_generation.md	Covered	Tablespace Syntax > Alter tablespace; Protected backup and destructive-operation SQL generation		FCA-J007	rg -n 'ALTER TABLESPACE|ADD DATAFILE|RENAME DATAFILE|ADD CHECKPOINT PATH|ONLINE|OFFLINE|DISCARD|BEGIN BACKUP|END BACKUP' Manuals/Altibase_7.3/kor/SQL\ Reference.md GPTs/attachments/03_sql_ddl_generation.md
SRC-SQL-XVER-000011	sql_reference	cross-version	Manuals/Altibase_7.3/kor/SQL Reference.md	SQL Reference > DROP TABLESPACE	SQL syntax	DROP TABLESPACE; INCLUDING CONTENTS; AND DATAFILES; CASCADE CONSTRAINTS; loganchor; disk datafiles; checkpoint image files	`DROP TABLESPACE` removes tablespace metadata and optionally contents, physical disk datafiles or memory checkpoint image files, and dependent referential constraints; system tablespaces must not be dropped.	GPTs/attachments/03_sql_ddl_generation.md	Covered	Tablespace Syntax > Drop tablespace; Tablespace Examples		FCA-J007	rg -n 'DROP TABLESPACE|INCLUDING CONTENTS|AND DATAFILES|CASCADE CONSTRAINTS|시스템 테이블스페이스' Manuals/Altibase_7.3/kor/SQL\ Reference.md GPTs/attachments/03_sql_ddl_generation.md
SRC-SQL-XVER-000012	sql_reference	cross-version	Manuals/Altibase_7.3/kor/SQL Reference.md	SQL Reference > CREATE and ALTER TABLESPACE > file and size cautions	warning	REUSE; AUTOEXTEND OFF; AUTOEXTEND ON; USER_DATA_FILE_NEXT_SIZE; USER_DATA_FILE_MAX_SIZE; DEFAULT_SEGMENT_MANAGEMENT_TYPE; EXPAND_CHUNK_PAGE_COUNT; MEM_MAX_DB_SIZE; VOLATILE_MAX_DB_SIZE	Tablespace file and size answers must preserve source-backed defaults and cautions: `REUSE` can destroy existing file contents, autoextend defaults off, disk defaults come from file-size properties, and memory/volatile size increments must align with `EXPAND_CHUNK_PAGE_COUNT * 32KB` and database size limits.	GPTs/attachments/03_sql_ddl_generation.md	Covered	Tablespace Syntax > DDL rules; Tablespace Examples		FCA-J007	rg -n 'REUSE|AUTOEXTEND|USER_DATA_FILE_NEXT_SIZE|USER_DATA_FILE_MAX_SIZE|DEFAULT_SEGMENT_MANAGEMENT_TYPE|EXPAND_CHUNK_PAGE_COUNT|MEM_MAX_DB_SIZE|VOLATILE_MAX_DB_SIZE' Manuals/Altibase_7.3/kor/SQL\ Reference.md GPTs/attachments/03_sql_ddl_generation.md
SRC-SQL-8.1-000001	sql_reference	8.1	Manuals/Altibase_trunk/kor/SQL Reference.md	SQL Reference > 8.1 tablespace idempotent create and drop syntax	SQL syntax	Altibase 8.1 verified source; IF NOT EXISTS; IF EXISTS; CREATE DISK TABLESPACE; CREATE MEMORY TABLESPACE; CREATE VOLATILE TABLESPACE; CREATE TEMPORARY TABLESPACE; DROP TABLESPACE	The Altibase 8.1 verified SQL Reference adds `IF NOT EXISTS` to tablespace create forms and `IF EXISTS` to `DROP TABLESPACE`; 7.1 and 7.3 answers must omit these clauses and use metadata pre-checks for idempotence.	GPTs/attachments/03_sql_ddl_generation.md	Covered	Tablespace Syntax; Tablespace Examples		FCA-J007	rg -n 'IF NOT EXISTS|IF EXISTS|CREATE DISK TABLESPACE|CREATE MEMORY TABLESPACE|CREATE VOLATILE TABLESPACE|CREATE TEMPORARY TABLESPACE|DROP TABLESPACE' Manuals/Altibase_trunk/kor/SQL\ Reference.md GPTs/attachments/03_sql_ddl_generation.md
SRC-SQL-8.1-000002	sql_reference	8.1	Manuals/Altibase_trunk/kor/SQL Reference.md	SQL Reference > 8.1 user idempotent create and drop syntax	SQL syntax	Altibase 8.1 verified source; IF NOT EXISTS; IF EXISTS; CREATE USER; DROP USER	The Altibase 8.1 verified SQL Reference adds `IF NOT EXISTS` to `CREATE USER` and `IF EXISTS` to `DROP USER`; 7.1 and 7.3 account DDL must use ordinary syntax plus metadata pre-checks when idempotence is required.	GPTs/attachments/03_sql_ddl_generation.md	Covered	User and Privilege Syntax > User Account Syntax; Generation notes		FCA-J007	rg -n 'CREATE USER|DROP USER|IF NOT EXISTS|IF EXISTS' Manuals/Altibase_trunk/kor/SQL\ Reference.md GPTs/attachments/03_sql_ddl_generation.md
SRC-SQL-XVER-000013	sql_reference	cross-version	Manuals/Altibase_7.3/kor/SQL Reference.md	SQL Reference > CREATE TABLE > root table grammar	SQL syntax	CREATE TABLE; GLOBAL TEMPORARY; column_definition; table_constraint; TABLESPACE; MAXROWS; ACCESS; LOGGING; NOLOGGING; PARALLEL; AS SELECT	`CREATE TABLE` creates persistent, temporary, partitioned, compressed, LOB-bearing, or CTAS tables with table owner, column, constraint, tablespace, access, logging, parallel, and physical clauses.	GPTs/attachments/03_sql_ddl_generation.md	Covered	Table Syntax > Table Create And Drop Syntax; Table DDL item blocks		FCA-J008	rg -n 'CREATE TABLE|GLOBAL TEMPORARY|table_constraint|TABLESPACE|MAXROWS|AS SELECT' Manuals/Altibase_7.1/kor/SQL\ Reference.md Manuals/Altibase_7.3/kor/SQL\ Reference.md Manuals/Altibase_trunk/kor/SQL\ Reference.md GPTs/attachments/03_sql_ddl_generation.md
SRC-SQL-XVER-000014	sql_reference	cross-version	Manuals/Altibase_7.3/kor/SQL Reference.md	SQL Reference > CREATE TABLE > temporary table attributes	SQL syntax	GLOBAL TEMPORARY; ON COMMIT DELETE ROWS; ON COMMIT PRESERVE ROWS; ALTER TABLE; DROP TABLE; CREATE INDEX; volatile tablespace; distributed transaction	Altibase temporary table metadata is shared, but data is session- or transaction-private; `ON COMMIT DELETE ROWS` is transaction-scoped, `ON COMMIT PRESERVE ROWS` is session-scoped, DDL binding rules differ, volatile tablespace is required, and partitioning, foreign keys, and distributed transactions are not supported.	GPTs/attachments/03_sql_ddl_generation.md	Covered	Table Syntax > Generation notes; Table DDL item blocks		FCA-J008	source locator: Manuals/Altibase_7.3/kor/SQL Reference.md lines 7780-7865; rg -n 'GLOBAL TEMPORARY|ON COMMIT DELETE ROWS|ON COMMIT PRESERVE ROWS|volatile tablespace|distributed transaction' GPTs/attachments/03_sql_ddl_generation.md
SRC-SQL-XVER-000015	sql_reference	cross-version	Manuals/Altibase_7.3/kor/SQL Reference.md	SQL Reference > CREATE TABLE > column definition default and TIMESTAMP rules	SQL syntax	DEFAULT; NULL; NOT NULL; TIMESTAMP; 8Byte; INSERT; UPDATE; DEFAULT; Byte(8); SYS_CONSTRAINTS_; SYS_CONSTRAINT_COLUMNS_	Column definition answers must preserve that omitted defaults insert `NULL`, a `NOT NULL` column added later needs a default, `TIMESTAMP` is an internally generated 8-byte value, only one `TIMESTAMP` column can exist in a table, and `INSERT` or `UPDATE` with omitted/default `TIMESTAMP` uses the system time.	GPTs/attachments/03_sql_ddl_generation.md	Covered	Table Syntax > Column and Constraint Syntax; Generation notes; Table Examples		FCA-J008	rg -n 'DEFAULT|TIMESTAMP|8Byte|INSERT|UPDATE|SYS_CONSTRAINTS_|SYS_CONSTRAINT_COLUMNS_' Manuals/Altibase_7.3/kor/SQL\ Reference.md GPTs/attachments/03_sql_ddl_generation.md
SRC-SQL-XVER-000016	sql_reference	cross-version	Manuals/Altibase_7.3/kor/SQL Reference.md	SQL Reference > CREATE TABLE > primary unique localunique and check constraints	SQL syntax	PRIMARY KEY; UNIQUE; LOCALUNIQUE; CHECK; LEVEL; ROWNUM; SYSDATE; USER_ID; PRIOR; LOB; 1024; 32	Table and column constraint answers must preserve one primary key per table, primary/unique key column count limits, `LOCALUNIQUE` for local partitioned uniqueness, unsupported `CHECK` expressions, and the `1024` combined object limit caveat.	GPTs/attachments/03_sql_ddl_generation.md	Covered	Table Syntax > Column and Constraint Syntax; Generation notes; Table DDL item blocks		FCA-J008	rg -n 'PRIMARY KEY|UNIQUE|LOCALUNIQUE|CHECK|LEVEL|ROWNUM|SYSDATE|USER_ID|PRIOR|LOB|1024' Manuals/Altibase_7.3/kor/SQL\ Reference.md GPTs/attachments/03_sql_ddl_generation.md
SRC-SQL-XVER-000017	sql_reference	cross-version	Manuals/Altibase_7.3/kor/SQL Reference.md	SQL Reference > CREATE TABLE > referential constraint clause	SQL syntax	FOREIGN KEY; REFERENCES; ON DELETE NO ACTION; ON DELETE CASCADE; ON DELETE SET NULL; PRIMARY KEY; UNIQUE	A foreign key must reference a parent primary or unique key; omitting the referenced column list uses the parent primary key, `ON DELETE NO ACTION` is the default, `ON DELETE CASCADE` deletes child rows, and `ON DELETE SET NULL` requires nullable child columns.	GPTs/attachments/03_sql_ddl_generation.md	Covered	Table Syntax > Column and Constraint Syntax; Generation notes; Table Examples		FCA-J008	source locator: Manuals/Altibase_7.3/kor/SQL Reference.md lines 7875-7945; rg -n 'FOREIGN KEY|REFERENCES|ON DELETE NO ACTION|ON DELETE CASCADE|ON DELETE SET NULL|PRIMARY KEY|UNIQUE' GPTs/attachments/03_sql_ddl_generation.md
SRC-SQL-XVER-000018	sql_reference	cross-version	Manuals/Altibase_7.3/kor/SQL Reference.md	SQL Reference > CREATE TABLE > partitioning clauses	SQL syntax	PARTITION BY RANGE; VALUES LESS THAN; VALUES DEFAULT; PARTITION BY LIST; PARTITION BY HASH; PARTITION BY RANGE_USING_HASH; ROW MOVEMENT; 1000	Partitioned table DDL supports range, list, hash, and range-using-hash partitioning; partition answers must preserve partition-level tablespace and LOB placement, list default partition requirement, range/list/hash key rules, row movement, and the range-using-hash modulus `1000`.	GPTs/attachments/03_sql_ddl_generation.md	Covered	Table Syntax > Table Partitioning Syntax; Generation notes; Table Examples		FCA-J008	rg -n 'PARTITION BY RANGE|PARTITION BY LIST|PARTITION BY HASH|RANGE_USING_HASH|ROW MOVEMENT|1000|VALUES DEFAULT' Manuals/Altibase_7.3/kor/SQL\ Reference.md GPTs/attachments/03_sql_ddl_generation.md
SRC-SQL-7.1-000001	sql_reference	7.1	Manuals/Altibase_7.1/kor/SQL Reference.md	SQL Reference > CREATE TABLE > 7.1 range partition default requirement	compatibility rule	PARTITION BY RANGE; DEFAULT; VALUES LESS THAN; NULL; ALTER TABLE ADD PARTITION	Altibase 7.1 range-partitioned table creation requires a default partition; do not generate default-less range partitioning or range `ALTER TABLE ADD PARTITION` behavior for 7.1 without a later exact source.	GPTs/attachments/03_sql_ddl_generation.md	Covered	Table Syntax > Generation notes; Table Examples		FCA-J008	source locator: Manuals/Altibase_7.1/kor/SQL Reference.md lines 7961-7965; rg -n '7.1 range partition|PARTITION BY RANGE|DEFAULT partition' GPTs/attachments/03_sql_ddl_generation.md
SRC-SQL-XVER-000019	sql_reference	cross-version	Manuals/Altibase_7.3/kor/SQL Reference.md	SQL Reference > CREATE TABLE and ALTER TABLE > 7.3 and 8.1 default-less range partition behavior	compatibility rule	PARTITION BY RANGE; DEFAULT; ALTER TABLE ADD PARTITION; SPLIT PARTITION; SYS_TABLE_PARTITIONS_; PARTITION_NAME	Altibase 7.3 and the Altibase 8.1 verified source allow default-less range-partitioned tables; only default-less range tables can append a last range with `ALTER TABLE ADD PARTITION`, while middle or default range changes require `SPLIT PARTITION`.	GPTs/attachments/03_sql_ddl_generation.md	Covered	Table Syntax > Generation notes; Table Examples		FCA-J008	source locator: Manuals/Altibase_7.3/kor/SQL Reference.md lines 8002-8025 and Manuals/Altibase_trunk/kor/SQL Reference.md corresponding section; rg -n 'ADD PARTITION|SPLIT PARTITION|SYS_TABLE_PARTITIONS_|PARTITION_NAME|default-less range' GPTs/attachments/03_sql_ddl_generation.md
SRC-SQL-XVER-000020	sql_reference	cross-version	Manuals/Altibase_7.3/kor/SQL Reference.md	SQL Reference > CREATE TABLE and ALTER TABLE > LOB storage clauses	SQL syntax	LOB; BLOB; CLOB; LOB(column_name); LOB (column_name) STORE AS (TABLESPACE lob_tablespace); BUFFER; NOBUFFER; LOGGING; NOLOGGING	Disk-table LOB data can be placed in separate disk LOB tablespaces using `LOB (column_name) STORE AS (TABLESPACE ...)`; memory LOB data cannot be stored separately, and partition/table moves must use LOB placement only where the target is disk-backed.	GPTs/attachments/03_sql_ddl_generation.md	Covered	Table Syntax > LOB storage generation notes; Table Examples		FCA-J008	source locator: Manuals/Altibase_7.3/kor/SQL Reference.md lines 8215-8225 and 3860-3895; rg -n 'LOB_storage_clause|LOB\\(|STORE AS|BUFFER|NOBUFFER|disk LOB|memory LOB' GPTs/attachments/03_sql_ddl_generation.md
SRC-SQL-XVER-000021	sql_reference	cross-version	Manuals/Altibase_7.3/kor/SQL Reference.md	SQL Reference > CREATE TABLE > table_compression_clause data type matrix	SQL syntax	table_compression_clause; MAXROWS; CHAR; VARCHAR; BYTE; NCHAR; NVARCHAR; NIBBLE; BIT; VARBIT; DATE; 2^64-1	The SQL Reference lists exact data types and minimum sizes eligible for `table_compression_clause` and records that its `MAXROWS` default is `2^64-1`; current attachments preserve compression cautions but not the full answer-ready type/minimum-size matrix.	GPTs/attachments/03_sql_ddl_generation.md	Missing			FCA-J008	source locator: Manuals/Altibase_7.3/kor/SQL Reference.md lines 8230-8275; rg -n 'table_compression_clause|CHAR, VARCHAR, BYTE|NCHAR, NVARCHAR|NIBBLE|BIT, VARBIT|2\\^64' Manuals/Altibase_7.3/kor/SQL\ Reference.md GPTs/attachments/03_sql_ddl_generation.md
SRC-SQL-XVER-000022	sql_reference	cross-version	Manuals/Altibase_7.3/kor/SQL Reference.md	SQL Reference > CREATE TABLE > CTAS rules	SQL syntax	CREATE TABLE AS SELECT; AS SELECT; alias; CHECK; table_compression_clause; PRIMARY KEY; UNIQUE; TIMESTAMP	`CREATE TABLE ... AS SELECT` copies query attributes/data but cannot specify incompatible column counts, explicit target data types, `CHECK` constraints, or `table_compression_clause`; expression columns need aliases, and `PRIMARY KEY`, `UNIQUE`, and `TIMESTAMP` columns are not compressible.	GPTs/attachments/03_sql_ddl_generation.md	Covered	Table Syntax > Generation notes; Table Examples		FCA-J008	source locator: Manuals/Altibase_7.3/kor/SQL Reference.md lines 8290-8310 and examples; rg -n 'CREATE TABLE.*AS SELECT|alias|CHECK|table_compression_clause|PRIMARY KEY|UNIQUE|TIMESTAMP' GPTs/attachments/03_sql_ddl_generation.md
SRC-SQL-XVER-000023	sql_reference	cross-version	Manuals/Altibase_7.3/kor/SQL Reference.md	SQL Reference > ALTER TABLE > core table column and constraint changes	SQL syntax	ALTER TABLE; ADD COLUMN; ALTER COLUMN; MODIFY COLUMN; DROP COLUMN; RENAME COLUMN; ADD CONSTRAINT; MODIFY CONSTRAINT; RENAME CONSTRAINT; DROP CONSTRAINT; ENABLE VALIDATE; ENABLE NOVALIDATE	`ALTER TABLE` changes table metadata, including column add/default/nullability/type/SRID changes, column drop/rename/reorganize, constraint add/modify/rename/drop, table rename, max rows, access mode, index enablement, compact/aging/touch, and extent allocation.	GPTs/attachments/03_sql_ddl_generation.md	Covered	Table Syntax > Alter Table Core Syntax; Generation notes; Table Examples		FCA-J008	rg -n 'ALTER TABLE|ADD COLUMN|MODIFY COLUMN|DROP COLUMN|RENAME COLUMN|ADD.*CONSTRAINT|ENABLE VALIDATE|NOVALIDATE|TOUCH' Manuals/Altibase_7.3/kor/SQL\ Reference.md GPTs/attachments/03_sql_ddl_generation.md
SRC-SQL-XVER-000024	sql_reference	cross-version	Manuals/Altibase_7.3/kor/SQL Reference.md	SQL Reference > ALTER TABLE > partition maintenance clauses	SQL syntax	ADD PARTITION; COALESCE PARTITION; DROP PARTITION; MERGE PARTITIONS; RENAME PARTITION; SPLIT PARTITION; TRUNCATE PARTITION; ACCESS PARTITION; READ ONLY; READ WRITE; READ APPEND	`ALTER TABLE` partition maintenance supports partition add, coalesce, drop, merge, rename, split, truncate, partition tablespace movement, and partition access mode changes with different support by range, list, hash, and range-using-hash partitioning.	GPTs/attachments/03_sql_ddl_generation.md	Covered	Table Syntax > Alter Table Partition Syntax; Generation notes; Table Examples		FCA-J008	source locator: Manuals/Altibase_7.3/kor/SQL Reference.md lines 3685-3865; rg -n 'ADD PARTITION|COALESCE PARTITION|DROP PARTITION|MERGE PARTITION|RENAME PARTITION|SPLIT PARTITION|TRUNCATE PARTITION|ACCESS PARTITION' GPTs/attachments/03_sql_ddl_generation.md
SRC-SQL-XVER-000025	sql_reference	cross-version	Manuals/Altibase_7.3/kor/SQL Reference.md	SQL Reference > ALTER TABLE > tablespace movement and physical clauses	SQL syntax	ALTER TABLESPACE; INDEX; LOB; FIXED; VARIABLE; temporary table; PCTFREE; PCTUSED; INITEXTENTS; NEXTEXTENTS; MINEXTENTS; MAXEXTENTS	`ALTER TABLE ... ALTER TABLESPACE` can move non-partitioned table records and eligible indexes/LOB columns; partitioned table-level movement does not move partition records, memory/volatile-to-disk changes columns to `FIXED`, disk-to-memory/volatile can change eligible columns to `VARIABLE`, and temporary tables cannot be moved.	GPTs/attachments/03_sql_ddl_generation.md	Covered	Table Syntax > Generation notes; Table Examples		FCA-J008	source locator: Manuals/Altibase_7.3/kor/SQL Reference.md lines 4055-4095; rg -n 'alter_table_tablespace|FIXED|VARIABLE|temporary table|PCTFREE|PCTUSED|INITEXTENTS|NEXTEXTENTS|MINEXTENTS|MAXEXTENTS' GPTs/attachments/03_sql_ddl_generation.md
SRC-SQL-XVER-000026	sql_reference	cross-version	Manuals/Altibase_7.3/kor/SQL Reference.md	SQL Reference > ALTER TABLE > MODIFY COLUMN data type conversion matrix	SQL syntax	MODIFY COLUMN; TOLERATE DATA LOSS; DEFAULT_DATE_FORMAT; SRID; char; varchar; nchar; nvarchar; clob; bigint; double; float; integer; number; numeric; real; smallint; date; blob; byte; nibble; bit; varbit; geometry	The SQL Reference contains an exact type-to-type `MODIFY COLUMN` conversion matrix and prerequisite notes for numeric, character, date, binary, LOB, and spatial conversions; current attachments route to the matrix but do not preserve the complete answer-ready matrix.	GPTs/attachments/03_sql_ddl_generation.md	Missing			FCA-J008	source locator: Manuals/Altibase_7.3/kor/SQL Reference.md lines 3920-4025; rg -n 'MODIFY COLUMN|TOLERATE DATA LOSS|DEFAULT_DATE_FORMAT|SRID|geometry|char|varchar|numeric|blob' Manuals/Altibase_7.3/kor/SQL\ Reference.md GPTs/attachments/03_sql_ddl_generation.md
SRC-SQL-XVER-000027	sql_reference	cross-version	Manuals/Altibase_7.3/kor/SQL Reference.md	SQL Reference > table maintenance statements	SQL syntax	RENAME; TRUNCATE TABLE; PURGE TABLE; FLASHBACK TABLE; LOCK TABLE; WAIT; NOWAIT; UNTIL NEXT DDL; CONJOIN TABLE; DISJOIN TABLE	Table maintenance DDL includes rename, truncate, recycle-bin purge/flashback, table/partition locks, and conjoin/disjoin transformations; covered answers must preserve destructive effects, transaction/lock behavior, and owner-qualification restrictions.	GPTs/attachments/03_sql_ddl_generation.md	Covered	Table Maintenance Syntax; Table maintenance generation notes		FCA-J008	rg -n 'TRUNCATE TABLE|PURGE TABLE|FLASHBACK TABLE|LOCK TABLE|UNTIL NEXT DDL|CONJOIN TABLE|DISJOIN TABLE|RENAME' Manuals/Altibase_7.3/kor/SQL\ Reference.md GPTs/attachments/03_sql_ddl_generation.md
SRC-SQL-XVER-000028	sql_reference	cross-version	Manuals/Altibase_7.3/kor/SQL Reference.md	SQL Reference > CONJOIN TABLE and DISJOIN TABLE conversion restrictions	SQL syntax	CONJOIN TABLE; DISJOIN TABLE; PARTITION BY RANGE; PARTITION BY LIST; hash partition; default partition; PSM; package; view; trigger; CHECK; NOT NULL	`CONJOIN TABLE` converts non-partitioned tables into a range/list partitioned table and deletes the source tables; `DISJOIN TABLE` converts partitions into non-partitioned tables and deletes the source partitioned table, with no owner qualification, no hash partitioning, and no default-less range table support.	GPTs/attachments/03_sql_ddl_generation.md	Covered	Table Maintenance Syntax; Table maintenance generation notes		FCA-J008	source locator: Manuals/Altibase_7.3/kor/SQL Reference.md lines 5604-5685 and 10143-10205; rg -n 'CONJOIN TABLE|DISJOIN TABLE|hash partition|default partition|PSM|package|view|trigger|CHECK|NOT NULL' GPTs/attachments/03_sql_ddl_generation.md
SRC-SQL-XVER-000029	sql_reference	cross-version	Manuals/Altibase_7.3/kor/SQL Reference.md	SQL Reference > COMMENT ON table and column	SQL syntax	COMMENT ON TABLE; COMMENT ON COLUMN; IS; 4000 bytes; SYSTEM_.SYS_COMMENTS_; user_name; table_name; column_name	`COMMENT ON` can create, update, or delete table/view/column comments, with a maximum comment length of 4000 bytes and metadata visible in `SYSTEM_.SYS_COMMENTS_`; current attachments include syntax and metadata routing but not the 4000-byte/delete-empty-string answer block.	GPTs/attachments/03_sql_ddl_generation.md	Missing			FCA-J008	source locator: Manuals/Altibase_7.3/kor/SQL Reference.md lines 5526-5595; rg -n 'COMMENT ON|4000|SYS_COMMENTS_|empty comment|delete comment' GPTs/attachments/03_sql_ddl_generation.md GPTs/attachments/06_data_dictionary_performance_views.md
SRC-SQL-XVER-000030	sql_reference	cross-version	Manuals/Altibase_7.3/kor/SQL Reference.md	SQL Reference > CREATE QUEUE	SQL syntax	CREATE QUEUE; queue_name; 28 bytes; FIXED; VARIABLE; MAXROWS; 4294967295; DELETE ON; DELETE OFF; V$QUEUE_DELETE_OFF	`CREATE QUEUE` creates a queue using either message-size or explicit column-definition form, with queue-name, size, storage, max-row, delete-permission, and tablespace rules plus `V$QUEUE_DELETE_OFF` verification for `DELETE OFF`.	GPTs/attachments/03_sql_ddl_generation.md	Covered	Queue Syntax; Generation notes; Table Examples		FCA-J008	source locator: Manuals/Altibase_7.3/kor/SQL Reference.md lines 6671-6755; rg -n 'CREATE QUEUE|28 bytes|FIXED|VARIABLE|MAXROWS|4294967295|DELETE ON|DELETE OFF|V\\$QUEUE_DELETE_OFF' GPTs/attachments/03_sql_ddl_generation.md
SRC-SQL-XVER-000031	sql_reference	cross-version	Manuals/Altibase_7.3/kor/SQL Reference.md	SQL Reference > ALTER QUEUE and DROP QUEUE	SQL syntax	ALTER QUEUE; COMPACT; MSGID RESET; DELETE ON; DELETE OFF; DROP QUEUE; DROP ANY TABLE; MSGID	`ALTER QUEUE` can compact empty pages, reset `MSGID`, or change `DELETE ON|OFF`; `DROP QUEUE` requires SYS, owner, or `DROP ANY TABLE` and removes the queue table, queue index, and sequence used for `MSGID`.	GPTs/attachments/03_sql_ddl_generation.md	Covered	Queue Syntax; Generation notes; Table Examples		FCA-J008	source locator: Manuals/Altibase_7.3/kor/SQL Reference.md lines 3080-3105 and 10369-10405; rg -n 'ALTER QUEUE|COMPACT|MSGID RESET|DELETE ON|DELETE OFF|DROP QUEUE|DROP ANY TABLE|sequence' GPTs/attachments/03_sql_ddl_generation.md
SRC-SQL-XVER-000032	sql_reference	cross-version	Manuals/Altibase_7.3/kor/SQL Reference.md	SQL Reference > ENQUEUE and DEQUEUE	SQL syntax	ENQUEUE INTO; DEQUEUE; FIFO; LIFO; WAIT; SEC; MSEC; USEC; NOWAIT; No rows selected; WHERE; subquery	Queue DML syntax uses `ENQUEUE INTO` with explicit queue columns and `DEQUEUE` with one queue table, optional `WHERE`, FIFO/LIFO choice, wait units, and no subquery support in the `DEQUEUE` `WHERE` clause.	GPTs/attachments/03_sql_ddl_generation.md	Covered	Queue Syntax; Generation notes; Table Examples		FCA-J008	rg -n 'ENQUEUE INTO|DEQUEUE|FIFO|LIFO|WAIT|MSEC|USEC|NOWAIT|No rows selected|Subquey' Manuals/Altibase_7.3/kor/SQL\ Reference.md GPTs/attachments/03_sql_ddl_generation.md
SRC-SQL-XVER-000033	sql_reference	cross-version	Manuals/Altibase_7.3/kor/SQL Reference.md	SQL Reference > CREATE INDEX root and local partitioning	SQL syntax	CREATE INDEX; UNIQUE; LOCALUNIQUE; INDEXTYPE IS BTREE; INDEXTYPE IS RTREE; LOCAL; PARTITION; TABLESPACE; prefixed-index; non-prefixed index	`CREATE INDEX` creates B-tree, R-tree, unique, local unique, global non-partitioned, or local partitioned indexes; local partitioned indexes map index partitions to table partitions and require B-tree semantics, while memory index tablespace clauses are ignored.	GPTs/attachments/03_sql_ddl_generation.md	Covered	Index Syntax; Generation notes; Index type selection flow		FCA-J008	source locator: Manuals/Altibase_7.3/kor/SQL Reference.md lines 5878-6040 and 6380-6410; rg -n 'CREATE INDEX|LOCALUNIQUE|INDEXTYPE IS|LOCAL|prefixed|non-prefixed|memory index' GPTs/attachments/03_sql_ddl_generation.md
SRC-SQL-XVER-000034	sql_reference	cross-version	Manuals/Altibase_7.3/kor/SQL Reference.md	SQL Reference > CREATE INDEX > function-based index restrictions	SQL syntax	function-based index; DETERMINISTIC; EXECUTE; QUERY_REWRITE_ENABLE; SUM; SYSDATE; subquery; sequence; pseudo column; PRIOR; LOB	Function-based indexes can use built-in or deterministic user-defined functions, require matching index privileges and function `EXECUTE` privileges, are optimizer-eligible only when `QUERY_REWRITE_ENABLE=1`, and cannot include aggregate/nondeterministic functions, subqueries, sequences, pseudo columns, `PRIOR`, or LOB data.	GPTs/attachments/03_sql_ddl_generation.md	Covered	Index Syntax > Generation notes; Index Examples		FCA-J008	source locator: Manuals/Altibase_7.3/kor/SQL Reference.md lines 5920-5985; rg -n 'function-based index|DETERMINISTIC|EXECUTE|QUERY_REWRITE_ENABLE|SUM|SYSDATE|subquery|sequence|PRIOR|LOB' GPTs/attachments/03_sql_ddl_generation.md
SRC-SQL-XVER-000035	sql_reference	cross-version	Manuals/Altibase_7.3/kor/SQL Reference.md	SQL Reference > CREATE INDEX > direct key type and MAXSIZE matrix	SQL syntax	DIRECTKEY; MAXSIZE; 8 bytes; Full Key; Partial Key; BIGINT; DOUBLE; INTEGER; REAL; SMALLINT; FLOAT; NUMBER; NUMERIC; CHAR; VARCHAR; NCHAR; NVARCHAR; DATE; BIT; VARBIT; BYTE; NIBBLE	The SQL Reference lists exact direct-key default size, full-key/partial-key behavior, unsupported compressed/encrypted/disk index cases, composite-first-column behavior, and a per-type `MAXSIZE` matrix; current attachments preserve summary cautions but not the full answer-ready matrix.	GPTs/attachments/03_sql_ddl_generation.md	Missing			FCA-J008	source locator: Manuals/Altibase_7.3/kor/SQL Reference.md lines 6040-6225; rg -n 'DIRECTKEY|MAXSIZE|Full Key|Partial Key|BIGINT|NUMBER|NCHAR|VARBIT|disk index' Manuals/Altibase_7.3/kor/SQL\ Reference.md GPTs/attachments/03_sql_ddl_generation.md
SRC-SQL-XVER-000036	sql_reference	cross-version	Manuals/Altibase_7.3/kor/SQL Reference.md	SQL Reference > CREATE INDEX > logging parallel and storage attributes	warning	LOGGING; NOLOGGING; FORCE; NOFORCE; PARALLEL; 0; 512; INDEX_BUILD_THREAD_COUNT; V$DISK_BTREE_HEADER; The index is inconsistent.	Disk index generation must preserve logging and no-logging fault-recovery cautions, `FORCE|NOFORCE`, `PARALLEL` range `0` through `512`, `INDEX_BUILD_THREAD_COUNT` fallback, storage-attribute defaults, and `V$DISK_BTREE_HEADER` checks for inconsistent indexes.	GPTs/attachments/03_sql_ddl_generation.md	Covered	Index Syntax > Generation notes; Index Examples		FCA-J008	rg -n 'LOGGING|NOLOGGING|FORCE|NOFORCE|PARALLEL|0 ~ 512|INDEX_BUILD_THREAD_COUNT|V\\$DISK_BTREE_HEADER|The index is inconsistent' Manuals/Altibase_7.3/kor/SQL\ Reference.md GPTs/attachments/03_sql_ddl_generation.md
SRC-SQL-XVER-000037	sql_reference	cross-version	Manuals/Altibase_7.3/kor/SQL Reference.md	SQL Reference > ALTER INDEX and DROP INDEX	SQL syntax	ALTER INDEX; REBUILD; PARTITION; DIRECTKEY; DIRECTKEY OFF; RENAME TO; AGING; REORGANIZATION; ALLOCATE EXTENT; STORAGE; DROP INDEX; DROP ANY INDEX	`ALTER INDEX` rebuilds full or partitioned indexes, changes direct-key attributes, renames indexes, ages disk indexes, reorganizes memory B-tree indexes, allocates extents, and changes storage attributes; `DROP INDEX` removes an index with owner, `INDEX` object privilege, or `DROP ANY INDEX` authority.	GPTs/attachments/03_sql_ddl_generation.md	Covered	Index Syntax; Generation notes; Index Examples		FCA-J008	rg -n 'ALTER INDEX|REBUILD|DIRECTKEY OFF|RENAME TO|AGING|REORGANIZATION|ALLOCATE EXTENT|STORAGE|DROP INDEX|DROP ANY INDEX' Manuals/Altibase_7.3/kor/SQL\ Reference.md GPTs/attachments/03_sql_ddl_generation.md
SRC-SQL-8.1-000003	sql_reference	8.1	Manuals/Altibase_trunk/kor/SQL Reference.md	SQL Reference > 8.1 table index queue idempotent syntax	SQL syntax	Altibase 8.1 verified source; IF NOT EXISTS; IF EXISTS; CREATE TABLE; DROP TABLE; CREATE INDEX; DROP INDEX; CREATE QUEUE; DROP QUEUE	The Altibase 8.1 verified SQL Reference adds `IF NOT EXISTS` to `CREATE TABLE`, `CREATE INDEX`, and `CREATE QUEUE`, and `IF EXISTS` to `DROP TABLE`, `DROP INDEX`, and `DROP QUEUE`; 7.1 and 7.3 answers must use ordinary syntax plus metadata checks.	GPTs/attachments/03_sql_ddl_generation.md	Covered	Table Syntax; Queue Syntax; Index Syntax		FCA-J008	rg -n 'IF NOT EXISTS|IF EXISTS|CREATE TABLE|DROP TABLE|CREATE INDEX|DROP INDEX|CREATE QUEUE|DROP QUEUE' Manuals/Altibase_trunk/kor/SQL\ Reference.md GPTs/attachments/03_sql_ddl_generation.md
SRC-SQL-XVER-000038	sql_reference	cross-version	Manuals/Altibase_7.3/kor/SQL Reference.md	SQL Reference > statement classification > DDL and DCL boundaries	warning	DDL; DML; DCL; AUTOCOMMIT; COMMIT; ROLLBACK; ALTER REPLICATION...STOP/FLUSH; ALTER SYSTEM; ALTER SESSION; AUDIT; DELAUDIT; NOAUDIT	The SQL Reference classifies DDL, DML, and DCL; warns that DDL commits preceding uncommitted DML in non-autocommit sessions; and groups DCL into replication, system, session, transaction, and audit controls.	GPTs/attachments/03_sql_ddl_generation.md	Covered	Response Rules; Additional SQL Reference DDL and DCL Syntax		FCA-J009	source locator: Manuals/Altibase_7.3/kor/SQL Reference.md lines 452-591; rg -n 'AUTOCOMMIT|ALTER REPLICATION...STOP/FLUSH|ALTER SYSTEM|ALTER SESSION|AUDIT|DELAUDIT|NOAUDIT' Manuals/Altibase_7.3/kor/SQL\ Reference.md GPTs/attachments/03_sql_ddl_generation.md
SRC-SQL-XVER-000039	sql_reference	cross-version	Manuals/Altibase_7.3/kor/SQL Reference.md	SQL Reference > ALTER SYSTEM	SQL syntax	ALTER SYSTEM; CHECKPOINT; MEMORY COMPACT; START FLUSHER; STOP FLUSHER; ARCHIVE LOG START; ARCHIVE LOG STOP; SWITCH LOGFILE; FLUSH BUFFER_POOL; COMPACT SQL_PLAN_CACHE; RESET SQL_PLAN_CACHE; START AUDIT; STOP AUDIT; RELOAD AUDIT; RELOAD ACCESS LIST; V$LOG; V$ARCHIVE	`ALTER SYSTEM` covers dynamic property changes and administrative controls for checkpointing, flushers, archive logging, log switching, buffer pool flushing, SQL plan cache maintenance, audit runtime state, and access-list reload, with SYS or `ALTER SYSTEM` privilege and source-specific cautions.	GPTs/attachments/03_sql_ddl_generation.md	Covered	Session and System Control Syntax; Administrative Control SQL Examples		FCA-J009	source locator: Manuals/Altibase_7.3/kor/SQL Reference.md lines 16103-16199; rg -n 'ALTER SYSTEM|CHECKPOINT|MEMORY COMPACT|START FLUSHER|ARCHIVE LOG|SWITCH LOGFILE|FLUSH BUFFER_POOL|SQL_PLAN_CACHE|RELOAD ACCESS LIST|V$LOG|V$ARCHIVE' Manuals/Altibase_7.3/kor/SQL\ Reference.md GPTs/attachments/03_sql_ddl_generation.md
SRC-SQL-XVER-000040	sql_reference	cross-version	Manuals/Altibase_7.3/kor/SQL Reference.md	SQL Reference > ALTER SESSION	SQL syntax	ALTER SESSION; SET; REPLICATION = DEFAULT; REPLICATION = NONE; CLOSE DATABASE LINK; SET TRANSACTION	`ALTER SESSION` sets session properties, controls whether session DDL/DML/DCL participate in replication through `REPLICATION = DEFAULT|NONE`, and closes database link session connections.	GPTs/attachments/03_sql_ddl_generation.md	Covered	Session and System Control Syntax; Administrative Control SQL Examples		FCA-J009	source locator: Manuals/Altibase_7.3/kor/SQL Reference.md lines 16035-16100; rg -n 'ALTER SESSION|REPLICATION = \\{DEFAULT|NONE\\}|CLOSE DATABASE LINK|SET TRANSACTION' Manuals/Altibase_7.3/kor/SQL\ Reference.md GPTs/attachments/03_sql_ddl_generation.md
SRC-SQL-XVER-000041	sql_reference	cross-version	Manuals/Altibase_7.3/kor/SQL Reference.md	SQL Reference > transaction control statements	SQL syntax	COMMIT; ROLLBACK; ROLLBACK TO SAVEPOINT; SAVEPOINT; SET TRANSACTION; READ ONLY; READ WRITE; READ COMMITTED; REPEATABLE READ; SERIALIZABLE; FORCE global_tx_id; AUTOCOMMIT	Transaction control syntax covers commit, rollback, savepoints, transaction access mode and isolation level, and in-doubt transaction force clauses; non-autocommit and exact global transaction evidence are required where the source requires them.	GPTs/attachments/03_sql_ddl_generation.md	Covered	Transaction Control Syntax; Administrative Control SQL Examples		FCA-J009	source locator: Manuals/Altibase_7.3/kor/SQL Reference.md lines 16600-16860; rg -n 'COMMIT|ROLLBACK TO SAVEPOINT|SAVEPOINT|SET TRANSACTION|READ ONLY|READ WRITE|SERIALIZABLE|FORCE|AUTOCOMMIT' Manuals/Altibase_7.3/kor/SQL\ Reference.md GPTs/attachments/03_sql_ddl_generation.md
SRC-SQL-XVER-000042	sql_reference	cross-version	Manuals/Altibase_7.3/kor/SQL Reference.md	SQL Reference > AUDIT NOAUDIT DELAUDIT control syntax	SQL syntax	AUDIT; NOAUDIT; DELAUDIT; BY ACCESS; BY SESSION; WHENEVER SUCCESSFUL; WHENEVER NOT SUCCESSFUL; SYS_AUDIT_OPTS_; ALTER SYSTEM RELOAD AUDIT	Audit control syntax sets, disables, or deletes audit conditions; `BY SESSION` is the default where supported, changes are not applied until audit restart or reload, and `DELAUDIT` requires audit to be stopped before deleting active conditions.	GPTs/attachments/03_sql_ddl_generation.md	Covered	Audit Control Syntax; Administrative Control SQL Examples		FCA-J009	source locator: Manuals/Altibase_7.3/kor/SQL Reference.md lines 16200-16597; rg -n 'AUDIT|NOAUDIT|DELAUDIT|BY ACCESS|BY SESSION|WHENEVER|SYS_AUDIT_OPTS_|ALTER SYSTEM RELOAD AUDIT' Manuals/Altibase_7.3/kor/SQL\ Reference.md GPTs/attachments/03_sql_ddl_generation.md
SRC-SQL-XVER-000043	sql_reference	cross-version	Manuals/Altibase_7.3/kor/SQL Reference.md	SQL Reference > AUDIT > operation and object audit matrix	SQL syntax	SELECT; INSERT; UPDATE; DELETE; MOVE; MERGE; ENQUEUE; DEQUEUE; LOCK; EXEC; EXECUTE; COMMIT; ROLLBACK; SAVEPOINT; CONNECT; DISCONNECT; ALTER SESSION; ALTER SYSTEM; TABLE; QUEUE; PROCEDURE; DDL	The SQL Reference gives an exact audit operation list and object-audit support matrix for table, queue, procedure, statement, connection, session, system, transaction, and DDL auditing; current attachment text preserves generic audit placeholders but not the full answer-ready matrix.	GPTs/attachments/03_sql_ddl_generation.md	Missing			FCA-J009	source locator: Manuals/Altibase_7.3/kor/SQL Reference.md lines 16230-16325; rg -n 'SELECT|INSERT|UPDATE|DELETE|MOVE|MERGE|ENQUEUE|DEQUEUE|LOCK|EXECUTE|CONNECT|DISCONNECT|ALTER SESSION|ALTER SYSTEM|TABLE|QUEUE|PROCEDURE|DDL|BY ACCESS|BY SESSION' Manuals/Altibase_7.3/kor/SQL\ Reference.md GPTs/attachments/03_sql_ddl_generation.md
SRC-SQL-XVER-000044	sql_reference	cross-version	Manuals/Altibase_7.3/kor/SQL Reference.md	SQL Reference > destructive SQL and protected-operation boundaries	warning	DROP DATABASE; DROP USER CASCADE; TRUNCATE TABLE; PURGE TABLE; FLASHBACK TABLE; DROP REPLICATION; AUTOCOMMIT; ROLLBACK; ALTER REPLICATION STOP	Source-backed destructive and protected SQL requires precondition checks: DDL has implicit commit behavior, `DROP DATABASE` deletes data/log/loganchor files, `DROP USER CASCADE` deletes schema-owned objects, truncate and purge have non-rollback/permanent effects, and `DROP REPLICATION` requires stopped replication.	GPTs/attachments/03_sql_ddl_generation.md	Covered-by-routing	Response Rules; CREATE and DROP DATABASE Syntax; User Account Syntax; Table maintenance generation notes; Replication Syntax		FCA-J009	source locator: Manuals/Altibase_7.3/kor/SQL Reference.md lines 452-511, 934-960, 10398-10429, 10740-10815, and 11984-12022; rg -n 'DROP DATABASE|DROP USER|CASCADE|TRUNCATE TABLE|PURGE TABLE|FLASHBACK TABLE|DROP REPLICATION|AUTOCOMMIT|ROLLBACK|ALTER REPLICATION.*STOP' Manuals/Altibase_7.3/kor/SQL\ Reference.md GPTs/attachments/03_sql_ddl_generation.md GPTs/attachments/09_replication_ha_cdc.md
SRC-SQL-XVER-000045	sql_reference	cross-version	Manuals/Altibase_7.3/kor/SQL Reference.md	SQL Reference > CREATE REPLICATION root syntax	SQL syntax	CREATE REPLICATION; LAZY; EAGER; AS MASTER; AS SLAVE; FOR ANALYSIS; FOR ANALYSIS PROPAGATION; FOR PROPAGABLE LOGGING; FOR PROPAGATION; WITH; FROM; TO; replication_host_ip; replication_host_port_no; REPLICATION_PORT_NO; USING TCP; InfiniBand; IB_ENABLE	`CREATE REPLICATION` creates ordinary, propagation, and Log Analyzer XLog Sender replication objects with role, mode, host, port, connection type, and one-to-one local-to-remote table mapping clauses.	GPTs/attachments/03_sql_ddl_generation.md	Covered	Replication Syntax > Ordinary Replication Syntax; Log Analyzer CDC Replication Syntax; Propagation Replication Syntax		FCA-J009	source locator: Manuals/Altibase_7.3/kor/SQL Reference.md lines 6772-6945 and Replication Manual.md lines 1054-1168; rg -n 'CREATE REPLICATION|LAZY|EAGER|AS MASTER|AS SLAVE|FOR ANALYSIS|FOR PROPAGABLE LOGGING|FOR PROPAGATION|replication_host_ip|REPLICATION_PORT_NO|InfiniBand|IB_ENABLE' Manuals/Altibase_7.3/kor/SQL\ Reference.md Manuals/Altibase_7.3/kor/Replication\ Manual.md GPTs/attachments/03_sql_ddl_generation.md
SRC-SQL-XVER-000046	sql_reference	cross-version	Manuals/Altibase_7.3/kor/SQL Reference.md	SQL Reference > CREATE REPLICATION > option list	SQL syntax	OPTIONS; RECOVERY; OFFLINE; GROUPING; PARALLEL; GAPLESS; RECEIVE_ONLY; META_LOGGING; receiver_applier_count; 0~512; log_dir	Replication creation options include recovery, offline log analysis, grouping, parallel receiver appliers, gapless behavior, receive-only mode, and meta logging, each with source-specific mode and operational restrictions.	GPTs/attachments/03_sql_ddl_generation.md	Covered	Replication Syntax > Replication generation notes		FCA-J009	source locator: Manuals/Altibase_7.3/kor/SQL Reference.md lines 6819-6837 and Replication Manual.md lines 1523-1773; rg -n 'RECOVERY|OFFLINE|GROUPING|PARALLEL|GAPLESS|RECEIVE_ONLY|META_LOGGING|receiver_applier_count|0~512|log_dir' Manuals/Altibase_7.3/kor/SQL\ Reference.md Manuals/Altibase_7.3/kor/Replication\ Manual.md GPTs/attachments/03_sql_ddl_generation.md
SRC-SQL-XVER-000047	sql_reference	cross-version	Manuals/Altibase_7.3/kor/SQL Reference.md	SQL Reference > ALTER REPLICATION DDL operations	SQL syntax	ALTER REPLICATION; SYNC; SYNC ONLY; PARALLEL; CPU count * 2; TABLE; PARTITION; START; QUICKSTART; RETRY; RESET; ADD TABLE; DROP TABLE; SET HOST; USING; SET OFFLINE; BUILD OFFLINE META; START WITH OFFLINE; RESET OFFLINE META	DDL-mode `ALTER REPLICATION` changes replication behavior, synchronizes objects, starts senders, resets restart state, adds or drops target items, changes host or connection type, and controls offline replication metadata.	GPTs/attachments/03_sql_ddl_generation.md	Covered	Replication Syntax > Alter and Drop Replication Syntax		FCA-J009	source locator: Manuals/Altibase_7.3/kor/SQL Reference.md lines 3106-3265 and Replication Manual.md lines 1168-1465; rg -n 'ALTER REPLICATION|SYNC ONLY|PARALLEL|START|QUICKSTART|RETRY|RESET|ADD TABLE|DROP TABLE|SET HOST|BUILD OFFLINE META|START WITH OFFLINE|RESET OFFLINE META' Manuals/Altibase_7.3/kor/SQL\ Reference.md Manuals/Altibase_7.3/kor/Replication\ Manual.md GPTs/attachments/03_sql_ddl_generation.md
SRC-SQL-XVER-000048	sql_reference	cross-version	Manuals/Altibase_7.3/kor/SQL Reference.md	SQL Reference > ALTER REPLICATION DCL STOP FLUSH	SQL syntax	ALTER REPLICATION; STOP; FLUSH; ALL; WAIT timeout_sec	DCL-mode `ALTER REPLICATION` controls an existing replication object through `STOP` and `FLUSH [ALL] [WAIT timeout_sec]`; attachments route syntax generation through SQL DDL and operational checks through replication.	GPTs/attachments/03_sql_ddl_generation.md	Covered-by-routing	Additional SQL Reference DDL and DCL Syntax; Replication Syntax > Alter and Drop Replication Syntax		FCA-J009	source locator: Manuals/Altibase_7.3/kor/SQL Reference.md lines 15993-16030 and Replication Manual.md lines 1186-1198; rg -n 'ALTER REPLICATION.*STOP|ALTER REPLICATION.*FLUSH|ALL|WAIT timeout_sec' Manuals/Altibase_7.3/kor/SQL\ Reference.md Manuals/Altibase_7.3/kor/Replication\ Manual.md GPTs/attachments/03_sql_ddl_generation.md GPTs/attachments/09_replication_ha_cdc.md
SRC-SQL-XVER-000049	sql_reference	cross-version	Manuals/Altibase_7.3/kor/SQL Reference.md	SQL Reference > DROP REPLICATION	SQL syntax	DROP REPLICATION; ALTER REPLICATION START; ALTER REPLICATION STOP; IF EXISTS	`DROP REPLICATION` removes a replication object only after it is stopped; 7.1 and 7.3 use ordinary syntax, while 8.1 verified source adds `IF EXISTS`.	GPTs/attachments/03_sql_ddl_generation.md	Covered	Replication Syntax > Alter and Drop Replication Syntax		FCA-J009	source locator: Manuals/Altibase_7.3/kor/SQL Reference.md lines 10398-10429 and Manuals/Altibase_trunk/kor/SQL Reference.md lines 10503-10521; rg -n 'DROP REPLICATION|ALTER REPLICATION START|ALTER REPLICATION STOP|IF EXISTS' Manuals/Altibase_7.3/kor/SQL\ Reference.md Manuals/Altibase_trunk/kor/SQL\ Reference.md GPTs/attachments/03_sql_ddl_generation.md
SRC-SQL-XVER-000050	replication_manual	cross-version	Manuals/Altibase_7.3/kor/Replication Manual.md	Replication Manual > DDL replication and SQL Apply Mode	runbook step	REPLICATION_DDL_ENABLE; REPLICATION_DDL_ENABLE_LEVEL; REPLICATION_DDL_SYNC; REPLICATION_SQL_APPLY_ENABLE; ALTER SESSION SET REPLICATION = DEFAULT; ALTER REPLICATION FLUSH; SQL Apply Mode; V$PROPERTY	Replication DDL execution requires explicit DDL replication properties, session replication mode not `NONE`, gap/session checks, `ALTER REPLICATION ... FLUSH`, and SQL Apply Mode checks when target metadata differs.	GPTs/attachments/09_replication_ha_cdc.md	Covered	DDL Synchronization; Compatibility block: DDL replication and SQL Apply Mode; DDL synchronization runbook		FCA-J009	source locator: Manuals/Altibase_7.3/kor/Replication Manual.md lines 3560-4102 and 5983-6054; rg -n -F -e 'REPLICATION_DDL_ENABLE' -e 'REPLICATION_DDL_SYNC' -e 'REPLICATION_SQL_APPLY_ENABLE' -e 'ALTER SESSION SET REPLICATION' -e 'ALTER REPLICATION rep1 FLUSH' -e 'V$PROPERTY' Manuals/Altibase_7.3/kor/Replication\ Manual.md GPTs/attachments/09_replication_ha_cdc.md
SRC-SQL-XVER-000051	sql_reference	cross-version	Manuals/Altibase_7.3/kor/SQL Reference.md	SQL Reference > GRANT and REVOKE least-privilege boundary	warning	GRANT; REVOKE; ALL PRIVILEGES; TO PUBLIC; ANY; WITH GRANT OPTION; CASCADE CONSTRAINTS; GRANT ANY PRIVILEGES; GRANT ANY ROLE; 126	DCL privilege changes require least-privilege handling because broad `ANY` privileges, `ALL PRIVILEGES`, `TO PUBLIC`, grant options, role grants, and `CASCADE CONSTRAINTS` revocation can change security or dependent object behavior beyond the immediate statement.	GPTs/attachments/03_sql_ddl_generation.md	Covered	User and Privilege Syntax; User and Privilege Examples		FCA-J009	source locator: Manuals/Altibase_7.3/kor/SQL Reference.md lines 10890-11890; rg -n 'GRANT|REVOKE|ALL PRIVILEGES|TO PUBLIC|WITH GRANT OPTION|CASCADE CONSTRAINTS|GRANT ANY PRIVILEGES|GRANT ANY ROLE|126' Manuals/Altibase_7.3/kor/SQL\ Reference.md GPTs/attachments/03_sql_ddl_generation.md
SRC-REPL-XVER-000001	replication_manual	cross-version	Manuals/Altibase_7.3/kor/Replication Manual.md	Replication Manual > replication lifecycle SQL	runbook step	CREATE REPLICATION; ALTER REPLICATION SYNC; START; QUICKSTART; STOP; RESET; DROP REPLICATION; V$REPSENDER; V$REPRECEIVER; V$REPGAP	Replication lifecycle SQL must be answered with state, topology, gap, and runtime-view evidence before recommending create, sync, start, stop, reset, or drop actions.	GPTs/attachments/09_replication_ha_cdc.md	Covered	Replication Object State Model; CREATE REPLICATION SQL prerequisites; ALTER REPLICATION Operations; DROP REPLICATION		FCA-J009	source locator: Manuals/Altibase_7.3/kor/Replication Manual.md lines 1054-1500; rg -n 'CREATE REPLICATION|ALTER REPLICATION|DROP REPLICATION|V$REPSENDER|V$REPRECEIVER|V$REPGAP' Manuals/Altibase_7.3/kor/Replication\ Manual.md GPTs/attachments/09_replication_ha_cdc.md
SRC-REPL-XVER-000002	replication_manual	cross-version	Manuals/Altibase_7.3/kor/Replication Manual.md	Replication Manual > receive-only and host-maintenance SQL	warning	ADD HOST; DROP HOST; DROP HOST ALL; SET HOST; RECEIVE_ONLY; RESET; SET RECEIVE_ONLY ON; SET RECEIVE_ONLY OFF WITH	Receive-only and host-maintenance SQL can leave replication intentionally receive-only or not startable until host information is restored; answers must preserve stopped-state, reset, and peer-host evidence.	GPTs/attachments/09_replication_ha_cdc.md	Covered	Option block: RECEIVE_ONLY; ALTER REPLICATION Operations; Replication generation notes		FCA-J009	source locator: Manuals/Altibase_7.3/kor/Replication Manual.md lines 1665-1721 and SQL Reference.md lines 3106-3265; rg -n 'ADD HOST|DROP HOST|DROP HOST ALL|SET HOST|RECEIVE_ONLY|RESET|SET RECEIVE_ONLY ON|SET RECEIVE_ONLY OFF WITH' Manuals/Altibase_7.3/kor/Replication\ Manual.md Manuals/Altibase_7.3/kor/SQL\ Reference.md GPTs/attachments/09_replication_ha_cdc.md
SRC-REPL-XVER-000003	log_analyzer	cross-version	Manuals/Altibase_7.3/kor/Log Analyzer User's Manual.md	Log Analyzer User's Manual > XLog Sender create start stop SQL	SQL syntax	FOR ANALYSIS; FOR ANALYSIS PROPAGATION; WITH UNIX_DOMAIN; START AT SN; QUICKSTART; DROP REPLICATION; XLog Sender; XLog Collector	Log Analyzer SQL creates an XLog Sender through `CREATE REPLICATION ... FOR ANALYSIS [PROPAGATION]`, optionally uses UNIX domain sockets, starts at current SN or a specified SN, and stops or drops the XLog Sender as a replication object.	GPTs/attachments/09_replication_ha_cdc.md	Covered	Log Analyzer XLog Sender SQL; Log Analyzer CDC Answer Pattern		FCA-J009	source locator: Manuals/Altibase_7.3/kor/Log Analyzer User's Manual.md lines 1131-1280; rg -n 'CREATE REPLICATION.*FOR ANALYSIS|FOR ANALYSIS PROPAGATION|UNIX_DOMAIN|START AT SN|QUICKSTART|DROP REPLICATION|XLog Sender|XLog Collector' "Manuals/Altibase_7.3/kor/Log Analyzer User's Manual.md" GPTs/attachments/09_replication_ha_cdc.md
SRC-REPL-XVER-000004	log_analyzer	cross-version	Manuals/Altibase_7.3/kor/Log Analyzer User's Manual.md	Log Analyzer User's Manual > XLog Sender table host and flush SQL	SQL syntax	ADD TABLE; DROP TABLE; ADD HOST; DROP HOST; SET HOST; FLUSH; ALL; WAIT timeout_sec; ACK; $ALTIBASE_HOME/trc/rp-replication_name	Log Analyzer XLog Sender maintenance SQL adds or drops target tables, updates collector host endpoints, and flushes pending XLogs through ACK-based `FLUSH [ALL] [WAIT timeout_sec]` semantics with trace-log diagnostics.	GPTs/attachments/09_replication_ha_cdc.md	Covered	Log Analyzer XLog Sender SQL; CDC Diagnostics		FCA-J009	source locator: Manuals/Altibase_7.3/kor/Log Analyzer User's Manual.md lines 1288-1519; rg -n 'ADD TABLE|DROP TABLE|ADD HOST|DROP HOST|SET HOST|FLUSH|WAIT timeout_sec|ACK|rp-replication_name' "Manuals/Altibase_7.3/kor/Log Analyzer User's Manual.md" GPTs/attachments/09_replication_ha_cdc.md
SRC-REPL-XVER-000005	log_analyzer	cross-version	Manuals/Altibase_7.3/kor/Log Analyzer User's Manual.md	Log Analyzer User's Manual > Log Analyzer SQL limitations	warning	FOR ANALYSIS; LAZY; EAGER; SSL; InfiniBand; UNIX_DOMAIN; DDL; REPLICATION_LOG_BUFFER_SIZE = 0; archive log mode	Log Analyzer CDC is not ordinary table-to-table replication: it is LAZY/TCP or UNIX-domain scoped, does not support SSL or InfiniBand, does not allow DDL on the analysis target table, and `START AT SN` requires archive-log evidence with `REPLICATION_LOG_BUFFER_SIZE = 0`.	GPTs/attachments/09_replication_ha_cdc.md	Covered	Log Analyzer XLog Sender SQL; Log Analyzer CDC Answer Pattern; CDC transport		FCA-J009	source locator: Manuals/Altibase_7.3/kor/Log Analyzer User's Manual.md lines 468-482 and 1124-1479; rg -n 'FOR ANALYSIS|LAZY|EAGER|SSL|InfiniBand|UNIX_DOMAIN|DDL|REPLICATION_LOG_BUFFER_SIZE|archive log mode' "Manuals/Altibase_7.3/kor/Log Analyzer User's Manual.md" GPTs/attachments/09_replication_ha_cdc.md
SRC-SQL-8.1-000004	sql_reference	8.1	Manuals/Altibase_trunk/kor/SQL Reference.md	SQL Reference > 8.1 replication idempotent and SSL syntax	SQL syntax	Altibase 8.1 verified source; IF NOT EXISTS; IF EXISTS; CREATE REPLICATION; DROP REPLICATION; USING SSL; REPLICATION_SSL_PORT_NO	Altibase 8.1 verified source adds `IF NOT EXISTS` for `CREATE REPLICATION`, `IF EXISTS` for `DROP REPLICATION`, and SSL replication transport using `USING SSL` with the peer `REPLICATION_SSL_PORT_NO`; 7.1 and 7.3 answers must omit those clauses unless exact patch evidence says otherwise.	GPTs/attachments/09_replication_ha_cdc.md	Covered	CREATE REPLICATION Syntax; CREATE REPLICATION Examples: Altibase 8.1 SSL; DROP REPLICATION		FCA-J009	rg -n 'IF NOT EXISTS|IF EXISTS|CREATE REPLICATION|DROP REPLICATION|USING SSL|REPLICATION_SSL_PORT_NO' Manuals/Altibase_trunk/kor/SQL\ Reference.md GPTs/attachments/03_sql_ddl_generation.md GPTs/attachments/09_replication_ha_cdc.md
SRC-SQL-8.1-000005	sql_reference	8.1	Manuals/Altibase_trunk/kor/SQL Reference.md	SQL Reference > 8.1 ALTER SESSION SET FREE TEMPORARY LOB	SQL syntax	Altibase 8.1 verified source; ALTER SESSION SET FREE TEMPORARY LOB; V$TEMPORARY_LOBS; Temporary LOB; JSON	Altibase 8.1 verified source adds session control to free Temporary LOBs created in the current session; customer answers should limit it to 8.1 Temporary LOB or native JSON workflows and verify with `V$TEMPORARY_LOBS` where available.	GPTs/attachments/03_sql_ddl_generation.md	Covered	Session and System Control Syntax; Administrative Control SQL Examples		FCA-J009	rg -n 'ALTER SESSION SET FREE TEMPORARY LOB|TEMPORARY_LOBS|Temporary LOB|JSON' Manuals/Altibase_trunk/kor/SQL\ Reference.md GPTs/attachments/03_sql_ddl_generation.md
SRC-SQL-XVER-000052	sql_reference	cross-version	Manuals/Altibase_7.3/kor/SQL Reference.md	SQL Reference > SQL statement classification > data manipulation language	SQL syntax	DML; DELETE; INSERT; LOCK TABLE; SELECT; UPDATE; MOVE; ENQUEUE; DEQUEUE; AUTOCOMMIT; ROLLBACK	The SQL Reference classifies DML as non-implicitly-committing data manipulation statements under non-autocommit sessions, unlike DDL, and lists DELETE, INSERT, LOCK TABLE, SELECT, UPDATE, MOVE, ENQUEUE, and DEQUEUE as DML statements.	GPTs/attachments/04_sql_dml_oracle_compatibility.md	Covered	Compact DML Syntax Patterns; Version Differences		FCA-J010	rg -n '데이터 조작어\(DML\)|DELETE|INSERT|LOCK TABLE|SELECT|UPDATE|MOVE|ENQUEUE|DEQUEUE|AUTOCOMMIT|ROLLBACK' Manuals/Altibase_7.3/kor/SQL\ Reference.md GPTs/attachments/04_sql_dml_oracle_compatibility.md
SRC-SQL-XVER-000053	sql_reference	cross-version	Manuals/Altibase_7.3/kor/SQL Reference.md	SQL Reference > Altibase SQL basics > object name rules	compatibility rule	40 bytes; double quotes; uppercase; A-Z; a-z; 0-9; _; $; #; V$; X$; D$; V$RESERVED_WORDS	Altibase object names are limited to 40 bytes, unquoted names are case-insensitive and uppercased, unquoted names may use letters, digits, underscore, dollar, and hash, cannot begin with V$, X$, or D$, and quoted names must be referenced with double quotes.	GPTs/attachments/04_sql_dml_oracle_compatibility.md	Covered	SELECT Differences and Checks > SELECT Item: Object-Name Rules for Oracle Conversion		FCA-J010	rg -n '40바이트|큰따옴표|A-Z|a-z|0-9|V\$|X\$|D\$|V\$RESERVED_WORDS|Object-Name Rules' Manuals/Altibase_7.3/kor/SQL\ Reference.md GPTs/attachments/04_sql_dml_oracle_compatibility.md
SRC-SQL-XVER-000054	sql_reference	cross-version	Manuals/Altibase_7.3/kor/SQL Reference.md	SQL Reference > DML > DELETE	SQL syntax	DELETE; FROM; WHERE; LIMIT; RETURN; RETURNING; INTO; multiple_delete; dictionary table; full outer join; DELETE ANY TABLE	DELETE removes rows from tables, views, subquery targets, or partitions with owner/SYS/DELETE privileges, supports LIMIT and DML return clauses, and has multiple_delete restrictions that disallow LIMIT, RETURNING, dictionary tables, and full outer join.	GPTs/attachments/04_sql_dml_oracle_compatibility.md	Covered	Compact DML Syntax Patterns > DELETE Pattern; DELETE Differences and Checks		FCA-J010	rg -n 'DELETE|multiple_delete|returning_clause|dictionary table|full outer join|DELETE Pattern' Manuals/Altibase_7.3/kor/SQL\ Reference.md GPTs/attachments/04_sql_dml_oracle_compatibility.md
SRC-SQL-XVER-000055	sql_reference	cross-version	Manuals/Altibase_7.3/kor/SQL Reference.md	SQL Reference > DML > INSERT	SQL syntax	INSERT; VALUES; DEFAULT VALUES; INSERT SELECT; INSERT ALL; RETURN; RETURNING; WAIT; NOWAIT; APPEND; Direct-Path INSERT; INSERT ANY TABLE	INSERT supports single-table, multi-row, INSERT SELECT, multi-table INSERT ALL, DEFAULT/DEFAULT VALUES, wait clauses, and DML return clauses; direct-path INSERT has disk-table, LOB, index, trigger, replication, referential-constraint, and CHECK-constraint restrictions.	GPTs/attachments/04_sql_dml_oracle_compatibility.md	Covered	Compact DML Syntax Patterns > INSERT Pattern; INSERT Differences and Checks		FCA-J010	rg -n 'INSERT|DEFAULT VALUES|INSERT ~ SELECT|multi_table_insert|WAIT|NOWAIT|Direct-Path INSERT|APPEND|INSERT Pattern' Manuals/Altibase_7.3/kor/SQL\ Reference.md GPTs/attachments/04_sql_dml_oracle_compatibility.md
SRC-SQL-XVER-000056	sql_reference	cross-version	Manuals/Altibase_7.3/kor/SQL Reference.md	SQL Reference > DML > SELECT root syntax	SQL syntax	SELECT; WITH; TOP (expr); FROM; WHERE; GROUP BY; HAVING; ORDER BY; ORDER SIBLINGS BY; LIMIT; FOR UPDATE; SELECT ANY TABLE; 32	SELECT retrieves rows from one or more tables or views, supports WITH, TOP, joins, grouping, set operators, ORDER BY/ORDER SIBLINGS BY, LIMIT, and FOR UPDATE, and limits FROM items to 32 tables or views.	GPTs/attachments/04_sql_dml_oracle_compatibility.md	Covered	Compact DML Syntax Patterns > SELECT Pattern		FCA-J010	rg -n 'SELECT|TOP \(expr\)|FROM절에 올 수 있는 테이블 또는 뷰의 최대 개수는 32|LIMIT|FOR UPDATE|SELECT Pattern' Manuals/Altibase_7.3/kor/SQL\ Reference.md GPTs/attachments/04_sql_dml_oracle_compatibility.md
SRC-SQL-XVER-000057	sql_reference	cross-version	Manuals/Altibase_7.3/kor/SQL Reference.md	SQL Reference > DML > SELECT > table reference, joins, lateral, apply, pivot, unpivot, table function	SQL syntax	LATERAL; APPLY; CROSS APPLY; OUTER APPLY; INNER; LEFT OUTER; RIGHT OUTER; FULL OUTER; PIVOT; UNPIVOT; INCLUDE NULLS; EXCLUDE NULLS; TABLE(function_name)	SELECT table references support ordinary joins, outer joins, LATERAL inline views, CROSS/OUTER APPLY, PIVOT, UNPIVOT, and TABLE(function) access, with source restrictions on lateral references, APPLY with ON, fixed tables, and pivot/unpivot placement.	GPTs/attachments/04_sql_dml_oracle_compatibility.md	Covered	SELECT Subclause Syntax > Table Reference and Join Syntax; SELECT Differences and Checks > SELECT Item: LATERAL and APPLY; SELECT Item: PIVOT and UNPIVOT		FCA-J010	rg -n 'LATERAL|APPLY|CROSS APPLY|OUTER APPLY|PIVOT|UNPIVOT|TABLE\(|Table Reference and Join Syntax|LATERAL and APPLY' Manuals/Altibase_7.3/kor/SQL\ Reference.md GPTs/attachments/04_sql_dml_oracle_compatibility.md
SRC-SQL-XVER-000058	sql_reference	cross-version	Manuals/Altibase_7.3/kor/SQL Reference.md	SQL Reference > DML > SELECT > hierarchical query and recursive WITH	SQL syntax	START WITH; CONNECT BY; NOCYCLE; IGNORE LOOP; PRIOR; CONNECT_BY_ROOT; CONNECT_BY_ISLEAF; LEVEL; RECURSION_LEVEL_MAXIMUM; UNION ALL	Hierarchical queries use START WITH and CONNECT BY with PRIOR, optional NOCYCLE/IGNORE LOOP, pseudo columns and operators; recursive WITH requires a column alias list, a set operator, and explicit recursive query-name reference with aggregate/DISTINCT/GROUP BY restrictions.	GPTs/attachments/04_sql_dml_oracle_compatibility.md	Covered	SELECT Subclause Syntax > Hierarchical and Grouping Syntax; SELECT Differences and Checks > SELECT Item: Hierarchical Query; SELECT Item: Recursive WITH		FCA-J010	rg -n 'START WITH|CONNECT BY|IGNORE LOOP|PRIOR|CONNECT_BY_ROOT|CONNECT_BY_ISLEAF|RECURSION_LEVEL_MAXIMUM|Recursive WITH|Hierarchical Query' Manuals/Altibase_7.3/kor/SQL\ Reference.md GPTs/attachments/04_sql_dml_oracle_compatibility.md
SRC-SQL-XVER-000059	sql_reference	cross-version	Manuals/Altibase_7.3/kor/SQL Reference.md	SQL Reference > DML > SELECT > grouping extensions and set operation ordering	SQL syntax	ROLLUP; CUBE; GROUPING SETS; HAVING; ORDER BY; UNION; UNION ALL; INTERSECT; MINUS; NULLS FIRST; NULLS LAST	SELECT grouping supports GROUP BY with ROLLUP, CUBE, GROUPING SETS, HAVING, and source restrictions; set operators combine SELECT results with ordering restrictions, and ORDER BY on set results must use output position or alias.	GPTs/attachments/04_sql_dml_oracle_compatibility.md	Covered	SELECT Subclause Syntax > Hierarchical and Grouping Syntax; SELECT Differences and Checks > SELECT Item: Grouping Extensions; SELECT Item: Set Operators		FCA-J010	rg -n 'ROLLUP|CUBE|GROUPING SETS|HAVING|UNION ALL|INTERSECT|MINUS|ORDER BY|Set Operators|Grouping Extensions' Manuals/Altibase_7.3/kor/SQL\ Reference.md GPTs/attachments/04_sql_dml_oracle_compatibility.md
SRC-SQL-XVER-000060	sql_reference	cross-version	Manuals/Altibase_7.3/kor/SQL Reference.md	SQL Reference > DML > SELECT > FOR UPDATE	SQL syntax	FOR UPDATE; WAIT; NOWAIT; DISTINCT; GROUP BY; aggregate functions; UNION; INTERSECT; MINUS	SELECT FOR UPDATE locks selected rows until transaction end, supports WAIT/NOWAIT lock behavior, and is restricted to top-level SELECT without DISTINCT, GROUP BY, aggregate functions, or set operators.	GPTs/attachments/04_sql_dml_oracle_compatibility.md	Covered	Compact DML Syntax Patterns > SELECT Pattern; LOCK and Transaction Pattern		FCA-J010	rg -n 'FOR UPDATE|WAIT|NOWAIT|DISTINCT|GROUP BY|UNION|INTERSECT|MINUS|LOCK and Transaction Pattern' Manuals/Altibase_7.3/kor/SQL\ Reference.md GPTs/attachments/04_sql_dml_oracle_compatibility.md
SRC-SQL-XVER-000061	sql_reference	cross-version	Manuals/Altibase_7.3/kor/SQL Reference.md	SQL Reference > DML > UPDATE	SQL syntax	UPDATE; SET; DEFAULT; WHERE; LIMIT; RETURN; RETURNING; multiple_update; ENABLE ROW MOVEMENT; UPDATE ANY TABLE; full outer join	UPDATE changes table/view/subquery rows with privilege checks, supports partition targeting, SET subqueries, DEFAULT, LIMIT, DML return clauses, and multiple_update join form, with restrictions on duplicate SET columns, partition row movement, dictionary tables, full outer join, LIMIT, and RETURNING.	GPTs/attachments/04_sql_dml_oracle_compatibility.md	Covered	Compact DML Syntax Patterns > UPDATE Pattern; UPDATE Differences and Checks		FCA-J010	rg -n 'UPDATE|multiple_update|ENABLE ROW MOVEMENT|RETURNING|DEFAULT|full outer join|UPDATE Pattern' Manuals/Altibase_7.3/kor/SQL\ Reference.md GPTs/attachments/04_sql_dml_oracle_compatibility.md
SRC-SQL-XVER-000062	sql_reference	cross-version	Manuals/Altibase_7.3/kor/SQL Reference.md	SQL Reference > DML > MOVE	SQL syntax	MOVE; INTO; FROM; WHERE; LIMIT; INSERT; DELETE; CHECK; meta table	MOVE inserts selected rows into a target table and deletes them from the source table, requiring both insert and delete privileges, allowing WHERE/LIMIT and partition movement, and disallowing same-table moves, views, and meta tables.	GPTs/attachments/04_sql_dml_oracle_compatibility.md	Covered	Compact DML Syntax Patterns > MOVE Pattern		FCA-J010	rg -n 'MOVE|동일한 테이블|메타 테이블|CHECK|MOVE Pattern' Manuals/Altibase_7.3/kor/SQL\ Reference.md GPTs/attachments/04_sql_dml_oracle_compatibility.md
SRC-SQL-XVER-000063	sql_reference	cross-version	Manuals/Altibase_7.3/kor/SQL Reference.md	SQL Reference > DML > MERGE	SQL syntax	MERGE; INTO; USING; ON; WHEN MATCHED THEN; UPDATE; DELETE WHERE; WHEN NOT MATCHED THEN; INSERT; WHEN NO ROWS THEN; no_rows_insert_clause	MERGE performs matched update/delete and not-matched or no-rows insert logic using INTO, USING, ON, and once-per-clause ordering-insensitive operation clauses, while disallowing updates to columns referenced by the ON condition.	GPTs/attachments/04_sql_dml_oracle_compatibility.md	Covered	Compact DML Syntax Patterns > MERGE Pattern; MERGE Differences and Checks		FCA-J010	rg -n 'MERGE|WHEN MATCHED|WHEN NOT MATCHED|WHEN NO ROWS|no_rows_insert_clause|DELETE WHERE|MERGE Pattern' Manuals/Altibase_7.3/kor/SQL\ Reference.md GPTs/attachments/04_sql_dml_oracle_compatibility.md
SRC-SQL-XVER-000064	sql_reference	cross-version	Manuals/Altibase_7.3/kor/SQL Reference.md	SQL Reference > DML > returning_clause	SQL syntax	RETURN; RETURNING; INTO; variable_name; aggregate; LOB; alias; subquery; sequence; BULK COLLECT	The DML return clause returns affected row values into host or PSM variables for INSERT, UPDATE, and DELETE, but cannot use aggregate functions, LOB return values, aliases, subqueries, or sequences in returned expressions, and is table-only.	GPTs/attachments/04_sql_dml_oracle_compatibility.md	Covered	DML RETURN Clause		FCA-J010	rg -n 'returning_clause|RETURNING|BULK COLLECT|LOB|aggregate|sequence|DML RETURN Clause' Manuals/Altibase_7.3/kor/SQL\ Reference.md GPTs/attachments/04_sql_dml_oracle_compatibility.md
SRC-SQL-XVER-000065	sql_reference	cross-version	Manuals/Altibase_7.3/kor/SQL Reference.md	SQL Reference > set operators	SQL syntax	UNION; UNION ALL; INTERSECT; MINUS; ORDER BY; set operator	Set operators combine SELECT result sets: UNION removes duplicates, UNION ALL retains duplicates, INTERSECT returns common rows, and MINUS returns rows from the first query not in the second, with source-defined operator ordering and ORDER BY restrictions.	GPTs/attachments/04_sql_dml_oracle_compatibility.md	Covered	SELECT Differences and Checks > SELECT Item: Set Operators		FCA-J010	rg -n 'UNION ALL|UNION|INTERSECT|MINUS|연산 순서|Set Operators' Manuals/Altibase_7.3/kor/SQL\ Reference.md GPTs/attachments/04_sql_dml_oracle_compatibility.md
SRC-SQL-XVER-000066	sql_reference	cross-version	Manuals/Altibase_7.3/kor/SQL Reference.md	SQL Reference > arithmetic operators and date arithmetic	SQL syntax	+; -; *; /; DATE + n; DATE - n; hours / 24; minutes / (24*60); seconds / (24*60*60)	Arithmetic expressions support unary plus/minus and binary addition, subtraction, multiplication, and division; DATE arithmetic treats numeric operands as day units, so smaller units must be converted to fractional days.	GPTs/attachments/04_sql_dml_oracle_compatibility.md	Covered	Expression and Operator Generation > Expression Item: Arithmetic Operators		FCA-J010	rg -n '산술 연산자|DATE|24\*60|24 \* 60|Arithmetic Operators' Manuals/Altibase_7.3/kor/SQL\ Reference.md GPTs/attachments/04_sql_dml_oracle_compatibility.md
SRC-SQL-XVER-000067	sql_reference	cross-version	Manuals/Altibase_7.3/kor/SQL Reference.md	SQL Reference > concatenation and CAST operators	SQL syntax	||; CONCAT; CAST(expr AS data_type); BLOB; CLOB; empty string; NULL	Concatenation uses the || operator or CONCAT, while CAST explicitly converts an expression to a data type other than BLOB or CLOB; Oracle rewrites must preserve Altibase empty-string-as-NULL and LOB-conversion caveats.	GPTs/attachments/04_sql_dml_oracle_compatibility.md	Covered	Expression and Operator Generation > Expression Item: Concatenation; Expression Item: CAST		FCA-J010	rg -n '연결 연산자|CAST \(expr AS data_type\)|BLOB|CLOB|Concatenation|Expression Item: CAST' Manuals/Altibase_7.3/kor/SQL\ Reference.md GPTs/attachments/04_sql_dml_oracle_compatibility.md
SRC-SQL-XVER-000068	sql_reference	cross-version	Manuals/Altibase_7.3/kor/SQL Reference.md	SQL Reference > logical and comparison conditions	SQL syntax	AND; OR; NOT; TRUE; FALSE; UNKNOWN; ANY; SOME; ALL; =; !=; <>; >; <; >=; <=	Conditions return TRUE, FALSE, or UNKNOWN; logical conditions use AND, OR, NOT, while simple and group comparisons compare scalar or row-value expressions with equality/inequality and ANY/SOME/ALL restrictions.	GPTs/attachments/04_sql_dml_oracle_compatibility.md	Covered	SQL Conditions > Condition Syntax Diagram Conversions > Logical and Comparison Conditions		FCA-J010	rg -n 'AND|OR|NOT|TRUE|FALSE|UNKNOWN|ANY|SOME|ALL|simple_comparison_condition|group_comparison_condition' Manuals/Altibase_7.3/kor/SQL\ Reference.md GPTs/attachments/04_sql_dml_oracle_compatibility.md
SRC-SQL-XVER-000069	sql_reference	cross-version	Manuals/Altibase_7.3/kor/SQL Reference.md	SQL Reference > range, existence, membership, null, pattern, and unique conditions	SQL syntax	BETWEEN; EXISTS; IN; NOT IN; INLIST; IS NULL; LIKE; ESCAPE; REGEXP_LIKE; UNIQUE; %; _; 4000 bytes	Altibase condition syntax includes BETWEEN, EXISTS, IN/NOT IN, INLIST, IS NULL, LIKE with ESCAPE and a 4000-byte pattern limit, REGEXP_LIKE, and UNIQUE, with INLIST requiring an ASCII comma-separated string.	GPTs/attachments/04_sql_dml_oracle_compatibility.md	Covered	SQL Conditions > Condition Syntax Diagram Conversions > Range, Existence, and Membership Conditions; Pattern, Null, and Unique Conditions		FCA-J010	rg -n 'BETWEEN|EXISTS|INLIST|IS NULL|LIKE|REGEXP_LIKE|UNIQUE|4000|ESCAPE|Pattern, Null, and Unique Conditions' Manuals/Altibase_7.3/kor/SQL\ Reference.md GPTs/attachments/04_sql_dml_oracle_compatibility.md
SRC-SQL-XVER-000070	sql_reference	cross-version	Manuals/Altibase_7.3/kor/SQL Reference.md	SQL Reference > regular expression condition and functions overview	function	REGEXP_LIKE; REGEXP_COUNT; REGEXP_REPLACE; REGEXP_INSTR; REGEXP_SUBSTR; POSIX Basic Regular Expression; REGEXP_MODE; 1024 bytes	Regular expression support covers REGEXP_LIKE plus REGEXP_COUNT, REGEXP_REPLACE, REGEXP_INSTR, and REGEXP_SUBSTR; pattern behavior depends on REGEXP_MODE and pattern expressions for listed regex functions are commonly limited to 1024 bytes.	GPTs/attachments/04_sql_dml_oracle_compatibility.md	Covered	SQL Conditions > Condition Item: LIKE and REGEXP_LIKE; SQL Function Compatibility > Function Syntax Diagram Conversions > Regular Expression Function Syntax		FCA-J010	rg -n 'REGEXP_LIKE|REGEXP_COUNT|REGEXP_REPLACE|REGEXP_INSTR|REGEXP_SUBSTR|POSIX Basic Regular Expression|1024|REGEXP_MODE' Manuals/Altibase_7.3/kor/SQL\ Reference.md GPTs/attachments/04_sql_dml_oracle_compatibility.md
SRC-SQL-XVER-000071	sql_reference	cross-version	Manuals/Altibase_7.3/kor/SQL Reference.md	SQL Reference > regular expression mode setting method	runbook step	REGEXP_MODE; ALTER SYSTEM SET REGEXP_MODE=1; ALTER SESSION SET REGEXP_MODE=1; REGEXP_MODE=1; restart	Regex mode can be selected per system, session, or property file: ALTER SYSTEM SET REGEXP_MODE=1, ALTER SESSION SET REGEXP_MODE=1, or REGEXP_MODE=1 in the server property file followed by restart for permanent effect.	GPTs/attachments/04_sql_dml_oracle_compatibility.md	Covered-by-routing	SQL Conditions > Condition Item: LIKE and REGEXP_LIKE; Attachment Cross-References to 05_data_types_properties.md		FCA-J010	rg -n 'ALTER SYSTEM SET REGEXP_MODE=1|ALTER SESSION SET REGEXP_MODE=1|REGEXP_MODE=1|restart|05_data_types_properties' Manuals/Altibase_7.3/kor/SQL\ Reference.md GPTs/attachments/04_sql_dml_oracle_compatibility.md
SRC-SQL-XVER-000072	sql_reference	cross-version	Manuals/Altibase_7.3/kor/SQL Reference.md	SQL Reference > Altibase regular expression mode	compatibility rule	Altibase regular expression mode; POSIX Basic Regular Expression; Extended Regular Expression; [:punct:]+; \l+; [=A=]; [A-[.CH.]]	Default Altibase regular expression mode partially supports POSIX BRE and ERE syntax and differs from PCRE2 mode in POSIX class, escape sequence, equivalence-class, and collation-element syntax.	GPTs/attachments/04_sql_dml_oracle_compatibility.md	Covered	SQL Conditions > Condition Item: LIKE and REGEXP_LIKE		FCA-J010	rg -n 'Altibase 정규 표현식 모드|POSIX 기본 정규 표현식|Extended Regular Expression|\[:punct:\]|\\l\+|정규 표현식 모드 별 문법 차이점' Manuals/Altibase_7.3/kor/SQL\ Reference.md GPTs/attachments/04_sql_dml_oracle_compatibility.md
SRC-SQL-XVER-000073	sql_reference	cross-version	Manuals/Altibase_7.1/kor/SQL Reference.md	SQL Reference > PCRE2-compatible regular expression mode	compatibility rule	PCRE2; 7.1.0.7.7; 10.40; US7ASCII; UTF-8; [[:punct:]]+; [[:lower:]]+; ERR-2106C	PCRE2-compatible regex mode uses PCRE2 10.40 syntax, is available in Altibase 7.1 from 7.1.0.7.7 and in 7.3/8.1 sources, has character-set and syntax-difference cautions, and can raise ERR-2106C with PCRE2-returned message text.	GPTs/attachments/04_sql_dml_oracle_compatibility.md	Covered-by-routing	SQL Conditions > Condition Item: LIKE and REGEXP_LIKE; Attachment Cross-References to 07_error_messages_troubleshooting.md		FCA-J010	rg -n 'PCRE2|7.1.0.7.7|10.40|US7ASCII|UTF-8|ERR-2106C|07_error_messages_troubleshooting' Manuals/Altibase_7.1/kor/SQL\ Reference.md Manuals/Altibase_7.3/kor/SQL\ Reference.md GPTs/attachments/04_sql_dml_oracle_compatibility.md
SRC-SQL-XVER-000074	sql_reference	cross-version	Manuals/Altibase_7.3/kor/SQL Reference.md	SQL Reference > SQL function introduction > aggregate functions	function	AVG; CORR; COUNT; COVAR_POP; COVAR_SAMP; CUME_DIST; FIRST; GROUP_CONCAT; LAST; LISTAGG; MAX; MEDIAN; MIN; PERCENTILE_CONT; PERCENTILE_DISC; PERCENT_RANK; RANK; STATS_ONE_WAY_ANOVA; STDDEV; SUM; VARIANCE	The SQL Reference lists aggregate and ordered-set aggregate functions, including ordinary aggregates, distribution functions, GROUP_CONCAT/LISTAGG, percentile functions, rank functions, and STATS_ONE_WAY_ANOVA.	GPTs/attachments/04_sql_dml_oracle_compatibility.md	Covered-by-routing	SQL Function Compatibility > Function Family Index > Function category: aggregate		FCA-J010	rg -n 'AVG|CORR|COUNT|GROUP_CONCAT|LISTAGG|PERCENTILE_CONT|STATS_ONE_WAY_ANOVA|Function category: aggregate' Manuals/Altibase_7.3/kor/SQL\ Reference.md GPTs/attachments/04_sql_dml_oracle_compatibility.md
SRC-SQL-XVER-000075	sql_reference	cross-version	Manuals/Altibase_7.3/kor/SQL Reference.md	SQL Reference > SQL function introduction > window and analytic functions	function	OVER; PARTITION BY; ORDER BY; ROWS; RANGE; DENSE_RANK; FIRST_VALUE; LAG; LAG_IGNORE_NULLS; LAST_VALUE; LEAD; LISTAGG; NTH_VALUE; NTILE; RATIO_TO_REPORT; ROW_NUMBER	The SQL Reference lists analytic/window functions with OVER, partitioning, ordering, and window-frame syntax, and restricts analytic functions to SELECT list and ORDER BY usage rather than WHERE.	GPTs/attachments/04_sql_dml_oracle_compatibility.md	Covered	SQL Function Compatibility > Function Family Index > Function category: window and analytic; Function Syntax Diagram Conversions > Analytic Window Syntax		FCA-J010	rg -n 'OVER|PARTITION BY|DENSE_RANK|LAG_IGNORE_NULLS|NTH_VALUE|RATIO_TO_REPORT|Analytic Window Syntax|window and analytic' Manuals/Altibase_7.3/kor/SQL\ Reference.md GPTs/attachments/04_sql_dml_oracle_compatibility.md
SRC-SQL-XVER-000076	sql_reference	cross-version	Manuals/Altibase_7.3/kor/SQL Reference.md	SQL Reference > SQL functions > numeric and bit functions	function	ABS; ACOS; ASIN; ATAN; ATAN2; CEIL; COS; COSH; EXP; FLOOR; ISNUMERIC; LN; LOG; MOD; POWER; RAND; RANDOM; ROUND; SIGN; SIN; SQRT; TRUNC; BITAND; BITOR; BITXOR; BITNOT; NUMAND; NUMOR; NUMSHIFT; NUMXOR	The SQL Reference lists numeric, trigonometric, random, rounding, bit, and numeric helper functions; Oracle rewrites must check overflow, implicit conversion, and integer versus floating behavior.	GPTs/attachments/04_sql_dml_oracle_compatibility.md	Covered-by-routing	SQL Function Compatibility > Function Family Index > Function category: numeric and bit		FCA-J010	rg -n 'ABS|ACOS|ISNUMERIC|NUMAND|BITAND|BITNOT|Function category: numeric and bit' Manuals/Altibase_7.3/kor/SQL\ Reference.md GPTs/attachments/04_sql_dml_oracle_compatibility.md
SRC-SQL-XVER-000077	sql_reference	cross-version	Manuals/Altibase_7.3/kor/SQL Reference.md	SQL Reference > SQL functions > character and regular expression functions	function	ASCII; CHAR_LENGTH; CHARACTER_LENGTH; LENGTH; CHR; CHOSUNG; CONCAT; DIGITS; INITCAP; INSTR; INSTRB; POSITION; LOWER; LPAD; LTRIM; NCHR; OCTET_LENGTH; LENGTHB; REGEXP_COUNT; REGEXP_INSTR; REGEXP_REPLACE; REGEXP_SUBSTR; REPLACE2; REVERSE_STR; SUBSTR; SUBSTRB; SUBSTRING; TRANSLATE; TRIM; UPPER	The SQL Reference lists character string, byte length, search, padding, trimming, substring, translation, and regular-expression functions; regex function behavior is controlled by REGEXP_MODE.	GPTs/attachments/04_sql_dml_oracle_compatibility.md	Covered-by-routing	SQL Function Compatibility > Function Family Index > Function category: character and regular expression		FCA-J010	rg -n 'CHAR_LENGTH|REGEXP_COUNT|REGEXP_INSTR|REGEXP_REPLACE|REGEXP_SUBSTR|REVERSE_STR|SUBSTRING|character and regular expression' Manuals/Altibase_7.3/kor/SQL\ Reference.md GPTs/attachments/04_sql_dml_oracle_compatibility.md
SRC-SQL-XVER-000078	sql_reference	cross-version	Manuals/Altibase_7.3/kor/SQL Reference.md	SQL Reference > SQL functions > datetime functions	function	ADD_MONTHS; CONV_TIMEZONE; CURRENT_DATE; CURRENT_TIMESTAMP; DATEADD; DATEDIFF; DATENAME; DATEPART; DB_TIMEZONE; EXTRACT; LAST_DAY; MONTHS_BETWEEN; NEXT_DAY; SESSION_TIMEZONE; SYSDATE; SYSTIMESTAMP; SYSDATETIME; UNIX_DATE; UNIX_TIMESTAMP	The SQL Reference lists datetime extraction, arithmetic, time-zone, current-time, rounding/truncation, Unix-time, and Oracle-familiar date functions; answers must check date format and time-zone behavior before claiming Oracle-equivalent output.	GPTs/attachments/04_sql_dml_oracle_compatibility.md	Covered-by-routing	SQL Function Compatibility > Function Family Index > Function category: datetime		FCA-J010	rg -n 'ADD_MONTHS|CONV_TIMEZONE|DATEADD|DATEDIFF|DB_TIMEZONE|UNIX_TIMESTAMP|Function category: datetime' Manuals/Altibase_7.3/kor/SQL\ Reference.md GPTs/attachments/04_sql_dml_oracle_compatibility.md
SRC-SQL-XVER-000079	sql_reference	cross-version	Manuals/Altibase_7.3/kor/SQL Reference.md	SQL Reference > SQL functions > conversion functions	function	ASCIISTR; BIN_TO_NUM; CONVERT; DATE_TO_UNIX; HEX_DECODE; HEX_ENCODE; HEX_TO_NUM; OCT_TO_NUM; RAW_TO_FLOAT; RAW_TO_INTEGER; RAW_TO_NUMERIC; RAW_TO_VARCHAR; TO_BIN; TO_CHAR; TO_DATE; TO_HEX; TO_INTERVAL; TO_NCHAR; TO_NUMBER; TO_OCT; TO_RAW; UNISTR; UNIX_TO_DATE	The SQL Reference lists character, numeric, raw, hex/octal/binary, date, interval, Unicode, and Unix-time conversion functions; Oracle rewrites must check Altibase-supported format masks and target type support.	GPTs/attachments/04_sql_dml_oracle_compatibility.md	Covered-by-routing	SQL Function Compatibility > Function Family Index > Function category: conversion		FCA-J010	rg -n 'ASCIISTR|BIN_TO_NUM|RAW_TO_INTEGER|TO_CHAR|TO_DATE|TO_NUMBER|UNIX_TO_DATE|Function category: conversion' Manuals/Altibase_7.3/kor/SQL\ Reference.md GPTs/attachments/04_sql_dml_oracle_compatibility.md
SRC-SQL-XVER-000080	sql_reference	cross-version	Manuals/Altibase_7.3/kor/SQL Reference.md	SQL Reference > SQL functions > encryption functions	function	AESDECRYPT; AESENCRYPT; DESDECRYPT; DESENCRYPT; TDESDECRYPT; TDESENCRYPT; TRIPLE_DESDECRYPT; TRIPLE_DESENCRYPT	The SQL Reference lists AES, DES, and Triple DES encryption/decryption functions; production rewrites require exact key, padding, and output-encoding expectations rather than generic Oracle assumptions.	GPTs/attachments/04_sql_dml_oracle_compatibility.md	Covered-by-routing	SQL Function Compatibility > Function Family Index > Function category: encryption		FCA-J010	rg -n 'AESDECRYPT|AESENCRYPT|DESDECRYPT|TDESDECRYPT|TRIPLE_DESENCRYPT|Function category: encryption' Manuals/Altibase_7.3/kor/SQL\ Reference.md GPTs/attachments/04_sql_dml_oracle_compatibility.md
SRC-SQL-XVER-000081	sql_reference	cross-version	Manuals/Altibase_7.3/kor/SQL Reference.md	SQL Reference > SQL functions > conditional, grouping, identity, queue, raw, and session helpers	function	CASE WHEN; CASE2; COALESCE; DECODE; GREATEST; LEAST; LNNVL; NULLIF; NVL; NVL2; NVL_EQUAL; NVL_NOT_EQUAL; GROUPING; GROUPING_ID; ROWNUM; SYS_CONNECT_BY_PATH; SYS_CONTEXT; SYS_GUID; SYS_GUID_STR; USER_ID; USER_NAME; SESSION_ID; HOST_NAME; MSG_CREATE_QUEUE; MSG_DROP_QUEUE; MSG_SND_QUEUE; MSG_RCV_QUEUE; SENDMSG; BASE64_ENCODE; RAW_CONCAT; SUBRAW	The SQL Reference lists conditional/null, grouping, pseudo/session, queue/message, raw, encoding, lock, identity, and utility helper functions used in DML and Oracle-conversion contexts.	GPTs/attachments/04_sql_dml_oracle_compatibility.md	Covered-by-routing	SQL Function Compatibility > Function Family Index > Function category: null, conditional, grouping, identity, queue, raw, and session helpers		FCA-J010	rg -n 'DECODE|NVL2|GROUPING_ID|SYS_CONTEXT|MSG_CREATE_QUEUE|RAW_CONCAT|USER_LOCK_REQUEST|null, conditional, grouping' Manuals/Altibase_7.3/kor/SQL\ Reference.md GPTs/attachments/04_sql_dml_oracle_compatibility.md
SRC-SQL-XVER-000082	sql_reference	cross-version	Manuals/Altibase_7.3/kor/SQL Reference.md	SQL Reference > SQL functions > ordered-set, KEEP, statistical, GROUP_CONCAT, and LISTAGG syntax	function	CUME_DIST; PERCENT_RANK; RANK; WITHIN GROUP; PERCENTILE_CONT; PERCENTILE_DISC; KEEP; DENSE_RANK; FIRST; LAST; STATS_ONE_WAY_ANOVA; expr1; expr2; arg1; GROUP_CONCAT; LISTAGG	The SQL Reference provides syntax for ordered-set distribution functions, percentile functions, KEEP dense-rank aggregates, STATS_ONE_WAY_ANOVA options, GROUP_CONCAT delimiter arg1, and LISTAGG WITHIN GROUP forms.	GPTs/attachments/04_sql_dml_oracle_compatibility.md	Covered	SQL Function Compatibility > Function Syntax Diagram Conversions > Ordered-Set Distribution and Percentile Functions; KEEP Dense-Rank Aggregate; Statistical Function; GROUP_CONCAT and LISTAGG Syntax		FCA-J010	rg -n 'WITHIN GROUP|PERCENTILE_CONT|KEEP|STATS_ONE_WAY_ANOVA|GROUP_CONCAT|LISTAGG|arg1|expr1' Manuals/Altibase_7.3/kor/SQL\ Reference.md GPTs/attachments/04_sql_dml_oracle_compatibility.md
SRC-SQL-XVER-000083	sql_reference	cross-version	Manuals/Altibase_7.3/kor/SQL Reference.md	SQL Reference > SQL functions > conditional functions and CASE expression syntax	function	DECODE; comparison_expr1; ret_expr1; default; NVL2; expr1; expr2; expr3; CASE; WHEN; THEN; ELSE; END; NULL	DECODE compares expr to comparison expressions in order and returns the matching return expression or default/NULL, NVL2 chooses expr2 or expr3 depending on expr1 NULL state, and CASE supports simple and searched expressions.	GPTs/attachments/04_sql_dml_oracle_compatibility.md	Covered	SQL Function Compatibility > Function Syntax Diagram Conversions > Conditional Function Syntax; CASE Expression Syntax		FCA-J010	rg -n 'DECODE|comparison_expr1|ret_expr1|default|NVL2|CASE WHEN|CASE Expression Syntax|Conditional Function Syntax' Manuals/Altibase_7.3/kor/SQL\ Reference.md GPTs/attachments/04_sql_dml_oracle_compatibility.md
SRC-SQL-XVER-000084	sql_reference	cross-version	Manuals/Altibase_7.3/kor/SQL Reference.md	SQL Reference > SQL functions > regular expression function syntax	function	REGEXP_COUNT; REGEXP_INSTR; REGEXP_REPLACE; REGEXP_SUBSTR; expr; pattern_expr; replace_string; start; occurrence; 1024 bytes	Regex function syntax includes REGEXP_COUNT(expr, pattern_expr[, start]), REGEXP_INSTR(expr, pattern_expr [, start [, occurrence]]), REGEXP_REPLACE(expr, pattern_expr [, replace_string [, start [, occurrence]]]), and REGEXP_SUBSTR(expr, pattern_expr [, start [, occurrence]]), with 1024-byte pattern limit cautions.	GPTs/attachments/04_sql_dml_oracle_compatibility.md	Covered	SQL Function Compatibility > Function Syntax Diagram Conversions > Regular Expression Function Syntax		FCA-J010	rg -n 'REGEXP_COUNT \(|REGEXP_INSTR \(|REGEXP_REPLACE \(|REGEXP_SUBSTR \(|replace_string|occurrence|1024|Regular Expression Function Syntax' Manuals/Altibase_7.3/kor/SQL\ Reference.md GPTs/attachments/04_sql_dml_oracle_compatibility.md
SRC-SQL-XVER-000085	sql_reference	cross-version	Manuals/Altibase_7.3/kor/SQL Reference.md	SQL Reference > SQL functions > ROWNUM and sequence pseudo values	compatibility rule	ROWNUM; BIGINT; 1; ORDER BY; GROUP BY; HAVING; NEXTVAL; CURRVAL; sequence_name.NEXTVAL; sequence_name.CURRVAL; view	ROWNUM returns BIGINT pseudo row numbers starting at 1 and can be affected by ordering/grouping; sequence NEXTVAL must be used before CURRVAL in a session, and CURRVAL/NEXTVAL cannot be used in a SELECT statement defining a view.	GPTs/attachments/04_sql_dml_oracle_compatibility.md	Covered	SQL Function Compatibility > Function Item: Important Differences		FCA-J010	rg -n 'ROWNUM|BIGINT|NEXTVAL|CURRVAL|view|Function Item: Important Differences' Manuals/Altibase_7.3/kor/SQL\ Reference.md GPTs/attachments/04_sql_dml_oracle_compatibility.md
SRC-SQL-XVER-000086	sql_reference	cross-version	Manuals/Altibase_7.3/kor/SQL Reference.md	SQL Reference > DML > ENQUEUE and DEQUEUE	SQL syntax	ENQUEUE; DEQUEUE; FIFO; LIFO; WAIT; SEC; MSEC; USEC; NOWAIT; No rows selected; subquery	Queue DML inserts messages with ENQUEUE and retrieves/deletes messages with DEQUEUE, including FIFO/LIFO and WAIT/NOWAIT behavior; DEQUEUE accepts one queue table only and disallows subqueries in its WHERE clause.	GPTs/attachments/04_sql_dml_oracle_compatibility.md	Covered	Queue DML > Queue Item: ENQUEUE; Queue Item: DEQUEUE		FCA-J010	rg -n 'ENQUEUE|DEQUEUE|FIFO|LIFO|WAIT|NOWAIT|No rows selected|subquery|Queue DML' Manuals/Altibase_7.3/kor/SQL\ Reference.md GPTs/attachments/04_sql_dml_oracle_compatibility.md
SRC-SQL-XVER-000087	sql_reference	cross-version	Manuals/Altibase_7.3/kor/SQL Reference.md	SQL Reference > DML and SELECT hints placement	compatibility rule	SELECT; UPDATE; DELETE; INSERT; MERGE; APPEND; FULL SCAN; INDEX; USE_NL; USE_HASH; RESULT_CACHE; TEMP_TBS_DISK; TEMP_TBS_MEMORY	DML and SELECT hints are placed after SELECT, UPDATE, DELETE, INSERT, or MERGE as appropriate, and Oracle rewrites must keep only Altibase-listed hint names or replace unsupported Oracle hints.	GPTs/attachments/04_sql_dml_oracle_compatibility.md	Covered-by-routing	Hints; Attachment Cross-References to 08_performance_tuning_monitoring.md		FCA-J010	rg -n '힌트|APPEND|FULL SCAN|INDEX|USE_NL|USE_HASH|RESULT_CACHE|TEMP_TBS_DISK|Hints' Manuals/Altibase_7.3/kor/SQL\ Reference.md GPTs/attachments/04_sql_dml_oracle_compatibility.md GPTs/attachments/08_performance_tuning_monitoring.md
SRC-SQL-XVER-000088	sql_reference	cross-version	Manuals/Altibase_7.3/kor/SQL Reference.md	SQL Reference > SQL functions > version-sensitive function availability notes	version note	INVOKE_USER_ID; INVOKE_USER_NAME; HASH; 7.3; 8.1; 7.1	The 7.3 and 8.1 Korean SQL Reference sources list INVOKE_USER_ID, INVOKE_USER_NAME, and HASH in SQL functions; answers must not state 7.1 availability unless the exact 7.1 source being used lists them.	GPTs/attachments/04_sql_dml_oracle_compatibility.md	Covered-by-routing	SQL Function Compatibility > Function Family Index > Function category: null, conditional, grouping, identity, queue, raw, and session helpers		FCA-J010	rg -n 'INVOKE_USER_ID|INVOKE_USER_NAME|HASH|Do not state 7.1 availability' Manuals/Altibase_7.3/kor/SQL\ Reference.md Manuals/Altibase_trunk/kor/SQL\ Reference.md GPTs/attachments/04_sql_dml_oracle_compatibility.md
SRC-OTHER-8.1-000003	general_reference_1_datatypes_properties	8.1	Manuals/Altibase_trunk/kor/General_Reference-1.Data Types & Altibase Properties.md	General Reference 1 > JSON data type and JSON path expressions	data type	JSON [ IN ROW size ]; 2GB; 2,147,483,648; RFC 8259; ISO/IEC 19075-6(2021); 256; TEMPORARY_LOB_ENABLE; SELECT FOR UPDATE; bind variables; NULL; table columns; SQL functions; user-defined functions	Altibase 8.1 provides native JSON with JSON [ IN ROW size ], a 2GB limit, RFC 8259 and ISO/IEC 19075-6(2021) basis, 256-level depth, Temporary LOB dependency, SELECT FOR UPDATE restriction, and string-form path operand restrictions.	GPTs/attachments/05_data_types_properties.md	Covered	Type Item: JSON		FCA-J011	source locator: Manuals/Altibase_trunk/kor/General_Reference-1.Data Types & Altibase Properties.md lines 2750-2853; rg -n 'JSON \\[ IN ROW|ISO/IEC 19075|TEMPORARY_LOB_ENABLE|SELECT FOR UPDATE|바인드 변수|테이블의 칼럼|SQL 함수|사용자 정의 함수|Type Item: `JSON`' Manuals/Altibase_trunk/kor/General_Reference-1.Data\ Types\ \&\ Altibase\ Properties.md GPTs/attachments/05_data_types_properties.md
SRC-OTHER-8.1-000004	general_reference_1_datatypes_properties	8.1	Manuals/Altibase_trunk/kor/General_Reference-1.Data Types & Altibase Properties.md	General Reference 1 > Temporary LOB	data type	Temporary LOB; TEMPORARY_LOB_ENABLE=1; V$TEMPORARY_LOBS; Transaction Temporary LOB; Session Temporary LOB; ALTER SESSION SET FREE TEMPORARY LOB; MEMORY_TEMPLOB_MAX_ALLOC_SIZE; MEMORY_TEMPLOB_PIECE_SIZE	Altibase 8.1 Temporary LOBs are execution-time memory LOBs enabled by TEMPORARY_LOB_ENABLE=1, visible in V$TEMPORARY_LOBS, scoped to transaction or session lifetime, and cleaned for session cases with ALTER SESSION SET FREE TEMPORARY LOB.	GPTs/attachments/05_data_types_properties.md	Covered	Type Item: Temporary LOB		FCA-J011	source locator: Manuals/Altibase_trunk/kor/General_Reference-1.Data Types & Altibase Properties.md lines 2619-2649; rg -n 'Temporary LOB|TEMPORARY_LOB_ENABLE|V\\$TEMPORARY_LOBS|TO_CLOB|TO_BLOB|ALTER SESSION SET FREE TEMPORARY LOB|Type Item: Temporary LOB' Manuals/Altibase_trunk/kor/General_Reference-1.Data\ Types\ \&\ Altibase\ Properties.md GPTs/attachments/05_data_types_properties.md
SRC-OTHER-XVER-000086	general_reference_1_datatypes_properties	cross-version	Manuals/Altibase_7.3/kor/General_Reference-1.Data Types & Altibase Properties.md	General Reference 1 > FIXED/VARIABLE option and IN ROW clause > LOB storage	data type	FIXED; VARIABLE; IN ROW; BLOB [ IN ROW size ]; CLOB [ IN ROW size ]; MEMORY_LOB_COLUMN_IN_ROW_SIZE; DISK_LOB_COLUMN_IN_ROW_SIZE; MEMORY_VARIABLE_COLUMN_IN_ROW_SIZE; 4GB-1byte	FIXED, VARIABLE, and IN ROW control memory-table variable storage, disk tables ignore user-specified FIXED or VARIABLE, LOB data is always treated as variable behavior, BLOB/CLOB syntax uses IN ROW, and default thresholds come from the listed IN ROW properties.	GPTs/attachments/05_data_types_properties.md	Covered	Storage Modifiers; Type Item: BLOB; Type Item: CLOB		FCA-J011	source locator: Manuals/Altibase_7.3/kor/General_Reference-1.Data Types & Altibase Properties.md lines 698-719 and 2547-2613; rg -n 'FIXED/VARIABLE|IN ROW|BLOB \\[ IN ROW|CLOB \\[ IN ROW|MEMORY_LOB_COLUMN_IN_ROW_SIZE|DISK_LOB_COLUMN_IN_ROW_SIZE|Storage Modifiers|Type Item: `BLOB`|Type Item: `CLOB`' Manuals/Altibase_7.3/kor/General_Reference-1.Data\ Types\ \&\ Altibase\ Properties.md GPTs/attachments/05_data_types_properties.md
SRC-SQL-8.1-000006	sql_reference	8.1	Manuals/Altibase_trunk/kor/SQL Reference.md	SQL Reference > JSON functions > function classification	function	JSON_ARRAY; JSON_OBJECT; JSON_EXISTS; JSON_QUERY; JSON_VALUE; JSON_VALID	Altibase 8.1 SQL Reference classifies JSON functions into generation functions JSON_ARRAY and JSON_OBJECT, search functions JSON_EXISTS, JSON_QUERY, and JSON_VALUE, and validation function JSON_VALID.	GPTs/attachments/04_sql_dml_oracle_compatibility.md	Covered	8.1 JSON Functions > JSON Item: Function Groups		FCA-J011	source locator: Manuals/Altibase_trunk/kor/SQL Reference.md lines 23595-23615; rg -n 'JSON 함수|JSON_ARRAY|JSON_OBJECT|JSON_EXISTS|JSON_QUERY|JSON_VALUE|JSON_VALID|JSON Item: Function Groups' Manuals/Altibase_trunk/kor/SQL\ Reference.md GPTs/attachments/04_sql_dml_oracle_compatibility.md
SRC-SQL-8.1-000007	sql_reference	8.1	Manuals/Altibase_trunk/kor/SQL Reference.md	SQL Reference > JSON functions > JSON_ARRAY	function	JSON_ARRAY; JSON_on_null_clause; NULL ON NULL; ABSENT ON NULL; RETURNING; CHAR; VARCHAR; JSON; CLOB; VARCHAR; precision; 1	JSON_ARRAY creates a JSON array from JSON objects, JSON arrays, SQL scalars, BOOLEAN, or NULL; ABSENT ON NULL is the default, RETURNING supports CHAR, VARCHAR, JSON, and CLOB, and omitted RETURNING yields VARCHAR with calculated precision.	GPTs/attachments/04_sql_dml_oracle_compatibility.md	Covered	8.1 JSON Functions > JSON Item: JSON_ARRAY		FCA-J011	source locator: Manuals/Altibase_trunk/kor/SQL Reference.md lines 23618-23665; rg -n '^#### JSON_ARRAY|ABSENT ON NULL|NULL ON NULL|RETURNING JSON|JSON Item: JSON_ARRAY' Manuals/Altibase_trunk/kor/SQL\ Reference.md GPTs/attachments/04_sql_dml_oracle_compatibility.md
SRC-SQL-8.1-000008	sql_reference	8.1	Manuals/Altibase_trunk/kor/SQL Reference.md	SQL Reference > JSON functions > JSON_OBJECT	function	JSON_OBJECT; key; value; NULL ON NULL; ABSENT ON NULL; RETURNING; CHAR; VARCHAR; JSON; CLOB; precision; 1	JSON_OBJECT creates a JSON object from key-value pairs, requires character non-NULL keys, accepts character, numeric, JSON object, JSON array, BOOLEAN, or NULL values, defaults to NULL ON NULL, and supports CHAR, VARCHAR, JSON, or CLOB RETURNING.	GPTs/attachments/04_sql_dml_oracle_compatibility.md	Covered	8.1 JSON Functions > JSON Item: JSON_OBJECT		FCA-J011	source locator: Manuals/Altibase_trunk/kor/SQL Reference.md lines 23758-23825; rg -n '^#### JSON_OBJECT|NULL ON NULL|ABSENT ON NULL|RETURNING CLOB|JSON Item: JSON_OBJECT' Manuals/Altibase_trunk/kor/SQL\ Reference.md GPTs/attachments/04_sql_dml_oracle_compatibility.md
SRC-SQL-8.1-000009	sql_reference	8.1	Manuals/Altibase_trunk/kor/SQL Reference.md	SQL Reference > JSON functions > JSON_EXISTS	function	JSON_EXISTS; ERROR ON ERROR; FALSE ON ERROR; TRUE ON ERROR; ERROR ON EMPTY; FALSE ON EMPTY; TRUE ON EMPTY	JSON_EXISTS returns whether a JSON path value exists or matches; FALSE ON ERROR and FALSE ON EMPTY are defaults, with ERROR or TRUE alternatives for each clause.	GPTs/attachments/04_sql_dml_oracle_compatibility.md	Covered	8.1 JSON Functions > JSON Item: JSON_EXISTS		FCA-J011	source locator: Manuals/Altibase_trunk/kor/SQL Reference.md lines 23681-23750; rg -n '^#### JSON_EXISTS|FALSE ON ERROR|TRUE ON ERROR|FALSE ON EMPTY|TRUE ON EMPTY|JSON Item: JSON_EXISTS' Manuals/Altibase_trunk/kor/SQL\ Reference.md GPTs/attachments/04_sql_dml_oracle_compatibility.md
SRC-SQL-8.1-000010	sql_reference	8.1	Manuals/Altibase_trunk/kor/SQL Reference.md	SQL Reference > JSON functions > JSON_QUERY	function	JSON_QUERY; RETURNING; CHAR; VARCHAR; JSON; CLOB; WITH WRAPPER; WITHOUT WRAPPER; NULL ON ERROR; ERROR ON ERROR; NULL ON EMPTY; ERROR ON EMPTY	JSON_QUERY returns a JSON value selected by path; RETURNING supports CHAR, VARCHAR, JSON, and CLOB, WITHOUT WRAPPER is default, NULL ON ERROR and NULL ON EMPTY are defaults, and WITH WRAPPER is needed for two or more values.	GPTs/attachments/04_sql_dml_oracle_compatibility.md	Covered	8.1 JSON Functions > JSON Item: JSON_QUERY		FCA-J011	source locator: Manuals/Altibase_trunk/kor/SQL Reference.md lines 23839-23955; rg -n '^#### JSON_QUERY|WITH WRAPPER|WITHOUT WRAPPER|NULL ON ERROR|NULL ON EMPTY|JSON Item: JSON_QUERY' Manuals/Altibase_trunk/kor/SQL\ Reference.md GPTs/attachments/04_sql_dml_oracle_compatibility.md
SRC-SQL-8.1-000011	sql_reference	8.1	Manuals/Altibase_trunk/kor/SQL Reference.md	SQL Reference > JSON functions > JSON_VALUE	function	JSON_VALUE; RETURNING; CHAR; VARCHAR; CLOB; SMALLINT; INT; BIGINT; FLOAT; DOUBLE; DECIMAL; NUMBER; NUMERIC; NULL ON ERROR; ERROR ON ERROR; DEFAULT expr ON ERROR; NULL ON EMPTY; ERROR ON EMPTY; DEFAULT expr ON EMPTY	JSON_VALUE returns a scalar selected by path; RETURNING supports character, CLOB, integer, floating, decimal, NUMBER, and NUMERIC targets, defaults to VARCHAR with calculated precision, and supports NULL, ERROR, or DEFAULT expression behavior for error and empty cases.	GPTs/attachments/04_sql_dml_oracle_compatibility.md	Covered	8.1 JSON Functions > JSON Item: JSON_VALUE		FCA-J011	source locator: Manuals/Altibase_trunk/kor/SQL Reference.md lines 23999-24070; rg -n '^#### JSON_VALUE|DEFAULT.*ON ERROR|DEFAULT.*ON EMPTY|SMALLINT|NUMERIC|JSON Item: JSON_VALUE' Manuals/Altibase_trunk/kor/SQL\ Reference.md GPTs/attachments/04_sql_dml_oracle_compatibility.md
SRC-SQL-8.1-000012	sql_reference	8.1	Manuals/Altibase_trunk/kor/SQL Reference.md	SQL Reference > JSON functions > JSON_VALID	function	JSON_VALID; JSON data; 1; 0	JSON_VALID checks whether input JSON text is valid and returns 1 for valid JSON and 0 for invalid JSON.	GPTs/attachments/04_sql_dml_oracle_compatibility.md	Covered	8.1 JSON Functions > JSON Item: JSON_VALID		FCA-J011	source locator: Manuals/Altibase_trunk/kor/SQL Reference.md lines 23969-23992; rg -n '^#### JSON_VALID|1|0|JSON Item: JSON_VALID' Manuals/Altibase_trunk/kor/SQL\ Reference.md GPTs/attachments/04_sql_dml_oracle_compatibility.md
SRC-SQL-8.1-000013	sql_reference	8.1	Manuals/Altibase_trunk/kor/SQL Reference.md	SQL Reference > conditions > IS JSON	SQL syntax	IS JSON; IS NOT JSON; expr IS [NOT] JSON	The IS JSON condition tests whether an expression is valid JSON, and the IS NOT JSON form tests the negative case.	GPTs/attachments/04_sql_dml_oracle_compatibility.md	Covered	8.1 JSON Functions > JSON Item: IS JSON		FCA-J011	source locator: Manuals/Altibase_trunk/kor/SQL Reference.md lines 26496-26525; rg -n '^#### IS JSON|IS NOT JSON|isjson_condition|JSON Item: IS JSON' Manuals/Altibase_trunk/kor/SQL\ Reference.md GPTs/attachments/04_sql_dml_oracle_compatibility.md
SRC-SQL-8.1-000014	sql_reference	8.1	Manuals/Altibase_trunk/kor/SQL Reference.md	SQL Reference > JSON functions and IS JSON > Oracle SQL JSON support boundary	compatibility rule	Altibase 8.1 verified source; JSON_ARRAY; JSON_OBJECT; JSON_EXISTS; JSON_QUERY; JSON_VALUE; JSON_VALID; IS JSON; IS NOT JSON; 7.1; 7.3; 8.1	The selected 8.1 SQL Reference lists only the named Altibase SQL JSON functions and IS JSON predicates; Oracle JSON rewrites must stay within this source-listed surface or route unsupported constructs and 7.1 or 7.3 targets to migration review.	GPTs/attachments/15_migration_oracle_compatibility.md	Covered-by-routing	Difference block: JSON; GPTs/attachments/04_sql_dml_oracle_compatibility.md > 8.1 JSON Functions > JSON Item: Oracle SQL/JSON Difference Checks		FCA-J011	rg -n 'JSON_ARRAY|JSON_OBJECT|JSON_EXISTS|JSON_QUERY|JSON_VALUE|JSON_VALID|IS JSON|Oracle SQL/JSON Difference Checks|Difference block: JSON' Manuals/Altibase_trunk/kor/SQL\ Reference.md GPTs/attachments/04_sql_dml_oracle_compatibility.md GPTs/attachments/15_migration_oracle_compatibility.md
SRC-SQL-8.1-000015	sql_reference	8.1	Manuals/Altibase_trunk/kor/SQL Reference.md	SQL Reference > SQL functions > TO_CLOB and TO_BLOB	function	TO_CLOB(expr); TO_BLOB(expr); CLOB; BLOB; to_clob('test clob'); to_blob(1234); Temporary LOB	TO_CLOB converts an input value to CLOB and TO_BLOB converts an input value to BLOB; General Reference 1 also lists TO_CLOB and TO_BLOB as Temporary LOB creation cases, but the attachments do not provide answer-ready function syntax, purpose, examples, and routing together.	GPTs/attachments/04_sql_dml_oracle_compatibility.md	Missing			FCA-J011	source locator: Manuals/Altibase_trunk/kor/SQL Reference.md lines 22831-22870 and General Reference 1 lines 2638-2649; rg -n '^#### TO_CLOB|^#### TO_BLOB|TO_CLOB\\(|TO_BLOB\\(|Temporary LOB|TO_CLOB|TO_BLOB' Manuals/Altibase_trunk/kor/SQL\ Reference.md Manuals/Altibase_trunk/kor/General_Reference-1.Data\ Types\ \&\ Altibase\ Properties.md GPTs/attachments/04_sql_dml_oracle_compatibility.md GPTs/attachments/05_data_types_properties.md
SRC-SQL-XVER-000089	sql_reference	cross-version	Manuals/Altibase_7.3/kor/SQL Reference.md	SQL Reference > SQL functions > EMPTY_BLOB and EMPTY_CLOB	function	EMPTY_BLOB(); EMPTY_CLOB(); INSERT; UPDATE; LOB; empty state; NOT NULL; empty_clob()	EMPTY_BLOB and EMPTY_CLOB can be used in INSERT and UPDATE to initialize a LOB column to an empty state where data is not visible but the column is NOT NULL; the attachments only list the function names, not an answer-ready function item.	GPTs/attachments/04_sql_dml_oracle_compatibility.md	Missing			FCA-J011	source locator: Manuals/Altibase_7.1/kor/SQL Reference.md line 23756, Manuals/Altibase_7.3/kor/SQL Reference.md line 23853, and Manuals/Altibase_trunk/kor/SQL Reference.md line 24528; rg -n '^#### EMPTY_BLOB|EMPTY_CLOB|empty_clob\\(\\)|NOT NULL|Function category' Manuals/Altibase_7.1/kor/SQL\ Reference.md Manuals/Altibase_7.3/kor/SQL\ Reference.md Manuals/Altibase_trunk/kor/SQL\ Reference.md GPTs/attachments/04_sql_dml_oracle_compatibility.md
SRC-SQL-XVER-000090	sql_reference	cross-version	Manuals/Altibase_7.3/kor/SQL Reference.md	SQL Reference > SELECT > joins, Oracle outer join operator, and LOB join condition caution	compatibility rule	Cross Join; Inner Join; Outer Join; Semi Join; Anti Join; LEFT OUTER JOIN; RIGHT OUTER JOIN; FULL OUTER JOIN; (+); NULL; EXISTS; IN; NOT EXISTS; NOT IN; LOB columns cannot be used as join conditions	Altibase supports cross, inner, outer, semi, and anti join patterns; left and right outer join examples include Oracle-style (+), full outer join is documented in ANSI syntax, semi and anti joins map to EXISTS or IN and NOT EXISTS or NOT IN forms, and LOB columns cannot be join conditions.	GPTs/attachments/04_sql_dml_oracle_compatibility.md	Covered	SELECT Differences and Checks > SELECT Item: Joins; GPTs/attachments/15_migration_oracle_compatibility.md > Difference block: Oracle outer join operator (+)		FCA-J011	source locator: Manuals/Altibase_7.3/kor/SQL Reference.md lines 13673-13785; rg -n 'LOB 칼럼.*조인|LEFT OUTER JOIN|RIGHT OUTER JOIN|FULL OUTER JOIN|Semi Join|Anti Join|\\(\\+\\)|SELECT Item: Joins|Oracle outer join operator' Manuals/Altibase_7.3/kor/SQL\ Reference.md GPTs/attachments/04_sql_dml_oracle_compatibility.md GPTs/attachments/15_migration_oracle_compatibility.md
SRC-OTHER-XVER-000087	general_reference_1_datatypes_properties	cross-version	Manuals/Altibase_7.3/kor/General_Reference-1.Data Types & Altibase Properties.md	General Reference 1 > data type overview > type length and storage-size tables	data type	CHAR(M); VARCHAR(M); NCHAR(M); NVARCHAR(M); M + 2; length + 2; NUMERIC(p,s); 3+((precision)+2)/2; DATE; 8; BLOB/CLOB; 1 ~ 4294967295; GEOMETRY; length + 40	The General Reference 1 overview tables list exact length ranges and storage-size formulas for character, numeric, date, binary/LOB, and geometry type families; current attachments preserve limits but not the full formula matrix as an answer-ready block.	GPTs/attachments/05_data_types_properties.md	Missing			FCA-J012	source locator: Manuals/Altibase_7.3/kor/General_Reference-1.Data Types & Altibase Properties.md lines 252-520; rg -n 'M \\+ 2|length \\+ 2|3\\+\\(\\(precision\\)\\+2\\)/2|BLOB/CLOB|length \\+ 40' Manuals/Altibase_7.3/kor/General_Reference-1.Data\ Types\ \&\ Altibase\ Properties.md GPTs/attachments/05_data_types_properties.md
SRC-OTHER-XVER-000088	general_reference_1_datatypes_properties	cross-version	Manuals/Altibase_7.3/kor/General_Reference-1.Data Types & Altibase Properties.md	General Reference 1 > data type overview > NULL	compatibility rule	NULL; 0; blank; NVL(); IS NULL; IS NOT NULL; NOT NULL; PRIMARY KEY	NULL represents an unknown or not-yet-determined value, is distinct from zero and blank, propagates through expressions except for NVL and IS NULL or IS NOT NULL handling, and is allowed unless a column is defined NOT NULL or PRIMARY KEY.	GPTs/attachments/04_sql_dml_oracle_compatibility.md	Missing			FCA-J012	rg -n '#### NULL|NVL\\(\\)|IS NULL|IS NOT NULL|NOT NULL|PRIMARY KEY' Manuals/Altibase_7.1/kor/General\ Reference-1.Data\ Types\ \&\ Altibase\ Properties.md Manuals/Altibase_7.3/kor/General_Reference-1.Data\ Types\ \&\ Altibase\ Properties.md Manuals/Altibase_trunk/kor/General_Reference-1.Data\ Types\ \&\ Altibase\ Properties.md GPTs/attachments/04_sql_dml_oracle_compatibility.md GPTs/attachments/05_data_types_properties.md
SRC-OTHER-XVER-000089	general_reference_1_datatypes_properties	cross-version	Manuals/Altibase_7.3/kor/General_Reference-1.Data Types & Altibase Properties.md	General Reference 1 > data type overview > implicit data type conversion matrix and rules	compatibility rule	implicit data type conversion; char; varchar; nchar; nvarchar; clob; bigint; decimal; double; float; integer; number; numeric; real; smallint; date; blob; byte; varbyte; nibble; bit; varbit; geometry; O	General Reference 1 provides an implicit conversion matrix and rules for preserving data type attributes, numeric-character arithmetic, date-character comparison, invalid conversions, function argument conversion, precision loss, and INSERT or UPDATE column conversion.	GPTs/attachments/04_sql_dml_oracle_compatibility.md	Missing			FCA-J012	source locator: Manuals/Altibase_7.3/kor/General_Reference-1.Data Types & Altibase Properties.md lines 531-666; rg -n '묵시적 데이터 타입 변환|char|varbit|geometry|Conversion not applicable|float.*값의 손실|INSERT, UPDATE' Manuals/Altibase_7.3/kor/General_Reference-1.Data\ Types\ \&\ Altibase\ Properties.md GPTs/attachments/04_sql_dml_oracle_compatibility.md GPTs/attachments/05_data_types_properties.md
SRC-OTHER-XVER-000090	general_reference_1_datatypes_properties	cross-version	Manuals/Altibase_7.3/kor/General_Reference-1.Data Types & Altibase Properties.md	General Reference 1 > data type overview > explicit data type conversion syntax	SQL syntax	datatype 'literal'; CHAR '157.27'; SQL conversion function; type casting	Explicit type conversion can use SQL conversion functions or type-literal casting of the form datatype 'literal', with the General Reference example CHAR '157.27'.	GPTs/attachments/04_sql_dml_oracle_compatibility.md	Missing			FCA-J012	rg -n '명시적 데이터 타입 변환|datatype.*literal|CHAR.*157\\.27|TO_CHAR|TO_DATE|TO_NUMBER' Manuals/Altibase_7.3/kor/General_Reference-1.Data\ Types\ \&\ Altibase\ Properties.md GPTs/attachments/04_sql_dml_oracle_compatibility.md GPTs/attachments/05_data_types_properties.md
SRC-OTHER-XVER-000091	general_reference_1_datatypes_properties	cross-version	Manuals/Altibase_7.3/kor/General_Reference-1.Data Types & Altibase Properties.md	General Reference 1 > data type overview > string literal notation	SQL syntax	single quote; escape; GILDONG''; REMOTE_TABLE; SELECT; INSERT	String literals are enclosed in single quotes, and a literal single quote inside the string is represented by doubling the single quote; examples include INSERTing GILDONG' and nested quotes in REMOTE_TABLE SQL.	GPTs/attachments/04_sql_dml_oracle_compatibility.md	Missing			FCA-J012	rg -n '문자열 표기|홀 따옴표|GILDONG|REMOTE_TABLE|quote|quoted' Manuals/Altibase_7.3/kor/General_Reference-1.Data\ Types\ \&\ Altibase\ Properties.md GPTs/attachments/04_sql_dml_oracle_compatibility.md
SRC-OTHER-XVER-000092	general_reference_1_datatypes_properties	cross-version	Manuals/Altibase_7.3/kor/General_Reference-1.Data Types & Altibase Properties.md	General Reference 1 > character data types > CHAR	data type	CHAR[(size)] [ FIXED | VARIABLE [IN ROW size] ]; default 1 byte; maximum 32000 bytes; blank padded	CHAR is a fixed-length database-character-set type with default size 1 byte, maximum 32000 bytes, blank padding, and optional FIXED or VARIABLE IN ROW storage syntax.	GPTs/attachments/05_data_types_properties.md	Covered	Type Item: `CHAR`		FCA-J012	rg -n '#### CHAR|CHAR \\[\\(size\\)\\]|32000|Type Item: `CHAR`' Manuals/Altibase_7.3/kor/General_Reference-1.Data\ Types\ \&\ Altibase\ Properties.md GPTs/attachments/05_data_types_properties.md
SRC-OTHER-XVER-000093	general_reference_1_datatypes_properties	cross-version	Manuals/Altibase_7.3/kor/General_Reference-1.Data Types & Altibase Properties.md	General Reference 1 > character data types > VARCHAR	data type	VARCHAR[(size)] [ FIXED | VARIABLE [IN ROW size] ]; default 1 byte; maximum 32000 bytes; actual input length; VARCHAR2	VARCHAR is a variable-length database-character-set type with default size 1 byte, maximum 32000 bytes, actual-length storage behavior, and optional FIXED or VARIABLE IN ROW storage syntax.	GPTs/attachments/05_data_types_properties.md	Covered	Type Item: `VARCHAR`		FCA-J012	rg -n '#### VARCHAR|VARCHAR \\[\\(size\\)\\]|32000|VARCHAR2|Type Item: `VARCHAR`' Manuals/Altibase_7.3/kor/General_Reference-1.Data\ Types\ \&\ Altibase\ Properties.md GPTs/attachments/05_data_types_properties.md
SRC-OTHER-XVER-000094	general_reference_1_datatypes_properties	cross-version	Manuals/Altibase_7.3/kor/General_Reference-1.Data Types & Altibase Properties.md	General Reference 1 > character data types > NCHAR	data type	NCHAR[(size)] [ FIXED | VARIABLE [IN ROW size] ]; UTF16; UTF8; 16000; 10666	NCHAR is fixed-length national-character-set data; UTF16 uses 2 bytes per character, UTF8 uses 1 to 3 bytes, and attachments preserve the 16000/10666 character limits and storage modifiers.	GPTs/attachments/05_data_types_properties.md	Covered	Type Item: `NCHAR`		FCA-J012	rg -n '#### NCHAR|NCHAR \\[\\(size\\)\\]|UTF16|UTF8|16000|10666|Type Item: `NCHAR`' Manuals/Altibase_7.3/kor/General_Reference-1.Data\ Types\ \&\ Altibase\ Properties.md GPTs/attachments/05_data_types_properties.md
SRC-OTHER-XVER-000095	general_reference_1_datatypes_properties	cross-version	Manuals/Altibase_7.3/kor/General_Reference-1.Data Types & Altibase Properties.md	General Reference 1 > character data types > NVARCHAR	data type	NVARCHAR[(size)] [ FIXED | VARIABLE [IN ROW size] ]; UTF16; UTF8; 16000; 10666; NVARCHAR2	NVARCHAR is variable-length national-character-set data; UTF16 and UTF8 sizing must be checked, and Oracle NVARCHAR2 conversion should recheck character-set byte sizing instead of copying lengths blindly.	GPTs/attachments/05_data_types_properties.md	Covered	Type Item: `NVARCHAR`		FCA-J012	rg -n '#### NVARCHAR|NVARCHAR \\[\\(size\\)\\]|UTF16|UTF8|NVARCHAR2|Type Item: `NVARCHAR`' Manuals/Altibase_7.3/kor/General_Reference-1.Data\ Types\ \&\ Altibase\ Properties.md GPTs/attachments/05_data_types_properties.md
SRC-OTHER-XVER-000096	general_reference_1_datatypes_properties	cross-version	Manuals/Altibase_7.3/kor/General_Reference-1.Data Types & Altibase Properties.md	General Reference 1 > numeric data types > BIGINT	data type	BIGINT; 8 bytes; long; long long; -9223372036854775807; 9223372036854775807	BIGINT is an 8-byte integer compatible with C long or long long by platform and ranges from -9223372036854775807 through 9223372036854775807.	GPTs/attachments/05_data_types_properties.md	Covered	Type Item: `BIGINT`		FCA-J012	rg -n '#### BIGINT|8 바이트|9223372036854775807|Type Item: `BIGINT`' Manuals/Altibase_7.3/kor/General_Reference-1.Data\ Types\ \&\ Altibase\ Properties.md GPTs/attachments/05_data_types_properties.md
SRC-OTHER-XVER-000097	general_reference_1_datatypes_properties	cross-version	Manuals/Altibase_7.3/kor/General_Reference-1.Data Types & Altibase Properties.md	General Reference 1 > numeric data types > INTEGER	data type	INTEGER; 4 bytes; int; -2147483647; 2147483647	INTEGER is a 4-byte integer compatible with C int and ranges from -2147483647 through 2147483647.	GPTs/attachments/05_data_types_properties.md	Covered	Type Item: `INTEGER`		FCA-J012	rg -n '#### INTEGER|4 바이트|2,147,483,647|Type Item: `INTEGER`' Manuals/Altibase_7.3/kor/General_Reference-1.Data\ Types\ \&\ Altibase\ Properties.md GPTs/attachments/05_data_types_properties.md
SRC-OTHER-XVER-000098	general_reference_1_datatypes_properties	cross-version	Manuals/Altibase_7.3/kor/General_Reference-1.Data Types & Altibase Properties.md	General Reference 1 > numeric data types > SMALLINT	data type	SMALLINT; 2 bytes; short; -32767; 32767	SMALLINT is a 2-byte integer compatible with C short and ranges from -32767 through 32767.	GPTs/attachments/05_data_types_properties.md	Covered	Type Item: `SMALLINT`		FCA-J012	rg -n '#### SMALLINT|2 바이트|32,767|Type Item: `SMALLINT`' Manuals/Altibase_7.3/kor/General_Reference-1.Data\ Types\ \&\ Altibase\ Properties.md GPTs/attachments/05_data_types_properties.md
SRC-OTHER-XVER-000099	general_reference_1_datatypes_properties	cross-version	Manuals/Altibase_7.3/kor/General_Reference-1.Data Types & Altibase Properties.md	General Reference 1 > numeric data types > NUMERIC	data type	NUMERIC[(precision, scale)]; precision 1 to 38; scale -84 to 128; default precision 38; default scale 0	NUMERIC is a fixed decimal type with precision 1 through 38, scale -84 through 128, default precision 38, default scale 0, and documented rounding or precision-overflow examples.	GPTs/attachments/05_data_types_properties.md	Covered	Type Item: `NUMERIC`		FCA-J012	rg -n '#### NUMERIC|1부터 38|-84에서 128|NUMERIC\\(7, -2\\)|Type Item: `NUMERIC`' Manuals/Altibase_7.3/kor/General_Reference-1.Data\ Types\ \&\ Altibase\ Properties.md GPTs/attachments/05_data_types_properties.md
SRC-OTHER-XVER-000100	general_reference_1_datatypes_properties	cross-version	Manuals/Altibase_7.3/kor/General_Reference-1.Data Types & Altibase Properties.md	General Reference 1 > numeric data types > DECIMAL	data type	DECIMAL[(precision[, scale])]; NUMERIC	DECIMAL is the same data type as NUMERIC and should preserve exact fixed-decimal semantics and NUMERIC precision/scale rules.	GPTs/attachments/05_data_types_properties.md	Covered	Type Item: `DECIMAL`		FCA-J012	rg -n '#### DECIMAL|DECIMAL은 NUMERIC|Type Item: `DECIMAL`' Manuals/Altibase_7.3/kor/General_Reference-1.Data\ Types\ \&\ Altibase\ Properties.md GPTs/attachments/05_data_types_properties.md
SRC-OTHER-XVER-000101	general_reference_1_datatypes_properties	cross-version	Manuals/Altibase_7.3/kor/General_Reference-1.Data Types & Altibase Properties.md	General Reference 1 > numeric data types > NUMBER	data type	NUMBER[(precision, scale)]; NUMERIC alias; FLOAT when precision and scale are omitted; 39th digit rounded	NUMBER is a NUMERIC alias when precision and scale are specified, but NUMBER without precision and scale is treated like FLOAT and rounded at the 39th digit.	GPTs/attachments/05_data_types_properties.md	Covered	Type Item: `NUMBER`		FCA-J012	rg -n '#### NUMBER|NUMERIC 데이터 타입의 alias|FLOAT데이터 타입과 동일|39번째|Type Item: `NUMBER`' Manuals/Altibase_7.3/kor/General_Reference-1.Data\ Types\ \&\ Altibase\ Properties.md GPTs/attachments/05_data_types_properties.md
SRC-OTHER-XVER-000102	general_reference_1_datatypes_properties	cross-version	Manuals/Altibase_7.3/kor/General_Reference-1.Data Types & Altibase Properties.md	General Reference 1 > numeric data types > FLOAT	data type	FLOAT[(precision)]; -1E-120; 1E+120; precision 1 to 38; default 38	FLOAT stores approximate values from about -1E-120 through 1E+120 with precision 1 through 38 and default precision 38.	GPTs/attachments/05_data_types_properties.md	Covered	Type Item: `FLOAT`		FCA-J012	rg -n '#### FLOAT|-1E-120|1E\\+120|Precision.*1.*38|Type Item: `FLOAT`' Manuals/Altibase_7.3/kor/General_Reference-1.Data\ Types\ \&\ Altibase\ Properties.md GPTs/attachments/05_data_types_properties.md
SRC-OTHER-XVER-000103	general_reference_1_datatypes_properties	cross-version	Manuals/Altibase_7.3/kor/General_Reference-1.Data Types & Altibase Properties.md	General Reference 1 > numeric data types > DOUBLE	data type	DOUBLE; 8 bytes; double	DOUBLE is an 8-byte native floating-point type corresponding to C double.	GPTs/attachments/05_data_types_properties.md	Covered	Type Item: `DOUBLE`		FCA-J012	rg -n '#### DOUBLE|8 바이트.*부동|double|Type Item: `DOUBLE`' Manuals/Altibase_7.3/kor/General_Reference-1.Data\ Types\ \&\ Altibase\ Properties.md GPTs/attachments/05_data_types_properties.md
SRC-OTHER-XVER-000104	general_reference_1_datatypes_properties	cross-version	Manuals/Altibase_7.3/kor/General_Reference-1.Data Types & Altibase Properties.md	General Reference 1 > numeric data types > REAL	data type	REAL; 4 bytes; float	REAL is a 4-byte native floating-point type corresponding to C float.	GPTs/attachments/05_data_types_properties.md	Covered	Type Item: `REAL`		FCA-J012	rg -n '#### REAL|4 바이트.*부동|float|Type Item: `REAL`' Manuals/Altibase_7.3/kor/General_Reference-1.Data\ Types\ \&\ Altibase\ Properties.md GPTs/attachments/05_data_types_properties.md
SRC-OTHER-XVER-000105	general_reference_1_datatypes_properties	cross-version	Manuals/Altibase_7.3/kor/General_Reference-1.Data Types & Altibase Properties.md	General Reference 1 > date data types > DATE	data type	DATE; 8 bytes; 0001/01/01; 9999/12/31; DEFAULT_DATE_FORMAT	DATE stores date and time in 8 bytes, generally supports 0001/01/01 through 9999/12/31 subject to system behavior, and display or input formats depend on date format strings and DEFAULT_DATE_FORMAT.	GPTs/attachments/05_data_types_properties.md	Covered	Type Item: `DATE`		FCA-J012	rg -n '#### DATE|8바이트|9999년 12월 31일|DEFAULT_DATE_FORMAT|Type Item: `DATE`' Manuals/Altibase_7.3/kor/General_Reference-1.Data\ Types\ \&\ Altibase\ Properties.md GPTs/attachments/05_data_types_properties.md
SRC-OTHER-XVER-000106	general_reference_1_datatypes_properties	cross-version	Manuals/Altibase_7.3/kor/General_Reference-1.Data Types & Altibase Properties.md	General Reference 1 > numeric data types > numeric data format elements	compatibility rule	TO_CHAR; TO_NUMBER; comma; period; $; 0; 9; FM; B; C; D; EEEE; G; L; MI; PR; RN; S; V; XXXX	General Reference 1 documents numeric format model elements for TO_CHAR and TO_NUMBER, including punctuation, currency, sign, Roman numeral, scaling, exponent, hex, and NLS-dependent decimal or group separators; attachments do not preserve the full element list and restrictions.	GPTs/attachments/04_sql_dml_oracle_compatibility.md	Missing			FCA-J012	source locator: Manuals/Altibase_7.3/kor/General_Reference-1.Data Types & Altibase Properties.md lines 1045-1490; rg -n '숫자형 데이터 형식|EEEE|TO_NUMBER 함수에서 사용할 수 없다|XXXX|NLS_NUMERIC' Manuals/Altibase_7.3/kor/General_Reference-1.Data\ Types\ \&\ Altibase\ Properties.md GPTs/attachments/04_sql_dml_oracle_compatibility.md GPTs/attachments/05_data_types_properties.md
SRC-OTHER-XVER-000107	general_reference_1_datatypes_properties	cross-version	Manuals/Altibase_7.3/kor/General_Reference-1.Data Types & Altibase Properties.md	General Reference 1 > date data types > date format elements	compatibility rule	TO_CHAR; TO_DATE; AM; PM; SCC; CC; D; DD; DDD; DAY; DY; FF [1..6]; HH; HH12; HH24; MI; MM; MON; MONTH; Q; RM; RR; RRRR; SS; SSSSS; SSSSSS; SSSSSSSS; WW; WW2; W; IW; Y,YYY; SYYYY; YYYY; YY; Y; IYYY; IYY; IY; I	General Reference 1 documents date/time format model elements and TO_DATE restrictions, including century, day, fractional second, ISO week/year, RR/RRRR/YY/YYYY behavior, punctuation, and literal quote elements; attachments do not preserve the full element list and restrictions.	GPTs/attachments/04_sql_dml_oracle_compatibility.md	Missing			FCA-J012	source locator: Manuals/Altibase_7.3/kor/General_Reference-1.Data Types & Altibase Properties.md lines 1518-2300; rg -n '날짜형 데이터 형식|FF \\[1..6\\]|SSSSSSSS|WW2|IYYY|RR, RRRR, YY, YYYY 비교' Manuals/Altibase_7.3/kor/General_Reference-1.Data\ Types\ \&\ Altibase\ Properties.md GPTs/attachments/04_sql_dml_oracle_compatibility.md GPTs/attachments/05_data_types_properties.md
SRC-OTHER-XVER-000108	general_reference_1_datatypes_properties	cross-version	Manuals/Altibase_7.3/kor/General_Reference-1.Data Types & Altibase Properties.md	General Reference 1 > binary data types > BYTE	data type	BYTE[(size)] [[FIXED |] VARIABLE ( IN ROW size ) ]; default 1 byte; maximum 32000 bytes; 0 to 9; A to F	BYTE is fixed-length binary hexadecimal data with default size 1 byte, maximum 32000 bytes, two hex characters per byte, right zero-padding, and allowed hex characters 0-9 and A-F.	GPTs/attachments/05_data_types_properties.md	Covered	Type Item: `BYTE`		FCA-J012	rg -n '#### BYTE|BYTE \\[\\(size\\)\\]|32000|0에서 9|A에서 F|Type Item: `BYTE`' Manuals/Altibase_7.3/kor/General_Reference-1.Data\ Types\ \&\ Altibase\ Properties.md GPTs/attachments/05_data_types_properties.md
SRC-OTHER-XVER-000109	general_reference_1_datatypes_properties	cross-version	Manuals/Altibase_7.3/kor/General_Reference-1.Data Types & Altibase Properties.md	General Reference 1 > binary data types > VARBYTE	data type	VARBYTE[(size)] [[FIXED |] VARIABLE ( IN ROW size ) ]; default 1 byte; maximum 32000 bytes; 0 to 9; A to F	VARBYTE is variable-length binary hexadecimal data with default size 1 byte, maximum 32000 bytes, two hex characters per byte, and allowed hex characters 0-9 and A-F.	GPTs/attachments/05_data_types_properties.md	Covered	Type Item: `VARBYTE`		FCA-J012	rg -n '#### VARBYTE|VARBYTE \\[\\(size\\)\\]|32000|0에서 9|A에서 F|Type Item: `VARBYTE`' Manuals/Altibase_7.3/kor/General_Reference-1.Data\ Types\ \&\ Altibase\ Properties.md GPTs/attachments/05_data_types_properties.md
SRC-OTHER-XVER-000110	general_reference_1_datatypes_properties	cross-version	Manuals/Altibase_7.3/kor/General_Reference-1.Data Types & Altibase Properties.md	General Reference 1 > binary data types > NIBBLE	data type	NIBBLE[(size)] [[FIXED |] VARIABLE ( IN ROW size ) ]; maximum 254 nibbles; 0 to 9; A to F	NIBBLE stores one hexadecimal character per nibble, supports up to 254 nibbles, accepts 0-9 and A-F, and converts lowercase a-f to uppercase.	GPTs/attachments/05_data_types_properties.md	Covered	Type Item: `NIBBLE`		FCA-J012	rg -n '#### NIBBLE|NIBBLE \\[\\(size\\)\\]|254|nibble|Type Item: `NIBBLE`' Manuals/Altibase_7.3/kor/General_Reference-1.Data\ Types\ \&\ Altibase\ Properties.md GPTs/attachments/05_data_types_properties.md
SRC-OTHER-XVER-000111	general_reference_1_datatypes_properties	cross-version	Manuals/Altibase_7.3/kor/General_Reference-1.Data Types & Altibase Properties.md	General Reference 1 > binary data types > BIT	data type	BIT[(size)] [[FIXED |] VARIABLE ( IN ROW size ) ]; default 1 bit; maximum 64000 bits; 0; 1; Invalid data type length; Invalid literal	BIT is a fixed-length bit string with default size 1 bit, maximum 64000 bits, only 0 and 1 input, right zero-padding, and source examples for invalid length and invalid literal errors.	GPTs/attachments/05_data_types_properties.md	Covered	Type Item: `BIT`		FCA-J012	rg -n '#### BIT|BIT \\[\\(size\\)\\]|64000|Invalid data type length|Invalid literal|Type Item: `BIT`' Manuals/Altibase_7.3/kor/General_Reference-1.Data\ Types\ \&\ Altibase\ Properties.md GPTs/attachments/05_data_types_properties.md
SRC-OTHER-XVER-000112	general_reference_1_datatypes_properties	cross-version	Manuals/Altibase_7.3/kor/General_Reference-1.Data Types & Altibase Properties.md	General Reference 1 > binary data types > VARBIT	data type	VARBIT[(size)] [[FIXED |] VARIABLE ( IN ROW size ) ]; default 1 bit; maximum 64000 bits; 0; 1; Invalid data type length; Invalid literal	VARBIT is a variable-length bit string with default size 1 bit, maximum 64000 bits, only 0 and 1 input, and source examples for invalid length and invalid literal errors.	GPTs/attachments/05_data_types_properties.md	Covered	Type Item: `VARBIT`		FCA-J012	rg -n '#### VARBIT|VARBIT \\[\\(size\\)\\]|64000|Invalid data type length|Invalid literal|Type Item: `VARBIT`' Manuals/Altibase_7.3/kor/General_Reference-1.Data\ Types\ \&\ Altibase\ Properties.md GPTs/attachments/05_data_types_properties.md
SRC-OTHER-XVER-000113	general_reference_1_datatypes_properties	cross-version	Manuals/Altibase_7.3/kor/General_Reference-1.Data Types & Altibase Properties.md	General Reference 1 > LOB data types > overview, features, and storage	data type	LOB; Large Object; 4GB-1byte; BLOB; CLOB; SQLPutLob; setBlob; setClob; SQLGetLob; Partial Read; disk LOB partitioning	LOB data types store large binary or character data up to 4GB-1byte, support API storage, partial reads, and disk LOB partitioning; table LOB placement and client API details are represented through data type and client attachment routing.	GPTs/attachments/05_data_types_properties.md	Covered-by-routing	Type Item: `BLOB`; Type Item: `CLOB`; GPTs/attachments/12_c_cli_odbc_precompiler.md > LOB API blocks; GPTs/attachments/11_java_jdbc_spring.md > LOB method family		FCA-J012	rg -n 'LOB\\(Large Object\\)|SQLPutLob|setBlob|setClob|SQLGetLob|Partial Read|disk LOB' Manuals/Altibase_7.3/kor/General_Reference-1.Data\ Types\ \&\ Altibase\ Properties.md GPTs/attachments/05_data_types_properties.md GPTs/attachments/12_c_cli_odbc_precompiler.md GPTs/attachments/11_java_jdbc_spring.md
SRC-OTHER-XVER-000114	general_reference_1_datatypes_properties	cross-version	Manuals/Altibase_7.3/kor/General_Reference-1.Data Types & Altibase Properties.md	General Reference 1 > LOB data types > BLOB	data type	BLOB [ IN ROW size ]; Binary Large Object; 4GB-1byte	BLOB stores binary large objects, uses BLOB [IN ROW size] syntax, and supports up to 4GB-1byte.	GPTs/attachments/05_data_types_properties.md	Covered	Type Item: `BLOB`		FCA-J012	rg -n '#### BLOB|BLOB \\[ IN ROW size \\]|4GB-1byte|Type Item: `BLOB`' Manuals/Altibase_7.3/kor/General_Reference-1.Data\ Types\ \&\ Altibase\ Properties.md GPTs/attachments/05_data_types_properties.md
SRC-OTHER-XVER-000115	general_reference_1_datatypes_properties	cross-version	Manuals/Altibase_7.3/kor/General_Reference-1.Data Types & Altibase Properties.md	General Reference 1 > LOB data types > CLOB	data type	CLOB [ IN ROW size ]; Character Large Object; 4GB-1byte	CLOB stores character large objects, uses CLOB [IN ROW size] syntax, and supports up to 4GB-1byte.	GPTs/attachments/05_data_types_properties.md	Covered	Type Item: `CLOB`		FCA-J012	rg -n '#### CLOB|CLOB \\[ IN ROW size \\]|4GB-1byte|Type Item: `CLOB`' Manuals/Altibase_7.3/kor/General_Reference-1.Data\ Types\ \&\ Altibase\ Properties.md GPTs/attachments/05_data_types_properties.md
SRC-OTHER-XVER-000116	general_reference_1_datatypes_properties	cross-version	Manuals/Altibase_7.3/kor/General_Reference-1.Data Types & Altibase Properties.md	General Reference 1 > LOB data types > restrictions	warning	LOB; cursor; volatile tablespace; disk temporary tablespace; discarded tablespace; partition key; index	LOB columns cannot be used in cursors, volatile tablespaces, disk temporary tablespaces, discarded tablespaces, partition keys, or indexes; attachment routing preserves these restrictions and DDL cross-references.	GPTs/attachments/05_data_types_properties.md	Covered	Type Item: `BLOB`; Type Item: `CLOB`; GPTs/attachments/03_sql_ddl_generation.md > Table Syntax > Table/column generation notes		FCA-J012	rg -n '제한 사항|커서|휘발성|디스크 임시|폐기된|파티션 키|인덱스|LOB columns cannot' Manuals/Altibase_7.3/kor/General_Reference-1.Data\ Types\ \&\ Altibase\ Properties.md GPTs/attachments/05_data_types_properties.md GPTs/attachments/03_sql_ddl_generation.md
SRC-OTHER-XVER-000117	general_reference_1_datatypes_properties	cross-version	Manuals/Altibase_7.3/kor/General_Reference-1.Data Types & Altibase Properties.md	General Reference 1 > spatial data types > GEOMETRY	data type	GEOMETRY; Point; LineString; Polygon; GeomCollection; MultiPolygon; MultiLineString; MultiPoint; 8~104857600; length + 40	GEOMETRY is the SQL spatial type, contains seven subtypes, has length range 8 through 104857600 and stored size length plus 40 bytes, and detailed spatial behavior is routed to the spatial attachment.	GPTs/attachments/05_data_types_properties.md	Covered-by-routing	Type Item: `GEOMETRY`; GPTs/attachments/19_spatial_nifi_tableau_misc.md > Spatial SQL		FCA-J012	rg -n 'GEOMETRY|Point|LineString|Polygon|GeomCollection|MultiPolygon|MultiLineString|MultiPoint|104857600|length \\+ 40' Manuals/Altibase_7.3/kor/General_Reference-1.Data\ Types\ \&\ Altibase\ Properties.md GPTs/attachments/05_data_types_properties.md GPTs/attachments/19_spatial_nifi_tableau_misc.md
SRC-OTHER-8.1-000005	general_reference_1_datatypes_properties	8.1	Manuals/Altibase_trunk/kor/General_Reference-1.Data Types & Altibase Properties.md	General Reference 1 > LOB data types > Temporary LOB examples	example	TO_CLOB('ABCD'); V$TEMPORARY_LOBS; TYPE; OPEN_COUNT; COMMIT; No rows selected; pkg spec session clob; ALTER SESSION SET FREE TEMPORARY LOB	The 8.1 General Reference includes transaction and session Temporary LOB examples showing TO_CLOB insertion, V$TEMPORARY_LOBS TYPE and OPEN_COUNT changes, COMMIT cleanup, PSM package session LOBs, and ALTER SESSION cleanup; attachments summarize the lifecycle but do not preserve the examples as answer-ready blocks.	GPTs/attachments/05_data_types_properties.md	Missing			FCA-J012	source locator: Manuals/Altibase_trunk/kor/General_Reference-1.Data Types & Altibase Properties.md lines 2640-2720; rg -n \"TO_CLOB\\('ABCD'\\)|pkg spec session clob|OPEN_COUNT|ALTER SESSION SET FREE TEMPORARY LOB|No rows selected\" Manuals/Altibase_trunk/kor/General_Reference-1.Data\ Types\ \&\ Altibase\ Properties.md GPTs/attachments/05_data_types_properties.md GPTs/attachments/10_psm_stored_external_procedures.md
SRC-OTHER-8.1-000006	general_reference_1_datatypes_properties	8.1	Manuals/Altibase_trunk/kor/General_Reference-1.Data Types & Altibase Properties.md	General Reference 1 > JSON data types > JSON path expression examples	example	$; @; .; []; *; ?(logical-expr); $.name; $.address.city; $.class[0]; $.class[1]; $.class[*]; $.age?(@>20); $.age?(@<20)	The 8.1 General Reference includes a JSON document and JSON path result table for root, object access, array access, wildcard, and filter expressions; attachments list path elements but do not preserve the full example/result table.	GPTs/attachments/05_data_types_properties.md	Missing			FCA-J012	source locator: Manuals/Altibase_trunk/kor/General_Reference-1.Data Types & Altibase Properties.md lines 2800-2853; rg -n '\\$\\.class\\[0\\]|\\$\\.age\\?\\(@>20\\)|JSON 경로 표현식 제약사항|바인드 변수' Manuals/Altibase_trunk/kor/General_Reference-1.Data\ Types\ \&\ Altibase\ Properties.md GPTs/attachments/05_data_types_properties.md GPTs/attachments/04_sql_dml_oracle_compatibility.md
SRC-OTHER-7.1-000002	general_reference_1_datatypes_properties	7.1	Manuals/Altibase_7.1/kor/General Reference-1.Data Types & Altibase Properties.md	General Reference 1 > LOB data types > NOT NULL caution	warning	LOB; NOT NULL; APRE; CLI; JDBC; constraint violation	Altibase 7.1 General Reference warns not to use NOT NULL constraints on LOB columns because APRE, CLI, and JDBC LOB data processing can raise constraint violation errors even though the constraint can be defined.	GPTs/attachments/05_data_types_properties.md	Covered-by-routing	Type Item: `BLOB`; Type Item: `CLOB`; GPTs/attachments/15_migration_oracle_compatibility.md > Difference block: LOB and `NOT NULL`; GPTs/attachments/12_c_cli_odbc_precompiler.md > LOB API blocks		FCA-J012	rg -n 'LOB 타입 칼럼에 NOT NULL|APRE|CLI|JDBC|constraint|Difference block: LOB and `NOT NULL`|Avoid `NOT NULL`' Manuals/Altibase_7.1/kor/General\ Reference-1.Data\ Types\ \&\ Altibase\ Properties.md GPTs/attachments/05_data_types_properties.md GPTs/attachments/15_migration_oracle_compatibility.md GPTs/attachments/12_c_cli_odbc_precompiler.md
SRC-PROP-XVER-000001	general_reference_1_datatypes_properties	cross-version	Manuals/Altibase_7.3/kor/General_Reference-1.Data Types & Altibase Properties.md	General Reference 1 > Altibase properties > D Database initialization > DB_NAME	property	DB_NAME; mydb; CREATE DATABASE database_name; V$PROPERTY; V$DATABASE	DB_NAME records the database name used at CREATE DATABASE time; it is a read-only single string with no explicit range, and changing it after creation requires recreating the database.	GPTs/attachments/05_data_types_properties.md	Covered	Property Item: `DB_NAME`		FCA-J013	source locators: property_inventory.md DB_NAME row with 7.1 L4667, 7.3 L4714, 8.1 L4950; sed -n '4660,5220p' Manuals/Altibase_7.3/kor/General_Reference-1.Data\ Types\ \&\ Altibase\ Properties.md; rg -n 'Property Item: `DB_NAME`|DB_NAME' GPTs/attachments/05_data_types_properties.md
SRC-PROP-XVER-000002	general_reference_1_datatypes_properties	cross-version	Manuals/Altibase_7.3/kor/General_Reference-1.Data Types & Altibase Properties.md	General Reference 1 > Altibase properties > D Database initialization > DEFAULT_DISK_DB_DIR	property	DEFAULT_DISK_DB_DIR; $ALTIBASE_HOME/dbs; V$PROPERTY	DEFAULT_DISK_DB_DIR is the read-only default disk database file directory, defaulting to $ALTIBASE_HOME/dbs and required even when disk database features are not used.	GPTs/attachments/05_data_types_properties.md	Covered	Property Item: `DEFAULT_DISK_DB_DIR`		FCA-J013	source locators: property_inventory.md DEFAULT_DISK_DB_DIR row with 7.1 L4717, 7.3 L4764, 8.1 L5000; sed -n '4660,5220p' Manuals/Altibase_7.3/kor/General_Reference-1.Data\ Types\ \&\ Altibase\ Properties.md; rg -n 'Property Item: `DEFAULT_DISK_DB_DIR`|DEFAULT_DISK_DB_DIR' GPTs/attachments/05_data_types_properties.md
SRC-PROP-XVER-000003	general_reference_1_datatypes_properties	cross-version	Manuals/Altibase_7.3/kor/General_Reference-1.Data Types & Altibase Properties.md	General Reference 1 > Altibase properties > D Database initialization > DEFAULT_MEM_DB_FILE_SIZE	property	DEFAULT_MEM_DB_FILE_SIZE; 1073741824; 1G; 4194304; 2^64 - 1	DEFAULT_MEM_DB_FILE_SIZE is the read-only default checkpoint image file size for memory tablespaces, defaulting to 1073741824 bytes with range 4194304 through 2^64 - 1.	GPTs/attachments/05_data_types_properties.md	Covered	Property Item: `DEFAULT_MEM_DB_FILE_SIZE`		FCA-J013	source locators: property_inventory.md DEFAULT_MEM_DB_FILE_SIZE row with 7.1 L4739, 7.3 L4786, 8.1 L5022; sed -n '4660,5220p' Manuals/Altibase_7.3/kor/General_Reference-1.Data\ Types\ \&\ Altibase\ Properties.md; rg -n 'Property Item: `DEFAULT_MEM_DB_FILE_SIZE`|DEFAULT_MEM_DB_FILE_SIZE' GPTs/attachments/05_data_types_properties.md
SRC-PROP-XVER-000004	general_reference_1_datatypes_properties	cross-version	Manuals/Altibase_7.3/kor/General_Reference-1.Data Types & Altibase Properties.md	General Reference 1 > Altibase properties > D Database initialization > DEFAULT_SEGMENT_MANAGEMENT_TYPE	property	DEFAULT_SEGMENT_MANAGEMENT_TYPE; 0; MANUAL; 1; AUTO	DEFAULT_SEGMENT_MANAGEMENT_TYPE is the read-only default disk tablespace segment management method, where 0 means MANUAL freelist management and 1 means AUTO bitmap-based management.	GPTs/attachments/05_data_types_properties.md	Covered	Property Item: `DEFAULT_SEGMENT_MANAGEMENT_TYPE`		FCA-J013	source locators: property_inventory.md DEFAULT_SEGMENT_MANAGEMENT_TYPE row with 7.1 L4761, 7.3 L4808, 8.1 L5044; sed -n '4660,5220p' Manuals/Altibase_7.3/kor/General_Reference-1.Data\ Types\ \&\ Altibase\ Properties.md; rg -n 'Property Item: `DEFAULT_SEGMENT_MANAGEMENT_TYPE`|DEFAULT_SEGMENT_MANAGEMENT_TYPE' GPTs/attachments/05_data_types_properties.md
SRC-PROP-XVER-000005	general_reference_1_datatypes_properties	cross-version	Manuals/Altibase_7.3/kor/General_Reference-1.Data Types & Altibase Properties.md	General Reference 1 > Altibase properties > D Database initialization > DEFAULT_SEGMENT_STORAGE_INITEXTENTS	property	DEFAULT_SEGMENT_STORAGE_INITEXTENTS; 1; 2^32 - 1	DEFAULT_SEGMENT_STORAGE_INITEXTENTS is a read-only default for the initial extent count of a segment, with default 1 and range 1 through 2^32 - 1.	GPTs/attachments/05_data_types_properties.md	Covered	Property Item Group: `DEFAULT_SEGMENT_STORAGE_*`		FCA-J013	source locators: property_inventory.md DEFAULT_SEGMENT_STORAGE_INITEXTENTS row with 7.1 L4787, 7.3 L4834, 8.1 L5070; sed -n '4660,5220p' Manuals/Altibase_7.3/kor/General_Reference-1.Data\ Types\ \&\ Altibase\ Properties.md; rg -n 'DEFAULT_SEGMENT_STORAGE_INITEXTENTS|Property Item Group: `DEFAULT_SEGMENT_STORAGE_\\*`' GPTs/attachments/05_data_types_properties.md
SRC-PROP-XVER-000006	general_reference_1_datatypes_properties	cross-version	Manuals/Altibase_7.3/kor/General_Reference-1.Data Types & Altibase Properties.md	General Reference 1 > Altibase properties > D Database initialization > DEFAULT_SEGMENT_STORAGE_MAXEXTENTS	property	DEFAULT_SEGMENT_STORAGE_MAXEXTENTS; 2^32 - 1	DEFAULT_SEGMENT_STORAGE_MAXEXTENTS is a read-only default for the maximum extent count of a segment, with default 2^32 - 1 and range 1 through 2^32 - 1.	GPTs/attachments/05_data_types_properties.md	Covered	Property Item Group: `DEFAULT_SEGMENT_STORAGE_*`		FCA-J013	source locators: property_inventory.md DEFAULT_SEGMENT_STORAGE_MAXEXTENTS row with 7.1 L4809, 7.3 L4856, 8.1 L5092; sed -n '4660,5220p' Manuals/Altibase_7.3/kor/General_Reference-1.Data\ Types\ \&\ Altibase\ Properties.md; rg -n 'DEFAULT_SEGMENT_STORAGE_MAXEXTENTS|Property Item Group: `DEFAULT_SEGMENT_STORAGE_\\*`' GPTs/attachments/05_data_types_properties.md
SRC-PROP-XVER-000007	general_reference_1_datatypes_properties	cross-version	Manuals/Altibase_7.3/kor/General_Reference-1.Data Types & Altibase Properties.md	General Reference 1 > Altibase properties > D Database initialization > DEFAULT_SEGMENT_STORAGE_MINEXTENTS	property	DEFAULT_SEGMENT_STORAGE_MINEXTENTS; 1; 2^32 - 1	DEFAULT_SEGMENT_STORAGE_MINEXTENTS is a read-only default for the minimum extent count of a segment, with default 1 and range 1 through 2^32 - 1.	GPTs/attachments/05_data_types_properties.md	Covered	Property Item Group: `DEFAULT_SEGMENT_STORAGE_*`		FCA-J013	source locators: property_inventory.md DEFAULT_SEGMENT_STORAGE_MINEXTENTS row with 7.1 L4831, 7.3 L4878, 8.1 L5114; sed -n '4660,5220p' Manuals/Altibase_7.3/kor/General_Reference-1.Data\ Types\ \&\ Altibase\ Properties.md; rg -n 'DEFAULT_SEGMENT_STORAGE_MINEXTENTS|Property Item Group: `DEFAULT_SEGMENT_STORAGE_\\*`' GPTs/attachments/05_data_types_properties.md
SRC-PROP-XVER-000008	general_reference_1_datatypes_properties	cross-version	Manuals/Altibase_7.3/kor/General_Reference-1.Data Types & Altibase Properties.md	General Reference 1 > Altibase properties > D Database initialization > DEFAULT_SEGMENT_STORAGE_NEXTEXTENTS	property	DEFAULT_SEGMENT_STORAGE_NEXTEXTENTS; 1; 2^32 - 1	DEFAULT_SEGMENT_STORAGE_NEXTEXTENTS is a read-only default for the next extension extent count of a segment, with default 1 and range 1 through 2^32 - 1.	GPTs/attachments/05_data_types_properties.md	Covered	Property Item Group: `DEFAULT_SEGMENT_STORAGE_*`		FCA-J013	source locators: property_inventory.md DEFAULT_SEGMENT_STORAGE_NEXTEXTENTS row with 7.1 L4853, 7.3 L4900, 8.1 L5136; sed -n '4660,5220p' Manuals/Altibase_7.3/kor/General_Reference-1.Data\ Types\ \&\ Altibase\ Properties.md; rg -n 'DEFAULT_SEGMENT_STORAGE_NEXTEXTENTS|Property Item Group: `DEFAULT_SEGMENT_STORAGE_\\*`' GPTs/attachments/05_data_types_properties.md
SRC-PROP-XVER-000009	general_reference_1_datatypes_properties	cross-version	Manuals/Altibase_7.3/kor/General_Reference-1.Data Types & Altibase Properties.md	General Reference 1 > Altibase properties > D Database initialization > MEM_DB_DIR	property	MEM_DB_DIR; $ALTIBASE_HOME/dbs; STOREDCOUNT; VALUE1; VALUE8; CHECKPOINT PATH	MEM_DB_DIR is the read-only multi-value memory database file path property; one to eight actual paths are supported, the documented default count is two, and missing paths block startup.	GPTs/attachments/05_data_types_properties.md	Covered	Property Item: `MEM_DB_DIR`		FCA-J013	source locators: property_inventory.md MEM_DB_DIR row with 7.1 L5352, 7.3 L5277, 8.1 L5513; sed -n '5270,5325p' Manuals/Altibase_7.3/kor/General_Reference-1.Data\ Types\ \&\ Altibase\ Properties.md; rg -n 'Property Item: `MEM_DB_DIR`|MEM_DB_DIR' GPTs/attachments/05_data_types_properties.md
SRC-PROP-XVER-000010	general_reference_1_datatypes_properties	cross-version	Manuals/Altibase_7.3/kor/General_Reference-1.Data Types & Altibase Properties.md	General Reference 1 > Altibase properties > D Database initialization > LOG_DIR	property	LOG_DIR; $ALTIBASE_HOME/logs; STOREDCOUNT; VALUE1; VALUE8	LOG_DIR is the read-only multi-value log file path property, defaulting to $ALTIBASE_HOME/logs and requiring static path planning before startup.	GPTs/attachments/05_data_types_properties.md	Covered	Property Item: `LOG_DIR`		FCA-J013	source locators: property_inventory.md LOG_DIR row with 7.1 L5279, 7.3 L5204, 8.1 L5440; sed -n '4660,5220p' Manuals/Altibase_7.3/kor/General_Reference-1.Data\ Types\ \&\ Altibase\ Properties.md; rg -n 'Property Item: `LOG_DIR`|LOG_DIR' GPTs/attachments/05_data_types_properties.md
SRC-PROP-XVER-000011	general_reference_1_datatypes_properties	cross-version	Manuals/Altibase_7.3/kor/General_Reference-1.Data Types & Altibase Properties.md	General Reference 1 > Altibase properties > D Database initialization > LOGANCHOR_DIR	property	LOGANCHOR_DIR; $ALTIBASE_HOME/logs; three; loganchor; STOREDCOUNT; VALUE1; VALUE8	LOGANCHOR_DIR is the read-only multi-value path property for log anchor files; exactly three log anchor paths are required, and the default three entries use $ALTIBASE_HOME/logs.	GPTs/attachments/05_data_types_properties.md	Covered	Property Item: `LOGANCHOR_DIR`		FCA-J013	source locators: property_inventory.md LOGANCHOR_DIR row with 7.1 L5257, 7.3 L5182, 8.1 L5418; sed -n '4660,5220p' Manuals/Altibase_7.3/kor/General_Reference-1.Data\ Types\ \&\ Altibase\ Properties.md; rg -n 'Property Item: `LOGANCHOR_DIR`|LOGANCHOR_DIR' GPTs/attachments/05_data_types_properties.md
SRC-PROP-XVER-000012	general_reference_1_datatypes_properties	cross-version	Manuals/Altibase_7.3/kor/General_Reference-1.Data Types & Altibase Properties.md	General Reference 1 > Altibase properties > D Database initialization > DOUBLE_WRITE_DIRECTORY	property	DOUBLE_WRITE_DIRECTORY; DOUBLE_WRITE_DIRECTORY_COUNT; STOREDCOUNT; VALUE1; VALUE8	DOUBLE_WRITE_DIRECTORY is a read-only multi-value directory property for double write files, with multiple directory values controlled by DOUBLE_WRITE_DIRECTORY_COUNT.	GPTs/attachments/05_data_types_properties.md	Covered	Property Item Group: `DOUBLE_WRITE_DIRECTORY` and `DOUBLE_WRITE_DIRECTORY_COUNT`		FCA-J013	source locators: property_inventory.md DOUBLE_WRITE_DIRECTORY row with 7.1 L4971, 7.3 L5018, 8.1 L5254; sed -n '4660,5220p' Manuals/Altibase_7.3/kor/General_Reference-1.Data\ Types\ \&\ Altibase\ Properties.md; rg -n 'DOUBLE_WRITE_DIRECTORY|Property Item Group: `DOUBLE_WRITE_DIRECTORY`' GPTs/attachments/05_data_types_properties.md
SRC-PROP-XVER-000013	general_reference_1_datatypes_properties	cross-version	Manuals/Altibase_7.3/kor/General_Reference-1.Data Types & Altibase Properties.md	General Reference 1 > Altibase properties > D Database initialization > DOUBLE_WRITE_DIRECTORY_COUNT	property	DOUBLE_WRITE_DIRECTORY_COUNT; 2; 1; 16	DOUBLE_WRITE_DIRECTORY_COUNT is the read-only single-value count of double write directories, defaulting to 2 with range 1 through 16.	GPTs/attachments/05_data_types_properties.md	Covered	Property Item Group: `DOUBLE_WRITE_DIRECTORY` and `DOUBLE_WRITE_DIRECTORY_COUNT`		FCA-J013	source locators: property_inventory.md DOUBLE_WRITE_DIRECTORY_COUNT row with 7.1 L4993, 7.3 L5040, 8.1 L5276; sed -n '4660,5220p' Manuals/Altibase_7.3/kor/General_Reference-1.Data\ Types\ \&\ Altibase\ Properties.md; rg -n 'DOUBLE_WRITE_DIRECTORY_COUNT|Property Item Group: `DOUBLE_WRITE_DIRECTORY`' GPTs/attachments/05_data_types_properties.md
SRC-PROP-XVER-000014	general_reference_1_datatypes_properties	cross-version	Manuals/Altibase_7.3/kor/General_Reference-1.Data Types & Altibase Properties.md	General Reference 1 > Altibase properties > D Database initialization > DRDB_FD_MAX_COUNT_PER_DATAFILE	property	DRDB_FD_MAX_COUNT_PER_DATAFILE; 8; 1; 1024; ALTER SYSTEM; File Descriptors	DRDB_FD_MAX_COUNT_PER_DATAFILE controls the maximum file descriptors opened for I/O on one disk data file, defaulting to 8 with range 1 through 1024 and ALTER SYSTEM change support.	GPTs/attachments/05_data_types_properties.md	Covered	Property Item: `DRDB_FD_MAX_COUNT_PER_DATAFILE`		FCA-J013	source locators: property_inventory.md DRDB_FD_MAX_COUNT_PER_DATAFILE row with 7.1 L5015, 7.3 L5062, 8.1 L5298; sed -n '4660,5220p' Manuals/Altibase_7.3/kor/General_Reference-1.Data\ Types\ \&\ Altibase\ Properties.md; rg -n 'Property Item: `DRDB_FD_MAX_COUNT_PER_DATAFILE`|DRDB_FD_MAX_COUNT_PER_DATAFILE' GPTs/attachments/05_data_types_properties.md
SRC-PROP-XVER-000015	general_reference_1_datatypes_properties	cross-version	Manuals/Altibase_7.3/kor/General_Reference-1.Data Types & Altibase Properties.md	General Reference 1 > Altibase properties > D Database initialization > EXPAND_CHUNK_PAGE_COUNT	property	EXPAND_CHUNK_PAGE_COUNT; 128; 64; 2^32 - 1; recreate database	EXPAND_CHUNK_PAGE_COUNT is the read-only memory database expand-chunk page count, defaulting to 128 with range 64 through 2^32 - 1; changing it requires recreating the database.	GPTs/attachments/05_data_types_properties.md	Covered	Property Item: `EXPAND_CHUNK_PAGE_COUNT`		FCA-J013	source locators: property_inventory.md EXPAND_CHUNK_PAGE_COUNT row with 7.1 L5037, 7.3 L5084, 8.1 L5320; sed -n '4660,5220p' Manuals/Altibase_7.3/kor/General_Reference-1.Data\ Types\ \&\ Altibase\ Properties.md; rg -n 'Property Item: `EXPAND_CHUNK_PAGE_COUNT`|EXPAND_CHUNK_PAGE_COUNT' GPTs/attachments/05_data_types_properties.md
SRC-PROP-XVER-000016	general_reference_1_datatypes_properties	cross-version	Manuals/Altibase_7.3/kor/General_Reference-1.Data Types & Altibase Properties.md	General Reference 1 > Altibase properties > D Database initialization > SYS_DATA_FILE_INIT_SIZE	property	SYS_DATA_FILE_INIT_SIZE; system001.dbf; 100 * 1024 * 1024; 8 * 8KB; 32GB	SYS_DATA_FILE_INIT_SIZE is the read-only default initial size for system disk data tablespace files, including system001.dbf, defaulting to 100 * 1024 * 1024 bytes with range 8 * 8KB through 32GB.	GPTs/attachments/05_data_types_properties.md	Covered	Property Item Group: System disk data tablespace file defaults		FCA-J013	source locators: property_inventory.md SYS_DATA_FILE_INIT_SIZE row with 7.1 L5986, 7.3 L5911, 8.1 L6147; sed -n '5580,6465p' Manuals/Altibase_7.3/kor/General_Reference-1.Data\ Types\ \&\ Altibase\ Properties.md; rg -n 'SYS_DATA_FILE_INIT_SIZE|System disk data tablespace file defaults' GPTs/attachments/05_data_types_properties.md
SRC-PROP-XVER-000017	general_reference_1_datatypes_properties	cross-version	Manuals/Altibase_7.3/kor/General_Reference-1.Data Types & Altibase Properties.md	General Reference 1 > Altibase properties > D Database initialization > SYS_DATA_FILE_MAX_SIZE	property	SYS_DATA_FILE_MAX_SIZE; 2 * 1024 * 1024 * 1024; 8 * 8KB; 32GB; 64KB	SYS_DATA_FILE_MAX_SIZE is the read-only default maximum size for system disk data files, defaulting to 2 * 1024 * 1024 * 1024 bytes with range 8 * 8KB through 32GB and a documented minimum of 64KB.	GPTs/attachments/05_data_types_properties.md	Covered	Property Item Group: System disk data tablespace file defaults		FCA-J013	source locators: property_inventory.md SYS_DATA_FILE_MAX_SIZE row with 7.1 L6008, 7.3 L5933, 8.1 L6169; sed -n '5580,6465p' Manuals/Altibase_7.3/kor/General_Reference-1.Data\ Types\ \&\ Altibase\ Properties.md; rg -n 'SYS_DATA_FILE_MAX_SIZE|System disk data tablespace file defaults' GPTs/attachments/05_data_types_properties.md
SRC-PROP-XVER-000018	general_reference_1_datatypes_properties	cross-version	Manuals/Altibase_7.3/kor/General_Reference-1.Data Types & Altibase Properties.md	General Reference 1 > Altibase properties > D Database initialization > SYS_DATA_FILE_NEXT_SIZE	property	SYS_DATA_FILE_NEXT_SIZE; 1 * 1024 * 1024; 8 * 8KB; 32GB; autoextend	SYS_DATA_FILE_NEXT_SIZE is the read-only default autoextend increment for SYS_TBS_DISK_DATA files when data grows and explicit sizing is omitted, defaulting to 1 * 1024 * 1024 bytes.	GPTs/attachments/05_data_types_properties.md	Covered	Property Item Group: System disk data tablespace file defaults		FCA-J013	source locators: property_inventory.md SYS_DATA_FILE_NEXT_SIZE row with 7.1 L6032, 7.3 L5957, 8.1 L6193; sed -n '5580,6465p' Manuals/Altibase_7.3/kor/General_Reference-1.Data\ Types\ \&\ Altibase\ Properties.md; rg -n 'SYS_DATA_FILE_NEXT_SIZE|System disk data tablespace file defaults' GPTs/attachments/05_data_types_properties.md
SRC-PROP-XVER-000019	general_reference_1_datatypes_properties	cross-version	Manuals/Altibase_7.3/kor/General_Reference-1.Data Types & Altibase Properties.md	General Reference 1 > Altibase properties > D Database initialization > SYS_DATA_TBS_EXTENT_SIZE	property	SYS_DATA_TBS_EXTENT_SIZE; SYS_TBS_DISK_DATA; 512 * 1024; 40KB; 32GB	SYS_DATA_TBS_EXTENT_SIZE is the read-only extent size used when SYS_TBS_DISK_DATA is created, defaulting to 512 * 1024 bytes with range 40KB through 32GB.	GPTs/attachments/05_data_types_properties.md	Covered	Property Item Group: System disk data tablespace file defaults		FCA-J013	source locators: property_inventory.md SYS_DATA_TBS_EXTENT_SIZE row with 7.1 L6056, 7.3 L5981, 8.1 L6217; sed -n '5580,6465p' Manuals/Altibase_7.3/kor/General_Reference-1.Data\ Types\ \&\ Altibase\ Properties.md; rg -n 'SYS_DATA_TBS_EXTENT_SIZE|System disk data tablespace file defaults' GPTs/attachments/05_data_types_properties.md
SRC-PROP-XVER-000020	general_reference_1_datatypes_properties	cross-version	Manuals/Altibase_7.3/kor/General_Reference-1.Data Types & Altibase Properties.md	General Reference 1 > Altibase properties > D Database initialization > SYS_TEMP_FILE_INIT_SIZE	property	SYS_TEMP_FILE_INIT_SIZE; temp001.dbf; 100 * 1024 * 1024; 8 * 8KB; 32GB	SYS_TEMP_FILE_INIT_SIZE is the read-only default initial size for SYS_TBS_DISK_TEMP temporary data files, including temp001.dbf, defaulting to 100 * 1024 * 1024 bytes.	GPTs/attachments/05_data_types_properties.md	Covered	Property Item Group: System disk temporary tablespace file defaults		FCA-J013	source locators: property_inventory.md SYS_TEMP_FILE_INIT_SIZE row with 7.1 L6082, 7.3 L6007, 8.1 L6243; sed -n '5580,6465p' Manuals/Altibase_7.3/kor/General_Reference-1.Data\ Types\ \&\ Altibase\ Properties.md; rg -n 'SYS_TEMP_FILE_INIT_SIZE|System disk temporary tablespace file defaults' GPTs/attachments/05_data_types_properties.md
SRC-PROP-XVER-000021	general_reference_1_datatypes_properties	cross-version	Manuals/Altibase_7.3/kor/General_Reference-1.Data Types & Altibase Properties.md	General Reference 1 > Altibase properties > D Database initialization > SYS_TEMP_FILE_MAX_SIZE	property	SYS_TEMP_FILE_MAX_SIZE; 2 * 1024 * 1024 * 1024; 8 * 8KB; 32GB; 64KB	SYS_TEMP_FILE_MAX_SIZE is the read-only default maximum size for SYS_TBS_DISK_TEMP temporary data files, defaulting to 2 * 1024 * 1024 * 1024 bytes with range 8 * 8KB through 32GB.	GPTs/attachments/05_data_types_properties.md	Covered	Property Item Group: System disk temporary tablespace file defaults		FCA-J013	source locators: property_inventory.md SYS_TEMP_FILE_MAX_SIZE row with 7.1 L6104, 7.3 L6029, 8.1 L6265; sed -n '5580,6465p' Manuals/Altibase_7.3/kor/General_Reference-1.Data\ Types\ \&\ Altibase\ Properties.md; rg -n 'SYS_TEMP_FILE_MAX_SIZE|System disk temporary tablespace file defaults' GPTs/attachments/05_data_types_properties.md
SRC-PROP-XVER-000022	general_reference_1_datatypes_properties	cross-version	Manuals/Altibase_7.3/kor/General_Reference-1.Data Types & Altibase Properties.md	General Reference 1 > Altibase properties > D Database initialization > SYS_TEMP_FILE_NEXT_SIZE	property	SYS_TEMP_FILE_NEXT_SIZE; 1 * 1024 * 1024; 8 * 8KB; 32GB	SYS_TEMP_FILE_NEXT_SIZE is the read-only increment used when a SYS_TBS_DISK_TEMP data file lacks space, defaulting to 1 * 1024 * 1024 bytes with range 8 * 8KB through 32GB.	GPTs/attachments/05_data_types_properties.md	Covered	Property Item Group: System disk temporary tablespace file defaults		FCA-J013	source locators: property_inventory.md SYS_TEMP_FILE_NEXT_SIZE row with 7.1 L6128, 7.3 L6053, 8.1 L6289; sed -n '5580,6465p' Manuals/Altibase_7.3/kor/General_Reference-1.Data\ Types\ \&\ Altibase\ Properties.md; rg -n 'SYS_TEMP_FILE_NEXT_SIZE|System disk temporary tablespace file defaults' GPTs/attachments/05_data_types_properties.md
SRC-PROP-XVER-000023	general_reference_1_datatypes_properties	cross-version	Manuals/Altibase_7.3/kor/General_Reference-1.Data Types & Altibase Properties.md	General Reference 1 > Altibase properties > D Database initialization > SYS_TEMP_TBS_EXTENT_SIZE	property	SYS_TEMP_TBS_EXTENT_SIZE; SYS_TBS_DISK_TEMP; 512 * 1024; 40KB; 32GB	SYS_TEMP_TBS_EXTENT_SIZE is the read-only extent size for SYS_TBS_DISK_TEMP creation, defaulting to 512 * 1024 bytes with range 40KB through 32GB.	GPTs/attachments/05_data_types_properties.md	Covered	Property Item Group: System disk temporary tablespace file defaults		FCA-J013	source locators: property_inventory.md SYS_TEMP_TBS_EXTENT_SIZE row with 7.1 L6150, 7.3 L6075, 8.1 L6311; sed -n '5580,6465p' Manuals/Altibase_7.3/kor/General_Reference-1.Data\ Types\ \&\ Altibase\ Properties.md; rg -n 'SYS_TEMP_TBS_EXTENT_SIZE|System disk temporary tablespace file defaults' GPTs/attachments/05_data_types_properties.md
SRC-PROP-XVER-000024	general_reference_1_datatypes_properties	cross-version	Manuals/Altibase_7.3/kor/General_Reference-1.Data Types & Altibase Properties.md	General Reference 1 > Altibase properties > D Database initialization > SYS_UNDO_FILE_INIT_SIZE	property	SYS_UNDO_FILE_INIT_SIZE; undo001.dbf; 100 * 1024 * 1024; 32 * 8KB; 32GB	SYS_UNDO_FILE_INIT_SIZE is the read-only default initial size for SYS_TBS_DISK_UNDO data files, including undo001.dbf, defaulting to 100 * 1024 * 1024 bytes with range 32 * 8KB through 32GB.	GPTs/attachments/05_data_types_properties.md	Covered	Property Item Group: System disk undo tablespace file defaults		FCA-J013	source locators: property_inventory.md SYS_UNDO_FILE_INIT_SIZE row with 7.1 L6176, 7.3 L6101, 8.1 L6337; sed -n '5580,6465p' Manuals/Altibase_7.3/kor/General_Reference-1.Data\ Types\ \&\ Altibase\ Properties.md; rg -n 'SYS_UNDO_FILE_INIT_SIZE|System disk undo tablespace file defaults' GPTs/attachments/05_data_types_properties.md
SRC-PROP-XVER-000025	general_reference_1_datatypes_properties	cross-version	Manuals/Altibase_7.3/kor/General_Reference-1.Data Types & Altibase Properties.md	General Reference 1 > Altibase properties > D Database initialization > SYS_UNDO_FILE_MAX_SIZE	property	SYS_UNDO_FILE_MAX_SIZE; 2 * 1024 * 1024 * 1024; 32 * 8KB; 32GB; 256KB	SYS_UNDO_FILE_MAX_SIZE is the read-only default maximum size for SYS_TBS_DISK_UNDO data files, defaulting to 2 * 1024 * 1024 * 1024 bytes with range 32 * 8KB through 32GB and documented minimum 256KB.	GPTs/attachments/05_data_types_properties.md	Covered	Property Item Group: System disk undo tablespace file defaults		FCA-J013	source locators: property_inventory.md SYS_UNDO_FILE_MAX_SIZE row with 7.1 L6198, 7.3 L6123, 8.1 L6359; sed -n '5580,6465p' Manuals/Altibase_7.3/kor/General_Reference-1.Data\ Types\ \&\ Altibase\ Properties.md; rg -n 'SYS_UNDO_FILE_MAX_SIZE|System disk undo tablespace file defaults' GPTs/attachments/05_data_types_properties.md
SRC-PROP-XVER-000026	general_reference_1_datatypes_properties	cross-version	Manuals/Altibase_7.3/kor/General_Reference-1.Data Types & Altibase Properties.md	General Reference 1 > Altibase properties > D Database initialization > SYS_UNDO_FILE_NEXT_SIZE	property	SYS_UNDO_FILE_NEXT_SIZE; 1 * 1024 * 1024; 8 * 8KB; 32GB	SYS_UNDO_FILE_NEXT_SIZE is the read-only increment used when a SYS_TBS_DISK_UNDO data file lacks space, defaulting to 1 * 1024 * 1024 bytes with range 8 * 8KB through 32GB.	GPTs/attachments/05_data_types_properties.md	Covered	Property Item Group: System disk undo tablespace file defaults		FCA-J013	source locators: property_inventory.md SYS_UNDO_FILE_NEXT_SIZE row with 7.1 L6220, 7.3 L6145, 8.1 L6381; sed -n '5580,6465p' Manuals/Altibase_7.3/kor/General_Reference-1.Data\ Types\ \&\ Altibase\ Properties.md; rg -n 'SYS_UNDO_FILE_NEXT_SIZE|System disk undo tablespace file defaults' GPTs/attachments/05_data_types_properties.md
SRC-PROP-XVER-000027	general_reference_1_datatypes_properties	cross-version	Manuals/Altibase_7.3/kor/General_Reference-1.Data Types & Altibase Properties.md	General Reference 1 > Altibase properties > D Database initialization > SYS_UNDO_TBS_EXTENT_SIZE	property	SYS_UNDO_TBS_EXTENT_SIZE; SYS_TBS_DISK_UNDO; 256 * 1024; 40KB; 32GB	SYS_UNDO_TBS_EXTENT_SIZE is the read-only extent size for SYS_TBS_DISK_UNDO creation, defaulting to 256 * 1024 bytes with range 40KB through 32GB.	GPTs/attachments/05_data_types_properties.md	Covered	Property Item Group: System disk undo tablespace file defaults		FCA-J013	source locators: property_inventory.md SYS_UNDO_TBS_EXTENT_SIZE row with 7.1 L6242, 7.3 L6167, 8.1 L6403; sed -n '5580,6465p' Manuals/Altibase_7.3/kor/General_Reference-1.Data\ Types\ \&\ Altibase\ Properties.md; rg -n 'SYS_UNDO_TBS_EXTENT_SIZE|System disk undo tablespace file defaults' GPTs/attachments/05_data_types_properties.md
SRC-PROP-XVER-000028	general_reference_1_datatypes_properties	cross-version	Manuals/Altibase_7.3/kor/General_Reference-1.Data Types & Altibase Properties.md	General Reference 1 > Altibase properties > D Database initialization > USER_DATA_FILE_INIT_SIZE	property	USER_DATA_FILE_INIT_SIZE; 100 * 1024 * 1024; 8 * 8KB; 32GB	USER_DATA_FILE_INIT_SIZE is the read-only default initial size for user disk data tablespace files when explicit size is omitted, defaulting to 100 * 1024 * 1024 bytes.	GPTs/attachments/05_data_types_properties.md	Covered	Property Item Group: User disk data tablespace file defaults		FCA-J013	source locators: property_inventory.md USER_DATA_FILE_INIT_SIZE row with 7.1 L6356, 7.3 L6281, 8.1 L6517; sed -n '5580,6465p' Manuals/Altibase_7.3/kor/General_Reference-1.Data\ Types\ \&\ Altibase\ Properties.md; rg -n 'USER_DATA_FILE_INIT_SIZE|User disk data tablespace file defaults' GPTs/attachments/05_data_types_properties.md
SRC-PROP-XVER-000029	general_reference_1_datatypes_properties	cross-version	Manuals/Altibase_7.3/kor/General_Reference-1.Data Types & Altibase Properties.md	General Reference 1 > Altibase properties > D Database initialization > USER_DATA_FILE_MAX_SIZE	property	USER_DATA_FILE_MAX_SIZE; 2 * 1024 * 1024 * 1024; 8 * 8KB; 32GB; 64KB	USER_DATA_FILE_MAX_SIZE is the read-only default maximum size for user disk data tablespace files when explicit maximum is omitted, defaulting to 2 * 1024 * 1024 * 1024 bytes.	GPTs/attachments/05_data_types_properties.md	Covered	Property Item Group: User disk data tablespace file defaults		FCA-J013	source locators: property_inventory.md USER_DATA_FILE_MAX_SIZE row with 7.1 L6378, 7.3 L6303, 8.1 L6539; sed -n '5580,6465p' Manuals/Altibase_7.3/kor/General_Reference-1.Data\ Types\ \&\ Altibase\ Properties.md; rg -n 'USER_DATA_FILE_MAX_SIZE|User disk data tablespace file defaults' GPTs/attachments/05_data_types_properties.md
SRC-PROP-XVER-000030	general_reference_1_datatypes_properties	cross-version	Manuals/Altibase_7.3/kor/General_Reference-1.Data Types & Altibase Properties.md	General Reference 1 > Altibase properties > D Database initialization > USER_DATA_FILE_NEXT_SIZE	property	USER_DATA_FILE_NEXT_SIZE; 1 * 1024 * 1024; 8 * 8KB; 32GB	USER_DATA_FILE_NEXT_SIZE is the read-only increment used when a user disk data tablespace file lacks space, defaulting to 1 * 1024 * 1024 bytes.	GPTs/attachments/05_data_types_properties.md	Covered	Property Item Group: User disk data tablespace file defaults		FCA-J013	source locators: property_inventory.md USER_DATA_FILE_NEXT_SIZE row with 7.1 L6402, 7.3 L6327, 8.1 L6563; sed -n '5580,6465p' Manuals/Altibase_7.3/kor/General_Reference-1.Data\ Types\ \&\ Altibase\ Properties.md; rg -n 'USER_DATA_FILE_NEXT_SIZE|User disk data tablespace file defaults' GPTs/attachments/05_data_types_properties.md
SRC-PROP-XVER-000031	general_reference_1_datatypes_properties	cross-version	Manuals/Altibase_7.3/kor/General_Reference-1.Data Types & Altibase Properties.md	General Reference 1 > Altibase properties > D Database initialization > USER_DATA_TBS_EXTENT_SIZE	property	USER_DATA_TBS_EXTENT_SIZE; 512 * 1024; 2 * 8KB; 2^64 - 1	USER_DATA_TBS_EXTENT_SIZE is the read-only extent size for user disk data tablespace creation, defaulting to 512 * 1024 bytes with range 2 * 8KB through 2^64 - 1.	GPTs/attachments/05_data_types_properties.md	Covered	Property Item Group: User disk data tablespace file defaults		FCA-J013	source locators: property_inventory.md USER_DATA_TBS_EXTENT_SIZE row with 7.1 L6424, 7.3 L6349, 8.1 L6585; sed -n '5580,6465p' Manuals/Altibase_7.3/kor/General_Reference-1.Data\ Types\ \&\ Altibase\ Properties.md; rg -n 'USER_DATA_TBS_EXTENT_SIZE|User disk data tablespace file defaults' GPTs/attachments/05_data_types_properties.md
SRC-PROP-XVER-000032	general_reference_1_datatypes_properties	cross-version	Manuals/Altibase_7.3/kor/General_Reference-1.Data Types & Altibase Properties.md	General Reference 1 > Altibase properties > D Database initialization > USER_TEMP_FILE_INIT_SIZE	property	USER_TEMP_FILE_INIT_SIZE; 100 * 1024 * 1024; 8 * 8KB; 32GB	USER_TEMP_FILE_INIT_SIZE is the read-only default initial size for user temporary tablespace files when explicit size is omitted, defaulting to 100 * 1024 * 1024 bytes.	GPTs/attachments/05_data_types_properties.md	Covered	Property Item Group: User temporary tablespace file defaults		FCA-J013	source locators: property_inventory.md USER_TEMP_FILE_INIT_SIZE row with 7.1 L6448, 7.3 L6373, 8.1 L6609; sed -n '5580,6465p' Manuals/Altibase_7.3/kor/General_Reference-1.Data\ Types\ \&\ Altibase\ Properties.md; rg -n 'USER_TEMP_FILE_INIT_SIZE|User temporary tablespace file defaults' GPTs/attachments/05_data_types_properties.md
SRC-PROP-XVER-000033	general_reference_1_datatypes_properties	cross-version	Manuals/Altibase_7.3/kor/General_Reference-1.Data Types & Altibase Properties.md	General Reference 1 > Altibase properties > D Database initialization > USER_TEMP_FILE_MAX_SIZE	property	USER_TEMP_FILE_MAX_SIZE; 2 * 1024 * 1024 * 1024; 8 * 8KB; 32GB; 64KB	USER_TEMP_FILE_MAX_SIZE is the read-only default maximum size for user temporary tablespace files when explicit maximum is omitted, defaulting to 2 * 1024 * 1024 * 1024 bytes.	GPTs/attachments/05_data_types_properties.md	Covered	Property Item Group: User temporary tablespace file defaults		FCA-J013	source locators: property_inventory.md USER_TEMP_FILE_MAX_SIZE row with 7.1 L6470, 7.3 L6395, 8.1 L6631; sed -n '5580,6465p' Manuals/Altibase_7.3/kor/General_Reference-1.Data\ Types\ \&\ Altibase\ Properties.md; rg -n 'USER_TEMP_FILE_MAX_SIZE|User temporary tablespace file defaults' GPTs/attachments/05_data_types_properties.md
SRC-PROP-XVER-000034	general_reference_1_datatypes_properties	cross-version	Manuals/Altibase_7.3/kor/General_Reference-1.Data Types & Altibase Properties.md	General Reference 1 > Altibase properties > D Database initialization > USER_TEMP_FILE_NEXT_SIZE	property	USER_TEMP_FILE_NEXT_SIZE; 1 * 1024 * 1024; 8 * 8KB; 32GB	USER_TEMP_FILE_NEXT_SIZE is the read-only increment used when a user temporary tablespace file lacks space, defaulting to 1 * 1024 * 1024 bytes.	GPTs/attachments/05_data_types_properties.md	Covered	Property Item Group: User temporary tablespace file defaults		FCA-J013	source locators: property_inventory.md USER_TEMP_FILE_NEXT_SIZE row with 7.1 L6494, 7.3 L6419, 8.1 L6655; sed -n '5580,6465p' Manuals/Altibase_7.3/kor/General_Reference-1.Data\ Types\ \&\ Altibase\ Properties.md; rg -n 'USER_TEMP_FILE_NEXT_SIZE|User temporary tablespace file defaults' GPTs/attachments/05_data_types_properties.md
SRC-PROP-XVER-000035	general_reference_1_datatypes_properties	cross-version	Manuals/Altibase_7.3/kor/General_Reference-1.Data Types & Altibase Properties.md	General Reference 1 > Altibase properties > D Database initialization > USER_TEMP_TBS_EXTENT_SIZE	property	USER_TEMP_TBS_EXTENT_SIZE; 512 * 1024; 5 * 8KB; 2^64 - 1; 2 pages	USER_TEMP_TBS_EXTENT_SIZE is the read-only extent size for user temporary tablespace creation, defaulting to 512 * 1024 bytes; the selected sources list range 5 * 8KB through 2^64 - 1 and also mention a two-page minimum, so installed V$PROPERTY should be checked for boundary disputes.	GPTs/attachments/05_data_types_properties.md	Covered	Property Item Group: User temporary tablespace file defaults		FCA-J013	source locators: property_inventory.md USER_TEMP_TBS_EXTENT_SIZE row with 7.1 L6516, 7.3 L6441, 8.1 L6677; sed -n '5580,6465p' Manuals/Altibase_7.3/kor/General_Reference-1.Data\ Types\ \&\ Altibase\ Properties.md; rg -n 'USER_TEMP_TBS_EXTENT_SIZE|User temporary tablespace file defaults' GPTs/attachments/05_data_types_properties.md
SRC-PROP-XVER-000036	general_reference_1_datatypes_properties	cross-version	Manuals/Altibase_7.3/kor/General_Reference-1.Data Types & Altibase Properties.md	General Reference 1 > Altibase properties > D Database initialization > TABLE_BACKUP_FILE_BUFFER_SIZE	property	TABLE_BACKUP_FILE_BUFFER_SIZE; 1024; 0; 1048576	TABLE_BACKUP_FILE_BUFFER_SIZE is the read-only I/O buffer size for table backup files used when adding or dropping columns in memory tables, defaulting to 1024 bytes with range 0 through 1048576.	GPTs/attachments/05_data_types_properties.md	Covered	Property Item: `TABLE_BACKUP_FILE_BUFFER_SIZE`		FCA-J013	source locators: property_inventory.md TABLE_BACKUP_FILE_BUFFER_SIZE row with 7.1 L6266, 7.3 L6191, 8.1 L6427; sed -n '5580,6465p' Manuals/Altibase_7.3/kor/General_Reference-1.Data\ Types\ \&\ Altibase\ Properties.md; rg -n 'Property Item: `TABLE_BACKUP_FILE_BUFFER_SIZE`|TABLE_BACKUP_FILE_BUFFER_SIZE' GPTs/attachments/05_data_types_properties.md
SRC-PROP-XVER-000037	general_reference_1_datatypes_properties	cross-version	Manuals/Altibase_7.3/kor/General_Reference-1.Data Types & Altibase Properties.md	General Reference 1 > Altibase properties > D Database initialization > TABLE_COMPACT_AT_SHUTDOWN	property	TABLE_COMPACT_AT_SHUTDOWN; 1; 0; 1; ALTER SYSTEM; restart	TABLE_COMPACT_AT_SHUTDOWN controls whether tables are compacted at database shutdown, defaulting to 1 with range 0 through 1; the manuals recommend 1 to reduce table memory waste after restart.	GPTs/attachments/05_data_types_properties.md	Covered	Property Item: `TABLE_COMPACT_AT_SHUTDOWN`		FCA-J013	source locators: property_inventory.md TABLE_COMPACT_AT_SHUTDOWN row with 7.1 L6288, 7.3 L6213, 8.1 L6449; sed -n '5580,6465p' Manuals/Altibase_7.3/kor/General_Reference-1.Data\ Types\ \&\ Altibase\ Properties.md; rg -n 'Property Item: `TABLE_COMPACT_AT_SHUTDOWN`|TABLE_COMPACT_AT_SHUTDOWN' GPTs/attachments/05_data_types_properties.md
SRC-PROP-XVER-000038	general_reference_1_datatypes_properties	cross-version	Manuals/Altibase_7.3/kor/General_Reference-1.Data Types & Altibase Properties.md	General Reference 1 > Altibase properties > D Database initialization > TEMP_HASH_BUCKET_DENSITY	property	TEMP_HASH_BUCKET_DENSITY; 1; 1; 100; temporary table page frames	TEMP_HASH_BUCKET_DENSITY is a read-only percentage controlling how many temporary table page frames one hash bucket manages, defaulting to 1 with range 1 through 100.	GPTs/attachments/05_data_types_properties.md	Covered	Property Item Group: Temporary page storage defaults		FCA-J013	source locators: property_inventory.md TEMP_HASH_BUCKET_DENSITY row with 7.1 L6310, 7.3 L6235, 8.1 L6471; sed -n '5580,6465p' Manuals/Altibase_7.3/kor/General_Reference-1.Data\ Types\ \&\ Altibase\ Properties.md; rg -n 'TEMP_HASH_BUCKET_DENSITY|Temporary page storage defaults' GPTs/attachments/05_data_types_properties.md
SRC-PROP-XVER-000039	general_reference_1_datatypes_properties	cross-version	Manuals/Altibase_7.3/kor/General_Reference-1.Data Types & Altibase Properties.md	General Reference 1 > Altibase properties > D Database initialization > TEMP_PAGE_CHUNK_COUNT	property	TEMP_PAGE_CHUNK_COUNT; 128; 1; 2^32 - 1	TEMP_PAGE_CHUNK_COUNT is the read-only count of temporary data pages allocated at one time, defaulting to 128 with range 1 through 2^32 - 1.	GPTs/attachments/05_data_types_properties.md	Covered	Property Item Group: Temporary page storage defaults		FCA-J013	source locators: property_inventory.md TEMP_PAGE_CHUNK_COUNT row with 7.1 L6334, 7.3 L6259, 8.1 L6495; sed -n '5580,6465p' Manuals/Altibase_7.3/kor/General_Reference-1.Data\ Types\ \&\ Altibase\ Properties.md; rg -n 'TEMP_PAGE_CHUNK_COUNT|Temporary page storage defaults' GPTs/attachments/05_data_types_properties.md
SRC-PROP-XVER-000040	general_reference_1_datatypes_properties	cross-version	Manuals/Altibase_7.3/kor/General_Reference-1.Data Types & Altibase Properties.md	General Reference 1 > Altibase properties > D Database initialization > PCTFREE	property	PCTFREE; 10; 0; 99; CREATE TABLE	PCTFREE is the read-only default percentage of page space reserved for future updates when disk tables are created without an explicit PCTFREE, defaulting to 10 with range 0 through 99.	GPTs/attachments/05_data_types_properties.md	Covered	Property Item: `PCTFREE`		FCA-J013	source locators: property_inventory.md PCTFREE row with 7.1 L5660, 7.3 L5585, 8.1 L5821; sed -n '5580,6465p' Manuals/Altibase_7.3/kor/General_Reference-1.Data\ Types\ \&\ Altibase\ Properties.md; rg -n 'Property Item: `PCTFREE`|PCTFREE' GPTs/attachments/05_data_types_properties.md
SRC-PROP-XVER-000041	general_reference_1_datatypes_properties	cross-version	Manuals/Altibase_7.3/kor/General_Reference-1.Data Types & Altibase Properties.md	General Reference 1 > Altibase properties > D Database initialization > PCTUSED	property	PCTUSED; 40; 0; 99; CREATE TABLE	PCTUSED is the read-only default page-used percentage below which a disk table page can accept inserts again when CREATE TABLE omits PCTUSED, defaulting to 40 with range 0 through 99.	GPTs/attachments/05_data_types_properties.md	Covered	Property Item: `PCTUSED`		FCA-J013	source locators: property_inventory.md PCTUSED row with 7.1 L5686, 7.3 L5611, 8.1 L5847; sed -n '5580,6465p' Manuals/Altibase_7.3/kor/General_Reference-1.Data\ Types\ \&\ Altibase\ Properties.md; rg -n 'Property Item: `PCTUSED`|PCTUSED' GPTs/attachments/05_data_types_properties.md
