ref_id	class	decided_by	rationale	raster_readable
img-00001	B	rule-cover	cover-page logo, carries no recoverable text	yes
img-00002	B	rule-table-cell	symbol/icon in a table cell, explained by the adjacent cell	yes
img-00003	B	rule-table-cell	symbol/icon in a table cell, explained by the adjacent cell	yes
img-00004	B	rule-table-cell	symbol/icon in a table cell, explained by the adjacent cell	yes
img-00005	B	rule-table-cell	symbol/icon in a table cell, explained by the adjacent cell	yes
img-00006	B	rule-table-cell	symbol/icon in a table cell, explained by the adjacent cell	yes
img-00007	B	rule-table-cell	symbol/icon in a table cell, explained by the adjacent cell	yes
img-00008	B	rule-table-cell	symbol/icon in a table cell, explained by the adjacent cell	yes
img-00009	B	rule-table-cell	symbol/icon in a table cell, explained by the adjacent cell	yes
img-00010	B	rule-table-cell	symbol/icon in a table cell, explained by the adjacent cell	yes
img-00011	B	rule-residual-conceptual	conceptual/architecture diagram, screenshot or illustration redundant with prose	yes
img-00012	B	rule-residual-conceptual	conceptual/architecture diagram, screenshot or illustration redundant with prose	yes
img-00013	B	rule-residual-conceptual	conceptual/architecture diagram, screenshot or illustration redundant with prose	yes
img-00014	B	rule-residual-conceptual	conceptual/architecture diagram, screenshot or illustration redundant with prose	yes
img-00015	B	rule-residual-conceptual	conceptual/architecture diagram, screenshot or illustration redundant with prose	yes
img-00016	B	rule-residual-conceptual	conceptual/architecture diagram, screenshot or illustration redundant with prose	yes
img-00017	B	rule-residual-conceptual	conceptual/architecture diagram, screenshot or illustration redundant with prose	yes
img-00018	B	rule-residual-conceptual	conceptual/architecture diagram, screenshot or illustration redundant with prose	yes
img-00019	B	rule-residual-conceptual	conceptual/architecture diagram, screenshot or illustration redundant with prose	yes
img-00020	B	rule-residual-conceptual	conceptual/architecture diagram, screenshot or illustration redundant with prose	yes
img-00021	B	rule-residual-conceptual	conceptual/architecture diagram, screenshot or illustration redundant with prose	yes
img-00022	B	rule-cover	cover-page logo, carries no recoverable text	yes
img-00023	B	rule-table-cell	symbol/icon in a table cell, explained by the adjacent cell	yes
img-00024	B	rule-table-cell	symbol/icon in a table cell, explained by the adjacent cell	yes
img-00025	B	rule-table-cell	symbol/icon in a table cell, explained by the adjacent cell	yes
img-00026	B	rule-table-cell	symbol/icon in a table cell, explained by the adjacent cell	yes
img-00027	B	rule-table-cell	symbol/icon in a table cell, explained by the adjacent cell	yes
img-00028	B	rule-table-cell	symbol/icon in a table cell, explained by the adjacent cell	yes
img-00029	B	rule-table-cell	symbol/icon in a table cell, explained by the adjacent cell	yes
img-00030	B	rule-table-cell	symbol/icon in a table cell, explained by the adjacent cell	yes
img-00031	B	rule-table-cell	symbol/icon in a table cell, explained by the adjacent cell	yes
img-00032	B	rule-residual-conceptual	conceptual/architecture diagram, screenshot or illustration redundant with prose	yes
img-00033	B	rule-residual-conceptual	conceptual/architecture diagram, screenshot or illustration redundant with prose	yes
img-00034	B	rule-residual-conceptual	conceptual/architecture diagram, screenshot or illustration redundant with prose	yes
img-00035	B	rule-cover	cover-page logo, carries no recoverable text	yes
img-00036	B	rule-table-cell	symbol/icon in a table cell, explained by the adjacent cell	yes
img-00037	B	rule-table-cell	symbol/icon in a table cell, explained by the adjacent cell	yes
img-00038	B	rule-table-cell	symbol/icon in a table cell, explained by the adjacent cell	yes
img-00039	B	rule-table-cell	symbol/icon in a table cell, explained by the adjacent cell	yes
img-00040	B	rule-table-cell	symbol/icon in a table cell, explained by the adjacent cell	yes
img-00041	B	rule-table-cell	symbol/icon in a table cell, explained by the adjacent cell	yes
img-00042	B	rule-table-cell	symbol/icon in a table cell, explained by the adjacent cell	yes
img-00043	B	rule-table-cell	symbol/icon in a table cell, explained by the adjacent cell	yes
img-00044	B	rule-table-cell	symbol/icon in a table cell, explained by the adjacent cell	yes
img-00045	B	rule-residual-conceptual	conceptual/architecture diagram, screenshot or illustration redundant with prose	yes
img-00046	B	rule-residual-conceptual	conceptual/architecture diagram, screenshot or illustration redundant with prose	yes
img-00047	B	rule-residual-conceptual	conceptual/architecture diagram, screenshot or illustration redundant with prose	yes
img-00048	B	rule-residual-conceptual	conceptual/architecture diagram, screenshot or illustration redundant with prose	yes
img-00049	B	rule-cover	cover-page logo, carries no recoverable text	yes
img-00050	B	rule-table-cell	symbol/icon in a table cell, explained by the adjacent cell	yes
img-00051	B	rule-table-cell	symbol/icon in a table cell, explained by the adjacent cell	yes
img-00052	B	rule-table-cell	symbol/icon in a table cell, explained by the adjacent cell	yes
img-00053	B	rule-table-cell	symbol/icon in a table cell, explained by the adjacent cell	yes
img-00054	B	rule-table-cell	symbol/icon in a table cell, explained by the adjacent cell	yes
img-00055	B	rule-table-cell	symbol/icon in a table cell, explained by the adjacent cell	yes
img-00056	B	rule-table-cell	symbol/icon in a table cell, explained by the adjacent cell	yes
img-00057	B	rule-table-cell	symbol/icon in a table cell, explained by the adjacent cell	yes
img-00058	B	rule-table-cell	symbol/icon in a table cell, explained by the adjacent cell	yes
img-00059	B	rule-residual-conceptual	conceptual/architecture diagram, screenshot or illustration redundant with prose	yes
img-00060	B	rule-residual-conceptual	conceptual/architecture diagram, screenshot or illustration redundant with prose	yes
img-00061	B	rule-residual-conceptual	conceptual/architecture diagram, screenshot or illustration redundant with prose	yes
img-00062	B	rule-residual-conceptual	conceptual/architecture diagram, screenshot or illustration redundant with prose	yes
img-00063	B	rule-residual-conceptual	conceptual/architecture diagram, screenshot or illustration redundant with prose	yes
img-00064	B	rule-residual-conceptual	conceptual/architecture diagram, screenshot or illustration redundant with prose	yes
img-00065	B	rule-residual-conceptual	conceptual/architecture diagram, screenshot or illustration redundant with prose	yes
img-00066	B	rule-residual-conceptual	conceptual/architecture diagram, screenshot or illustration redundant with prose	yes
img-00067	B	rule-residual-conceptual	conceptual/architecture diagram, screenshot or illustration redundant with prose	yes
img-00068	B	rule-residual-conceptual	conceptual/architecture diagram, screenshot or illustration redundant with prose	yes
img-00069	B	rule-residual-conceptual	conceptual/architecture diagram, screenshot or illustration redundant with prose	yes
img-00070	B	rule-residual-conceptual	conceptual/architecture diagram, screenshot or illustration redundant with prose	yes
img-00071	B	rule-residual-conceptual	conceptual/architecture diagram, screenshot or illustration redundant with prose	yes
img-00072	B	rule-residual-conceptual	conceptual/architecture diagram, screenshot or illustration redundant with prose	yes
img-00073	B	rule-residual-conceptual	conceptual/architecture diagram, screenshot or illustration redundant with prose	yes
img-00074	B	rule-residual-conceptual	conceptual/architecture diagram, screenshot or illustration redundant with prose	yes
img-00075	B	rule-residual-conceptual	conceptual/architecture diagram, screenshot or illustration redundant with prose	yes
img-00076	B	rule-residual-conceptual	conceptual/architecture diagram, screenshot or illustration redundant with prose	yes
img-00077	B	rule-residual-conceptual	conceptual/architecture diagram, screenshot or illustration redundant with prose	yes
img-00078	B	rule-residual-conceptual	conceptual/architecture diagram, screenshot or illustration redundant with prose	yes
img-00079	B	rule-residual-conceptual	conceptual/architecture diagram, screenshot or illustration redundant with prose	yes
img-00080	B	rule-residual-conceptual	conceptual/architecture diagram, screenshot or illustration redundant with prose	yes
img-00081	B	rule-residual-conceptual	conceptual/architecture diagram, screenshot or illustration redundant with prose	yes
img-00082	B	rule-residual-conceptual	conceptual/architecture diagram, screenshot or illustration redundant with prose	yes
img-00083	B	rule-residual-conceptual	conceptual/architecture diagram, screenshot or illustration redundant with prose	yes
img-00084	B	rule-residual-conceptual	conceptual/architecture diagram, screenshot or illustration redundant with prose	yes
img-00085	B	rule-residual-conceptual	conceptual/architecture diagram, screenshot or illustration redundant with prose	yes
img-00086	B	rule-residual-conceptual	conceptual/architecture diagram, screenshot or illustration redundant with prose	yes
img-00087	B	rule-residual-conceptual	conceptual/architecture diagram, screenshot or illustration redundant with prose	yes
img-00088	E	vision	decision flowchart: index-type classification by YES/No decision diamonds	yes
img-00089	B	rule-residual-conceptual	conceptual/architecture diagram, screenshot or illustration redundant with prose	yes
img-00090	B	rule-residual-conceptual	conceptual/architecture diagram, screenshot or illustration redundant with prose	yes
img-00091	B	rule-residual-conceptual	conceptual/architecture diagram, screenshot or illustration redundant with prose	yes
img-00092	B	rule-residual-conceptual	conceptual/architecture diagram, screenshot or illustration redundant with prose	yes
img-00093	B	rule-residual-conceptual	conceptual/architecture diagram, screenshot or illustration redundant with prose	yes
img-00094	B	rule-residual-conceptual	conceptual/architecture diagram, screenshot or illustration redundant with prose	yes
img-00095	B	rule-residual-conceptual	conceptual/architecture diagram, screenshot or illustration redundant with prose	yes
img-00096	B	rule-residual-conceptual	conceptual/architecture diagram, screenshot or illustration redundant with prose	yes
img-00097	B	rule-residual-conceptual	conceptual/architecture diagram, screenshot or illustration redundant with prose	yes
img-00098	B	rule-residual-conceptual	conceptual/architecture diagram, screenshot or illustration redundant with prose	yes
img-00099	B	rule-residual-conceptual	conceptual/architecture diagram, screenshot or illustration redundant with prose	yes
img-00100	B	rule-residual-conceptual	conceptual/architecture diagram, screenshot or illustration redundant with prose	yes
img-00101	B	rule-residual-conceptual	conceptual/architecture diagram, screenshot or illustration redundant with prose	yes
img-00102	B	rule-residual-conceptual	conceptual/architecture diagram, screenshot or illustration redundant with prose	yes
img-00103	B	rule-residual-conceptual	conceptual/architecture diagram, screenshot or illustration redundant with prose	yes
img-00104	B	rule-residual-conceptual	conceptual/architecture diagram, screenshot or illustration redundant with prose	yes
img-00105	B	rule-residual-conceptual	conceptual/architecture diagram, screenshot or illustration redundant with prose	yes
img-00106	B	rule-residual-conceptual	conceptual/architecture diagram, screenshot or illustration redundant with prose	yes
img-00107	B	rule-residual-conceptual	conceptual/architecture diagram, screenshot or illustration redundant with prose	yes
img-00108	B	rule-residual-conceptual	conceptual/architecture diagram, screenshot or illustration redundant with prose	yes
img-00109	B	rule-residual-conceptual	conceptual/architecture diagram, screenshot or illustration redundant with prose	yes
img-00110	B	rule-residual-conceptual	conceptual/architecture diagram, screenshot or illustration redundant with prose	yes
img-00111	B	rule-residual-conceptual	conceptual/architecture diagram, screenshot or illustration redundant with prose	yes
img-00112	B	rule-residual-conceptual	conceptual/architecture diagram, screenshot or illustration redundant with prose	yes
img-00113	B	rule-residual-conceptual	conceptual/architecture diagram, screenshot or illustration redundant with prose	yes
img-00114	B	rule-residual-conceptual	conceptual/architecture diagram, screenshot or illustration redundant with prose	yes
img-00115	B	rule-residual-conceptual	conceptual/architecture diagram, screenshot or illustration redundant with prose	yes
img-00116	B	rule-residual-conceptual	conceptual/architecture diagram, screenshot or illustration redundant with prose	yes
img-00117	B	rule-residual-conceptual	conceptual/architecture diagram, screenshot or illustration redundant with prose	yes
img-00118	B	rule-residual-conceptual	conceptual/architecture diagram, screenshot or illustration redundant with prose	yes
img-00119	B	rule-residual-conceptual	conceptual/architecture diagram, screenshot or illustration redundant with prose	yes
img-00120	B	rule-residual-conceptual	conceptual/architecture diagram, screenshot or illustration redundant with prose	yes
img-00121	B	rule-residual-conceptual	conceptual/architecture diagram, screenshot or illustration redundant with prose	yes
img-00122	B	rule-residual-conceptual	conceptual/architecture diagram, screenshot or illustration redundant with prose	yes
img-00123	B	rule-residual-conceptual	conceptual/architecture diagram, screenshot or illustration redundant with prose	yes
img-00124	E	vision	process flowchart: troubleshooting procedure (check log -> judge -> collect -> analyse)	yes
img-00125	B	rule-cover	cover-page logo, carries no recoverable text	yes
img-00126	B	rule-table-cell	symbol/icon in a table cell, explained by the adjacent cell	yes
img-00127	B	rule-table-cell	symbol/icon in a table cell, explained by the adjacent cell	yes
img-00128	B	rule-table-cell	symbol/icon in a table cell, explained by the adjacent cell	yes
img-00129	B	rule-table-cell	symbol/icon in a table cell, explained by the adjacent cell	yes
img-00130	B	rule-table-cell	symbol/icon in a table cell, explained by the adjacent cell	yes
img-00131	B	rule-table-cell	symbol/icon in a table cell, explained by the adjacent cell	yes
img-00132	B	rule-table-cell	symbol/icon in a table cell, explained by the adjacent cell	yes
img-00133	B	rule-table-cell	symbol/icon in a table cell, explained by the adjacent cell	yes
img-00134	B	rule-table-cell	symbol/icon in a table cell, explained by the adjacent cell	yes
img-00135	B	rule-residual-conceptual	conceptual/architecture diagram, screenshot or illustration redundant with prose	yes
img-00136	B	rule-residual-conceptual	conceptual/architecture diagram, screenshot or illustration redundant with prose	yes
img-00137	B	rule-residual-conceptual	conceptual/architecture diagram, screenshot or illustration redundant with prose	yes
img-00138	B	rule-residual-conceptual	conceptual/architecture diagram, screenshot or illustration redundant with prose	yes
img-00139	B	rule-cover	cover-page logo, carries no recoverable text	yes
img-00140	B	rule-cover	cover-page logo, carries no recoverable text	yes
img-00141	B	rule-table-cell	symbol/icon in a table cell, explained by the adjacent cell	yes
img-00142	B	rule-table-cell	symbol/icon in a table cell, explained by the adjacent cell	yes
img-00143	B	rule-table-cell	symbol/icon in a table cell, explained by the adjacent cell	yes
img-00144	B	rule-table-cell	symbol/icon in a table cell, explained by the adjacent cell	yes
img-00145	B	rule-table-cell	symbol/icon in a table cell, explained by the adjacent cell	yes
img-00146	B	rule-table-cell	symbol/icon in a table cell, explained by the adjacent cell	yes
img-00147	B	rule-table-cell	symbol/icon in a table cell, explained by the adjacent cell	yes
img-00148	B	rule-table-cell	symbol/icon in a table cell, explained by the adjacent cell	yes
img-00149	B	rule-table-cell	symbol/icon in a table cell, explained by the adjacent cell	yes
img-00150	B	rule-residual-conceptual	conceptual/architecture diagram, screenshot or illustration redundant with prose	yes
img-00151	B	rule-residual-conceptual	conceptual/architecture diagram, screenshot or illustration redundant with prose	yes
img-00152	B	rule-residual-conceptual	conceptual/architecture diagram, screenshot or illustration redundant with prose	yes
img-00153	B	rule-residual-conceptual	conceptual/architecture diagram, screenshot or illustration redundant with prose	yes
img-00154	B	rule-residual-conceptual	conceptual/architecture diagram, screenshot or illustration redundant with prose	yes
img-00155	B	rule-residual-conceptual	conceptual/architecture diagram, screenshot or illustration redundant with prose	yes
img-00156	B	rule-residual-conceptual	conceptual/architecture diagram, screenshot or illustration redundant with prose	yes
img-00157	B	rule-residual-conceptual	conceptual/architecture diagram, screenshot or illustration redundant with prose	yes
img-00158	B	rule-residual-conceptual	conceptual/architecture diagram, screenshot or illustration redundant with prose	yes
img-00159	B	rule-residual-conceptual	conceptual/architecture diagram, screenshot or illustration redundant with prose	yes
img-00160	B	rule-residual-conceptual	conceptual/architecture diagram, screenshot or illustration redundant with prose	yes
img-00161	B	rule-residual-conceptual	conceptual/architecture diagram, screenshot or illustration redundant with prose	yes
img-00162	B	rule-residual-conceptual	conceptual/architecture diagram, screenshot or illustration redundant with prose	yes
img-00163	B	rule-residual-conceptual	conceptual/architecture diagram, screenshot or illustration redundant with prose	yes
img-00164	B	rule-residual-conceptual	conceptual/architecture diagram, screenshot or illustration redundant with prose	yes
img-00165	B	rule-residual-conceptual	conceptual/architecture diagram, screenshot or illustration redundant with prose	yes
img-00166	B	rule-residual-conceptual	conceptual/architecture diagram, screenshot or illustration redundant with prose	yes
img-00167	B	rule-cover	cover-page logo, carries no recoverable text	yes
img-00168	B	rule-table-cell	symbol/icon in a table cell, explained by the adjacent cell	yes
img-00169	B	rule-table-cell	symbol/icon in a table cell, explained by the adjacent cell	yes
img-00170	B	rule-table-cell	symbol/icon in a table cell, explained by the adjacent cell	yes
img-00171	B	rule-table-cell	symbol/icon in a table cell, explained by the adjacent cell	yes
img-00172	B	rule-table-cell	symbol/icon in a table cell, explained by the adjacent cell	yes
img-00173	B	rule-table-cell	symbol/icon in a table cell, explained by the adjacent cell	yes
img-00174	B	rule-table-cell	symbol/icon in a table cell, explained by the adjacent cell	yes
img-00175	B	rule-table-cell	symbol/icon in a table cell, explained by the adjacent cell	yes
img-00176	B	rule-table-cell	symbol/icon in a table cell, explained by the adjacent cell	yes
img-00177	B	rule-residual-conceptual	conceptual/architecture diagram, screenshot or illustration redundant with prose	yes
img-00178	B	rule-residual-conceptual	conceptual/architecture diagram, screenshot or illustration redundant with prose	yes
img-00179	B	rule-residual-conceptual	conceptual/architecture diagram, screenshot or illustration redundant with prose	yes
img-00180	B	rule-residual-conceptual	conceptual/architecture diagram, screenshot or illustration redundant with prose	yes
img-00181	C	rule-railroad-bnf	railroad diagram for a ::= grammar production, image-only grammar	yes
img-00182	C	rule-railroad-bnf	railroad diagram for a ::= grammar production, image-only grammar	yes
img-00183	C	rule-railroad-bnf	railroad diagram for a ::= grammar production, image-only grammar	yes
img-00184	C	rule-railroad-bnf	railroad diagram for a ::= grammar production, image-only grammar	yes
img-00185	B	rule-cover	cover-page logo, carries no recoverable text	yes
img-00186	B	rule-cover	cover-page logo, carries no recoverable text	yes
img-00187	B	rule-table-cell	symbol/icon in a table cell, explained by the adjacent cell	yes
img-00188	B	rule-table-cell	symbol/icon in a table cell, explained by the adjacent cell	yes
img-00189	B	rule-table-cell	symbol/icon in a table cell, explained by the adjacent cell	yes
img-00190	B	rule-table-cell	symbol/icon in a table cell, explained by the adjacent cell	yes
img-00191	B	rule-table-cell	symbol/icon in a table cell, explained by the adjacent cell	yes
img-00192	B	rule-table-cell	symbol/icon in a table cell, explained by the adjacent cell	yes
img-00193	B	rule-table-cell	symbol/icon in a table cell, explained by the adjacent cell	yes
img-00194	B	rule-table-cell	symbol/icon in a table cell, explained by the adjacent cell	yes
img-00195	B	rule-table-cell	symbol/icon in a table cell, explained by the adjacent cell	yes
img-00196	B	rule-residual-conceptual	conceptual/architecture diagram, screenshot or illustration redundant with prose	yes
img-00197	C	rule-railroad-synhead	railroad diagram directly under a Syntax heading, image-only grammar	yes
img-00198	C	rule-railroad-synhead	railroad diagram directly under a Syntax heading, image-only grammar	yes
img-00199	C	rule-railroad-synhead	railroad diagram directly under a Syntax heading, image-only grammar	yes
img-00200	C	rule-railroad-bnf	railroad diagram for a ::= grammar production, image-only grammar	yes
img-00201	C	rule-railroad-bnf	railroad diagram for a ::= grammar production, image-only grammar	yes
img-00202	C	rule-railroad-bnf	railroad diagram for a ::= grammar production, image-only grammar	yes
img-00203	C	rule-railroad-bnf	railroad diagram for a ::= grammar production, image-only grammar	yes
img-00204	C	rule-railroad-bnf	railroad diagram for a ::= grammar production, image-only grammar	yes
img-00205	C	rule-railroad-bnf	railroad diagram for a ::= grammar production, image-only grammar	yes
img-00206	C	rule-railroad-synhead	railroad diagram directly under a Syntax heading, image-only grammar	yes
img-00207	C	rule-railroad-bnf	railroad diagram for a ::= grammar production, image-only grammar	yes
img-00208	C	rule-railroad-bnf	railroad diagram for a ::= grammar production, image-only grammar	yes
img-00209	C	rule-railroad-bnf	railroad diagram for a ::= grammar production, image-only grammar	yes
img-00210	C	rule-railroad-bnf	railroad diagram for a ::= grammar production, image-only grammar	yes
img-00211	C	rule-railroad-bnf	railroad diagram for a ::= grammar production, image-only grammar	yes
img-00212	C	rule-railroad-bnf	railroad diagram for a ::= grammar production, image-only grammar	yes
img-00213	C	rule-railroad-synhead	railroad diagram directly under a Syntax heading, image-only grammar	yes
img-00214	C	rule-railroad-bnf	railroad diagram for a ::= grammar production, image-only grammar	yes
img-00215	C	rule-railroad-bnf	railroad diagram for a ::= grammar production, image-only grammar	yes
img-00216	C	rule-railroad-bnf	railroad diagram for a ::= grammar production, image-only grammar	yes
img-00217	B	rule-cover	cover-page logo, carries no recoverable text	yes
img-00218	B	rule-table-cell	symbol/icon in a table cell, explained by the adjacent cell	yes
img-00219	B	rule-table-cell	symbol/icon in a table cell, explained by the adjacent cell	yes
img-00220	B	rule-table-cell	symbol/icon in a table cell, explained by the adjacent cell	yes
img-00221	B	rule-table-cell	symbol/icon in a table cell, explained by the adjacent cell	yes
img-00222	B	rule-table-cell	symbol/icon in a table cell, explained by the adjacent cell	yes
img-00223	B	rule-table-cell	symbol/icon in a table cell, explained by the adjacent cell	yes
img-00224	B	rule-table-cell	symbol/icon in a table cell, explained by the adjacent cell	yes
img-00225	B	rule-table-cell	symbol/icon in a table cell, explained by the adjacent cell	yes
img-00226	B	rule-table-cell	symbol/icon in a table cell, explained by the adjacent cell	yes
img-00227	A	rule-syntax-textblock	syntax diagram redundant with the adjacent text Syntax block	yes
img-00228	A	rule-syntax-textblock	syntax diagram redundant with the adjacent text Syntax block	yes
img-00229	A	rule-syntax-textblock	syntax diagram redundant with the adjacent text Syntax block	yes
img-00230	A	rule-syntax-textblock	syntax diagram redundant with the adjacent text Syntax block	yes
img-00231	A	rule-syntax-textblock	syntax diagram redundant with the adjacent text Syntax block	yes
img-00232	A	rule-syntax-textblock	syntax diagram redundant with the adjacent text Syntax block	yes
img-00233	A	rule-syntax-textblock	syntax diagram redundant with the adjacent text Syntax block	yes
img-00234	A	rule-syntax-textblock	syntax diagram redundant with the adjacent text Syntax block	yes
img-00235	A	rule-syntax-textblock	syntax diagram redundant with the adjacent text Syntax block	yes
img-00236	A	rule-syntax-textblock	syntax diagram redundant with the adjacent text Syntax block	yes
img-00237	A	rule-syntax-textblock	syntax diagram redundant with the adjacent text Syntax block	yes
img-00238	A	rule-syntax-textblock	syntax diagram redundant with the adjacent text Syntax block	yes
img-00239	A	rule-syntax-textblock	syntax diagram redundant with the adjacent text Syntax block	yes
img-00240	A	rule-syntax-textblock	syntax diagram redundant with the adjacent text Syntax block	yes
img-00241	A	rule-syntax-textblock	syntax diagram redundant with the adjacent text Syntax block	yes
img-00242	A	rule-syntax-textblock	syntax diagram redundant with the adjacent text Syntax block	yes
img-00243	A	rule-syntax-textblock	syntax diagram redundant with the adjacent text Syntax block	yes
img-00244	A	rule-syntax-textblock	syntax diagram redundant with the adjacent text Syntax block	yes
img-00245	A	rule-syntax-textblock	syntax diagram redundant with the adjacent text Syntax block	yes
img-00246	A	rule-syntax-textblock	syntax diagram redundant with the adjacent text Syntax block	yes
img-00247	A	rule-syntax-textblock	syntax diagram redundant with the adjacent text Syntax block	yes
img-00248	B	rule-cover	cover-page logo, carries no recoverable text	yes
img-00249	B	rule-table-cell	symbol/icon in a table cell, explained by the adjacent cell	yes
img-00250	B	rule-table-cell	symbol/icon in a table cell, explained by the adjacent cell	yes
img-00251	B	rule-table-cell	symbol/icon in a table cell, explained by the adjacent cell	yes
img-00252	B	rule-table-cell	symbol/icon in a table cell, explained by the adjacent cell	yes
img-00253	B	rule-table-cell	symbol/icon in a table cell, explained by the adjacent cell	yes
img-00254	B	rule-table-cell	symbol/icon in a table cell, explained by the adjacent cell	yes
img-00255	B	rule-table-cell	symbol/icon in a table cell, explained by the adjacent cell	yes
img-00256	B	rule-table-cell	symbol/icon in a table cell, explained by the adjacent cell	yes
img-00257	B	rule-table-cell	symbol/icon in a table cell, explained by the adjacent cell	yes
img-00258	B	rule-residual-conceptual	conceptual/architecture diagram, screenshot or illustration redundant with prose	yes
img-00259	B	rule-cover	cover-page logo, carries no recoverable text	yes
img-00260	B	rule-table-cell	symbol/icon in a table cell, explained by the adjacent cell	yes
img-00261	B	rule-table-cell	symbol/icon in a table cell, explained by the adjacent cell	yes
img-00262	B	rule-table-cell	symbol/icon in a table cell, explained by the adjacent cell	yes
img-00263	B	rule-table-cell	symbol/icon in a table cell, explained by the adjacent cell	yes
img-00264	B	rule-table-cell	symbol/icon in a table cell, explained by the adjacent cell	yes
img-00265	B	rule-table-cell	symbol/icon in a table cell, explained by the adjacent cell	yes
img-00266	B	rule-table-cell	symbol/icon in a table cell, explained by the adjacent cell	yes
img-00267	B	rule-table-cell	symbol/icon in a table cell, explained by the adjacent cell	yes
img-00268	B	rule-table-cell	symbol/icon in a table cell, explained by the adjacent cell	yes
img-00269	B	rule-residual-conceptual	conceptual/architecture diagram, screenshot or illustration redundant with prose	yes
img-00270	B	rule-residual-conceptual	conceptual/architecture diagram, screenshot or illustration redundant with prose	yes
img-00271	B	rule-residual-conceptual	conceptual/architecture diagram, screenshot or illustration redundant with prose	yes
img-00272	B	rule-cover	cover-page logo, carries no recoverable text	yes
img-00273	B	rule-cover	cover-page logo, carries no recoverable text	yes
img-00274	B	rule-residual-conceptual	conceptual/architecture diagram, screenshot or illustration redundant with prose	yes
img-00275	B	rule-residual-conceptual	conceptual/architecture diagram, screenshot or illustration redundant with prose	yes
img-00276	B	rule-residual-conceptual	conceptual/architecture diagram, screenshot or illustration redundant with prose	yes
img-00277	B	rule-residual-conceptual	conceptual/architecture diagram, screenshot or illustration redundant with prose	yes
img-00278	B	rule-residual-conceptual	conceptual/architecture diagram, screenshot or illustration redundant with prose	yes
img-00279	B	rule-residual-conceptual	conceptual/architecture diagram, screenshot or illustration redundant with prose	yes
img-00280	B	rule-residual-conceptual	conceptual/architecture diagram, screenshot or illustration redundant with prose	yes
img-00281	B	rule-residual-conceptual	conceptual/architecture diagram, screenshot or illustration redundant with prose	yes
img-00282	B	rule-residual-conceptual	conceptual/architecture diagram, screenshot or illustration redundant with prose	yes
img-00283	B	rule-residual-conceptual	conceptual/architecture diagram, screenshot or illustration redundant with prose	yes
img-00284	B	rule-residual-conceptual	conceptual/architecture diagram, screenshot or illustration redundant with prose	yes
img-00285	B	rule-residual-conceptual	conceptual/architecture diagram, screenshot or illustration redundant with prose	yes
img-00286	B	rule-residual-conceptual	conceptual/architecture diagram, screenshot or illustration redundant with prose	yes
img-00287	B	rule-residual-conceptual	conceptual/architecture diagram, screenshot or illustration redundant with prose	yes
img-00288	B	rule-residual-conceptual	conceptual/architecture diagram, screenshot or illustration redundant with prose	yes
img-00289	B	rule-residual-conceptual	conceptual/architecture diagram, screenshot or illustration redundant with prose	yes
img-00290	B	rule-residual-conceptual	conceptual/architecture diagram, screenshot or illustration redundant with prose	yes
img-00291	B	rule-residual-conceptual	conceptual/architecture diagram, screenshot or illustration redundant with prose	yes
img-00292	B	rule-residual-conceptual	conceptual/architecture diagram, screenshot or illustration redundant with prose	yes
img-00293	B	rule-residual-conceptual	conceptual/architecture diagram, screenshot or illustration redundant with prose	yes
img-00294	B	rule-residual-conceptual	conceptual/architecture diagram, screenshot or illustration redundant with prose	yes
img-00295	B	rule-residual-conceptual	conceptual/architecture diagram, screenshot or illustration redundant with prose	yes
img-00296	B	rule-residual-conceptual	conceptual/architecture diagram, screenshot or illustration redundant with prose	yes
img-00297	B	rule-residual-conceptual	conceptual/architecture diagram, screenshot or illustration redundant with prose	yes
img-00298	B	rule-residual-conceptual	conceptual/architecture diagram, screenshot or illustration redundant with prose	yes
img-00299	B	rule-residual-conceptual	conceptual/architecture diagram, screenshot or illustration redundant with prose	yes
img-00300	B	rule-residual-conceptual	conceptual/architecture diagram, screenshot or illustration redundant with prose	yes
img-00301	B	rule-residual-conceptual	conceptual/architecture diagram, screenshot or illustration redundant with prose	yes
img-00302	B	rule-residual-conceptual	conceptual/architecture diagram, screenshot or illustration redundant with prose	yes
img-00303	B	rule-residual-conceptual	conceptual/architecture diagram, screenshot or illustration redundant with prose	yes
img-00304	B	rule-residual-conceptual	conceptual/architecture diagram, screenshot or illustration redundant with prose	yes
img-00305	B	rule-residual-conceptual	conceptual/architecture diagram, screenshot or illustration redundant with prose	yes
img-00306	B	rule-residual-conceptual	conceptual/architecture diagram, screenshot or illustration redundant with prose	yes
img-00307	B	rule-residual-conceptual	conceptual/architecture diagram, screenshot or illustration redundant with prose	yes
img-00308	B	rule-residual-conceptual	conceptual/architecture diagram, screenshot or illustration redundant with prose	yes
img-00309	B	rule-residual-conceptual	conceptual/architecture diagram, screenshot or illustration redundant with prose	yes
img-00310	B	rule-cover	cover-page logo, carries no recoverable text	yes
img-00311	B	rule-table-cell	symbol/icon in a table cell, explained by the adjacent cell	yes
img-00312	B	rule-table-cell	symbol/icon in a table cell, explained by the adjacent cell	yes
img-00313	B	rule-table-cell	symbol/icon in a table cell, explained by the adjacent cell	yes
img-00314	B	rule-table-cell	symbol/icon in a table cell, explained by the adjacent cell	yes
img-00315	B	rule-table-cell	symbol/icon in a table cell, explained by the adjacent cell	yes
img-00316	B	rule-table-cell	symbol/icon in a table cell, explained by the adjacent cell	yes
img-00317	B	rule-table-cell	symbol/icon in a table cell, explained by the adjacent cell	yes
img-00318	B	rule-table-cell	symbol/icon in a table cell, explained by the adjacent cell	yes
img-00319	B	rule-table-cell	symbol/icon in a table cell, explained by the adjacent cell	yes
img-00320	B	rule-cover	cover-page logo, carries no recoverable text	yes
img-00321	B	rule-table-cell	symbol/icon in a table cell, explained by the adjacent cell	yes
img-00322	B	rule-table-cell	symbol/icon in a table cell, explained by the adjacent cell	yes
img-00323	B	rule-table-cell	symbol/icon in a table cell, explained by the adjacent cell	yes
img-00324	B	rule-table-cell	symbol/icon in a table cell, explained by the adjacent cell	yes
img-00325	B	rule-table-cell	symbol/icon in a table cell, explained by the adjacent cell	yes
img-00326	B	rule-table-cell	symbol/icon in a table cell, explained by the adjacent cell	yes
img-00327	B	rule-table-cell	symbol/icon in a table cell, explained by the adjacent cell	yes
img-00328	B	rule-table-cell	symbol/icon in a table cell, explained by the adjacent cell	yes
img-00329	B	rule-table-cell	symbol/icon in a table cell, explained by the adjacent cell	yes
img-00330	B	rule-residual-conceptual	conceptual/architecture diagram, screenshot or illustration redundant with prose	yes
img-00331	B	rule-residual-conceptual	conceptual/architecture diagram, screenshot or illustration redundant with prose	yes
img-00332	E	vision	process flowchart with loop: Log Analysis API usage steps STEP1..STEP5	yes
img-00333	B	rule-cover	cover-page logo, carries no recoverable text	yes
img-00334	B	rule-table-cell	symbol/icon in a table cell, explained by the adjacent cell	yes
img-00335	B	rule-table-cell	symbol/icon in a table cell, explained by the adjacent cell	yes
img-00336	B	rule-table-cell	symbol/icon in a table cell, explained by the adjacent cell	yes
img-00337	B	rule-table-cell	symbol/icon in a table cell, explained by the adjacent cell	yes
img-00338	B	rule-table-cell	symbol/icon in a table cell, explained by the adjacent cell	yes
img-00339	B	rule-table-cell	symbol/icon in a table cell, explained by the adjacent cell	yes
img-00340	B	rule-table-cell	symbol/icon in a table cell, explained by the adjacent cell	yes
img-00341	B	rule-table-cell	symbol/icon in a table cell, explained by the adjacent cell	yes
img-00342	B	rule-table-cell	symbol/icon in a table cell, explained by the adjacent cell	yes
img-00343	B	rule-cover	cover-page logo, carries no recoverable text	yes
img-00344	B	rule-cover	cover-page logo, carries no recoverable text	yes
img-00345	B	rule-residual-conceptual	conceptual/architecture diagram, screenshot or illustration redundant with prose	yes
img-00346	B	rule-residual-conceptual	conceptual/architecture diagram, screenshot or illustration redundant with prose	yes
img-00347	B	rule-residual-conceptual	conceptual/architecture diagram, screenshot or illustration redundant with prose	yes
img-00348	B	rule-cover	cover-page logo, carries no recoverable text	yes
img-00349	B	rule-table-cell	symbol/icon in a table cell, explained by the adjacent cell	yes
img-00350	B	rule-table-cell	symbol/icon in a table cell, explained by the adjacent cell	yes
img-00351	B	rule-table-cell	symbol/icon in a table cell, explained by the adjacent cell	yes
img-00352	B	rule-table-cell	symbol/icon in a table cell, explained by the adjacent cell	yes
img-00353	B	rule-table-cell	symbol/icon in a table cell, explained by the adjacent cell	yes
img-00354	B	rule-table-cell	symbol/icon in a table cell, explained by the adjacent cell	yes
img-00355	B	rule-table-cell	symbol/icon in a table cell, explained by the adjacent cell	yes
img-00356	B	rule-table-cell	symbol/icon in a table cell, explained by the adjacent cell	yes
img-00357	B	rule-table-cell	symbol/icon in a table cell, explained by the adjacent cell	yes
img-00358	E	vision	process flowchart: client/server query-processing pipeline (Parsing-Validation-Optimization-Binding-Execution)	yes
img-00359	E	vision	process flowchart: optimizer pipeline (Query Rewriter -> Logical Plan Generator -> Physical Plan Generator)	yes
img-00360	E	vision	directed conversion graph: data-type conversion paths with G/E/L penalty edges	yes
img-00361	B	rule-residual-conceptual	conceptual/architecture diagram, screenshot or illustration redundant with prose	yes
img-00362	B	rule-residual-conceptual	conceptual/architecture diagram, screenshot or illustration redundant with prose	yes
img-00363	B	rule-residual-conceptual	conceptual/architecture diagram, screenshot or illustration redundant with prose	yes
img-00364	B	rule-residual-conceptual	conceptual/architecture diagram, screenshot or illustration redundant with prose	yes
img-00365	B	rule-residual-conceptual	conceptual/architecture diagram, screenshot or illustration redundant with prose	yes
img-00366	B	rule-residual-conceptual	conceptual/architecture diagram, screenshot or illustration redundant with prose	yes
img-00367	B	rule-residual-conceptual	conceptual/architecture diagram, screenshot or illustration redundant with prose	yes
img-00368	B	rule-residual-conceptual	conceptual/architecture diagram, screenshot or illustration redundant with prose	yes
img-00369	B	rule-residual-conceptual	conceptual/architecture diagram, screenshot or illustration redundant with prose	yes
img-00370	B	rule-residual-conceptual	conceptual/architecture diagram, screenshot or illustration redundant with prose	yes
img-00371	B	rule-residual-conceptual	conceptual/architecture diagram, screenshot or illustration redundant with prose	yes
img-00372	B	rule-residual-conceptual	conceptual/architecture diagram, screenshot or illustration redundant with prose	yes
img-00373	B	rule-residual-conceptual	conceptual/architecture diagram, screenshot or illustration redundant with prose	yes
img-00374	B	rule-residual-conceptual	conceptual/architecture diagram, screenshot or illustration redundant with prose	yes
img-00375	B	rule-residual-conceptual	conceptual/architecture diagram, screenshot or illustration redundant with prose	yes
img-00376	B	rule-residual-conceptual	conceptual/architecture diagram, screenshot or illustration redundant with prose	yes
img-00377	B	rule-residual-conceptual	conceptual/architecture diagram, screenshot or illustration redundant with prose	yes
img-00378	B	rule-residual-conceptual	conceptual/architecture diagram, screenshot or illustration redundant with prose	yes
img-00379	B	rule-residual-conceptual	conceptual/architecture diagram, screenshot or illustration redundant with prose	yes
img-00380	B	rule-residual-conceptual	conceptual/architecture diagram, screenshot or illustration redundant with prose	yes
img-00381	B	rule-residual-conceptual	conceptual/architecture diagram, screenshot or illustration redundant with prose	yes
img-00382	B	rule-residual-conceptual	conceptual/architecture diagram, screenshot or illustration redundant with prose	yes
img-00383	B	rule-residual-conceptual	conceptual/architecture diagram, screenshot or illustration redundant with prose	yes
img-00384	B	rule-residual-conceptual	conceptual/architecture diagram, screenshot or illustration redundant with prose	yes
img-00385	B	rule-residual-conceptual	conceptual/architecture diagram, screenshot or illustration redundant with prose	yes
img-00386	B	rule-residual-conceptual	conceptual/architecture diagram, screenshot or illustration redundant with prose	yes
img-00387	B	rule-residual-conceptual	conceptual/architecture diagram, screenshot or illustration redundant with prose	yes
img-00388	B	rule-residual-conceptual	conceptual/architecture diagram, screenshot or illustration redundant with prose	yes
img-00389	B	rule-residual-conceptual	conceptual/architecture diagram, screenshot or illustration redundant with prose	yes
img-00390	B	rule-residual-conceptual	conceptual/architecture diagram, screenshot or illustration redundant with prose	yes
img-00391	B	rule-residual-conceptual	conceptual/architecture diagram, screenshot or illustration redundant with prose	yes
img-00392	B	rule-residual-conceptual	conceptual/architecture diagram, screenshot or illustration redundant with prose	yes
img-00393	B	rule-residual-conceptual	conceptual/architecture diagram, screenshot or illustration redundant with prose	yes
img-00394	B	rule-residual-conceptual	conceptual/architecture diagram, screenshot or illustration redundant with prose	yes
img-00395	B	rule-residual-conceptual	conceptual/architecture diagram, screenshot or illustration redundant with prose	yes
img-00396	B	rule-residual-conceptual	conceptual/architecture diagram, screenshot or illustration redundant with prose	yes
img-00397	B	rule-residual-conceptual	conceptual/architecture diagram, screenshot or illustration redundant with prose	yes
img-00398	B	rule-residual-conceptual	conceptual/architecture diagram, screenshot or illustration redundant with prose	yes
img-00399	B	rule-residual-conceptual	conceptual/architecture diagram, screenshot or illustration redundant with prose	yes
img-00400	B	rule-residual-conceptual	conceptual/architecture diagram, screenshot or illustration redundant with prose	yes
img-00401	B	rule-residual-conceptual	conceptual/architecture diagram, screenshot or illustration redundant with prose	yes
img-00402	B	rule-residual-conceptual	conceptual/architecture diagram, screenshot or illustration redundant with prose	yes
img-00403	B	rule-residual-conceptual	conceptual/architecture diagram, screenshot or illustration redundant with prose	yes
img-00404	B	rule-residual-conceptual	conceptual/architecture diagram, screenshot or illustration redundant with prose	yes
img-00405	B	rule-residual-conceptual	conceptual/architecture diagram, screenshot or illustration redundant with prose	yes
img-00406	B	rule-residual-conceptual	conceptual/architecture diagram, screenshot or illustration redundant with prose	yes
img-00407	B	rule-residual-conceptual	conceptual/architecture diagram, screenshot or illustration redundant with prose	yes
img-00408	B	rule-residual-conceptual	conceptual/architecture diagram, screenshot or illustration redundant with prose	yes
img-00409	B	rule-residual-conceptual	conceptual/architecture diagram, screenshot or illustration redundant with prose	yes
img-00410	B	rule-residual-conceptual	conceptual/architecture diagram, screenshot or illustration redundant with prose	yes
img-00411	B	rule-residual-conceptual	conceptual/architecture diagram, screenshot or illustration redundant with prose	yes
img-00412	B	rule-residual-conceptual	conceptual/architecture diagram, screenshot or illustration redundant with prose	yes
img-00413	B	rule-residual-conceptual	conceptual/architecture diagram, screenshot or illustration redundant with prose	yes
img-00414	B	rule-residual-conceptual	conceptual/architecture diagram, screenshot or illustration redundant with prose	yes
img-00415	B	rule-residual-conceptual	conceptual/architecture diagram, screenshot or illustration redundant with prose	yes
img-00416	B	rule-residual-conceptual	conceptual/architecture diagram, screenshot or illustration redundant with prose	yes
img-00417	B	rule-residual-conceptual	conceptual/architecture diagram, screenshot or illustration redundant with prose	yes
img-00418	B	rule-residual-conceptual	conceptual/architecture diagram, screenshot or illustration redundant with prose	yes
img-00419	B	rule-residual-conceptual	conceptual/architecture diagram, screenshot or illustration redundant with prose	yes
img-00420	B	rule-residual-conceptual	conceptual/architecture diagram, screenshot or illustration redundant with prose	yes
img-00421	B	rule-residual-conceptual	conceptual/architecture diagram, screenshot or illustration redundant with prose	yes
img-00422	B	rule-residual-conceptual	conceptual/architecture diagram, screenshot or illustration redundant with prose	yes
img-00423	B	rule-residual-conceptual	conceptual/architecture diagram, screenshot or illustration redundant with prose	yes
img-00424	B	rule-residual-conceptual	conceptual/architecture diagram, screenshot or illustration redundant with prose	yes
img-00425	B	rule-residual-conceptual	conceptual/architecture diagram, screenshot or illustration redundant with prose	yes
img-00426	B	rule-residual-conceptual	conceptual/architecture diagram, screenshot or illustration redundant with prose	yes
img-00427	B	rule-residual-conceptual	conceptual/architecture diagram, screenshot or illustration redundant with prose	yes
img-00428	B	rule-residual-conceptual	conceptual/architecture diagram, screenshot or illustration redundant with prose	yes
img-00429	B	rule-residual-conceptual	conceptual/architecture diagram, screenshot or illustration redundant with prose	yes
img-00430	B	rule-residual-conceptual	conceptual/architecture diagram, screenshot or illustration redundant with prose	yes
img-00431	B	rule-cover	cover-page logo, carries no recoverable text	yes
img-00432	B	rule-table-cell	symbol/icon in a table cell, explained by the adjacent cell	yes
img-00433	B	rule-table-cell	symbol/icon in a table cell, explained by the adjacent cell	yes
img-00434	B	rule-table-cell	symbol/icon in a table cell, explained by the adjacent cell	yes
img-00435	B	rule-table-cell	symbol/icon in a table cell, explained by the adjacent cell	yes
img-00436	B	rule-table-cell	symbol/icon in a table cell, explained by the adjacent cell	yes
img-00437	B	rule-table-cell	symbol/icon in a table cell, explained by the adjacent cell	yes
img-00438	B	rule-table-cell	symbol/icon in a table cell, explained by the adjacent cell	yes
img-00439	B	rule-table-cell	symbol/icon in a table cell, explained by the adjacent cell	yes
img-00440	B	rule-table-cell	symbol/icon in a table cell, explained by the adjacent cell	yes
img-00441	B	rule-residual-conceptual	conceptual/architecture diagram, screenshot or illustration redundant with prose	yes
img-00442	B	rule-residual-conceptual	conceptual/architecture diagram, screenshot or illustration redundant with prose	yes
img-00443	B	rule-cover	cover-page logo, carries no recoverable text	yes
img-00444	B	rule-table-cell	symbol/icon in a table cell, explained by the adjacent cell	yes
img-00445	B	rule-table-cell	symbol/icon in a table cell, explained by the adjacent cell	yes
img-00446	B	rule-table-cell	symbol/icon in a table cell, explained by the adjacent cell	yes
img-00447	B	rule-table-cell	symbol/icon in a table cell, explained by the adjacent cell	yes
img-00448	B	rule-table-cell	symbol/icon in a table cell, explained by the adjacent cell	yes
img-00449	B	rule-table-cell	symbol/icon in a table cell, explained by the adjacent cell	yes
img-00450	B	rule-table-cell	symbol/icon in a table cell, explained by the adjacent cell	yes
img-00451	B	rule-table-cell	symbol/icon in a table cell, explained by the adjacent cell	yes
img-00452	B	rule-table-cell	symbol/icon in a table cell, explained by the adjacent cell	yes
img-00453	B	rule-residual-conceptual	conceptual/architecture diagram, screenshot or illustration redundant with prose	yes
img-00454	B	rule-residual-conceptual	conceptual/architecture diagram, screenshot or illustration redundant with prose	yes
img-00455	B	rule-residual-conceptual	conceptual/architecture diagram, screenshot or illustration redundant with prose	yes
img-00456	B	rule-residual-conceptual	conceptual/architecture diagram, screenshot or illustration redundant with prose	yes
img-00457	B	rule-residual-conceptual	conceptual/architecture diagram, screenshot or illustration redundant with prose	yes
img-00458	B	rule-residual-conceptual	conceptual/architecture diagram, screenshot or illustration redundant with prose	yes
img-00459	B	rule-residual-conceptual	conceptual/architecture diagram, screenshot or illustration redundant with prose	yes
img-00460	E	vision	decision flowchart: replication fail-over with failure branch and retry loop	yes
img-00461	E	vision	process flowchart: fail-over callback sequence (FO_BEGIN/FO_GO/FO_END cases)	yes
img-00462	B	rule-cover	cover-page logo, carries no recoverable text	yes
img-00463	B	rule-table-cell	symbol/icon in a table cell, explained by the adjacent cell	yes
img-00464	B	rule-table-cell	symbol/icon in a table cell, explained by the adjacent cell	yes
img-00465	B	rule-table-cell	symbol/icon in a table cell, explained by the adjacent cell	yes
img-00466	B	rule-table-cell	symbol/icon in a table cell, explained by the adjacent cell	yes
img-00467	B	rule-table-cell	symbol/icon in a table cell, explained by the adjacent cell	yes
img-00468	B	rule-table-cell	symbol/icon in a table cell, explained by the adjacent cell	yes
img-00469	B	rule-table-cell	symbol/icon in a table cell, explained by the adjacent cell	yes
img-00470	B	rule-table-cell	symbol/icon in a table cell, explained by the adjacent cell	yes
img-00471	B	rule-table-cell	symbol/icon in a table cell, explained by the adjacent cell	yes
img-00472	B	rule-residual-conceptual	conceptual/architecture diagram, screenshot or illustration redundant with prose	yes
img-00473	B	rule-residual-conceptual	conceptual/architecture diagram, screenshot or illustration redundant with prose	yes
img-00474	B	rule-residual-conceptual	conceptual/architecture diagram, screenshot or illustration redundant with prose	yes
img-00475	B	rule-residual-conceptual	conceptual/architecture diagram, screenshot or illustration redundant with prose	yes
img-00476	B	rule-residual-conceptual	conceptual/architecture diagram, screenshot or illustration redundant with prose	yes
img-00477	B	rule-residual-conceptual	conceptual/architecture diagram, screenshot or illustration redundant with prose	yes
img-00478	B	rule-residual-conceptual	conceptual/architecture diagram, screenshot or illustration redundant with prose	yes
img-00479	B	rule-cover	cover-page logo, carries no recoverable text	yes
img-00480	B	rule-table-cell	symbol/icon in a table cell, explained by the adjacent cell	yes
img-00481	B	rule-table-cell	symbol/icon in a table cell, explained by the adjacent cell	yes
img-00482	B	rule-table-cell	symbol/icon in a table cell, explained by the adjacent cell	yes
img-00483	B	rule-table-cell	symbol/icon in a table cell, explained by the adjacent cell	yes
img-00484	B	rule-table-cell	symbol/icon in a table cell, explained by the adjacent cell	yes
img-00485	B	rule-table-cell	symbol/icon in a table cell, explained by the adjacent cell	yes
img-00486	B	rule-table-cell	symbol/icon in a table cell, explained by the adjacent cell	yes
img-00487	B	rule-table-cell	symbol/icon in a table cell, explained by the adjacent cell	yes
img-00488	B	rule-table-cell	symbol/icon in a table cell, explained by the adjacent cell	yes
img-00489	C	rule-railroad-bnf	railroad diagram for a ::= grammar production, image-only grammar	yes
img-00490	C	rule-hint	hint railroad diagram, only source of the hint grammar	yes
img-00491	C	rule-hint	hint railroad diagram, only source of the hint grammar	yes
img-00492	C	rule-hint	hint railroad diagram, only source of the hint grammar	yes
img-00493	C	rule-hint	hint railroad diagram, only source of the hint grammar	yes
img-00494	C	rule-hint	hint railroad diagram, only source of the hint grammar	yes
img-00495	C	rule-hint	hint railroad diagram, only source of the hint grammar	yes
img-00496	C	rule-hint	hint railroad diagram, only source of the hint grammar	yes
img-00497	C	rule-hint	hint railroad diagram, only source of the hint grammar	yes
img-00498	C	rule-hint	hint railroad diagram, only source of the hint grammar	yes
img-00499	C	rule-hint	hint railroad diagram, only source of the hint grammar	yes
img-00500	C	rule-hint	hint railroad diagram, only source of the hint grammar	yes
img-00501	C	rule-hint	hint railroad diagram, only source of the hint grammar	yes
img-00502	C	rule-hint	hint railroad diagram, only source of the hint grammar	yes
img-00503	C	rule-hint	hint railroad diagram, only source of the hint grammar	yes
img-00504	C	rule-hint	hint railroad diagram, only source of the hint grammar	yes
img-00505	C	rule-hint	hint railroad diagram, only source of the hint grammar	yes
img-00506	C	rule-hint	hint railroad diagram, only source of the hint grammar	yes
img-00507	C	rule-hint	hint railroad diagram, only source of the hint grammar	yes
img-00508	C	rule-hint	hint railroad diagram, only source of the hint grammar	yes
img-00509	C	rule-hint	hint railroad diagram, only source of the hint grammar	yes
img-00510	C	rule-hint	hint railroad diagram, only source of the hint grammar	yes
img-00511	C	rule-hint	hint railroad diagram, only source of the hint grammar	yes
img-00512	C	rule-hint	hint railroad diagram, only source of the hint grammar	yes
img-00513	C	rule-hint	hint railroad diagram, only source of the hint grammar	yes
img-00514	C	rule-hint	hint railroad diagram, only source of the hint grammar	yes
img-00515	C	rule-hint	hint railroad diagram, only source of the hint grammar	yes
img-00516	C	rule-hint	hint railroad diagram, only source of the hint grammar	yes
img-00517	C	rule-hint	hint railroad diagram, only source of the hint grammar	yes
img-00518	C	rule-hint	hint railroad diagram, only source of the hint grammar	yes
img-00519	C	rule-hint	hint railroad diagram, only source of the hint grammar	yes
img-00520	C	rule-hint	hint railroad diagram, only source of the hint grammar	yes
img-00521	C	rule-hint	hint railroad diagram, only source of the hint grammar	yes
img-00522	C	rule-hint	hint railroad diagram, only source of the hint grammar	yes
img-00523	C	rule-hint	hint railroad diagram, only source of the hint grammar	yes
img-00524	C	rule-hint	hint railroad diagram, only source of the hint grammar	yes
img-00525	C	rule-hint	hint railroad diagram, only source of the hint grammar	yes
img-00526	C	rule-hint	hint railroad diagram, only source of the hint grammar	yes
img-00527	C	rule-hint	hint railroad diagram, only source of the hint grammar	yes
img-00528	C	rule-hint	hint railroad diagram, only source of the hint grammar	yes
img-00529	C	rule-hint	hint railroad diagram, only source of the hint grammar	yes
img-00530	C	rule-hint	hint railroad diagram, only source of the hint grammar	yes
img-00531	C	rule-hint	hint railroad diagram, only source of the hint grammar	yes
img-00532	C	rule-hint	hint railroad diagram, only source of the hint grammar	yes
img-00533	C	rule-hint	hint railroad diagram, only source of the hint grammar	yes
img-00534	C	rule-hint	hint railroad diagram, only source of the hint grammar	yes
img-00535	C	rule-hint	hint railroad diagram, only source of the hint grammar	yes
img-00536	C	rule-hint	hint railroad diagram, only source of the hint grammar	yes
img-00537	C	rule-hint	hint railroad diagram, only source of the hint grammar	yes
img-00538	C	rule-hint	hint railroad diagram, only source of the hint grammar	yes
img-00539	C	rule-hint	hint railroad diagram, only source of the hint grammar	yes
img-00540	C	rule-hint	hint railroad diagram, only source of the hint grammar	yes
img-00541	C	rule-hint	hint railroad diagram, only source of the hint grammar	yes
img-00542	C	rule-hint	hint railroad diagram, only source of the hint grammar	yes
img-00543	C	rule-hint	hint railroad diagram, only source of the hint grammar	yes
img-00544	C	rule-hint	hint railroad diagram, only source of the hint grammar	yes
img-00545	C	rule-hint	hint railroad diagram, only source of the hint grammar	yes
img-00546	C	rule-hint	hint railroad diagram, only source of the hint grammar	yes
img-00547	C	rule-hint	hint railroad diagram, only source of the hint grammar	yes
img-00548	C	rule-hint	hint railroad diagram, only source of the hint grammar	yes
img-00549	C	rule-hint	hint railroad diagram, only source of the hint grammar	yes
img-00550	C	rule-hint	hint railroad diagram, only source of the hint grammar	yes
img-00551	C	rule-hint	hint railroad diagram, only source of the hint grammar	yes
img-00552	C	rule-hint	hint railroad diagram, only source of the hint grammar	yes
img-00553	C	rule-hint	hint railroad diagram, only source of the hint grammar	yes
img-00554	C	rule-hint	hint railroad diagram, only source of the hint grammar	yes
img-00555	C	rule-hint	hint railroad diagram, only source of the hint grammar	yes
img-00556	C	rule-hint	hint railroad diagram, only source of the hint grammar	yes
img-00557	C	rule-hint	hint railroad diagram, only source of the hint grammar	yes
img-00558	C	rule-hint	hint railroad diagram, only source of the hint grammar	yes
img-00559	C	rule-hint	hint railroad diagram, only source of the hint grammar	yes
img-00560	C	rule-hint	hint railroad diagram, only source of the hint grammar	yes
img-00561	C	rule-hint	hint railroad diagram, only source of the hint grammar	yes
img-00562	C	rule-hint	hint railroad diagram, only source of the hint grammar	yes
img-00563	C	rule-hint	hint railroad diagram, only source of the hint grammar	yes
img-00564	C	rule-hint	hint railroad diagram, only source of the hint grammar	yes
img-00565	C	rule-railroad-bnf	railroad diagram for a ::= grammar production, image-only grammar	yes
img-00566	C	rule-railroad-bnf	railroad diagram for a ::= grammar production, image-only grammar	yes
img-00567	C	rule-railroad-bnf	railroad diagram for a ::= grammar production, image-only grammar	yes
img-00568	C	rule-railroad-bnf	railroad diagram for a ::= grammar production, image-only grammar	yes
img-00569	C	rule-railroad-bnf	railroad diagram for a ::= grammar production, image-only grammar	yes
img-00570	C	rule-railroad-bnf	railroad diagram for a ::= grammar production, image-only grammar	yes
img-00571	C	rule-railroad-bnf	railroad diagram for a ::= grammar production, image-only grammar	yes
img-00572	C	rule-railroad-bnf	railroad diagram for a ::= grammar production, image-only grammar	yes
img-00573	C	rule-railroad-bnf	railroad diagram for a ::= grammar production, image-only grammar	yes
img-00574	C	rule-railroad-bnf	railroad diagram for a ::= grammar production, image-only grammar	yes
img-00575	C	rule-railroad-bnf	railroad diagram for a ::= grammar production, image-only grammar	yes
img-00576	C	rule-railroad-bnf	railroad diagram for a ::= grammar production, image-only grammar	yes
img-00577	C	rule-railroad-bnf	railroad diagram for a ::= grammar production, image-only grammar	yes
img-00578	C	rule-railroad-bnf	railroad diagram for a ::= grammar production, image-only grammar	yes
img-00579	C	rule-railroad-bnf	railroad diagram for a ::= grammar production, image-only grammar	yes
img-00580	C	rule-railroad-bnf	railroad diagram for a ::= grammar production, image-only grammar	yes
img-00581	C	rule-railroad-bnf	railroad diagram for a ::= grammar production, image-only grammar	yes
img-00582	C	rule-railroad-bnf	railroad diagram for a ::= grammar production, image-only grammar	yes
img-00583	C	rule-railroad-bnf	railroad diagram for a ::= grammar production, image-only grammar	yes
img-00584	C	rule-railroad-bnf	railroad diagram for a ::= grammar production, image-only grammar	yes
img-00585	C	rule-railroad-bnf	railroad diagram for a ::= grammar production, image-only grammar	yes
img-00586	C	rule-railroad-bnf	railroad diagram for a ::= grammar production, image-only grammar	yes
img-00587	C	rule-railroad-bnf	railroad diagram for a ::= grammar production, image-only grammar	yes
img-00588	C	rule-railroad-bnf	railroad diagram for a ::= grammar production, image-only grammar	yes
img-00589	C	rule-railroad-bnf	railroad diagram for a ::= grammar production, image-only grammar	yes
img-00590	C	rule-railroad-bnf	railroad diagram for a ::= grammar production, image-only grammar	yes
img-00591	C	rule-railroad-bnf	railroad diagram for a ::= grammar production, image-only grammar	yes
img-00592	C	rule-railroad-bnf	railroad diagram for a ::= grammar production, image-only grammar	yes
img-00593	C	rule-railroad-bnf	railroad diagram for a ::= grammar production, image-only grammar	yes
img-00594	C	rule-railroad-bnf	railroad diagram for a ::= grammar production, image-only grammar	yes
img-00595	C	rule-railroad-bnf	railroad diagram for a ::= grammar production, image-only grammar	yes
img-00596	C	rule-railroad-bnf	railroad diagram for a ::= grammar production, image-only grammar	yes
img-00597	C	rule-railroad-bnf	railroad diagram for a ::= grammar production, image-only grammar	yes
img-00598	C	rule-railroad-bnf	railroad diagram for a ::= grammar production, image-only grammar	yes
img-00599	C	rule-railroad-bnf	railroad diagram for a ::= grammar production, image-only grammar	yes
img-00600	C	rule-railroad-bnf	railroad diagram for a ::= grammar production, image-only grammar	yes
img-00601	C	rule-railroad-bnf	railroad diagram for a ::= grammar production, image-only grammar	yes
img-00602	C	rule-railroad-bnf	railroad diagram for a ::= grammar production, image-only grammar	yes
img-00603	C	rule-railroad-bnf	railroad diagram for a ::= grammar production, image-only grammar	yes
img-00604	C	rule-railroad-bnf	railroad diagram for a ::= grammar production, image-only grammar	yes
img-00605	C	rule-railroad-bnf	railroad diagram for a ::= grammar production, image-only grammar	yes
img-00606	C	rule-railroad-bnf	railroad diagram for a ::= grammar production, image-only grammar	yes
img-00607	C	rule-railroad-bnf	railroad diagram for a ::= grammar production, image-only grammar	yes
img-00608	C	rule-railroad-bnf	railroad diagram for a ::= grammar production, image-only grammar	yes
img-00609	C	rule-railroad-bnf	railroad diagram for a ::= grammar production, image-only grammar	yes
img-00610	C	rule-railroad-bnf	railroad diagram for a ::= grammar production, image-only grammar	yes
img-00611	C	rule-railroad-bnf	railroad diagram for a ::= grammar production, image-only grammar	yes
img-00612	C	rule-railroad-bnf	railroad diagram for a ::= grammar production, image-only grammar	yes
img-00613	C	rule-railroad-bnf	railroad diagram for a ::= grammar production, image-only grammar	yes
img-00614	C	rule-railroad-bnf	railroad diagram for a ::= grammar production, image-only grammar	yes
img-00615	C	rule-railroad-bnf	railroad diagram for a ::= grammar production, image-only grammar	yes
img-00616	C	rule-railroad-bnf	railroad diagram for a ::= grammar production, image-only grammar	yes
img-00617	C	rule-railroad-bnf	railroad diagram for a ::= grammar production, image-only grammar	yes
img-00618	C	rule-railroad-bnf	railroad diagram for a ::= grammar production, image-only grammar	yes
img-00619	C	rule-railroad-bnf	railroad diagram for a ::= grammar production, image-only grammar	yes
img-00620	C	rule-railroad-bnf	railroad diagram for a ::= grammar production, image-only grammar	yes
img-00621	C	rule-railroad-bnf	railroad diagram for a ::= grammar production, image-only grammar	yes
img-00622	C	rule-railroad-bnf	railroad diagram for a ::= grammar production, image-only grammar	yes
img-00623	C	rule-railroad-bnf	railroad diagram for a ::= grammar production, image-only grammar	yes
img-00624	C	rule-railroad-bnf	railroad diagram for a ::= grammar production, image-only grammar	yes
img-00625	C	rule-railroad-bnf	railroad diagram for a ::= grammar production, image-only grammar	yes
img-00626	C	rule-railroad-bnf	railroad diagram for a ::= grammar production, image-only grammar	yes
img-00627	C	rule-railroad-bnf	railroad diagram for a ::= grammar production, image-only grammar	yes
img-00628	C	rule-railroad-bnf	railroad diagram for a ::= grammar production, image-only grammar	yes
img-00629	C	rule-railroad-bnf	railroad diagram for a ::= grammar production, image-only grammar	yes
img-00630	C	rule-railroad-bnf	railroad diagram for a ::= grammar production, image-only grammar	yes
img-00631	C	rule-railroad-bnf	railroad diagram for a ::= grammar production, image-only grammar	yes
img-00632	C	rule-railroad-bnf	railroad diagram for a ::= grammar production, image-only grammar	yes
img-00633	C	rule-railroad-bnf	railroad diagram for a ::= grammar production, image-only grammar	yes
img-00634	C	rule-railroad-bnf	railroad diagram for a ::= grammar production, image-only grammar	yes
img-00635	C	rule-railroad-bnf	railroad diagram for a ::= grammar production, image-only grammar	yes
img-00636	C	rule-railroad-bnf	railroad diagram for a ::= grammar production, image-only grammar	yes
img-00637	C	rule-railroad-bnf	railroad diagram for a ::= grammar production, image-only grammar	yes
img-00638	C	rule-railroad-bnf	railroad diagram for a ::= grammar production, image-only grammar	yes
img-00639	C	rule-railroad-bnf	railroad diagram for a ::= grammar production, image-only grammar	yes
img-00640	C	rule-railroad-bnf	railroad diagram for a ::= grammar production, image-only grammar	yes
img-00641	C	rule-railroad-bnf	railroad diagram for a ::= grammar production, image-only grammar	yes
img-00642	C	rule-railroad-bnf	railroad diagram for a ::= grammar production, image-only grammar	yes
img-00643	C	rule-railroad-bnf	railroad diagram for a ::= grammar production, image-only grammar	yes
img-00644	C	rule-railroad-bnf	railroad diagram for a ::= grammar production, image-only grammar	yes
img-00645	C	rule-railroad-bnf	railroad diagram for a ::= grammar production, image-only grammar	yes
img-00646	C	rule-railroad-bnf	railroad diagram for a ::= grammar production, image-only grammar	yes
img-00647	C	rule-railroad-bnf	railroad diagram for a ::= grammar production, image-only grammar	yes
img-00648	C	rule-railroad-bnf	railroad diagram for a ::= grammar production, image-only grammar	yes
img-00649	C	rule-railroad-bnf	railroad diagram for a ::= grammar production, image-only grammar	yes
img-00650	C	rule-railroad-bnf	railroad diagram for a ::= grammar production, image-only grammar	yes
img-00651	C	rule-railroad-bnf	railroad diagram for a ::= grammar production, image-only grammar	yes
img-00652	C	rule-railroad-bnf	railroad diagram for a ::= grammar production, image-only grammar	yes
img-00653	C	rule-railroad-bnf	railroad diagram for a ::= grammar production, image-only grammar	yes
img-00654	C	rule-railroad-bnf	railroad diagram for a ::= grammar production, image-only grammar	yes
img-00655	C	rule-railroad-bnf	railroad diagram for a ::= grammar production, image-only grammar	yes
img-00656	C	rule-railroad-bnf	railroad diagram for a ::= grammar production, image-only grammar	yes
img-00657	C	rule-railroad-bnf	railroad diagram for a ::= grammar production, image-only grammar	yes
img-00658	C	rule-railroad-bnf	railroad diagram for a ::= grammar production, image-only grammar	yes
img-00659	C	rule-railroad-bnf	railroad diagram for a ::= grammar production, image-only grammar	yes
img-00660	C	rule-railroad-bnf	railroad diagram for a ::= grammar production, image-only grammar	yes
img-00661	C	rule-railroad-bnf	railroad diagram for a ::= grammar production, image-only grammar	yes
img-00662	C	rule-railroad-bnf	railroad diagram for a ::= grammar production, image-only grammar	yes
img-00663	C	rule-railroad-bnf	railroad diagram for a ::= grammar production, image-only grammar	yes
img-00664	C	rule-railroad-bnf	railroad diagram for a ::= grammar production, image-only grammar	yes
img-00665	C	rule-railroad-bnf	railroad diagram for a ::= grammar production, image-only grammar	yes
img-00666	C	rule-railroad-bnf	railroad diagram for a ::= grammar production, image-only grammar	yes
img-00667	C	rule-railroad-bnf	railroad diagram for a ::= grammar production, image-only grammar	yes
img-00668	C	rule-railroad-bnf	railroad diagram for a ::= grammar production, image-only grammar	yes
img-00669	C	rule-railroad-bnf	railroad diagram for a ::= grammar production, image-only grammar	yes
img-00670	C	rule-railroad-bnf	railroad diagram for a ::= grammar production, image-only grammar	yes
img-00671	C	rule-railroad-bnf	railroad diagram for a ::= grammar production, image-only grammar	yes
img-00672	C	rule-railroad-bnf	railroad diagram for a ::= grammar production, image-only grammar	yes
img-00673	C	rule-railroad-bnf	railroad diagram for a ::= grammar production, image-only grammar	yes
img-00674	C	rule-railroad-bnf	railroad diagram for a ::= grammar production, image-only grammar	yes
img-00675	C	rule-railroad-synhead	railroad diagram directly under a Syntax heading, image-only grammar	yes
img-00676	C	rule-railroad-bnf	railroad diagram for a ::= grammar production, image-only grammar	yes
img-00677	C	rule-railroad-bnf	railroad diagram for a ::= grammar production, image-only grammar	yes
img-00678	C	rule-railroad-bnf	railroad diagram for a ::= grammar production, image-only grammar	yes
img-00679	C	rule-railroad-bnf	railroad diagram for a ::= grammar production, image-only grammar	yes
img-00680	C	rule-railroad-bnf	railroad diagram for a ::= grammar production, image-only grammar	yes
img-00681	C	rule-railroad-bnf	railroad diagram for a ::= grammar production, image-only grammar	yes
img-00682	C	rule-railroad-bnf	railroad diagram for a ::= grammar production, image-only grammar	yes
img-00683	C	rule-railroad-bnf	railroad diagram for a ::= grammar production, image-only grammar	yes
img-00684	C	rule-railroad-bnf	railroad diagram for a ::= grammar production, image-only grammar	yes
img-00685	C	rule-railroad-bnf	railroad diagram for a ::= grammar production, image-only grammar	yes
img-00686	C	rule-railroad-bnf	railroad diagram for a ::= grammar production, image-only grammar	yes
img-00687	C	rule-railroad-bnf	railroad diagram for a ::= grammar production, image-only grammar	yes
img-00688	C	rule-railroad-bnf	railroad diagram for a ::= grammar production, image-only grammar	yes
img-00689	C	rule-railroad-bnf	railroad diagram for a ::= grammar production, image-only grammar	yes
img-00690	B	rule-residual-conceptual	conceptual/architecture diagram, screenshot or illustration redundant with prose	yes
img-00691	C	rule-railroad-bnf	railroad diagram for a ::= grammar production, image-only grammar	yes
img-00692	C	rule-railroad-bnf	railroad diagram for a ::= grammar production, image-only grammar	yes
img-00693	C	rule-railroad-bnf	railroad diagram for a ::= grammar production, image-only grammar	yes
img-00694	C	rule-railroad-bnf	railroad diagram for a ::= grammar production, image-only grammar	yes
img-00695	C	rule-railroad-bnf	railroad diagram for a ::= grammar production, image-only grammar	yes
img-00696	C	rule-railroad-bnf	railroad diagram for a ::= grammar production, image-only grammar	yes
img-00697	C	rule-railroad-bnf	railroad diagram for a ::= grammar production, image-only grammar	yes
img-00698	C	rule-railroad-bnf	railroad diagram for a ::= grammar production, image-only grammar	yes
img-00699	C	rule-railroad-bnf	railroad diagram for a ::= grammar production, image-only grammar	yes
img-00700	C	rule-railroad-bnf	railroad diagram for a ::= grammar production, image-only grammar	yes
img-00701	C	rule-railroad-bnf	railroad diagram for a ::= grammar production, image-only grammar	yes
img-00702	C	rule-railroad-bnf	railroad diagram for a ::= grammar production, image-only grammar	yes
img-00703	C	rule-railroad-bnf	railroad diagram for a ::= grammar production, image-only grammar	yes
img-00704	C	rule-railroad-bnf	railroad diagram for a ::= grammar production, image-only grammar	yes
img-00705	C	rule-railroad-bnf	railroad diagram for a ::= grammar production, image-only grammar	yes
img-00706	C	rule-railroad-bnf	railroad diagram for a ::= grammar production, image-only grammar	yes
img-00707	C	rule-railroad-bnf	railroad diagram for a ::= grammar production, image-only grammar	yes
img-00708	C	rule-railroad-bnf	railroad diagram for a ::= grammar production, image-only grammar	yes
img-00709	C	rule-railroad-bnf	railroad diagram for a ::= grammar production, image-only grammar	yes
img-00710	C	rule-railroad-bnf	railroad diagram for a ::= grammar production, image-only grammar	yes
img-00711	C	rule-railroad-bnf	railroad diagram for a ::= grammar production, image-only grammar	yes
img-00712	C	rule-railroad-bnf	railroad diagram for a ::= grammar production, image-only grammar	yes
img-00713	C	rule-railroad-bnf	railroad diagram for a ::= grammar production, image-only grammar	yes
img-00714	C	rule-railroad-bnf	railroad diagram for a ::= grammar production, image-only grammar	yes
img-00715	C	rule-railroad-bnf	railroad diagram for a ::= grammar production, image-only grammar	yes
img-00716	C	rule-railroad-bnf	railroad diagram for a ::= grammar production, image-only grammar	yes
img-00717	C	rule-railroad-bnf	railroad diagram for a ::= grammar production, image-only grammar	yes
img-00718	C	rule-railroad-bnf	railroad diagram for a ::= grammar production, image-only grammar	yes
img-00719	C	rule-railroad-bnf	railroad diagram for a ::= grammar production, image-only grammar	yes
img-00720	C	rule-railroad-bnf	railroad diagram for a ::= grammar production, image-only grammar	yes
img-00721	C	rule-railroad-bnf	railroad diagram for a ::= grammar production, image-only grammar	yes
img-00722	C	rule-railroad-bnf	railroad diagram for a ::= grammar production, image-only grammar	yes
img-00723	C	rule-railroad-bnf	railroad diagram for a ::= grammar production, image-only grammar	yes
img-00724	C	rule-railroad-bnf	railroad diagram for a ::= grammar production, image-only grammar	yes
img-00725	C	rule-railroad-bnf	railroad diagram for a ::= grammar production, image-only grammar	yes
img-00726	C	rule-railroad-bnf	railroad diagram for a ::= grammar production, image-only grammar	yes
img-00727	C	rule-railroad-bnf	railroad diagram for a ::= grammar production, image-only grammar	yes
img-00728	C	rule-railroad-bnf	railroad diagram for a ::= grammar production, image-only grammar	yes
img-00729	C	rule-railroad-bnf	railroad diagram for a ::= grammar production, image-only grammar	yes
img-00730	C	rule-railroad-bnf	railroad diagram for a ::= grammar production, image-only grammar	yes
img-00731	C	rule-railroad-bnf	railroad diagram for a ::= grammar production, image-only grammar	yes
img-00732	C	rule-railroad-bnf	railroad diagram for a ::= grammar production, image-only grammar	yes
img-00733	C	rule-railroad-bnf	railroad diagram for a ::= grammar production, image-only grammar	yes
img-00734	C	rule-railroad-bnf	railroad diagram for a ::= grammar production, image-only grammar	yes
img-00735	C	rule-railroad-bnf	railroad diagram for a ::= grammar production, image-only grammar	yes
img-00736	C	rule-railroad-bnf	railroad diagram for a ::= grammar production, image-only grammar	yes
img-00737	C	rule-railroad-bnf	railroad diagram for a ::= grammar production, image-only grammar	yes
img-00738	C	rule-railroad-bnf	railroad diagram for a ::= grammar production, image-only grammar	yes
img-00739	C	rule-railroad-bnf	railroad diagram for a ::= grammar production, image-only grammar	yes
img-00740	C	rule-railroad-bnf	railroad diagram for a ::= grammar production, image-only grammar	yes
img-00741	C	rule-railroad-bnf	railroad diagram for a ::= grammar production, image-only grammar	yes
img-00742	C	rule-railroad-bnf	railroad diagram for a ::= grammar production, image-only grammar	yes
img-00743	C	rule-railroad-bnf	railroad diagram for a ::= grammar production, image-only grammar	yes
img-00744	E	img06-audit-reclassify	YES/NO decision flowchart resolving LOB-column vs partition tablespace precedence in CREATE TABLE; branching logic not in prose	yes
img-00745	C	rule-railroad-bnf	railroad diagram for a ::= grammar production, image-only grammar	yes
img-00746	C	rule-railroad-bnf	railroad diagram for a ::= grammar production, image-only grammar	yes
img-00747	C	rule-railroad-bnf	railroad diagram for a ::= grammar production, image-only grammar	yes
img-00748	C	rule-railroad-bnf	railroad diagram for a ::= grammar production, image-only grammar	yes
img-00749	C	rule-railroad-bnf	railroad diagram for a ::= grammar production, image-only grammar	yes
img-00750	C	rule-railroad-bnf	railroad diagram for a ::= grammar production, image-only grammar	yes
img-00751	C	rule-railroad-bnf	railroad diagram for a ::= grammar production, image-only grammar	yes
img-00752	C	rule-railroad-bnf	railroad diagram for a ::= grammar production, image-only grammar	yes
img-00753	C	rule-railroad-bnf	railroad diagram for a ::= grammar production, image-only grammar	yes
img-00754	C	rule-railroad-bnf	railroad diagram for a ::= grammar production, image-only grammar	yes
img-00755	C	rule-railroad-bnf	railroad diagram for a ::= grammar production, image-only grammar	yes
img-00756	C	rule-railroad-bnf	railroad diagram for a ::= grammar production, image-only grammar	yes
img-00757	C	rule-railroad-bnf	railroad diagram for a ::= grammar production, image-only grammar	yes
img-00758	C	rule-railroad-bnf	railroad diagram for a ::= grammar production, image-only grammar	yes
img-00759	C	rule-railroad-bnf	railroad diagram for a ::= grammar production, image-only grammar	yes
img-00760	C	rule-railroad-bnf	railroad diagram for a ::= grammar production, image-only grammar	yes
img-00761	C	rule-railroad-bnf	railroad diagram for a ::= grammar production, image-only grammar	yes
img-00762	C	rule-railroad-bnf	railroad diagram for a ::= grammar production, image-only grammar	yes
img-00763	C	rule-railroad-bnf	railroad diagram for a ::= grammar production, image-only grammar	yes
img-00764	C	rule-railroad-bnf	railroad diagram for a ::= grammar production, image-only grammar	yes
img-00765	C	rule-railroad-bnf	railroad diagram for a ::= grammar production, image-only grammar	yes
img-00766	C	rule-railroad-bnf	railroad diagram for a ::= grammar production, image-only grammar	yes
img-00767	C	rule-railroad-bnf	railroad diagram for a ::= grammar production, image-only grammar	yes
img-00768	C	rule-railroad-bnf	railroad diagram for a ::= grammar production, image-only grammar	yes
img-00769	C	rule-railroad-bnf	railroad diagram for a ::= grammar production, image-only grammar	yes
img-00770	C	rule-railroad-bnf	railroad diagram for a ::= grammar production, image-only grammar	yes
img-00771	C	rule-railroad-bnf	railroad diagram for a ::= grammar production, image-only grammar	yes
img-00772	C	rule-railroad-bnf	railroad diagram for a ::= grammar production, image-only grammar	yes
img-00773	C	rule-railroad-bnf	railroad diagram for a ::= grammar production, image-only grammar	yes
img-00774	C	rule-railroad-bnf	railroad diagram for a ::= grammar production, image-only grammar	yes
img-00775	C	rule-railroad-bnf	railroad diagram for a ::= grammar production, image-only grammar	yes
img-00776	C	rule-railroad-bnf	railroad diagram for a ::= grammar production, image-only grammar	yes
img-00777	C	rule-railroad-bnf	railroad diagram for a ::= grammar production, image-only grammar	yes
img-00778	C	rule-railroad-bnf	railroad diagram for a ::= grammar production, image-only grammar	yes
img-00779	C	rule-railroad-bnf	railroad diagram for a ::= grammar production, image-only grammar	yes
img-00780	C	rule-railroad-bnf	railroad diagram for a ::= grammar production, image-only grammar	yes
img-00781	C	rule-railroad-bnf	railroad diagram for a ::= grammar production, image-only grammar	yes
img-00782	C	rule-railroad-bnf	railroad diagram for a ::= grammar production, image-only grammar	yes
img-00783	C	rule-railroad-bnf	railroad diagram for a ::= grammar production, image-only grammar	yes
img-00784	C	rule-railroad-bnf	railroad diagram for a ::= grammar production, image-only grammar	yes
img-00785	C	rule-railroad-bnf	railroad diagram for a ::= grammar production, image-only grammar	yes
img-00786	C	rule-railroad-bnf	railroad diagram for a ::= grammar production, image-only grammar	yes
img-00787	C	rule-railroad-bnf	railroad diagram for a ::= grammar production, image-only grammar	yes
img-00788	C	rule-railroad-bnf	railroad diagram for a ::= grammar production, image-only grammar	yes
img-00789	C	rule-railroad-bnf	railroad diagram for a ::= grammar production, image-only grammar	yes
img-00790	C	rule-railroad-bnf	railroad diagram for a ::= grammar production, image-only grammar	yes
img-00791	C	rule-railroad-bnf	railroad diagram for a ::= grammar production, image-only grammar	yes
img-00792	C	rule-railroad-bnf	railroad diagram for a ::= grammar production, image-only grammar	yes
img-00793	C	rule-railroad-bnf	railroad diagram for a ::= grammar production, image-only grammar	yes
img-00794	C	rule-railroad-bnf	railroad diagram for a ::= grammar production, image-only grammar	yes
img-00795	C	rule-railroad-bnf	railroad diagram for a ::= grammar production, image-only grammar	yes
img-00796	C	rule-railroad-bnf	railroad diagram for a ::= grammar production, image-only grammar	yes
img-00797	C	rule-railroad-bnf	railroad diagram for a ::= grammar production, image-only grammar	yes
img-00798	C	rule-railroad-bnf	railroad diagram for a ::= grammar production, image-only grammar	yes
img-00799	C	rule-railroad-bnf	railroad diagram for a ::= grammar production, image-only grammar	yes
img-00800	C	rule-railroad-bnf	railroad diagram for a ::= grammar production, image-only grammar	yes
img-00801	C	rule-railroad-bnf	railroad diagram for a ::= grammar production, image-only grammar	yes
img-00802	C	rule-railroad-bnf	railroad diagram for a ::= grammar production, image-only grammar	yes
img-00803	C	rule-railroad-bnf	railroad diagram for a ::= grammar production, image-only grammar	yes
img-00804	C	rule-railroad-bnf	railroad diagram for a ::= grammar production, image-only grammar	yes
img-00805	C	rule-railroad-bnf	railroad diagram for a ::= grammar production, image-only grammar	yes
img-00806	C	rule-railroad-bnf	railroad diagram for a ::= grammar production, image-only grammar	yes
img-00807	C	rule-railroad-bnf	railroad diagram for a ::= grammar production, image-only grammar	yes
img-00808	C	rule-railroad-bnf	railroad diagram for a ::= grammar production, image-only grammar	yes
img-00809	C	rule-railroad-bnf	railroad diagram for a ::= grammar production, image-only grammar	missing
img-00810	C	rule-railroad-bnf	railroad diagram for a ::= grammar production, image-only grammar	yes
img-00811	C	rule-railroad-bnf	railroad diagram for a ::= grammar production, image-only grammar	yes
img-00812	C	rule-railroad-bnf	railroad diagram for a ::= grammar production, image-only grammar	yes
img-00813	C	rule-railroad-bnf	railroad diagram for a ::= grammar production, image-only grammar	yes
img-00814	C	rule-railroad-bnf	railroad diagram for a ::= grammar production, image-only grammar	yes
img-00815	C	rule-railroad-bnf	railroad diagram for a ::= grammar production, image-only grammar	yes
img-00816	C	rule-railroad-bnf	railroad diagram for a ::= grammar production, image-only grammar	yes
img-00817	C	rule-railroad-bnf	railroad diagram for a ::= grammar production, image-only grammar	yes
img-00818	C	rule-railroad-bnf	railroad diagram for a ::= grammar production, image-only grammar	yes
img-00819	C	rule-railroad-bnf	railroad diagram for a ::= grammar production, image-only grammar	yes
img-00820	C	rule-railroad-bnf	railroad diagram for a ::= grammar production, image-only grammar	yes
img-00821	C	rule-railroad-bnf	railroad diagram for a ::= grammar production, image-only grammar	yes
img-00822	C	rule-railroad-bnf	railroad diagram for a ::= grammar production, image-only grammar	yes
img-00823	C	rule-railroad-bnf	railroad diagram for a ::= grammar production, image-only grammar	yes
img-00824	C	rule-railroad-bnf	railroad diagram for a ::= grammar production, image-only grammar	yes
img-00825	C	rule-railroad-bnf	railroad diagram for a ::= grammar production, image-only grammar	yes
img-00826	C	rule-railroad-bnf	railroad diagram for a ::= grammar production, image-only grammar	yes
img-00827	C	rule-railroad-bnf	railroad diagram for a ::= grammar production, image-only grammar	yes
img-00828	C	rule-railroad-bnf	railroad diagram for a ::= grammar production, image-only grammar	yes
img-00829	C	rule-railroad-bnf	railroad diagram for a ::= grammar production, image-only grammar	yes
img-00830	C	rule-railroad-bnf	railroad diagram for a ::= grammar production, image-only grammar	yes
img-00831	C	rule-railroad-bnf	railroad diagram for a ::= grammar production, image-only grammar	yes
img-00832	C	rule-railroad-bnf	railroad diagram for a ::= grammar production, image-only grammar	yes
img-00833	C	rule-railroad-bnf	railroad diagram for a ::= grammar production, image-only grammar	yes
img-00834	C	rule-railroad-bnf	railroad diagram for a ::= grammar production, image-only grammar	yes
img-00835	C	rule-railroad-bnf	railroad diagram for a ::= grammar production, image-only grammar	yes
img-00836	C	rule-railroad-bnf	railroad diagram for a ::= grammar production, image-only grammar	yes
img-00837	C	rule-railroad-bnf	railroad diagram for a ::= grammar production, image-only grammar	yes
img-00838	C	rule-railroad-bnf	railroad diagram for a ::= grammar production, image-only grammar	yes
img-00839	C	rule-railroad-bnf	railroad diagram for a ::= grammar production, image-only grammar	yes
img-00840	C	rule-railroad-bnf	railroad diagram for a ::= grammar production, image-only grammar	yes
img-00841	C	rule-railroad-bnf	railroad diagram for a ::= grammar production, image-only grammar	yes
img-00842	B	rule-residual-conceptual	conceptual/architecture diagram, screenshot or illustration redundant with prose	yes
img-00843	C	rule-railroad-bnf	railroad diagram for a ::= grammar production, image-only grammar	yes
img-00844	C	rule-railroad-bnf	railroad diagram for a ::= grammar production, image-only grammar	yes
img-00845	C	rule-railroad-bnf	railroad diagram for a ::= grammar production, image-only grammar	yes
img-00846	C	rule-railroad-bnf	railroad diagram for a ::= grammar production, image-only grammar	yes
img-00847	C	rule-railroad-bnf	railroad diagram for a ::= grammar production, image-only grammar	yes
img-00848	C	rule-railroad-bnf	railroad diagram for a ::= grammar production, image-only grammar	yes
img-00849	C	rule-railroad-bnf	railroad diagram for a ::= grammar production, image-only grammar	yes
img-00850	C	rule-railroad-bnf	railroad diagram for a ::= grammar production, image-only grammar	yes
img-00851	C	rule-railroad-bnf	railroad diagram for a ::= grammar production, image-only grammar	yes
img-00852	C	rule-railroad-bnf	railroad diagram for a ::= grammar production, image-only grammar	yes
img-00853	C	rule-railroad-bnf	railroad diagram for a ::= grammar production, image-only grammar	yes
img-00854	C	rule-railroad-bnf	railroad diagram for a ::= grammar production, image-only grammar	yes
img-00855	C	rule-railroad-bnf	railroad diagram for a ::= grammar production, image-only grammar	yes
img-00856	C	rule-railroad-bnf	railroad diagram for a ::= grammar production, image-only grammar	yes
img-00857	C	rule-railroad-bnf	railroad diagram for a ::= grammar production, image-only grammar	yes
img-00858	C	rule-railroad-bnf	railroad diagram for a ::= grammar production, image-only grammar	yes
img-00859	C	rule-railroad-bnf	railroad diagram for a ::= grammar production, image-only grammar	yes
img-00860	C	rule-railroad-bnf	railroad diagram for a ::= grammar production, image-only grammar	yes
img-00861	C	rule-railroad-bnf	railroad diagram for a ::= grammar production, image-only grammar	yes
img-00862	C	rule-railroad-bnf	railroad diagram for a ::= grammar production, image-only grammar	yes
img-00863	C	rule-railroad-bnf	railroad diagram for a ::= grammar production, image-only grammar	yes
img-00864	C	rule-railroad-bnf	railroad diagram for a ::= grammar production, image-only grammar	yes
img-00865	C	rule-railroad-bnf	railroad diagram for a ::= grammar production, image-only grammar	yes
img-00866	C	rule-railroad-bnf	railroad diagram for a ::= grammar production, image-only grammar	yes
img-00867	C	rule-railroad-bnf	railroad diagram for a ::= grammar production, image-only grammar	yes
img-00868	C	rule-railroad-bnf	railroad diagram for a ::= grammar production, image-only grammar	yes
img-00869	C	rule-railroad-bnf	railroad diagram for a ::= grammar production, image-only grammar	yes
img-00870	C	rule-railroad-bnf	railroad diagram for a ::= grammar production, image-only grammar	yes
img-00871	C	rule-railroad-bnf	railroad diagram for a ::= grammar production, image-only grammar	yes
img-00872	C	rule-railroad-bnf	railroad diagram for a ::= grammar production, image-only grammar	yes
img-00873	C	rule-railroad-bnf	railroad diagram for a ::= grammar production, image-only grammar	yes
img-00874	C	rule-railroad-bnf	railroad diagram for a ::= grammar production, image-only grammar	yes
img-00875	C	rule-railroad-bnf	railroad diagram for a ::= grammar production, image-only grammar	yes
img-00876	C	rule-railroad-bnf	railroad diagram for a ::= grammar production, image-only grammar	yes
img-00877	C	rule-railroad-bnf	railroad diagram for a ::= grammar production, image-only grammar	yes
img-00878	C	rule-railroad-bnf	railroad diagram for a ::= grammar production, image-only grammar	yes
img-00879	C	rule-railroad-bnf	railroad diagram for a ::= grammar production, image-only grammar	yes
img-00880	C	rule-railroad-bnf	railroad diagram for a ::= grammar production, image-only grammar	yes
img-00881	C	rule-railroad-bnf	railroad diagram for a ::= grammar production, image-only grammar	yes
img-00882	C	rule-railroad-bnf	railroad diagram for a ::= grammar production, image-only grammar	yes
img-00883	C	rule-railroad-synhead	railroad diagram directly under a Syntax heading, image-only grammar	yes
img-00884	C	rule-railroad-synhead	railroad diagram directly under a Syntax heading, image-only grammar	yes
img-00885	C	rule-railroad-synhead	railroad diagram directly under a Syntax heading, image-only grammar	yes
img-00886	C	rule-railroad-synhead	railroad diagram directly under a Syntax heading, image-only grammar	yes
img-00887	C	rule-railroad-synhead	railroad diagram directly under a Syntax heading, image-only grammar	yes
img-00888	C	rule-railroad-bnf	railroad diagram for a ::= grammar production, image-only grammar	yes
img-00889	C	rule-railroad-bnf	railroad diagram for a ::= grammar production, image-only grammar	yes
img-00890	C	rule-railroad-bnf	railroad diagram for a ::= grammar production, image-only grammar	yes
img-00891	C	rule-railroad-bnf	railroad diagram for a ::= grammar production, image-only grammar	yes
img-00892	C	rule-railroad-bnf	railroad diagram for a ::= grammar production, image-only grammar	yes
img-00893	C	rule-railroad-synhead	railroad diagram directly under a Syntax heading, image-only grammar	yes
img-00894	C	rule-railroad-synhead	railroad diagram directly under a Syntax heading, image-only grammar	yes
img-00895	C	rule-railroad-synhead	railroad diagram directly under a Syntax heading, image-only grammar	yes
img-00896	C	rule-railroad-synhead	railroad diagram directly under a Syntax heading, image-only grammar	yes
img-00897	C	rule-railroad-synhead	railroad diagram directly under a Syntax heading, image-only grammar	yes
img-00898	C	rule-railroad-synhead	railroad diagram directly under a Syntax heading, image-only grammar	yes
img-00899	C	rule-railroad-synsection	railroad diagram in a Syntax section, image-only grammar	yes
img-00900	C	rule-railroad-synsection	railroad diagram in a Syntax section, image-only grammar	yes
img-00901	C	rule-railroad-synsection	railroad diagram in a Syntax section, image-only grammar	yes
img-00902	C	rule-railroad-synsection	railroad diagram in a Syntax section, image-only grammar	yes
img-00903	C	rule-railroad-synhead	railroad diagram directly under a Syntax heading, image-only grammar	yes
img-00904	C	rule-railroad-bnf	railroad diagram for a ::= grammar production, image-only grammar	yes
img-00905	C	rule-railroad-bnf	railroad diagram for a ::= grammar production, image-only grammar	yes
img-00906	C	rule-railroad-bnf	railroad diagram for a ::= grammar production, image-only grammar	yes
img-00907	C	rule-railroad-bnf	railroad diagram for a ::= grammar production, image-only grammar	yes
img-00908	C	rule-railroad-bnf	railroad diagram for a ::= grammar production, image-only grammar	yes
img-00909	C	rule-railroad-bnf	railroad diagram for a ::= grammar production, image-only grammar	yes
img-00910	C	rule-railroad-bnf	railroad diagram for a ::= grammar production, image-only grammar	yes
img-00911	C	rule-railroad-bnf	railroad diagram for a ::= grammar production, image-only grammar	yes
img-00912	C	rule-railroad-bnf	railroad diagram for a ::= grammar production, image-only grammar	yes
img-00913	C	rule-railroad-bnf	railroad diagram for a ::= grammar production, image-only grammar	yes
img-00914	B	rule-cover	cover-page logo, carries no recoverable text	yes
img-00915	B	rule-table-cell	symbol/icon in a table cell, explained by the adjacent cell	yes
img-00916	B	rule-table-cell	symbol/icon in a table cell, explained by the adjacent cell	yes
img-00917	B	rule-table-cell	symbol/icon in a table cell, explained by the adjacent cell	yes
img-00918	B	rule-table-cell	symbol/icon in a table cell, explained by the adjacent cell	yes
img-00919	B	rule-table-cell	symbol/icon in a table cell, explained by the adjacent cell	yes
img-00920	B	rule-table-cell	symbol/icon in a table cell, explained by the adjacent cell	yes
img-00921	B	rule-table-cell	symbol/icon in a table cell, explained by the adjacent cell	yes
img-00922	B	rule-table-cell	symbol/icon in a table cell, explained by the adjacent cell	yes
img-00923	B	rule-table-cell	symbol/icon in a table cell, explained by the adjacent cell	yes
img-00924	B	rule-residual-conceptual	conceptual/architecture diagram, screenshot or illustration redundant with prose	yes
img-00925	C	rule-railroad-synhead	railroad diagram directly under a Syntax heading, image-only grammar	yes
img-00926	C	rule-railroad-synsection	railroad diagram in a Syntax section, image-only grammar	yes
img-00927	C	rule-railroad-synsection	railroad diagram in a Syntax section, image-only grammar	yes
img-00928	C	rule-railroad-synhead	railroad diagram directly under a Syntax heading, image-only grammar	yes
img-00929	C	rule-railroad-synhead	railroad diagram directly under a Syntax heading, image-only grammar	yes
img-00930	C	rule-railroad-synsection	railroad diagram in a Syntax section, image-only grammar	yes
img-00931	B	rule-residual-conceptual	conceptual/architecture diagram, screenshot or illustration redundant with prose	yes
img-00932	B	rule-residual-conceptual	conceptual/architecture diagram, screenshot or illustration redundant with prose	yes
img-00933	B	rule-residual-conceptual	conceptual/architecture diagram, screenshot or illustration redundant with prose	yes
img-00934	B	rule-residual-conceptual	conceptual/architecture diagram, screenshot or illustration redundant with prose	yes
img-00935	C	rule-railroad-synhead	railroad diagram directly under a Syntax heading, image-only grammar	yes
img-00936	B	rule-residual-conceptual	conceptual/architecture diagram, screenshot or illustration redundant with prose	yes
img-00937	B	rule-residual-conceptual	conceptual/architecture diagram, screenshot or illustration redundant with prose	yes
img-00938	B	rule-residual-conceptual	conceptual/architecture diagram, screenshot or illustration redundant with prose	yes
img-00939	B	rule-residual-conceptual	conceptual/architecture diagram, screenshot or illustration redundant with prose	yes
img-00940	C	rule-railroad-synhead	railroad diagram directly under a Syntax heading, image-only grammar	yes
img-00941	C	rule-railroad-synsection	railroad diagram in a Syntax section, image-only grammar	yes
img-00942	B	rule-residual-conceptual	conceptual/architecture diagram, screenshot or illustration redundant with prose	yes
img-00943	B	rule-residual-conceptual	conceptual/architecture diagram, screenshot or illustration redundant with prose	yes
img-00944	B	rule-residual-conceptual	conceptual/architecture diagram, screenshot or illustration redundant with prose	yes
img-00945	B	rule-residual-conceptual	conceptual/architecture diagram, screenshot or illustration redundant with prose	yes
img-00946	B	rule-residual-conceptual	conceptual/architecture diagram, screenshot or illustration redundant with prose	yes
img-00947	C	rule-railroad-synhead	railroad diagram directly under a Syntax heading, image-only grammar	yes
img-00948	B	rule-residual-conceptual	conceptual/architecture diagram, screenshot or illustration redundant with prose	yes
img-00949	B	rule-residual-conceptual	conceptual/architecture diagram, screenshot or illustration redundant with prose	yes
img-00950	B	rule-residual-conceptual	conceptual/architecture diagram, screenshot or illustration redundant with prose	yes
img-00951	B	rule-residual-conceptual	conceptual/architecture diagram, screenshot or illustration redundant with prose	yes
img-00952	B	rule-residual-conceptual	conceptual/architecture diagram, screenshot or illustration redundant with prose	yes
img-00953	C	rule-railroad-synhead	railroad diagram directly under a Syntax heading, image-only grammar	yes
img-00954	B	rule-residual-conceptual	conceptual/architecture diagram, screenshot or illustration redundant with prose	yes
img-00955	B	rule-residual-conceptual	conceptual/architecture diagram, screenshot or illustration redundant with prose	yes
img-00956	B	rule-residual-conceptual	conceptual/architecture diagram, screenshot or illustration redundant with prose	yes
img-00957	B	rule-residual-conceptual	conceptual/architecture diagram, screenshot or illustration redundant with prose	yes
img-00958	B	rule-residual-conceptual	conceptual/architecture diagram, screenshot or illustration redundant with prose	yes
img-00959	B	rule-residual-conceptual	conceptual/architecture diagram, screenshot or illustration redundant with prose	yes
img-00960	B	rule-residual-conceptual	conceptual/architecture diagram, screenshot or illustration redundant with prose	yes
img-00961	B	rule-residual-conceptual	conceptual/architecture diagram, screenshot or illustration redundant with prose	yes
img-00962	B	rule-residual-conceptual	conceptual/architecture diagram, screenshot or illustration redundant with prose	yes
img-00963	B	rule-residual-conceptual	conceptual/architecture diagram, screenshot or illustration redundant with prose	yes
img-00964	B	rule-residual-conceptual	conceptual/architecture diagram, screenshot or illustration redundant with prose	yes
img-00965	B	rule-residual-conceptual	conceptual/architecture diagram, screenshot or illustration redundant with prose	yes
img-00966	B	rule-residual-conceptual	conceptual/architecture diagram, screenshot or illustration redundant with prose	yes
img-00967	B	rule-residual-conceptual	conceptual/architecture diagram, screenshot or illustration redundant with prose	yes
img-00968	B	rule-residual-conceptual	conceptual/architecture diagram, screenshot or illustration redundant with prose	yes
img-00969	B	rule-residual-conceptual	conceptual/architecture diagram, screenshot or illustration redundant with prose	yes
img-00970	B	rule-residual-conceptual	conceptual/architecture diagram, screenshot or illustration redundant with prose	yes
img-00971	B	rule-residual-conceptual	conceptual/architecture diagram, screenshot or illustration redundant with prose	yes
img-00972	A	rule-syntax-textblock	syntax diagram redundant with the adjacent text Syntax block	yes
img-00973	B	rule-residual-conceptual	conceptual/architecture diagram, screenshot or illustration redundant with prose	yes
img-00974	B	rule-residual-conceptual	conceptual/architecture diagram, screenshot or illustration redundant with prose	yes
img-00975	B	rule-residual-conceptual	conceptual/architecture diagram, screenshot or illustration redundant with prose	yes
img-00976	B	rule-residual-conceptual	conceptual/architecture diagram, screenshot or illustration redundant with prose	yes
img-00977	B	rule-residual-conceptual	conceptual/architecture diagram, screenshot or illustration redundant with prose	yes
img-00978	B	rule-cover	cover-page logo, carries no recoverable text	yes
img-00979	B	rule-table-cell	symbol/icon in a table cell, explained by the adjacent cell	yes
img-00980	B	rule-table-cell	symbol/icon in a table cell, explained by the adjacent cell	yes
img-00981	B	rule-table-cell	symbol/icon in a table cell, explained by the adjacent cell	yes
img-00982	B	rule-table-cell	symbol/icon in a table cell, explained by the adjacent cell	yes
img-00983	B	rule-table-cell	symbol/icon in a table cell, explained by the adjacent cell	yes
img-00984	B	rule-table-cell	symbol/icon in a table cell, explained by the adjacent cell	yes
img-00985	B	rule-table-cell	symbol/icon in a table cell, explained by the adjacent cell	yes
img-00986	B	rule-table-cell	symbol/icon in a table cell, explained by the adjacent cell	yes
img-00987	B	rule-table-cell	symbol/icon in a table cell, explained by the adjacent cell	yes
img-00988	B	rule-residual-conceptual	conceptual/architecture diagram, screenshot or illustration redundant with prose	yes
img-00989	C	rule-railroad-bnf	railroad diagram for a ::= grammar production, image-only grammar	yes
img-00990	C	rule-railroad-bnf	railroad diagram for a ::= grammar production, image-only grammar	yes
img-00991	C	rule-railroad-bnf	railroad diagram for a ::= grammar production, image-only grammar	yes
img-00992	C	rule-railroad-synhead	railroad diagram directly under a Syntax heading, image-only grammar	yes
img-00993	C	rule-railroad-synhead	railroad diagram directly under a Syntax heading, image-only grammar	yes
img-00994	C	rule-railroad-bnf	railroad diagram for a ::= grammar production, image-only grammar	yes
img-00995	C	rule-railroad-bnf	railroad diagram for a ::= grammar production, image-only grammar	yes
img-00996	C	rule-railroad-bnf	railroad diagram for a ::= grammar production, image-only grammar	yes
img-00997	C	rule-railroad-bnf	railroad diagram for a ::= grammar production, image-only grammar	yes
img-00998	C	rule-railroad-bnf	railroad diagram for a ::= grammar production, image-only grammar	yes
img-00999	C	rule-railroad-bnf	railroad diagram for a ::= grammar production, image-only grammar	yes
img-01000	C	rule-railroad-synhead	railroad diagram directly under a Syntax heading, image-only grammar	yes
img-01001	C	rule-railroad-synhead	railroad diagram directly under a Syntax heading, image-only grammar	yes
img-01002	C	rule-railroad-synhead	railroad diagram directly under a Syntax heading, image-only grammar	yes
img-01003	C	rule-railroad-synsection	railroad diagram in a Syntax section, image-only grammar	yes
img-01004	C	rule-railroad-synsection	railroad diagram in a Syntax section, image-only grammar	yes
img-01005	C	rule-railroad-synhead	railroad diagram directly under a Syntax heading, image-only grammar	yes
img-01006	C	rule-railroad-synsection	railroad diagram in a Syntax section, image-only grammar	yes
img-01007	B	rule-residual-conceptual	conceptual/architecture diagram, screenshot or illustration redundant with prose	yes
img-01008	C	rule-railroad-synhead	railroad diagram directly under a Syntax heading, image-only grammar	yes
img-01009	C	rule-railroad-synhead	railroad diagram directly under a Syntax heading, image-only grammar	yes
img-01010	C	rule-railroad-synhead	railroad diagram directly under a Syntax heading, image-only grammar	yes
img-01011	C	rule-railroad-synhead	railroad diagram directly under a Syntax heading, image-only grammar	yes
img-01012	C	rule-railroad-synhead	railroad diagram directly under a Syntax heading, image-only grammar	yes
img-01013	C	rule-railroad-synhead	railroad diagram directly under a Syntax heading, image-only grammar	yes
img-01014	C	rule-railroad-synhead	railroad diagram directly under a Syntax heading, image-only grammar	yes
img-01015	C	rule-railroad-synhead	railroad diagram directly under a Syntax heading, image-only grammar	yes
img-01016	C	rule-railroad-synhead	railroad diagram directly under a Syntax heading, image-only grammar	yes
img-01017	C	rule-railroad-synhead	railroad diagram directly under a Syntax heading, image-only grammar	yes
img-01018	C	rule-railroad-synhead	railroad diagram directly under a Syntax heading, image-only grammar	yes
img-01019	C	rule-railroad-synhead	railroad diagram directly under a Syntax heading, image-only grammar	yes
img-01020	C	rule-railroad-synhead	railroad diagram directly under a Syntax heading, image-only grammar	yes
img-01021	C	rule-railroad-synhead	railroad diagram directly under a Syntax heading, image-only grammar	yes
img-01022	C	rule-railroad-synhead	railroad diagram directly under a Syntax heading, image-only grammar	yes
img-01023	C	rule-railroad-synhead	railroad diagram directly under a Syntax heading, image-only grammar	yes
img-01024	C	rule-railroad-synhead	railroad diagram directly under a Syntax heading, image-only grammar	yes
img-01025	C	rule-railroad-synhead	railroad diagram directly under a Syntax heading, image-only grammar	yes
img-01026	C	rule-railroad-synhead	railroad diagram directly under a Syntax heading, image-only grammar	yes
img-01027	C	rule-railroad-synhead	railroad diagram directly under a Syntax heading, image-only grammar	yes
img-01028	C	rule-railroad-synsection	railroad diagram in a Syntax section, image-only grammar	yes
img-01029	C	rule-railroad-synhead	railroad diagram directly under a Syntax heading, image-only grammar	yes
img-01030	C	rule-railroad-synhead	railroad diagram directly under a Syntax heading, image-only grammar	yes
img-01031	B	rule-residual-conceptual	conceptual/architecture diagram, screenshot or illustration redundant with prose	yes
img-01032	C	rule-railroad-synhead	railroad diagram directly under a Syntax heading, image-only grammar	yes
img-01033	C	rule-railroad-synhead	railroad diagram directly under a Syntax heading, image-only grammar	yes
img-01034	B	rule-residual-conceptual	conceptual/architecture diagram, screenshot or illustration redundant with prose	yes
img-01035	C	rule-railroad-synhead	railroad diagram directly under a Syntax heading, image-only grammar	yes
img-01036	C	rule-railroad-synhead	railroad diagram directly under a Syntax heading, image-only grammar	yes
img-01037	B	rule-residual-conceptual	conceptual/architecture diagram, screenshot or illustration redundant with prose	yes
img-01038	C	rule-railroad-synhead	railroad diagram directly under a Syntax heading, image-only grammar	yes
img-01039	C	rule-railroad-synsection	railroad diagram in a Syntax section, image-only grammar	yes
img-01040	C	rule-railroad-synsection	railroad diagram in a Syntax section, image-only grammar	yes
img-01041	C	rule-railroad-synhead	railroad diagram directly under a Syntax heading, image-only grammar	yes
img-01042	C	rule-railroad-synhead	railroad diagram directly under a Syntax heading, image-only grammar	yes
img-01043	C	rule-railroad-synhead	railroad diagram directly under a Syntax heading, image-only grammar	yes
img-01044	B	rule-residual-conceptual	conceptual/architecture diagram, screenshot or illustration redundant with prose	yes
img-01045	C	rule-railroad-synhead	railroad diagram directly under a Syntax heading, image-only grammar	yes
img-01046	C	rule-railroad-synhead	railroad diagram directly under a Syntax heading, image-only grammar	yes
img-01047	C	rule-railroad-synhead	railroad diagram directly under a Syntax heading, image-only grammar	yes
img-01048	B	rule-residual-conceptual	conceptual/architecture diagram, screenshot or illustration redundant with prose	yes
img-01049	C	rule-railroad-synhead	railroad diagram directly under a Syntax heading, image-only grammar	yes
img-01050	B	rule-residual-conceptual	conceptual/architecture diagram, screenshot or illustration redundant with prose	yes
img-01051	C	rule-railroad-bnf	railroad diagram for a ::= grammar production, image-only grammar	yes
img-01052	C	rule-railroad-bnf	railroad diagram for a ::= grammar production, image-only grammar	yes
img-01053	C	rule-railroad-bnf	railroad diagram for a ::= grammar production, image-only grammar	yes
img-01054	C	rule-railroad-bnf	railroad diagram for a ::= grammar production, image-only grammar	yes
img-01055	C	rule-railroad-bnf	railroad diagram for a ::= grammar production, image-only grammar	yes
img-01056	C	rule-railroad-bnf	railroad diagram for a ::= grammar production, image-only grammar	yes
img-01057	C	rule-railroad-bnf	railroad diagram for a ::= grammar production, image-only grammar	yes
img-01058	C	rule-railroad-bnf	railroad diagram for a ::= grammar production, image-only grammar	yes
img-01059	C	rule-railroad-bnf	railroad diagram for a ::= grammar production, image-only grammar	yes
img-01060	C	rule-railroad-bnf	railroad diagram for a ::= grammar production, image-only grammar	yes
img-01061	C	rule-railroad-bnf	railroad diagram for a ::= grammar production, image-only grammar	yes
img-01062	C	rule-railroad-bnf	railroad diagram for a ::= grammar production, image-only grammar	yes
img-01063	B	rule-residual-conceptual	conceptual/architecture diagram, screenshot or illustration redundant with prose	yes
img-01064	B	rule-cover	cover-page logo, carries no recoverable text	yes
img-01065	B	rule-table-cell	symbol/icon in a table cell, explained by the adjacent cell	yes
img-01066	B	rule-table-cell	symbol/icon in a table cell, explained by the adjacent cell	yes
img-01067	B	rule-table-cell	symbol/icon in a table cell, explained by the adjacent cell	yes
img-01068	B	rule-table-cell	symbol/icon in a table cell, explained by the adjacent cell	yes
img-01069	B	rule-table-cell	symbol/icon in a table cell, explained by the adjacent cell	yes
img-01070	B	rule-table-cell	symbol/icon in a table cell, explained by the adjacent cell	yes
img-01071	B	rule-table-cell	symbol/icon in a table cell, explained by the adjacent cell	yes
img-01072	B	rule-table-cell	symbol/icon in a table cell, explained by the adjacent cell	yes
img-01073	B	rule-table-cell	symbol/icon in a table cell, explained by the adjacent cell	yes
img-01074	C	rule-railroad-synhead	railroad diagram directly under a Syntax heading, image-only grammar	yes
img-01075	B	rule-residual-conceptual	conceptual/architecture diagram, screenshot or illustration redundant with prose	yes
img-01076	B	rule-residual-conceptual	conceptual/architecture diagram, screenshot or illustration redundant with prose	yes
img-01077	B	rule-residual-conceptual	conceptual/architecture diagram, screenshot or illustration redundant with prose	yes
img-01078	B	rule-residual-conceptual	conceptual/architecture diagram, screenshot or illustration redundant with prose	yes
img-01079	B	rule-residual-conceptual	conceptual/architecture diagram, screenshot or illustration redundant with prose	yes
img-01080	B	rule-residual-conceptual	conceptual/architecture diagram, screenshot or illustration redundant with prose	yes
img-01081	B	rule-residual-conceptual	conceptual/architecture diagram, screenshot or illustration redundant with prose	yes
img-01082	B	rule-residual-conceptual	conceptual/architecture diagram, screenshot or illustration redundant with prose	yes
img-01083	B	rule-residual-conceptual	conceptual/architecture diagram, screenshot or illustration redundant with prose	yes
img-01084	B	rule-residual-conceptual	conceptual/architecture diagram, screenshot or illustration redundant with prose	yes
img-01085	B	rule-residual-conceptual	conceptual/architecture diagram, screenshot or illustration redundant with prose	yes
img-01086	B	rule-residual-conceptual	conceptual/architecture diagram, screenshot or illustration redundant with prose	yes
img-01087	C	rule-railroad-synhead	railroad diagram directly under a Syntax heading, image-only grammar	yes
img-01088	C	rule-railroad-synhead	railroad diagram directly under a Syntax heading, image-only grammar	yes
img-01089	C	rule-railroad-synhead	railroad diagram directly under a Syntax heading, image-only grammar	yes
img-01090	C	rule-railroad-synhead	railroad diagram directly under a Syntax heading, image-only grammar	yes
img-01091	C	rule-railroad-synhead	railroad diagram directly under a Syntax heading, image-only grammar	yes
img-01092	C	rule-railroad-synhead	railroad diagram directly under a Syntax heading, image-only grammar	yes
img-01093	C	rule-railroad-synhead	railroad diagram directly under a Syntax heading, image-only grammar	yes
img-01094	C	rule-railroad-synhead	railroad diagram directly under a Syntax heading, image-only grammar	yes
img-01095	C	rule-railroad-synhead	railroad diagram directly under a Syntax heading, image-only grammar	yes
img-01096	C	rule-railroad-synhead	railroad diagram directly under a Syntax heading, image-only grammar	yes
img-01097	C	rule-railroad-synhead	railroad diagram directly under a Syntax heading, image-only grammar	yes
img-01098	C	rule-railroad-synhead	railroad diagram directly under a Syntax heading, image-only grammar	yes
img-01099	C	rule-railroad-synhead	railroad diagram directly under a Syntax heading, image-only grammar	yes
img-01100	C	rule-railroad-synhead	railroad diagram directly under a Syntax heading, image-only grammar	yes
img-01101	C	rule-railroad-synhead	railroad diagram directly under a Syntax heading, image-only grammar	yes
img-01102	C	rule-railroad-synhead	railroad diagram directly under a Syntax heading, image-only grammar	yes
img-01103	C	rule-railroad-synhead	railroad diagram directly under a Syntax heading, image-only grammar	yes
img-01104	C	rule-railroad-synhead	railroad diagram directly under a Syntax heading, image-only grammar	yes
img-01105	B	rule-cover	cover-page logo, carries no recoverable text	yes
img-01106	B	rule-table-cell	symbol/icon in a table cell, explained by the adjacent cell	yes
img-01107	B	rule-table-cell	symbol/icon in a table cell, explained by the adjacent cell	yes
img-01108	B	rule-table-cell	symbol/icon in a table cell, explained by the adjacent cell	yes
img-01109	B	rule-table-cell	symbol/icon in a table cell, explained by the adjacent cell	yes
img-01110	B	rule-table-cell	symbol/icon in a table cell, explained by the adjacent cell	yes
img-01111	B	rule-table-cell	symbol/icon in a table cell, explained by the adjacent cell	yes
img-01112	B	rule-table-cell	symbol/icon in a table cell, explained by the adjacent cell	yes
img-01113	B	rule-table-cell	symbol/icon in a table cell, explained by the adjacent cell	yes
img-01114	B	rule-table-cell	symbol/icon in a table cell, explained by the adjacent cell	yes
img-01115	B	rule-residual-conceptual	conceptual/architecture diagram, screenshot or illustration redundant with prose	yes
img-01116	B	rule-cover	cover-page logo, carries no recoverable text	yes
img-01117	B	rule-table-cell	symbol/icon in a table cell, explained by the adjacent cell	yes
img-01118	B	rule-table-cell	symbol/icon in a table cell, explained by the adjacent cell	yes
img-01119	B	rule-table-cell	symbol/icon in a table cell, explained by the adjacent cell	yes
img-01120	B	rule-table-cell	symbol/icon in a table cell, explained by the adjacent cell	yes
img-01121	B	rule-table-cell	symbol/icon in a table cell, explained by the adjacent cell	yes
img-01122	B	rule-table-cell	symbol/icon in a table cell, explained by the adjacent cell	yes
img-01123	B	rule-table-cell	symbol/icon in a table cell, explained by the adjacent cell	yes
img-01124	B	rule-table-cell	symbol/icon in a table cell, explained by the adjacent cell	yes
img-01125	B	rule-table-cell	symbol/icon in a table cell, explained by the adjacent cell	yes
img-01126	B	rule-cover	cover-page logo, carries no recoverable text	yes
img-01127	B	rule-table-cell	symbol/icon in a table cell, explained by the adjacent cell	yes
img-01128	B	rule-table-cell	symbol/icon in a table cell, explained by the adjacent cell	yes
img-01129	B	rule-table-cell	symbol/icon in a table cell, explained by the adjacent cell	yes
img-01130	B	rule-table-cell	symbol/icon in a table cell, explained by the adjacent cell	yes
img-01131	B	rule-table-cell	symbol/icon in a table cell, explained by the adjacent cell	yes
img-01132	B	rule-table-cell	symbol/icon in a table cell, explained by the adjacent cell	yes
img-01133	B	rule-table-cell	symbol/icon in a table cell, explained by the adjacent cell	yes
img-01134	B	rule-table-cell	symbol/icon in a table cell, explained by the adjacent cell	yes
img-01135	B	rule-table-cell	symbol/icon in a table cell, explained by the adjacent cell	yes
img-01136	B	rule-residual-conceptual	conceptual/architecture diagram, screenshot or illustration redundant with prose	yes
img-01137	B	rule-residual-conceptual	conceptual/architecture diagram, screenshot or illustration redundant with prose	yes
img-01138	B	rule-residual-conceptual	conceptual/architecture diagram, screenshot or illustration redundant with prose	yes
img-01139	B	rule-residual-conceptual	conceptual/architecture diagram, screenshot or illustration redundant with prose	yes
img-01140	B	rule-residual-conceptual	conceptual/architecture diagram, screenshot or illustration redundant with prose	yes
img-01141	B	rule-residual-conceptual	conceptual/architecture diagram, screenshot or illustration redundant with prose	yes
img-01142	B	rule-residual-conceptual	conceptual/architecture diagram, screenshot or illustration redundant with prose	yes
img-01143	B	rule-residual-conceptual	conceptual/architecture diagram, screenshot or illustration redundant with prose	yes
img-01144	B	rule-residual-conceptual	conceptual/architecture diagram, screenshot or illustration redundant with prose	yes
img-01145	B	rule-residual-conceptual	conceptual/architecture diagram, screenshot or illustration redundant with prose	yes
img-01146	B	rule-residual-conceptual	conceptual/architecture diagram, screenshot or illustration redundant with prose	yes
img-01147	B	rule-cover	cover-page logo, carries no recoverable text	yes
img-01148	B	rule-table-cell	symbol/icon in a table cell, explained by the adjacent cell	yes
img-01149	B	rule-table-cell	symbol/icon in a table cell, explained by the adjacent cell	yes
img-01150	B	rule-table-cell	symbol/icon in a table cell, explained by the adjacent cell	yes
img-01151	B	rule-table-cell	symbol/icon in a table cell, explained by the adjacent cell	yes
img-01152	B	rule-table-cell	symbol/icon in a table cell, explained by the adjacent cell	yes
img-01153	B	rule-table-cell	symbol/icon in a table cell, explained by the adjacent cell	yes
img-01154	B	rule-table-cell	symbol/icon in a table cell, explained by the adjacent cell	yes
img-01155	B	rule-table-cell	symbol/icon in a table cell, explained by the adjacent cell	yes
img-01156	B	rule-table-cell	symbol/icon in a table cell, explained by the adjacent cell	yes
img-01157	B	rule-residual-conceptual	conceptual/architecture diagram, screenshot or illustration redundant with prose	yes
img-01158	B	rule-residual-conceptual	conceptual/architecture diagram, screenshot or illustration redundant with prose	yes
img-01159	B	rule-residual-conceptual	conceptual/architecture diagram, screenshot or illustration redundant with prose	yes
img-01160	B	rule-cover	cover-page logo, carries no recoverable text	yes
img-01161	B	rule-table-cell	symbol/icon in a table cell, explained by the adjacent cell	yes
img-01162	B	rule-table-cell	symbol/icon in a table cell, explained by the adjacent cell	yes
img-01163	B	rule-table-cell	symbol/icon in a table cell, explained by the adjacent cell	yes
img-01164	B	rule-table-cell	symbol/icon in a table cell, explained by the adjacent cell	yes
img-01165	B	rule-table-cell	symbol/icon in a table cell, explained by the adjacent cell	yes
img-01166	B	rule-table-cell	symbol/icon in a table cell, explained by the adjacent cell	yes
img-01167	B	rule-table-cell	symbol/icon in a table cell, explained by the adjacent cell	yes
img-01168	B	rule-table-cell	symbol/icon in a table cell, explained by the adjacent cell	yes
img-01169	B	rule-table-cell	symbol/icon in a table cell, explained by the adjacent cell	yes
img-01170	B	rule-residual-conceptual	conceptual/architecture diagram, screenshot or illustration redundant with prose	yes
img-01171	B	rule-residual-conceptual	conceptual/architecture diagram, screenshot or illustration redundant with prose	yes
img-01172	B	rule-residual-conceptual	conceptual/architecture diagram, screenshot or illustration redundant with prose	yes
img-01173	B	rule-residual-conceptual	conceptual/architecture diagram, screenshot or illustration redundant with prose	yes
img-01174	B	rule-cover	cover-page logo, carries no recoverable text	yes
img-01175	B	rule-table-cell	symbol/icon in a table cell, explained by the adjacent cell	yes
img-01176	B	rule-table-cell	symbol/icon in a table cell, explained by the adjacent cell	yes
img-01177	B	rule-table-cell	symbol/icon in a table cell, explained by the adjacent cell	yes
img-01178	B	rule-table-cell	symbol/icon in a table cell, explained by the adjacent cell	yes
img-01179	B	rule-table-cell	symbol/icon in a table cell, explained by the adjacent cell	yes
img-01180	B	rule-table-cell	symbol/icon in a table cell, explained by the adjacent cell	yes
img-01181	B	rule-table-cell	symbol/icon in a table cell, explained by the adjacent cell	yes
img-01182	B	rule-table-cell	symbol/icon in a table cell, explained by the adjacent cell	yes
img-01183	B	rule-table-cell	symbol/icon in a table cell, explained by the adjacent cell	yes
img-01184	B	rule-residual-conceptual	conceptual/architecture diagram, screenshot or illustration redundant with prose	yes
img-01185	B	rule-residual-conceptual	conceptual/architecture diagram, screenshot or illustration redundant with prose	yes
img-01186	B	rule-residual-conceptual	conceptual/architecture diagram, screenshot or illustration redundant with prose	yes
img-01187	B	rule-residual-conceptual	conceptual/architecture diagram, screenshot or illustration redundant with prose	yes
img-01188	B	rule-residual-conceptual	conceptual/architecture diagram, screenshot or illustration redundant with prose	yes
img-01189	B	rule-residual-conceptual	conceptual/architecture diagram, screenshot or illustration redundant with prose	yes
img-01190	B	rule-residual-conceptual	conceptual/architecture diagram, screenshot or illustration redundant with prose	yes
img-01191	B	rule-residual-conceptual	conceptual/architecture diagram, screenshot or illustration redundant with prose	yes
img-01192	B	rule-residual-conceptual	conceptual/architecture diagram, screenshot or illustration redundant with prose	yes
img-01193	B	rule-residual-conceptual	conceptual/architecture diagram, screenshot or illustration redundant with prose	yes
img-01194	B	rule-residual-conceptual	conceptual/architecture diagram, screenshot or illustration redundant with prose	yes
img-01195	B	rule-residual-conceptual	conceptual/architecture diagram, screenshot or illustration redundant with prose	yes
img-01196	B	rule-residual-conceptual	conceptual/architecture diagram, screenshot or illustration redundant with prose	yes
img-01197	B	rule-residual-conceptual	conceptual/architecture diagram, screenshot or illustration redundant with prose	yes
img-01198	B	rule-residual-conceptual	conceptual/architecture diagram, screenshot or illustration redundant with prose	yes
img-01199	B	rule-residual-conceptual	conceptual/architecture diagram, screenshot or illustration redundant with prose	yes
img-01200	B	rule-residual-conceptual	conceptual/architecture diagram, screenshot or illustration redundant with prose	yes
img-01201	B	rule-residual-conceptual	conceptual/architecture diagram, screenshot or illustration redundant with prose	yes
img-01202	B	rule-residual-conceptual	conceptual/architecture diagram, screenshot or illustration redundant with prose	yes
img-01203	B	rule-residual-conceptual	conceptual/architecture diagram, screenshot or illustration redundant with prose	yes
img-01204	B	rule-residual-conceptual	conceptual/architecture diagram, screenshot or illustration redundant with prose	yes
img-01205	B	rule-residual-conceptual	conceptual/architecture diagram, screenshot or illustration redundant with prose	yes
img-01206	B	rule-residual-conceptual	conceptual/architecture diagram, screenshot or illustration redundant with prose	yes
img-01207	B	rule-residual-conceptual	conceptual/architecture diagram, screenshot or illustration redundant with prose	yes
img-01208	B	rule-residual-conceptual	conceptual/architecture diagram, screenshot or illustration redundant with prose	yes
img-01209	B	rule-residual-conceptual	conceptual/architecture diagram, screenshot or illustration redundant with prose	yes
img-01210	B	rule-residual-conceptual	conceptual/architecture diagram, screenshot or illustration redundant with prose	yes
img-01211	B	rule-residual-conceptual	conceptual/architecture diagram, screenshot or illustration redundant with prose	yes
img-01212	B	rule-residual-conceptual	conceptual/architecture diagram, screenshot or illustration redundant with prose	yes
img-01213	E	vision	decision flowchart: index-type classification by YES/No decision diamonds	yes
img-01214	B	rule-residual-conceptual	conceptual/architecture diagram, screenshot or illustration redundant with prose	yes
img-01215	B	rule-residual-conceptual	conceptual/architecture diagram, screenshot or illustration redundant with prose	yes
img-01216	B	rule-residual-conceptual	conceptual/architecture diagram, screenshot or illustration redundant with prose	yes
img-01217	B	rule-residual-conceptual	conceptual/architecture diagram, screenshot or illustration redundant with prose	yes
img-01218	B	rule-residual-conceptual	conceptual/architecture diagram, screenshot or illustration redundant with prose	yes
img-01219	B	rule-residual-conceptual	conceptual/architecture diagram, screenshot or illustration redundant with prose	yes
img-01220	B	rule-residual-conceptual	conceptual/architecture diagram, screenshot or illustration redundant with prose	yes
img-01221	B	rule-residual-conceptual	conceptual/architecture diagram, screenshot or illustration redundant with prose	yes
img-01222	B	rule-residual-conceptual	conceptual/architecture diagram, screenshot or illustration redundant with prose	yes
img-01223	B	rule-residual-conceptual	conceptual/architecture diagram, screenshot or illustration redundant with prose	yes
img-01224	B	rule-residual-conceptual	conceptual/architecture diagram, screenshot or illustration redundant with prose	yes
img-01225	B	rule-residual-conceptual	conceptual/architecture diagram, screenshot or illustration redundant with prose	yes
img-01226	B	rule-residual-conceptual	conceptual/architecture diagram, screenshot or illustration redundant with prose	yes
img-01227	B	rule-residual-conceptual	conceptual/architecture diagram, screenshot or illustration redundant with prose	yes
img-01228	B	rule-residual-conceptual	conceptual/architecture diagram, screenshot or illustration redundant with prose	yes
img-01229	B	rule-residual-conceptual	conceptual/architecture diagram, screenshot or illustration redundant with prose	yes
img-01230	B	rule-residual-conceptual	conceptual/architecture diagram, screenshot or illustration redundant with prose	yes
img-01231	B	rule-residual-conceptual	conceptual/architecture diagram, screenshot or illustration redundant with prose	yes
img-01232	B	rule-residual-conceptual	conceptual/architecture diagram, screenshot or illustration redundant with prose	yes
img-01233	B	rule-residual-conceptual	conceptual/architecture diagram, screenshot or illustration redundant with prose	yes
img-01234	B	rule-residual-conceptual	conceptual/architecture diagram, screenshot or illustration redundant with prose	yes
img-01235	B	rule-residual-conceptual	conceptual/architecture diagram, screenshot or illustration redundant with prose	yes
img-01236	B	rule-residual-conceptual	conceptual/architecture diagram, screenshot or illustration redundant with prose	yes
img-01237	B	rule-residual-conceptual	conceptual/architecture diagram, screenshot or illustration redundant with prose	yes
img-01238	B	rule-residual-conceptual	conceptual/architecture diagram, screenshot or illustration redundant with prose	yes
img-01239	B	rule-residual-conceptual	conceptual/architecture diagram, screenshot or illustration redundant with prose	yes
img-01240	B	rule-residual-conceptual	conceptual/architecture diagram, screenshot or illustration redundant with prose	yes
img-01241	B	rule-residual-conceptual	conceptual/architecture diagram, screenshot or illustration redundant with prose	yes
img-01242	B	rule-residual-conceptual	conceptual/architecture diagram, screenshot or illustration redundant with prose	yes
img-01243	B	rule-residual-conceptual	conceptual/architecture diagram, screenshot or illustration redundant with prose	yes
img-01244	B	rule-residual-conceptual	conceptual/architecture diagram, screenshot or illustration redundant with prose	yes
img-01245	B	rule-residual-conceptual	conceptual/architecture diagram, screenshot or illustration redundant with prose	yes
img-01246	B	rule-residual-conceptual	conceptual/architecture diagram, screenshot or illustration redundant with prose	yes
img-01247	B	rule-residual-conceptual	conceptual/architecture diagram, screenshot or illustration redundant with prose	yes
img-01248	B	rule-residual-conceptual	conceptual/architecture diagram, screenshot or illustration redundant with prose	yes
img-01249	B	rule-residual-conceptual	conceptual/architecture diagram, screenshot or illustration redundant with prose	yes
img-01250	E	vision	process flowchart: troubleshooting procedure (check log -> judge -> collect -> analyse)	yes
img-01251	B	rule-cover	cover-page logo, carries no recoverable text	yes
img-01252	B	rule-table-cell	symbol/icon in a table cell, explained by the adjacent cell	yes
img-01253	B	rule-table-cell	symbol/icon in a table cell, explained by the adjacent cell	yes
img-01254	B	rule-table-cell	symbol/icon in a table cell, explained by the adjacent cell	yes
img-01255	B	rule-table-cell	symbol/icon in a table cell, explained by the adjacent cell	yes
img-01256	B	rule-table-cell	symbol/icon in a table cell, explained by the adjacent cell	yes
img-01257	B	rule-table-cell	symbol/icon in a table cell, explained by the adjacent cell	yes
img-01258	B	rule-table-cell	symbol/icon in a table cell, explained by the adjacent cell	yes
img-01259	B	rule-table-cell	symbol/icon in a table cell, explained by the adjacent cell	yes
img-01260	B	rule-table-cell	symbol/icon in a table cell, explained by the adjacent cell	yes
img-01261	B	rule-residual-conceptual	conceptual/architecture diagram, screenshot or illustration redundant with prose	yes
img-01262	B	rule-residual-conceptual	conceptual/architecture diagram, screenshot or illustration redundant with prose	yes
img-01263	B	rule-residual-conceptual	conceptual/architecture diagram, screenshot or illustration redundant with prose	yes
img-01264	B	rule-residual-conceptual	conceptual/architecture diagram, screenshot or illustration redundant with prose	yes
img-01265	B	rule-cover	cover-page logo, carries no recoverable text	yes
img-01266	B	rule-cover	cover-page logo, carries no recoverable text	yes
img-01267	B	rule-table-cell	symbol/icon in a table cell, explained by the adjacent cell	yes
img-01268	B	rule-table-cell	symbol/icon in a table cell, explained by the adjacent cell	yes
img-01269	B	rule-table-cell	symbol/icon in a table cell, explained by the adjacent cell	yes
img-01270	B	rule-table-cell	symbol/icon in a table cell, explained by the adjacent cell	yes
img-01271	B	rule-table-cell	symbol/icon in a table cell, explained by the adjacent cell	yes
img-01272	B	rule-table-cell	symbol/icon in a table cell, explained by the adjacent cell	yes
img-01273	B	rule-table-cell	symbol/icon in a table cell, explained by the adjacent cell	yes
img-01274	B	rule-table-cell	symbol/icon in a table cell, explained by the adjacent cell	yes
img-01275	B	rule-table-cell	symbol/icon in a table cell, explained by the adjacent cell	yes
img-01276	B	rule-residual-conceptual	conceptual/architecture diagram, screenshot or illustration redundant with prose	yes
img-01277	B	rule-residual-conceptual	conceptual/architecture diagram, screenshot or illustration redundant with prose	yes
img-01278	B	rule-residual-conceptual	conceptual/architecture diagram, screenshot or illustration redundant with prose	yes
img-01279	B	rule-residual-conceptual	conceptual/architecture diagram, screenshot or illustration redundant with prose	yes
img-01280	B	rule-residual-conceptual	conceptual/architecture diagram, screenshot or illustration redundant with prose	yes
img-01281	B	rule-residual-conceptual	conceptual/architecture diagram, screenshot or illustration redundant with prose	yes
img-01282	B	rule-residual-conceptual	conceptual/architecture diagram, screenshot or illustration redundant with prose	yes
img-01283	B	rule-residual-conceptual	conceptual/architecture diagram, screenshot or illustration redundant with prose	yes
img-01284	B	rule-residual-conceptual	conceptual/architecture diagram, screenshot or illustration redundant with prose	yes
img-01285	B	rule-residual-conceptual	conceptual/architecture diagram, screenshot or illustration redundant with prose	yes
img-01286	B	rule-residual-conceptual	conceptual/architecture diagram, screenshot or illustration redundant with prose	yes
img-01287	B	rule-residual-conceptual	conceptual/architecture diagram, screenshot or illustration redundant with prose	yes
img-01288	B	rule-residual-conceptual	conceptual/architecture diagram, screenshot or illustration redundant with prose	yes
img-01289	B	rule-residual-conceptual	conceptual/architecture diagram, screenshot or illustration redundant with prose	yes
img-01290	B	rule-residual-conceptual	conceptual/architecture diagram, screenshot or illustration redundant with prose	yes
img-01291	B	rule-residual-conceptual	conceptual/architecture diagram, screenshot or illustration redundant with prose	yes
img-01292	B	rule-residual-conceptual	conceptual/architecture diagram, screenshot or illustration redundant with prose	yes
img-01293	B	rule-cover	cover-page logo, carries no recoverable text	yes
img-01294	B	rule-table-cell	symbol/icon in a table cell, explained by the adjacent cell	yes
img-01295	B	rule-table-cell	symbol/icon in a table cell, explained by the adjacent cell	yes
img-01296	B	rule-table-cell	symbol/icon in a table cell, explained by the adjacent cell	yes
img-01297	B	rule-table-cell	symbol/icon in a table cell, explained by the adjacent cell	yes
img-01298	B	rule-table-cell	symbol/icon in a table cell, explained by the adjacent cell	yes
img-01299	B	rule-table-cell	symbol/icon in a table cell, explained by the adjacent cell	yes
img-01300	B	rule-table-cell	symbol/icon in a table cell, explained by the adjacent cell	yes
img-01301	B	rule-table-cell	symbol/icon in a table cell, explained by the adjacent cell	yes
img-01302	B	rule-table-cell	symbol/icon in a table cell, explained by the adjacent cell	yes
img-01303	B	rule-residual-conceptual	conceptual/architecture diagram, screenshot or illustration redundant with prose	yes
img-01304	B	rule-residual-conceptual	conceptual/architecture diagram, screenshot or illustration redundant with prose	yes
img-01305	B	rule-residual-conceptual	conceptual/architecture diagram, screenshot or illustration redundant with prose	yes
img-01306	B	rule-residual-conceptual	conceptual/architecture diagram, screenshot or illustration redundant with prose	yes
img-01307	C	rule-railroad-bnf	railroad diagram for a ::= grammar production, image-only grammar	yes
img-01308	C	rule-railroad-bnf	railroad diagram for a ::= grammar production, image-only grammar	yes
img-01309	C	rule-railroad-bnf	railroad diagram for a ::= grammar production, image-only grammar	yes
img-01310	C	rule-railroad-bnf	railroad diagram for a ::= grammar production, image-only grammar	yes
img-01311	B	rule-cover	cover-page logo, carries no recoverable text	yes
img-01312	B	rule-cover	cover-page logo, carries no recoverable text	yes
img-01313	B	rule-table-cell	symbol/icon in a table cell, explained by the adjacent cell	yes
img-01314	B	rule-table-cell	symbol/icon in a table cell, explained by the adjacent cell	yes
img-01315	B	rule-table-cell	symbol/icon in a table cell, explained by the adjacent cell	yes
img-01316	B	rule-table-cell	symbol/icon in a table cell, explained by the adjacent cell	yes
img-01317	B	rule-table-cell	symbol/icon in a table cell, explained by the adjacent cell	yes
img-01318	B	rule-table-cell	symbol/icon in a table cell, explained by the adjacent cell	yes
img-01319	B	rule-table-cell	symbol/icon in a table cell, explained by the adjacent cell	yes
img-01320	B	rule-table-cell	symbol/icon in a table cell, explained by the adjacent cell	yes
img-01321	B	rule-table-cell	symbol/icon in a table cell, explained by the adjacent cell	yes
img-01322	B	rule-residual-conceptual	conceptual/architecture diagram, screenshot or illustration redundant with prose	yes
img-01323	C	rule-railroad-synhead	railroad diagram directly under a Syntax heading, image-only grammar	yes
img-01324	C	rule-railroad-synhead	railroad diagram directly under a Syntax heading, image-only grammar	yes
img-01325	C	rule-railroad-synhead	railroad diagram directly under a Syntax heading, image-only grammar	yes
img-01326	C	rule-railroad-bnf	railroad diagram for a ::= grammar production, image-only grammar	yes
img-01327	C	rule-railroad-bnf	railroad diagram for a ::= grammar production, image-only grammar	yes
img-01328	C	rule-railroad-bnf	railroad diagram for a ::= grammar production, image-only grammar	yes
img-01329	C	rule-railroad-bnf	railroad diagram for a ::= grammar production, image-only grammar	yes
img-01330	C	rule-railroad-bnf	railroad diagram for a ::= grammar production, image-only grammar	yes
img-01331	C	rule-railroad-bnf	railroad diagram for a ::= grammar production, image-only grammar	yes
img-01332	C	rule-railroad-synhead	railroad diagram directly under a Syntax heading, image-only grammar	yes
img-01333	C	rule-railroad-bnf	railroad diagram for a ::= grammar production, image-only grammar	yes
img-01334	C	rule-railroad-bnf	railroad diagram for a ::= grammar production, image-only grammar	yes
img-01335	C	rule-railroad-bnf	railroad diagram for a ::= grammar production, image-only grammar	yes
img-01336	C	rule-railroad-bnf	railroad diagram for a ::= grammar production, image-only grammar	yes
img-01337	C	rule-railroad-bnf	railroad diagram for a ::= grammar production, image-only grammar	yes
img-01338	C	rule-railroad-bnf	railroad diagram for a ::= grammar production, image-only grammar	yes
img-01339	C	rule-railroad-synhead	railroad diagram directly under a Syntax heading, image-only grammar	yes
img-01340	C	rule-railroad-bnf	railroad diagram for a ::= grammar production, image-only grammar	yes
img-01341	C	rule-railroad-bnf	railroad diagram for a ::= grammar production, image-only grammar	yes
img-01342	C	rule-railroad-bnf	railroad diagram for a ::= grammar production, image-only grammar	yes
img-01343	B	rule-cover	cover-page logo, carries no recoverable text	yes
img-01344	B	rule-table-cell	symbol/icon in a table cell, explained by the adjacent cell	yes
img-01345	B	rule-table-cell	symbol/icon in a table cell, explained by the adjacent cell	yes
img-01346	B	rule-table-cell	symbol/icon in a table cell, explained by the adjacent cell	yes
img-01347	B	rule-table-cell	symbol/icon in a table cell, explained by the adjacent cell	yes
img-01348	B	rule-table-cell	symbol/icon in a table cell, explained by the adjacent cell	yes
img-01349	B	rule-table-cell	symbol/icon in a table cell, explained by the adjacent cell	yes
img-01350	B	rule-table-cell	symbol/icon in a table cell, explained by the adjacent cell	yes
img-01351	B	rule-table-cell	symbol/icon in a table cell, explained by the adjacent cell	yes
img-01352	B	rule-table-cell	symbol/icon in a table cell, explained by the adjacent cell	yes
img-01353	A	rule-syntax-textblock	syntax diagram redundant with the adjacent text Syntax block	yes
img-01354	A	rule-syntax-textblock	syntax diagram redundant with the adjacent text Syntax block	yes
img-01355	A	rule-syntax-textblock	syntax diagram redundant with the adjacent text Syntax block	yes
img-01356	A	rule-syntax-textblock	syntax diagram redundant with the adjacent text Syntax block	yes
img-01357	A	rule-syntax-textblock	syntax diagram redundant with the adjacent text Syntax block	yes
img-01358	A	rule-syntax-textblock	syntax diagram redundant with the adjacent text Syntax block	yes
img-01359	A	rule-syntax-textblock	syntax diagram redundant with the adjacent text Syntax block	yes
img-01360	A	rule-syntax-textblock	syntax diagram redundant with the adjacent text Syntax block	yes
img-01361	A	rule-syntax-textblock	syntax diagram redundant with the adjacent text Syntax block	yes
img-01362	A	rule-syntax-textblock	syntax diagram redundant with the adjacent text Syntax block	yes
img-01363	A	rule-syntax-textblock	syntax diagram redundant with the adjacent text Syntax block	yes
img-01364	A	rule-syntax-textblock	syntax diagram redundant with the adjacent text Syntax block	yes
img-01365	A	rule-syntax-textblock	syntax diagram redundant with the adjacent text Syntax block	yes
img-01366	A	rule-syntax-textblock	syntax diagram redundant with the adjacent text Syntax block	yes
img-01367	A	rule-syntax-textblock	syntax diagram redundant with the adjacent text Syntax block	yes
img-01368	A	rule-syntax-textblock	syntax diagram redundant with the adjacent text Syntax block	yes
img-01369	A	rule-syntax-textblock	syntax diagram redundant with the adjacent text Syntax block	yes
img-01370	A	rule-syntax-textblock	syntax diagram redundant with the adjacent text Syntax block	yes
img-01371	A	rule-syntax-textblock	syntax diagram redundant with the adjacent text Syntax block	yes
img-01372	A	rule-syntax-textblock	syntax diagram redundant with the adjacent text Syntax block	yes
img-01373	A	rule-syntax-textblock	syntax diagram redundant with the adjacent text Syntax block	yes
img-01374	B	rule-residual-conceptual	conceptual/architecture diagram, screenshot or illustration redundant with prose	yes
img-01375	A	rule-syntax-textblock	syntax diagram redundant with the adjacent text Syntax block	yes
img-01376	A	rule-syntax-textblock	syntax diagram redundant with the adjacent text Syntax block	yes
img-01377	A	rule-syntax-textblock	syntax diagram redundant with the adjacent text Syntax block	yes
img-01378	A	rule-syntax-textblock	syntax diagram redundant with the adjacent text Syntax block	yes
img-01379	A	rule-syntax-textblock	syntax diagram redundant with the adjacent text Syntax block	yes
img-01380	A	rule-syntax-textblock	syntax diagram redundant with the adjacent text Syntax block	yes
img-01381	A	rule-syntax-textblock	syntax diagram redundant with the adjacent text Syntax block	yes
img-01382	A	rule-syntax-textblock	syntax diagram redundant with the adjacent text Syntax block	yes
img-01383	A	rule-syntax-textblock	syntax diagram redundant with the adjacent text Syntax block	yes
img-01384	A	rule-syntax-textblock	syntax diagram redundant with the adjacent text Syntax block	yes
img-01385	A	rule-syntax-textblock	syntax diagram redundant with the adjacent text Syntax block	yes
img-01386	A	rule-syntax-textblock	syntax diagram redundant with the adjacent text Syntax block	yes
img-01387	A	rule-syntax-textblock	syntax diagram redundant with the adjacent text Syntax block	yes
img-01388	A	rule-syntax-textblock	syntax diagram redundant with the adjacent text Syntax block	yes
img-01389	A	rule-syntax-textblock	syntax diagram redundant with the adjacent text Syntax block	yes
img-01390	A	rule-syntax-textblock	syntax diagram redundant with the adjacent text Syntax block	yes
img-01391	A	rule-syntax-textblock	syntax diagram redundant with the adjacent text Syntax block	yes
img-01392	B	rule-cover	cover-page logo, carries no recoverable text	yes
img-01393	B	rule-table-cell	symbol/icon in a table cell, explained by the adjacent cell	yes
img-01394	B	rule-table-cell	symbol/icon in a table cell, explained by the adjacent cell	yes
img-01395	B	rule-table-cell	symbol/icon in a table cell, explained by the adjacent cell	yes
img-01396	B	rule-table-cell	symbol/icon in a table cell, explained by the adjacent cell	yes
img-01397	B	rule-table-cell	symbol/icon in a table cell, explained by the adjacent cell	yes
img-01398	B	rule-table-cell	symbol/icon in a table cell, explained by the adjacent cell	yes
img-01399	B	rule-table-cell	symbol/icon in a table cell, explained by the adjacent cell	yes
img-01400	B	rule-table-cell	symbol/icon in a table cell, explained by the adjacent cell	yes
img-01401	B	rule-table-cell	symbol/icon in a table cell, explained by the adjacent cell	yes
img-01402	B	rule-residual-conceptual	conceptual/architecture diagram, screenshot or illustration redundant with prose	yes
img-01403	B	rule-cover	cover-page logo, carries no recoverable text	yes
img-01404	B	rule-table-cell	symbol/icon in a table cell, explained by the adjacent cell	yes
img-01405	B	rule-table-cell	symbol/icon in a table cell, explained by the adjacent cell	yes
img-01406	B	rule-table-cell	symbol/icon in a table cell, explained by the adjacent cell	yes
img-01407	B	rule-table-cell	symbol/icon in a table cell, explained by the adjacent cell	yes
img-01408	B	rule-table-cell	symbol/icon in a table cell, explained by the adjacent cell	yes
img-01409	B	rule-table-cell	symbol/icon in a table cell, explained by the adjacent cell	yes
img-01410	B	rule-table-cell	symbol/icon in a table cell, explained by the adjacent cell	yes
img-01411	B	rule-table-cell	symbol/icon in a table cell, explained by the adjacent cell	yes
img-01412	B	rule-table-cell	symbol/icon in a table cell, explained by the adjacent cell	yes
img-01413	B	rule-residual-conceptual	conceptual/architecture diagram, screenshot or illustration redundant with prose	yes
img-01414	B	rule-residual-conceptual	conceptual/architecture diagram, screenshot or illustration redundant with prose	yes
img-01415	B	rule-residual-conceptual	conceptual/architecture diagram, screenshot or illustration redundant with prose	yes
img-01416	B	rule-cover	cover-page logo, carries no recoverable text	yes
img-01417	B	rule-cover	cover-page logo, carries no recoverable text	yes
img-01418	B	rule-residual-conceptual	conceptual/architecture diagram, screenshot or illustration redundant with prose	yes
img-01419	B	rule-residual-conceptual	conceptual/architecture diagram, screenshot or illustration redundant with prose	yes
img-01420	B	rule-residual-conceptual	conceptual/architecture diagram, screenshot or illustration redundant with prose	yes
img-01421	B	rule-residual-conceptual	conceptual/architecture diagram, screenshot or illustration redundant with prose	yes
img-01422	B	rule-residual-conceptual	conceptual/architecture diagram, screenshot or illustration redundant with prose	yes
img-01423	B	rule-residual-conceptual	conceptual/architecture diagram, screenshot or illustration redundant with prose	yes
img-01424	B	rule-residual-conceptual	conceptual/architecture diagram, screenshot or illustration redundant with prose	yes
img-01425	B	rule-residual-conceptual	conceptual/architecture diagram, screenshot or illustration redundant with prose	yes
img-01426	B	rule-residual-conceptual	conceptual/architecture diagram, screenshot or illustration redundant with prose	yes
img-01427	B	rule-residual-conceptual	conceptual/architecture diagram, screenshot or illustration redundant with prose	yes
img-01428	B	rule-residual-conceptual	conceptual/architecture diagram, screenshot or illustration redundant with prose	yes
img-01429	B	rule-residual-conceptual	conceptual/architecture diagram, screenshot or illustration redundant with prose	yes
img-01430	B	rule-residual-conceptual	conceptual/architecture diagram, screenshot or illustration redundant with prose	yes
img-01431	B	rule-residual-conceptual	conceptual/architecture diagram, screenshot or illustration redundant with prose	yes
img-01432	B	rule-residual-conceptual	conceptual/architecture diagram, screenshot or illustration redundant with prose	yes
img-01433	B	rule-residual-conceptual	conceptual/architecture diagram, screenshot or illustration redundant with prose	yes
img-01434	B	rule-residual-conceptual	conceptual/architecture diagram, screenshot or illustration redundant with prose	yes
img-01435	B	rule-residual-conceptual	conceptual/architecture diagram, screenshot or illustration redundant with prose	yes
img-01436	B	rule-residual-conceptual	conceptual/architecture diagram, screenshot or illustration redundant with prose	yes
img-01437	B	rule-residual-conceptual	conceptual/architecture diagram, screenshot or illustration redundant with prose	yes
img-01438	B	rule-residual-conceptual	conceptual/architecture diagram, screenshot or illustration redundant with prose	yes
img-01439	B	rule-residual-conceptual	conceptual/architecture diagram, screenshot or illustration redundant with prose	yes
img-01440	B	rule-residual-conceptual	conceptual/architecture diagram, screenshot or illustration redundant with prose	yes
img-01441	B	rule-residual-conceptual	conceptual/architecture diagram, screenshot or illustration redundant with prose	yes
img-01442	B	rule-residual-conceptual	conceptual/architecture diagram, screenshot or illustration redundant with prose	yes
img-01443	B	rule-residual-conceptual	conceptual/architecture diagram, screenshot or illustration redundant with prose	yes
img-01444	B	rule-residual-conceptual	conceptual/architecture diagram, screenshot or illustration redundant with prose	yes
img-01445	B	rule-residual-conceptual	conceptual/architecture diagram, screenshot or illustration redundant with prose	yes
img-01446	B	rule-residual-conceptual	conceptual/architecture diagram, screenshot or illustration redundant with prose	yes
img-01447	B	rule-residual-conceptual	conceptual/architecture diagram, screenshot or illustration redundant with prose	yes
img-01448	B	rule-residual-conceptual	conceptual/architecture diagram, screenshot or illustration redundant with prose	yes
img-01449	B	rule-residual-conceptual	conceptual/architecture diagram, screenshot or illustration redundant with prose	yes
img-01450	B	rule-residual-conceptual	conceptual/architecture diagram, screenshot or illustration redundant with prose	yes
img-01451	B	rule-residual-conceptual	conceptual/architecture diagram, screenshot or illustration redundant with prose	yes
img-01452	B	rule-residual-conceptual	conceptual/architecture diagram, screenshot or illustration redundant with prose	yes
img-01453	B	rule-residual-conceptual	conceptual/architecture diagram, screenshot or illustration redundant with prose	yes
img-01454	B	rule-cover	cover-page logo, carries no recoverable text	yes
img-01455	B	rule-table-cell	symbol/icon in a table cell, explained by the adjacent cell	yes
img-01456	B	rule-table-cell	symbol/icon in a table cell, explained by the adjacent cell	yes
img-01457	B	rule-table-cell	symbol/icon in a table cell, explained by the adjacent cell	yes
img-01458	B	rule-table-cell	symbol/icon in a table cell, explained by the adjacent cell	yes
img-01459	B	rule-table-cell	symbol/icon in a table cell, explained by the adjacent cell	yes
img-01460	B	rule-table-cell	symbol/icon in a table cell, explained by the adjacent cell	yes
img-01461	B	rule-table-cell	symbol/icon in a table cell, explained by the adjacent cell	yes
img-01462	B	rule-table-cell	symbol/icon in a table cell, explained by the adjacent cell	yes
img-01463	B	rule-table-cell	symbol/icon in a table cell, explained by the adjacent cell	yes
img-01464	B	rule-cover	cover-page logo, carries no recoverable text	yes
img-01465	B	rule-table-cell	symbol/icon in a table cell, explained by the adjacent cell	yes
img-01466	B	rule-table-cell	symbol/icon in a table cell, explained by the adjacent cell	yes
img-01467	B	rule-table-cell	symbol/icon in a table cell, explained by the adjacent cell	yes
img-01468	B	rule-table-cell	symbol/icon in a table cell, explained by the adjacent cell	yes
img-01469	B	rule-table-cell	symbol/icon in a table cell, explained by the adjacent cell	yes
img-01470	B	rule-table-cell	symbol/icon in a table cell, explained by the adjacent cell	yes
img-01471	B	rule-table-cell	symbol/icon in a table cell, explained by the adjacent cell	yes
img-01472	B	rule-table-cell	symbol/icon in a table cell, explained by the adjacent cell	yes
img-01473	B	rule-table-cell	symbol/icon in a table cell, explained by the adjacent cell	yes
img-01474	B	rule-residual-conceptual	conceptual/architecture diagram, screenshot or illustration redundant with prose	yes
img-01475	B	rule-residual-conceptual	conceptual/architecture diagram, screenshot or illustration redundant with prose	yes
img-01476	E	vision	process flowchart with loop: Log Analysis API usage steps STEP1..STEP5	yes
img-01477	B	rule-cover	cover-page logo, carries no recoverable text	yes
img-01478	B	rule-cover	cover-page logo, carries no recoverable text	yes
img-01479	B	rule-cover	cover-page logo, carries no recoverable text	yes
img-01480	B	rule-residual-conceptual	conceptual/architecture diagram, screenshot or illustration redundant with prose	yes
img-01481	B	rule-residual-conceptual	conceptual/architecture diagram, screenshot or illustration redundant with prose	yes
img-01482	B	rule-residual-conceptual	conceptual/architecture diagram, screenshot or illustration redundant with prose	yes
img-01483	B	rule-cover	cover-page logo, carries no recoverable text	yes
img-01484	B	rule-table-cell	symbol/icon in a table cell, explained by the adjacent cell	yes
img-01485	B	rule-table-cell	symbol/icon in a table cell, explained by the adjacent cell	yes
img-01486	B	rule-table-cell	symbol/icon in a table cell, explained by the adjacent cell	yes
img-01487	B	rule-table-cell	symbol/icon in a table cell, explained by the adjacent cell	yes
img-01488	B	rule-table-cell	symbol/icon in a table cell, explained by the adjacent cell	yes
img-01489	B	rule-table-cell	symbol/icon in a table cell, explained by the adjacent cell	yes
img-01490	B	rule-table-cell	symbol/icon in a table cell, explained by the adjacent cell	yes
img-01491	B	rule-table-cell	symbol/icon in a table cell, explained by the adjacent cell	yes
img-01492	B	rule-table-cell	symbol/icon in a table cell, explained by the adjacent cell	yes
img-01493	E	vision	process flowchart: client/server query-processing pipeline (Parsing-Validation-Optimization-Binding-Execution)	yes
img-01494	E	vision	process flowchart: optimizer pipeline (Query Rewriter -> Logical Plan Generator -> Physical Plan Generator)	yes
img-01495	E	vision	directed conversion graph: data-type conversion paths with G/E/L penalty edges	yes
img-01496	B	rule-residual-conceptual	conceptual/architecture diagram, screenshot or illustration redundant with prose	yes
img-01497	B	rule-residual-conceptual	conceptual/architecture diagram, screenshot or illustration redundant with prose	yes
img-01498	B	rule-residual-conceptual	conceptual/architecture diagram, screenshot or illustration redundant with prose	yes
img-01499	B	rule-residual-conceptual	conceptual/architecture diagram, screenshot or illustration redundant with prose	yes
img-01500	B	rule-residual-conceptual	conceptual/architecture diagram, screenshot or illustration redundant with prose	yes
img-01501	B	rule-residual-conceptual	conceptual/architecture diagram, screenshot or illustration redundant with prose	yes
img-01502	B	rule-residual-conceptual	conceptual/architecture diagram, screenshot or illustration redundant with prose	yes
img-01503	B	rule-residual-conceptual	conceptual/architecture diagram, screenshot or illustration redundant with prose	yes
img-01504	B	rule-residual-conceptual	conceptual/architecture diagram, screenshot or illustration redundant with prose	yes
img-01505	B	rule-residual-conceptual	conceptual/architecture diagram, screenshot or illustration redundant with prose	yes
img-01506	B	rule-residual-conceptual	conceptual/architecture diagram, screenshot or illustration redundant with prose	yes
img-01507	B	rule-residual-conceptual	conceptual/architecture diagram, screenshot or illustration redundant with prose	yes
img-01508	B	rule-residual-conceptual	conceptual/architecture diagram, screenshot or illustration redundant with prose	yes
img-01509	B	rule-residual-conceptual	conceptual/architecture diagram, screenshot or illustration redundant with prose	yes
img-01510	B	rule-residual-conceptual	conceptual/architecture diagram, screenshot or illustration redundant with prose	yes
img-01511	B	rule-residual-conceptual	conceptual/architecture diagram, screenshot or illustration redundant with prose	yes
img-01512	B	rule-residual-conceptual	conceptual/architecture diagram, screenshot or illustration redundant with prose	yes
img-01513	B	rule-residual-conceptual	conceptual/architecture diagram, screenshot or illustration redundant with prose	yes
img-01514	B	rule-residual-conceptual	conceptual/architecture diagram, screenshot or illustration redundant with prose	yes
img-01515	B	rule-residual-conceptual	conceptual/architecture diagram, screenshot or illustration redundant with prose	yes
img-01516	B	rule-residual-conceptual	conceptual/architecture diagram, screenshot or illustration redundant with prose	yes
img-01517	B	rule-residual-conceptual	conceptual/architecture diagram, screenshot or illustration redundant with prose	yes
img-01518	B	rule-residual-conceptual	conceptual/architecture diagram, screenshot or illustration redundant with prose	yes
img-01519	B	rule-residual-conceptual	conceptual/architecture diagram, screenshot or illustration redundant with prose	yes
img-01520	B	rule-residual-conceptual	conceptual/architecture diagram, screenshot or illustration redundant with prose	yes
img-01521	B	rule-residual-conceptual	conceptual/architecture diagram, screenshot or illustration redundant with prose	yes
img-01522	B	rule-residual-conceptual	conceptual/architecture diagram, screenshot or illustration redundant with prose	yes
img-01523	B	rule-residual-conceptual	conceptual/architecture diagram, screenshot or illustration redundant with prose	yes
img-01524	B	rule-residual-conceptual	conceptual/architecture diagram, screenshot or illustration redundant with prose	yes
img-01525	B	rule-residual-conceptual	conceptual/architecture diagram, screenshot or illustration redundant with prose	yes
img-01526	B	rule-residual-conceptual	conceptual/architecture diagram, screenshot or illustration redundant with prose	yes
img-01527	B	rule-residual-conceptual	conceptual/architecture diagram, screenshot or illustration redundant with prose	yes
img-01528	B	rule-residual-conceptual	conceptual/architecture diagram, screenshot or illustration redundant with prose	yes
img-01529	B	rule-residual-conceptual	conceptual/architecture diagram, screenshot or illustration redundant with prose	yes
img-01530	B	rule-residual-conceptual	conceptual/architecture diagram, screenshot or illustration redundant with prose	yes
img-01531	B	rule-residual-conceptual	conceptual/architecture diagram, screenshot or illustration redundant with prose	yes
img-01532	B	rule-residual-conceptual	conceptual/architecture diagram, screenshot or illustration redundant with prose	yes
img-01533	B	rule-residual-conceptual	conceptual/architecture diagram, screenshot or illustration redundant with prose	yes
img-01534	B	rule-residual-conceptual	conceptual/architecture diagram, screenshot or illustration redundant with prose	yes
img-01535	B	rule-residual-conceptual	conceptual/architecture diagram, screenshot or illustration redundant with prose	yes
img-01536	B	rule-residual-conceptual	conceptual/architecture diagram, screenshot or illustration redundant with prose	yes
img-01537	B	rule-residual-conceptual	conceptual/architecture diagram, screenshot or illustration redundant with prose	yes
img-01538	B	rule-residual-conceptual	conceptual/architecture diagram, screenshot or illustration redundant with prose	yes
img-01539	B	rule-residual-conceptual	conceptual/architecture diagram, screenshot or illustration redundant with prose	yes
img-01540	B	rule-residual-conceptual	conceptual/architecture diagram, screenshot or illustration redundant with prose	yes
img-01541	B	rule-residual-conceptual	conceptual/architecture diagram, screenshot or illustration redundant with prose	yes
img-01542	B	rule-residual-conceptual	conceptual/architecture diagram, screenshot or illustration redundant with prose	yes
img-01543	B	rule-residual-conceptual	conceptual/architecture diagram, screenshot or illustration redundant with prose	yes
img-01544	B	rule-residual-conceptual	conceptual/architecture diagram, screenshot or illustration redundant with prose	yes
img-01545	B	rule-residual-conceptual	conceptual/architecture diagram, screenshot or illustration redundant with prose	yes
img-01546	B	rule-residual-conceptual	conceptual/architecture diagram, screenshot or illustration redundant with prose	yes
img-01547	B	rule-residual-conceptual	conceptual/architecture diagram, screenshot or illustration redundant with prose	yes
img-01548	B	rule-residual-conceptual	conceptual/architecture diagram, screenshot or illustration redundant with prose	yes
img-01549	B	rule-residual-conceptual	conceptual/architecture diagram, screenshot or illustration redundant with prose	yes
img-01550	B	rule-residual-conceptual	conceptual/architecture diagram, screenshot or illustration redundant with prose	yes
img-01551	B	rule-residual-conceptual	conceptual/architecture diagram, screenshot or illustration redundant with prose	yes
img-01552	B	rule-residual-conceptual	conceptual/architecture diagram, screenshot or illustration redundant with prose	yes
img-01553	B	rule-residual-conceptual	conceptual/architecture diagram, screenshot or illustration redundant with prose	yes
img-01554	B	rule-residual-conceptual	conceptual/architecture diagram, screenshot or illustration redundant with prose	yes
img-01555	B	rule-residual-conceptual	conceptual/architecture diagram, screenshot or illustration redundant with prose	yes
img-01556	B	rule-residual-conceptual	conceptual/architecture diagram, screenshot or illustration redundant with prose	yes
img-01557	B	rule-residual-conceptual	conceptual/architecture diagram, screenshot or illustration redundant with prose	yes
img-01558	B	rule-residual-conceptual	conceptual/architecture diagram, screenshot or illustration redundant with prose	yes
img-01559	B	rule-residual-conceptual	conceptual/architecture diagram, screenshot or illustration redundant with prose	yes
img-01560	B	rule-residual-conceptual	conceptual/architecture diagram, screenshot or illustration redundant with prose	yes
img-01561	B	rule-residual-conceptual	conceptual/architecture diagram, screenshot or illustration redundant with prose	yes
img-01562	B	rule-residual-conceptual	conceptual/architecture diagram, screenshot or illustration redundant with prose	yes
img-01563	B	rule-residual-conceptual	conceptual/architecture diagram, screenshot or illustration redundant with prose	yes
img-01564	B	rule-residual-conceptual	conceptual/architecture diagram, screenshot or illustration redundant with prose	yes
img-01565	B	rule-residual-conceptual	conceptual/architecture diagram, screenshot or illustration redundant with prose	yes
img-01566	B	rule-cover	cover-page logo, carries no recoverable text	yes
img-01567	B	rule-table-cell	symbol/icon in a table cell, explained by the adjacent cell	yes
img-01568	B	rule-table-cell	symbol/icon in a table cell, explained by the adjacent cell	yes
img-01569	B	rule-table-cell	symbol/icon in a table cell, explained by the adjacent cell	yes
img-01570	B	rule-table-cell	symbol/icon in a table cell, explained by the adjacent cell	yes
img-01571	B	rule-table-cell	symbol/icon in a table cell, explained by the adjacent cell	yes
img-01572	B	rule-table-cell	symbol/icon in a table cell, explained by the adjacent cell	yes
img-01573	B	rule-table-cell	symbol/icon in a table cell, explained by the adjacent cell	yes
img-01574	B	rule-table-cell	symbol/icon in a table cell, explained by the adjacent cell	yes
img-01575	B	rule-table-cell	symbol/icon in a table cell, explained by the adjacent cell	yes
img-01576	B	rule-residual-conceptual	conceptual/architecture diagram, screenshot or illustration redundant with prose	yes
img-01577	B	rule-residual-conceptual	conceptual/architecture diagram, screenshot or illustration redundant with prose	yes
img-01578	B	rule-residual-conceptual	conceptual/architecture diagram, screenshot or illustration redundant with prose	yes
img-01579	B	rule-residual-conceptual	conceptual/architecture diagram, screenshot or illustration redundant with prose	yes
img-01580	B	rule-cover	cover-page logo, carries no recoverable text	yes
img-01581	B	rule-table-cell	symbol/icon in a table cell, explained by the adjacent cell	yes
img-01582	B	rule-table-cell	symbol/icon in a table cell, explained by the adjacent cell	yes
img-01583	B	rule-table-cell	symbol/icon in a table cell, explained by the adjacent cell	yes
img-01584	B	rule-table-cell	symbol/icon in a table cell, explained by the adjacent cell	yes
img-01585	B	rule-table-cell	symbol/icon in a table cell, explained by the adjacent cell	yes
img-01586	B	rule-table-cell	symbol/icon in a table cell, explained by the adjacent cell	yes
img-01587	B	rule-table-cell	symbol/icon in a table cell, explained by the adjacent cell	yes
img-01588	B	rule-table-cell	symbol/icon in a table cell, explained by the adjacent cell	yes
img-01589	B	rule-table-cell	symbol/icon in a table cell, explained by the adjacent cell	yes
img-01590	B	rule-residual-conceptual	conceptual/architecture diagram, screenshot or illustration redundant with prose	yes
img-01591	B	rule-residual-conceptual	conceptual/architecture diagram, screenshot or illustration redundant with prose	yes
img-01592	B	rule-residual-conceptual	conceptual/architecture diagram, screenshot or illustration redundant with prose	yes
img-01593	B	rule-residual-conceptual	conceptual/architecture diagram, screenshot or illustration redundant with prose	yes
img-01594	B	rule-residual-conceptual	conceptual/architecture diagram, screenshot or illustration redundant with prose	yes
img-01595	B	rule-residual-conceptual	conceptual/architecture diagram, screenshot or illustration redundant with prose	yes
img-01596	B	rule-residual-conceptual	conceptual/architecture diagram, screenshot or illustration redundant with prose	yes
img-01597	E	vision	decision flowchart: replication fail-over with failure branch and retry loop	yes
img-01598	E	vision	process flowchart: fail-over callback sequence (FO_BEGIN/FO_GO/FO_END cases)	yes
img-01599	B	rule-cover	cover-page logo, carries no recoverable text	yes
img-01600	B	rule-table-cell	symbol/icon in a table cell, explained by the adjacent cell	yes
img-01601	B	rule-table-cell	symbol/icon in a table cell, explained by the adjacent cell	yes
img-01602	B	rule-table-cell	symbol/icon in a table cell, explained by the adjacent cell	yes
img-01603	B	rule-table-cell	symbol/icon in a table cell, explained by the adjacent cell	yes
img-01604	B	rule-table-cell	symbol/icon in a table cell, explained by the adjacent cell	yes
img-01605	B	rule-table-cell	symbol/icon in a table cell, explained by the adjacent cell	yes
img-01606	B	rule-table-cell	symbol/icon in a table cell, explained by the adjacent cell	yes
img-01607	B	rule-table-cell	symbol/icon in a table cell, explained by the adjacent cell	yes
img-01608	B	rule-table-cell	symbol/icon in a table cell, explained by the adjacent cell	yes
img-01609	B	rule-residual-conceptual	conceptual/architecture diagram, screenshot or illustration redundant with prose	yes
img-01610	B	rule-residual-conceptual	conceptual/architecture diagram, screenshot or illustration redundant with prose	yes
img-01611	B	rule-residual-conceptual	conceptual/architecture diagram, screenshot or illustration redundant with prose	yes
img-01612	B	rule-residual-conceptual	conceptual/architecture diagram, screenshot or illustration redundant with prose	yes
img-01613	B	rule-residual-conceptual	conceptual/architecture diagram, screenshot or illustration redundant with prose	yes
img-01614	B	rule-residual-conceptual	conceptual/architecture diagram, screenshot or illustration redundant with prose	yes
img-01615	B	rule-residual-conceptual	conceptual/architecture diagram, screenshot or illustration redundant with prose	yes
img-01616	B	rule-cover	cover-page logo, carries no recoverable text	yes
img-01617	B	rule-table-cell	symbol/icon in a table cell, explained by the adjacent cell	yes
img-01618	B	rule-table-cell	symbol/icon in a table cell, explained by the adjacent cell	yes
img-01619	B	rule-table-cell	symbol/icon in a table cell, explained by the adjacent cell	yes
img-01620	B	rule-table-cell	symbol/icon in a table cell, explained by the adjacent cell	yes
img-01621	B	rule-table-cell	symbol/icon in a table cell, explained by the adjacent cell	yes
img-01622	B	rule-table-cell	symbol/icon in a table cell, explained by the adjacent cell	yes
img-01623	B	rule-table-cell	symbol/icon in a table cell, explained by the adjacent cell	yes
img-01624	B	rule-table-cell	symbol/icon in a table cell, explained by the adjacent cell	yes
img-01625	B	rule-table-cell	symbol/icon in a table cell, explained by the adjacent cell	yes
img-01626	C	rule-railroad-bnf	railroad diagram for a ::= grammar production, image-only grammar	yes
img-01627	C	rule-hint	hint railroad diagram, only source of the hint grammar	yes
img-01628	C	rule-hint	hint railroad diagram, only source of the hint grammar	yes
img-01629	C	rule-hint	hint railroad diagram, only source of the hint grammar	yes
img-01630	C	rule-hint	hint railroad diagram, only source of the hint grammar	yes
img-01631	C	rule-hint	hint railroad diagram, only source of the hint grammar	yes
img-01632	C	rule-hint	hint railroad diagram, only source of the hint grammar	yes
img-01633	C	rule-hint	hint railroad diagram, only source of the hint grammar	yes
img-01634	C	rule-hint	hint railroad diagram, only source of the hint grammar	yes
img-01635	C	rule-hint	hint railroad diagram, only source of the hint grammar	yes
img-01636	C	rule-hint	hint railroad diagram, only source of the hint grammar	yes
img-01637	C	rule-hint	hint railroad diagram, only source of the hint grammar	yes
img-01638	C	rule-hint	hint railroad diagram, only source of the hint grammar	yes
img-01639	C	rule-hint	hint railroad diagram, only source of the hint grammar	yes
img-01640	C	rule-hint	hint railroad diagram, only source of the hint grammar	yes
img-01641	C	rule-hint	hint railroad diagram, only source of the hint grammar	yes
img-01642	C	rule-hint	hint railroad diagram, only source of the hint grammar	yes
img-01643	C	rule-hint	hint railroad diagram, only source of the hint grammar	yes
img-01644	C	rule-hint	hint railroad diagram, only source of the hint grammar	yes
img-01645	C	rule-hint	hint railroad diagram, only source of the hint grammar	yes
img-01646	C	rule-hint	hint railroad diagram, only source of the hint grammar	yes
img-01647	C	rule-hint	hint railroad diagram, only source of the hint grammar	yes
img-01648	C	rule-hint	hint railroad diagram, only source of the hint grammar	yes
img-01649	C	rule-hint	hint railroad diagram, only source of the hint grammar	yes
img-01650	C	rule-hint	hint railroad diagram, only source of the hint grammar	yes
img-01651	C	rule-hint	hint railroad diagram, only source of the hint grammar	yes
img-01652	C	rule-hint	hint railroad diagram, only source of the hint grammar	yes
img-01653	C	rule-hint	hint railroad diagram, only source of the hint grammar	yes
img-01654	C	rule-hint	hint railroad diagram, only source of the hint grammar	yes
img-01655	C	rule-hint	hint railroad diagram, only source of the hint grammar	yes
img-01656	C	rule-hint	hint railroad diagram, only source of the hint grammar	yes
img-01657	C	rule-hint	hint railroad diagram, only source of the hint grammar	yes
img-01658	C	rule-hint	hint railroad diagram, only source of the hint grammar	yes
img-01659	C	rule-hint	hint railroad diagram, only source of the hint grammar	yes
img-01660	C	rule-hint	hint railroad diagram, only source of the hint grammar	yes
img-01661	C	rule-hint	hint railroad diagram, only source of the hint grammar	yes
img-01662	C	rule-hint	hint railroad diagram, only source of the hint grammar	yes
img-01663	C	rule-hint	hint railroad diagram, only source of the hint grammar	yes
img-01664	C	rule-hint	hint railroad diagram, only source of the hint grammar	yes
img-01665	C	rule-hint	hint railroad diagram, only source of the hint grammar	yes
img-01666	C	rule-hint	hint railroad diagram, only source of the hint grammar	yes
img-01667	C	rule-hint	hint railroad diagram, only source of the hint grammar	yes
img-01668	C	rule-hint	hint railroad diagram, only source of the hint grammar	yes
img-01669	C	rule-hint	hint railroad diagram, only source of the hint grammar	yes
img-01670	C	rule-hint	hint railroad diagram, only source of the hint grammar	yes
img-01671	C	rule-hint	hint railroad diagram, only source of the hint grammar	yes
img-01672	C	rule-hint	hint railroad diagram, only source of the hint grammar	yes
img-01673	C	rule-hint	hint railroad diagram, only source of the hint grammar	yes
img-01674	C	rule-hint	hint railroad diagram, only source of the hint grammar	yes
img-01675	C	rule-hint	hint railroad diagram, only source of the hint grammar	yes
img-01676	C	rule-hint	hint railroad diagram, only source of the hint grammar	yes
img-01677	C	rule-hint	hint railroad diagram, only source of the hint grammar	yes
img-01678	C	rule-hint	hint railroad diagram, only source of the hint grammar	yes
img-01679	C	rule-hint	hint railroad diagram, only source of the hint grammar	yes
img-01680	C	rule-hint	hint railroad diagram, only source of the hint grammar	yes
img-01681	C	rule-hint	hint railroad diagram, only source of the hint grammar	yes
img-01682	C	rule-hint	hint railroad diagram, only source of the hint grammar	yes
img-01683	C	rule-hint	hint railroad diagram, only source of the hint grammar	yes
img-01684	C	rule-hint	hint railroad diagram, only source of the hint grammar	yes
img-01685	C	rule-hint	hint railroad diagram, only source of the hint grammar	yes
img-01686	C	rule-hint	hint railroad diagram, only source of the hint grammar	yes
img-01687	C	rule-hint	hint railroad diagram, only source of the hint grammar	yes
img-01688	C	rule-hint	hint railroad diagram, only source of the hint grammar	yes
img-01689	C	rule-hint	hint railroad diagram, only source of the hint grammar	yes
img-01690	C	rule-hint	hint railroad diagram, only source of the hint grammar	yes
img-01691	C	rule-hint	hint railroad diagram, only source of the hint grammar	yes
img-01692	C	rule-hint	hint railroad diagram, only source of the hint grammar	yes
img-01693	C	rule-hint	hint railroad diagram, only source of the hint grammar	yes
img-01694	C	rule-hint	hint railroad diagram, only source of the hint grammar	yes
img-01695	C	rule-hint	hint railroad diagram, only source of the hint grammar	yes
img-01696	C	rule-hint	hint railroad diagram, only source of the hint grammar	yes
img-01697	C	rule-hint	hint railroad diagram, only source of the hint grammar	yes
img-01698	C	rule-hint	hint railroad diagram, only source of the hint grammar	yes
img-01699	C	rule-hint	hint railroad diagram, only source of the hint grammar	yes
img-01700	C	rule-hint	hint railroad diagram, only source of the hint grammar	yes
img-01701	C	rule-hint	hint railroad diagram, only source of the hint grammar	yes
img-01702	C	rule-railroad-bnf	railroad diagram for a ::= grammar production, image-only grammar	yes
img-01703	C	rule-railroad-bnf	railroad diagram for a ::= grammar production, image-only grammar	yes
img-01704	C	rule-railroad-bnf	railroad diagram for a ::= grammar production, image-only grammar	yes
img-01705	C	rule-railroad-bnf	railroad diagram for a ::= grammar production, image-only grammar	yes
img-01706	C	rule-railroad-bnf	railroad diagram for a ::= grammar production, image-only grammar	yes
img-01707	C	rule-railroad-bnf	railroad diagram for a ::= grammar production, image-only grammar	yes
img-01708	C	rule-railroad-bnf	railroad diagram for a ::= grammar production, image-only grammar	yes
img-01709	C	rule-railroad-bnf	railroad diagram for a ::= grammar production, image-only grammar	yes
img-01710	C	rule-railroad-bnf	railroad diagram for a ::= grammar production, image-only grammar	yes
img-01711	C	rule-railroad-bnf	railroad diagram for a ::= grammar production, image-only grammar	yes
img-01712	C	rule-railroad-bnf	railroad diagram for a ::= grammar production, image-only grammar	yes
img-01713	C	rule-railroad-bnf	railroad diagram for a ::= grammar production, image-only grammar	yes
img-01714	C	rule-railroad-bnf	railroad diagram for a ::= grammar production, image-only grammar	yes
img-01715	C	rule-railroad-bnf	railroad diagram for a ::= grammar production, image-only grammar	yes
img-01716	C	rule-railroad-bnf	railroad diagram for a ::= grammar production, image-only grammar	yes
img-01717	C	rule-railroad-bnf	railroad diagram for a ::= grammar production, image-only grammar	yes
img-01718	C	rule-railroad-bnf	railroad diagram for a ::= grammar production, image-only grammar	yes
img-01719	C	rule-railroad-bnf	railroad diagram for a ::= grammar production, image-only grammar	yes
img-01720	C	rule-railroad-bnf	railroad diagram for a ::= grammar production, image-only grammar	yes
img-01721	C	rule-railroad-bnf	railroad diagram for a ::= grammar production, image-only grammar	yes
img-01722	C	rule-railroad-bnf	railroad diagram for a ::= grammar production, image-only grammar	yes
img-01723	C	rule-railroad-bnf	railroad diagram for a ::= grammar production, image-only grammar	yes
img-01724	C	rule-railroad-bnf	railroad diagram for a ::= grammar production, image-only grammar	yes
img-01725	C	rule-railroad-bnf	railroad diagram for a ::= grammar production, image-only grammar	yes
img-01726	C	rule-railroad-bnf	railroad diagram for a ::= grammar production, image-only grammar	yes
img-01727	C	rule-railroad-bnf	railroad diagram for a ::= grammar production, image-only grammar	yes
img-01728	C	rule-railroad-bnf	railroad diagram for a ::= grammar production, image-only grammar	yes
img-01729	C	rule-railroad-bnf	railroad diagram for a ::= grammar production, image-only grammar	yes
img-01730	C	rule-railroad-bnf	railroad diagram for a ::= grammar production, image-only grammar	yes
img-01731	C	rule-railroad-bnf	railroad diagram for a ::= grammar production, image-only grammar	yes
img-01732	C	rule-railroad-bnf	railroad diagram for a ::= grammar production, image-only grammar	yes
img-01733	C	rule-railroad-bnf	railroad diagram for a ::= grammar production, image-only grammar	yes
img-01734	C	rule-railroad-bnf	railroad diagram for a ::= grammar production, image-only grammar	yes
img-01735	C	rule-railroad-bnf	railroad diagram for a ::= grammar production, image-only grammar	yes
img-01736	C	rule-railroad-bnf	railroad diagram for a ::= grammar production, image-only grammar	yes
img-01737	C	rule-railroad-bnf	railroad diagram for a ::= grammar production, image-only grammar	yes
img-01738	C	rule-railroad-bnf	railroad diagram for a ::= grammar production, image-only grammar	yes
img-01739	C	rule-railroad-bnf	railroad diagram for a ::= grammar production, image-only grammar	yes
img-01740	C	rule-railroad-bnf	railroad diagram for a ::= grammar production, image-only grammar	yes
img-01741	C	rule-railroad-bnf	railroad diagram for a ::= grammar production, image-only grammar	yes
img-01742	C	rule-railroad-bnf	railroad diagram for a ::= grammar production, image-only grammar	yes
img-01743	C	rule-railroad-bnf	railroad diagram for a ::= grammar production, image-only grammar	yes
img-01744	C	rule-railroad-bnf	railroad diagram for a ::= grammar production, image-only grammar	yes
img-01745	C	rule-railroad-bnf	railroad diagram for a ::= grammar production, image-only grammar	yes
img-01746	C	rule-railroad-bnf	railroad diagram for a ::= grammar production, image-only grammar	yes
img-01747	C	rule-railroad-bnf	railroad diagram for a ::= grammar production, image-only grammar	yes
img-01748	C	rule-railroad-bnf	railroad diagram for a ::= grammar production, image-only grammar	yes
img-01749	C	rule-railroad-bnf	railroad diagram for a ::= grammar production, image-only grammar	yes
img-01750	C	rule-railroad-bnf	railroad diagram for a ::= grammar production, image-only grammar	yes
img-01751	C	rule-railroad-bnf	railroad diagram for a ::= grammar production, image-only grammar	yes
img-01752	C	rule-railroad-bnf	railroad diagram for a ::= grammar production, image-only grammar	yes
img-01753	C	rule-railroad-bnf	railroad diagram for a ::= grammar production, image-only grammar	yes
img-01754	C	rule-railroad-bnf	railroad diagram for a ::= grammar production, image-only grammar	yes
img-01755	C	rule-railroad-bnf	railroad diagram for a ::= grammar production, image-only grammar	yes
img-01756	C	rule-railroad-bnf	railroad diagram for a ::= grammar production, image-only grammar	yes
img-01757	C	rule-railroad-bnf	railroad diagram for a ::= grammar production, image-only grammar	yes
img-01758	C	rule-railroad-bnf	railroad diagram for a ::= grammar production, image-only grammar	yes
img-01759	C	rule-railroad-bnf	railroad diagram for a ::= grammar production, image-only grammar	yes
img-01760	C	rule-railroad-bnf	railroad diagram for a ::= grammar production, image-only grammar	yes
img-01761	C	rule-railroad-bnf	railroad diagram for a ::= grammar production, image-only grammar	yes
img-01762	C	rule-railroad-bnf	railroad diagram for a ::= grammar production, image-only grammar	yes
img-01763	C	rule-railroad-bnf	railroad diagram for a ::= grammar production, image-only grammar	yes
img-01764	C	rule-railroad-bnf	railroad diagram for a ::= grammar production, image-only grammar	yes
img-01765	C	rule-railroad-bnf	railroad diagram for a ::= grammar production, image-only grammar	yes
img-01766	C	rule-railroad-bnf	railroad diagram for a ::= grammar production, image-only grammar	yes
img-01767	C	rule-railroad-bnf	railroad diagram for a ::= grammar production, image-only grammar	yes
img-01768	C	rule-railroad-bnf	railroad diagram for a ::= grammar production, image-only grammar	yes
img-01769	C	rule-railroad-bnf	railroad diagram for a ::= grammar production, image-only grammar	yes
img-01770	C	rule-railroad-bnf	railroad diagram for a ::= grammar production, image-only grammar	yes
img-01771	C	rule-railroad-bnf	railroad diagram for a ::= grammar production, image-only grammar	yes
img-01772	C	rule-railroad-bnf	railroad diagram for a ::= grammar production, image-only grammar	yes
img-01773	C	rule-railroad-bnf	railroad diagram for a ::= grammar production, image-only grammar	yes
img-01774	C	rule-railroad-bnf	railroad diagram for a ::= grammar production, image-only grammar	yes
img-01775	C	rule-railroad-bnf	railroad diagram for a ::= grammar production, image-only grammar	yes
img-01776	C	rule-railroad-bnf	railroad diagram for a ::= grammar production, image-only grammar	yes
img-01777	C	rule-railroad-bnf	railroad diagram for a ::= grammar production, image-only grammar	yes
img-01778	C	rule-railroad-bnf	railroad diagram for a ::= grammar production, image-only grammar	yes
img-01779	C	rule-railroad-bnf	railroad diagram for a ::= grammar production, image-only grammar	yes
img-01780	C	rule-railroad-bnf	railroad diagram for a ::= grammar production, image-only grammar	yes
img-01781	C	rule-railroad-bnf	railroad diagram for a ::= grammar production, image-only grammar	yes
img-01782	C	rule-railroad-bnf	railroad diagram for a ::= grammar production, image-only grammar	yes
img-01783	C	rule-railroad-bnf	railroad diagram for a ::= grammar production, image-only grammar	yes
img-01784	C	rule-railroad-bnf	railroad diagram for a ::= grammar production, image-only grammar	yes
img-01785	C	rule-railroad-bnf	railroad diagram for a ::= grammar production, image-only grammar	yes
img-01786	C	rule-railroad-bnf	railroad diagram for a ::= grammar production, image-only grammar	yes
img-01787	C	rule-railroad-bnf	railroad diagram for a ::= grammar production, image-only grammar	yes
img-01788	C	rule-railroad-bnf	railroad diagram for a ::= grammar production, image-only grammar	yes
img-01789	C	rule-railroad-bnf	railroad diagram for a ::= grammar production, image-only grammar	yes
img-01790	C	rule-railroad-bnf	railroad diagram for a ::= grammar production, image-only grammar	yes
img-01791	C	rule-railroad-bnf	railroad diagram for a ::= grammar production, image-only grammar	yes
img-01792	C	rule-railroad-bnf	railroad diagram for a ::= grammar production, image-only grammar	yes
img-01793	C	rule-railroad-bnf	railroad diagram for a ::= grammar production, image-only grammar	yes
img-01794	C	rule-railroad-bnf	railroad diagram for a ::= grammar production, image-only grammar	yes
img-01795	C	rule-railroad-bnf	railroad diagram for a ::= grammar production, image-only grammar	yes
img-01796	C	rule-railroad-bnf	railroad diagram for a ::= grammar production, image-only grammar	yes
img-01797	C	rule-railroad-bnf	railroad diagram for a ::= grammar production, image-only grammar	yes
img-01798	C	rule-railroad-bnf	railroad diagram for a ::= grammar production, image-only grammar	yes
img-01799	C	rule-railroad-bnf	railroad diagram for a ::= grammar production, image-only grammar	yes
img-01800	C	rule-railroad-bnf	railroad diagram for a ::= grammar production, image-only grammar	yes
img-01801	C	rule-railroad-bnf	railroad diagram for a ::= grammar production, image-only grammar	yes
img-01802	C	rule-railroad-bnf	railroad diagram for a ::= grammar production, image-only grammar	yes
img-01803	C	rule-railroad-bnf	railroad diagram for a ::= grammar production, image-only grammar	yes
img-01804	C	rule-railroad-bnf	railroad diagram for a ::= grammar production, image-only grammar	yes
img-01805	C	rule-railroad-bnf	railroad diagram for a ::= grammar production, image-only grammar	yes
img-01806	C	rule-railroad-bnf	railroad diagram for a ::= grammar production, image-only grammar	yes
img-01807	C	rule-railroad-bnf	railroad diagram for a ::= grammar production, image-only grammar	yes
img-01808	C	rule-railroad-bnf	railroad diagram for a ::= grammar production, image-only grammar	yes
img-01809	C	rule-railroad-bnf	railroad diagram for a ::= grammar production, image-only grammar	yes
img-01810	C	rule-railroad-bnf	railroad diagram for a ::= grammar production, image-only grammar	yes
img-01811	C	rule-railroad-bnf	railroad diagram for a ::= grammar production, image-only grammar	yes
img-01812	C	rule-railroad-bnf	railroad diagram for a ::= grammar production, image-only grammar	yes
img-01813	C	rule-railroad-synhead	railroad diagram directly under a Syntax heading, image-only grammar	yes
img-01814	C	rule-railroad-bnf	railroad diagram for a ::= grammar production, image-only grammar	yes
img-01815	C	rule-railroad-bnf	railroad diagram for a ::= grammar production, image-only grammar	yes
img-01816	C	rule-railroad-bnf	railroad diagram for a ::= grammar production, image-only grammar	yes
img-01817	C	rule-railroad-bnf	railroad diagram for a ::= grammar production, image-only grammar	yes
img-01818	C	rule-railroad-bnf	railroad diagram for a ::= grammar production, image-only grammar	yes
img-01819	C	rule-railroad-bnf	railroad diagram for a ::= grammar production, image-only grammar	yes
img-01820	C	rule-railroad-bnf	railroad diagram for a ::= grammar production, image-only grammar	yes
img-01821	C	rule-railroad-bnf	railroad diagram for a ::= grammar production, image-only grammar	yes
img-01822	C	rule-railroad-bnf	railroad diagram for a ::= grammar production, image-only grammar	yes
img-01823	C	rule-railroad-bnf	railroad diagram for a ::= grammar production, image-only grammar	yes
img-01824	C	rule-railroad-bnf	railroad diagram for a ::= grammar production, image-only grammar	yes
img-01825	C	rule-railroad-bnf	railroad diagram for a ::= grammar production, image-only grammar	yes
img-01826	C	rule-railroad-bnf	railroad diagram for a ::= grammar production, image-only grammar	yes
img-01827	C	rule-railroad-bnf	railroad diagram for a ::= grammar production, image-only grammar	yes
img-01828	B	rule-residual-conceptual	conceptual/architecture diagram, screenshot or illustration redundant with prose	yes
img-01829	C	rule-railroad-bnf	railroad diagram for a ::= grammar production, image-only grammar	yes
img-01830	C	rule-railroad-bnf	railroad diagram for a ::= grammar production, image-only grammar	yes
img-01831	C	rule-railroad-bnf	railroad diagram for a ::= grammar production, image-only grammar	yes
img-01832	C	rule-railroad-bnf	railroad diagram for a ::= grammar production, image-only grammar	yes
img-01833	C	rule-railroad-bnf	railroad diagram for a ::= grammar production, image-only grammar	yes
img-01834	C	rule-railroad-bnf	railroad diagram for a ::= grammar production, image-only grammar	yes
img-01835	C	rule-railroad-bnf	railroad diagram for a ::= grammar production, image-only grammar	yes
img-01836	C	rule-railroad-bnf	railroad diagram for a ::= grammar production, image-only grammar	yes
img-01837	C	rule-railroad-bnf	railroad diagram for a ::= grammar production, image-only grammar	yes
img-01838	C	rule-railroad-bnf	railroad diagram for a ::= grammar production, image-only grammar	yes
img-01839	C	rule-railroad-bnf	railroad diagram for a ::= grammar production, image-only grammar	yes
img-01840	C	rule-railroad-bnf	railroad diagram for a ::= grammar production, image-only grammar	yes
img-01841	C	rule-railroad-bnf	railroad diagram for a ::= grammar production, image-only grammar	yes
img-01842	C	rule-railroad-bnf	railroad diagram for a ::= grammar production, image-only grammar	yes
img-01843	C	rule-railroad-bnf	railroad diagram for a ::= grammar production, image-only grammar	yes
img-01844	C	rule-railroad-bnf	railroad diagram for a ::= grammar production, image-only grammar	yes
img-01845	C	rule-railroad-bnf	railroad diagram for a ::= grammar production, image-only grammar	yes
img-01846	C	rule-railroad-bnf	railroad diagram for a ::= grammar production, image-only grammar	yes
img-01847	C	rule-railroad-bnf	railroad diagram for a ::= grammar production, image-only grammar	yes
img-01848	C	rule-railroad-bnf	railroad diagram for a ::= grammar production, image-only grammar	yes
img-01849	C	rule-railroad-bnf	railroad diagram for a ::= grammar production, image-only grammar	yes
img-01850	C	rule-railroad-bnf	railroad diagram for a ::= grammar production, image-only grammar	yes
img-01851	C	rule-railroad-bnf	railroad diagram for a ::= grammar production, image-only grammar	yes
img-01852	C	rule-railroad-bnf	railroad diagram for a ::= grammar production, image-only grammar	yes
img-01853	C	rule-railroad-bnf	railroad diagram for a ::= grammar production, image-only grammar	yes
img-01854	C	rule-railroad-bnf	railroad diagram for a ::= grammar production, image-only grammar	yes
img-01855	C	rule-railroad-bnf	railroad diagram for a ::= grammar production, image-only grammar	yes
img-01856	C	rule-railroad-bnf	railroad diagram for a ::= grammar production, image-only grammar	yes
img-01857	C	rule-railroad-bnf	railroad diagram for a ::= grammar production, image-only grammar	yes
img-01858	C	rule-railroad-bnf	railroad diagram for a ::= grammar production, image-only grammar	yes
img-01859	C	rule-railroad-bnf	railroad diagram for a ::= grammar production, image-only grammar	yes
img-01860	C	rule-railroad-bnf	railroad diagram for a ::= grammar production, image-only grammar	yes
img-01861	C	rule-railroad-bnf	railroad diagram for a ::= grammar production, image-only grammar	yes
img-01862	C	rule-railroad-bnf	railroad diagram for a ::= grammar production, image-only grammar	yes
img-01863	C	rule-railroad-bnf	railroad diagram for a ::= grammar production, image-only grammar	yes
img-01864	C	rule-railroad-bnf	railroad diagram for a ::= grammar production, image-only grammar	yes
img-01865	C	rule-railroad-bnf	railroad diagram for a ::= grammar production, image-only grammar	yes
img-01866	C	rule-railroad-bnf	railroad diagram for a ::= grammar production, image-only grammar	yes
img-01867	C	rule-railroad-bnf	railroad diagram for a ::= grammar production, image-only grammar	yes
img-01868	C	rule-railroad-bnf	railroad diagram for a ::= grammar production, image-only grammar	yes
img-01869	C	rule-railroad-bnf	railroad diagram for a ::= grammar production, image-only grammar	yes
img-01870	C	rule-railroad-bnf	railroad diagram for a ::= grammar production, image-only grammar	yes
img-01871	C	rule-railroad-bnf	railroad diagram for a ::= grammar production, image-only grammar	yes
img-01872	C	rule-railroad-bnf	railroad diagram for a ::= grammar production, image-only grammar	yes
img-01873	C	rule-railroad-bnf	railroad diagram for a ::= grammar production, image-only grammar	yes
img-01874	C	rule-railroad-bnf	railroad diagram for a ::= grammar production, image-only grammar	yes
img-01875	C	rule-railroad-bnf	railroad diagram for a ::= grammar production, image-only grammar	yes
img-01876	C	rule-railroad-bnf	railroad diagram for a ::= grammar production, image-only grammar	yes
img-01877	C	rule-railroad-bnf	railroad diagram for a ::= grammar production, image-only grammar	yes
img-01878	C	rule-railroad-bnf	railroad diagram for a ::= grammar production, image-only grammar	yes
img-01879	C	rule-railroad-bnf	railroad diagram for a ::= grammar production, image-only grammar	yes
img-01880	C	rule-railroad-bnf	railroad diagram for a ::= grammar production, image-only grammar	yes
img-01881	C	rule-railroad-bnf	railroad diagram for a ::= grammar production, image-only grammar	yes
img-01882	E	img06-audit-reclassify	YES/NO decision flowchart resolving LOB-column vs partition tablespace precedence in CREATE TABLE; branching logic not in prose	yes
img-01883	C	rule-railroad-bnf	railroad diagram for a ::= grammar production, image-only grammar	yes
img-01884	C	rule-railroad-bnf	railroad diagram for a ::= grammar production, image-only grammar	yes
img-01885	C	rule-railroad-bnf	railroad diagram for a ::= grammar production, image-only grammar	yes
img-01886	C	rule-railroad-bnf	railroad diagram for a ::= grammar production, image-only grammar	yes
img-01887	C	rule-railroad-bnf	railroad diagram for a ::= grammar production, image-only grammar	yes
img-01888	C	rule-railroad-bnf	railroad diagram for a ::= grammar production, image-only grammar	yes
img-01889	C	rule-railroad-bnf	railroad diagram for a ::= grammar production, image-only grammar	yes
img-01890	C	rule-railroad-bnf	railroad diagram for a ::= grammar production, image-only grammar	yes
img-01891	C	rule-railroad-bnf	railroad diagram for a ::= grammar production, image-only grammar	yes
img-01892	C	rule-railroad-bnf	railroad diagram for a ::= grammar production, image-only grammar	yes
img-01893	C	rule-railroad-bnf	railroad diagram for a ::= grammar production, image-only grammar	yes
img-01894	C	rule-railroad-bnf	railroad diagram for a ::= grammar production, image-only grammar	yes
img-01895	C	rule-railroad-bnf	railroad diagram for a ::= grammar production, image-only grammar	yes
img-01896	C	rule-railroad-bnf	railroad diagram for a ::= grammar production, image-only grammar	yes
img-01897	C	rule-railroad-bnf	railroad diagram for a ::= grammar production, image-only grammar	yes
img-01898	C	rule-railroad-bnf	railroad diagram for a ::= grammar production, image-only grammar	yes
img-01899	C	rule-railroad-bnf	railroad diagram for a ::= grammar production, image-only grammar	yes
img-01900	C	rule-railroad-bnf	railroad diagram for a ::= grammar production, image-only grammar	yes
img-01901	C	rule-railroad-bnf	railroad diagram for a ::= grammar production, image-only grammar	yes
img-01902	C	rule-railroad-bnf	railroad diagram for a ::= grammar production, image-only grammar	yes
img-01903	C	rule-railroad-bnf	railroad diagram for a ::= grammar production, image-only grammar	yes
img-01904	C	rule-railroad-bnf	railroad diagram for a ::= grammar production, image-only grammar	yes
img-01905	C	rule-railroad-bnf	railroad diagram for a ::= grammar production, image-only grammar	yes
img-01906	C	rule-railroad-bnf	railroad diagram for a ::= grammar production, image-only grammar	yes
img-01907	C	rule-railroad-bnf	railroad diagram for a ::= grammar production, image-only grammar	yes
img-01908	C	rule-railroad-bnf	railroad diagram for a ::= grammar production, image-only grammar	yes
img-01909	C	rule-railroad-bnf	railroad diagram for a ::= grammar production, image-only grammar	yes
img-01910	C	rule-railroad-bnf	railroad diagram for a ::= grammar production, image-only grammar	yes
img-01911	C	rule-railroad-bnf	railroad diagram for a ::= grammar production, image-only grammar	yes
img-01912	C	rule-railroad-bnf	railroad diagram for a ::= grammar production, image-only grammar	yes
img-01913	C	rule-railroad-bnf	railroad diagram for a ::= grammar production, image-only grammar	yes
img-01914	C	rule-railroad-bnf	railroad diagram for a ::= grammar production, image-only grammar	yes
img-01915	C	rule-railroad-bnf	railroad diagram for a ::= grammar production, image-only grammar	yes
img-01916	C	rule-railroad-bnf	railroad diagram for a ::= grammar production, image-only grammar	yes
img-01917	C	rule-railroad-bnf	railroad diagram for a ::= grammar production, image-only grammar	yes
img-01918	C	rule-railroad-bnf	railroad diagram for a ::= grammar production, image-only grammar	yes
img-01919	C	rule-railroad-bnf	railroad diagram for a ::= grammar production, image-only grammar	yes
img-01920	C	rule-railroad-bnf	railroad diagram for a ::= grammar production, image-only grammar	yes
img-01921	C	rule-railroad-bnf	railroad diagram for a ::= grammar production, image-only grammar	yes
img-01922	C	rule-railroad-bnf	railroad diagram for a ::= grammar production, image-only grammar	yes
img-01923	C	rule-railroad-bnf	railroad diagram for a ::= grammar production, image-only grammar	yes
img-01924	C	rule-railroad-bnf	railroad diagram for a ::= grammar production, image-only grammar	yes
img-01925	C	rule-railroad-bnf	railroad diagram for a ::= grammar production, image-only grammar	yes
img-01926	C	rule-railroad-bnf	railroad diagram for a ::= grammar production, image-only grammar	yes
img-01927	C	rule-railroad-bnf	railroad diagram for a ::= grammar production, image-only grammar	yes
img-01928	C	rule-railroad-bnf	railroad diagram for a ::= grammar production, image-only grammar	yes
img-01929	C	rule-railroad-bnf	railroad diagram for a ::= grammar production, image-only grammar	yes
img-01930	C	rule-railroad-bnf	railroad diagram for a ::= grammar production, image-only grammar	yes
img-01931	C	rule-railroad-bnf	railroad diagram for a ::= grammar production, image-only grammar	yes
img-01932	C	rule-railroad-bnf	railroad diagram for a ::= grammar production, image-only grammar	yes
img-01933	C	rule-railroad-bnf	railroad diagram for a ::= grammar production, image-only grammar	yes
img-01934	C	rule-railroad-bnf	railroad diagram for a ::= grammar production, image-only grammar	yes
img-01935	C	rule-railroad-bnf	railroad diagram for a ::= grammar production, image-only grammar	yes
img-01936	C	rule-railroad-bnf	railroad diagram for a ::= grammar production, image-only grammar	yes
img-01937	C	rule-railroad-bnf	railroad diagram for a ::= grammar production, image-only grammar	yes
img-01938	C	rule-railroad-bnf	railroad diagram for a ::= grammar production, image-only grammar	yes
img-01939	C	rule-railroad-bnf	railroad diagram for a ::= grammar production, image-only grammar	yes
img-01940	C	rule-railroad-bnf	railroad diagram for a ::= grammar production, image-only grammar	yes
img-01941	C	rule-railroad-bnf	railroad diagram for a ::= grammar production, image-only grammar	yes
img-01942	C	rule-railroad-bnf	railroad diagram for a ::= grammar production, image-only grammar	yes
img-01943	C	rule-railroad-bnf	railroad diagram for a ::= grammar production, image-only grammar	yes
img-01944	C	rule-railroad-bnf	railroad diagram for a ::= grammar production, image-only grammar	yes
img-01945	C	rule-railroad-bnf	railroad diagram for a ::= grammar production, image-only grammar	yes
img-01946	C	rule-railroad-bnf	railroad diagram for a ::= grammar production, image-only grammar	yes
img-01947	C	rule-railroad-bnf	railroad diagram for a ::= grammar production, image-only grammar	yes
img-01948	C	rule-railroad-bnf	railroad diagram for a ::= grammar production, image-only grammar	yes
img-01949	C	rule-railroad-bnf	railroad diagram for a ::= grammar production, image-only grammar	yes
img-01950	C	rule-railroad-bnf	railroad diagram for a ::= grammar production, image-only grammar	yes
img-01951	C	rule-railroad-bnf	railroad diagram for a ::= grammar production, image-only grammar	yes
img-01952	C	rule-railroad-bnf	railroad diagram for a ::= grammar production, image-only grammar	yes
img-01953	C	rule-railroad-bnf	railroad diagram for a ::= grammar production, image-only grammar	yes
img-01954	C	rule-railroad-bnf	railroad diagram for a ::= grammar production, image-only grammar	yes
img-01955	C	rule-railroad-bnf	railroad diagram for a ::= grammar production, image-only grammar	yes
img-01956	C	rule-railroad-bnf	railroad diagram for a ::= grammar production, image-only grammar	yes
img-01957	C	rule-railroad-bnf	railroad diagram for a ::= grammar production, image-only grammar	yes
img-01958	C	rule-railroad-bnf	railroad diagram for a ::= grammar production, image-only grammar	yes
img-01959	C	rule-railroad-bnf	railroad diagram for a ::= grammar production, image-only grammar	yes
img-01960	C	rule-railroad-bnf	railroad diagram for a ::= grammar production, image-only grammar	yes
img-01961	C	rule-railroad-bnf	railroad diagram for a ::= grammar production, image-only grammar	yes
img-01962	C	rule-railroad-bnf	railroad diagram for a ::= grammar production, image-only grammar	yes
img-01963	C	rule-railroad-bnf	railroad diagram for a ::= grammar production, image-only grammar	yes
img-01964	C	rule-railroad-bnf	railroad diagram for a ::= grammar production, image-only grammar	yes
img-01965	C	rule-railroad-bnf	railroad diagram for a ::= grammar production, image-only grammar	yes
img-01966	C	rule-railroad-bnf	railroad diagram for a ::= grammar production, image-only grammar	yes
img-01967	C	rule-railroad-bnf	railroad diagram for a ::= grammar production, image-only grammar	yes
img-01968	C	rule-railroad-bnf	railroad diagram for a ::= grammar production, image-only grammar	yes
img-01969	C	rule-railroad-bnf	railroad diagram for a ::= grammar production, image-only grammar	yes
img-01970	C	rule-railroad-bnf	railroad diagram for a ::= grammar production, image-only grammar	yes
img-01971	C	rule-railroad-bnf	railroad diagram for a ::= grammar production, image-only grammar	yes
img-01972	C	rule-railroad-bnf	railroad diagram for a ::= grammar production, image-only grammar	yes
img-01973	C	rule-railroad-bnf	railroad diagram for a ::= grammar production, image-only grammar	yes
img-01974	C	rule-railroad-bnf	railroad diagram for a ::= grammar production, image-only grammar	yes
img-01975	C	rule-railroad-bnf	railroad diagram for a ::= grammar production, image-only grammar	yes
img-01976	C	rule-railroad-bnf	railroad diagram for a ::= grammar production, image-only grammar	yes
img-01977	C	rule-railroad-bnf	railroad diagram for a ::= grammar production, image-only grammar	yes
img-01978	C	rule-railroad-bnf	railroad diagram for a ::= grammar production, image-only grammar	yes
img-01979	C	rule-railroad-bnf	railroad diagram for a ::= grammar production, image-only grammar	yes
img-01980	C	rule-railroad-bnf	railroad diagram for a ::= grammar production, image-only grammar	yes
img-01981	C	rule-railroad-bnf	railroad diagram for a ::= grammar production, image-only grammar	yes
img-01982	C	rule-railroad-bnf	railroad diagram for a ::= grammar production, image-only grammar	yes
img-01983	B	rule-residual-conceptual	conceptual/architecture diagram, screenshot or illustration redundant with prose	yes
img-01984	C	rule-railroad-bnf	railroad diagram for a ::= grammar production, image-only grammar	yes
img-01985	C	rule-railroad-bnf	railroad diagram for a ::= grammar production, image-only grammar	yes
img-01986	C	rule-railroad-bnf	railroad diagram for a ::= grammar production, image-only grammar	yes
img-01987	C	rule-railroad-bnf	railroad diagram for a ::= grammar production, image-only grammar	yes
img-01988	C	rule-railroad-bnf	railroad diagram for a ::= grammar production, image-only grammar	yes
img-01989	C	rule-railroad-bnf	railroad diagram for a ::= grammar production, image-only grammar	yes
img-01990	C	rule-railroad-bnf	railroad diagram for a ::= grammar production, image-only grammar	yes
img-01991	C	rule-railroad-bnf	railroad diagram for a ::= grammar production, image-only grammar	yes
img-01992	C	rule-railroad-bnf	railroad diagram for a ::= grammar production, image-only grammar	yes
img-01993	C	rule-railroad-bnf	railroad diagram for a ::= grammar production, image-only grammar	yes
img-01994	C	rule-railroad-bnf	railroad diagram for a ::= grammar production, image-only grammar	yes
img-01995	C	rule-railroad-bnf	railroad diagram for a ::= grammar production, image-only grammar	yes
img-01996	C	rule-railroad-bnf	railroad diagram for a ::= grammar production, image-only grammar	yes
img-01997	C	rule-railroad-bnf	railroad diagram for a ::= grammar production, image-only grammar	yes
img-01998	C	rule-railroad-bnf	railroad diagram for a ::= grammar production, image-only grammar	yes
img-01999	C	rule-railroad-bnf	railroad diagram for a ::= grammar production, image-only grammar	yes
img-02000	C	rule-railroad-bnf	railroad diagram for a ::= grammar production, image-only grammar	yes
img-02001	C	rule-railroad-bnf	railroad diagram for a ::= grammar production, image-only grammar	yes
img-02002	C	rule-railroad-bnf	railroad diagram for a ::= grammar production, image-only grammar	yes
img-02003	C	rule-railroad-bnf	railroad diagram for a ::= grammar production, image-only grammar	yes
img-02004	C	rule-railroad-bnf	railroad diagram for a ::= grammar production, image-only grammar	yes
img-02005	C	rule-railroad-bnf	railroad diagram for a ::= grammar production, image-only grammar	yes
img-02006	C	rule-railroad-bnf	railroad diagram for a ::= grammar production, image-only grammar	yes
img-02007	C	rule-railroad-bnf	railroad diagram for a ::= grammar production, image-only grammar	yes
img-02008	C	rule-railroad-bnf	railroad diagram for a ::= grammar production, image-only grammar	yes
img-02009	C	rule-railroad-bnf	railroad diagram for a ::= grammar production, image-only grammar	yes
img-02010	C	rule-railroad-bnf	railroad diagram for a ::= grammar production, image-only grammar	yes
img-02011	C	rule-railroad-bnf	railroad diagram for a ::= grammar production, image-only grammar	yes
img-02012	C	rule-railroad-bnf	railroad diagram for a ::= grammar production, image-only grammar	yes
img-02013	C	rule-railroad-bnf	railroad diagram for a ::= grammar production, image-only grammar	yes
img-02014	C	rule-railroad-bnf	railroad diagram for a ::= grammar production, image-only grammar	yes
img-02015	C	rule-railroad-bnf	railroad diagram for a ::= grammar production, image-only grammar	yes
img-02016	C	rule-railroad-bnf	railroad diagram for a ::= grammar production, image-only grammar	yes
img-02017	C	rule-railroad-bnf	railroad diagram for a ::= grammar production, image-only grammar	yes
img-02018	C	rule-railroad-bnf	railroad diagram for a ::= grammar production, image-only grammar	yes
img-02019	C	rule-railroad-bnf	railroad diagram for a ::= grammar production, image-only grammar	yes
img-02020	C	rule-railroad-bnf	railroad diagram for a ::= grammar production, image-only grammar	yes
img-02021	C	rule-railroad-bnf	railroad diagram for a ::= grammar production, image-only grammar	yes
img-02022	C	rule-railroad-bnf	railroad diagram for a ::= grammar production, image-only grammar	yes
img-02023	C	rule-railroad-bnf	railroad diagram for a ::= grammar production, image-only grammar	yes
img-02024	C	rule-railroad-bnf	railroad diagram for a ::= grammar production, image-only grammar	yes
img-02025	C	rule-railroad-bnf	railroad diagram for a ::= grammar production, image-only grammar	yes
img-02026	C	rule-railroad-bnf	railroad diagram for a ::= grammar production, image-only grammar	yes
img-02027	C	rule-railroad-bnf	railroad diagram for a ::= grammar production, image-only grammar	yes
img-02028	C	rule-railroad-synhead	railroad diagram directly under a Syntax heading, image-only grammar	yes
img-02029	C	rule-railroad-synhead	railroad diagram directly under a Syntax heading, image-only grammar	yes
img-02030	C	rule-railroad-synhead	railroad diagram directly under a Syntax heading, image-only grammar	yes
img-02031	C	rule-railroad-synhead	railroad diagram directly under a Syntax heading, image-only grammar	yes
img-02032	C	rule-railroad-synhead	railroad diagram directly under a Syntax heading, image-only grammar	yes
img-02033	C	rule-railroad-bnf	railroad diagram for a ::= grammar production, image-only grammar	yes
img-02034	C	rule-railroad-bnf	railroad diagram for a ::= grammar production, image-only grammar	yes
img-02035	C	rule-railroad-bnf	railroad diagram for a ::= grammar production, image-only grammar	yes
img-02036	C	rule-railroad-bnf	railroad diagram for a ::= grammar production, image-only grammar	yes
img-02037	C	rule-railroad-bnf	railroad diagram for a ::= grammar production, image-only grammar	yes
img-02038	C	rule-railroad-synhead	railroad diagram directly under a Syntax heading, image-only grammar	yes
img-02039	C	rule-railroad-synhead	railroad diagram directly under a Syntax heading, image-only grammar	yes
img-02040	C	rule-railroad-synhead	railroad diagram directly under a Syntax heading, image-only grammar	yes
img-02041	C	rule-railroad-synhead	railroad diagram directly under a Syntax heading, image-only grammar	yes
img-02042	C	rule-railroad-synhead	railroad diagram directly under a Syntax heading, image-only grammar	yes
img-02043	C	rule-railroad-synhead	railroad diagram directly under a Syntax heading, image-only grammar	yes
img-02044	C	rule-railroad-synsection	railroad diagram in a Syntax section, image-only grammar	yes
img-02045	C	rule-railroad-synsection	railroad diagram in a Syntax section, image-only grammar	yes
img-02046	C	rule-railroad-synsection	railroad diagram in a Syntax section, image-only grammar	yes
img-02047	C	rule-railroad-synsection	railroad diagram in a Syntax section, image-only grammar	yes
img-02048	C	rule-railroad-synhead	railroad diagram directly under a Syntax heading, image-only grammar	yes
img-02049	C	rule-railroad-bnf	railroad diagram for a ::= grammar production, image-only grammar	yes
img-02050	C	rule-railroad-bnf	railroad diagram for a ::= grammar production, image-only grammar	yes
img-02051	C	rule-railroad-bnf	railroad diagram for a ::= grammar production, image-only grammar	yes
img-02052	C	rule-railroad-bnf	railroad diagram for a ::= grammar production, image-only grammar	yes
img-02053	C	rule-railroad-bnf	railroad diagram for a ::= grammar production, image-only grammar	yes
img-02054	C	rule-railroad-bnf	railroad diagram for a ::= grammar production, image-only grammar	yes
img-02055	C	rule-railroad-bnf	railroad diagram for a ::= grammar production, image-only grammar	yes
img-02056	C	rule-railroad-bnf	railroad diagram for a ::= grammar production, image-only grammar	yes
img-02057	C	rule-railroad-bnf	railroad diagram for a ::= grammar production, image-only grammar	yes
img-02058	C	rule-railroad-bnf	railroad diagram for a ::= grammar production, image-only grammar	yes
img-02059	B	rule-residual-conceptual	conceptual/architecture diagram, screenshot or illustration redundant with prose	yes
img-02060	B	rule-table-cell	symbol/icon in a table cell, explained by the adjacent cell	yes
img-02061	B	rule-table-cell	symbol/icon in a table cell, explained by the adjacent cell	yes
img-02062	B	rule-table-cell	symbol/icon in a table cell, explained by the adjacent cell	yes
img-02063	B	rule-table-cell	symbol/icon in a table cell, explained by the adjacent cell	yes
img-02064	B	rule-table-cell	symbol/icon in a table cell, explained by the adjacent cell	yes
img-02065	B	rule-table-cell	symbol/icon in a table cell, explained by the adjacent cell	yes
img-02066	B	rule-table-cell	symbol/icon in a table cell, explained by the adjacent cell	yes
img-02067	B	rule-table-cell	symbol/icon in a table cell, explained by the adjacent cell	yes
img-02068	B	rule-table-cell	symbol/icon in a table cell, explained by the adjacent cell	yes
img-02069	B	rule-residual-conceptual	conceptual/architecture diagram, screenshot or illustration redundant with prose	yes
img-02070	B	rule-residual-conceptual	conceptual/architecture diagram, screenshot or illustration redundant with prose	yes
img-02071	B	rule-residual-conceptual	conceptual/architecture diagram, screenshot or illustration redundant with prose	yes
img-02072	B	rule-residual-conceptual	conceptual/architecture diagram, screenshot or illustration redundant with prose	yes
img-02073	B	rule-residual-conceptual	conceptual/architecture diagram, screenshot or illustration redundant with prose	yes
img-02074	B	rule-residual-conceptual	conceptual/architecture diagram, screenshot or illustration redundant with prose	yes
img-02075	B	rule-residual-conceptual	conceptual/architecture diagram, screenshot or illustration redundant with prose	yes
img-02076	B	rule-residual-conceptual	conceptual/architecture diagram, screenshot or illustration redundant with prose	yes
img-02077	B	rule-residual-conceptual	conceptual/architecture diagram, screenshot or illustration redundant with prose	yes
img-02078	B	rule-residual-conceptual	conceptual/architecture diagram, screenshot or illustration redundant with prose	yes
img-02079	B	rule-residual-conceptual	conceptual/architecture diagram, screenshot or illustration redundant with prose	yes
img-02080	B	rule-residual-conceptual	conceptual/architecture diagram, screenshot or illustration redundant with prose	yes
img-02081	C	rule-railroad-synsection	railroad diagram in a Syntax section, image-only grammar	yes
img-02082	C	rule-railroad-bnf	railroad diagram for a ::= grammar production, image-only grammar	yes
img-02083	B	rule-residual-conceptual	conceptual/architecture diagram, screenshot or illustration redundant with prose	yes
img-02084	B	rule-residual-conceptual	conceptual/architecture diagram, screenshot or illustration redundant with prose	yes
img-02085	B	rule-residual-conceptual	conceptual/architecture diagram, screenshot or illustration redundant with prose	yes
img-02086	B	rule-residual-conceptual	conceptual/architecture diagram, screenshot or illustration redundant with prose	yes
img-02087	B	rule-residual-conceptual	conceptual/architecture diagram, screenshot or illustration redundant with prose	yes
img-02088	B	rule-residual-conceptual	conceptual/architecture diagram, screenshot or illustration redundant with prose	yes
img-02089	B	rule-residual-conceptual	conceptual/architecture diagram, screenshot or illustration redundant with prose	yes
img-02090	B	rule-residual-conceptual	conceptual/architecture diagram, screenshot or illustration redundant with prose	yes
img-02091	B	rule-residual-conceptual	conceptual/architecture diagram, screenshot or illustration redundant with prose	yes
img-02092	B	rule-residual-conceptual	conceptual/architecture diagram, screenshot or illustration redundant with prose	yes
img-02093	B	rule-residual-conceptual	conceptual/architecture diagram, screenshot or illustration redundant with prose	yes
img-02094	B	rule-residual-conceptual	conceptual/architecture diagram, screenshot or illustration redundant with prose	yes
img-02095	B	rule-residual-conceptual	conceptual/architecture diagram, screenshot or illustration redundant with prose	yes
img-02096	B	rule-residual-conceptual	conceptual/architecture diagram, screenshot or illustration redundant with prose	yes
img-02097	B	rule-residual-conceptual	conceptual/architecture diagram, screenshot or illustration redundant with prose	yes
img-02098	B	rule-residual-conceptual	conceptual/architecture diagram, screenshot or illustration redundant with prose	yes
img-02099	B	rule-residual-conceptual	conceptual/architecture diagram, screenshot or illustration redundant with prose	yes
img-02100	B	rule-residual-conceptual	conceptual/architecture diagram, screenshot or illustration redundant with prose	yes
img-02101	B	rule-residual-conceptual	conceptual/architecture diagram, screenshot or illustration redundant with prose	yes
img-02102	B	rule-residual-conceptual	conceptual/architecture diagram, screenshot or illustration redundant with prose	yes
img-02103	B	rule-residual-conceptual	conceptual/architecture diagram, screenshot or illustration redundant with prose	yes
img-02104	B	rule-residual-conceptual	conceptual/architecture diagram, screenshot or illustration redundant with prose	yes
img-02105	B	rule-cover	cover-page logo, carries no recoverable text	yes
img-02106	B	rule-table-cell	symbol/icon in a table cell, explained by the adjacent cell	yes
img-02107	B	rule-table-cell	symbol/icon in a table cell, explained by the adjacent cell	yes
img-02108	B	rule-table-cell	symbol/icon in a table cell, explained by the adjacent cell	yes
img-02109	B	rule-table-cell	symbol/icon in a table cell, explained by the adjacent cell	yes
img-02110	B	rule-table-cell	symbol/icon in a table cell, explained by the adjacent cell	yes
img-02111	B	rule-table-cell	symbol/icon in a table cell, explained by the adjacent cell	yes
img-02112	B	rule-table-cell	symbol/icon in a table cell, explained by the adjacent cell	yes
img-02113	B	rule-table-cell	symbol/icon in a table cell, explained by the adjacent cell	yes
img-02114	B	rule-table-cell	symbol/icon in a table cell, explained by the adjacent cell	yes
img-02115	B	rule-residual-conceptual	conceptual/architecture diagram, screenshot or illustration redundant with prose	yes
img-02116	C	rule-railroad-synhead	railroad diagram directly under a Syntax heading, image-only grammar	yes
img-02117	C	rule-railroad-synsection	railroad diagram in a Syntax section, image-only grammar	yes
img-02118	C	rule-railroad-synsection	railroad diagram in a Syntax section, image-only grammar	yes
img-02119	C	rule-railroad-synhead	railroad diagram directly under a Syntax heading, image-only grammar	yes
img-02120	C	rule-railroad-synhead	railroad diagram directly under a Syntax heading, image-only grammar	yes
img-02121	C	rule-railroad-synsection	railroad diagram in a Syntax section, image-only grammar	yes
img-02122	B	rule-residual-conceptual	conceptual/architecture diagram, screenshot or illustration redundant with prose	yes
img-02123	B	rule-residual-conceptual	conceptual/architecture diagram, screenshot or illustration redundant with prose	yes
img-02124	B	rule-residual-conceptual	conceptual/architecture diagram, screenshot or illustration redundant with prose	yes
img-02125	B	rule-residual-conceptual	conceptual/architecture diagram, screenshot or illustration redundant with prose	yes
img-02126	C	rule-railroad-synhead	railroad diagram directly under a Syntax heading, image-only grammar	yes
img-02127	B	rule-residual-conceptual	conceptual/architecture diagram, screenshot or illustration redundant with prose	yes
img-02128	B	rule-residual-conceptual	conceptual/architecture diagram, screenshot or illustration redundant with prose	yes
img-02129	B	rule-residual-conceptual	conceptual/architecture diagram, screenshot or illustration redundant with prose	yes
img-02130	B	rule-residual-conceptual	conceptual/architecture diagram, screenshot or illustration redundant with prose	yes
img-02131	C	rule-railroad-synhead	railroad diagram directly under a Syntax heading, image-only grammar	yes
img-02132	C	rule-railroad-synsection	railroad diagram in a Syntax section, image-only grammar	yes
img-02133	B	rule-residual-conceptual	conceptual/architecture diagram, screenshot or illustration redundant with prose	yes
img-02134	B	rule-residual-conceptual	conceptual/architecture diagram, screenshot or illustration redundant with prose	yes
img-02135	B	rule-residual-conceptual	conceptual/architecture diagram, screenshot or illustration redundant with prose	yes
img-02136	B	rule-residual-conceptual	conceptual/architecture diagram, screenshot or illustration redundant with prose	yes
img-02137	B	rule-residual-conceptual	conceptual/architecture diagram, screenshot or illustration redundant with prose	yes
img-02138	C	rule-railroad-synhead	railroad diagram directly under a Syntax heading, image-only grammar	yes
img-02139	B	rule-residual-conceptual	conceptual/architecture diagram, screenshot or illustration redundant with prose	yes
img-02140	B	rule-residual-conceptual	conceptual/architecture diagram, screenshot or illustration redundant with prose	yes
img-02141	B	rule-residual-conceptual	conceptual/architecture diagram, screenshot or illustration redundant with prose	yes
img-02142	B	rule-residual-conceptual	conceptual/architecture diagram, screenshot or illustration redundant with prose	yes
img-02143	B	rule-residual-conceptual	conceptual/architecture diagram, screenshot or illustration redundant with prose	yes
img-02144	C	rule-railroad-synhead	railroad diagram directly under a Syntax heading, image-only grammar	yes
img-02145	B	rule-residual-conceptual	conceptual/architecture diagram, screenshot or illustration redundant with prose	yes
img-02146	B	rule-residual-conceptual	conceptual/architecture diagram, screenshot or illustration redundant with prose	yes
img-02147	B	rule-residual-conceptual	conceptual/architecture diagram, screenshot or illustration redundant with prose	yes
img-02148	B	rule-residual-conceptual	conceptual/architecture diagram, screenshot or illustration redundant with prose	yes
img-02149	B	rule-residual-conceptual	conceptual/architecture diagram, screenshot or illustration redundant with prose	yes
img-02150	B	rule-residual-conceptual	conceptual/architecture diagram, screenshot or illustration redundant with prose	yes
img-02151	B	rule-residual-conceptual	conceptual/architecture diagram, screenshot or illustration redundant with prose	yes
img-02152	B	rule-residual-conceptual	conceptual/architecture diagram, screenshot or illustration redundant with prose	yes
img-02153	B	rule-residual-conceptual	conceptual/architecture diagram, screenshot or illustration redundant with prose	yes
img-02154	B	rule-residual-conceptual	conceptual/architecture diagram, screenshot or illustration redundant with prose	yes
img-02155	B	rule-residual-conceptual	conceptual/architecture diagram, screenshot or illustration redundant with prose	yes
img-02156	B	rule-residual-conceptual	conceptual/architecture diagram, screenshot or illustration redundant with prose	yes
img-02157	B	rule-residual-conceptual	conceptual/architecture diagram, screenshot or illustration redundant with prose	yes
img-02158	B	rule-residual-conceptual	conceptual/architecture diagram, screenshot or illustration redundant with prose	yes
img-02159	B	rule-residual-conceptual	conceptual/architecture diagram, screenshot or illustration redundant with prose	yes
img-02160	B	rule-residual-conceptual	conceptual/architecture diagram, screenshot or illustration redundant with prose	yes
img-02161	B	rule-residual-conceptual	conceptual/architecture diagram, screenshot or illustration redundant with prose	yes
img-02162	B	rule-residual-conceptual	conceptual/architecture diagram, screenshot or illustration redundant with prose	yes
img-02163	A	rule-syntax-textblock	syntax diagram redundant with the adjacent text Syntax block	yes
img-02164	B	rule-residual-conceptual	conceptual/architecture diagram, screenshot or illustration redundant with prose	yes
img-02165	B	rule-residual-conceptual	conceptual/architecture diagram, screenshot or illustration redundant with prose	yes
img-02166	B	rule-residual-conceptual	conceptual/architecture diagram, screenshot or illustration redundant with prose	yes
img-02167	B	rule-residual-conceptual	conceptual/architecture diagram, screenshot or illustration redundant with prose	yes
img-02168	B	rule-residual-conceptual	conceptual/architecture diagram, screenshot or illustration redundant with prose	yes
img-02169	B	rule-cover	cover-page logo, carries no recoverable text	yes
img-02170	B	rule-table-cell	symbol/icon in a table cell, explained by the adjacent cell	yes
img-02171	B	rule-table-cell	symbol/icon in a table cell, explained by the adjacent cell	yes
img-02172	B	rule-table-cell	symbol/icon in a table cell, explained by the adjacent cell	yes
img-02173	B	rule-table-cell	symbol/icon in a table cell, explained by the adjacent cell	yes
img-02174	B	rule-table-cell	symbol/icon in a table cell, explained by the adjacent cell	yes
img-02175	B	rule-table-cell	symbol/icon in a table cell, explained by the adjacent cell	yes
img-02176	B	rule-table-cell	symbol/icon in a table cell, explained by the adjacent cell	yes
img-02177	B	rule-table-cell	symbol/icon in a table cell, explained by the adjacent cell	yes
img-02178	B	rule-table-cell	symbol/icon in a table cell, explained by the adjacent cell	yes
img-02179	B	rule-residual-conceptual	conceptual/architecture diagram, screenshot or illustration redundant with prose	yes
img-02180	C	rule-railroad-bnf	railroad diagram for a ::= grammar production, image-only grammar	yes
img-02181	C	rule-railroad-bnf	railroad diagram for a ::= grammar production, image-only grammar	yes
img-02182	C	rule-railroad-bnf	railroad diagram for a ::= grammar production, image-only grammar	yes
img-02183	C	rule-railroad-synhead	railroad diagram directly under a Syntax heading, image-only grammar	yes
img-02184	C	rule-railroad-synhead	railroad diagram directly under a Syntax heading, image-only grammar	yes
img-02185	C	rule-railroad-bnf	railroad diagram for a ::= grammar production, image-only grammar	yes
img-02186	C	rule-railroad-bnf	railroad diagram for a ::= grammar production, image-only grammar	yes
img-02187	C	rule-railroad-bnf	railroad diagram for a ::= grammar production, image-only grammar	yes
img-02188	C	rule-railroad-bnf	railroad diagram for a ::= grammar production, image-only grammar	yes
img-02189	C	rule-railroad-bnf	railroad diagram for a ::= grammar production, image-only grammar	yes
img-02190	C	rule-railroad-bnf	railroad diagram for a ::= grammar production, image-only grammar	yes
img-02191	C	rule-railroad-synhead	railroad diagram directly under a Syntax heading, image-only grammar	yes
img-02192	C	rule-railroad-synhead	railroad diagram directly under a Syntax heading, image-only grammar	yes
img-02193	C	rule-railroad-synhead	railroad diagram directly under a Syntax heading, image-only grammar	yes
img-02194	C	rule-railroad-synsection	railroad diagram in a Syntax section, image-only grammar	yes
img-02195	C	rule-railroad-synsection	railroad diagram in a Syntax section, image-only grammar	yes
img-02196	C	rule-railroad-synhead	railroad diagram directly under a Syntax heading, image-only grammar	yes
img-02197	C	rule-railroad-synsection	railroad diagram in a Syntax section, image-only grammar	yes
img-02198	B	rule-residual-conceptual	conceptual/architecture diagram, screenshot or illustration redundant with prose	yes
img-02199	C	rule-railroad-synhead	railroad diagram directly under a Syntax heading, image-only grammar	yes
img-02200	C	rule-railroad-synhead	railroad diagram directly under a Syntax heading, image-only grammar	yes
img-02201	C	rule-railroad-synhead	railroad diagram directly under a Syntax heading, image-only grammar	yes
img-02202	C	rule-railroad-synhead	railroad diagram directly under a Syntax heading, image-only grammar	yes
img-02203	C	rule-railroad-synhead	railroad diagram directly under a Syntax heading, image-only grammar	yes
img-02204	C	rule-railroad-synhead	railroad diagram directly under a Syntax heading, image-only grammar	yes
img-02205	C	rule-railroad-synhead	railroad diagram directly under a Syntax heading, image-only grammar	yes
img-02206	C	rule-railroad-synhead	railroad diagram directly under a Syntax heading, image-only grammar	yes
img-02207	C	rule-railroad-synhead	railroad diagram directly under a Syntax heading, image-only grammar	yes
img-02208	C	rule-railroad-synhead	railroad diagram directly under a Syntax heading, image-only grammar	yes
img-02209	C	rule-railroad-synhead	railroad diagram directly under a Syntax heading, image-only grammar	yes
img-02210	C	rule-railroad-synhead	railroad diagram directly under a Syntax heading, image-only grammar	yes
img-02211	C	rule-railroad-synhead	railroad diagram directly under a Syntax heading, image-only grammar	yes
img-02212	C	rule-railroad-synhead	railroad diagram directly under a Syntax heading, image-only grammar	yes
img-02213	C	rule-railroad-synhead	railroad diagram directly under a Syntax heading, image-only grammar	yes
img-02214	C	rule-railroad-synhead	railroad diagram directly under a Syntax heading, image-only grammar	yes
img-02215	C	rule-railroad-synhead	railroad diagram directly under a Syntax heading, image-only grammar	yes
img-02216	C	rule-railroad-synhead	railroad diagram directly under a Syntax heading, image-only grammar	yes
img-02217	C	rule-railroad-synhead	railroad diagram directly under a Syntax heading, image-only grammar	yes
img-02218	C	rule-railroad-synhead	railroad diagram directly under a Syntax heading, image-only grammar	yes
img-02219	C	rule-railroad-synsection	railroad diagram in a Syntax section, image-only grammar	yes
img-02220	C	rule-railroad-synhead	railroad diagram directly under a Syntax heading, image-only grammar	yes
img-02221	C	rule-railroad-synhead	railroad diagram directly under a Syntax heading, image-only grammar	yes
img-02222	C	rule-railroad-synhead	railroad diagram directly under a Syntax heading, image-only grammar	yes
img-02223	C	rule-railroad-synhead	railroad diagram directly under a Syntax heading, image-only grammar	yes
img-02224	C	rule-railroad-synhead	railroad diagram directly under a Syntax heading, image-only grammar	yes
img-02225	B	rule-residual-conceptual	conceptual/architecture diagram, screenshot or illustration redundant with prose	yes
img-02226	C	rule-railroad-synhead	railroad diagram directly under a Syntax heading, image-only grammar	yes
img-02227	C	rule-railroad-synhead	railroad diagram directly under a Syntax heading, image-only grammar	yes
img-02228	B	rule-residual-conceptual	conceptual/architecture diagram, screenshot or illustration redundant with prose	yes
img-02229	C	rule-railroad-synhead	railroad diagram directly under a Syntax heading, image-only grammar	yes
img-02230	C	rule-railroad-synsection	railroad diagram in a Syntax section, image-only grammar	yes
img-02231	C	rule-railroad-synsection	railroad diagram in a Syntax section, image-only grammar	yes
img-02232	C	rule-railroad-synhead	railroad diagram directly under a Syntax heading, image-only grammar	yes
img-02233	C	rule-railroad-synhead	railroad diagram directly under a Syntax heading, image-only grammar	yes
img-02234	C	rule-railroad-synhead	railroad diagram directly under a Syntax heading, image-only grammar	yes
img-02235	B	rule-residual-conceptual	conceptual/architecture diagram, screenshot or illustration redundant with prose	yes
img-02236	C	rule-railroad-synhead	railroad diagram directly under a Syntax heading, image-only grammar	yes
img-02237	C	rule-railroad-synhead	railroad diagram directly under a Syntax heading, image-only grammar	yes
img-02238	C	rule-railroad-synhead	railroad diagram directly under a Syntax heading, image-only grammar	yes
img-02239	B	rule-residual-conceptual	conceptual/architecture diagram, screenshot or illustration redundant with prose	yes
img-02240	C	rule-railroad-synhead	railroad diagram directly under a Syntax heading, image-only grammar	yes
img-02241	B	rule-residual-conceptual	conceptual/architecture diagram, screenshot or illustration redundant with prose	yes
img-02242	C	rule-railroad-bnf	railroad diagram for a ::= grammar production, image-only grammar	yes
img-02243	C	rule-railroad-bnf	railroad diagram for a ::= grammar production, image-only grammar	yes
img-02244	C	rule-railroad-bnf	railroad diagram for a ::= grammar production, image-only grammar	yes
img-02245	C	rule-railroad-bnf	railroad diagram for a ::= grammar production, image-only grammar	yes
img-02246	C	rule-railroad-bnf	railroad diagram for a ::= grammar production, image-only grammar	yes
img-02247	C	rule-railroad-bnf	railroad diagram for a ::= grammar production, image-only grammar	yes
img-02248	C	rule-railroad-bnf	railroad diagram for a ::= grammar production, image-only grammar	yes
img-02249	C	rule-railroad-bnf	railroad diagram for a ::= grammar production, image-only grammar	yes
img-02250	C	rule-railroad-bnf	railroad diagram for a ::= grammar production, image-only grammar	yes
img-02251	C	rule-railroad-bnf	railroad diagram for a ::= grammar production, image-only grammar	yes
img-02252	C	rule-railroad-bnf	railroad diagram for a ::= grammar production, image-only grammar	yes
img-02253	C	rule-railroad-bnf	railroad diagram for a ::= grammar production, image-only grammar	yes
img-02254	B	rule-residual-conceptual	conceptual/architecture diagram, screenshot or illustration redundant with prose	yes
img-02255	B	rule-cover	cover-page logo, carries no recoverable text	yes
img-02256	B	rule-table-cell	symbol/icon in a table cell, explained by the adjacent cell	yes
img-02257	B	rule-table-cell	symbol/icon in a table cell, explained by the adjacent cell	yes
img-02258	B	rule-table-cell	symbol/icon in a table cell, explained by the adjacent cell	yes
img-02259	B	rule-table-cell	symbol/icon in a table cell, explained by the adjacent cell	yes
img-02260	B	rule-table-cell	symbol/icon in a table cell, explained by the adjacent cell	yes
img-02261	B	rule-table-cell	symbol/icon in a table cell, explained by the adjacent cell	yes
img-02262	B	rule-table-cell	symbol/icon in a table cell, explained by the adjacent cell	yes
img-02263	B	rule-table-cell	symbol/icon in a table cell, explained by the adjacent cell	yes
img-02264	B	rule-table-cell	symbol/icon in a table cell, explained by the adjacent cell	yes
img-02265	C	rule-railroad-synhead	railroad diagram directly under a Syntax heading, image-only grammar	yes
img-02266	B	rule-residual-conceptual	conceptual/architecture diagram, screenshot or illustration redundant with prose	yes
img-02267	B	rule-residual-conceptual	conceptual/architecture diagram, screenshot or illustration redundant with prose	yes
img-02268	B	rule-residual-conceptual	conceptual/architecture diagram, screenshot or illustration redundant with prose	yes
img-02269	B	rule-residual-conceptual	conceptual/architecture diagram, screenshot or illustration redundant with prose	yes
img-02270	B	rule-residual-conceptual	conceptual/architecture diagram, screenshot or illustration redundant with prose	yes
img-02271	B	rule-residual-conceptual	conceptual/architecture diagram, screenshot or illustration redundant with prose	yes
img-02272	B	rule-residual-conceptual	conceptual/architecture diagram, screenshot or illustration redundant with prose	yes
img-02273	B	rule-residual-conceptual	conceptual/architecture diagram, screenshot or illustration redundant with prose	yes
img-02274	B	rule-residual-conceptual	conceptual/architecture diagram, screenshot or illustration redundant with prose	yes
img-02275	B	rule-residual-conceptual	conceptual/architecture diagram, screenshot or illustration redundant with prose	yes
img-02276	B	rule-residual-conceptual	conceptual/architecture diagram, screenshot or illustration redundant with prose	yes
img-02277	B	rule-residual-conceptual	conceptual/architecture diagram, screenshot or illustration redundant with prose	yes
img-02278	C	rule-railroad-synsection	railroad diagram in a Syntax section, image-only grammar	yes
img-02279	B	rule-residual-conceptual	conceptual/architecture diagram, screenshot or illustration redundant with prose	yes
img-02280	C	rule-railroad-synhead	railroad diagram directly under a Syntax heading, image-only grammar	yes
img-02281	C	rule-railroad-synhead	railroad diagram directly under a Syntax heading, image-only grammar	yes
img-02282	C	rule-railroad-synhead	railroad diagram directly under a Syntax heading, image-only grammar	yes
img-02283	C	rule-railroad-synhead	railroad diagram directly under a Syntax heading, image-only grammar	yes
img-02284	C	rule-railroad-synhead	railroad diagram directly under a Syntax heading, image-only grammar	yes
img-02285	C	rule-railroad-synhead	railroad diagram directly under a Syntax heading, image-only grammar	yes
img-02286	C	rule-railroad-synhead	railroad diagram directly under a Syntax heading, image-only grammar	yes
img-02287	C	rule-railroad-synhead	railroad diagram directly under a Syntax heading, image-only grammar	yes
img-02288	C	rule-railroad-synhead	railroad diagram directly under a Syntax heading, image-only grammar	yes
img-02289	C	rule-railroad-synhead	railroad diagram directly under a Syntax heading, image-only grammar	yes
img-02290	C	rule-railroad-synhead	railroad diagram directly under a Syntax heading, image-only grammar	yes
img-02291	C	rule-railroad-synhead	railroad diagram directly under a Syntax heading, image-only grammar	yes
img-02292	C	rule-railroad-synhead	railroad diagram directly under a Syntax heading, image-only grammar	yes
img-02293	C	rule-railroad-synhead	railroad diagram directly under a Syntax heading, image-only grammar	yes
img-02294	C	rule-railroad-synhead	railroad diagram directly under a Syntax heading, image-only grammar	yes
img-02295	C	rule-railroad-synhead	railroad diagram directly under a Syntax heading, image-only grammar	yes
img-02296	C	rule-railroad-synhead	railroad diagram directly under a Syntax heading, image-only grammar	yes
img-02297	B	rule-cover	cover-page logo, carries no recoverable text	yes
img-02298	B	rule-table-cell	symbol/icon in a table cell, explained by the adjacent cell	yes
img-02299	B	rule-table-cell	symbol/icon in a table cell, explained by the adjacent cell	yes
img-02300	B	rule-table-cell	symbol/icon in a table cell, explained by the adjacent cell	yes
img-02301	B	rule-table-cell	symbol/icon in a table cell, explained by the adjacent cell	yes
img-02302	B	rule-table-cell	symbol/icon in a table cell, explained by the adjacent cell	yes
img-02303	B	rule-table-cell	symbol/icon in a table cell, explained by the adjacent cell	yes
img-02304	B	rule-table-cell	symbol/icon in a table cell, explained by the adjacent cell	yes
img-02305	B	rule-table-cell	symbol/icon in a table cell, explained by the adjacent cell	yes
img-02306	B	rule-table-cell	symbol/icon in a table cell, explained by the adjacent cell	yes
img-02307	B	rule-residual-conceptual	conceptual/architecture diagram, screenshot or illustration redundant with prose	yes
img-02308	B	rule-cover	cover-page logo, carries no recoverable text	yes
img-02309	B	rule-table-cell	symbol/icon in a table cell, explained by the adjacent cell	yes
img-02310	B	rule-table-cell	symbol/icon in a table cell, explained by the adjacent cell	yes
img-02311	B	rule-table-cell	symbol/icon in a table cell, explained by the adjacent cell	yes
img-02312	B	rule-table-cell	symbol/icon in a table cell, explained by the adjacent cell	yes
img-02313	B	rule-table-cell	symbol/icon in a table cell, explained by the adjacent cell	yes
img-02314	B	rule-table-cell	symbol/icon in a table cell, explained by the adjacent cell	yes
img-02315	B	rule-table-cell	symbol/icon in a table cell, explained by the adjacent cell	yes
img-02316	B	rule-table-cell	symbol/icon in a table cell, explained by the adjacent cell	yes
img-02317	B	rule-table-cell	symbol/icon in a table cell, explained by the adjacent cell	yes
img-02318	B	rule-cover	cover-page logo, carries no recoverable text	yes
img-02319	B	rule-table-cell	symbol/icon in a table cell, explained by the adjacent cell	yes
img-02320	B	rule-table-cell	symbol/icon in a table cell, explained by the adjacent cell	yes
img-02321	B	rule-table-cell	symbol/icon in a table cell, explained by the adjacent cell	yes
img-02322	B	rule-table-cell	symbol/icon in a table cell, explained by the adjacent cell	yes
img-02323	B	rule-table-cell	symbol/icon in a table cell, explained by the adjacent cell	yes
img-02324	B	rule-table-cell	symbol/icon in a table cell, explained by the adjacent cell	yes
img-02325	B	rule-table-cell	symbol/icon in a table cell, explained by the adjacent cell	yes
img-02326	B	rule-table-cell	symbol/icon in a table cell, explained by the adjacent cell	yes
img-02327	B	rule-table-cell	symbol/icon in a table cell, explained by the adjacent cell	yes
img-02328	B	rule-residual-conceptual	conceptual/architecture diagram, screenshot or illustration redundant with prose	yes
img-02329	B	rule-residual-conceptual	conceptual/architecture diagram, screenshot or illustration redundant with prose	yes
img-02330	B	rule-residual-conceptual	conceptual/architecture diagram, screenshot or illustration redundant with prose	yes
img-02331	B	rule-residual-conceptual	conceptual/architecture diagram, screenshot or illustration redundant with prose	yes
img-02332	B	rule-residual-conceptual	conceptual/architecture diagram, screenshot or illustration redundant with prose	yes
img-02333	B	rule-residual-conceptual	conceptual/architecture diagram, screenshot or illustration redundant with prose	yes
img-02334	B	rule-residual-conceptual	conceptual/architecture diagram, screenshot or illustration redundant with prose	yes
img-02335	B	rule-residual-conceptual	conceptual/architecture diagram, screenshot or illustration redundant with prose	yes
img-02336	B	rule-residual-conceptual	conceptual/architecture diagram, screenshot or illustration redundant with prose	yes
img-02337	B	rule-residual-conceptual	conceptual/architecture diagram, screenshot or illustration redundant with prose	yes
img-02338	B	rule-residual-conceptual	conceptual/architecture diagram, screenshot or illustration redundant with prose	yes
img-02339	B	rule-cover	cover-page logo, carries no recoverable text	yes
img-02340	B	rule-table-cell	symbol/icon in a table cell, explained by the adjacent cell	yes
img-02341	B	rule-table-cell	symbol/icon in a table cell, explained by the adjacent cell	yes
img-02342	B	rule-table-cell	symbol/icon in a table cell, explained by the adjacent cell	yes
img-02343	B	rule-table-cell	symbol/icon in a table cell, explained by the adjacent cell	yes
img-02344	B	rule-table-cell	symbol/icon in a table cell, explained by the adjacent cell	yes
img-02345	B	rule-table-cell	symbol/icon in a table cell, explained by the adjacent cell	yes
img-02346	B	rule-table-cell	symbol/icon in a table cell, explained by the adjacent cell	yes
img-02347	B	rule-table-cell	symbol/icon in a table cell, explained by the adjacent cell	yes
img-02348	B	rule-table-cell	symbol/icon in a table cell, explained by the adjacent cell	yes
img-02349	B	rule-residual-conceptual	conceptual/architecture diagram, screenshot or illustration redundant with prose	yes
img-02350	B	rule-residual-conceptual	conceptual/architecture diagram, screenshot or illustration redundant with prose	yes
img-02351	B	rule-residual-conceptual	conceptual/architecture diagram, screenshot or illustration redundant with prose	yes
img-02352	B	rule-cover	cover-page logo, carries no recoverable text	yes
img-02353	B	rule-table-cell	symbol/icon in a table cell, explained by the adjacent cell	yes
img-02354	B	rule-table-cell	symbol/icon in a table cell, explained by the adjacent cell	yes
img-02355	B	rule-table-cell	symbol/icon in a table cell, explained by the adjacent cell	yes
img-02356	B	rule-table-cell	symbol/icon in a table cell, explained by the adjacent cell	yes
img-02357	B	rule-table-cell	symbol/icon in a table cell, explained by the adjacent cell	yes
img-02358	B	rule-table-cell	symbol/icon in a table cell, explained by the adjacent cell	yes
img-02359	B	rule-table-cell	symbol/icon in a table cell, explained by the adjacent cell	yes
img-02360	B	rule-table-cell	symbol/icon in a table cell, explained by the adjacent cell	yes
img-02361	B	rule-table-cell	symbol/icon in a table cell, explained by the adjacent cell	yes
img-02362	B	rule-residual-conceptual	conceptual/architecture diagram, screenshot or illustration redundant with prose	yes
img-02363	B	rule-residual-conceptual	conceptual/architecture diagram, screenshot or illustration redundant with prose	yes
img-02364	B	rule-residual-conceptual	conceptual/architecture diagram, screenshot or illustration redundant with prose	yes
img-02365	B	rule-residual-conceptual	conceptual/architecture diagram, screenshot or illustration redundant with prose	yes
img-02366	B	rule-cover	cover-page logo, carries no recoverable text	yes
img-02367	B	rule-table-cell	symbol/icon in a table cell, explained by the adjacent cell	yes
img-02368	B	rule-table-cell	symbol/icon in a table cell, explained by the adjacent cell	yes
img-02369	B	rule-table-cell	symbol/icon in a table cell, explained by the adjacent cell	yes
img-02370	B	rule-table-cell	symbol/icon in a table cell, explained by the adjacent cell	yes
img-02371	B	rule-table-cell	symbol/icon in a table cell, explained by the adjacent cell	yes
img-02372	B	rule-table-cell	symbol/icon in a table cell, explained by the adjacent cell	yes
img-02373	B	rule-table-cell	symbol/icon in a table cell, explained by the adjacent cell	yes
img-02374	B	rule-table-cell	symbol/icon in a table cell, explained by the adjacent cell	yes
img-02375	B	rule-table-cell	symbol/icon in a table cell, explained by the adjacent cell	yes
img-02376	B	rule-residual-conceptual	conceptual/architecture diagram, screenshot or illustration redundant with prose	yes
img-02377	B	rule-residual-conceptual	conceptual/architecture diagram, screenshot or illustration redundant with prose	yes
img-02378	B	rule-residual-conceptual	conceptual/architecture diagram, screenshot or illustration redundant with prose	yes
img-02379	B	rule-residual-conceptual	conceptual/architecture diagram, screenshot or illustration redundant with prose	yes
img-02380	B	rule-residual-conceptual	conceptual/architecture diagram, screenshot or illustration redundant with prose	yes
img-02381	B	rule-residual-conceptual	conceptual/architecture diagram, screenshot or illustration redundant with prose	yes
img-02382	B	rule-residual-conceptual	conceptual/architecture diagram, screenshot or illustration redundant with prose	yes
img-02383	B	rule-residual-conceptual	conceptual/architecture diagram, screenshot or illustration redundant with prose	yes
img-02384	B	rule-residual-conceptual	conceptual/architecture diagram, screenshot or illustration redundant with prose	yes
img-02385	B	rule-residual-conceptual	conceptual/architecture diagram, screenshot or illustration redundant with prose	yes
img-02386	B	rule-residual-conceptual	conceptual/architecture diagram, screenshot or illustration redundant with prose	yes
img-02387	B	rule-residual-conceptual	conceptual/architecture diagram, screenshot or illustration redundant with prose	yes
img-02388	B	rule-residual-conceptual	conceptual/architecture diagram, screenshot or illustration redundant with prose	yes
img-02389	B	rule-residual-conceptual	conceptual/architecture diagram, screenshot or illustration redundant with prose	yes
img-02390	B	rule-residual-conceptual	conceptual/architecture diagram, screenshot or illustration redundant with prose	yes
img-02391	B	rule-residual-conceptual	conceptual/architecture diagram, screenshot or illustration redundant with prose	yes
img-02392	B	rule-residual-conceptual	conceptual/architecture diagram, screenshot or illustration redundant with prose	yes
img-02393	B	rule-residual-conceptual	conceptual/architecture diagram, screenshot or illustration redundant with prose	yes
img-02394	B	rule-residual-conceptual	conceptual/architecture diagram, screenshot or illustration redundant with prose	yes
img-02395	B	rule-residual-conceptual	conceptual/architecture diagram, screenshot or illustration redundant with prose	yes
img-02396	B	rule-residual-conceptual	conceptual/architecture diagram, screenshot or illustration redundant with prose	yes
img-02397	B	rule-residual-conceptual	conceptual/architecture diagram, screenshot or illustration redundant with prose	yes
img-02398	B	rule-residual-conceptual	conceptual/architecture diagram, screenshot or illustration redundant with prose	yes
img-02399	B	rule-residual-conceptual	conceptual/architecture diagram, screenshot or illustration redundant with prose	yes
img-02400	B	rule-residual-conceptual	conceptual/architecture diagram, screenshot or illustration redundant with prose	yes
img-02401	B	rule-residual-conceptual	conceptual/architecture diagram, screenshot or illustration redundant with prose	yes
img-02402	B	rule-residual-conceptual	conceptual/architecture diagram, screenshot or illustration redundant with prose	yes
img-02403	B	rule-residual-conceptual	conceptual/architecture diagram, screenshot or illustration redundant with prose	yes
img-02404	B	rule-residual-conceptual	conceptual/architecture diagram, screenshot or illustration redundant with prose	yes
img-02405	E	vision	decision flowchart: index-type classification by YES/No decision diamonds	yes
img-02406	B	rule-residual-conceptual	conceptual/architecture diagram, screenshot or illustration redundant with prose	yes
img-02407	B	rule-residual-conceptual	conceptual/architecture diagram, screenshot or illustration redundant with prose	yes
img-02408	B	rule-residual-conceptual	conceptual/architecture diagram, screenshot or illustration redundant with prose	yes
img-02409	B	rule-residual-conceptual	conceptual/architecture diagram, screenshot or illustration redundant with prose	yes
img-02410	B	rule-residual-conceptual	conceptual/architecture diagram, screenshot or illustration redundant with prose	yes
img-02411	B	rule-residual-conceptual	conceptual/architecture diagram, screenshot or illustration redundant with prose	yes
img-02412	B	rule-residual-conceptual	conceptual/architecture diagram, screenshot or illustration redundant with prose	yes
img-02413	B	rule-residual-conceptual	conceptual/architecture diagram, screenshot or illustration redundant with prose	yes
img-02414	B	rule-residual-conceptual	conceptual/architecture diagram, screenshot or illustration redundant with prose	yes
img-02415	B	rule-residual-conceptual	conceptual/architecture diagram, screenshot or illustration redundant with prose	yes
img-02416	B	rule-residual-conceptual	conceptual/architecture diagram, screenshot or illustration redundant with prose	yes
img-02417	B	rule-residual-conceptual	conceptual/architecture diagram, screenshot or illustration redundant with prose	yes
img-02418	B	rule-residual-conceptual	conceptual/architecture diagram, screenshot or illustration redundant with prose	yes
img-02419	B	rule-residual-conceptual	conceptual/architecture diagram, screenshot or illustration redundant with prose	yes
img-02420	B	rule-residual-conceptual	conceptual/architecture diagram, screenshot or illustration redundant with prose	yes
img-02421	B	rule-residual-conceptual	conceptual/architecture diagram, screenshot or illustration redundant with prose	yes
img-02422	B	rule-residual-conceptual	conceptual/architecture diagram, screenshot or illustration redundant with prose	yes
img-02423	B	rule-residual-conceptual	conceptual/architecture diagram, screenshot or illustration redundant with prose	yes
img-02424	B	rule-residual-conceptual	conceptual/architecture diagram, screenshot or illustration redundant with prose	yes
img-02425	B	rule-residual-conceptual	conceptual/architecture diagram, screenshot or illustration redundant with prose	yes
img-02426	B	rule-residual-conceptual	conceptual/architecture diagram, screenshot or illustration redundant with prose	yes
img-02427	B	rule-residual-conceptual	conceptual/architecture diagram, screenshot or illustration redundant with prose	yes
img-02428	B	rule-residual-conceptual	conceptual/architecture diagram, screenshot or illustration redundant with prose	yes
img-02429	B	rule-residual-conceptual	conceptual/architecture diagram, screenshot or illustration redundant with prose	yes
img-02430	B	rule-residual-conceptual	conceptual/architecture diagram, screenshot or illustration redundant with prose	yes
img-02431	B	rule-residual-conceptual	conceptual/architecture diagram, screenshot or illustration redundant with prose	yes
img-02432	B	rule-residual-conceptual	conceptual/architecture diagram, screenshot or illustration redundant with prose	yes
img-02433	B	rule-residual-conceptual	conceptual/architecture diagram, screenshot or illustration redundant with prose	yes
img-02434	B	rule-residual-conceptual	conceptual/architecture diagram, screenshot or illustration redundant with prose	yes
img-02435	B	rule-residual-conceptual	conceptual/architecture diagram, screenshot or illustration redundant with prose	yes
img-02436	B	rule-residual-conceptual	conceptual/architecture diagram, screenshot or illustration redundant with prose	yes
img-02437	B	rule-residual-conceptual	conceptual/architecture diagram, screenshot or illustration redundant with prose	yes
img-02438	B	rule-residual-conceptual	conceptual/architecture diagram, screenshot or illustration redundant with prose	yes
img-02439	B	rule-residual-conceptual	conceptual/architecture diagram, screenshot or illustration redundant with prose	yes
img-02440	B	rule-residual-conceptual	conceptual/architecture diagram, screenshot or illustration redundant with prose	yes
img-02441	E	vision	process flowchart: troubleshooting procedure (check log -> judge -> collect -> analyse)	yes
img-02442	B	rule-cover	cover-page logo, carries no recoverable text	yes
img-02443	B	rule-table-cell	symbol/icon in a table cell, explained by the adjacent cell	yes
img-02444	B	rule-table-cell	symbol/icon in a table cell, explained by the adjacent cell	yes
img-02445	B	rule-table-cell	symbol/icon in a table cell, explained by the adjacent cell	yes
img-02446	B	rule-table-cell	symbol/icon in a table cell, explained by the adjacent cell	yes
img-02447	B	rule-table-cell	symbol/icon in a table cell, explained by the adjacent cell	yes
img-02448	B	rule-table-cell	symbol/icon in a table cell, explained by the adjacent cell	yes
img-02449	B	rule-table-cell	symbol/icon in a table cell, explained by the adjacent cell	yes
img-02450	B	rule-table-cell	symbol/icon in a table cell, explained by the adjacent cell	yes
img-02451	B	rule-table-cell	symbol/icon in a table cell, explained by the adjacent cell	yes
img-02452	B	rule-residual-conceptual	conceptual/architecture diagram, screenshot or illustration redundant with prose	yes
img-02453	B	rule-residual-conceptual	conceptual/architecture diagram, screenshot or illustration redundant with prose	yes
img-02454	B	rule-residual-conceptual	conceptual/architecture diagram, screenshot or illustration redundant with prose	yes
img-02455	B	rule-residual-conceptual	conceptual/architecture diagram, screenshot or illustration redundant with prose	yes
img-02456	B	rule-cover	cover-page logo, carries no recoverable text	yes
img-02457	B	rule-cover	cover-page logo, carries no recoverable text	yes
img-02458	B	rule-table-cell	symbol/icon in a table cell, explained by the adjacent cell	yes
img-02459	B	rule-table-cell	symbol/icon in a table cell, explained by the adjacent cell	yes
img-02460	B	rule-table-cell	symbol/icon in a table cell, explained by the adjacent cell	yes
img-02461	B	rule-table-cell	symbol/icon in a table cell, explained by the adjacent cell	yes
img-02462	B	rule-table-cell	symbol/icon in a table cell, explained by the adjacent cell	yes
img-02463	B	rule-table-cell	symbol/icon in a table cell, explained by the adjacent cell	yes
img-02464	B	rule-table-cell	symbol/icon in a table cell, explained by the adjacent cell	yes
img-02465	B	rule-table-cell	symbol/icon in a table cell, explained by the adjacent cell	yes
img-02466	B	rule-table-cell	symbol/icon in a table cell, explained by the adjacent cell	yes
img-02467	B	rule-residual-conceptual	conceptual/architecture diagram, screenshot or illustration redundant with prose	yes
img-02468	B	rule-residual-conceptual	conceptual/architecture diagram, screenshot or illustration redundant with prose	yes
img-02469	B	rule-residual-conceptual	conceptual/architecture diagram, screenshot or illustration redundant with prose	yes
img-02470	B	rule-residual-conceptual	conceptual/architecture diagram, screenshot or illustration redundant with prose	yes
img-02471	B	rule-residual-conceptual	conceptual/architecture diagram, screenshot or illustration redundant with prose	yes
img-02472	B	rule-residual-conceptual	conceptual/architecture diagram, screenshot or illustration redundant with prose	yes
img-02473	B	rule-residual-conceptual	conceptual/architecture diagram, screenshot or illustration redundant with prose	yes
img-02474	B	rule-residual-conceptual	conceptual/architecture diagram, screenshot or illustration redundant with prose	yes
img-02475	B	rule-residual-conceptual	conceptual/architecture diagram, screenshot or illustration redundant with prose	yes
img-02476	B	rule-residual-conceptual	conceptual/architecture diagram, screenshot or illustration redundant with prose	yes
img-02477	B	rule-residual-conceptual	conceptual/architecture diagram, screenshot or illustration redundant with prose	yes
img-02478	B	rule-residual-conceptual	conceptual/architecture diagram, screenshot or illustration redundant with prose	yes
img-02479	B	rule-residual-conceptual	conceptual/architecture diagram, screenshot or illustration redundant with prose	yes
img-02480	B	rule-residual-conceptual	conceptual/architecture diagram, screenshot or illustration redundant with prose	yes
img-02481	B	rule-residual-conceptual	conceptual/architecture diagram, screenshot or illustration redundant with prose	yes
img-02482	B	rule-residual-conceptual	conceptual/architecture diagram, screenshot or illustration redundant with prose	yes
img-02483	B	rule-residual-conceptual	conceptual/architecture diagram, screenshot or illustration redundant with prose	yes
img-02484	B	rule-cover	cover-page logo, carries no recoverable text	yes
img-02485	B	rule-table-cell	symbol/icon in a table cell, explained by the adjacent cell	yes
img-02486	B	rule-table-cell	symbol/icon in a table cell, explained by the adjacent cell	yes
img-02487	B	rule-table-cell	symbol/icon in a table cell, explained by the adjacent cell	yes
img-02488	B	rule-table-cell	symbol/icon in a table cell, explained by the adjacent cell	yes
img-02489	B	rule-table-cell	symbol/icon in a table cell, explained by the adjacent cell	yes
img-02490	B	rule-table-cell	symbol/icon in a table cell, explained by the adjacent cell	yes
img-02491	B	rule-table-cell	symbol/icon in a table cell, explained by the adjacent cell	yes
img-02492	B	rule-table-cell	symbol/icon in a table cell, explained by the adjacent cell	yes
img-02493	B	rule-table-cell	symbol/icon in a table cell, explained by the adjacent cell	yes
img-02494	B	rule-residual-conceptual	conceptual/architecture diagram, screenshot or illustration redundant with prose	yes
img-02495	B	rule-residual-conceptual	conceptual/architecture diagram, screenshot or illustration redundant with prose	yes
img-02496	B	rule-residual-conceptual	conceptual/architecture diagram, screenshot or illustration redundant with prose	yes
img-02497	B	rule-residual-conceptual	conceptual/architecture diagram, screenshot or illustration redundant with prose	yes
img-02498	C	rule-railroad-bnf	railroad diagram for a ::= grammar production, image-only grammar	yes
img-02499	C	rule-railroad-bnf	railroad diagram for a ::= grammar production, image-only grammar	yes
img-02500	C	rule-railroad-bnf	railroad diagram for a ::= grammar production, image-only grammar	yes
img-02501	C	rule-railroad-bnf	railroad diagram for a ::= grammar production, image-only grammar	yes
img-02502	B	rule-cover	cover-page logo, carries no recoverable text	yes
img-02503	B	rule-cover	cover-page logo, carries no recoverable text	yes
img-02504	B	rule-table-cell	symbol/icon in a table cell, explained by the adjacent cell	yes
img-02505	B	rule-table-cell	symbol/icon in a table cell, explained by the adjacent cell	yes
img-02506	B	rule-table-cell	symbol/icon in a table cell, explained by the adjacent cell	yes
img-02507	B	rule-table-cell	symbol/icon in a table cell, explained by the adjacent cell	yes
img-02508	B	rule-table-cell	symbol/icon in a table cell, explained by the adjacent cell	yes
img-02509	B	rule-table-cell	symbol/icon in a table cell, explained by the adjacent cell	yes
img-02510	B	rule-table-cell	symbol/icon in a table cell, explained by the adjacent cell	yes
img-02511	B	rule-table-cell	symbol/icon in a table cell, explained by the adjacent cell	yes
img-02512	B	rule-table-cell	symbol/icon in a table cell, explained by the adjacent cell	yes
img-02513	B	rule-residual-conceptual	conceptual/architecture diagram, screenshot or illustration redundant with prose	yes
img-02514	C	rule-railroad-synhead	railroad diagram directly under a Syntax heading, image-only grammar	yes
img-02515	C	rule-railroad-synhead	railroad diagram directly under a Syntax heading, image-only grammar	yes
img-02516	C	rule-railroad-synhead	railroad diagram directly under a Syntax heading, image-only grammar	yes
img-02517	C	rule-railroad-bnf	railroad diagram for a ::= grammar production, image-only grammar	yes
img-02518	C	rule-railroad-bnf	railroad diagram for a ::= grammar production, image-only grammar	yes
img-02519	C	rule-railroad-bnf	railroad diagram for a ::= grammar production, image-only grammar	yes
img-02520	C	rule-railroad-bnf	railroad diagram for a ::= grammar production, image-only grammar	yes
img-02521	C	rule-railroad-bnf	railroad diagram for a ::= grammar production, image-only grammar	yes
img-02522	C	rule-railroad-bnf	railroad diagram for a ::= grammar production, image-only grammar	yes
img-02523	C	rule-railroad-synhead	railroad diagram directly under a Syntax heading, image-only grammar	yes
img-02524	C	rule-railroad-bnf	railroad diagram for a ::= grammar production, image-only grammar	yes
img-02525	C	rule-railroad-bnf	railroad diagram for a ::= grammar production, image-only grammar	yes
img-02526	C	rule-railroad-bnf	railroad diagram for a ::= grammar production, image-only grammar	yes
img-02527	C	rule-railroad-bnf	railroad diagram for a ::= grammar production, image-only grammar	yes
img-02528	C	rule-railroad-bnf	railroad diagram for a ::= grammar production, image-only grammar	yes
img-02529	C	rule-railroad-bnf	railroad diagram for a ::= grammar production, image-only grammar	yes
img-02530	C	rule-railroad-synhead	railroad diagram directly under a Syntax heading, image-only grammar	yes
img-02531	C	rule-railroad-bnf	railroad diagram for a ::= grammar production, image-only grammar	yes
img-02532	C	rule-railroad-bnf	railroad diagram for a ::= grammar production, image-only grammar	yes
img-02533	C	rule-railroad-bnf	railroad diagram for a ::= grammar production, image-only grammar	yes
img-02534	B	rule-cover	cover-page logo, carries no recoverable text	yes
img-02535	B	rule-table-cell	symbol/icon in a table cell, explained by the adjacent cell	yes
img-02536	B	rule-table-cell	symbol/icon in a table cell, explained by the adjacent cell	yes
img-02537	B	rule-table-cell	symbol/icon in a table cell, explained by the adjacent cell	yes
img-02538	B	rule-table-cell	symbol/icon in a table cell, explained by the adjacent cell	yes
img-02539	B	rule-table-cell	symbol/icon in a table cell, explained by the adjacent cell	yes
img-02540	B	rule-table-cell	symbol/icon in a table cell, explained by the adjacent cell	yes
img-02541	B	rule-table-cell	symbol/icon in a table cell, explained by the adjacent cell	yes
img-02542	B	rule-table-cell	symbol/icon in a table cell, explained by the adjacent cell	yes
img-02543	B	rule-table-cell	symbol/icon in a table cell, explained by the adjacent cell	yes
img-02544	A	rule-syntax-textblock	syntax diagram redundant with the adjacent text Syntax block	yes
img-02545	A	rule-syntax-textblock	syntax diagram redundant with the adjacent text Syntax block	yes
img-02546	A	rule-syntax-textblock	syntax diagram redundant with the adjacent text Syntax block	yes
img-02547	A	rule-syntax-textblock	syntax diagram redundant with the adjacent text Syntax block	yes
img-02548	A	rule-syntax-textblock	syntax diagram redundant with the adjacent text Syntax block	yes
img-02549	A	rule-syntax-textblock	syntax diagram redundant with the adjacent text Syntax block	yes
img-02550	A	rule-syntax-textblock	syntax diagram redundant with the adjacent text Syntax block	yes
img-02551	A	rule-syntax-textblock	syntax diagram redundant with the adjacent text Syntax block	yes
img-02552	A	rule-syntax-textblock	syntax diagram redundant with the adjacent text Syntax block	yes
img-02553	A	rule-syntax-textblock	syntax diagram redundant with the adjacent text Syntax block	yes
img-02554	A	rule-syntax-textblock	syntax diagram redundant with the adjacent text Syntax block	yes
img-02555	A	rule-syntax-textblock	syntax diagram redundant with the adjacent text Syntax block	yes
img-02556	A	rule-syntax-textblock	syntax diagram redundant with the adjacent text Syntax block	yes
img-02557	A	rule-syntax-textblock	syntax diagram redundant with the adjacent text Syntax block	yes
img-02558	A	rule-syntax-textblock	syntax diagram redundant with the adjacent text Syntax block	yes
img-02559	A	rule-syntax-textblock	syntax diagram redundant with the adjacent text Syntax block	yes
img-02560	A	rule-syntax-textblock	syntax diagram redundant with the adjacent text Syntax block	yes
img-02561	A	rule-syntax-textblock	syntax diagram redundant with the adjacent text Syntax block	yes
img-02562	A	rule-syntax-textblock	syntax diagram redundant with the adjacent text Syntax block	yes
img-02563	A	rule-syntax-textblock	syntax diagram redundant with the adjacent text Syntax block	yes
img-02564	A	rule-syntax-textblock	syntax diagram redundant with the adjacent text Syntax block	yes
img-02565	B	rule-cover	cover-page logo, carries no recoverable text	yes
img-02566	B	rule-table-cell	symbol/icon in a table cell, explained by the adjacent cell	yes
img-02567	B	rule-table-cell	symbol/icon in a table cell, explained by the adjacent cell	yes
img-02568	B	rule-table-cell	symbol/icon in a table cell, explained by the adjacent cell	yes
img-02569	B	rule-table-cell	symbol/icon in a table cell, explained by the adjacent cell	yes
img-02570	B	rule-table-cell	symbol/icon in a table cell, explained by the adjacent cell	yes
img-02571	B	rule-table-cell	symbol/icon in a table cell, explained by the adjacent cell	yes
img-02572	B	rule-table-cell	symbol/icon in a table cell, explained by the adjacent cell	yes
img-02573	B	rule-table-cell	symbol/icon in a table cell, explained by the adjacent cell	yes
img-02574	B	rule-table-cell	symbol/icon in a table cell, explained by the adjacent cell	yes
img-02575	B	rule-residual-conceptual	conceptual/architecture diagram, screenshot or illustration redundant with prose	yes
img-02576	B	rule-cover	cover-page logo, carries no recoverable text	yes
img-02577	B	rule-table-cell	symbol/icon in a table cell, explained by the adjacent cell	yes
img-02578	B	rule-table-cell	symbol/icon in a table cell, explained by the adjacent cell	yes
img-02579	B	rule-table-cell	symbol/icon in a table cell, explained by the adjacent cell	yes
img-02580	B	rule-table-cell	symbol/icon in a table cell, explained by the adjacent cell	yes
img-02581	B	rule-table-cell	symbol/icon in a table cell, explained by the adjacent cell	yes
img-02582	B	rule-table-cell	symbol/icon in a table cell, explained by the adjacent cell	yes
img-02583	B	rule-table-cell	symbol/icon in a table cell, explained by the adjacent cell	yes
img-02584	B	rule-table-cell	symbol/icon in a table cell, explained by the adjacent cell	yes
img-02585	B	rule-table-cell	symbol/icon in a table cell, explained by the adjacent cell	yes
img-02586	B	rule-residual-conceptual	conceptual/architecture diagram, screenshot or illustration redundant with prose	yes
img-02587	B	rule-residual-conceptual	conceptual/architecture diagram, screenshot or illustration redundant with prose	yes
img-02588	B	rule-residual-conceptual	conceptual/architecture diagram, screenshot or illustration redundant with prose	yes
img-02589	B	rule-cover	cover-page logo, carries no recoverable text	yes
img-02590	B	rule-cover	cover-page logo, carries no recoverable text	yes
img-02591	B	rule-residual-conceptual	conceptual/architecture diagram, screenshot or illustration redundant with prose	yes
img-02592	B	rule-residual-conceptual	conceptual/architecture diagram, screenshot or illustration redundant with prose	yes
img-02593	B	rule-residual-conceptual	conceptual/architecture diagram, screenshot or illustration redundant with prose	yes
img-02594	B	rule-residual-conceptual	conceptual/architecture diagram, screenshot or illustration redundant with prose	yes
img-02595	B	rule-residual-conceptual	conceptual/architecture diagram, screenshot or illustration redundant with prose	yes
img-02596	B	rule-residual-conceptual	conceptual/architecture diagram, screenshot or illustration redundant with prose	yes
img-02597	B	rule-residual-conceptual	conceptual/architecture diagram, screenshot or illustration redundant with prose	yes
img-02598	B	rule-residual-conceptual	conceptual/architecture diagram, screenshot or illustration redundant with prose	yes
img-02599	B	rule-residual-conceptual	conceptual/architecture diagram, screenshot or illustration redundant with prose	yes
img-02600	B	rule-residual-conceptual	conceptual/architecture diagram, screenshot or illustration redundant with prose	yes
img-02601	B	rule-residual-conceptual	conceptual/architecture diagram, screenshot or illustration redundant with prose	yes
img-02602	B	rule-residual-conceptual	conceptual/architecture diagram, screenshot or illustration redundant with prose	yes
img-02603	B	rule-residual-conceptual	conceptual/architecture diagram, screenshot or illustration redundant with prose	yes
img-02604	B	rule-residual-conceptual	conceptual/architecture diagram, screenshot or illustration redundant with prose	yes
img-02605	B	rule-residual-conceptual	conceptual/architecture diagram, screenshot or illustration redundant with prose	yes
img-02606	B	rule-residual-conceptual	conceptual/architecture diagram, screenshot or illustration redundant with prose	yes
img-02607	B	rule-residual-conceptual	conceptual/architecture diagram, screenshot or illustration redundant with prose	yes
img-02608	B	rule-residual-conceptual	conceptual/architecture diagram, screenshot or illustration redundant with prose	yes
img-02609	B	rule-residual-conceptual	conceptual/architecture diagram, screenshot or illustration redundant with prose	yes
img-02610	B	rule-residual-conceptual	conceptual/architecture diagram, screenshot or illustration redundant with prose	yes
img-02611	B	rule-residual-conceptual	conceptual/architecture diagram, screenshot or illustration redundant with prose	yes
img-02612	B	rule-residual-conceptual	conceptual/architecture diagram, screenshot or illustration redundant with prose	yes
img-02613	B	rule-residual-conceptual	conceptual/architecture diagram, screenshot or illustration redundant with prose	yes
img-02614	B	rule-residual-conceptual	conceptual/architecture diagram, screenshot or illustration redundant with prose	yes
img-02615	B	rule-residual-conceptual	conceptual/architecture diagram, screenshot or illustration redundant with prose	yes
img-02616	B	rule-residual-conceptual	conceptual/architecture diagram, screenshot or illustration redundant with prose	yes
img-02617	B	rule-residual-conceptual	conceptual/architecture diagram, screenshot or illustration redundant with prose	yes
img-02618	B	rule-residual-conceptual	conceptual/architecture diagram, screenshot or illustration redundant with prose	yes
img-02619	B	rule-residual-conceptual	conceptual/architecture diagram, screenshot or illustration redundant with prose	yes
img-02620	B	rule-residual-conceptual	conceptual/architecture diagram, screenshot or illustration redundant with prose	yes
img-02621	B	rule-residual-conceptual	conceptual/architecture diagram, screenshot or illustration redundant with prose	yes
img-02622	B	rule-residual-conceptual	conceptual/architecture diagram, screenshot or illustration redundant with prose	yes
img-02623	B	rule-residual-conceptual	conceptual/architecture diagram, screenshot or illustration redundant with prose	yes
img-02624	B	rule-residual-conceptual	conceptual/architecture diagram, screenshot or illustration redundant with prose	yes
img-02625	B	rule-residual-conceptual	conceptual/architecture diagram, screenshot or illustration redundant with prose	yes
img-02626	B	rule-residual-conceptual	conceptual/architecture diagram, screenshot or illustration redundant with prose	yes
img-02627	B	rule-cover	cover-page logo, carries no recoverable text	yes
img-02628	B	rule-table-cell	symbol/icon in a table cell, explained by the adjacent cell	yes
img-02629	B	rule-table-cell	symbol/icon in a table cell, explained by the adjacent cell	yes
img-02630	B	rule-table-cell	symbol/icon in a table cell, explained by the adjacent cell	yes
img-02631	B	rule-table-cell	symbol/icon in a table cell, explained by the adjacent cell	yes
img-02632	B	rule-table-cell	symbol/icon in a table cell, explained by the adjacent cell	yes
img-02633	B	rule-table-cell	symbol/icon in a table cell, explained by the adjacent cell	yes
img-02634	B	rule-table-cell	symbol/icon in a table cell, explained by the adjacent cell	yes
img-02635	B	rule-table-cell	symbol/icon in a table cell, explained by the adjacent cell	yes
img-02636	B	rule-table-cell	symbol/icon in a table cell, explained by the adjacent cell	yes
img-02637	B	rule-cover	cover-page logo, carries no recoverable text	yes
img-02638	B	rule-table-cell	symbol/icon in a table cell, explained by the adjacent cell	yes
img-02639	B	rule-table-cell	symbol/icon in a table cell, explained by the adjacent cell	yes
img-02640	B	rule-table-cell	symbol/icon in a table cell, explained by the adjacent cell	yes
img-02641	B	rule-table-cell	symbol/icon in a table cell, explained by the adjacent cell	yes
img-02642	B	rule-table-cell	symbol/icon in a table cell, explained by the adjacent cell	yes
img-02643	B	rule-table-cell	symbol/icon in a table cell, explained by the adjacent cell	yes
img-02644	B	rule-table-cell	symbol/icon in a table cell, explained by the adjacent cell	yes
img-02645	B	rule-table-cell	symbol/icon in a table cell, explained by the adjacent cell	yes
img-02646	B	rule-table-cell	symbol/icon in a table cell, explained by the adjacent cell	yes
img-02647	B	rule-residual-conceptual	conceptual/architecture diagram, screenshot or illustration redundant with prose	yes
img-02648	B	rule-residual-conceptual	conceptual/architecture diagram, screenshot or illustration redundant with prose	yes
img-02649	E	vision	process flowchart with loop: Log Analysis API usage steps STEP1..STEP5	yes
img-02650	B	rule-cover	cover-page logo, carries no recoverable text	yes
img-02651	B	rule-table-cell	symbol/icon in a table cell, explained by the adjacent cell	yes
img-02652	B	rule-table-cell	symbol/icon in a table cell, explained by the adjacent cell	yes
img-02653	B	rule-table-cell	symbol/icon in a table cell, explained by the adjacent cell	yes
img-02654	B	rule-table-cell	symbol/icon in a table cell, explained by the adjacent cell	yes
img-02655	B	rule-table-cell	symbol/icon in a table cell, explained by the adjacent cell	yes
img-02656	B	rule-table-cell	symbol/icon in a table cell, explained by the adjacent cell	yes
img-02657	B	rule-table-cell	symbol/icon in a table cell, explained by the adjacent cell	yes
img-02658	B	rule-table-cell	symbol/icon in a table cell, explained by the adjacent cell	yes
img-02659	B	rule-table-cell	symbol/icon in a table cell, explained by the adjacent cell	yes
img-02660	B	rule-cover	cover-page logo, carries no recoverable text	yes
img-02661	B	rule-residual-conceptual	conceptual/architecture diagram, screenshot or illustration redundant with prose	yes
img-02662	B	rule-residual-conceptual	conceptual/architecture diagram, screenshot or illustration redundant with prose	yes
img-02663	B	rule-residual-conceptual	conceptual/architecture diagram, screenshot or illustration redundant with prose	yes
img-02664	B	rule-cover	cover-page logo, carries no recoverable text	yes
img-02665	B	rule-table-cell	symbol/icon in a table cell, explained by the adjacent cell	yes
img-02666	B	rule-table-cell	symbol/icon in a table cell, explained by the adjacent cell	yes
img-02667	B	rule-table-cell	symbol/icon in a table cell, explained by the adjacent cell	yes
img-02668	B	rule-table-cell	symbol/icon in a table cell, explained by the adjacent cell	yes
img-02669	B	rule-table-cell	symbol/icon in a table cell, explained by the adjacent cell	yes
img-02670	B	rule-table-cell	symbol/icon in a table cell, explained by the adjacent cell	yes
img-02671	B	rule-table-cell	symbol/icon in a table cell, explained by the adjacent cell	yes
img-02672	B	rule-table-cell	symbol/icon in a table cell, explained by the adjacent cell	yes
img-02673	B	rule-table-cell	symbol/icon in a table cell, explained by the adjacent cell	yes
img-02674	E	vision	process flowchart: client/server query-processing pipeline (Parsing-Validation-Optimization-Binding-Execution)	yes
img-02675	E	vision	process flowchart: optimizer pipeline (Query Rewriter -> Logical Plan Generator -> Physical Plan Generator)	yes
img-02676	E	vision	directed conversion graph: data-type conversion paths with G/E/L penalty edges	yes
img-02677	B	rule-residual-conceptual	conceptual/architecture diagram, screenshot or illustration redundant with prose	yes
img-02678	B	rule-residual-conceptual	conceptual/architecture diagram, screenshot or illustration redundant with prose	yes
img-02679	B	rule-residual-conceptual	conceptual/architecture diagram, screenshot or illustration redundant with prose	yes
img-02680	B	rule-residual-conceptual	conceptual/architecture diagram, screenshot or illustration redundant with prose	yes
img-02681	B	rule-residual-conceptual	conceptual/architecture diagram, screenshot or illustration redundant with prose	yes
img-02682	B	rule-residual-conceptual	conceptual/architecture diagram, screenshot or illustration redundant with prose	yes
img-02683	B	rule-residual-conceptual	conceptual/architecture diagram, screenshot or illustration redundant with prose	yes
img-02684	B	rule-residual-conceptual	conceptual/architecture diagram, screenshot or illustration redundant with prose	yes
img-02685	B	rule-residual-conceptual	conceptual/architecture diagram, screenshot or illustration redundant with prose	yes
img-02686	B	rule-residual-conceptual	conceptual/architecture diagram, screenshot or illustration redundant with prose	yes
img-02687	B	rule-residual-conceptual	conceptual/architecture diagram, screenshot or illustration redundant with prose	yes
img-02688	B	rule-residual-conceptual	conceptual/architecture diagram, screenshot or illustration redundant with prose	yes
img-02689	B	rule-residual-conceptual	conceptual/architecture diagram, screenshot or illustration redundant with prose	yes
img-02690	B	rule-residual-conceptual	conceptual/architecture diagram, screenshot or illustration redundant with prose	yes
img-02691	B	rule-residual-conceptual	conceptual/architecture diagram, screenshot or illustration redundant with prose	yes
img-02692	B	rule-residual-conceptual	conceptual/architecture diagram, screenshot or illustration redundant with prose	yes
img-02693	B	rule-residual-conceptual	conceptual/architecture diagram, screenshot or illustration redundant with prose	yes
img-02694	B	rule-residual-conceptual	conceptual/architecture diagram, screenshot or illustration redundant with prose	yes
img-02695	B	rule-residual-conceptual	conceptual/architecture diagram, screenshot or illustration redundant with prose	yes
img-02696	B	rule-residual-conceptual	conceptual/architecture diagram, screenshot or illustration redundant with prose	yes
img-02697	B	rule-residual-conceptual	conceptual/architecture diagram, screenshot or illustration redundant with prose	yes
img-02698	B	rule-residual-conceptual	conceptual/architecture diagram, screenshot or illustration redundant with prose	yes
img-02699	B	rule-residual-conceptual	conceptual/architecture diagram, screenshot or illustration redundant with prose	yes
img-02700	B	rule-residual-conceptual	conceptual/architecture diagram, screenshot or illustration redundant with prose	yes
img-02701	B	rule-residual-conceptual	conceptual/architecture diagram, screenshot or illustration redundant with prose	yes
img-02702	B	rule-residual-conceptual	conceptual/architecture diagram, screenshot or illustration redundant with prose	yes
img-02703	B	rule-residual-conceptual	conceptual/architecture diagram, screenshot or illustration redundant with prose	yes
img-02704	B	rule-residual-conceptual	conceptual/architecture diagram, screenshot or illustration redundant with prose	yes
img-02705	B	rule-residual-conceptual	conceptual/architecture diagram, screenshot or illustration redundant with prose	yes
img-02706	B	rule-residual-conceptual	conceptual/architecture diagram, screenshot or illustration redundant with prose	yes
img-02707	B	rule-residual-conceptual	conceptual/architecture diagram, screenshot or illustration redundant with prose	yes
img-02708	B	rule-residual-conceptual	conceptual/architecture diagram, screenshot or illustration redundant with prose	yes
img-02709	B	rule-residual-conceptual	conceptual/architecture diagram, screenshot or illustration redundant with prose	yes
img-02710	B	rule-residual-conceptual	conceptual/architecture diagram, screenshot or illustration redundant with prose	yes
img-02711	B	rule-residual-conceptual	conceptual/architecture diagram, screenshot or illustration redundant with prose	yes
img-02712	B	rule-residual-conceptual	conceptual/architecture diagram, screenshot or illustration redundant with prose	yes
img-02713	B	rule-residual-conceptual	conceptual/architecture diagram, screenshot or illustration redundant with prose	yes
img-02714	B	rule-residual-conceptual	conceptual/architecture diagram, screenshot or illustration redundant with prose	yes
img-02715	B	rule-residual-conceptual	conceptual/architecture diagram, screenshot or illustration redundant with prose	yes
img-02716	B	rule-residual-conceptual	conceptual/architecture diagram, screenshot or illustration redundant with prose	yes
img-02717	B	rule-residual-conceptual	conceptual/architecture diagram, screenshot or illustration redundant with prose	yes
img-02718	B	rule-residual-conceptual	conceptual/architecture diagram, screenshot or illustration redundant with prose	yes
img-02719	B	rule-residual-conceptual	conceptual/architecture diagram, screenshot or illustration redundant with prose	yes
img-02720	B	rule-residual-conceptual	conceptual/architecture diagram, screenshot or illustration redundant with prose	yes
img-02721	B	rule-residual-conceptual	conceptual/architecture diagram, screenshot or illustration redundant with prose	yes
img-02722	B	rule-residual-conceptual	conceptual/architecture diagram, screenshot or illustration redundant with prose	yes
img-02723	B	rule-residual-conceptual	conceptual/architecture diagram, screenshot or illustration redundant with prose	yes
img-02724	B	rule-residual-conceptual	conceptual/architecture diagram, screenshot or illustration redundant with prose	yes
img-02725	B	rule-residual-conceptual	conceptual/architecture diagram, screenshot or illustration redundant with prose	yes
img-02726	B	rule-residual-conceptual	conceptual/architecture diagram, screenshot or illustration redundant with prose	yes
img-02727	B	rule-residual-conceptual	conceptual/architecture diagram, screenshot or illustration redundant with prose	yes
img-02728	B	rule-residual-conceptual	conceptual/architecture diagram, screenshot or illustration redundant with prose	yes
img-02729	B	rule-residual-conceptual	conceptual/architecture diagram, screenshot or illustration redundant with prose	yes
img-02730	B	rule-residual-conceptual	conceptual/architecture diagram, screenshot or illustration redundant with prose	yes
img-02731	B	rule-residual-conceptual	conceptual/architecture diagram, screenshot or illustration redundant with prose	yes
img-02732	B	rule-residual-conceptual	conceptual/architecture diagram, screenshot or illustration redundant with prose	yes
img-02733	B	rule-residual-conceptual	conceptual/architecture diagram, screenshot or illustration redundant with prose	yes
img-02734	B	rule-residual-conceptual	conceptual/architecture diagram, screenshot or illustration redundant with prose	yes
img-02735	B	rule-residual-conceptual	conceptual/architecture diagram, screenshot or illustration redundant with prose	yes
img-02736	B	rule-residual-conceptual	conceptual/architecture diagram, screenshot or illustration redundant with prose	yes
img-02737	B	rule-residual-conceptual	conceptual/architecture diagram, screenshot or illustration redundant with prose	yes
img-02738	B	rule-residual-conceptual	conceptual/architecture diagram, screenshot or illustration redundant with prose	yes
img-02739	B	rule-residual-conceptual	conceptual/architecture diagram, screenshot or illustration redundant with prose	yes
img-02740	B	rule-residual-conceptual	conceptual/architecture diagram, screenshot or illustration redundant with prose	yes
img-02741	B	rule-residual-conceptual	conceptual/architecture diagram, screenshot or illustration redundant with prose	yes
img-02742	B	rule-residual-conceptual	conceptual/architecture diagram, screenshot or illustration redundant with prose	yes
img-02743	B	rule-residual-conceptual	conceptual/architecture diagram, screenshot or illustration redundant with prose	yes
img-02744	B	rule-residual-conceptual	conceptual/architecture diagram, screenshot or illustration redundant with prose	yes
img-02745	B	rule-residual-conceptual	conceptual/architecture diagram, screenshot or illustration redundant with prose	yes
img-02746	B	rule-residual-conceptual	conceptual/architecture diagram, screenshot or illustration redundant with prose	yes
img-02747	B	rule-cover	cover-page logo, carries no recoverable text	yes
img-02748	B	rule-table-cell	symbol/icon in a table cell, explained by the adjacent cell	yes
img-02749	B	rule-table-cell	symbol/icon in a table cell, explained by the adjacent cell	yes
img-02750	B	rule-table-cell	symbol/icon in a table cell, explained by the adjacent cell	yes
img-02751	B	rule-table-cell	symbol/icon in a table cell, explained by the adjacent cell	yes
img-02752	B	rule-table-cell	symbol/icon in a table cell, explained by the adjacent cell	yes
img-02753	B	rule-table-cell	symbol/icon in a table cell, explained by the adjacent cell	yes
img-02754	B	rule-table-cell	symbol/icon in a table cell, explained by the adjacent cell	yes
img-02755	B	rule-table-cell	symbol/icon in a table cell, explained by the adjacent cell	yes
img-02756	B	rule-table-cell	symbol/icon in a table cell, explained by the adjacent cell	yes
img-02757	B	rule-residual-conceptual	conceptual/architecture diagram, screenshot or illustration redundant with prose	yes
img-02758	B	rule-residual-conceptual	conceptual/architecture diagram, screenshot or illustration redundant with prose	yes
img-02759	B	rule-cover	cover-page logo, carries no recoverable text	yes
img-02760	B	rule-table-cell	symbol/icon in a table cell, explained by the adjacent cell	yes
img-02761	B	rule-table-cell	symbol/icon in a table cell, explained by the adjacent cell	yes
img-02762	B	rule-table-cell	symbol/icon in a table cell, explained by the adjacent cell	yes
img-02763	B	rule-table-cell	symbol/icon in a table cell, explained by the adjacent cell	yes
img-02764	B	rule-table-cell	symbol/icon in a table cell, explained by the adjacent cell	yes
img-02765	B	rule-table-cell	symbol/icon in a table cell, explained by the adjacent cell	yes
img-02766	B	rule-table-cell	symbol/icon in a table cell, explained by the adjacent cell	yes
img-02767	B	rule-table-cell	symbol/icon in a table cell, explained by the adjacent cell	yes
img-02768	B	rule-table-cell	symbol/icon in a table cell, explained by the adjacent cell	yes
img-02769	B	rule-residual-conceptual	conceptual/architecture diagram, screenshot or illustration redundant with prose	yes
img-02770	B	rule-residual-conceptual	conceptual/architecture diagram, screenshot or illustration redundant with prose	yes
img-02771	B	rule-residual-conceptual	conceptual/architecture diagram, screenshot or illustration redundant with prose	yes
img-02772	B	rule-residual-conceptual	conceptual/architecture diagram, screenshot or illustration redundant with prose	yes
img-02773	B	rule-residual-conceptual	conceptual/architecture diagram, screenshot or illustration redundant with prose	yes
img-02774	B	rule-residual-conceptual	conceptual/architecture diagram, screenshot or illustration redundant with prose	yes
img-02775	B	rule-residual-conceptual	conceptual/architecture diagram, screenshot or illustration redundant with prose	yes
img-02776	E	vision	decision flowchart: replication fail-over with failure branch and retry loop	yes
img-02777	E	vision	process flowchart: fail-over callback sequence (FO_BEGIN/FO_GO/FO_END cases)	yes
img-02778	B	rule-cover	cover-page logo, carries no recoverable text	yes
img-02779	B	rule-table-cell	symbol/icon in a table cell, explained by the adjacent cell	yes
img-02780	B	rule-table-cell	symbol/icon in a table cell, explained by the adjacent cell	yes
img-02781	B	rule-table-cell	symbol/icon in a table cell, explained by the adjacent cell	yes
img-02782	B	rule-table-cell	symbol/icon in a table cell, explained by the adjacent cell	yes
img-02783	B	rule-table-cell	symbol/icon in a table cell, explained by the adjacent cell	yes
img-02784	B	rule-table-cell	symbol/icon in a table cell, explained by the adjacent cell	yes
img-02785	B	rule-table-cell	symbol/icon in a table cell, explained by the adjacent cell	yes
img-02786	B	rule-table-cell	symbol/icon in a table cell, explained by the adjacent cell	yes
img-02787	B	rule-table-cell	symbol/icon in a table cell, explained by the adjacent cell	yes
img-02788	B	rule-residual-conceptual	conceptual/architecture diagram, screenshot or illustration redundant with prose	yes
img-02789	B	rule-residual-conceptual	conceptual/architecture diagram, screenshot or illustration redundant with prose	yes
img-02790	B	rule-residual-conceptual	conceptual/architecture diagram, screenshot or illustration redundant with prose	yes
img-02791	B	rule-residual-conceptual	conceptual/architecture diagram, screenshot or illustration redundant with prose	yes
img-02792	B	rule-residual-conceptual	conceptual/architecture diagram, screenshot or illustration redundant with prose	yes
img-02793	B	rule-residual-conceptual	conceptual/architecture diagram, screenshot or illustration redundant with prose	yes
img-02794	B	rule-residual-conceptual	conceptual/architecture diagram, screenshot or illustration redundant with prose	yes
img-02795	B	rule-cover	cover-page logo, carries no recoverable text	yes
img-02796	B	rule-table-cell	symbol/icon in a table cell, explained by the adjacent cell	yes
img-02797	B	rule-table-cell	symbol/icon in a table cell, explained by the adjacent cell	yes
img-02798	B	rule-table-cell	symbol/icon in a table cell, explained by the adjacent cell	yes
img-02799	B	rule-table-cell	symbol/icon in a table cell, explained by the adjacent cell	yes
img-02800	B	rule-table-cell	symbol/icon in a table cell, explained by the adjacent cell	yes
img-02801	B	rule-table-cell	symbol/icon in a table cell, explained by the adjacent cell	yes
img-02802	B	rule-table-cell	symbol/icon in a table cell, explained by the adjacent cell	yes
img-02803	B	rule-table-cell	symbol/icon in a table cell, explained by the adjacent cell	yes
img-02804	B	rule-table-cell	symbol/icon in a table cell, explained by the adjacent cell	yes
img-02805	C	rule-railroad-bnf	railroad diagram for a ::= grammar production, image-only grammar	yes
img-02806	C	rule-hint	hint railroad diagram, only source of the hint grammar	yes
img-02807	C	rule-hint	hint railroad diagram, only source of the hint grammar	yes
img-02808	C	rule-hint	hint railroad diagram, only source of the hint grammar	yes
img-02809	C	rule-hint	hint railroad diagram, only source of the hint grammar	yes
img-02810	C	rule-hint	hint railroad diagram, only source of the hint grammar	yes
img-02811	C	rule-hint	hint railroad diagram, only source of the hint grammar	yes
img-02812	C	rule-hint	hint railroad diagram, only source of the hint grammar	yes
img-02813	C	rule-hint	hint railroad diagram, only source of the hint grammar	yes
img-02814	C	rule-hint	hint railroad diagram, only source of the hint grammar	yes
img-02815	C	rule-hint	hint railroad diagram, only source of the hint grammar	yes
img-02816	C	rule-hint	hint railroad diagram, only source of the hint grammar	yes
img-02817	C	rule-hint	hint railroad diagram, only source of the hint grammar	yes
img-02818	C	rule-hint	hint railroad diagram, only source of the hint grammar	yes
img-02819	C	rule-hint	hint railroad diagram, only source of the hint grammar	yes
img-02820	C	rule-hint	hint railroad diagram, only source of the hint grammar	yes
img-02821	C	rule-hint	hint railroad diagram, only source of the hint grammar	yes
img-02822	C	rule-hint	hint railroad diagram, only source of the hint grammar	yes
img-02823	C	rule-hint	hint railroad diagram, only source of the hint grammar	yes
img-02824	C	rule-hint	hint railroad diagram, only source of the hint grammar	yes
img-02825	C	rule-hint	hint railroad diagram, only source of the hint grammar	yes
img-02826	C	rule-hint	hint railroad diagram, only source of the hint grammar	yes
img-02827	C	rule-hint	hint railroad diagram, only source of the hint grammar	yes
img-02828	C	rule-hint	hint railroad diagram, only source of the hint grammar	yes
img-02829	C	rule-hint	hint railroad diagram, only source of the hint grammar	yes
img-02830	C	rule-hint	hint railroad diagram, only source of the hint grammar	yes
img-02831	C	rule-hint	hint railroad diagram, only source of the hint grammar	yes
img-02832	C	rule-hint	hint railroad diagram, only source of the hint grammar	yes
img-02833	C	rule-hint	hint railroad diagram, only source of the hint grammar	yes
img-02834	C	rule-hint	hint railroad diagram, only source of the hint grammar	yes
img-02835	C	rule-hint	hint railroad diagram, only source of the hint grammar	yes
img-02836	C	rule-hint	hint railroad diagram, only source of the hint grammar	yes
img-02837	C	rule-hint	hint railroad diagram, only source of the hint grammar	yes
img-02838	C	rule-hint	hint railroad diagram, only source of the hint grammar	yes
img-02839	C	rule-hint	hint railroad diagram, only source of the hint grammar	yes
img-02840	C	rule-hint	hint railroad diagram, only source of the hint grammar	yes
img-02841	C	rule-hint	hint railroad diagram, only source of the hint grammar	yes
img-02842	C	rule-hint	hint railroad diagram, only source of the hint grammar	yes
img-02843	C	rule-hint	hint railroad diagram, only source of the hint grammar	yes
img-02844	C	rule-hint	hint railroad diagram, only source of the hint grammar	yes
img-02845	C	rule-hint	hint railroad diagram, only source of the hint grammar	yes
img-02846	C	rule-hint	hint railroad diagram, only source of the hint grammar	yes
img-02847	C	rule-hint	hint railroad diagram, only source of the hint grammar	yes
img-02848	C	rule-hint	hint railroad diagram, only source of the hint grammar	yes
img-02849	C	rule-hint	hint railroad diagram, only source of the hint grammar	yes
img-02850	C	rule-hint	hint railroad diagram, only source of the hint grammar	yes
img-02851	C	rule-hint	hint railroad diagram, only source of the hint grammar	yes
img-02852	C	rule-hint	hint railroad diagram, only source of the hint grammar	yes
img-02853	C	rule-hint	hint railroad diagram, only source of the hint grammar	yes
img-02854	C	rule-hint	hint railroad diagram, only source of the hint grammar	yes
img-02855	C	rule-hint	hint railroad diagram, only source of the hint grammar	yes
img-02856	C	rule-hint	hint railroad diagram, only source of the hint grammar	yes
img-02857	C	rule-hint	hint railroad diagram, only source of the hint grammar	yes
img-02858	C	rule-hint	hint railroad diagram, only source of the hint grammar	yes
img-02859	C	rule-hint	hint railroad diagram, only source of the hint grammar	yes
img-02860	C	rule-hint	hint railroad diagram, only source of the hint grammar	yes
img-02861	C	rule-hint	hint railroad diagram, only source of the hint grammar	yes
img-02862	C	rule-hint	hint railroad diagram, only source of the hint grammar	yes
img-02863	C	rule-hint	hint railroad diagram, only source of the hint grammar	yes
img-02864	C	rule-hint	hint railroad diagram, only source of the hint grammar	yes
img-02865	C	rule-hint	hint railroad diagram, only source of the hint grammar	yes
img-02866	C	rule-hint	hint railroad diagram, only source of the hint grammar	yes
img-02867	C	rule-hint	hint railroad diagram, only source of the hint grammar	yes
img-02868	C	rule-hint	hint railroad diagram, only source of the hint grammar	yes
img-02869	C	rule-hint	hint railroad diagram, only source of the hint grammar	yes
img-02870	C	rule-hint	hint railroad diagram, only source of the hint grammar	yes
img-02871	C	rule-hint	hint railroad diagram, only source of the hint grammar	yes
img-02872	C	rule-hint	hint railroad diagram, only source of the hint grammar	yes
img-02873	C	rule-hint	hint railroad diagram, only source of the hint grammar	yes
img-02874	C	rule-hint	hint railroad diagram, only source of the hint grammar	yes
img-02875	C	rule-hint	hint railroad diagram, only source of the hint grammar	yes
img-02876	C	rule-hint	hint railroad diagram, only source of the hint grammar	yes
img-02877	C	rule-hint	hint railroad diagram, only source of the hint grammar	yes
img-02878	C	rule-hint	hint railroad diagram, only source of the hint grammar	yes
img-02879	C	rule-hint	hint railroad diagram, only source of the hint grammar	yes
img-02880	C	rule-hint	hint railroad diagram, only source of the hint grammar	yes
img-02881	C	rule-railroad-bnf	railroad diagram for a ::= grammar production, image-only grammar	yes
img-02882	C	rule-railroad-bnf	railroad diagram for a ::= grammar production, image-only grammar	yes
img-02883	C	rule-railroad-bnf	railroad diagram for a ::= grammar production, image-only grammar	yes
img-02884	C	rule-railroad-bnf	railroad diagram for a ::= grammar production, image-only grammar	yes
img-02885	C	rule-railroad-bnf	railroad diagram for a ::= grammar production, image-only grammar	yes
img-02886	C	rule-railroad-bnf	railroad diagram for a ::= grammar production, image-only grammar	yes
img-02887	C	rule-railroad-bnf	railroad diagram for a ::= grammar production, image-only grammar	yes
img-02888	C	rule-railroad-bnf	railroad diagram for a ::= grammar production, image-only grammar	yes
img-02889	C	rule-railroad-bnf	railroad diagram for a ::= grammar production, image-only grammar	yes
img-02890	C	rule-railroad-bnf	railroad diagram for a ::= grammar production, image-only grammar	yes
img-02891	C	rule-railroad-bnf	railroad diagram for a ::= grammar production, image-only grammar	yes
img-02892	C	rule-railroad-bnf	railroad diagram for a ::= grammar production, image-only grammar	yes
img-02893	C	rule-railroad-bnf	railroad diagram for a ::= grammar production, image-only grammar	yes
img-02894	C	rule-railroad-bnf	railroad diagram for a ::= grammar production, image-only grammar	yes
img-02895	C	rule-railroad-bnf	railroad diagram for a ::= grammar production, image-only grammar	yes
img-02896	C	rule-railroad-bnf	railroad diagram for a ::= grammar production, image-only grammar	yes
img-02897	C	rule-railroad-bnf	railroad diagram for a ::= grammar production, image-only grammar	yes
img-02898	C	rule-railroad-bnf	railroad diagram for a ::= grammar production, image-only grammar	yes
img-02899	C	rule-railroad-bnf	railroad diagram for a ::= grammar production, image-only grammar	yes
img-02900	C	rule-railroad-bnf	railroad diagram for a ::= grammar production, image-only grammar	yes
img-02901	C	rule-railroad-bnf	railroad diagram for a ::= grammar production, image-only grammar	yes
img-02902	C	rule-railroad-bnf	railroad diagram for a ::= grammar production, image-only grammar	yes
img-02903	C	rule-railroad-bnf	railroad diagram for a ::= grammar production, image-only grammar	yes
img-02904	C	rule-railroad-bnf	railroad diagram for a ::= grammar production, image-only grammar	yes
img-02905	C	rule-railroad-bnf	railroad diagram for a ::= grammar production, image-only grammar	yes
img-02906	C	rule-railroad-bnf	railroad diagram for a ::= grammar production, image-only grammar	yes
img-02907	C	rule-railroad-bnf	railroad diagram for a ::= grammar production, image-only grammar	yes
img-02908	C	rule-railroad-bnf	railroad diagram for a ::= grammar production, image-only grammar	yes
img-02909	C	rule-railroad-bnf	railroad diagram for a ::= grammar production, image-only grammar	yes
img-02910	C	rule-railroad-bnf	railroad diagram for a ::= grammar production, image-only grammar	yes
img-02911	C	rule-railroad-bnf	railroad diagram for a ::= grammar production, image-only grammar	yes
img-02912	C	rule-railroad-bnf	railroad diagram for a ::= grammar production, image-only grammar	yes
img-02913	C	rule-railroad-bnf	railroad diagram for a ::= grammar production, image-only grammar	yes
img-02914	C	rule-railroad-bnf	railroad diagram for a ::= grammar production, image-only grammar	yes
img-02915	C	rule-railroad-bnf	railroad diagram for a ::= grammar production, image-only grammar	yes
img-02916	C	rule-railroad-bnf	railroad diagram for a ::= grammar production, image-only grammar	yes
img-02917	C	rule-railroad-bnf	railroad diagram for a ::= grammar production, image-only grammar	yes
img-02918	C	rule-railroad-bnf	railroad diagram for a ::= grammar production, image-only grammar	yes
img-02919	C	rule-railroad-bnf	railroad diagram for a ::= grammar production, image-only grammar	yes
img-02920	C	rule-railroad-bnf	railroad diagram for a ::= grammar production, image-only grammar	yes
img-02921	C	rule-railroad-bnf	railroad diagram for a ::= grammar production, image-only grammar	yes
img-02922	C	rule-railroad-bnf	railroad diagram for a ::= grammar production, image-only grammar	yes
img-02923	C	rule-railroad-bnf	railroad diagram for a ::= grammar production, image-only grammar	yes
img-02924	C	rule-railroad-bnf	railroad diagram for a ::= grammar production, image-only grammar	yes
img-02925	C	rule-railroad-bnf	railroad diagram for a ::= grammar production, image-only grammar	yes
img-02926	C	rule-railroad-bnf	railroad diagram for a ::= grammar production, image-only grammar	yes
img-02927	C	rule-railroad-bnf	railroad diagram for a ::= grammar production, image-only grammar	yes
img-02928	C	rule-railroad-bnf	railroad diagram for a ::= grammar production, image-only grammar	yes
img-02929	C	rule-railroad-bnf	railroad diagram for a ::= grammar production, image-only grammar	yes
img-02930	C	rule-railroad-bnf	railroad diagram for a ::= grammar production, image-only grammar	yes
img-02931	C	rule-railroad-bnf	railroad diagram for a ::= grammar production, image-only grammar	yes
img-02932	C	rule-railroad-bnf	railroad diagram for a ::= grammar production, image-only grammar	yes
img-02933	C	rule-railroad-bnf	railroad diagram for a ::= grammar production, image-only grammar	yes
img-02934	C	rule-railroad-bnf	railroad diagram for a ::= grammar production, image-only grammar	yes
img-02935	C	rule-railroad-bnf	railroad diagram for a ::= grammar production, image-only grammar	yes
img-02936	C	rule-railroad-bnf	railroad diagram for a ::= grammar production, image-only grammar	yes
img-02937	C	rule-railroad-bnf	railroad diagram for a ::= grammar production, image-only grammar	yes
img-02938	C	rule-railroad-bnf	railroad diagram for a ::= grammar production, image-only grammar	yes
img-02939	C	rule-railroad-bnf	railroad diagram for a ::= grammar production, image-only grammar	yes
img-02940	C	rule-railroad-bnf	railroad diagram for a ::= grammar production, image-only grammar	yes
img-02941	C	rule-railroad-bnf	railroad diagram for a ::= grammar production, image-only grammar	yes
img-02942	C	rule-railroad-bnf	railroad diagram for a ::= grammar production, image-only grammar	yes
img-02943	C	rule-railroad-bnf	railroad diagram for a ::= grammar production, image-only grammar	yes
img-02944	C	rule-railroad-bnf	railroad diagram for a ::= grammar production, image-only grammar	yes
img-02945	C	rule-railroad-bnf	railroad diagram for a ::= grammar production, image-only grammar	yes
img-02946	C	rule-railroad-bnf	railroad diagram for a ::= grammar production, image-only grammar	yes
img-02947	C	rule-railroad-bnf	railroad diagram for a ::= grammar production, image-only grammar	yes
img-02948	C	rule-railroad-bnf	railroad diagram for a ::= grammar production, image-only grammar	yes
img-02949	C	rule-railroad-bnf	railroad diagram for a ::= grammar production, image-only grammar	yes
img-02950	C	rule-railroad-bnf	railroad diagram for a ::= grammar production, image-only grammar	yes
img-02951	C	rule-railroad-bnf	railroad diagram for a ::= grammar production, image-only grammar	yes
img-02952	C	rule-railroad-bnf	railroad diagram for a ::= grammar production, image-only grammar	yes
img-02953	C	rule-railroad-bnf	railroad diagram for a ::= grammar production, image-only grammar	yes
img-02954	C	rule-railroad-bnf	railroad diagram for a ::= grammar production, image-only grammar	yes
img-02955	C	rule-railroad-bnf	railroad diagram for a ::= grammar production, image-only grammar	yes
img-02956	C	rule-railroad-bnf	railroad diagram for a ::= grammar production, image-only grammar	yes
img-02957	C	rule-railroad-bnf	railroad diagram for a ::= grammar production, image-only grammar	yes
img-02958	C	rule-railroad-bnf	railroad diagram for a ::= grammar production, image-only grammar	yes
img-02959	C	rule-railroad-bnf	railroad diagram for a ::= grammar production, image-only grammar	yes
img-02960	C	rule-railroad-bnf	railroad diagram for a ::= grammar production, image-only grammar	yes
img-02961	C	rule-railroad-bnf	railroad diagram for a ::= grammar production, image-only grammar	yes
img-02962	C	rule-railroad-bnf	railroad diagram for a ::= grammar production, image-only grammar	yes
img-02963	C	rule-railroad-bnf	railroad diagram for a ::= grammar production, image-only grammar	yes
img-02964	C	rule-railroad-bnf	railroad diagram for a ::= grammar production, image-only grammar	yes
img-02965	C	rule-railroad-bnf	railroad diagram for a ::= grammar production, image-only grammar	yes
img-02966	C	rule-railroad-bnf	railroad diagram for a ::= grammar production, image-only grammar	yes
img-02967	C	rule-railroad-bnf	railroad diagram for a ::= grammar production, image-only grammar	yes
img-02968	C	rule-railroad-bnf	railroad diagram for a ::= grammar production, image-only grammar	yes
img-02969	C	rule-railroad-bnf	railroad diagram for a ::= grammar production, image-only grammar	yes
img-02970	C	rule-railroad-bnf	railroad diagram for a ::= grammar production, image-only grammar	yes
img-02971	C	rule-railroad-bnf	railroad diagram for a ::= grammar production, image-only grammar	yes
img-02972	C	rule-railroad-bnf	railroad diagram for a ::= grammar production, image-only grammar	yes
img-02973	C	rule-railroad-bnf	railroad diagram for a ::= grammar production, image-only grammar	yes
img-02974	C	rule-railroad-bnf	railroad diagram for a ::= grammar production, image-only grammar	yes
img-02975	C	rule-railroad-bnf	railroad diagram for a ::= grammar production, image-only grammar	yes
img-02976	C	rule-railroad-bnf	railroad diagram for a ::= grammar production, image-only grammar	yes
img-02977	C	rule-railroad-bnf	railroad diagram for a ::= grammar production, image-only grammar	yes
img-02978	C	rule-railroad-bnf	railroad diagram for a ::= grammar production, image-only grammar	yes
img-02979	C	rule-railroad-bnf	railroad diagram for a ::= grammar production, image-only grammar	yes
img-02980	C	rule-railroad-bnf	railroad diagram for a ::= grammar production, image-only grammar	yes
img-02981	C	rule-railroad-bnf	railroad diagram for a ::= grammar production, image-only grammar	yes
img-02982	C	rule-railroad-bnf	railroad diagram for a ::= grammar production, image-only grammar	yes
img-02983	C	rule-railroad-bnf	railroad diagram for a ::= grammar production, image-only grammar	yes
img-02984	C	rule-railroad-bnf	railroad diagram for a ::= grammar production, image-only grammar	yes
img-02985	C	rule-railroad-bnf	railroad diagram for a ::= grammar production, image-only grammar	yes
img-02986	C	rule-railroad-bnf	railroad diagram for a ::= grammar production, image-only grammar	yes
img-02987	C	rule-railroad-bnf	railroad diagram for a ::= grammar production, image-only grammar	yes
img-02988	C	rule-railroad-bnf	railroad diagram for a ::= grammar production, image-only grammar	yes
img-02989	C	rule-railroad-bnf	railroad diagram for a ::= grammar production, image-only grammar	yes
img-02990	C	rule-railroad-bnf	railroad diagram for a ::= grammar production, image-only grammar	yes
img-02991	C	rule-railroad-synhead	railroad diagram directly under a Syntax heading, image-only grammar	yes
img-02992	C	rule-railroad-bnf	railroad diagram for a ::= grammar production, image-only grammar	yes
img-02993	C	rule-railroad-bnf	railroad diagram for a ::= grammar production, image-only grammar	yes
img-02994	C	rule-railroad-bnf	railroad diagram for a ::= grammar production, image-only grammar	yes
img-02995	C	rule-railroad-bnf	railroad diagram for a ::= grammar production, image-only grammar	yes
img-02996	C	rule-railroad-bnf	railroad diagram for a ::= grammar production, image-only grammar	yes
img-02997	C	rule-railroad-bnf	railroad diagram for a ::= grammar production, image-only grammar	yes
img-02998	C	rule-railroad-bnf	railroad diagram for a ::= grammar production, image-only grammar	yes
img-02999	C	rule-railroad-bnf	railroad diagram for a ::= grammar production, image-only grammar	yes
img-03000	C	rule-railroad-bnf	railroad diagram for a ::= grammar production, image-only grammar	yes
img-03001	C	rule-railroad-bnf	railroad diagram for a ::= grammar production, image-only grammar	yes
img-03002	C	rule-railroad-bnf	railroad diagram for a ::= grammar production, image-only grammar	yes
img-03003	C	rule-railroad-bnf	railroad diagram for a ::= grammar production, image-only grammar	yes
img-03004	C	rule-railroad-bnf	railroad diagram for a ::= grammar production, image-only grammar	yes
img-03005	C	rule-railroad-bnf	railroad diagram for a ::= grammar production, image-only grammar	yes
img-03006	B	rule-residual-conceptual	conceptual/architecture diagram, screenshot or illustration redundant with prose	yes
img-03007	C	rule-railroad-bnf	railroad diagram for a ::= grammar production, image-only grammar	yes
img-03008	C	rule-railroad-bnf	railroad diagram for a ::= grammar production, image-only grammar	yes
img-03009	C	rule-railroad-bnf	railroad diagram for a ::= grammar production, image-only grammar	yes
img-03010	C	rule-railroad-bnf	railroad diagram for a ::= grammar production, image-only grammar	yes
img-03011	C	rule-railroad-bnf	railroad diagram for a ::= grammar production, image-only grammar	yes
img-03012	C	rule-railroad-bnf	railroad diagram for a ::= grammar production, image-only grammar	yes
img-03013	C	rule-railroad-bnf	railroad diagram for a ::= grammar production, image-only grammar	yes
img-03014	C	rule-railroad-bnf	railroad diagram for a ::= grammar production, image-only grammar	yes
img-03015	C	rule-railroad-bnf	railroad diagram for a ::= grammar production, image-only grammar	yes
img-03016	C	rule-railroad-bnf	railroad diagram for a ::= grammar production, image-only grammar	yes
img-03017	C	rule-railroad-bnf	railroad diagram for a ::= grammar production, image-only grammar	yes
img-03018	C	rule-railroad-bnf	railroad diagram for a ::= grammar production, image-only grammar	yes
img-03019	C	rule-railroad-bnf	railroad diagram for a ::= grammar production, image-only grammar	yes
img-03020	C	rule-railroad-bnf	railroad diagram for a ::= grammar production, image-only grammar	yes
img-03021	C	rule-railroad-bnf	railroad diagram for a ::= grammar production, image-only grammar	yes
img-03022	C	rule-railroad-bnf	railroad diagram for a ::= grammar production, image-only grammar	yes
img-03023	C	rule-railroad-bnf	railroad diagram for a ::= grammar production, image-only grammar	yes
img-03024	C	rule-railroad-bnf	railroad diagram for a ::= grammar production, image-only grammar	yes
img-03025	C	rule-railroad-bnf	railroad diagram for a ::= grammar production, image-only grammar	yes
img-03026	C	rule-railroad-bnf	railroad diagram for a ::= grammar production, image-only grammar	yes
img-03027	C	rule-railroad-bnf	railroad diagram for a ::= grammar production, image-only grammar	yes
img-03028	C	rule-railroad-bnf	railroad diagram for a ::= grammar production, image-only grammar	yes
img-03029	C	rule-railroad-bnf	railroad diagram for a ::= grammar production, image-only grammar	yes
img-03030	C	rule-railroad-bnf	railroad diagram for a ::= grammar production, image-only grammar	yes
img-03031	C	rule-railroad-bnf	railroad diagram for a ::= grammar production, image-only grammar	yes
img-03032	C	rule-railroad-bnf	railroad diagram for a ::= grammar production, image-only grammar	yes
img-03033	C	rule-railroad-bnf	railroad diagram for a ::= grammar production, image-only grammar	yes
img-03034	C	rule-railroad-bnf	railroad diagram for a ::= grammar production, image-only grammar	yes
img-03035	C	rule-railroad-bnf	railroad diagram for a ::= grammar production, image-only grammar	yes
img-03036	C	rule-railroad-bnf	railroad diagram for a ::= grammar production, image-only grammar	yes
img-03037	C	rule-railroad-bnf	railroad diagram for a ::= grammar production, image-only grammar	yes
img-03038	C	rule-railroad-bnf	railroad diagram for a ::= grammar production, image-only grammar	yes
img-03039	C	rule-railroad-bnf	railroad diagram for a ::= grammar production, image-only grammar	yes
img-03040	C	rule-railroad-bnf	railroad diagram for a ::= grammar production, image-only grammar	yes
img-03041	C	rule-railroad-bnf	railroad diagram for a ::= grammar production, image-only grammar	yes
img-03042	C	rule-railroad-bnf	railroad diagram for a ::= grammar production, image-only grammar	yes
img-03043	C	rule-railroad-bnf	railroad diagram for a ::= grammar production, image-only grammar	yes
img-03044	C	rule-railroad-bnf	railroad diagram for a ::= grammar production, image-only grammar	yes
img-03045	C	rule-railroad-bnf	railroad diagram for a ::= grammar production, image-only grammar	yes
img-03046	C	rule-railroad-bnf	railroad diagram for a ::= grammar production, image-only grammar	yes
img-03047	C	rule-railroad-bnf	railroad diagram for a ::= grammar production, image-only grammar	yes
img-03048	C	rule-railroad-bnf	railroad diagram for a ::= grammar production, image-only grammar	yes
img-03049	C	rule-railroad-bnf	railroad diagram for a ::= grammar production, image-only grammar	yes
img-03050	C	rule-railroad-bnf	railroad diagram for a ::= grammar production, image-only grammar	yes
img-03051	C	rule-railroad-bnf	railroad diagram for a ::= grammar production, image-only grammar	yes
img-03052	C	rule-railroad-bnf	railroad diagram for a ::= grammar production, image-only grammar	yes
img-03053	C	rule-railroad-bnf	railroad diagram for a ::= grammar production, image-only grammar	yes
img-03054	C	rule-railroad-bnf	railroad diagram for a ::= grammar production, image-only grammar	yes
img-03055	C	rule-railroad-bnf	railroad diagram for a ::= grammar production, image-only grammar	yes
img-03056	C	rule-railroad-bnf	railroad diagram for a ::= grammar production, image-only grammar	yes
img-03057	C	rule-railroad-bnf	railroad diagram for a ::= grammar production, image-only grammar	yes
img-03058	C	rule-railroad-bnf	railroad diagram for a ::= grammar production, image-only grammar	yes
img-03059	C	rule-railroad-bnf	railroad diagram for a ::= grammar production, image-only grammar	yes
img-03060	E	img06-audit-reclassify	YES/NO decision flowchart resolving LOB-column vs partition tablespace precedence in CREATE TABLE; branching logic not in prose	yes
img-03061	C	rule-railroad-bnf	railroad diagram for a ::= grammar production, image-only grammar	yes
img-03062	C	rule-railroad-bnf	railroad diagram for a ::= grammar production, image-only grammar	yes
img-03063	C	rule-railroad-bnf	railroad diagram for a ::= grammar production, image-only grammar	yes
img-03064	C	rule-railroad-bnf	railroad diagram for a ::= grammar production, image-only grammar	yes
img-03065	C	rule-railroad-bnf	railroad diagram for a ::= grammar production, image-only grammar	yes
img-03066	C	rule-railroad-bnf	railroad diagram for a ::= grammar production, image-only grammar	yes
img-03067	C	rule-railroad-bnf	railroad diagram for a ::= grammar production, image-only grammar	yes
img-03068	C	rule-railroad-bnf	railroad diagram for a ::= grammar production, image-only grammar	yes
img-03069	C	rule-railroad-bnf	railroad diagram for a ::= grammar production, image-only grammar	yes
img-03070	C	rule-railroad-bnf	railroad diagram for a ::= grammar production, image-only grammar	yes
img-03071	C	rule-railroad-bnf	railroad diagram for a ::= grammar production, image-only grammar	yes
img-03072	C	rule-railroad-bnf	railroad diagram for a ::= grammar production, image-only grammar	yes
img-03073	C	rule-railroad-bnf	railroad diagram for a ::= grammar production, image-only grammar	yes
img-03074	C	rule-railroad-bnf	railroad diagram for a ::= grammar production, image-only grammar	yes
img-03075	C	rule-railroad-bnf	railroad diagram for a ::= grammar production, image-only grammar	yes
img-03076	C	rule-railroad-bnf	railroad diagram for a ::= grammar production, image-only grammar	yes
img-03077	C	rule-railroad-bnf	railroad diagram for a ::= grammar production, image-only grammar	yes
img-03078	C	rule-railroad-bnf	railroad diagram for a ::= grammar production, image-only grammar	yes
img-03079	C	rule-railroad-bnf	railroad diagram for a ::= grammar production, image-only grammar	yes
img-03080	C	rule-railroad-bnf	railroad diagram for a ::= grammar production, image-only grammar	yes
img-03081	C	rule-railroad-bnf	railroad diagram for a ::= grammar production, image-only grammar	yes
img-03082	C	rule-railroad-bnf	railroad diagram for a ::= grammar production, image-only grammar	yes
img-03083	C	rule-railroad-bnf	railroad diagram for a ::= grammar production, image-only grammar	yes
img-03084	C	rule-railroad-bnf	railroad diagram for a ::= grammar production, image-only grammar	yes
img-03085	C	rule-railroad-bnf	railroad diagram for a ::= grammar production, image-only grammar	yes
img-03086	C	rule-railroad-bnf	railroad diagram for a ::= grammar production, image-only grammar	yes
img-03087	C	rule-railroad-bnf	railroad diagram for a ::= grammar production, image-only grammar	yes
img-03088	C	rule-railroad-bnf	railroad diagram for a ::= grammar production, image-only grammar	yes
img-03089	C	rule-railroad-bnf	railroad diagram for a ::= grammar production, image-only grammar	yes
img-03090	C	rule-railroad-bnf	railroad diagram for a ::= grammar production, image-only grammar	yes
img-03091	C	rule-railroad-bnf	railroad diagram for a ::= grammar production, image-only grammar	yes
img-03092	C	rule-railroad-bnf	railroad diagram for a ::= grammar production, image-only grammar	yes
img-03093	C	rule-railroad-bnf	railroad diagram for a ::= grammar production, image-only grammar	yes
img-03094	C	rule-railroad-bnf	railroad diagram for a ::= grammar production, image-only grammar	yes
img-03095	C	rule-railroad-bnf	railroad diagram for a ::= grammar production, image-only grammar	yes
img-03096	C	rule-railroad-bnf	railroad diagram for a ::= grammar production, image-only grammar	yes
img-03097	C	rule-railroad-bnf	railroad diagram for a ::= grammar production, image-only grammar	yes
img-03098	C	rule-railroad-bnf	railroad diagram for a ::= grammar production, image-only grammar	yes
img-03099	C	rule-railroad-bnf	railroad diagram for a ::= grammar production, image-only grammar	yes
img-03100	C	rule-railroad-bnf	railroad diagram for a ::= grammar production, image-only grammar	yes
img-03101	C	rule-railroad-bnf	railroad diagram for a ::= grammar production, image-only grammar	yes
img-03102	C	rule-railroad-bnf	railroad diagram for a ::= grammar production, image-only grammar	yes
img-03103	C	rule-railroad-bnf	railroad diagram for a ::= grammar production, image-only grammar	yes
img-03104	C	rule-railroad-bnf	railroad diagram for a ::= grammar production, image-only grammar	yes
img-03105	C	rule-railroad-bnf	railroad diagram for a ::= grammar production, image-only grammar	yes
img-03106	C	rule-railroad-bnf	railroad diagram for a ::= grammar production, image-only grammar	yes
img-03107	C	rule-railroad-bnf	railroad diagram for a ::= grammar production, image-only grammar	yes
img-03108	C	rule-railroad-bnf	railroad diagram for a ::= grammar production, image-only grammar	yes
img-03109	C	rule-railroad-bnf	railroad diagram for a ::= grammar production, image-only grammar	yes
img-03110	C	rule-railroad-bnf	railroad diagram for a ::= grammar production, image-only grammar	yes
img-03111	C	rule-railroad-bnf	railroad diagram for a ::= grammar production, image-only grammar	yes
img-03112	C	rule-railroad-bnf	railroad diagram for a ::= grammar production, image-only grammar	yes
img-03113	C	rule-railroad-bnf	railroad diagram for a ::= grammar production, image-only grammar	yes
img-03114	C	rule-railroad-bnf	railroad diagram for a ::= grammar production, image-only grammar	yes
img-03115	C	rule-railroad-bnf	railroad diagram for a ::= grammar production, image-only grammar	yes
img-03116	C	rule-railroad-bnf	railroad diagram for a ::= grammar production, image-only grammar	yes
img-03117	C	rule-railroad-bnf	railroad diagram for a ::= grammar production, image-only grammar	yes
img-03118	C	rule-railroad-bnf	railroad diagram for a ::= grammar production, image-only grammar	yes
img-03119	C	rule-railroad-bnf	railroad diagram for a ::= grammar production, image-only grammar	yes
img-03120	C	rule-railroad-bnf	railroad diagram for a ::= grammar production, image-only grammar	yes
img-03121	C	rule-railroad-bnf	railroad diagram for a ::= grammar production, image-only grammar	yes
img-03122	C	rule-railroad-bnf	railroad diagram for a ::= grammar production, image-only grammar	yes
img-03123	C	rule-railroad-bnf	railroad diagram for a ::= grammar production, image-only grammar	yes
img-03124	C	rule-railroad-bnf	railroad diagram for a ::= grammar production, image-only grammar	yes
img-03125	C	rule-railroad-bnf	railroad diagram for a ::= grammar production, image-only grammar	yes
img-03126	C	rule-railroad-bnf	railroad diagram for a ::= grammar production, image-only grammar	yes
img-03127	C	rule-railroad-bnf	railroad diagram for a ::= grammar production, image-only grammar	yes
img-03128	C	rule-railroad-bnf	railroad diagram for a ::= grammar production, image-only grammar	yes
img-03129	C	rule-railroad-bnf	railroad diagram for a ::= grammar production, image-only grammar	yes
img-03130	C	rule-railroad-bnf	railroad diagram for a ::= grammar production, image-only grammar	yes
img-03131	C	rule-railroad-bnf	railroad diagram for a ::= grammar production, image-only grammar	yes
img-03132	C	rule-railroad-bnf	railroad diagram for a ::= grammar production, image-only grammar	yes
img-03133	C	rule-railroad-bnf	railroad diagram for a ::= grammar production, image-only grammar	yes
img-03134	C	rule-railroad-bnf	railroad diagram for a ::= grammar production, image-only grammar	yes
img-03135	C	rule-railroad-bnf	railroad diagram for a ::= grammar production, image-only grammar	yes
img-03136	C	rule-railroad-bnf	railroad diagram for a ::= grammar production, image-only grammar	yes
img-03137	C	rule-railroad-bnf	railroad diagram for a ::= grammar production, image-only grammar	yes
img-03138	C	rule-railroad-bnf	railroad diagram for a ::= grammar production, image-only grammar	yes
img-03139	C	rule-railroad-bnf	railroad diagram for a ::= grammar production, image-only grammar	yes
img-03140	C	rule-railroad-bnf	railroad diagram for a ::= grammar production, image-only grammar	yes
img-03141	C	rule-railroad-bnf	railroad diagram for a ::= grammar production, image-only grammar	yes
img-03142	C	rule-railroad-bnf	railroad diagram for a ::= grammar production, image-only grammar	yes
img-03143	C	rule-railroad-bnf	railroad diagram for a ::= grammar production, image-only grammar	yes
img-03144	C	rule-railroad-bnf	railroad diagram for a ::= grammar production, image-only grammar	yes
img-03145	C	rule-railroad-bnf	railroad diagram for a ::= grammar production, image-only grammar	yes
img-03146	C	rule-railroad-bnf	railroad diagram for a ::= grammar production, image-only grammar	yes
img-03147	C	rule-railroad-bnf	railroad diagram for a ::= grammar production, image-only grammar	yes
img-03148	C	rule-railroad-bnf	railroad diagram for a ::= grammar production, image-only grammar	yes
img-03149	C	rule-railroad-bnf	railroad diagram for a ::= grammar production, image-only grammar	yes
img-03150	C	rule-railroad-bnf	railroad diagram for a ::= grammar production, image-only grammar	yes
img-03151	C	rule-railroad-bnf	railroad diagram for a ::= grammar production, image-only grammar	yes
img-03152	C	rule-railroad-bnf	railroad diagram for a ::= grammar production, image-only grammar	yes
img-03153	C	rule-railroad-bnf	railroad diagram for a ::= grammar production, image-only grammar	yes
img-03154	C	rule-railroad-bnf	railroad diagram for a ::= grammar production, image-only grammar	yes
img-03155	C	rule-railroad-bnf	railroad diagram for a ::= grammar production, image-only grammar	yes
img-03156	C	rule-railroad-bnf	railroad diagram for a ::= grammar production, image-only grammar	yes
img-03157	C	rule-railroad-bnf	railroad diagram for a ::= grammar production, image-only grammar	yes
img-03158	B	rule-residual-conceptual	conceptual/architecture diagram, screenshot or illustration redundant with prose	yes
img-03159	C	rule-railroad-bnf	railroad diagram for a ::= grammar production, image-only grammar	yes
img-03160	C	rule-railroad-bnf	railroad diagram for a ::= grammar production, image-only grammar	yes
img-03161	C	rule-railroad-bnf	railroad diagram for a ::= grammar production, image-only grammar	yes
img-03162	C	rule-railroad-bnf	railroad diagram for a ::= grammar production, image-only grammar	yes
img-03163	C	rule-railroad-bnf	railroad diagram for a ::= grammar production, image-only grammar	yes
img-03164	C	rule-railroad-bnf	railroad diagram for a ::= grammar production, image-only grammar	yes
img-03165	C	rule-railroad-bnf	railroad diagram for a ::= grammar production, image-only grammar	yes
img-03166	C	rule-railroad-bnf	railroad diagram for a ::= grammar production, image-only grammar	yes
img-03167	C	rule-railroad-bnf	railroad diagram for a ::= grammar production, image-only grammar	yes
img-03168	C	rule-railroad-bnf	railroad diagram for a ::= grammar production, image-only grammar	yes
img-03169	C	rule-railroad-bnf	railroad diagram for a ::= grammar production, image-only grammar	yes
img-03170	C	rule-railroad-bnf	railroad diagram for a ::= grammar production, image-only grammar	yes
img-03171	C	rule-railroad-bnf	railroad diagram for a ::= grammar production, image-only grammar	yes
img-03172	C	rule-railroad-bnf	railroad diagram for a ::= grammar production, image-only grammar	yes
img-03173	C	rule-railroad-bnf	railroad diagram for a ::= grammar production, image-only grammar	yes
img-03174	C	rule-railroad-bnf	railroad diagram for a ::= grammar production, image-only grammar	yes
img-03175	C	rule-railroad-bnf	railroad diagram for a ::= grammar production, image-only grammar	yes
img-03176	C	rule-railroad-bnf	railroad diagram for a ::= grammar production, image-only grammar	yes
img-03177	C	rule-railroad-bnf	railroad diagram for a ::= grammar production, image-only grammar	yes
img-03178	C	rule-railroad-bnf	railroad diagram for a ::= grammar production, image-only grammar	yes
img-03179	C	rule-railroad-bnf	railroad diagram for a ::= grammar production, image-only grammar	yes
img-03180	C	rule-railroad-bnf	railroad diagram for a ::= grammar production, image-only grammar	yes
img-03181	C	rule-railroad-bnf	railroad diagram for a ::= grammar production, image-only grammar	yes
img-03182	C	rule-railroad-bnf	railroad diagram for a ::= grammar production, image-only grammar	yes
img-03183	C	rule-railroad-bnf	railroad diagram for a ::= grammar production, image-only grammar	yes
img-03184	C	rule-railroad-bnf	railroad diagram for a ::= grammar production, image-only grammar	yes
img-03185	C	rule-railroad-bnf	railroad diagram for a ::= grammar production, image-only grammar	yes
img-03186	C	rule-railroad-bnf	railroad diagram for a ::= grammar production, image-only grammar	yes
img-03187	C	rule-railroad-bnf	railroad diagram for a ::= grammar production, image-only grammar	yes
img-03188	C	rule-railroad-bnf	railroad diagram for a ::= grammar production, image-only grammar	yes
img-03189	C	rule-railroad-bnf	railroad diagram for a ::= grammar production, image-only grammar	yes
img-03190	C	rule-railroad-bnf	railroad diagram for a ::= grammar production, image-only grammar	yes
img-03191	C	rule-railroad-bnf	railroad diagram for a ::= grammar production, image-only grammar	yes
img-03192	C	rule-railroad-bnf	railroad diagram for a ::= grammar production, image-only grammar	yes
img-03193	C	rule-railroad-bnf	railroad diagram for a ::= grammar production, image-only grammar	yes
img-03194	C	rule-railroad-bnf	railroad diagram for a ::= grammar production, image-only grammar	yes
img-03195	C	rule-railroad-bnf	railroad diagram for a ::= grammar production, image-only grammar	yes
img-03196	C	rule-railroad-bnf	railroad diagram for a ::= grammar production, image-only grammar	yes
img-03197	C	rule-railroad-bnf	railroad diagram for a ::= grammar production, image-only grammar	yes
img-03198	C	rule-railroad-bnf	railroad diagram for a ::= grammar production, image-only grammar	yes
img-03199	C	rule-railroad-synhead	railroad diagram directly under a Syntax heading, image-only grammar	yes
img-03200	C	rule-railroad-synhead	railroad diagram directly under a Syntax heading, image-only grammar	yes
img-03201	C	rule-railroad-synhead	railroad diagram directly under a Syntax heading, image-only grammar	yes
img-03202	C	rule-railroad-synhead	railroad diagram directly under a Syntax heading, image-only grammar	yes
img-03203	C	rule-railroad-synhead	railroad diagram directly under a Syntax heading, image-only grammar	yes
img-03204	C	rule-railroad-bnf	railroad diagram for a ::= grammar production, image-only grammar	yes
img-03205	C	rule-railroad-bnf	railroad diagram for a ::= grammar production, image-only grammar	yes
img-03206	C	rule-railroad-bnf	railroad diagram for a ::= grammar production, image-only grammar	yes
img-03207	C	rule-railroad-bnf	railroad diagram for a ::= grammar production, image-only grammar	yes
img-03208	C	rule-railroad-bnf	railroad diagram for a ::= grammar production, image-only grammar	yes
img-03209	C	rule-railroad-synhead	railroad diagram directly under a Syntax heading, image-only grammar	yes
img-03210	C	rule-railroad-synhead	railroad diagram directly under a Syntax heading, image-only grammar	yes
img-03211	C	rule-railroad-synhead	railroad diagram directly under a Syntax heading, image-only grammar	yes
img-03212	C	rule-railroad-synhead	railroad diagram directly under a Syntax heading, image-only grammar	yes
img-03213	C	rule-railroad-synhead	railroad diagram directly under a Syntax heading, image-only grammar	yes
img-03214	C	rule-railroad-synhead	railroad diagram directly under a Syntax heading, image-only grammar	yes
img-03215	C	rule-railroad-synsection	railroad diagram in a Syntax section, image-only grammar	yes
img-03216	C	rule-railroad-synsection	railroad diagram in a Syntax section, image-only grammar	yes
img-03217	C	rule-railroad-synsection	railroad diagram in a Syntax section, image-only grammar	yes
img-03218	C	rule-railroad-synsection	railroad diagram in a Syntax section, image-only grammar	yes
img-03219	C	rule-railroad-synhead	railroad diagram directly under a Syntax heading, image-only grammar	yes
img-03220	C	rule-railroad-bnf	railroad diagram for a ::= grammar production, image-only grammar	yes
img-03221	C	rule-railroad-bnf	railroad diagram for a ::= grammar production, image-only grammar	yes
img-03222	C	rule-railroad-bnf	railroad diagram for a ::= grammar production, image-only grammar	yes
img-03223	C	rule-railroad-bnf	railroad diagram for a ::= grammar production, image-only grammar	yes
img-03224	C	rule-railroad-bnf	railroad diagram for a ::= grammar production, image-only grammar	yes
img-03225	C	rule-railroad-bnf	railroad diagram for a ::= grammar production, image-only grammar	yes
img-03226	C	rule-railroad-bnf	railroad diagram for a ::= grammar production, image-only grammar	yes
img-03227	C	rule-railroad-bnf	railroad diagram for a ::= grammar production, image-only grammar	yes
img-03228	C	rule-railroad-bnf	railroad diagram for a ::= grammar production, image-only grammar	yes
img-03229	C	rule-railroad-bnf	railroad diagram for a ::= grammar production, image-only grammar	yes
img-03230	B	rule-cover	cover-page logo, carries no recoverable text	yes
img-03231	B	rule-table-cell	symbol/icon in a table cell, explained by the adjacent cell	yes
img-03232	B	rule-table-cell	symbol/icon in a table cell, explained by the adjacent cell	yes
img-03233	B	rule-table-cell	symbol/icon in a table cell, explained by the adjacent cell	yes
img-03234	B	rule-table-cell	symbol/icon in a table cell, explained by the adjacent cell	yes
img-03235	B	rule-table-cell	symbol/icon in a table cell, explained by the adjacent cell	yes
img-03236	B	rule-table-cell	symbol/icon in a table cell, explained by the adjacent cell	yes
img-03237	B	rule-table-cell	symbol/icon in a table cell, explained by the adjacent cell	yes
img-03238	B	rule-table-cell	symbol/icon in a table cell, explained by the adjacent cell	yes
img-03239	B	rule-table-cell	symbol/icon in a table cell, explained by the adjacent cell	yes
img-03240	B	rule-residual-conceptual	conceptual/architecture diagram, screenshot or illustration redundant with prose	yes
img-03241	C	rule-railroad-synhead	railroad diagram directly under a Syntax heading, image-only grammar	yes
img-03242	C	rule-railroad-synsection	railroad diagram in a Syntax section, image-only grammar	yes
img-03243	C	rule-railroad-synsection	railroad diagram in a Syntax section, image-only grammar	yes
img-03244	C	rule-railroad-synhead	railroad diagram directly under a Syntax heading, image-only grammar	yes
img-03245	C	rule-railroad-synhead	railroad diagram directly under a Syntax heading, image-only grammar	yes
img-03246	C	rule-railroad-synsection	railroad diagram in a Syntax section, image-only grammar	yes
img-03247	B	rule-residual-conceptual	conceptual/architecture diagram, screenshot or illustration redundant with prose	yes
img-03248	B	rule-residual-conceptual	conceptual/architecture diagram, screenshot or illustration redundant with prose	yes
img-03249	B	rule-residual-conceptual	conceptual/architecture diagram, screenshot or illustration redundant with prose	yes
img-03250	B	rule-residual-conceptual	conceptual/architecture diagram, screenshot or illustration redundant with prose	yes
img-03251	C	rule-railroad-synhead	railroad diagram directly under a Syntax heading, image-only grammar	yes
img-03252	B	rule-residual-conceptual	conceptual/architecture diagram, screenshot or illustration redundant with prose	yes
img-03253	B	rule-residual-conceptual	conceptual/architecture diagram, screenshot or illustration redundant with prose	yes
img-03254	B	rule-residual-conceptual	conceptual/architecture diagram, screenshot or illustration redundant with prose	yes
img-03255	B	rule-residual-conceptual	conceptual/architecture diagram, screenshot or illustration redundant with prose	yes
img-03256	C	rule-railroad-synhead	railroad diagram directly under a Syntax heading, image-only grammar	yes
img-03257	C	rule-railroad-synsection	railroad diagram in a Syntax section, image-only grammar	yes
img-03258	B	rule-residual-conceptual	conceptual/architecture diagram, screenshot or illustration redundant with prose	yes
img-03259	B	rule-residual-conceptual	conceptual/architecture diagram, screenshot or illustration redundant with prose	yes
img-03260	B	rule-residual-conceptual	conceptual/architecture diagram, screenshot or illustration redundant with prose	yes
img-03261	B	rule-residual-conceptual	conceptual/architecture diagram, screenshot or illustration redundant with prose	yes
img-03262	B	rule-residual-conceptual	conceptual/architecture diagram, screenshot or illustration redundant with prose	yes
img-03263	C	rule-railroad-synhead	railroad diagram directly under a Syntax heading, image-only grammar	yes
img-03264	B	rule-residual-conceptual	conceptual/architecture diagram, screenshot or illustration redundant with prose	yes
img-03265	B	rule-residual-conceptual	conceptual/architecture diagram, screenshot or illustration redundant with prose	yes
img-03266	B	rule-residual-conceptual	conceptual/architecture diagram, screenshot or illustration redundant with prose	yes
img-03267	B	rule-residual-conceptual	conceptual/architecture diagram, screenshot or illustration redundant with prose	yes
img-03268	B	rule-residual-conceptual	conceptual/architecture diagram, screenshot or illustration redundant with prose	yes
img-03269	C	rule-railroad-synhead	railroad diagram directly under a Syntax heading, image-only grammar	yes
img-03270	B	rule-residual-conceptual	conceptual/architecture diagram, screenshot or illustration redundant with prose	yes
img-03271	B	rule-residual-conceptual	conceptual/architecture diagram, screenshot or illustration redundant with prose	yes
img-03272	B	rule-residual-conceptual	conceptual/architecture diagram, screenshot or illustration redundant with prose	yes
img-03273	B	rule-residual-conceptual	conceptual/architecture diagram, screenshot or illustration redundant with prose	yes
img-03274	B	rule-residual-conceptual	conceptual/architecture diagram, screenshot or illustration redundant with prose	yes
img-03275	B	rule-residual-conceptual	conceptual/architecture diagram, screenshot or illustration redundant with prose	yes
img-03276	B	rule-residual-conceptual	conceptual/architecture diagram, screenshot or illustration redundant with prose	yes
img-03277	B	rule-residual-conceptual	conceptual/architecture diagram, screenshot or illustration redundant with prose	yes
img-03278	B	rule-residual-conceptual	conceptual/architecture diagram, screenshot or illustration redundant with prose	yes
img-03279	B	rule-residual-conceptual	conceptual/architecture diagram, screenshot or illustration redundant with prose	yes
img-03280	B	rule-residual-conceptual	conceptual/architecture diagram, screenshot or illustration redundant with prose	yes
img-03281	B	rule-residual-conceptual	conceptual/architecture diagram, screenshot or illustration redundant with prose	yes
img-03282	B	rule-residual-conceptual	conceptual/architecture diagram, screenshot or illustration redundant with prose	yes
img-03283	B	rule-residual-conceptual	conceptual/architecture diagram, screenshot or illustration redundant with prose	yes
img-03284	B	rule-residual-conceptual	conceptual/architecture diagram, screenshot or illustration redundant with prose	yes
img-03285	B	rule-residual-conceptual	conceptual/architecture diagram, screenshot or illustration redundant with prose	yes
img-03286	B	rule-residual-conceptual	conceptual/architecture diagram, screenshot or illustration redundant with prose	yes
img-03287	B	rule-residual-conceptual	conceptual/architecture diagram, screenshot or illustration redundant with prose	yes
img-03288	A	rule-syntax-textblock	syntax diagram redundant with the adjacent text Syntax block	yes
img-03289	B	rule-residual-conceptual	conceptual/architecture diagram, screenshot or illustration redundant with prose	yes
img-03290	B	rule-residual-conceptual	conceptual/architecture diagram, screenshot or illustration redundant with prose	yes
img-03291	B	rule-residual-conceptual	conceptual/architecture diagram, screenshot or illustration redundant with prose	yes
img-03292	B	rule-residual-conceptual	conceptual/architecture diagram, screenshot or illustration redundant with prose	yes
img-03293	B	rule-residual-conceptual	conceptual/architecture diagram, screenshot or illustration redundant with prose	yes
img-03294	B	rule-cover	cover-page logo, carries no recoverable text	yes
img-03295	B	rule-table-cell	symbol/icon in a table cell, explained by the adjacent cell	yes
img-03296	B	rule-table-cell	symbol/icon in a table cell, explained by the adjacent cell	yes
img-03297	B	rule-table-cell	symbol/icon in a table cell, explained by the adjacent cell	yes
img-03298	B	rule-table-cell	symbol/icon in a table cell, explained by the adjacent cell	yes
img-03299	B	rule-table-cell	symbol/icon in a table cell, explained by the adjacent cell	yes
img-03300	B	rule-table-cell	symbol/icon in a table cell, explained by the adjacent cell	yes
img-03301	B	rule-table-cell	symbol/icon in a table cell, explained by the adjacent cell	yes
img-03302	B	rule-table-cell	symbol/icon in a table cell, explained by the adjacent cell	yes
img-03303	B	rule-table-cell	symbol/icon in a table cell, explained by the adjacent cell	yes
img-03304	B	rule-residual-conceptual	conceptual/architecture diagram, screenshot or illustration redundant with prose	missing
img-03305	C	rule-railroad-bnf	railroad diagram for a ::= grammar production, image-only grammar	yes
img-03306	C	rule-railroad-bnf	railroad diagram for a ::= grammar production, image-only grammar	yes
img-03307	C	rule-railroad-bnf	railroad diagram for a ::= grammar production, image-only grammar	yes
img-03308	C	rule-railroad-synhead	railroad diagram directly under a Syntax heading, image-only grammar	yes
img-03309	C	rule-railroad-synhead	railroad diagram directly under a Syntax heading, image-only grammar	yes
img-03310	C	rule-railroad-bnf	railroad diagram for a ::= grammar production, image-only grammar	yes
img-03311	C	rule-railroad-bnf	railroad diagram for a ::= grammar production, image-only grammar	yes
img-03312	C	rule-railroad-bnf	railroad diagram for a ::= grammar production, image-only grammar	yes
img-03313	C	rule-railroad-bnf	railroad diagram for a ::= grammar production, image-only grammar	yes
img-03314	C	rule-railroad-bnf	railroad diagram for a ::= grammar production, image-only grammar	yes
img-03315	C	rule-railroad-bnf	railroad diagram for a ::= grammar production, image-only grammar	yes
img-03316	C	rule-railroad-synhead	railroad diagram directly under a Syntax heading, image-only grammar	yes
img-03317	C	rule-railroad-synhead	railroad diagram directly under a Syntax heading, image-only grammar	yes
img-03318	C	rule-railroad-synhead	railroad diagram directly under a Syntax heading, image-only grammar	yes
img-03319	C	rule-railroad-synsection	railroad diagram in a Syntax section, image-only grammar	yes
img-03320	C	rule-railroad-synsection	railroad diagram in a Syntax section, image-only grammar	yes
img-03321	C	rule-railroad-synhead	railroad diagram directly under a Syntax heading, image-only grammar	yes
img-03322	C	rule-railroad-synsection	railroad diagram in a Syntax section, image-only grammar	yes
img-03323	B	rule-residual-conceptual	conceptual/architecture diagram, screenshot or illustration redundant with prose	yes
img-03324	C	rule-railroad-synhead	railroad diagram directly under a Syntax heading, image-only grammar	yes
img-03325	C	rule-railroad-synhead	railroad diagram directly under a Syntax heading, image-only grammar	yes
img-03326	C	rule-railroad-synhead	railroad diagram directly under a Syntax heading, image-only grammar	yes
img-03327	C	rule-railroad-synhead	railroad diagram directly under a Syntax heading, image-only grammar	yes
img-03328	C	rule-railroad-synhead	railroad diagram directly under a Syntax heading, image-only grammar	yes
img-03329	C	rule-railroad-synhead	railroad diagram directly under a Syntax heading, image-only grammar	yes
img-03330	C	rule-railroad-synhead	railroad diagram directly under a Syntax heading, image-only grammar	yes
img-03331	C	rule-railroad-synhead	railroad diagram directly under a Syntax heading, image-only grammar	yes
img-03332	C	rule-railroad-synhead	railroad diagram directly under a Syntax heading, image-only grammar	yes
img-03333	C	rule-railroad-synhead	railroad diagram directly under a Syntax heading, image-only grammar	yes
img-03334	C	rule-railroad-synhead	railroad diagram directly under a Syntax heading, image-only grammar	yes
img-03335	C	rule-railroad-synhead	railroad diagram directly under a Syntax heading, image-only grammar	yes
img-03336	C	rule-railroad-synhead	railroad diagram directly under a Syntax heading, image-only grammar	yes
img-03337	C	rule-railroad-synhead	railroad diagram directly under a Syntax heading, image-only grammar	yes
img-03338	C	rule-railroad-synhead	railroad diagram directly under a Syntax heading, image-only grammar	yes
img-03339	C	rule-railroad-synhead	railroad diagram directly under a Syntax heading, image-only grammar	yes
img-03340	C	rule-railroad-synhead	railroad diagram directly under a Syntax heading, image-only grammar	yes
img-03341	C	rule-railroad-synhead	railroad diagram directly under a Syntax heading, image-only grammar	yes
img-03342	C	rule-railroad-synhead	railroad diagram directly under a Syntax heading, image-only grammar	yes
img-03343	C	rule-railroad-synhead	railroad diagram directly under a Syntax heading, image-only grammar	yes
img-03344	C	rule-railroad-synsection	railroad diagram in a Syntax section, image-only grammar	yes
img-03345	C	rule-railroad-synhead	railroad diagram directly under a Syntax heading, image-only grammar	yes
img-03346	C	rule-railroad-synhead	railroad diagram directly under a Syntax heading, image-only grammar	yes
img-03347	B	rule-residual-conceptual	conceptual/architecture diagram, screenshot or illustration redundant with prose	yes
img-03348	C	rule-railroad-synhead	railroad diagram directly under a Syntax heading, image-only grammar	yes
img-03349	C	rule-railroad-synhead	railroad diagram directly under a Syntax heading, image-only grammar	yes
img-03350	B	rule-residual-conceptual	conceptual/architecture diagram, screenshot or illustration redundant with prose	yes
img-03351	C	rule-railroad-synhead	railroad diagram directly under a Syntax heading, image-only grammar	yes
img-03352	C	rule-railroad-synhead	railroad diagram directly under a Syntax heading, image-only grammar	yes
img-03353	B	rule-residual-conceptual	conceptual/architecture diagram, screenshot or illustration redundant with prose	yes
img-03354	C	rule-railroad-synhead	railroad diagram directly under a Syntax heading, image-only grammar	yes
img-03355	C	rule-railroad-synsection	railroad diagram in a Syntax section, image-only grammar	yes
img-03356	C	rule-railroad-synsection	railroad diagram in a Syntax section, image-only grammar	yes
img-03357	C	rule-railroad-synhead	railroad diagram directly under a Syntax heading, image-only grammar	yes
img-03358	C	rule-railroad-synhead	railroad diagram directly under a Syntax heading, image-only grammar	yes
img-03359	C	rule-railroad-synhead	railroad diagram directly under a Syntax heading, image-only grammar	yes
img-03360	B	rule-residual-conceptual	conceptual/architecture diagram, screenshot or illustration redundant with prose	yes
img-03361	C	rule-railroad-synhead	railroad diagram directly under a Syntax heading, image-only grammar	yes
img-03362	C	rule-railroad-synhead	railroad diagram directly under a Syntax heading, image-only grammar	yes
img-03363	C	rule-railroad-synhead	railroad diagram directly under a Syntax heading, image-only grammar	yes
img-03364	B	rule-residual-conceptual	conceptual/architecture diagram, screenshot or illustration redundant with prose	yes
img-03365	C	rule-railroad-synhead	railroad diagram directly under a Syntax heading, image-only grammar	yes
img-03366	B	rule-residual-conceptual	conceptual/architecture diagram, screenshot or illustration redundant with prose	yes
img-03367	C	rule-railroad-bnf	railroad diagram for a ::= grammar production, image-only grammar	yes
img-03368	C	rule-railroad-bnf	railroad diagram for a ::= grammar production, image-only grammar	yes
img-03369	C	rule-railroad-bnf	railroad diagram for a ::= grammar production, image-only grammar	yes
img-03370	C	rule-railroad-bnf	railroad diagram for a ::= grammar production, image-only grammar	yes
img-03371	C	rule-railroad-bnf	railroad diagram for a ::= grammar production, image-only grammar	yes
img-03372	C	rule-railroad-bnf	railroad diagram for a ::= grammar production, image-only grammar	yes
img-03373	C	rule-railroad-bnf	railroad diagram for a ::= grammar production, image-only grammar	yes
img-03374	C	rule-railroad-bnf	railroad diagram for a ::= grammar production, image-only grammar	yes
img-03375	C	rule-railroad-bnf	railroad diagram for a ::= grammar production, image-only grammar	yes
img-03376	C	rule-railroad-bnf	railroad diagram for a ::= grammar production, image-only grammar	yes
img-03377	C	rule-railroad-bnf	railroad diagram for a ::= grammar production, image-only grammar	yes
img-03378	C	rule-railroad-bnf	railroad diagram for a ::= grammar production, image-only grammar	yes
img-03379	B	rule-residual-conceptual	conceptual/architecture diagram, screenshot or illustration redundant with prose	yes
img-03380	B	rule-cover	cover-page logo, carries no recoverable text	yes
img-03381	B	rule-table-cell	symbol/icon in a table cell, explained by the adjacent cell	yes
img-03382	B	rule-table-cell	symbol/icon in a table cell, explained by the adjacent cell	yes
img-03383	B	rule-table-cell	symbol/icon in a table cell, explained by the adjacent cell	yes
img-03384	B	rule-table-cell	symbol/icon in a table cell, explained by the adjacent cell	yes
img-03385	B	rule-table-cell	symbol/icon in a table cell, explained by the adjacent cell	yes
img-03386	B	rule-table-cell	symbol/icon in a table cell, explained by the adjacent cell	yes
img-03387	B	rule-table-cell	symbol/icon in a table cell, explained by the adjacent cell	yes
img-03388	B	rule-table-cell	symbol/icon in a table cell, explained by the adjacent cell	yes
img-03389	B	rule-table-cell	symbol/icon in a table cell, explained by the adjacent cell	yes
img-03390	C	rule-railroad-synhead	railroad diagram directly under a Syntax heading, image-only grammar	yes
img-03391	B	rule-residual-conceptual	conceptual/architecture diagram, screenshot or illustration redundant with prose	missing
img-03392	B	rule-residual-conceptual	conceptual/architecture diagram, screenshot or illustration redundant with prose	missing
img-03393	B	rule-residual-conceptual	conceptual/architecture diagram, screenshot or illustration redundant with prose	missing
img-03394	B	rule-residual-conceptual	conceptual/architecture diagram, screenshot or illustration redundant with prose	missing
img-03395	B	rule-residual-conceptual	conceptual/architecture diagram, screenshot or illustration redundant with prose	yes
img-03396	B	rule-residual-conceptual	conceptual/architecture diagram, screenshot or illustration redundant with prose	yes
img-03397	B	rule-residual-conceptual	conceptual/architecture diagram, screenshot or illustration redundant with prose	yes
img-03398	B	rule-residual-conceptual	conceptual/architecture diagram, screenshot or illustration redundant with prose	yes
img-03399	B	rule-residual-conceptual	conceptual/architecture diagram, screenshot or illustration redundant with prose	yes
img-03400	B	rule-residual-conceptual	conceptual/architecture diagram, screenshot or illustration redundant with prose	yes
img-03401	B	rule-residual-conceptual	conceptual/architecture diagram, screenshot or illustration redundant with prose	yes
img-03402	B	rule-residual-conceptual	conceptual/architecture diagram, screenshot or illustration redundant with prose	yes
img-03403	C	rule-railroad-synhead	railroad diagram directly under a Syntax heading, image-only grammar	yes
img-03404	C	rule-railroad-synhead	railroad diagram directly under a Syntax heading, image-only grammar	yes
img-03405	C	rule-railroad-synhead	railroad diagram directly under a Syntax heading, image-only grammar	yes
img-03406	C	rule-railroad-synhead	railroad diagram directly under a Syntax heading, image-only grammar	yes
img-03407	C	rule-railroad-synhead	railroad diagram directly under a Syntax heading, image-only grammar	yes
img-03408	C	rule-railroad-synhead	railroad diagram directly under a Syntax heading, image-only grammar	yes
img-03409	C	rule-railroad-synhead	railroad diagram directly under a Syntax heading, image-only grammar	yes
img-03410	C	rule-railroad-synhead	railroad diagram directly under a Syntax heading, image-only grammar	yes
img-03411	C	rule-railroad-synhead	railroad diagram directly under a Syntax heading, image-only grammar	yes
img-03412	C	rule-railroad-synhead	railroad diagram directly under a Syntax heading, image-only grammar	yes
img-03413	C	rule-railroad-synhead	railroad diagram directly under a Syntax heading, image-only grammar	yes
img-03414	C	rule-railroad-synhead	railroad diagram directly under a Syntax heading, image-only grammar	yes
img-03415	C	rule-railroad-synhead	railroad diagram directly under a Syntax heading, image-only grammar	yes
img-03416	C	rule-railroad-synhead	railroad diagram directly under a Syntax heading, image-only grammar	yes
img-03417	C	rule-railroad-synhead	railroad diagram directly under a Syntax heading, image-only grammar	yes
img-03418	C	rule-railroad-synhead	railroad diagram directly under a Syntax heading, image-only grammar	yes
img-03419	C	rule-railroad-synhead	railroad diagram directly under a Syntax heading, image-only grammar	yes
img-03420	C	rule-railroad-synhead	railroad diagram directly under a Syntax heading, image-only grammar	yes
img-03421	B	rule-cover	cover-page logo, carries no recoverable text	yes
img-03422	B	rule-table-cell	symbol/icon in a table cell, explained by the adjacent cell	yes
img-03423	B	rule-table-cell	symbol/icon in a table cell, explained by the adjacent cell	yes
img-03424	B	rule-table-cell	symbol/icon in a table cell, explained by the adjacent cell	yes
img-03425	B	rule-table-cell	symbol/icon in a table cell, explained by the adjacent cell	yes
img-03426	B	rule-table-cell	symbol/icon in a table cell, explained by the adjacent cell	yes
img-03427	B	rule-table-cell	symbol/icon in a table cell, explained by the adjacent cell	yes
img-03428	B	rule-table-cell	symbol/icon in a table cell, explained by the adjacent cell	yes
img-03429	B	rule-table-cell	symbol/icon in a table cell, explained by the adjacent cell	yes
img-03430	B	rule-table-cell	symbol/icon in a table cell, explained by the adjacent cell	yes
img-03431	B	rule-residual-conceptual	conceptual/architecture diagram, screenshot or illustration redundant with prose	yes
img-03432	B	rule-cover	cover-page logo, carries no recoverable text	yes
img-03433	B	rule-table-cell	symbol/icon in a table cell, explained by the adjacent cell	yes
img-03434	B	rule-table-cell	symbol/icon in a table cell, explained by the adjacent cell	yes
img-03435	B	rule-table-cell	symbol/icon in a table cell, explained by the adjacent cell	yes
img-03436	B	rule-table-cell	symbol/icon in a table cell, explained by the adjacent cell	yes
img-03437	B	rule-table-cell	symbol/icon in a table cell, explained by the adjacent cell	yes
img-03438	B	rule-table-cell	symbol/icon in a table cell, explained by the adjacent cell	yes
img-03439	B	rule-table-cell	symbol/icon in a table cell, explained by the adjacent cell	yes
img-03440	B	rule-table-cell	symbol/icon in a table cell, explained by the adjacent cell	yes
img-03441	B	rule-table-cell	symbol/icon in a table cell, explained by the adjacent cell	yes
img-03442	B	rule-residual-conceptual	conceptual/architecture diagram, screenshot or illustration redundant with prose	missing
img-03443	B	rule-table-cell	symbol/icon in a table cell, explained by the adjacent cell	yes
img-03444	B	rule-table-cell	symbol/icon in a table cell, explained by the adjacent cell	yes
img-03445	B	rule-table-cell	symbol/icon in a table cell, explained by the adjacent cell	yes
img-03446	B	rule-table-cell	symbol/icon in a table cell, explained by the adjacent cell	yes
img-03447	B	rule-table-cell	symbol/icon in a table cell, explained by the adjacent cell	yes
img-03448	B	rule-table-cell	symbol/icon in a table cell, explained by the adjacent cell	yes
img-03449	B	rule-table-cell	symbol/icon in a table cell, explained by the adjacent cell	yes
img-03450	B	rule-table-cell	symbol/icon in a table cell, explained by the adjacent cell	yes
img-03451	B	rule-table-cell	symbol/icon in a table cell, explained by the adjacent cell	yes
img-03452	B	rule-residual-conceptual	conceptual/architecture diagram, screenshot or illustration redundant with prose	missing
img-03453	C	rule-railroad-bnf	railroad diagram for a ::= grammar production, image-only grammar	missing
img-03454	C	rule-railroad-bnf	railroad diagram for a ::= grammar production, image-only grammar	missing
img-03455	C	rule-railroad-bnf	railroad diagram for a ::= grammar production, image-only grammar	missing
img-03456	C	rule-railroad-synhead	railroad diagram directly under a Syntax heading, image-only grammar	missing
img-03457	C	rule-railroad-synhead	railroad diagram directly under a Syntax heading, image-only grammar	missing
img-03458	C	rule-railroad-bnf	railroad diagram for a ::= grammar production, image-only grammar	missing
img-03459	C	rule-railroad-bnf	railroad diagram for a ::= grammar production, image-only grammar	missing
img-03460	C	rule-railroad-bnf	railroad diagram for a ::= grammar production, image-only grammar	missing
img-03461	C	rule-railroad-bnf	railroad diagram for a ::= grammar production, image-only grammar	missing
img-03462	C	rule-railroad-bnf	railroad diagram for a ::= grammar production, image-only grammar	missing
img-03463	C	rule-railroad-bnf	railroad diagram for a ::= grammar production, image-only grammar	missing
img-03464	C	rule-railroad-synhead	railroad diagram directly under a Syntax heading, image-only grammar	missing
img-03465	C	rule-railroad-synhead	railroad diagram directly under a Syntax heading, image-only grammar	missing
img-03466	C	rule-railroad-synhead	railroad diagram directly under a Syntax heading, image-only grammar	missing
img-03467	C	rule-railroad-synsection	railroad diagram in a Syntax section, image-only grammar	missing
img-03468	C	rule-railroad-synsection	railroad diagram in a Syntax section, image-only grammar	missing
img-03469	C	rule-railroad-synhead	railroad diagram directly under a Syntax heading, image-only grammar	missing
img-03470	C	rule-railroad-synsection	railroad diagram in a Syntax section, image-only grammar	missing
img-03471	B	rule-residual-conceptual	conceptual/architecture diagram, screenshot or illustration redundant with prose	missing
img-03472	C	rule-railroad-synhead	railroad diagram directly under a Syntax heading, image-only grammar	missing
img-03473	C	rule-railroad-synhead	railroad diagram directly under a Syntax heading, image-only grammar	missing
img-03474	C	rule-railroad-synhead	railroad diagram directly under a Syntax heading, image-only grammar	missing
img-03475	C	rule-railroad-synhead	railroad diagram directly under a Syntax heading, image-only grammar	missing
img-03476	C	rule-railroad-synhead	railroad diagram directly under a Syntax heading, image-only grammar	missing
img-03477	C	rule-railroad-synhead	railroad diagram directly under a Syntax heading, image-only grammar	missing
img-03478	C	rule-railroad-synhead	railroad diagram directly under a Syntax heading, image-only grammar	missing
img-03479	C	rule-railroad-synhead	railroad diagram directly under a Syntax heading, image-only grammar	missing
img-03480	C	rule-railroad-synhead	railroad diagram directly under a Syntax heading, image-only grammar	missing
img-03481	C	rule-railroad-synhead	railroad diagram directly under a Syntax heading, image-only grammar	missing
img-03482	C	rule-railroad-synhead	railroad diagram directly under a Syntax heading, image-only grammar	missing
img-03483	C	rule-railroad-synhead	railroad diagram directly under a Syntax heading, image-only grammar	missing
img-03484	C	rule-railroad-synhead	railroad diagram directly under a Syntax heading, image-only grammar	missing
img-03485	C	rule-railroad-synhead	railroad diagram directly under a Syntax heading, image-only grammar	missing
img-03486	C	rule-railroad-synhead	railroad diagram directly under a Syntax heading, image-only grammar	missing
img-03487	C	rule-railroad-synhead	railroad diagram directly under a Syntax heading, image-only grammar	missing
img-03488	C	rule-railroad-synhead	railroad diagram directly under a Syntax heading, image-only grammar	missing
img-03489	C	rule-railroad-synhead	railroad diagram directly under a Syntax heading, image-only grammar	missing
img-03490	C	rule-railroad-synhead	railroad diagram directly under a Syntax heading, image-only grammar	missing
img-03491	C	rule-railroad-synhead	railroad diagram directly under a Syntax heading, image-only grammar	missing
img-03492	C	rule-railroad-synsection	railroad diagram in a Syntax section, image-only grammar	missing
img-03493	C	rule-railroad-synhead	railroad diagram directly under a Syntax heading, image-only grammar	missing
img-03494	C	rule-railroad-synhead	railroad diagram directly under a Syntax heading, image-only grammar	missing
img-03495	B	rule-residual-conceptual	conceptual/architecture diagram, screenshot or illustration redundant with prose	missing
img-03496	C	rule-railroad-synhead	railroad diagram directly under a Syntax heading, image-only grammar	missing
img-03497	C	rule-railroad-synhead	railroad diagram directly under a Syntax heading, image-only grammar	missing
img-03498	B	rule-residual-conceptual	conceptual/architecture diagram, screenshot or illustration redundant with prose	missing
img-03499	C	rule-railroad-synhead	railroad diagram directly under a Syntax heading, image-only grammar	missing
img-03500	C	rule-railroad-synhead	railroad diagram directly under a Syntax heading, image-only grammar	missing
img-03501	B	rule-cover	cover-page logo, carries no recoverable text	yes
img-03502	B	rule-table-cell	symbol/icon in a table cell, explained by the adjacent cell	yes
img-03503	B	rule-table-cell	symbol/icon in a table cell, explained by the adjacent cell	yes
img-03504	B	rule-table-cell	symbol/icon in a table cell, explained by the adjacent cell	yes
img-03505	B	rule-table-cell	symbol/icon in a table cell, explained by the adjacent cell	yes
img-03506	B	rule-table-cell	symbol/icon in a table cell, explained by the adjacent cell	yes
img-03507	B	rule-table-cell	symbol/icon in a table cell, explained by the adjacent cell	yes
img-03508	B	rule-table-cell	symbol/icon in a table cell, explained by the adjacent cell	yes
img-03509	B	rule-table-cell	symbol/icon in a table cell, explained by the adjacent cell	yes
img-03510	B	rule-table-cell	symbol/icon in a table cell, explained by the adjacent cell	yes
img-03511	B	rule-residual-conceptual	conceptual/architecture diagram, screenshot or illustration redundant with prose	yes
img-03512	B	rule-residual-conceptual	conceptual/architecture diagram, screenshot or illustration redundant with prose	yes
img-03513	B	rule-residual-conceptual	conceptual/architecture diagram, screenshot or illustration redundant with prose	yes
img-03514	B	rule-residual-conceptual	conceptual/architecture diagram, screenshot or illustration redundant with prose	yes
img-03515	B	rule-residual-conceptual	conceptual/architecture diagram, screenshot or illustration redundant with prose	yes
img-03516	B	rule-residual-conceptual	conceptual/architecture diagram, screenshot or illustration redundant with prose	yes
img-03517	B	rule-residual-conceptual	conceptual/architecture diagram, screenshot or illustration redundant with prose	yes
img-03518	B	rule-residual-conceptual	conceptual/architecture diagram, screenshot or illustration redundant with prose	yes
img-03519	B	rule-residual-conceptual	conceptual/architecture diagram, screenshot or illustration redundant with prose	yes
img-03520	B	rule-residual-conceptual	conceptual/architecture diagram, screenshot or illustration redundant with prose	yes
img-03521	B	rule-residual-conceptual	conceptual/architecture diagram, screenshot or illustration redundant with prose	yes
img-03522	B	rule-cover	cover-page logo, carries no recoverable text	yes
img-03523	B	rule-table-cell	symbol/icon in a table cell, explained by the adjacent cell	yes
img-03524	B	rule-table-cell	symbol/icon in a table cell, explained by the adjacent cell	yes
img-03525	B	rule-table-cell	symbol/icon in a table cell, explained by the adjacent cell	yes
img-03526	B	rule-table-cell	symbol/icon in a table cell, explained by the adjacent cell	yes
img-03527	B	rule-table-cell	symbol/icon in a table cell, explained by the adjacent cell	yes
img-03528	B	rule-table-cell	symbol/icon in a table cell, explained by the adjacent cell	yes
img-03529	B	rule-table-cell	symbol/icon in a table cell, explained by the adjacent cell	yes
img-03530	B	rule-table-cell	symbol/icon in a table cell, explained by the adjacent cell	yes
img-03531	B	rule-table-cell	symbol/icon in a table cell, explained by the adjacent cell	yes
img-03532	B	rule-residual-conceptual	conceptual/architecture diagram, screenshot or illustration redundant with prose	yes
img-03533	B	rule-residual-conceptual	conceptual/architecture diagram, screenshot or illustration redundant with prose	yes
img-03534	B	rule-residual-conceptual	conceptual/architecture diagram, screenshot or illustration redundant with prose	yes
img-03535	B	rule-cover	cover-page logo, carries no recoverable text	yes
img-03536	B	rule-table-cell	symbol/icon in a table cell, explained by the adjacent cell	yes
img-03537	B	rule-table-cell	symbol/icon in a table cell, explained by the adjacent cell	yes
img-03538	B	rule-table-cell	symbol/icon in a table cell, explained by the adjacent cell	yes
img-03539	B	rule-table-cell	symbol/icon in a table cell, explained by the adjacent cell	yes
img-03540	B	rule-table-cell	symbol/icon in a table cell, explained by the adjacent cell	yes
img-03541	B	rule-table-cell	symbol/icon in a table cell, explained by the adjacent cell	yes
img-03542	B	rule-table-cell	symbol/icon in a table cell, explained by the adjacent cell	yes
img-03543	B	rule-table-cell	symbol/icon in a table cell, explained by the adjacent cell	yes
img-03544	B	rule-table-cell	symbol/icon in a table cell, explained by the adjacent cell	yes
img-03545	B	rule-residual-conceptual	conceptual/architecture diagram, screenshot or illustration redundant with prose	yes
img-03546	B	rule-residual-conceptual	conceptual/architecture diagram, screenshot or illustration redundant with prose	yes
img-03547	B	rule-residual-conceptual	conceptual/architecture diagram, screenshot or illustration redundant with prose	yes
img-03548	B	rule-residual-conceptual	conceptual/architecture diagram, screenshot or illustration redundant with prose	yes
img-03549	B	rule-cover	cover-page logo, carries no recoverable text	yes
img-03550	B	rule-table-cell	symbol/icon in a table cell, explained by the adjacent cell	yes
img-03551	B	rule-table-cell	symbol/icon in a table cell, explained by the adjacent cell	yes
img-03552	B	rule-table-cell	symbol/icon in a table cell, explained by the adjacent cell	yes
img-03553	B	rule-table-cell	symbol/icon in a table cell, explained by the adjacent cell	yes
img-03554	B	rule-table-cell	symbol/icon in a table cell, explained by the adjacent cell	yes
img-03555	B	rule-table-cell	symbol/icon in a table cell, explained by the adjacent cell	yes
img-03556	B	rule-table-cell	symbol/icon in a table cell, explained by the adjacent cell	yes
img-03557	B	rule-table-cell	symbol/icon in a table cell, explained by the adjacent cell	yes
img-03558	B	rule-table-cell	symbol/icon in a table cell, explained by the adjacent cell	yes
img-03559	B	rule-residual-conceptual	conceptual/architecture diagram, screenshot or illustration redundant with prose	yes
img-03560	B	rule-residual-conceptual	conceptual/architecture diagram, screenshot or illustration redundant with prose	yes
img-03561	B	rule-residual-conceptual	conceptual/architecture diagram, screenshot or illustration redundant with prose	yes
img-03562	B	rule-residual-conceptual	conceptual/architecture diagram, screenshot or illustration redundant with prose	yes
img-03563	B	rule-residual-conceptual	conceptual/architecture diagram, screenshot or illustration redundant with prose	yes
img-03564	B	rule-residual-conceptual	conceptual/architecture diagram, screenshot or illustration redundant with prose	yes
img-03565	B	rule-residual-conceptual	conceptual/architecture diagram, screenshot or illustration redundant with prose	yes
img-03566	B	rule-residual-conceptual	conceptual/architecture diagram, screenshot or illustration redundant with prose	yes
img-03567	B	rule-residual-conceptual	conceptual/architecture diagram, screenshot or illustration redundant with prose	yes
img-03568	B	rule-residual-conceptual	conceptual/architecture diagram, screenshot or illustration redundant with prose	yes
img-03569	B	rule-residual-conceptual	conceptual/architecture diagram, screenshot or illustration redundant with prose	yes
img-03570	B	rule-residual-conceptual	conceptual/architecture diagram, screenshot or illustration redundant with prose	yes
img-03571	B	rule-residual-conceptual	conceptual/architecture diagram, screenshot or illustration redundant with prose	yes
img-03572	B	rule-residual-conceptual	conceptual/architecture diagram, screenshot or illustration redundant with prose	yes
img-03573	B	rule-residual-conceptual	conceptual/architecture diagram, screenshot or illustration redundant with prose	yes
img-03574	B	rule-residual-conceptual	conceptual/architecture diagram, screenshot or illustration redundant with prose	yes
img-03575	B	rule-residual-conceptual	conceptual/architecture diagram, screenshot or illustration redundant with prose	yes
img-03576	B	rule-residual-conceptual	conceptual/architecture diagram, screenshot or illustration redundant with prose	yes
img-03577	B	rule-residual-conceptual	conceptual/architecture diagram, screenshot or illustration redundant with prose	yes
img-03578	B	rule-residual-conceptual	conceptual/architecture diagram, screenshot or illustration redundant with prose	yes
img-03579	B	rule-residual-conceptual	conceptual/architecture diagram, screenshot or illustration redundant with prose	yes
img-03580	B	rule-residual-conceptual	conceptual/architecture diagram, screenshot or illustration redundant with prose	yes
img-03581	B	rule-residual-conceptual	conceptual/architecture diagram, screenshot or illustration redundant with prose	yes
img-03582	B	rule-residual-conceptual	conceptual/architecture diagram, screenshot or illustration redundant with prose	yes
img-03583	B	rule-residual-conceptual	conceptual/architecture diagram, screenshot or illustration redundant with prose	yes
img-03584	B	rule-residual-conceptual	conceptual/architecture diagram, screenshot or illustration redundant with prose	yes
img-03585	B	rule-residual-conceptual	conceptual/architecture diagram, screenshot or illustration redundant with prose	yes
img-03586	B	rule-residual-conceptual	conceptual/architecture diagram, screenshot or illustration redundant with prose	yes
img-03587	B	rule-residual-conceptual	conceptual/architecture diagram, screenshot or illustration redundant with prose	yes
img-03588	E	vision	decision flowchart: index-type classification by YES/No decision diamonds	yes
img-03589	B	rule-residual-conceptual	conceptual/architecture diagram, screenshot or illustration redundant with prose	yes
img-03590	B	rule-residual-conceptual	conceptual/architecture diagram, screenshot or illustration redundant with prose	yes
img-03591	B	rule-residual-conceptual	conceptual/architecture diagram, screenshot or illustration redundant with prose	yes
img-03592	B	rule-residual-conceptual	conceptual/architecture diagram, screenshot or illustration redundant with prose	yes
img-03593	B	rule-residual-conceptual	conceptual/architecture diagram, screenshot or illustration redundant with prose	yes
img-03594	B	rule-residual-conceptual	conceptual/architecture diagram, screenshot or illustration redundant with prose	yes
img-03595	B	rule-residual-conceptual	conceptual/architecture diagram, screenshot or illustration redundant with prose	yes
img-03596	B	rule-residual-conceptual	conceptual/architecture diagram, screenshot or illustration redundant with prose	yes
img-03597	B	rule-residual-conceptual	conceptual/architecture diagram, screenshot or illustration redundant with prose	yes
img-03598	B	rule-residual-conceptual	conceptual/architecture diagram, screenshot or illustration redundant with prose	yes
img-03599	B	rule-residual-conceptual	conceptual/architecture diagram, screenshot or illustration redundant with prose	yes
img-03600	B	rule-residual-conceptual	conceptual/architecture diagram, screenshot or illustration redundant with prose	yes
img-03601	B	rule-residual-conceptual	conceptual/architecture diagram, screenshot or illustration redundant with prose	yes
img-03602	B	rule-residual-conceptual	conceptual/architecture diagram, screenshot or illustration redundant with prose	yes
img-03603	B	rule-residual-conceptual	conceptual/architecture diagram, screenshot or illustration redundant with prose	yes
img-03604	B	rule-residual-conceptual	conceptual/architecture diagram, screenshot or illustration redundant with prose	yes
img-03605	B	rule-residual-conceptual	conceptual/architecture diagram, screenshot or illustration redundant with prose	yes
img-03606	B	rule-residual-conceptual	conceptual/architecture diagram, screenshot or illustration redundant with prose	yes
img-03607	B	rule-residual-conceptual	conceptual/architecture diagram, screenshot or illustration redundant with prose	yes
img-03608	B	rule-residual-conceptual	conceptual/architecture diagram, screenshot or illustration redundant with prose	yes
img-03609	B	rule-residual-conceptual	conceptual/architecture diagram, screenshot or illustration redundant with prose	yes
img-03610	B	rule-residual-conceptual	conceptual/architecture diagram, screenshot or illustration redundant with prose	yes
img-03611	B	rule-residual-conceptual	conceptual/architecture diagram, screenshot or illustration redundant with prose	yes
img-03612	B	rule-residual-conceptual	conceptual/architecture diagram, screenshot or illustration redundant with prose	yes
img-03613	B	rule-residual-conceptual	conceptual/architecture diagram, screenshot or illustration redundant with prose	yes
img-03614	B	rule-residual-conceptual	conceptual/architecture diagram, screenshot or illustration redundant with prose	yes
img-03615	B	rule-residual-conceptual	conceptual/architecture diagram, screenshot or illustration redundant with prose	yes
img-03616	B	rule-residual-conceptual	conceptual/architecture diagram, screenshot or illustration redundant with prose	yes
img-03617	B	rule-residual-conceptual	conceptual/architecture diagram, screenshot or illustration redundant with prose	yes
img-03618	B	rule-residual-conceptual	conceptual/architecture diagram, screenshot or illustration redundant with prose	yes
img-03619	B	rule-residual-conceptual	conceptual/architecture diagram, screenshot or illustration redundant with prose	yes
img-03620	B	rule-residual-conceptual	conceptual/architecture diagram, screenshot or illustration redundant with prose	yes
img-03621	B	rule-residual-conceptual	conceptual/architecture diagram, screenshot or illustration redundant with prose	yes
img-03622	B	rule-residual-conceptual	conceptual/architecture diagram, screenshot or illustration redundant with prose	yes
img-03623	B	rule-residual-conceptual	conceptual/architecture diagram, screenshot or illustration redundant with prose	yes
img-03624	B	rule-residual-conceptual	conceptual/architecture diagram, screenshot or illustration redundant with prose	yes
img-03625	E	vision	process flowchart: troubleshooting procedure (check log -> judge -> collect -> analyse)	yes
img-03626	B	rule-cover	cover-page logo, carries no recoverable text	yes
img-03627	B	rule-table-cell	symbol/icon in a table cell, explained by the adjacent cell	yes
img-03628	B	rule-table-cell	symbol/icon in a table cell, explained by the adjacent cell	yes
img-03629	B	rule-table-cell	symbol/icon in a table cell, explained by the adjacent cell	yes
img-03630	B	rule-table-cell	symbol/icon in a table cell, explained by the adjacent cell	yes
img-03631	B	rule-table-cell	symbol/icon in a table cell, explained by the adjacent cell	yes
img-03632	B	rule-table-cell	symbol/icon in a table cell, explained by the adjacent cell	yes
img-03633	B	rule-table-cell	symbol/icon in a table cell, explained by the adjacent cell	yes
img-03634	B	rule-table-cell	symbol/icon in a table cell, explained by the adjacent cell	yes
img-03635	B	rule-table-cell	symbol/icon in a table cell, explained by the adjacent cell	yes
img-03636	B	rule-residual-conceptual	conceptual/architecture diagram, screenshot or illustration redundant with prose	yes
img-03637	B	rule-residual-conceptual	conceptual/architecture diagram, screenshot or illustration redundant with prose	yes
img-03638	B	rule-residual-conceptual	conceptual/architecture diagram, screenshot or illustration redundant with prose	yes
img-03639	B	rule-residual-conceptual	conceptual/architecture diagram, screenshot or illustration redundant with prose	yes
img-03640	B	rule-cover	cover-page logo, carries no recoverable text	yes
img-03641	B	rule-cover	cover-page logo, carries no recoverable text	yes
img-03642	B	rule-table-cell	symbol/icon in a table cell, explained by the adjacent cell	yes
img-03643	B	rule-table-cell	symbol/icon in a table cell, explained by the adjacent cell	yes
img-03644	B	rule-table-cell	symbol/icon in a table cell, explained by the adjacent cell	yes
img-03645	B	rule-table-cell	symbol/icon in a table cell, explained by the adjacent cell	yes
img-03646	B	rule-table-cell	symbol/icon in a table cell, explained by the adjacent cell	yes
img-03647	B	rule-table-cell	symbol/icon in a table cell, explained by the adjacent cell	yes
img-03648	B	rule-table-cell	symbol/icon in a table cell, explained by the adjacent cell	yes
img-03649	B	rule-table-cell	symbol/icon in a table cell, explained by the adjacent cell	yes
img-03650	B	rule-table-cell	symbol/icon in a table cell, explained by the adjacent cell	yes
img-03651	B	rule-residual-conceptual	conceptual/architecture diagram, screenshot or illustration redundant with prose	yes
img-03652	B	rule-residual-conceptual	conceptual/architecture diagram, screenshot or illustration redundant with prose	yes
img-03653	B	rule-residual-conceptual	conceptual/architecture diagram, screenshot or illustration redundant with prose	yes
img-03654	B	rule-residual-conceptual	conceptual/architecture diagram, screenshot or illustration redundant with prose	yes
img-03655	B	rule-residual-conceptual	conceptual/architecture diagram, screenshot or illustration redundant with prose	yes
img-03656	B	rule-residual-conceptual	conceptual/architecture diagram, screenshot or illustration redundant with prose	yes
img-03657	B	rule-residual-conceptual	conceptual/architecture diagram, screenshot or illustration redundant with prose	yes
img-03658	B	rule-residual-conceptual	conceptual/architecture diagram, screenshot or illustration redundant with prose	yes
img-03659	B	rule-residual-conceptual	conceptual/architecture diagram, screenshot or illustration redundant with prose	yes
img-03660	B	rule-residual-conceptual	conceptual/architecture diagram, screenshot or illustration redundant with prose	yes
img-03661	B	rule-residual-conceptual	conceptual/architecture diagram, screenshot or illustration redundant with prose	yes
img-03662	B	rule-residual-conceptual	conceptual/architecture diagram, screenshot or illustration redundant with prose	yes
img-03663	B	rule-residual-conceptual	conceptual/architecture diagram, screenshot or illustration redundant with prose	yes
img-03664	B	rule-residual-conceptual	conceptual/architecture diagram, screenshot or illustration redundant with prose	yes
img-03665	B	rule-residual-conceptual	conceptual/architecture diagram, screenshot or illustration redundant with prose	yes
img-03666	B	rule-residual-conceptual	conceptual/architecture diagram, screenshot or illustration redundant with prose	yes
img-03667	B	rule-residual-conceptual	conceptual/architecture diagram, screenshot or illustration redundant with prose	yes
img-03668	B	rule-cover	cover-page logo, carries no recoverable text	yes
img-03669	B	rule-table-cell	symbol/icon in a table cell, explained by the adjacent cell	yes
img-03670	B	rule-table-cell	symbol/icon in a table cell, explained by the adjacent cell	yes
img-03671	B	rule-table-cell	symbol/icon in a table cell, explained by the adjacent cell	yes
img-03672	B	rule-table-cell	symbol/icon in a table cell, explained by the adjacent cell	yes
img-03673	B	rule-table-cell	symbol/icon in a table cell, explained by the adjacent cell	yes
img-03674	B	rule-table-cell	symbol/icon in a table cell, explained by the adjacent cell	yes
img-03675	B	rule-table-cell	symbol/icon in a table cell, explained by the adjacent cell	yes
img-03676	B	rule-table-cell	symbol/icon in a table cell, explained by the adjacent cell	yes
img-03677	B	rule-table-cell	symbol/icon in a table cell, explained by the adjacent cell	yes
img-03678	B	rule-residual-conceptual	conceptual/architecture diagram, screenshot or illustration redundant with prose	yes
img-03679	B	rule-residual-conceptual	conceptual/architecture diagram, screenshot or illustration redundant with prose	yes
img-03680	B	rule-residual-conceptual	conceptual/architecture diagram, screenshot or illustration redundant with prose	yes
img-03681	B	rule-residual-conceptual	conceptual/architecture diagram, screenshot or illustration redundant with prose	yes
img-03682	C	rule-railroad-bnf	railroad diagram for a ::= grammar production, image-only grammar	yes
img-03683	C	rule-railroad-bnf	railroad diagram for a ::= grammar production, image-only grammar	yes
img-03684	C	rule-railroad-bnf	railroad diagram for a ::= grammar production, image-only grammar	yes
img-03685	C	rule-railroad-bnf	railroad diagram for a ::= grammar production, image-only grammar	yes
img-03686	B	rule-cover	cover-page logo, carries no recoverable text	yes
img-03687	B	rule-cover	cover-page logo, carries no recoverable text	yes
img-03688	B	rule-table-cell	symbol/icon in a table cell, explained by the adjacent cell	yes
img-03689	B	rule-table-cell	symbol/icon in a table cell, explained by the adjacent cell	yes
img-03690	B	rule-table-cell	symbol/icon in a table cell, explained by the adjacent cell	yes
img-03691	B	rule-table-cell	symbol/icon in a table cell, explained by the adjacent cell	yes
img-03692	B	rule-table-cell	symbol/icon in a table cell, explained by the adjacent cell	yes
img-03693	B	rule-table-cell	symbol/icon in a table cell, explained by the adjacent cell	yes
img-03694	B	rule-table-cell	symbol/icon in a table cell, explained by the adjacent cell	yes
img-03695	B	rule-table-cell	symbol/icon in a table cell, explained by the adjacent cell	yes
img-03696	B	rule-table-cell	symbol/icon in a table cell, explained by the adjacent cell	yes
img-03697	B	rule-residual-conceptual	conceptual/architecture diagram, screenshot or illustration redundant with prose	yes
img-03698	C	rule-railroad-synhead	railroad diagram directly under a Syntax heading, image-only grammar	yes
img-03699	C	rule-railroad-synhead	railroad diagram directly under a Syntax heading, image-only grammar	yes
img-03700	C	rule-railroad-synhead	railroad diagram directly under a Syntax heading, image-only grammar	yes
img-03701	C	rule-railroad-bnf	railroad diagram for a ::= grammar production, image-only grammar	yes
img-03702	C	rule-railroad-bnf	railroad diagram for a ::= grammar production, image-only grammar	yes
img-03703	C	rule-railroad-bnf	railroad diagram for a ::= grammar production, image-only grammar	yes
img-03704	C	rule-railroad-bnf	railroad diagram for a ::= grammar production, image-only grammar	yes
img-03705	C	rule-railroad-bnf	railroad diagram for a ::= grammar production, image-only grammar	yes
img-03706	C	rule-railroad-bnf	railroad diagram for a ::= grammar production, image-only grammar	yes
img-03707	C	rule-railroad-synhead	railroad diagram directly under a Syntax heading, image-only grammar	yes
img-03708	C	rule-railroad-bnf	railroad diagram for a ::= grammar production, image-only grammar	yes
img-03709	C	rule-railroad-bnf	railroad diagram for a ::= grammar production, image-only grammar	yes
img-03710	C	rule-railroad-bnf	railroad diagram for a ::= grammar production, image-only grammar	yes
img-03711	C	rule-railroad-bnf	railroad diagram for a ::= grammar production, image-only grammar	yes
img-03712	C	rule-railroad-bnf	railroad diagram for a ::= grammar production, image-only grammar	yes
img-03713	C	rule-railroad-bnf	railroad diagram for a ::= grammar production, image-only grammar	yes
img-03714	C	rule-railroad-synhead	railroad diagram directly under a Syntax heading, image-only grammar	yes
img-03715	C	rule-railroad-bnf	railroad diagram for a ::= grammar production, image-only grammar	yes
img-03716	C	rule-railroad-bnf	railroad diagram for a ::= grammar production, image-only grammar	yes
img-03717	C	rule-railroad-bnf	railroad diagram for a ::= grammar production, image-only grammar	yes
img-03718	B	rule-cover	cover-page logo, carries no recoverable text	yes
img-03719	B	rule-table-cell	symbol/icon in a table cell, explained by the adjacent cell	yes
img-03720	B	rule-table-cell	symbol/icon in a table cell, explained by the adjacent cell	yes
img-03721	B	rule-table-cell	symbol/icon in a table cell, explained by the adjacent cell	yes
img-03722	B	rule-table-cell	symbol/icon in a table cell, explained by the adjacent cell	yes
img-03723	B	rule-table-cell	symbol/icon in a table cell, explained by the adjacent cell	yes
img-03724	B	rule-table-cell	symbol/icon in a table cell, explained by the adjacent cell	yes
img-03725	B	rule-table-cell	symbol/icon in a table cell, explained by the adjacent cell	yes
img-03726	B	rule-table-cell	symbol/icon in a table cell, explained by the adjacent cell	yes
img-03727	B	rule-table-cell	symbol/icon in a table cell, explained by the adjacent cell	yes
img-03728	A	rule-syntax-textblock	syntax diagram redundant with the adjacent text Syntax block	yes
img-03729	A	rule-syntax-textblock	syntax diagram redundant with the adjacent text Syntax block	yes
img-03730	A	rule-syntax-textblock	syntax diagram redundant with the adjacent text Syntax block	yes
img-03731	A	rule-syntax-textblock	syntax diagram redundant with the adjacent text Syntax block	yes
img-03732	A	rule-syntax-textblock	syntax diagram redundant with the adjacent text Syntax block	yes
img-03733	A	rule-syntax-textblock	syntax diagram redundant with the adjacent text Syntax block	yes
img-03734	A	rule-syntax-textblock	syntax diagram redundant with the adjacent text Syntax block	yes
img-03735	A	rule-syntax-textblock	syntax diagram redundant with the adjacent text Syntax block	yes
img-03736	A	rule-syntax-textblock	syntax diagram redundant with the adjacent text Syntax block	yes
img-03737	A	rule-syntax-textblock	syntax diagram redundant with the adjacent text Syntax block	yes
img-03738	A	rule-syntax-textblock	syntax diagram redundant with the adjacent text Syntax block	yes
img-03739	A	rule-syntax-textblock	syntax diagram redundant with the adjacent text Syntax block	yes
img-03740	A	rule-syntax-textblock	syntax diagram redundant with the adjacent text Syntax block	yes
img-03741	A	rule-syntax-textblock	syntax diagram redundant with the adjacent text Syntax block	yes
img-03742	A	rule-syntax-textblock	syntax diagram redundant with the adjacent text Syntax block	yes
img-03743	A	rule-syntax-textblock	syntax diagram redundant with the adjacent text Syntax block	yes
img-03744	A	rule-syntax-textblock	syntax diagram redundant with the adjacent text Syntax block	yes
img-03745	A	rule-syntax-textblock	syntax diagram redundant with the adjacent text Syntax block	yes
img-03746	A	rule-syntax-textblock	syntax diagram redundant with the adjacent text Syntax block	yes
img-03747	A	rule-syntax-textblock	syntax diagram redundant with the adjacent text Syntax block	yes
img-03748	A	rule-syntax-textblock	syntax diagram redundant with the adjacent text Syntax block	yes
img-03749	B	rule-residual-conceptual	conceptual/architecture diagram, screenshot or illustration redundant with prose	yes
img-03750	A	rule-syntax-textblock	syntax diagram redundant with the adjacent text Syntax block	yes
img-03751	A	rule-syntax-textblock	syntax diagram redundant with the adjacent text Syntax block	yes
img-03752	A	rule-syntax-textblock	syntax diagram redundant with the adjacent text Syntax block	yes
img-03753	A	rule-syntax-textblock	syntax diagram redundant with the adjacent text Syntax block	yes
img-03754	A	rule-syntax-textblock	syntax diagram redundant with the adjacent text Syntax block	yes
img-03755	A	rule-syntax-textblock	syntax diagram redundant with the adjacent text Syntax block	yes
img-03756	A	rule-syntax-textblock	syntax diagram redundant with the adjacent text Syntax block	yes
img-03757	A	rule-syntax-textblock	syntax diagram redundant with the adjacent text Syntax block	yes
img-03758	A	rule-syntax-textblock	syntax diagram redundant with the adjacent text Syntax block	yes
img-03759	A	rule-syntax-textblock	syntax diagram redundant with the adjacent text Syntax block	yes
img-03760	A	rule-syntax-textblock	syntax diagram redundant with the adjacent text Syntax block	yes
img-03761	A	rule-syntax-textblock	syntax diagram redundant with the adjacent text Syntax block	yes
img-03762	A	rule-syntax-textblock	syntax diagram redundant with the adjacent text Syntax block	yes
img-03763	A	rule-syntax-textblock	syntax diagram redundant with the adjacent text Syntax block	yes
img-03764	A	rule-syntax-textblock	syntax diagram redundant with the adjacent text Syntax block	yes
img-03765	A	rule-syntax-textblock	syntax diagram redundant with the adjacent text Syntax block	yes
img-03766	A	rule-syntax-textblock	syntax diagram redundant with the adjacent text Syntax block	yes
img-03767	B	rule-cover	cover-page logo, carries no recoverable text	yes
img-03768	B	rule-table-cell	symbol/icon in a table cell, explained by the adjacent cell	yes
img-03769	B	rule-table-cell	symbol/icon in a table cell, explained by the adjacent cell	yes
img-03770	B	rule-table-cell	symbol/icon in a table cell, explained by the adjacent cell	yes
img-03771	B	rule-table-cell	symbol/icon in a table cell, explained by the adjacent cell	yes
img-03772	B	rule-table-cell	symbol/icon in a table cell, explained by the adjacent cell	yes
img-03773	B	rule-table-cell	symbol/icon in a table cell, explained by the adjacent cell	yes
img-03774	B	rule-table-cell	symbol/icon in a table cell, explained by the adjacent cell	yes
img-03775	B	rule-table-cell	symbol/icon in a table cell, explained by the adjacent cell	yes
img-03776	B	rule-table-cell	symbol/icon in a table cell, explained by the adjacent cell	yes
img-03777	B	rule-residual-conceptual	conceptual/architecture diagram, screenshot or illustration redundant with prose	yes
img-03778	B	rule-cover	cover-page logo, carries no recoverable text	yes
img-03779	B	rule-table-cell	symbol/icon in a table cell, explained by the adjacent cell	yes
img-03780	B	rule-table-cell	symbol/icon in a table cell, explained by the adjacent cell	yes
img-03781	B	rule-table-cell	symbol/icon in a table cell, explained by the adjacent cell	yes
img-03782	B	rule-table-cell	symbol/icon in a table cell, explained by the adjacent cell	yes
img-03783	B	rule-table-cell	symbol/icon in a table cell, explained by the adjacent cell	yes
img-03784	B	rule-table-cell	symbol/icon in a table cell, explained by the adjacent cell	yes
img-03785	B	rule-table-cell	symbol/icon in a table cell, explained by the adjacent cell	yes
img-03786	B	rule-table-cell	symbol/icon in a table cell, explained by the adjacent cell	yes
img-03787	B	rule-table-cell	symbol/icon in a table cell, explained by the adjacent cell	yes
img-03788	B	rule-residual-conceptual	conceptual/architecture diagram, screenshot or illustration redundant with prose	yes
img-03789	B	rule-residual-conceptual	conceptual/architecture diagram, screenshot or illustration redundant with prose	yes
img-03790	B	rule-residual-conceptual	conceptual/architecture diagram, screenshot or illustration redundant with prose	yes
img-03791	B	rule-cover	cover-page logo, carries no recoverable text	yes
img-03792	B	rule-cover	cover-page logo, carries no recoverable text	yes
img-03793	B	rule-residual-conceptual	conceptual/architecture diagram, screenshot or illustration redundant with prose	yes
img-03794	B	rule-residual-conceptual	conceptual/architecture diagram, screenshot or illustration redundant with prose	yes
img-03795	B	rule-residual-conceptual	conceptual/architecture diagram, screenshot or illustration redundant with prose	yes
img-03796	B	rule-residual-conceptual	conceptual/architecture diagram, screenshot or illustration redundant with prose	yes
img-03797	B	rule-residual-conceptual	conceptual/architecture diagram, screenshot or illustration redundant with prose	yes
img-03798	B	rule-residual-conceptual	conceptual/architecture diagram, screenshot or illustration redundant with prose	yes
img-03799	B	rule-residual-conceptual	conceptual/architecture diagram, screenshot or illustration redundant with prose	yes
img-03800	B	rule-residual-conceptual	conceptual/architecture diagram, screenshot or illustration redundant with prose	yes
img-03801	B	rule-residual-conceptual	conceptual/architecture diagram, screenshot or illustration redundant with prose	yes
img-03802	B	rule-residual-conceptual	conceptual/architecture diagram, screenshot or illustration redundant with prose	yes
img-03803	B	rule-residual-conceptual	conceptual/architecture diagram, screenshot or illustration redundant with prose	yes
img-03804	B	rule-residual-conceptual	conceptual/architecture diagram, screenshot or illustration redundant with prose	yes
img-03805	B	rule-residual-conceptual	conceptual/architecture diagram, screenshot or illustration redundant with prose	yes
img-03806	B	rule-residual-conceptual	conceptual/architecture diagram, screenshot or illustration redundant with prose	yes
img-03807	B	rule-residual-conceptual	conceptual/architecture diagram, screenshot or illustration redundant with prose	yes
img-03808	B	rule-residual-conceptual	conceptual/architecture diagram, screenshot or illustration redundant with prose	yes
img-03809	B	rule-residual-conceptual	conceptual/architecture diagram, screenshot or illustration redundant with prose	yes
img-03810	B	rule-residual-conceptual	conceptual/architecture diagram, screenshot or illustration redundant with prose	yes
img-03811	B	rule-residual-conceptual	conceptual/architecture diagram, screenshot or illustration redundant with prose	yes
img-03812	B	rule-residual-conceptual	conceptual/architecture diagram, screenshot or illustration redundant with prose	yes
img-03813	B	rule-residual-conceptual	conceptual/architecture diagram, screenshot or illustration redundant with prose	yes
img-03814	B	rule-residual-conceptual	conceptual/architecture diagram, screenshot or illustration redundant with prose	yes
img-03815	B	rule-residual-conceptual	conceptual/architecture diagram, screenshot or illustration redundant with prose	yes
img-03816	B	rule-residual-conceptual	conceptual/architecture diagram, screenshot or illustration redundant with prose	yes
img-03817	B	rule-residual-conceptual	conceptual/architecture diagram, screenshot or illustration redundant with prose	yes
img-03818	B	rule-residual-conceptual	conceptual/architecture diagram, screenshot or illustration redundant with prose	yes
img-03819	B	rule-residual-conceptual	conceptual/architecture diagram, screenshot or illustration redundant with prose	yes
img-03820	B	rule-residual-conceptual	conceptual/architecture diagram, screenshot or illustration redundant with prose	yes
img-03821	B	rule-residual-conceptual	conceptual/architecture diagram, screenshot or illustration redundant with prose	yes
img-03822	B	rule-residual-conceptual	conceptual/architecture diagram, screenshot or illustration redundant with prose	yes
img-03823	B	rule-residual-conceptual	conceptual/architecture diagram, screenshot or illustration redundant with prose	yes
img-03824	B	rule-residual-conceptual	conceptual/architecture diagram, screenshot or illustration redundant with prose	yes
img-03825	B	rule-residual-conceptual	conceptual/architecture diagram, screenshot or illustration redundant with prose	yes
img-03826	B	rule-residual-conceptual	conceptual/architecture diagram, screenshot or illustration redundant with prose	yes
img-03827	B	rule-residual-conceptual	conceptual/architecture diagram, screenshot or illustration redundant with prose	yes
img-03828	B	rule-residual-conceptual	conceptual/architecture diagram, screenshot or illustration redundant with prose	yes
img-03829	B	rule-cover	cover-page logo, carries no recoverable text	yes
img-03830	B	rule-table-cell	symbol/icon in a table cell, explained by the adjacent cell	yes
img-03831	B	rule-table-cell	symbol/icon in a table cell, explained by the adjacent cell	yes
img-03832	B	rule-table-cell	symbol/icon in a table cell, explained by the adjacent cell	yes
img-03833	B	rule-table-cell	symbol/icon in a table cell, explained by the adjacent cell	yes
img-03834	B	rule-table-cell	symbol/icon in a table cell, explained by the adjacent cell	yes
img-03835	B	rule-table-cell	symbol/icon in a table cell, explained by the adjacent cell	yes
img-03836	B	rule-table-cell	symbol/icon in a table cell, explained by the adjacent cell	yes
img-03837	B	rule-table-cell	symbol/icon in a table cell, explained by the adjacent cell	yes
img-03838	B	rule-table-cell	symbol/icon in a table cell, explained by the adjacent cell	yes
img-03839	B	rule-cover	cover-page logo, carries no recoverable text	yes
img-03840	B	rule-table-cell	symbol/icon in a table cell, explained by the adjacent cell	yes
img-03841	B	rule-table-cell	symbol/icon in a table cell, explained by the adjacent cell	yes
img-03842	B	rule-table-cell	symbol/icon in a table cell, explained by the adjacent cell	yes
img-03843	B	rule-table-cell	symbol/icon in a table cell, explained by the adjacent cell	yes
img-03844	B	rule-table-cell	symbol/icon in a table cell, explained by the adjacent cell	yes
img-03845	B	rule-table-cell	symbol/icon in a table cell, explained by the adjacent cell	yes
img-03846	B	rule-table-cell	symbol/icon in a table cell, explained by the adjacent cell	yes
img-03847	B	rule-table-cell	symbol/icon in a table cell, explained by the adjacent cell	yes
img-03848	B	rule-table-cell	symbol/icon in a table cell, explained by the adjacent cell	yes
img-03849	B	rule-residual-conceptual	conceptual/architecture diagram, screenshot or illustration redundant with prose	yes
img-03850	B	rule-residual-conceptual	conceptual/architecture diagram, screenshot or illustration redundant with prose	yes
img-03851	E	vision	process flowchart with loop: Log Analysis API usage steps STEP1..STEP5	yes
img-03852	B	rule-cover	cover-page logo, carries no recoverable text	yes
img-03853	B	rule-cover	cover-page logo, carries no recoverable text	yes
img-03854	B	rule-residual-conceptual	conceptual/architecture diagram, screenshot or illustration redundant with prose	yes
img-03855	B	rule-residual-conceptual	conceptual/architecture diagram, screenshot or illustration redundant with prose	yes
img-03856	B	rule-residual-conceptual	conceptual/architecture diagram, screenshot or illustration redundant with prose	yes
img-03857	B	rule-cover	cover-page logo, carries no recoverable text	yes
img-03858	B	rule-table-cell	symbol/icon in a table cell, explained by the adjacent cell	yes
img-03859	B	rule-table-cell	symbol/icon in a table cell, explained by the adjacent cell	yes
img-03860	B	rule-table-cell	symbol/icon in a table cell, explained by the adjacent cell	yes
img-03861	B	rule-table-cell	symbol/icon in a table cell, explained by the adjacent cell	yes
img-03862	B	rule-table-cell	symbol/icon in a table cell, explained by the adjacent cell	yes
img-03863	B	rule-table-cell	symbol/icon in a table cell, explained by the adjacent cell	yes
img-03864	B	rule-table-cell	symbol/icon in a table cell, explained by the adjacent cell	yes
img-03865	B	rule-table-cell	symbol/icon in a table cell, explained by the adjacent cell	yes
img-03866	B	rule-table-cell	symbol/icon in a table cell, explained by the adjacent cell	yes
img-03867	E	vision	process flowchart: client/server query-processing pipeline (Parsing-Validation-Optimization-Binding-Execution)	yes
img-03868	E	vision	process flowchart: optimizer pipeline (Query Rewriter -> Logical Plan Generator -> Physical Plan Generator)	yes
img-03869	E	vision	directed conversion graph: data-type conversion paths with G/E/L penalty edges	yes
img-03870	B	rule-residual-conceptual	conceptual/architecture diagram, screenshot or illustration redundant with prose	yes
img-03871	B	rule-residual-conceptual	conceptual/architecture diagram, screenshot or illustration redundant with prose	yes
img-03872	B	rule-residual-conceptual	conceptual/architecture diagram, screenshot or illustration redundant with prose	yes
img-03873	B	rule-residual-conceptual	conceptual/architecture diagram, screenshot or illustration redundant with prose	yes
img-03874	B	rule-residual-conceptual	conceptual/architecture diagram, screenshot or illustration redundant with prose	yes
img-03875	B	rule-residual-conceptual	conceptual/architecture diagram, screenshot or illustration redundant with prose	yes
img-03876	B	rule-residual-conceptual	conceptual/architecture diagram, screenshot or illustration redundant with prose	yes
img-03877	B	rule-residual-conceptual	conceptual/architecture diagram, screenshot or illustration redundant with prose	yes
img-03878	B	rule-residual-conceptual	conceptual/architecture diagram, screenshot or illustration redundant with prose	yes
img-03879	B	rule-residual-conceptual	conceptual/architecture diagram, screenshot or illustration redundant with prose	yes
img-03880	B	rule-residual-conceptual	conceptual/architecture diagram, screenshot or illustration redundant with prose	yes
img-03881	B	rule-residual-conceptual	conceptual/architecture diagram, screenshot or illustration redundant with prose	yes
img-03882	B	rule-residual-conceptual	conceptual/architecture diagram, screenshot or illustration redundant with prose	yes
img-03883	B	rule-residual-conceptual	conceptual/architecture diagram, screenshot or illustration redundant with prose	yes
img-03884	B	rule-residual-conceptual	conceptual/architecture diagram, screenshot or illustration redundant with prose	yes
img-03885	B	rule-residual-conceptual	conceptual/architecture diagram, screenshot or illustration redundant with prose	yes
img-03886	B	rule-residual-conceptual	conceptual/architecture diagram, screenshot or illustration redundant with prose	yes
img-03887	B	rule-residual-conceptual	conceptual/architecture diagram, screenshot or illustration redundant with prose	yes
img-03888	B	rule-residual-conceptual	conceptual/architecture diagram, screenshot or illustration redundant with prose	yes
img-03889	B	rule-residual-conceptual	conceptual/architecture diagram, screenshot or illustration redundant with prose	yes
img-03890	B	rule-residual-conceptual	conceptual/architecture diagram, screenshot or illustration redundant with prose	yes
img-03891	B	rule-residual-conceptual	conceptual/architecture diagram, screenshot or illustration redundant with prose	yes
img-03892	B	rule-residual-conceptual	conceptual/architecture diagram, screenshot or illustration redundant with prose	yes
img-03893	B	rule-residual-conceptual	conceptual/architecture diagram, screenshot or illustration redundant with prose	yes
img-03894	B	rule-residual-conceptual	conceptual/architecture diagram, screenshot or illustration redundant with prose	yes
img-03895	B	rule-residual-conceptual	conceptual/architecture diagram, screenshot or illustration redundant with prose	yes
img-03896	B	rule-residual-conceptual	conceptual/architecture diagram, screenshot or illustration redundant with prose	yes
img-03897	B	rule-residual-conceptual	conceptual/architecture diagram, screenshot or illustration redundant with prose	yes
img-03898	B	rule-residual-conceptual	conceptual/architecture diagram, screenshot or illustration redundant with prose	yes
img-03899	B	rule-residual-conceptual	conceptual/architecture diagram, screenshot or illustration redundant with prose	yes
img-03900	B	rule-residual-conceptual	conceptual/architecture diagram, screenshot or illustration redundant with prose	yes
img-03901	B	rule-residual-conceptual	conceptual/architecture diagram, screenshot or illustration redundant with prose	yes
img-03902	B	rule-residual-conceptual	conceptual/architecture diagram, screenshot or illustration redundant with prose	yes
img-03903	B	rule-residual-conceptual	conceptual/architecture diagram, screenshot or illustration redundant with prose	yes
img-03904	B	rule-residual-conceptual	conceptual/architecture diagram, screenshot or illustration redundant with prose	yes
img-03905	B	rule-residual-conceptual	conceptual/architecture diagram, screenshot or illustration redundant with prose	yes
img-03906	B	rule-residual-conceptual	conceptual/architecture diagram, screenshot or illustration redundant with prose	yes
img-03907	B	rule-residual-conceptual	conceptual/architecture diagram, screenshot or illustration redundant with prose	yes
img-03908	B	rule-residual-conceptual	conceptual/architecture diagram, screenshot or illustration redundant with prose	yes
img-03909	B	rule-residual-conceptual	conceptual/architecture diagram, screenshot or illustration redundant with prose	yes
img-03910	B	rule-residual-conceptual	conceptual/architecture diagram, screenshot or illustration redundant with prose	yes
img-03911	B	rule-residual-conceptual	conceptual/architecture diagram, screenshot or illustration redundant with prose	yes
img-03912	B	rule-residual-conceptual	conceptual/architecture diagram, screenshot or illustration redundant with prose	yes
img-03913	B	rule-residual-conceptual	conceptual/architecture diagram, screenshot or illustration redundant with prose	yes
img-03914	B	rule-residual-conceptual	conceptual/architecture diagram, screenshot or illustration redundant with prose	yes
img-03915	B	rule-residual-conceptual	conceptual/architecture diagram, screenshot or illustration redundant with prose	yes
img-03916	B	rule-residual-conceptual	conceptual/architecture diagram, screenshot or illustration redundant with prose	yes
img-03917	B	rule-residual-conceptual	conceptual/architecture diagram, screenshot or illustration redundant with prose	yes
img-03918	B	rule-residual-conceptual	conceptual/architecture diagram, screenshot or illustration redundant with prose	yes
img-03919	B	rule-residual-conceptual	conceptual/architecture diagram, screenshot or illustration redundant with prose	yes
img-03920	B	rule-residual-conceptual	conceptual/architecture diagram, screenshot or illustration redundant with prose	yes
img-03921	B	rule-residual-conceptual	conceptual/architecture diagram, screenshot or illustration redundant with prose	yes
img-03922	B	rule-residual-conceptual	conceptual/architecture diagram, screenshot or illustration redundant with prose	yes
img-03923	B	rule-residual-conceptual	conceptual/architecture diagram, screenshot or illustration redundant with prose	yes
img-03924	B	rule-residual-conceptual	conceptual/architecture diagram, screenshot or illustration redundant with prose	yes
img-03925	B	rule-residual-conceptual	conceptual/architecture diagram, screenshot or illustration redundant with prose	yes
img-03926	B	rule-residual-conceptual	conceptual/architecture diagram, screenshot or illustration redundant with prose	yes
img-03927	B	rule-residual-conceptual	conceptual/architecture diagram, screenshot or illustration redundant with prose	yes
img-03928	B	rule-residual-conceptual	conceptual/architecture diagram, screenshot or illustration redundant with prose	yes
img-03929	B	rule-residual-conceptual	conceptual/architecture diagram, screenshot or illustration redundant with prose	yes
img-03930	B	rule-residual-conceptual	conceptual/architecture diagram, screenshot or illustration redundant with prose	yes
img-03931	B	rule-residual-conceptual	conceptual/architecture diagram, screenshot or illustration redundant with prose	yes
img-03932	B	rule-residual-conceptual	conceptual/architecture diagram, screenshot or illustration redundant with prose	yes
img-03933	B	rule-residual-conceptual	conceptual/architecture diagram, screenshot or illustration redundant with prose	yes
img-03934	B	rule-residual-conceptual	conceptual/architecture diagram, screenshot or illustration redundant with prose	yes
img-03935	B	rule-residual-conceptual	conceptual/architecture diagram, screenshot or illustration redundant with prose	yes
img-03936	B	rule-residual-conceptual	conceptual/architecture diagram, screenshot or illustration redundant with prose	yes
img-03937	B	rule-residual-conceptual	conceptual/architecture diagram, screenshot or illustration redundant with prose	yes
img-03938	B	rule-residual-conceptual	conceptual/architecture diagram, screenshot or illustration redundant with prose	yes
img-03939	B	rule-residual-conceptual	conceptual/architecture diagram, screenshot or illustration redundant with prose	yes
img-03940	B	rule-cover	cover-page logo, carries no recoverable text	yes
img-03941	B	rule-table-cell	symbol/icon in a table cell, explained by the adjacent cell	yes
img-03942	B	rule-table-cell	symbol/icon in a table cell, explained by the adjacent cell	yes
img-03943	B	rule-table-cell	symbol/icon in a table cell, explained by the adjacent cell	yes
img-03944	B	rule-table-cell	symbol/icon in a table cell, explained by the adjacent cell	yes
img-03945	B	rule-table-cell	symbol/icon in a table cell, explained by the adjacent cell	yes
img-03946	B	rule-table-cell	symbol/icon in a table cell, explained by the adjacent cell	yes
img-03947	B	rule-table-cell	symbol/icon in a table cell, explained by the adjacent cell	yes
img-03948	B	rule-table-cell	symbol/icon in a table cell, explained by the adjacent cell	yes
img-03949	B	rule-table-cell	symbol/icon in a table cell, explained by the adjacent cell	yes
img-03950	B	rule-residual-conceptual	conceptual/architecture diagram, screenshot or illustration redundant with prose	yes
img-03951	B	rule-residual-conceptual	conceptual/architecture diagram, screenshot or illustration redundant with prose	yes
img-03952	B	rule-residual-conceptual	conceptual/architecture diagram, screenshot or illustration redundant with prose	yes
img-03953	B	rule-residual-conceptual	conceptual/architecture diagram, screenshot or illustration redundant with prose	yes
img-03954	B	rule-cover	cover-page logo, carries no recoverable text	yes
img-03955	B	rule-table-cell	symbol/icon in a table cell, explained by the adjacent cell	yes
img-03956	B	rule-table-cell	symbol/icon in a table cell, explained by the adjacent cell	yes
img-03957	B	rule-table-cell	symbol/icon in a table cell, explained by the adjacent cell	yes
img-03958	B	rule-table-cell	symbol/icon in a table cell, explained by the adjacent cell	yes
img-03959	B	rule-table-cell	symbol/icon in a table cell, explained by the adjacent cell	yes
img-03960	B	rule-table-cell	symbol/icon in a table cell, explained by the adjacent cell	yes
img-03961	B	rule-table-cell	symbol/icon in a table cell, explained by the adjacent cell	yes
img-03962	B	rule-table-cell	symbol/icon in a table cell, explained by the adjacent cell	yes
img-03963	B	rule-table-cell	symbol/icon in a table cell, explained by the adjacent cell	yes
img-03964	B	rule-residual-conceptual	conceptual/architecture diagram, screenshot or illustration redundant with prose	yes
img-03965	B	rule-residual-conceptual	conceptual/architecture diagram, screenshot or illustration redundant with prose	yes
img-03966	B	rule-residual-conceptual	conceptual/architecture diagram, screenshot or illustration redundant with prose	yes
img-03967	B	rule-residual-conceptual	conceptual/architecture diagram, screenshot or illustration redundant with prose	yes
img-03968	B	rule-residual-conceptual	conceptual/architecture diagram, screenshot or illustration redundant with prose	yes
img-03969	B	rule-residual-conceptual	conceptual/architecture diagram, screenshot or illustration redundant with prose	yes
img-03970	B	rule-residual-conceptual	conceptual/architecture diagram, screenshot or illustration redundant with prose	yes
img-03971	E	vision	decision flowchart: replication fail-over with failure branch and retry loop	yes
img-03972	E	vision	process flowchart: fail-over callback sequence (FO_BEGIN/FO_GO/FO_END cases)	yes
img-03973	B	rule-cover	cover-page logo, carries no recoverable text	yes
img-03974	B	rule-table-cell	symbol/icon in a table cell, explained by the adjacent cell	yes
img-03975	B	rule-table-cell	symbol/icon in a table cell, explained by the adjacent cell	yes
img-03976	B	rule-table-cell	symbol/icon in a table cell, explained by the adjacent cell	yes
img-03977	B	rule-table-cell	symbol/icon in a table cell, explained by the adjacent cell	yes
img-03978	B	rule-table-cell	symbol/icon in a table cell, explained by the adjacent cell	yes
img-03979	B	rule-table-cell	symbol/icon in a table cell, explained by the adjacent cell	yes
img-03980	B	rule-table-cell	symbol/icon in a table cell, explained by the adjacent cell	yes
img-03981	B	rule-table-cell	symbol/icon in a table cell, explained by the adjacent cell	yes
img-03982	B	rule-table-cell	symbol/icon in a table cell, explained by the adjacent cell	yes
img-03983	B	rule-residual-conceptual	conceptual/architecture diagram, screenshot or illustration redundant with prose	yes
img-03984	B	rule-residual-conceptual	conceptual/architecture diagram, screenshot or illustration redundant with prose	yes
img-03985	B	rule-residual-conceptual	conceptual/architecture diagram, screenshot or illustration redundant with prose	yes
img-03986	B	rule-residual-conceptual	conceptual/architecture diagram, screenshot or illustration redundant with prose	yes
img-03987	B	rule-residual-conceptual	conceptual/architecture diagram, screenshot or illustration redundant with prose	yes
img-03988	B	rule-residual-conceptual	conceptual/architecture diagram, screenshot or illustration redundant with prose	yes
img-03989	B	rule-residual-conceptual	conceptual/architecture diagram, screenshot or illustration redundant with prose	yes
img-03990	B	rule-cover	cover-page logo, carries no recoverable text	yes
img-03991	B	rule-table-cell	symbol/icon in a table cell, explained by the adjacent cell	yes
img-03992	B	rule-table-cell	symbol/icon in a table cell, explained by the adjacent cell	yes
img-03993	B	rule-table-cell	symbol/icon in a table cell, explained by the adjacent cell	yes
img-03994	B	rule-table-cell	symbol/icon in a table cell, explained by the adjacent cell	yes
img-03995	B	rule-table-cell	symbol/icon in a table cell, explained by the adjacent cell	yes
img-03996	B	rule-table-cell	symbol/icon in a table cell, explained by the adjacent cell	yes
img-03997	B	rule-table-cell	symbol/icon in a table cell, explained by the adjacent cell	yes
img-03998	B	rule-table-cell	symbol/icon in a table cell, explained by the adjacent cell	yes
img-03999	B	rule-table-cell	symbol/icon in a table cell, explained by the adjacent cell	yes
img-04000	C	rule-railroad-bnf	railroad diagram for a ::= grammar production, image-only grammar	yes
img-04001	C	rule-hint	hint railroad diagram, only source of the hint grammar	yes
img-04002	C	rule-hint	hint railroad diagram, only source of the hint grammar	yes
img-04003	C	rule-hint	hint railroad diagram, only source of the hint grammar	yes
img-04004	C	rule-hint	hint railroad diagram, only source of the hint grammar	yes
img-04005	C	rule-hint	hint railroad diagram, only source of the hint grammar	yes
img-04006	C	rule-hint	hint railroad diagram, only source of the hint grammar	yes
img-04007	C	rule-hint	hint railroad diagram, only source of the hint grammar	yes
img-04008	C	rule-hint	hint railroad diagram, only source of the hint grammar	yes
img-04009	C	rule-hint	hint railroad diagram, only source of the hint grammar	yes
img-04010	C	rule-hint	hint railroad diagram, only source of the hint grammar	yes
img-04011	C	rule-hint	hint railroad diagram, only source of the hint grammar	yes
img-04012	C	rule-hint	hint railroad diagram, only source of the hint grammar	yes
img-04013	C	rule-hint	hint railroad diagram, only source of the hint grammar	yes
img-04014	C	rule-hint	hint railroad diagram, only source of the hint grammar	yes
img-04015	C	rule-hint	hint railroad diagram, only source of the hint grammar	yes
img-04016	C	rule-hint	hint railroad diagram, only source of the hint grammar	yes
img-04017	C	rule-hint	hint railroad diagram, only source of the hint grammar	yes
img-04018	C	rule-hint	hint railroad diagram, only source of the hint grammar	yes
img-04019	C	rule-hint	hint railroad diagram, only source of the hint grammar	yes
img-04020	C	rule-hint	hint railroad diagram, only source of the hint grammar	yes
img-04021	C	rule-hint	hint railroad diagram, only source of the hint grammar	yes
img-04022	C	rule-hint	hint railroad diagram, only source of the hint grammar	yes
img-04023	C	rule-hint	hint railroad diagram, only source of the hint grammar	yes
img-04024	C	rule-hint	hint railroad diagram, only source of the hint grammar	yes
img-04025	C	rule-hint	hint railroad diagram, only source of the hint grammar	yes
img-04026	C	rule-hint	hint railroad diagram, only source of the hint grammar	yes
img-04027	C	rule-hint	hint railroad diagram, only source of the hint grammar	yes
img-04028	C	rule-hint	hint railroad diagram, only source of the hint grammar	yes
img-04029	C	rule-hint	hint railroad diagram, only source of the hint grammar	yes
img-04030	C	rule-hint	hint railroad diagram, only source of the hint grammar	yes
img-04031	C	rule-hint	hint railroad diagram, only source of the hint grammar	yes
img-04032	C	rule-hint	hint railroad diagram, only source of the hint grammar	yes
img-04033	C	rule-hint	hint railroad diagram, only source of the hint grammar	yes
img-04034	C	rule-hint	hint railroad diagram, only source of the hint grammar	yes
img-04035	C	rule-hint	hint railroad diagram, only source of the hint grammar	yes
img-04036	C	rule-hint	hint railroad diagram, only source of the hint grammar	yes
img-04037	C	rule-hint	hint railroad diagram, only source of the hint grammar	yes
img-04038	C	rule-hint	hint railroad diagram, only source of the hint grammar	yes
img-04039	C	rule-hint	hint railroad diagram, only source of the hint grammar	yes
img-04040	C	rule-hint	hint railroad diagram, only source of the hint grammar	yes
img-04041	C	rule-hint	hint railroad diagram, only source of the hint grammar	yes
img-04042	C	rule-hint	hint railroad diagram, only source of the hint grammar	yes
img-04043	C	rule-hint	hint railroad diagram, only source of the hint grammar	yes
img-04044	C	rule-hint	hint railroad diagram, only source of the hint grammar	yes
img-04045	C	rule-hint	hint railroad diagram, only source of the hint grammar	yes
img-04046	C	rule-hint	hint railroad diagram, only source of the hint grammar	yes
img-04047	C	rule-hint	hint railroad diagram, only source of the hint grammar	yes
img-04048	C	rule-hint	hint railroad diagram, only source of the hint grammar	yes
img-04049	C	rule-hint	hint railroad diagram, only source of the hint grammar	yes
img-04050	C	rule-hint	hint railroad diagram, only source of the hint grammar	yes
img-04051	C	rule-hint	hint railroad diagram, only source of the hint grammar	yes
img-04052	C	rule-hint	hint railroad diagram, only source of the hint grammar	yes
img-04053	C	rule-hint	hint railroad diagram, only source of the hint grammar	yes
img-04054	C	rule-hint	hint railroad diagram, only source of the hint grammar	yes
img-04055	C	rule-hint	hint railroad diagram, only source of the hint grammar	yes
img-04056	C	rule-hint	hint railroad diagram, only source of the hint grammar	yes
img-04057	C	rule-hint	hint railroad diagram, only source of the hint grammar	yes
img-04058	C	rule-hint	hint railroad diagram, only source of the hint grammar	yes
img-04059	C	rule-hint	hint railroad diagram, only source of the hint grammar	yes
img-04060	C	rule-hint	hint railroad diagram, only source of the hint grammar	yes
img-04061	C	rule-hint	hint railroad diagram, only source of the hint grammar	yes
img-04062	C	rule-hint	hint railroad diagram, only source of the hint grammar	yes
img-04063	C	rule-hint	hint railroad diagram, only source of the hint grammar	yes
img-04064	C	rule-hint	hint railroad diagram, only source of the hint grammar	yes
img-04065	C	rule-hint	hint railroad diagram, only source of the hint grammar	yes
img-04066	C	rule-hint	hint railroad diagram, only source of the hint grammar	yes
img-04067	C	rule-hint	hint railroad diagram, only source of the hint grammar	yes
img-04068	C	rule-hint	hint railroad diagram, only source of the hint grammar	yes
img-04069	C	rule-hint	hint railroad diagram, only source of the hint grammar	yes
img-04070	C	rule-hint	hint railroad diagram, only source of the hint grammar	yes
img-04071	C	rule-hint	hint railroad diagram, only source of the hint grammar	yes
img-04072	C	rule-hint	hint railroad diagram, only source of the hint grammar	yes
img-04073	C	rule-hint	hint railroad diagram, only source of the hint grammar	yes
img-04074	C	rule-hint	hint railroad diagram, only source of the hint grammar	yes
img-04075	C	rule-hint	hint railroad diagram, only source of the hint grammar	yes
img-04076	C	rule-railroad-bnf	railroad diagram for a ::= grammar production, image-only grammar	yes
img-04077	C	rule-railroad-bnf	railroad diagram for a ::= grammar production, image-only grammar	yes
img-04078	C	rule-railroad-bnf	railroad diagram for a ::= grammar production, image-only grammar	yes
img-04079	C	rule-railroad-bnf	railroad diagram for a ::= grammar production, image-only grammar	yes
img-04080	C	rule-railroad-bnf	railroad diagram for a ::= grammar production, image-only grammar	yes
img-04081	C	rule-railroad-bnf	railroad diagram for a ::= grammar production, image-only grammar	yes
img-04082	C	rule-railroad-bnf	railroad diagram for a ::= grammar production, image-only grammar	yes
img-04083	C	rule-railroad-bnf	railroad diagram for a ::= grammar production, image-only grammar	yes
img-04084	C	rule-railroad-bnf	railroad diagram for a ::= grammar production, image-only grammar	yes
img-04085	C	rule-railroad-bnf	railroad diagram for a ::= grammar production, image-only grammar	yes
img-04086	C	rule-railroad-bnf	railroad diagram for a ::= grammar production, image-only grammar	yes
img-04087	C	rule-railroad-bnf	railroad diagram for a ::= grammar production, image-only grammar	yes
img-04088	C	rule-railroad-bnf	railroad diagram for a ::= grammar production, image-only grammar	yes
img-04089	C	rule-railroad-bnf	railroad diagram for a ::= grammar production, image-only grammar	yes
img-04090	C	rule-railroad-bnf	railroad diagram for a ::= grammar production, image-only grammar	yes
img-04091	C	rule-railroad-bnf	railroad diagram for a ::= grammar production, image-only grammar	yes
img-04092	C	rule-railroad-bnf	railroad diagram for a ::= grammar production, image-only grammar	yes
img-04093	C	rule-railroad-bnf	railroad diagram for a ::= grammar production, image-only grammar	yes
img-04094	C	rule-railroad-bnf	railroad diagram for a ::= grammar production, image-only grammar	yes
img-04095	C	rule-railroad-bnf	railroad diagram for a ::= grammar production, image-only grammar	yes
img-04096	C	rule-railroad-bnf	railroad diagram for a ::= grammar production, image-only grammar	yes
img-04097	C	rule-railroad-bnf	railroad diagram for a ::= grammar production, image-only grammar	yes
img-04098	C	rule-railroad-bnf	railroad diagram for a ::= grammar production, image-only grammar	yes
img-04099	C	rule-railroad-bnf	railroad diagram for a ::= grammar production, image-only grammar	yes
img-04100	C	rule-railroad-bnf	railroad diagram for a ::= grammar production, image-only grammar	yes
img-04101	C	rule-railroad-bnf	railroad diagram for a ::= grammar production, image-only grammar	yes
img-04102	C	rule-railroad-bnf	railroad diagram for a ::= grammar production, image-only grammar	yes
img-04103	C	rule-railroad-bnf	railroad diagram for a ::= grammar production, image-only grammar	yes
img-04104	C	rule-railroad-bnf	railroad diagram for a ::= grammar production, image-only grammar	yes
img-04105	C	rule-railroad-bnf	railroad diagram for a ::= grammar production, image-only grammar	yes
img-04106	C	rule-railroad-bnf	railroad diagram for a ::= grammar production, image-only grammar	yes
img-04107	C	rule-railroad-bnf	railroad diagram for a ::= grammar production, image-only grammar	yes
img-04108	C	rule-railroad-bnf	railroad diagram for a ::= grammar production, image-only grammar	yes
img-04109	C	rule-railroad-bnf	railroad diagram for a ::= grammar production, image-only grammar	yes
img-04110	C	rule-railroad-bnf	railroad diagram for a ::= grammar production, image-only grammar	yes
img-04111	C	rule-railroad-bnf	railroad diagram for a ::= grammar production, image-only grammar	yes
img-04112	C	rule-railroad-bnf	railroad diagram for a ::= grammar production, image-only grammar	yes
img-04113	C	rule-railroad-bnf	railroad diagram for a ::= grammar production, image-only grammar	yes
img-04114	C	rule-railroad-bnf	railroad diagram for a ::= grammar production, image-only grammar	yes
img-04115	C	rule-railroad-bnf	railroad diagram for a ::= grammar production, image-only grammar	yes
img-04116	C	rule-railroad-bnf	railroad diagram for a ::= grammar production, image-only grammar	yes
img-04117	C	rule-railroad-bnf	railroad diagram for a ::= grammar production, image-only grammar	yes
img-04118	C	rule-railroad-bnf	railroad diagram for a ::= grammar production, image-only grammar	yes
img-04119	C	rule-railroad-bnf	railroad diagram for a ::= grammar production, image-only grammar	yes
img-04120	C	rule-railroad-bnf	railroad diagram for a ::= grammar production, image-only grammar	yes
img-04121	C	rule-railroad-bnf	railroad diagram for a ::= grammar production, image-only grammar	yes
img-04122	C	rule-railroad-bnf	railroad diagram for a ::= grammar production, image-only grammar	yes
img-04123	C	rule-railroad-bnf	railroad diagram for a ::= grammar production, image-only grammar	yes
img-04124	C	rule-railroad-bnf	railroad diagram for a ::= grammar production, image-only grammar	yes
img-04125	C	rule-railroad-bnf	railroad diagram for a ::= grammar production, image-only grammar	yes
img-04126	C	rule-railroad-bnf	railroad diagram for a ::= grammar production, image-only grammar	yes
img-04127	C	rule-railroad-bnf	railroad diagram for a ::= grammar production, image-only grammar	yes
img-04128	C	rule-railroad-bnf	railroad diagram for a ::= grammar production, image-only grammar	yes
img-04129	C	rule-railroad-bnf	railroad diagram for a ::= grammar production, image-only grammar	yes
img-04130	C	rule-railroad-bnf	railroad diagram for a ::= grammar production, image-only grammar	yes
img-04131	C	rule-railroad-bnf	railroad diagram for a ::= grammar production, image-only grammar	yes
img-04132	C	rule-railroad-bnf	railroad diagram for a ::= grammar production, image-only grammar	yes
img-04133	C	rule-railroad-bnf	railroad diagram for a ::= grammar production, image-only grammar	yes
img-04134	C	rule-railroad-bnf	railroad diagram for a ::= grammar production, image-only grammar	yes
img-04135	C	rule-railroad-bnf	railroad diagram for a ::= grammar production, image-only grammar	yes
img-04136	C	rule-railroad-bnf	railroad diagram for a ::= grammar production, image-only grammar	yes
img-04137	C	rule-railroad-bnf	railroad diagram for a ::= grammar production, image-only grammar	yes
img-04138	C	rule-railroad-bnf	railroad diagram for a ::= grammar production, image-only grammar	yes
img-04139	C	rule-railroad-bnf	railroad diagram for a ::= grammar production, image-only grammar	yes
img-04140	C	rule-railroad-bnf	railroad diagram for a ::= grammar production, image-only grammar	yes
img-04141	C	rule-railroad-bnf	railroad diagram for a ::= grammar production, image-only grammar	yes
img-04142	C	rule-railroad-bnf	railroad diagram for a ::= grammar production, image-only grammar	yes
img-04143	C	rule-railroad-bnf	railroad diagram for a ::= grammar production, image-only grammar	yes
img-04144	C	rule-railroad-bnf	railroad diagram for a ::= grammar production, image-only grammar	yes
img-04145	C	rule-railroad-bnf	railroad diagram for a ::= grammar production, image-only grammar	yes
img-04146	C	rule-railroad-bnf	railroad diagram for a ::= grammar production, image-only grammar	yes
img-04147	C	rule-railroad-bnf	railroad diagram for a ::= grammar production, image-only grammar	yes
img-04148	C	rule-railroad-bnf	railroad diagram for a ::= grammar production, image-only grammar	yes
img-04149	C	rule-railroad-bnf	railroad diagram for a ::= grammar production, image-only grammar	yes
img-04150	C	rule-railroad-bnf	railroad diagram for a ::= grammar production, image-only grammar	yes
img-04151	C	rule-railroad-bnf	railroad diagram for a ::= grammar production, image-only grammar	yes
img-04152	C	rule-railroad-bnf	railroad diagram for a ::= grammar production, image-only grammar	yes
img-04153	C	rule-railroad-bnf	railroad diagram for a ::= grammar production, image-only grammar	yes
img-04154	C	rule-railroad-bnf	railroad diagram for a ::= grammar production, image-only grammar	yes
img-04155	C	rule-railroad-bnf	railroad diagram for a ::= grammar production, image-only grammar	yes
img-04156	C	rule-railroad-bnf	railroad diagram for a ::= grammar production, image-only grammar	yes
img-04157	C	rule-railroad-bnf	railroad diagram for a ::= grammar production, image-only grammar	yes
img-04158	C	rule-railroad-bnf	railroad diagram for a ::= grammar production, image-only grammar	yes
img-04159	C	rule-railroad-bnf	railroad diagram for a ::= grammar production, image-only grammar	yes
img-04160	C	rule-railroad-bnf	railroad diagram for a ::= grammar production, image-only grammar	yes
img-04161	C	rule-railroad-bnf	railroad diagram for a ::= grammar production, image-only grammar	yes
img-04162	C	rule-railroad-bnf	railroad diagram for a ::= grammar production, image-only grammar	yes
img-04163	C	rule-railroad-bnf	railroad diagram for a ::= grammar production, image-only grammar	yes
img-04164	C	rule-railroad-bnf	railroad diagram for a ::= grammar production, image-only grammar	yes
img-04165	C	rule-railroad-bnf	railroad diagram for a ::= grammar production, image-only grammar	yes
img-04166	C	rule-railroad-bnf	railroad diagram for a ::= grammar production, image-only grammar	yes
img-04167	C	rule-railroad-bnf	railroad diagram for a ::= grammar production, image-only grammar	yes
img-04168	C	rule-railroad-bnf	railroad diagram for a ::= grammar production, image-only grammar	yes
img-04169	C	rule-railroad-bnf	railroad diagram for a ::= grammar production, image-only grammar	yes
img-04170	C	rule-railroad-bnf	railroad diagram for a ::= grammar production, image-only grammar	yes
img-04171	C	rule-railroad-bnf	railroad diagram for a ::= grammar production, image-only grammar	yes
img-04172	C	rule-railroad-bnf	railroad diagram for a ::= grammar production, image-only grammar	yes
img-04173	C	rule-railroad-bnf	railroad diagram for a ::= grammar production, image-only grammar	yes
img-04174	C	rule-railroad-bnf	railroad diagram for a ::= grammar production, image-only grammar	yes
img-04175	C	rule-railroad-bnf	railroad diagram for a ::= grammar production, image-only grammar	yes
img-04176	C	rule-railroad-bnf	railroad diagram for a ::= grammar production, image-only grammar	yes
img-04177	C	rule-railroad-bnf	railroad diagram for a ::= grammar production, image-only grammar	yes
img-04178	C	rule-railroad-bnf	railroad diagram for a ::= grammar production, image-only grammar	yes
img-04179	C	rule-railroad-bnf	railroad diagram for a ::= grammar production, image-only grammar	yes
img-04180	C	rule-railroad-bnf	railroad diagram for a ::= grammar production, image-only grammar	yes
img-04181	C	rule-railroad-bnf	railroad diagram for a ::= grammar production, image-only grammar	yes
img-04182	C	rule-railroad-bnf	railroad diagram for a ::= grammar production, image-only grammar	yes
img-04183	C	rule-railroad-bnf	railroad diagram for a ::= grammar production, image-only grammar	yes
img-04184	C	rule-railroad-bnf	railroad diagram for a ::= grammar production, image-only grammar	yes
img-04185	C	rule-railroad-bnf	railroad diagram for a ::= grammar production, image-only grammar	yes
img-04186	C	rule-railroad-bnf	railroad diagram for a ::= grammar production, image-only grammar	yes
img-04187	C	rule-railroad-synhead	railroad diagram directly under a Syntax heading, image-only grammar	yes
img-04188	C	rule-railroad-bnf	railroad diagram for a ::= grammar production, image-only grammar	yes
img-04189	C	rule-railroad-bnf	railroad diagram for a ::= grammar production, image-only grammar	yes
img-04190	C	rule-railroad-bnf	railroad diagram for a ::= grammar production, image-only grammar	yes
img-04191	C	rule-railroad-bnf	railroad diagram for a ::= grammar production, image-only grammar	yes
img-04192	C	rule-railroad-bnf	railroad diagram for a ::= grammar production, image-only grammar	yes
img-04193	C	rule-railroad-bnf	railroad diagram for a ::= grammar production, image-only grammar	yes
img-04194	C	rule-railroad-bnf	railroad diagram for a ::= grammar production, image-only grammar	yes
img-04195	C	rule-railroad-bnf	railroad diagram for a ::= grammar production, image-only grammar	yes
img-04196	C	rule-railroad-bnf	railroad diagram for a ::= grammar production, image-only grammar	yes
img-04197	C	rule-railroad-bnf	railroad diagram for a ::= grammar production, image-only grammar	yes
img-04198	C	rule-railroad-bnf	railroad diagram for a ::= grammar production, image-only grammar	yes
img-04199	C	rule-railroad-bnf	railroad diagram for a ::= grammar production, image-only grammar	yes
img-04200	C	rule-railroad-bnf	railroad diagram for a ::= grammar production, image-only grammar	yes
img-04201	C	rule-railroad-bnf	railroad diagram for a ::= grammar production, image-only grammar	yes
img-04202	B	rule-residual-conceptual	conceptual/architecture diagram, screenshot or illustration redundant with prose	yes
img-04203	C	rule-railroad-bnf	railroad diagram for a ::= grammar production, image-only grammar	yes
img-04204	C	rule-railroad-bnf	railroad diagram for a ::= grammar production, image-only grammar	yes
img-04205	C	rule-railroad-bnf	railroad diagram for a ::= grammar production, image-only grammar	yes
img-04206	C	rule-railroad-bnf	railroad diagram for a ::= grammar production, image-only grammar	yes
img-04207	C	rule-railroad-bnf	railroad diagram for a ::= grammar production, image-only grammar	yes
img-04208	C	rule-railroad-bnf	railroad diagram for a ::= grammar production, image-only grammar	yes
img-04209	C	rule-railroad-bnf	railroad diagram for a ::= grammar production, image-only grammar	yes
img-04210	C	rule-railroad-bnf	railroad diagram for a ::= grammar production, image-only grammar	yes
img-04211	C	rule-railroad-bnf	railroad diagram for a ::= grammar production, image-only grammar	yes
img-04212	C	rule-railroad-bnf	railroad diagram for a ::= grammar production, image-only grammar	yes
img-04213	C	rule-railroad-bnf	railroad diagram for a ::= grammar production, image-only grammar	yes
img-04214	C	rule-railroad-bnf	railroad diagram for a ::= grammar production, image-only grammar	yes
img-04215	C	rule-railroad-bnf	railroad diagram for a ::= grammar production, image-only grammar	yes
img-04216	C	rule-railroad-bnf	railroad diagram for a ::= grammar production, image-only grammar	yes
img-04217	C	rule-railroad-bnf	railroad diagram for a ::= grammar production, image-only grammar	yes
img-04218	C	rule-railroad-bnf	railroad diagram for a ::= grammar production, image-only grammar	yes
img-04219	C	rule-railroad-bnf	railroad diagram for a ::= grammar production, image-only grammar	yes
img-04220	C	rule-railroad-bnf	railroad diagram for a ::= grammar production, image-only grammar	yes
img-04221	C	rule-railroad-bnf	railroad diagram for a ::= grammar production, image-only grammar	yes
img-04222	C	rule-railroad-bnf	railroad diagram for a ::= grammar production, image-only grammar	yes
img-04223	C	rule-railroad-bnf	railroad diagram for a ::= grammar production, image-only grammar	yes
img-04224	C	rule-railroad-bnf	railroad diagram for a ::= grammar production, image-only grammar	yes
img-04225	C	rule-railroad-bnf	railroad diagram for a ::= grammar production, image-only grammar	yes
img-04226	C	rule-railroad-bnf	railroad diagram for a ::= grammar production, image-only grammar	yes
img-04227	C	rule-railroad-bnf	railroad diagram for a ::= grammar production, image-only grammar	yes
img-04228	C	rule-railroad-bnf	railroad diagram for a ::= grammar production, image-only grammar	yes
img-04229	C	rule-railroad-bnf	railroad diagram for a ::= grammar production, image-only grammar	yes
img-04230	C	rule-railroad-bnf	railroad diagram for a ::= grammar production, image-only grammar	yes
img-04231	C	rule-railroad-bnf	railroad diagram for a ::= grammar production, image-only grammar	yes
img-04232	C	rule-railroad-bnf	railroad diagram for a ::= grammar production, image-only grammar	yes
img-04233	C	rule-railroad-bnf	railroad diagram for a ::= grammar production, image-only grammar	yes
img-04234	C	rule-railroad-bnf	railroad diagram for a ::= grammar production, image-only grammar	yes
img-04235	C	rule-railroad-bnf	railroad diagram for a ::= grammar production, image-only grammar	yes
img-04236	C	rule-railroad-bnf	railroad diagram for a ::= grammar production, image-only grammar	yes
img-04237	C	rule-railroad-bnf	railroad diagram for a ::= grammar production, image-only grammar	yes
img-04238	C	rule-railroad-bnf	railroad diagram for a ::= grammar production, image-only grammar	yes
img-04239	C	rule-railroad-bnf	railroad diagram for a ::= grammar production, image-only grammar	yes
img-04240	C	rule-railroad-bnf	railroad diagram for a ::= grammar production, image-only grammar	yes
img-04241	C	rule-railroad-bnf	railroad diagram for a ::= grammar production, image-only grammar	yes
img-04242	C	rule-railroad-bnf	railroad diagram for a ::= grammar production, image-only grammar	yes
img-04243	C	rule-railroad-bnf	railroad diagram for a ::= grammar production, image-only grammar	yes
img-04244	C	rule-railroad-bnf	railroad diagram for a ::= grammar production, image-only grammar	yes
img-04245	C	rule-railroad-bnf	railroad diagram for a ::= grammar production, image-only grammar	yes
img-04246	C	rule-railroad-bnf	railroad diagram for a ::= grammar production, image-only grammar	yes
img-04247	C	rule-railroad-bnf	railroad diagram for a ::= grammar production, image-only grammar	yes
img-04248	C	rule-railroad-bnf	railroad diagram for a ::= grammar production, image-only grammar	yes
img-04249	C	rule-railroad-bnf	railroad diagram for a ::= grammar production, image-only grammar	yes
img-04250	C	rule-railroad-bnf	railroad diagram for a ::= grammar production, image-only grammar	yes
img-04251	C	rule-railroad-bnf	railroad diagram for a ::= grammar production, image-only grammar	yes
img-04252	C	rule-railroad-bnf	railroad diagram for a ::= grammar production, image-only grammar	yes
img-04253	C	rule-railroad-bnf	railroad diagram for a ::= grammar production, image-only grammar	yes
img-04254	C	rule-railroad-bnf	railroad diagram for a ::= grammar production, image-only grammar	yes
img-04255	C	rule-railroad-bnf	railroad diagram for a ::= grammar production, image-only grammar	yes
img-04256	C	rule-railroad-bnf	railroad diagram for a ::= grammar production, image-only grammar	yes
img-04257	E	img06-audit-reclassify	YES/NO decision flowchart resolving LOB-column vs partition tablespace precedence in CREATE TABLE; branching logic not in prose	yes
img-04258	C	rule-railroad-bnf	railroad diagram for a ::= grammar production, image-only grammar	yes
img-04259	C	rule-railroad-bnf	railroad diagram for a ::= grammar production, image-only grammar	yes
img-04260	C	rule-railroad-bnf	railroad diagram for a ::= grammar production, image-only grammar	yes
img-04261	C	rule-railroad-bnf	railroad diagram for a ::= grammar production, image-only grammar	yes
img-04262	C	rule-railroad-bnf	railroad diagram for a ::= grammar production, image-only grammar	yes
img-04263	C	rule-railroad-bnf	railroad diagram for a ::= grammar production, image-only grammar	yes
img-04264	C	rule-railroad-bnf	railroad diagram for a ::= grammar production, image-only grammar	yes
img-04265	C	rule-railroad-bnf	railroad diagram for a ::= grammar production, image-only grammar	yes
img-04266	C	rule-railroad-bnf	railroad diagram for a ::= grammar production, image-only grammar	yes
img-04267	C	rule-railroad-bnf	railroad diagram for a ::= grammar production, image-only grammar	yes
img-04268	C	rule-railroad-bnf	railroad diagram for a ::= grammar production, image-only grammar	yes
img-04269	C	rule-railroad-bnf	railroad diagram for a ::= grammar production, image-only grammar	yes
img-04270	C	rule-railroad-bnf	railroad diagram for a ::= grammar production, image-only grammar	yes
img-04271	C	rule-railroad-bnf	railroad diagram for a ::= grammar production, image-only grammar	yes
img-04272	C	rule-railroad-bnf	railroad diagram for a ::= grammar production, image-only grammar	yes
img-04273	C	rule-railroad-bnf	railroad diagram for a ::= grammar production, image-only grammar	yes
img-04274	C	rule-railroad-bnf	railroad diagram for a ::= grammar production, image-only grammar	yes
img-04275	C	rule-railroad-bnf	railroad diagram for a ::= grammar production, image-only grammar	yes
img-04276	C	rule-railroad-bnf	railroad diagram for a ::= grammar production, image-only grammar	yes
img-04277	C	rule-railroad-bnf	railroad diagram for a ::= grammar production, image-only grammar	yes
img-04278	C	rule-railroad-bnf	railroad diagram for a ::= grammar production, image-only grammar	yes
img-04279	C	rule-railroad-bnf	railroad diagram for a ::= grammar production, image-only grammar	yes
img-04280	C	rule-railroad-bnf	railroad diagram for a ::= grammar production, image-only grammar	yes
img-04281	C	rule-railroad-bnf	railroad diagram for a ::= grammar production, image-only grammar	yes
img-04282	C	rule-railroad-bnf	railroad diagram for a ::= grammar production, image-only grammar	yes
img-04283	C	rule-railroad-bnf	railroad diagram for a ::= grammar production, image-only grammar	yes
img-04284	C	rule-railroad-bnf	railroad diagram for a ::= grammar production, image-only grammar	yes
img-04285	C	rule-railroad-bnf	railroad diagram for a ::= grammar production, image-only grammar	yes
img-04286	C	rule-railroad-bnf	railroad diagram for a ::= grammar production, image-only grammar	yes
img-04287	C	rule-railroad-bnf	railroad diagram for a ::= grammar production, image-only grammar	yes
img-04288	C	rule-railroad-bnf	railroad diagram for a ::= grammar production, image-only grammar	yes
img-04289	C	rule-railroad-bnf	railroad diagram for a ::= grammar production, image-only grammar	yes
img-04290	C	rule-railroad-bnf	railroad diagram for a ::= grammar production, image-only grammar	yes
img-04291	C	rule-railroad-bnf	railroad diagram for a ::= grammar production, image-only grammar	yes
img-04292	C	rule-railroad-bnf	railroad diagram for a ::= grammar production, image-only grammar	yes
img-04293	C	rule-railroad-bnf	railroad diagram for a ::= grammar production, image-only grammar	yes
img-04294	C	rule-railroad-bnf	railroad diagram for a ::= grammar production, image-only grammar	yes
img-04295	C	rule-railroad-bnf	railroad diagram for a ::= grammar production, image-only grammar	yes
img-04296	C	rule-railroad-bnf	railroad diagram for a ::= grammar production, image-only grammar	yes
img-04297	C	rule-railroad-bnf	railroad diagram for a ::= grammar production, image-only grammar	yes
img-04298	C	rule-railroad-bnf	railroad diagram for a ::= grammar production, image-only grammar	yes
img-04299	C	rule-railroad-bnf	railroad diagram for a ::= grammar production, image-only grammar	yes
img-04300	C	rule-railroad-bnf	railroad diagram for a ::= grammar production, image-only grammar	yes
img-04301	C	rule-railroad-bnf	railroad diagram for a ::= grammar production, image-only grammar	yes
img-04302	C	rule-railroad-bnf	railroad diagram for a ::= grammar production, image-only grammar	yes
img-04303	C	rule-railroad-bnf	railroad diagram for a ::= grammar production, image-only grammar	yes
img-04304	C	rule-railroad-bnf	railroad diagram for a ::= grammar production, image-only grammar	yes
img-04305	C	rule-railroad-bnf	railroad diagram for a ::= grammar production, image-only grammar	yes
img-04306	C	rule-railroad-bnf	railroad diagram for a ::= grammar production, image-only grammar	yes
img-04307	C	rule-railroad-bnf	railroad diagram for a ::= grammar production, image-only grammar	yes
img-04308	C	rule-railroad-bnf	railroad diagram for a ::= grammar production, image-only grammar	yes
img-04309	C	rule-railroad-bnf	railroad diagram for a ::= grammar production, image-only grammar	yes
img-04310	C	rule-railroad-bnf	railroad diagram for a ::= grammar production, image-only grammar	yes
img-04311	C	rule-railroad-bnf	railroad diagram for a ::= grammar production, image-only grammar	yes
img-04312	C	rule-railroad-bnf	railroad diagram for a ::= grammar production, image-only grammar	yes
img-04313	C	rule-railroad-bnf	railroad diagram for a ::= grammar production, image-only grammar	yes
img-04314	C	rule-railroad-bnf	railroad diagram for a ::= grammar production, image-only grammar	yes
img-04315	C	rule-railroad-bnf	railroad diagram for a ::= grammar production, image-only grammar	yes
img-04316	C	rule-railroad-bnf	railroad diagram for a ::= grammar production, image-only grammar	yes
img-04317	C	rule-railroad-bnf	railroad diagram for a ::= grammar production, image-only grammar	yes
img-04318	C	rule-railroad-bnf	railroad diagram for a ::= grammar production, image-only grammar	yes
img-04319	C	rule-railroad-bnf	railroad diagram for a ::= grammar production, image-only grammar	yes
img-04320	C	rule-railroad-bnf	railroad diagram for a ::= grammar production, image-only grammar	yes
img-04321	C	rule-railroad-bnf	railroad diagram for a ::= grammar production, image-only grammar	yes
img-04322	C	rule-railroad-synsection	railroad diagram in a Syntax section, image-only grammar	yes
img-04323	C	rule-railroad-bnf	railroad diagram for a ::= grammar production, image-only grammar	yes
img-04324	C	rule-railroad-bnf	railroad diagram for a ::= grammar production, image-only grammar	yes
img-04325	C	rule-railroad-bnf	railroad diagram for a ::= grammar production, image-only grammar	yes
img-04326	C	rule-railroad-bnf	railroad diagram for a ::= grammar production, image-only grammar	yes
img-04327	C	rule-railroad-bnf	railroad diagram for a ::= grammar production, image-only grammar	yes
img-04328	C	rule-railroad-bnf	railroad diagram for a ::= grammar production, image-only grammar	yes
img-04329	C	rule-railroad-bnf	railroad diagram for a ::= grammar production, image-only grammar	yes
img-04330	C	rule-railroad-bnf	railroad diagram for a ::= grammar production, image-only grammar	yes
img-04331	C	rule-railroad-bnf	railroad diagram for a ::= grammar production, image-only grammar	yes
img-04332	C	rule-railroad-bnf	railroad diagram for a ::= grammar production, image-only grammar	yes
img-04333	C	rule-railroad-bnf	railroad diagram for a ::= grammar production, image-only grammar	yes
img-04334	C	rule-railroad-bnf	railroad diagram for a ::= grammar production, image-only grammar	yes
img-04335	C	rule-railroad-bnf	railroad diagram for a ::= grammar production, image-only grammar	yes
img-04336	C	rule-railroad-bnf	railroad diagram for a ::= grammar production, image-only grammar	yes
img-04337	C	rule-railroad-bnf	railroad diagram for a ::= grammar production, image-only grammar	yes
img-04338	C	rule-railroad-bnf	railroad diagram for a ::= grammar production, image-only grammar	yes
img-04339	C	rule-railroad-bnf	railroad diagram for a ::= grammar production, image-only grammar	yes
img-04340	C	rule-railroad-bnf	railroad diagram for a ::= grammar production, image-only grammar	yes
img-04341	C	rule-railroad-bnf	railroad diagram for a ::= grammar production, image-only grammar	yes
img-04342	C	rule-railroad-bnf	railroad diagram for a ::= grammar production, image-only grammar	yes
img-04343	C	rule-railroad-bnf	railroad diagram for a ::= grammar production, image-only grammar	yes
img-04344	C	rule-railroad-bnf	railroad diagram for a ::= grammar production, image-only grammar	yes
img-04345	C	rule-railroad-bnf	railroad diagram for a ::= grammar production, image-only grammar	yes
img-04346	C	rule-railroad-bnf	railroad diagram for a ::= grammar production, image-only grammar	yes
img-04347	C	rule-railroad-bnf	railroad diagram for a ::= grammar production, image-only grammar	yes
img-04348	C	rule-railroad-bnf	railroad diagram for a ::= grammar production, image-only grammar	yes
img-04349	C	rule-railroad-bnf	railroad diagram for a ::= grammar production, image-only grammar	yes
img-04350	C	rule-railroad-bnf	railroad diagram for a ::= grammar production, image-only grammar	yes
img-04351	C	rule-railroad-bnf	railroad diagram for a ::= grammar production, image-only grammar	yes
img-04352	C	rule-railroad-bnf	railroad diagram for a ::= grammar production, image-only grammar	yes
img-04353	C	rule-railroad-bnf	railroad diagram for a ::= grammar production, image-only grammar	yes
img-04354	C	rule-railroad-bnf	railroad diagram for a ::= grammar production, image-only grammar	yes
img-04355	C	rule-railroad-bnf	railroad diagram for a ::= grammar production, image-only grammar	yes
img-04356	C	rule-railroad-bnf	railroad diagram for a ::= grammar production, image-only grammar	yes
img-04357	C	rule-railroad-bnf	railroad diagram for a ::= grammar production, image-only grammar	yes
img-04358	B	rule-residual-conceptual	conceptual/architecture diagram, screenshot or illustration redundant with prose	yes
img-04359	C	rule-railroad-bnf	railroad diagram for a ::= grammar production, image-only grammar	yes
img-04360	C	rule-railroad-bnf	railroad diagram for a ::= grammar production, image-only grammar	yes
img-04361	C	rule-railroad-bnf	railroad diagram for a ::= grammar production, image-only grammar	yes
img-04362	C	rule-railroad-bnf	railroad diagram for a ::= grammar production, image-only grammar	yes
img-04363	C	rule-railroad-synsection	railroad diagram in a Syntax section, image-only grammar	yes
img-04364	C	rule-railroad-bnf	railroad diagram for a ::= grammar production, image-only grammar	yes
img-04365	C	rule-railroad-bnf	railroad diagram for a ::= grammar production, image-only grammar	yes
img-04366	C	rule-railroad-bnf	railroad diagram for a ::= grammar production, image-only grammar	yes
img-04367	C	rule-railroad-bnf	railroad diagram for a ::= grammar production, image-only grammar	yes
img-04368	C	rule-railroad-bnf	railroad diagram for a ::= grammar production, image-only grammar	yes
img-04369	C	rule-railroad-bnf	railroad diagram for a ::= grammar production, image-only grammar	yes
img-04370	C	rule-railroad-bnf	railroad diagram for a ::= grammar production, image-only grammar	yes
img-04371	C	rule-railroad-bnf	railroad diagram for a ::= grammar production, image-only grammar	yes
img-04372	C	rule-railroad-bnf	railroad diagram for a ::= grammar production, image-only grammar	yes
img-04373	C	rule-railroad-bnf	railroad diagram for a ::= grammar production, image-only grammar	yes
img-04374	C	rule-railroad-bnf	railroad diagram for a ::= grammar production, image-only grammar	yes
img-04375	C	rule-railroad-bnf	railroad diagram for a ::= grammar production, image-only grammar	yes
img-04376	C	rule-railroad-bnf	railroad diagram for a ::= grammar production, image-only grammar	yes
img-04377	C	rule-railroad-bnf	railroad diagram for a ::= grammar production, image-only grammar	yes
img-04378	C	rule-railroad-bnf	railroad diagram for a ::= grammar production, image-only grammar	yes
img-04379	C	rule-railroad-bnf	railroad diagram for a ::= grammar production, image-only grammar	yes
img-04380	C	rule-railroad-bnf	railroad diagram for a ::= grammar production, image-only grammar	yes
img-04381	C	rule-railroad-bnf	railroad diagram for a ::= grammar production, image-only grammar	yes
img-04382	C	rule-railroad-bnf	railroad diagram for a ::= grammar production, image-only grammar	yes
img-04383	C	rule-railroad-bnf	railroad diagram for a ::= grammar production, image-only grammar	yes
img-04384	C	rule-railroad-bnf	railroad diagram for a ::= grammar production, image-only grammar	yes
img-04385	C	rule-railroad-bnf	railroad diagram for a ::= grammar production, image-only grammar	yes
img-04386	C	rule-railroad-bnf	railroad diagram for a ::= grammar production, image-only grammar	yes
img-04387	C	rule-railroad-bnf	railroad diagram for a ::= grammar production, image-only grammar	yes
img-04388	C	rule-railroad-bnf	railroad diagram for a ::= grammar production, image-only grammar	yes
img-04389	C	rule-railroad-bnf	railroad diagram for a ::= grammar production, image-only grammar	yes
img-04390	C	rule-railroad-bnf	railroad diagram for a ::= grammar production, image-only grammar	yes
img-04391	C	rule-railroad-bnf	railroad diagram for a ::= grammar production, image-only grammar	yes
img-04392	C	rule-railroad-bnf	railroad diagram for a ::= grammar production, image-only grammar	yes
img-04393	C	rule-railroad-bnf	railroad diagram for a ::= grammar production, image-only grammar	yes
img-04394	C	rule-railroad-bnf	railroad diagram for a ::= grammar production, image-only grammar	yes
img-04395	C	rule-railroad-bnf	railroad diagram for a ::= grammar production, image-only grammar	yes
img-04396	C	rule-railroad-bnf	railroad diagram for a ::= grammar production, image-only grammar	yes
img-04397	C	rule-railroad-bnf	railroad diagram for a ::= grammar production, image-only grammar	yes
img-04398	C	rule-railroad-bnf	railroad diagram for a ::= grammar production, image-only grammar	yes
img-04399	C	rule-railroad-bnf	railroad diagram for a ::= grammar production, image-only grammar	yes
img-04400	C	rule-railroad-bnf	railroad diagram for a ::= grammar production, image-only grammar	yes
img-04401	C	rule-railroad-bnf	railroad diagram for a ::= grammar production, image-only grammar	yes
img-04402	C	rule-railroad-bnf	railroad diagram for a ::= grammar production, image-only grammar	yes
img-04403	C	rule-railroad-synhead	railroad diagram directly under a Syntax heading, image-only grammar	yes
img-04404	C	rule-railroad-synhead	railroad diagram directly under a Syntax heading, image-only grammar	yes
img-04405	C	rule-railroad-synhead	railroad diagram directly under a Syntax heading, image-only grammar	yes
img-04406	C	rule-railroad-synhead	railroad diagram directly under a Syntax heading, image-only grammar	yes
img-04407	C	rule-railroad-synhead	railroad diagram directly under a Syntax heading, image-only grammar	yes
img-04408	C	rule-railroad-bnf	railroad diagram for a ::= grammar production, image-only grammar	yes
img-04409	C	rule-railroad-bnf	railroad diagram for a ::= grammar production, image-only grammar	yes
img-04410	C	rule-railroad-bnf	railroad diagram for a ::= grammar production, image-only grammar	yes
img-04411	C	rule-railroad-bnf	railroad diagram for a ::= grammar production, image-only grammar	yes
img-04412	C	rule-railroad-bnf	railroad diagram for a ::= grammar production, image-only grammar	yes
img-04413	C	rule-railroad-synhead	railroad diagram directly under a Syntax heading, image-only grammar	yes
img-04414	C	rule-railroad-synhead	railroad diagram directly under a Syntax heading, image-only grammar	yes
img-04415	C	rule-railroad-synhead	railroad diagram directly under a Syntax heading, image-only grammar	yes
img-04416	C	rule-railroad-synhead	railroad diagram directly under a Syntax heading, image-only grammar	yes
img-04417	C	rule-railroad-synhead	railroad diagram directly under a Syntax heading, image-only grammar	yes
img-04418	C	rule-railroad-synhead	railroad diagram directly under a Syntax heading, image-only grammar	yes
img-04419	C	rule-railroad-synsection	railroad diagram in a Syntax section, image-only grammar	yes
img-04420	C	rule-railroad-synsection	railroad diagram in a Syntax section, image-only grammar	yes
img-04421	C	rule-railroad-synsection	railroad diagram in a Syntax section, image-only grammar	yes
img-04422	C	rule-railroad-synsection	railroad diagram in a Syntax section, image-only grammar	yes
img-04423	C	rule-railroad-synhead	railroad diagram directly under a Syntax heading, image-only grammar	yes
img-04424	C	rule-railroad-bnf	railroad diagram for a ::= grammar production, image-only grammar	yes
img-04425	C	rule-railroad-bnf	railroad diagram for a ::= grammar production, image-only grammar	yes
img-04426	C	rule-railroad-bnf	railroad diagram for a ::= grammar production, image-only grammar	yes
img-04427	C	rule-railroad-bnf	railroad diagram for a ::= grammar production, image-only grammar	yes
img-04428	C	rule-railroad-bnf	railroad diagram for a ::= grammar production, image-only grammar	yes
img-04429	C	rule-railroad-bnf	railroad diagram for a ::= grammar production, image-only grammar	yes
img-04430	C	rule-railroad-bnf	railroad diagram for a ::= grammar production, image-only grammar	yes
img-04431	C	rule-railroad-bnf	railroad diagram for a ::= grammar production, image-only grammar	yes
img-04432	C	rule-railroad-bnf	railroad diagram for a ::= grammar production, image-only grammar	yes
img-04433	C	rule-railroad-bnf	railroad diagram for a ::= grammar production, image-only grammar	yes
img-04434	B	rule-cover	cover-page logo, carries no recoverable text	yes
img-04435	B	rule-table-cell	symbol/icon in a table cell, explained by the adjacent cell	yes
img-04436	B	rule-table-cell	symbol/icon in a table cell, explained by the adjacent cell	yes
img-04437	B	rule-table-cell	symbol/icon in a table cell, explained by the adjacent cell	yes
img-04438	B	rule-table-cell	symbol/icon in a table cell, explained by the adjacent cell	yes
img-04439	B	rule-table-cell	symbol/icon in a table cell, explained by the adjacent cell	yes
img-04440	B	rule-table-cell	symbol/icon in a table cell, explained by the adjacent cell	yes
img-04441	B	rule-table-cell	symbol/icon in a table cell, explained by the adjacent cell	yes
img-04442	B	rule-table-cell	symbol/icon in a table cell, explained by the adjacent cell	yes
img-04443	B	rule-table-cell	symbol/icon in a table cell, explained by the adjacent cell	yes
img-04444	B	rule-residual-conceptual	conceptual/architecture diagram, screenshot or illustration redundant with prose	yes
img-04445	C	rule-railroad-synhead	railroad diagram directly under a Syntax heading, image-only grammar	yes
img-04446	C	rule-railroad-synsection	railroad diagram in a Syntax section, image-only grammar	yes
img-04447	C	rule-railroad-synsection	railroad diagram in a Syntax section, image-only grammar	yes
img-04448	C	rule-railroad-synhead	railroad diagram directly under a Syntax heading, image-only grammar	yes
img-04449	C	rule-railroad-synhead	railroad diagram directly under a Syntax heading, image-only grammar	yes
img-04450	C	rule-railroad-synsection	railroad diagram in a Syntax section, image-only grammar	yes
img-04451	B	rule-residual-conceptual	conceptual/architecture diagram, screenshot or illustration redundant with prose	yes
img-04452	B	rule-residual-conceptual	conceptual/architecture diagram, screenshot or illustration redundant with prose	yes
img-04453	B	rule-residual-conceptual	conceptual/architecture diagram, screenshot or illustration redundant with prose	yes
img-04454	B	rule-residual-conceptual	conceptual/architecture diagram, screenshot or illustration redundant with prose	yes
img-04455	C	rule-railroad-synhead	railroad diagram directly under a Syntax heading, image-only grammar	yes
img-04456	B	rule-residual-conceptual	conceptual/architecture diagram, screenshot or illustration redundant with prose	yes
img-04457	B	rule-residual-conceptual	conceptual/architecture diagram, screenshot or illustration redundant with prose	yes
img-04458	B	rule-residual-conceptual	conceptual/architecture diagram, screenshot or illustration redundant with prose	yes
img-04459	B	rule-residual-conceptual	conceptual/architecture diagram, screenshot or illustration redundant with prose	yes
img-04460	C	rule-railroad-synhead	railroad diagram directly under a Syntax heading, image-only grammar	yes
img-04461	C	rule-railroad-synsection	railroad diagram in a Syntax section, image-only grammar	yes
img-04462	B	rule-residual-conceptual	conceptual/architecture diagram, screenshot or illustration redundant with prose	yes
img-04463	B	rule-residual-conceptual	conceptual/architecture diagram, screenshot or illustration redundant with prose	yes
img-04464	B	rule-residual-conceptual	conceptual/architecture diagram, screenshot or illustration redundant with prose	yes
img-04465	B	rule-residual-conceptual	conceptual/architecture diagram, screenshot or illustration redundant with prose	yes
img-04466	B	rule-residual-conceptual	conceptual/architecture diagram, screenshot or illustration redundant with prose	yes
img-04467	C	rule-railroad-synhead	railroad diagram directly under a Syntax heading, image-only grammar	yes
img-04468	B	rule-residual-conceptual	conceptual/architecture diagram, screenshot or illustration redundant with prose	yes
img-04469	B	rule-residual-conceptual	conceptual/architecture diagram, screenshot or illustration redundant with prose	yes
img-04470	B	rule-residual-conceptual	conceptual/architecture diagram, screenshot or illustration redundant with prose	yes
img-04471	B	rule-residual-conceptual	conceptual/architecture diagram, screenshot or illustration redundant with prose	yes
img-04472	B	rule-residual-conceptual	conceptual/architecture diagram, screenshot or illustration redundant with prose	yes
img-04473	C	rule-railroad-synhead	railroad diagram directly under a Syntax heading, image-only grammar	yes
img-04474	B	rule-residual-conceptual	conceptual/architecture diagram, screenshot or illustration redundant with prose	yes
img-04475	B	rule-residual-conceptual	conceptual/architecture diagram, screenshot or illustration redundant with prose	yes
img-04476	B	rule-residual-conceptual	conceptual/architecture diagram, screenshot or illustration redundant with prose	yes
img-04477	B	rule-residual-conceptual	conceptual/architecture diagram, screenshot or illustration redundant with prose	yes
img-04478	B	rule-residual-conceptual	conceptual/architecture diagram, screenshot or illustration redundant with prose	yes
img-04479	B	rule-residual-conceptual	conceptual/architecture diagram, screenshot or illustration redundant with prose	yes
img-04480	B	rule-residual-conceptual	conceptual/architecture diagram, screenshot or illustration redundant with prose	yes
img-04481	B	rule-residual-conceptual	conceptual/architecture diagram, screenshot or illustration redundant with prose	yes
img-04482	B	rule-residual-conceptual	conceptual/architecture diagram, screenshot or illustration redundant with prose	yes
img-04483	B	rule-residual-conceptual	conceptual/architecture diagram, screenshot or illustration redundant with prose	yes
img-04484	B	rule-residual-conceptual	conceptual/architecture diagram, screenshot or illustration redundant with prose	yes
img-04485	B	rule-residual-conceptual	conceptual/architecture diagram, screenshot or illustration redundant with prose	yes
img-04486	B	rule-residual-conceptual	conceptual/architecture diagram, screenshot or illustration redundant with prose	yes
img-04487	B	rule-residual-conceptual	conceptual/architecture diagram, screenshot or illustration redundant with prose	yes
img-04488	B	rule-residual-conceptual	conceptual/architecture diagram, screenshot or illustration redundant with prose	yes
img-04489	B	rule-residual-conceptual	conceptual/architecture diagram, screenshot or illustration redundant with prose	yes
img-04490	B	rule-residual-conceptual	conceptual/architecture diagram, screenshot or illustration redundant with prose	yes
img-04491	B	rule-residual-conceptual	conceptual/architecture diagram, screenshot or illustration redundant with prose	yes
img-04492	A	rule-syntax-textblock	syntax diagram redundant with the adjacent text Syntax block	yes
img-04493	B	rule-residual-conceptual	conceptual/architecture diagram, screenshot or illustration redundant with prose	yes
img-04494	B	rule-residual-conceptual	conceptual/architecture diagram, screenshot or illustration redundant with prose	yes
img-04495	B	rule-residual-conceptual	conceptual/architecture diagram, screenshot or illustration redundant with prose	yes
img-04496	B	rule-residual-conceptual	conceptual/architecture diagram, screenshot or illustration redundant with prose	yes
img-04497	B	rule-residual-conceptual	conceptual/architecture diagram, screenshot or illustration redundant with prose	yes
img-04498	B	rule-cover	cover-page logo, carries no recoverable text	yes
img-04499	B	rule-table-cell	symbol/icon in a table cell, explained by the adjacent cell	yes
img-04500	B	rule-table-cell	symbol/icon in a table cell, explained by the adjacent cell	yes
img-04501	B	rule-table-cell	symbol/icon in a table cell, explained by the adjacent cell	yes
img-04502	B	rule-table-cell	symbol/icon in a table cell, explained by the adjacent cell	yes
img-04503	B	rule-table-cell	symbol/icon in a table cell, explained by the adjacent cell	yes
img-04504	B	rule-table-cell	symbol/icon in a table cell, explained by the adjacent cell	yes
img-04505	B	rule-table-cell	symbol/icon in a table cell, explained by the adjacent cell	yes
img-04506	B	rule-table-cell	symbol/icon in a table cell, explained by the adjacent cell	yes
img-04507	B	rule-table-cell	symbol/icon in a table cell, explained by the adjacent cell	yes
img-04508	B	rule-residual-conceptual	conceptual/architecture diagram, screenshot or illustration redundant with prose	yes
img-04509	C	rule-railroad-bnf	railroad diagram for a ::= grammar production, image-only grammar	yes
img-04510	C	rule-railroad-bnf	railroad diagram for a ::= grammar production, image-only grammar	yes
img-04511	C	rule-railroad-bnf	railroad diagram for a ::= grammar production, image-only grammar	yes
img-04512	C	rule-railroad-synhead	railroad diagram directly under a Syntax heading, image-only grammar	yes
img-04513	C	rule-railroad-synhead	railroad diagram directly under a Syntax heading, image-only grammar	yes
img-04514	C	rule-railroad-bnf	railroad diagram for a ::= grammar production, image-only grammar	yes
img-04515	C	rule-railroad-bnf	railroad diagram for a ::= grammar production, image-only grammar	yes
img-04516	C	rule-railroad-bnf	railroad diagram for a ::= grammar production, image-only grammar	yes
img-04517	C	rule-railroad-bnf	railroad diagram for a ::= grammar production, image-only grammar	yes
img-04518	C	rule-railroad-bnf	railroad diagram for a ::= grammar production, image-only grammar	yes
img-04519	C	rule-railroad-bnf	railroad diagram for a ::= grammar production, image-only grammar	yes
img-04520	C	rule-railroad-synhead	railroad diagram directly under a Syntax heading, image-only grammar	yes
img-04521	C	rule-railroad-synhead	railroad diagram directly under a Syntax heading, image-only grammar	yes
img-04522	C	rule-railroad-synhead	railroad diagram directly under a Syntax heading, image-only grammar	yes
img-04523	C	rule-railroad-synsection	railroad diagram in a Syntax section, image-only grammar	yes
img-04524	C	rule-railroad-synsection	railroad diagram in a Syntax section, image-only grammar	yes
img-04525	C	rule-railroad-synhead	railroad diagram directly under a Syntax heading, image-only grammar	yes
img-04526	C	rule-railroad-synsection	railroad diagram in a Syntax section, image-only grammar	yes
img-04527	B	rule-residual-conceptual	conceptual/architecture diagram, screenshot or illustration redundant with prose	yes
img-04528	C	rule-railroad-synhead	railroad diagram directly under a Syntax heading, image-only grammar	yes
img-04529	C	rule-railroad-synhead	railroad diagram directly under a Syntax heading, image-only grammar	yes
img-04530	C	rule-railroad-synhead	railroad diagram directly under a Syntax heading, image-only grammar	yes
img-04531	C	rule-railroad-synhead	railroad diagram directly under a Syntax heading, image-only grammar	yes
img-04532	C	rule-railroad-synhead	railroad diagram directly under a Syntax heading, image-only grammar	yes
img-04533	C	rule-railroad-synhead	railroad diagram directly under a Syntax heading, image-only grammar	yes
img-04534	C	rule-railroad-synhead	railroad diagram directly under a Syntax heading, image-only grammar	yes
img-04535	C	rule-railroad-synhead	railroad diagram directly under a Syntax heading, image-only grammar	yes
img-04536	C	rule-railroad-synhead	railroad diagram directly under a Syntax heading, image-only grammar	yes
img-04537	C	rule-railroad-synhead	railroad diagram directly under a Syntax heading, image-only grammar	yes
img-04538	C	rule-railroad-synhead	railroad diagram directly under a Syntax heading, image-only grammar	yes
img-04539	C	rule-railroad-synhead	railroad diagram directly under a Syntax heading, image-only grammar	yes
img-04540	C	rule-railroad-synhead	railroad diagram directly under a Syntax heading, image-only grammar	yes
img-04541	C	rule-railroad-synhead	railroad diagram directly under a Syntax heading, image-only grammar	yes
img-04542	C	rule-railroad-synhead	railroad diagram directly under a Syntax heading, image-only grammar	yes
img-04543	C	rule-railroad-synhead	railroad diagram directly under a Syntax heading, image-only grammar	yes
img-04544	C	rule-railroad-synhead	railroad diagram directly under a Syntax heading, image-only grammar	yes
img-04545	C	rule-railroad-synhead	railroad diagram directly under a Syntax heading, image-only grammar	yes
img-04546	C	rule-railroad-synhead	railroad diagram directly under a Syntax heading, image-only grammar	yes
img-04547	C	rule-railroad-synhead	railroad diagram directly under a Syntax heading, image-only grammar	yes
img-04548	C	rule-railroad-synsection	railroad diagram in a Syntax section, image-only grammar	yes
img-04549	C	rule-railroad-synhead	railroad diagram directly under a Syntax heading, image-only grammar	yes
img-04550	C	rule-railroad-synhead	railroad diagram directly under a Syntax heading, image-only grammar	yes
img-04551	C	rule-railroad-synhead	railroad diagram directly under a Syntax heading, image-only grammar	yes
img-04552	C	rule-railroad-synhead	railroad diagram directly under a Syntax heading, image-only grammar	yes
img-04553	C	rule-railroad-synhead	railroad diagram directly under a Syntax heading, image-only grammar	yes
img-04554	C	rule-railroad-synhead	railroad diagram directly under a Syntax heading, image-only grammar	yes
img-04555	B	rule-residual-conceptual	conceptual/architecture diagram, screenshot or illustration redundant with prose	yes
img-04556	C	rule-railroad-synhead	railroad diagram directly under a Syntax heading, image-only grammar	yes
img-04557	C	rule-railroad-synhead	railroad diagram directly under a Syntax heading, image-only grammar	yes
img-04558	B	rule-residual-conceptual	conceptual/architecture diagram, screenshot or illustration redundant with prose	yes
img-04559	C	rule-railroad-synhead	railroad diagram directly under a Syntax heading, image-only grammar	yes
img-04560	C	rule-railroad-synsection	railroad diagram in a Syntax section, image-only grammar	yes
img-04561	C	rule-railroad-synsection	railroad diagram in a Syntax section, image-only grammar	yes
img-04562	C	rule-railroad-synhead	railroad diagram directly under a Syntax heading, image-only grammar	yes
img-04563	C	rule-railroad-synhead	railroad diagram directly under a Syntax heading, image-only grammar	yes
img-04564	C	rule-railroad-synhead	railroad diagram directly under a Syntax heading, image-only grammar	yes
img-04565	B	rule-residual-conceptual	conceptual/architecture diagram, screenshot or illustration redundant with prose	yes
img-04566	C	rule-railroad-synhead	railroad diagram directly under a Syntax heading, image-only grammar	yes
img-04567	C	rule-railroad-synhead	railroad diagram directly under a Syntax heading, image-only grammar	yes
img-04568	C	rule-railroad-synhead	railroad diagram directly under a Syntax heading, image-only grammar	yes
img-04569	B	rule-residual-conceptual	conceptual/architecture diagram, screenshot or illustration redundant with prose	yes
img-04570	C	rule-railroad-synhead	railroad diagram directly under a Syntax heading, image-only grammar	yes
img-04571	B	rule-residual-conceptual	conceptual/architecture diagram, screenshot or illustration redundant with prose	yes
img-04572	C	rule-railroad-bnf	railroad diagram for a ::= grammar production, image-only grammar	yes
img-04573	C	rule-railroad-bnf	railroad diagram for a ::= grammar production, image-only grammar	yes
img-04574	C	rule-railroad-bnf	railroad diagram for a ::= grammar production, image-only grammar	yes
img-04575	C	rule-railroad-bnf	railroad diagram for a ::= grammar production, image-only grammar	yes
img-04576	C	rule-railroad-bnf	railroad diagram for a ::= grammar production, image-only grammar	yes
img-04577	C	rule-railroad-bnf	railroad diagram for a ::= grammar production, image-only grammar	yes
img-04578	C	rule-railroad-bnf	railroad diagram for a ::= grammar production, image-only grammar	yes
img-04579	C	rule-railroad-bnf	railroad diagram for a ::= grammar production, image-only grammar	yes
img-04580	C	rule-railroad-bnf	railroad diagram for a ::= grammar production, image-only grammar	yes
img-04581	C	rule-railroad-bnf	railroad diagram for a ::= grammar production, image-only grammar	yes
img-04582	C	rule-railroad-bnf	railroad diagram for a ::= grammar production, image-only grammar	yes
img-04583	C	rule-railroad-bnf	railroad diagram for a ::= grammar production, image-only grammar	yes
img-04584	B	rule-residual-conceptual	conceptual/architecture diagram, screenshot or illustration redundant with prose	yes
img-04585	B	rule-cover	cover-page logo, carries no recoverable text	yes
img-04586	B	rule-table-cell	symbol/icon in a table cell, explained by the adjacent cell	yes
img-04587	B	rule-table-cell	symbol/icon in a table cell, explained by the adjacent cell	yes
img-04588	B	rule-table-cell	symbol/icon in a table cell, explained by the adjacent cell	yes
img-04589	B	rule-table-cell	symbol/icon in a table cell, explained by the adjacent cell	yes
img-04590	B	rule-table-cell	symbol/icon in a table cell, explained by the adjacent cell	yes
img-04591	B	rule-table-cell	symbol/icon in a table cell, explained by the adjacent cell	yes
img-04592	B	rule-table-cell	symbol/icon in a table cell, explained by the adjacent cell	yes
img-04593	B	rule-table-cell	symbol/icon in a table cell, explained by the adjacent cell	yes
img-04594	B	rule-table-cell	symbol/icon in a table cell, explained by the adjacent cell	yes
img-04595	C	rule-railroad-synhead	railroad diagram directly under a Syntax heading, image-only grammar	yes
img-04596	B	rule-residual-conceptual	conceptual/architecture diagram, screenshot or illustration redundant with prose	yes
img-04597	B	rule-residual-conceptual	conceptual/architecture diagram, screenshot or illustration redundant with prose	yes
img-04598	B	rule-residual-conceptual	conceptual/architecture diagram, screenshot or illustration redundant with prose	yes
img-04599	B	rule-residual-conceptual	conceptual/architecture diagram, screenshot or illustration redundant with prose	yes
img-04600	B	rule-residual-conceptual	conceptual/architecture diagram, screenshot or illustration redundant with prose	yes
img-04601	B	rule-residual-conceptual	conceptual/architecture diagram, screenshot or illustration redundant with prose	yes
img-04602	B	rule-residual-conceptual	conceptual/architecture diagram, screenshot or illustration redundant with prose	yes
img-04603	B	rule-residual-conceptual	conceptual/architecture diagram, screenshot or illustration redundant with prose	yes
img-04604	B	rule-residual-conceptual	conceptual/architecture diagram, screenshot or illustration redundant with prose	yes
img-04605	B	rule-residual-conceptual	conceptual/architecture diagram, screenshot or illustration redundant with prose	yes
img-04606	B	rule-residual-conceptual	conceptual/architecture diagram, screenshot or illustration redundant with prose	yes
img-04607	B	rule-residual-conceptual	conceptual/architecture diagram, screenshot or illustration redundant with prose	yes
img-04608	C	rule-railroad-synsection	railroad diagram in a Syntax section, image-only grammar	yes
img-04609	B	rule-residual-conceptual	conceptual/architecture diagram, screenshot or illustration redundant with prose	yes
img-04610	C	rule-railroad-synhead	railroad diagram directly under a Syntax heading, image-only grammar	yes
img-04611	C	rule-railroad-synhead	railroad diagram directly under a Syntax heading, image-only grammar	yes
img-04612	C	rule-railroad-synhead	railroad diagram directly under a Syntax heading, image-only grammar	yes
img-04613	C	rule-railroad-synhead	railroad diagram directly under a Syntax heading, image-only grammar	yes
img-04614	C	rule-railroad-synhead	railroad diagram directly under a Syntax heading, image-only grammar	yes
img-04615	C	rule-railroad-synhead	railroad diagram directly under a Syntax heading, image-only grammar	yes
img-04616	C	rule-railroad-synhead	railroad diagram directly under a Syntax heading, image-only grammar	yes
img-04617	C	rule-railroad-synhead	railroad diagram directly under a Syntax heading, image-only grammar	yes
img-04618	C	rule-railroad-synhead	railroad diagram directly under a Syntax heading, image-only grammar	yes
img-04619	C	rule-railroad-synhead	railroad diagram directly under a Syntax heading, image-only grammar	yes
img-04620	C	rule-railroad-synhead	railroad diagram directly under a Syntax heading, image-only grammar	yes
img-04621	C	rule-railroad-synhead	railroad diagram directly under a Syntax heading, image-only grammar	yes
img-04622	C	rule-railroad-synhead	railroad diagram directly under a Syntax heading, image-only grammar	yes
img-04623	C	rule-railroad-synhead	railroad diagram directly under a Syntax heading, image-only grammar	yes
img-04624	C	rule-railroad-synhead	railroad diagram directly under a Syntax heading, image-only grammar	yes
img-04625	C	rule-railroad-synhead	railroad diagram directly under a Syntax heading, image-only grammar	yes
img-04626	C	rule-railroad-synhead	railroad diagram directly under a Syntax heading, image-only grammar	yes
img-04627	B	rule-cover	cover-page logo, carries no recoverable text	yes
img-04628	B	rule-table-cell	symbol/icon in a table cell, explained by the adjacent cell	yes
img-04629	B	rule-table-cell	symbol/icon in a table cell, explained by the adjacent cell	yes
img-04630	B	rule-table-cell	symbol/icon in a table cell, explained by the adjacent cell	yes
img-04631	B	rule-table-cell	symbol/icon in a table cell, explained by the adjacent cell	yes
img-04632	B	rule-table-cell	symbol/icon in a table cell, explained by the adjacent cell	yes
img-04633	B	rule-table-cell	symbol/icon in a table cell, explained by the adjacent cell	yes
img-04634	B	rule-table-cell	symbol/icon in a table cell, explained by the adjacent cell	yes
img-04635	B	rule-table-cell	symbol/icon in a table cell, explained by the adjacent cell	yes
img-04636	B	rule-table-cell	symbol/icon in a table cell, explained by the adjacent cell	yes
img-04637	B	rule-residual-conceptual	conceptual/architecture diagram, screenshot or illustration redundant with prose	yes
img-04638	B	rule-cover	cover-page logo, carries no recoverable text	yes
img-04639	B	rule-table-cell	symbol/icon in a table cell, explained by the adjacent cell	yes
img-04640	B	rule-table-cell	symbol/icon in a table cell, explained by the adjacent cell	yes
img-04641	B	rule-table-cell	symbol/icon in a table cell, explained by the adjacent cell	yes
img-04642	B	rule-table-cell	symbol/icon in a table cell, explained by the adjacent cell	yes
img-04643	B	rule-table-cell	symbol/icon in a table cell, explained by the adjacent cell	yes
img-04644	B	rule-table-cell	symbol/icon in a table cell, explained by the adjacent cell	yes
img-04645	B	rule-table-cell	symbol/icon in a table cell, explained by the adjacent cell	yes
img-04646	B	rule-table-cell	symbol/icon in a table cell, explained by the adjacent cell	yes
img-04647	B	rule-table-cell	symbol/icon in a table cell, explained by the adjacent cell	yes
img-04648	B	rule-cover	cover-page logo, carries no recoverable text	yes
img-04649	B	rule-table-cell	symbol/icon in a table cell, explained by the adjacent cell	yes
img-04650	B	rule-table-cell	symbol/icon in a table cell, explained by the adjacent cell	yes
img-04651	B	rule-table-cell	symbol/icon in a table cell, explained by the adjacent cell	yes
img-04652	B	rule-table-cell	symbol/icon in a table cell, explained by the adjacent cell	yes
img-04653	B	rule-table-cell	symbol/icon in a table cell, explained by the adjacent cell	yes
img-04654	B	rule-table-cell	symbol/icon in a table cell, explained by the adjacent cell	yes
img-04655	B	rule-table-cell	symbol/icon in a table cell, explained by the adjacent cell	yes
img-04656	B	rule-table-cell	symbol/icon in a table cell, explained by the adjacent cell	yes
img-04657	B	rule-table-cell	symbol/icon in a table cell, explained by the adjacent cell	yes
img-04658	B	rule-residual-conceptual	conceptual/architecture diagram, screenshot or illustration redundant with prose	yes
img-04659	B	rule-residual-conceptual	conceptual/architecture diagram, screenshot or illustration redundant with prose	yes
img-04660	B	rule-residual-conceptual	conceptual/architecture diagram, screenshot or illustration redundant with prose	yes
img-04661	B	rule-residual-conceptual	conceptual/architecture diagram, screenshot or illustration redundant with prose	yes
img-04662	B	rule-residual-conceptual	conceptual/architecture diagram, screenshot or illustration redundant with prose	yes
img-04663	B	rule-residual-conceptual	conceptual/architecture diagram, screenshot or illustration redundant with prose	yes
img-04664	B	rule-residual-conceptual	conceptual/architecture diagram, screenshot or illustration redundant with prose	yes
img-04665	B	rule-residual-conceptual	conceptual/architecture diagram, screenshot or illustration redundant with prose	yes
img-04666	B	rule-residual-conceptual	conceptual/architecture diagram, screenshot or illustration redundant with prose	yes
img-04667	B	rule-residual-conceptual	conceptual/architecture diagram, screenshot or illustration redundant with prose	yes
img-04668	B	rule-residual-conceptual	conceptual/architecture diagram, screenshot or illustration redundant with prose	yes
img-04669	B	rule-cover	cover-page logo, carries no recoverable text	yes
img-04670	B	rule-table-cell	symbol/icon in a table cell, explained by the adjacent cell	yes
img-04671	B	rule-table-cell	symbol/icon in a table cell, explained by the adjacent cell	yes
img-04672	B	rule-table-cell	symbol/icon in a table cell, explained by the adjacent cell	yes
img-04673	B	rule-table-cell	symbol/icon in a table cell, explained by the adjacent cell	yes
img-04674	B	rule-table-cell	symbol/icon in a table cell, explained by the adjacent cell	yes
img-04675	B	rule-table-cell	symbol/icon in a table cell, explained by the adjacent cell	yes
img-04676	B	rule-table-cell	symbol/icon in a table cell, explained by the adjacent cell	yes
img-04677	B	rule-table-cell	symbol/icon in a table cell, explained by the adjacent cell	yes
img-04678	B	rule-table-cell	symbol/icon in a table cell, explained by the adjacent cell	yes
img-04679	B	rule-residual-conceptual	conceptual/architecture diagram, screenshot or illustration redundant with prose	yes
img-04680	B	rule-residual-conceptual	conceptual/architecture diagram, screenshot or illustration redundant with prose	yes
img-04681	B	rule-residual-conceptual	conceptual/architecture diagram, screenshot or illustration redundant with prose	yes
img-04682	B	rule-cover	cover-page logo, carries no recoverable text	yes
img-04683	B	rule-table-cell	symbol/icon in a table cell, explained by the adjacent cell	yes
img-04684	B	rule-table-cell	symbol/icon in a table cell, explained by the adjacent cell	yes
img-04685	B	rule-table-cell	symbol/icon in a table cell, explained by the adjacent cell	yes
img-04686	B	rule-table-cell	symbol/icon in a table cell, explained by the adjacent cell	yes
img-04687	B	rule-table-cell	symbol/icon in a table cell, explained by the adjacent cell	yes
img-04688	B	rule-table-cell	symbol/icon in a table cell, explained by the adjacent cell	yes
img-04689	B	rule-table-cell	symbol/icon in a table cell, explained by the adjacent cell	yes
img-04690	B	rule-table-cell	symbol/icon in a table cell, explained by the adjacent cell	yes
img-04691	B	rule-table-cell	symbol/icon in a table cell, explained by the adjacent cell	yes
img-04692	B	rule-residual-conceptual	conceptual/architecture diagram, screenshot or illustration redundant with prose	yes
img-04693	B	rule-residual-conceptual	conceptual/architecture diagram, screenshot or illustration redundant with prose	yes
img-04694	B	rule-residual-conceptual	conceptual/architecture diagram, screenshot or illustration redundant with prose	yes
img-04695	B	rule-residual-conceptual	conceptual/architecture diagram, screenshot or illustration redundant with prose	yes
img-04696	B	rule-cover	cover-page logo, carries no recoverable text	yes
img-04697	B	rule-table-cell	symbol/icon in a table cell, explained by the adjacent cell	yes
img-04698	B	rule-table-cell	symbol/icon in a table cell, explained by the adjacent cell	yes
img-04699	B	rule-table-cell	symbol/icon in a table cell, explained by the adjacent cell	yes
img-04700	B	rule-table-cell	symbol/icon in a table cell, explained by the adjacent cell	yes
img-04701	B	rule-table-cell	symbol/icon in a table cell, explained by the adjacent cell	yes
img-04702	B	rule-table-cell	symbol/icon in a table cell, explained by the adjacent cell	yes
img-04703	B	rule-table-cell	symbol/icon in a table cell, explained by the adjacent cell	yes
img-04704	B	rule-table-cell	symbol/icon in a table cell, explained by the adjacent cell	yes
img-04705	B	rule-table-cell	symbol/icon in a table cell, explained by the adjacent cell	yes
img-04706	B	rule-residual-conceptual	conceptual/architecture diagram, screenshot or illustration redundant with prose	yes
img-04707	B	rule-residual-conceptual	conceptual/architecture diagram, screenshot or illustration redundant with prose	yes
img-04708	B	rule-residual-conceptual	conceptual/architecture diagram, screenshot or illustration redundant with prose	yes
img-04709	B	rule-residual-conceptual	conceptual/architecture diagram, screenshot or illustration redundant with prose	yes
img-04710	B	rule-residual-conceptual	conceptual/architecture diagram, screenshot or illustration redundant with prose	yes
img-04711	B	rule-residual-conceptual	conceptual/architecture diagram, screenshot or illustration redundant with prose	yes
img-04712	B	rule-residual-conceptual	conceptual/architecture diagram, screenshot or illustration redundant with prose	yes
img-04713	B	rule-residual-conceptual	conceptual/architecture diagram, screenshot or illustration redundant with prose	yes
img-04714	B	rule-residual-conceptual	conceptual/architecture diagram, screenshot or illustration redundant with prose	yes
img-04715	B	rule-residual-conceptual	conceptual/architecture diagram, screenshot or illustration redundant with prose	yes
img-04716	B	rule-residual-conceptual	conceptual/architecture diagram, screenshot or illustration redundant with prose	yes
img-04717	B	rule-residual-conceptual	conceptual/architecture diagram, screenshot or illustration redundant with prose	yes
img-04718	B	rule-residual-conceptual	conceptual/architecture diagram, screenshot or illustration redundant with prose	yes
img-04719	B	rule-residual-conceptual	conceptual/architecture diagram, screenshot or illustration redundant with prose	yes
img-04720	B	rule-residual-conceptual	conceptual/architecture diagram, screenshot or illustration redundant with prose	yes
img-04721	B	rule-residual-conceptual	conceptual/architecture diagram, screenshot or illustration redundant with prose	yes
img-04722	B	rule-residual-conceptual	conceptual/architecture diagram, screenshot or illustration redundant with prose	yes
img-04723	B	rule-residual-conceptual	conceptual/architecture diagram, screenshot or illustration redundant with prose	yes
img-04724	B	rule-residual-conceptual	conceptual/architecture diagram, screenshot or illustration redundant with prose	yes
img-04725	B	rule-residual-conceptual	conceptual/architecture diagram, screenshot or illustration redundant with prose	yes
img-04726	B	rule-residual-conceptual	conceptual/architecture diagram, screenshot or illustration redundant with prose	yes
img-04727	B	rule-residual-conceptual	conceptual/architecture diagram, screenshot or illustration redundant with prose	yes
img-04728	B	rule-residual-conceptual	conceptual/architecture diagram, screenshot or illustration redundant with prose	yes
img-04729	B	rule-residual-conceptual	conceptual/architecture diagram, screenshot or illustration redundant with prose	yes
img-04730	B	rule-residual-conceptual	conceptual/architecture diagram, screenshot or illustration redundant with prose	yes
img-04731	B	rule-residual-conceptual	conceptual/architecture diagram, screenshot or illustration redundant with prose	yes
img-04732	B	rule-residual-conceptual	conceptual/architecture diagram, screenshot or illustration redundant with prose	yes
img-04733	B	rule-residual-conceptual	conceptual/architecture diagram, screenshot or illustration redundant with prose	yes
img-04734	B	rule-residual-conceptual	conceptual/architecture diagram, screenshot or illustration redundant with prose	yes
img-04735	E	vision	decision flowchart: index-type classification by YES/No decision diamonds	yes
img-04736	B	rule-residual-conceptual	conceptual/architecture diagram, screenshot or illustration redundant with prose	yes
img-04737	B	rule-residual-conceptual	conceptual/architecture diagram, screenshot or illustration redundant with prose	yes
img-04738	B	rule-residual-conceptual	conceptual/architecture diagram, screenshot or illustration redundant with prose	yes
img-04739	B	rule-residual-conceptual	conceptual/architecture diagram, screenshot or illustration redundant with prose	yes
img-04740	B	rule-residual-conceptual	conceptual/architecture diagram, screenshot or illustration redundant with prose	yes
img-04741	B	rule-residual-conceptual	conceptual/architecture diagram, screenshot or illustration redundant with prose	yes
img-04742	B	rule-residual-conceptual	conceptual/architecture diagram, screenshot or illustration redundant with prose	yes
img-04743	B	rule-residual-conceptual	conceptual/architecture diagram, screenshot or illustration redundant with prose	yes
img-04744	B	rule-residual-conceptual	conceptual/architecture diagram, screenshot or illustration redundant with prose	yes
img-04745	B	rule-residual-conceptual	conceptual/architecture diagram, screenshot or illustration redundant with prose	yes
img-04746	B	rule-residual-conceptual	conceptual/architecture diagram, screenshot or illustration redundant with prose	yes
img-04747	B	rule-residual-conceptual	conceptual/architecture diagram, screenshot or illustration redundant with prose	yes
img-04748	B	rule-residual-conceptual	conceptual/architecture diagram, screenshot or illustration redundant with prose	yes
img-04749	B	rule-residual-conceptual	conceptual/architecture diagram, screenshot or illustration redundant with prose	yes
img-04750	B	rule-residual-conceptual	conceptual/architecture diagram, screenshot or illustration redundant with prose	yes
img-04751	B	rule-residual-conceptual	conceptual/architecture diagram, screenshot or illustration redundant with prose	yes
img-04752	B	rule-residual-conceptual	conceptual/architecture diagram, screenshot or illustration redundant with prose	yes
img-04753	B	rule-residual-conceptual	conceptual/architecture diagram, screenshot or illustration redundant with prose	yes
img-04754	B	rule-residual-conceptual	conceptual/architecture diagram, screenshot or illustration redundant with prose	yes
img-04755	B	rule-residual-conceptual	conceptual/architecture diagram, screenshot or illustration redundant with prose	yes
img-04756	B	rule-residual-conceptual	conceptual/architecture diagram, screenshot or illustration redundant with prose	yes
img-04757	B	rule-residual-conceptual	conceptual/architecture diagram, screenshot or illustration redundant with prose	yes
img-04758	B	rule-residual-conceptual	conceptual/architecture diagram, screenshot or illustration redundant with prose	yes
img-04759	B	rule-residual-conceptual	conceptual/architecture diagram, screenshot or illustration redundant with prose	yes
img-04760	B	rule-residual-conceptual	conceptual/architecture diagram, screenshot or illustration redundant with prose	yes
img-04761	B	rule-residual-conceptual	conceptual/architecture diagram, screenshot or illustration redundant with prose	yes
img-04762	B	rule-residual-conceptual	conceptual/architecture diagram, screenshot or illustration redundant with prose	yes
img-04763	B	rule-residual-conceptual	conceptual/architecture diagram, screenshot or illustration redundant with prose	yes
img-04764	B	rule-residual-conceptual	conceptual/architecture diagram, screenshot or illustration redundant with prose	yes
img-04765	B	rule-residual-conceptual	conceptual/architecture diagram, screenshot or illustration redundant with prose	yes
img-04766	B	rule-residual-conceptual	conceptual/architecture diagram, screenshot or illustration redundant with prose	yes
img-04767	B	rule-residual-conceptual	conceptual/architecture diagram, screenshot or illustration redundant with prose	yes
img-04768	B	rule-residual-conceptual	conceptual/architecture diagram, screenshot or illustration redundant with prose	yes
img-04769	B	rule-residual-conceptual	conceptual/architecture diagram, screenshot or illustration redundant with prose	yes
img-04770	B	rule-residual-conceptual	conceptual/architecture diagram, screenshot or illustration redundant with prose	yes
img-04771	E	vision	process flowchart: troubleshooting procedure (check log -> judge -> collect -> analyse)	yes
img-04772	B	rule-cover	cover-page logo, carries no recoverable text	yes
img-04773	B	rule-table-cell	symbol/icon in a table cell, explained by the adjacent cell	yes
img-04774	B	rule-table-cell	symbol/icon in a table cell, explained by the adjacent cell	yes
img-04775	B	rule-table-cell	symbol/icon in a table cell, explained by the adjacent cell	yes
img-04776	B	rule-table-cell	symbol/icon in a table cell, explained by the adjacent cell	yes
img-04777	B	rule-table-cell	symbol/icon in a table cell, explained by the adjacent cell	yes
img-04778	B	rule-table-cell	symbol/icon in a table cell, explained by the adjacent cell	yes
img-04779	B	rule-table-cell	symbol/icon in a table cell, explained by the adjacent cell	yes
img-04780	B	rule-table-cell	symbol/icon in a table cell, explained by the adjacent cell	yes
img-04781	B	rule-table-cell	symbol/icon in a table cell, explained by the adjacent cell	yes
img-04782	B	rule-residual-conceptual	conceptual/architecture diagram, screenshot or illustration redundant with prose	yes
img-04783	B	rule-residual-conceptual	conceptual/architecture diagram, screenshot or illustration redundant with prose	yes
img-04784	B	rule-residual-conceptual	conceptual/architecture diagram, screenshot or illustration redundant with prose	yes
img-04785	B	rule-residual-conceptual	conceptual/architecture diagram, screenshot or illustration redundant with prose	yes
img-04786	B	rule-cover	cover-page logo, carries no recoverable text	yes
img-04787	B	rule-cover	cover-page logo, carries no recoverable text	yes
img-04788	B	rule-table-cell	symbol/icon in a table cell, explained by the adjacent cell	yes
img-04789	B	rule-table-cell	symbol/icon in a table cell, explained by the adjacent cell	yes
img-04790	B	rule-table-cell	symbol/icon in a table cell, explained by the adjacent cell	yes
img-04791	B	rule-table-cell	symbol/icon in a table cell, explained by the adjacent cell	yes
img-04792	B	rule-table-cell	symbol/icon in a table cell, explained by the adjacent cell	yes
img-04793	B	rule-table-cell	symbol/icon in a table cell, explained by the adjacent cell	yes
img-04794	B	rule-table-cell	symbol/icon in a table cell, explained by the adjacent cell	yes
img-04795	B	rule-table-cell	symbol/icon in a table cell, explained by the adjacent cell	yes
img-04796	B	rule-table-cell	symbol/icon in a table cell, explained by the adjacent cell	yes
img-04797	B	rule-residual-conceptual	conceptual/architecture diagram, screenshot or illustration redundant with prose	yes
img-04798	B	rule-residual-conceptual	conceptual/architecture diagram, screenshot or illustration redundant with prose	yes
img-04799	B	rule-residual-conceptual	conceptual/architecture diagram, screenshot or illustration redundant with prose	yes
img-04800	B	rule-residual-conceptual	conceptual/architecture diagram, screenshot or illustration redundant with prose	yes
img-04801	B	rule-residual-conceptual	conceptual/architecture diagram, screenshot or illustration redundant with prose	yes
img-04802	B	rule-residual-conceptual	conceptual/architecture diagram, screenshot or illustration redundant with prose	yes
img-04803	B	rule-residual-conceptual	conceptual/architecture diagram, screenshot or illustration redundant with prose	yes
img-04804	B	rule-residual-conceptual	conceptual/architecture diagram, screenshot or illustration redundant with prose	yes
img-04805	B	rule-residual-conceptual	conceptual/architecture diagram, screenshot or illustration redundant with prose	yes
img-04806	B	rule-residual-conceptual	conceptual/architecture diagram, screenshot or illustration redundant with prose	yes
img-04807	B	rule-residual-conceptual	conceptual/architecture diagram, screenshot or illustration redundant with prose	yes
img-04808	B	rule-residual-conceptual	conceptual/architecture diagram, screenshot or illustration redundant with prose	yes
img-04809	B	rule-residual-conceptual	conceptual/architecture diagram, screenshot or illustration redundant with prose	yes
img-04810	B	rule-residual-conceptual	conceptual/architecture diagram, screenshot or illustration redundant with prose	yes
img-04811	B	rule-residual-conceptual	conceptual/architecture diagram, screenshot or illustration redundant with prose	yes
img-04812	B	rule-residual-conceptual	conceptual/architecture diagram, screenshot or illustration redundant with prose	yes
img-04813	B	rule-residual-conceptual	conceptual/architecture diagram, screenshot or illustration redundant with prose	yes
img-04814	B	rule-cover	cover-page logo, carries no recoverable text	yes
img-04815	B	rule-table-cell	symbol/icon in a table cell, explained by the adjacent cell	yes
img-04816	B	rule-table-cell	symbol/icon in a table cell, explained by the adjacent cell	yes
img-04817	B	rule-table-cell	symbol/icon in a table cell, explained by the adjacent cell	yes
img-04818	B	rule-table-cell	symbol/icon in a table cell, explained by the adjacent cell	yes
img-04819	B	rule-table-cell	symbol/icon in a table cell, explained by the adjacent cell	yes
img-04820	B	rule-table-cell	symbol/icon in a table cell, explained by the adjacent cell	yes
img-04821	B	rule-table-cell	symbol/icon in a table cell, explained by the adjacent cell	yes
img-04822	B	rule-table-cell	symbol/icon in a table cell, explained by the adjacent cell	yes
img-04823	B	rule-table-cell	symbol/icon in a table cell, explained by the adjacent cell	yes
img-04824	B	rule-residual-conceptual	conceptual/architecture diagram, screenshot or illustration redundant with prose	yes
img-04825	B	rule-residual-conceptual	conceptual/architecture diagram, screenshot or illustration redundant with prose	yes
img-04826	B	rule-residual-conceptual	conceptual/architecture diagram, screenshot or illustration redundant with prose	yes
img-04827	B	rule-residual-conceptual	conceptual/architecture diagram, screenshot or illustration redundant with prose	yes
img-04828	C	rule-railroad-bnf	railroad diagram for a ::= grammar production, image-only grammar	yes
img-04829	C	rule-railroad-bnf	railroad diagram for a ::= grammar production, image-only grammar	yes
img-04830	C	rule-railroad-bnf	railroad diagram for a ::= grammar production, image-only grammar	yes
img-04831	C	rule-railroad-bnf	railroad diagram for a ::= grammar production, image-only grammar	yes
img-04832	B	rule-cover	cover-page logo, carries no recoverable text	yes
img-04833	B	rule-cover	cover-page logo, carries no recoverable text	yes
img-04834	B	rule-table-cell	symbol/icon in a table cell, explained by the adjacent cell	yes
img-04835	B	rule-table-cell	symbol/icon in a table cell, explained by the adjacent cell	yes
img-04836	B	rule-table-cell	symbol/icon in a table cell, explained by the adjacent cell	yes
img-04837	B	rule-table-cell	symbol/icon in a table cell, explained by the adjacent cell	yes
img-04838	B	rule-table-cell	symbol/icon in a table cell, explained by the adjacent cell	yes
img-04839	B	rule-table-cell	symbol/icon in a table cell, explained by the adjacent cell	yes
img-04840	B	rule-table-cell	symbol/icon in a table cell, explained by the adjacent cell	yes
img-04841	B	rule-table-cell	symbol/icon in a table cell, explained by the adjacent cell	yes
img-04842	B	rule-table-cell	symbol/icon in a table cell, explained by the adjacent cell	yes
img-04843	B	rule-residual-conceptual	conceptual/architecture diagram, screenshot or illustration redundant with prose	yes
img-04844	C	rule-railroad-synhead	railroad diagram directly under a Syntax heading, image-only grammar	yes
img-04845	C	rule-railroad-synhead	railroad diagram directly under a Syntax heading, image-only grammar	yes
img-04846	C	rule-railroad-bnf	railroad diagram for a ::= grammar production, image-only grammar	yes
img-04847	C	rule-railroad-bnf	railroad diagram for a ::= grammar production, image-only grammar	yes
img-04848	C	rule-railroad-bnf	railroad diagram for a ::= grammar production, image-only grammar	yes
img-04849	C	rule-railroad-bnf	railroad diagram for a ::= grammar production, image-only grammar	yes
img-04850	C	rule-railroad-bnf	railroad diagram for a ::= grammar production, image-only grammar	yes
img-04851	C	rule-railroad-bnf	railroad diagram for a ::= grammar production, image-only grammar	yes
img-04852	C	rule-railroad-bnf	railroad diagram for a ::= grammar production, image-only grammar	yes
img-04853	C	rule-railroad-synhead	railroad diagram directly under a Syntax heading, image-only grammar	yes
img-04854	C	rule-railroad-bnf	railroad diagram for a ::= grammar production, image-only grammar	yes
img-04855	C	rule-railroad-bnf	railroad diagram for a ::= grammar production, image-only grammar	yes
img-04856	C	rule-railroad-bnf	railroad diagram for a ::= grammar production, image-only grammar	yes
img-04857	C	rule-railroad-bnf	railroad diagram for a ::= grammar production, image-only grammar	yes
img-04858	C	rule-railroad-bnf	railroad diagram for a ::= grammar production, image-only grammar	yes
img-04859	C	rule-railroad-bnf	railroad diagram for a ::= grammar production, image-only grammar	yes
img-04860	C	rule-railroad-synhead	railroad diagram directly under a Syntax heading, image-only grammar	yes
img-04861	C	rule-railroad-bnf	railroad diagram for a ::= grammar production, image-only grammar	yes
img-04862	C	rule-railroad-bnf	railroad diagram for a ::= grammar production, image-only grammar	yes
img-04863	C	rule-railroad-bnf	railroad diagram for a ::= grammar production, image-only grammar	yes
img-04864	B	rule-cover	cover-page logo, carries no recoverable text	yes
img-04865	B	rule-table-cell	symbol/icon in a table cell, explained by the adjacent cell	yes
img-04866	B	rule-table-cell	symbol/icon in a table cell, explained by the adjacent cell	yes
img-04867	B	rule-table-cell	symbol/icon in a table cell, explained by the adjacent cell	yes
img-04868	B	rule-table-cell	symbol/icon in a table cell, explained by the adjacent cell	yes
img-04869	B	rule-table-cell	symbol/icon in a table cell, explained by the adjacent cell	yes
img-04870	B	rule-table-cell	symbol/icon in a table cell, explained by the adjacent cell	yes
img-04871	B	rule-table-cell	symbol/icon in a table cell, explained by the adjacent cell	yes
img-04872	B	rule-table-cell	symbol/icon in a table cell, explained by the adjacent cell	yes
img-04873	B	rule-table-cell	symbol/icon in a table cell, explained by the adjacent cell	yes
img-04874	A	rule-syntax-textblock	syntax diagram redundant with the adjacent text Syntax block	yes
img-04875	A	rule-syntax-textblock	syntax diagram redundant with the adjacent text Syntax block	yes
img-04876	A	rule-syntax-textblock	syntax diagram redundant with the adjacent text Syntax block	yes
img-04877	A	rule-syntax-textblock	syntax diagram redundant with the adjacent text Syntax block	yes
img-04878	A	rule-syntax-textblock	syntax diagram redundant with the adjacent text Syntax block	yes
img-04879	A	rule-syntax-textblock	syntax diagram redundant with the adjacent text Syntax block	yes
img-04880	A	rule-syntax-textblock	syntax diagram redundant with the adjacent text Syntax block	yes
img-04881	A	rule-syntax-textblock	syntax diagram redundant with the adjacent text Syntax block	yes
img-04882	A	rule-syntax-textblock	syntax diagram redundant with the adjacent text Syntax block	yes
img-04883	A	rule-syntax-textblock	syntax diagram redundant with the adjacent text Syntax block	yes
img-04884	A	rule-syntax-textblock	syntax diagram redundant with the adjacent text Syntax block	yes
img-04885	A	rule-syntax-textblock	syntax diagram redundant with the adjacent text Syntax block	yes
img-04886	A	rule-syntax-textblock	syntax diagram redundant with the adjacent text Syntax block	yes
img-04887	A	rule-syntax-textblock	syntax diagram redundant with the adjacent text Syntax block	yes
img-04888	A	rule-syntax-textblock	syntax diagram redundant with the adjacent text Syntax block	yes
img-04889	A	rule-syntax-textblock	syntax diagram redundant with the adjacent text Syntax block	yes
img-04890	A	rule-syntax-textblock	syntax diagram redundant with the adjacent text Syntax block	yes
img-04891	A	rule-syntax-textblock	syntax diagram redundant with the adjacent text Syntax block	yes
img-04892	A	rule-syntax-textblock	syntax diagram redundant with the adjacent text Syntax block	yes
img-04893	A	rule-syntax-textblock	syntax diagram redundant with the adjacent text Syntax block	yes
img-04894	A	rule-syntax-textblock	syntax diagram redundant with the adjacent text Syntax block	yes
img-04895	B	rule-cover	cover-page logo, carries no recoverable text	yes
img-04896	B	rule-table-cell	symbol/icon in a table cell, explained by the adjacent cell	yes
img-04897	B	rule-table-cell	symbol/icon in a table cell, explained by the adjacent cell	yes
img-04898	B	rule-table-cell	symbol/icon in a table cell, explained by the adjacent cell	yes
img-04899	B	rule-table-cell	symbol/icon in a table cell, explained by the adjacent cell	yes
img-04900	B	rule-table-cell	symbol/icon in a table cell, explained by the adjacent cell	yes
img-04901	B	rule-table-cell	symbol/icon in a table cell, explained by the adjacent cell	yes
img-04902	B	rule-table-cell	symbol/icon in a table cell, explained by the adjacent cell	yes
img-04903	B	rule-table-cell	symbol/icon in a table cell, explained by the adjacent cell	yes
img-04904	B	rule-table-cell	symbol/icon in a table cell, explained by the adjacent cell	yes
img-04905	B	rule-residual-conceptual	conceptual/architecture diagram, screenshot or illustration redundant with prose	yes
img-04906	B	rule-cover	cover-page logo, carries no recoverable text	yes
img-04907	B	rule-table-cell	symbol/icon in a table cell, explained by the adjacent cell	yes
img-04908	B	rule-table-cell	symbol/icon in a table cell, explained by the adjacent cell	yes
img-04909	B	rule-table-cell	symbol/icon in a table cell, explained by the adjacent cell	yes
img-04910	B	rule-table-cell	symbol/icon in a table cell, explained by the adjacent cell	yes
img-04911	B	rule-table-cell	symbol/icon in a table cell, explained by the adjacent cell	yes
img-04912	B	rule-table-cell	symbol/icon in a table cell, explained by the adjacent cell	yes
img-04913	B	rule-table-cell	symbol/icon in a table cell, explained by the adjacent cell	yes
img-04914	B	rule-table-cell	symbol/icon in a table cell, explained by the adjacent cell	yes
img-04915	B	rule-table-cell	symbol/icon in a table cell, explained by the adjacent cell	yes
img-04916	B	rule-residual-conceptual	conceptual/architecture diagram, screenshot or illustration redundant with prose	yes
img-04917	B	rule-residual-conceptual	conceptual/architecture diagram, screenshot or illustration redundant with prose	yes
img-04918	B	rule-residual-conceptual	conceptual/architecture diagram, screenshot or illustration redundant with prose	yes
img-04919	B	rule-cover	cover-page logo, carries no recoverable text	yes
img-04920	B	rule-cover	cover-page logo, carries no recoverable text	yes
img-04921	B	rule-residual-conceptual	conceptual/architecture diagram, screenshot or illustration redundant with prose	yes
img-04922	B	rule-residual-conceptual	conceptual/architecture diagram, screenshot or illustration redundant with prose	yes
img-04923	B	rule-residual-conceptual	conceptual/architecture diagram, screenshot or illustration redundant with prose	yes
img-04924	B	rule-residual-conceptual	conceptual/architecture diagram, screenshot or illustration redundant with prose	yes
img-04925	B	rule-residual-conceptual	conceptual/architecture diagram, screenshot or illustration redundant with prose	yes
img-04926	B	rule-residual-conceptual	conceptual/architecture diagram, screenshot or illustration redundant with prose	yes
img-04927	B	rule-residual-conceptual	conceptual/architecture diagram, screenshot or illustration redundant with prose	yes
img-04928	B	rule-residual-conceptual	conceptual/architecture diagram, screenshot or illustration redundant with prose	yes
img-04929	B	rule-residual-conceptual	conceptual/architecture diagram, screenshot or illustration redundant with prose	yes
img-04930	B	rule-residual-conceptual	conceptual/architecture diagram, screenshot or illustration redundant with prose	yes
img-04931	B	rule-residual-conceptual	conceptual/architecture diagram, screenshot or illustration redundant with prose	yes
img-04932	B	rule-residual-conceptual	conceptual/architecture diagram, screenshot or illustration redundant with prose	yes
img-04933	B	rule-residual-conceptual	conceptual/architecture diagram, screenshot or illustration redundant with prose	yes
img-04934	B	rule-residual-conceptual	conceptual/architecture diagram, screenshot or illustration redundant with prose	yes
img-04935	B	rule-residual-conceptual	conceptual/architecture diagram, screenshot or illustration redundant with prose	yes
img-04936	B	rule-residual-conceptual	conceptual/architecture diagram, screenshot or illustration redundant with prose	yes
img-04937	B	rule-residual-conceptual	conceptual/architecture diagram, screenshot or illustration redundant with prose	yes
img-04938	B	rule-residual-conceptual	conceptual/architecture diagram, screenshot or illustration redundant with prose	yes
img-04939	B	rule-residual-conceptual	conceptual/architecture diagram, screenshot or illustration redundant with prose	yes
img-04940	B	rule-residual-conceptual	conceptual/architecture diagram, screenshot or illustration redundant with prose	yes
img-04941	B	rule-residual-conceptual	conceptual/architecture diagram, screenshot or illustration redundant with prose	yes
img-04942	B	rule-residual-conceptual	conceptual/architecture diagram, screenshot or illustration redundant with prose	yes
img-04943	B	rule-residual-conceptual	conceptual/architecture diagram, screenshot or illustration redundant with prose	yes
img-04944	B	rule-residual-conceptual	conceptual/architecture diagram, screenshot or illustration redundant with prose	yes
img-04945	B	rule-residual-conceptual	conceptual/architecture diagram, screenshot or illustration redundant with prose	yes
img-04946	B	rule-residual-conceptual	conceptual/architecture diagram, screenshot or illustration redundant with prose	yes
img-04947	B	rule-residual-conceptual	conceptual/architecture diagram, screenshot or illustration redundant with prose	yes
img-04948	B	rule-residual-conceptual	conceptual/architecture diagram, screenshot or illustration redundant with prose	yes
img-04949	B	rule-residual-conceptual	conceptual/architecture diagram, screenshot or illustration redundant with prose	yes
img-04950	B	rule-residual-conceptual	conceptual/architecture diagram, screenshot or illustration redundant with prose	yes
img-04951	B	rule-residual-conceptual	conceptual/architecture diagram, screenshot or illustration redundant with prose	yes
img-04952	B	rule-residual-conceptual	conceptual/architecture diagram, screenshot or illustration redundant with prose	yes
img-04953	B	rule-residual-conceptual	conceptual/architecture diagram, screenshot or illustration redundant with prose	yes
img-04954	B	rule-residual-conceptual	conceptual/architecture diagram, screenshot or illustration redundant with prose	yes
img-04955	B	rule-residual-conceptual	conceptual/architecture diagram, screenshot or illustration redundant with prose	yes
img-04956	B	rule-residual-conceptual	conceptual/architecture diagram, screenshot or illustration redundant with prose	yes
img-04957	B	rule-cover	cover-page logo, carries no recoverable text	yes
img-04958	B	rule-table-cell	symbol/icon in a table cell, explained by the adjacent cell	yes
img-04959	B	rule-table-cell	symbol/icon in a table cell, explained by the adjacent cell	yes
img-04960	B	rule-table-cell	symbol/icon in a table cell, explained by the adjacent cell	yes
img-04961	B	rule-table-cell	symbol/icon in a table cell, explained by the adjacent cell	yes
img-04962	B	rule-table-cell	symbol/icon in a table cell, explained by the adjacent cell	yes
img-04963	B	rule-table-cell	symbol/icon in a table cell, explained by the adjacent cell	yes
img-04964	B	rule-table-cell	symbol/icon in a table cell, explained by the adjacent cell	yes
img-04965	B	rule-table-cell	symbol/icon in a table cell, explained by the adjacent cell	yes
img-04966	B	rule-table-cell	symbol/icon in a table cell, explained by the adjacent cell	yes
img-04967	B	rule-cover	cover-page logo, carries no recoverable text	yes
img-04968	B	rule-table-cell	symbol/icon in a table cell, explained by the adjacent cell	yes
img-04969	B	rule-table-cell	symbol/icon in a table cell, explained by the adjacent cell	yes
img-04970	B	rule-table-cell	symbol/icon in a table cell, explained by the adjacent cell	yes
img-04971	B	rule-table-cell	symbol/icon in a table cell, explained by the adjacent cell	yes
img-04972	B	rule-table-cell	symbol/icon in a table cell, explained by the adjacent cell	yes
img-04973	B	rule-table-cell	symbol/icon in a table cell, explained by the adjacent cell	yes
img-04974	B	rule-table-cell	symbol/icon in a table cell, explained by the adjacent cell	yes
img-04975	B	rule-table-cell	symbol/icon in a table cell, explained by the adjacent cell	yes
img-04976	B	rule-table-cell	symbol/icon in a table cell, explained by the adjacent cell	yes
img-04977	B	rule-residual-conceptual	conceptual/architecture diagram, screenshot or illustration redundant with prose	yes
img-04978	B	rule-residual-conceptual	conceptual/architecture diagram, screenshot or illustration redundant with prose	yes
img-04979	E	vision	process flowchart with loop: Log Analysis API usage steps STEP1..STEP5	yes
img-04980	B	rule-cover	cover-page logo, carries no recoverable text	yes
img-04981	B	rule-table-cell	symbol/icon in a table cell, explained by the adjacent cell	yes
img-04982	B	rule-table-cell	symbol/icon in a table cell, explained by the adjacent cell	yes
img-04983	B	rule-table-cell	symbol/icon in a table cell, explained by the adjacent cell	yes
img-04984	B	rule-table-cell	symbol/icon in a table cell, explained by the adjacent cell	yes
img-04985	B	rule-table-cell	symbol/icon in a table cell, explained by the adjacent cell	yes
img-04986	B	rule-table-cell	symbol/icon in a table cell, explained by the adjacent cell	yes
img-04987	B	rule-table-cell	symbol/icon in a table cell, explained by the adjacent cell	yes
img-04988	B	rule-table-cell	symbol/icon in a table cell, explained by the adjacent cell	yes
img-04989	B	rule-table-cell	symbol/icon in a table cell, explained by the adjacent cell	yes
img-04990	B	rule-cover	cover-page logo, carries no recoverable text	yes
img-04991	B	rule-residual-conceptual	conceptual/architecture diagram, screenshot or illustration redundant with prose	yes
img-04992	B	rule-residual-conceptual	conceptual/architecture diagram, screenshot or illustration redundant with prose	yes
img-04993	B	rule-residual-conceptual	conceptual/architecture diagram, screenshot or illustration redundant with prose	yes
img-04994	B	rule-cover	cover-page logo, carries no recoverable text	yes
img-04995	B	rule-table-cell	symbol/icon in a table cell, explained by the adjacent cell	yes
img-04996	B	rule-table-cell	symbol/icon in a table cell, explained by the adjacent cell	yes
img-04997	B	rule-table-cell	symbol/icon in a table cell, explained by the adjacent cell	yes
img-04998	B	rule-table-cell	symbol/icon in a table cell, explained by the adjacent cell	yes
img-04999	B	rule-table-cell	symbol/icon in a table cell, explained by the adjacent cell	yes
img-05000	B	rule-table-cell	symbol/icon in a table cell, explained by the adjacent cell	yes
img-05001	B	rule-table-cell	symbol/icon in a table cell, explained by the adjacent cell	yes
img-05002	B	rule-table-cell	symbol/icon in a table cell, explained by the adjacent cell	yes
img-05003	B	rule-table-cell	symbol/icon in a table cell, explained by the adjacent cell	yes
img-05004	E	vision	process flowchart: client/server query-processing pipeline (Parsing-Validation-Optimization-Binding-Execution)	yes
img-05005	E	vision	process flowchart: optimizer pipeline (Query Rewriter -> Logical Plan Generator -> Physical Plan Generator)	yes
img-05006	E	vision	directed conversion graph: data-type conversion paths with G/E/L penalty edges	yes
img-05007	B	rule-residual-conceptual	conceptual/architecture diagram, screenshot or illustration redundant with prose	yes
img-05008	B	rule-residual-conceptual	conceptual/architecture diagram, screenshot or illustration redundant with prose	yes
img-05009	B	rule-residual-conceptual	conceptual/architecture diagram, screenshot or illustration redundant with prose	yes
img-05010	B	rule-residual-conceptual	conceptual/architecture diagram, screenshot or illustration redundant with prose	yes
img-05011	B	rule-residual-conceptual	conceptual/architecture diagram, screenshot or illustration redundant with prose	yes
img-05012	B	rule-residual-conceptual	conceptual/architecture diagram, screenshot or illustration redundant with prose	yes
img-05013	B	rule-residual-conceptual	conceptual/architecture diagram, screenshot or illustration redundant with prose	yes
img-05014	B	rule-residual-conceptual	conceptual/architecture diagram, screenshot or illustration redundant with prose	yes
img-05015	B	rule-residual-conceptual	conceptual/architecture diagram, screenshot or illustration redundant with prose	yes
img-05016	B	rule-residual-conceptual	conceptual/architecture diagram, screenshot or illustration redundant with prose	yes
img-05017	B	rule-residual-conceptual	conceptual/architecture diagram, screenshot or illustration redundant with prose	yes
img-05018	B	rule-residual-conceptual	conceptual/architecture diagram, screenshot or illustration redundant with prose	yes
img-05019	B	rule-residual-conceptual	conceptual/architecture diagram, screenshot or illustration redundant with prose	yes
img-05020	B	rule-residual-conceptual	conceptual/architecture diagram, screenshot or illustration redundant with prose	yes
img-05021	B	rule-residual-conceptual	conceptual/architecture diagram, screenshot or illustration redundant with prose	yes
img-05022	B	rule-residual-conceptual	conceptual/architecture diagram, screenshot or illustration redundant with prose	yes
img-05023	B	rule-residual-conceptual	conceptual/architecture diagram, screenshot or illustration redundant with prose	yes
img-05024	B	rule-residual-conceptual	conceptual/architecture diagram, screenshot or illustration redundant with prose	yes
img-05025	B	rule-residual-conceptual	conceptual/architecture diagram, screenshot or illustration redundant with prose	yes
img-05026	B	rule-residual-conceptual	conceptual/architecture diagram, screenshot or illustration redundant with prose	yes
img-05027	B	rule-residual-conceptual	conceptual/architecture diagram, screenshot or illustration redundant with prose	yes
img-05028	B	rule-residual-conceptual	conceptual/architecture diagram, screenshot or illustration redundant with prose	yes
img-05029	B	rule-residual-conceptual	conceptual/architecture diagram, screenshot or illustration redundant with prose	yes
img-05030	B	rule-residual-conceptual	conceptual/architecture diagram, screenshot or illustration redundant with prose	yes
img-05031	B	rule-residual-conceptual	conceptual/architecture diagram, screenshot or illustration redundant with prose	yes
img-05032	B	rule-residual-conceptual	conceptual/architecture diagram, screenshot or illustration redundant with prose	yes
img-05033	B	rule-residual-conceptual	conceptual/architecture diagram, screenshot or illustration redundant with prose	yes
img-05034	B	rule-residual-conceptual	conceptual/architecture diagram, screenshot or illustration redundant with prose	yes
img-05035	B	rule-residual-conceptual	conceptual/architecture diagram, screenshot or illustration redundant with prose	yes
img-05036	B	rule-residual-conceptual	conceptual/architecture diagram, screenshot or illustration redundant with prose	yes
img-05037	B	rule-residual-conceptual	conceptual/architecture diagram, screenshot or illustration redundant with prose	yes
img-05038	B	rule-residual-conceptual	conceptual/architecture diagram, screenshot or illustration redundant with prose	yes
img-05039	B	rule-residual-conceptual	conceptual/architecture diagram, screenshot or illustration redundant with prose	yes
img-05040	B	rule-residual-conceptual	conceptual/architecture diagram, screenshot or illustration redundant with prose	yes
img-05041	B	rule-residual-conceptual	conceptual/architecture diagram, screenshot or illustration redundant with prose	yes
img-05042	B	rule-residual-conceptual	conceptual/architecture diagram, screenshot or illustration redundant with prose	yes
img-05043	B	rule-residual-conceptual	conceptual/architecture diagram, screenshot or illustration redundant with prose	yes
img-05044	B	rule-residual-conceptual	conceptual/architecture diagram, screenshot or illustration redundant with prose	yes
img-05045	B	rule-residual-conceptual	conceptual/architecture diagram, screenshot or illustration redundant with prose	yes
img-05046	B	rule-residual-conceptual	conceptual/architecture diagram, screenshot or illustration redundant with prose	yes
img-05047	B	rule-residual-conceptual	conceptual/architecture diagram, screenshot or illustration redundant with prose	yes
img-05048	B	rule-residual-conceptual	conceptual/architecture diagram, screenshot or illustration redundant with prose	yes
img-05049	B	rule-residual-conceptual	conceptual/architecture diagram, screenshot or illustration redundant with prose	yes
img-05050	B	rule-residual-conceptual	conceptual/architecture diagram, screenshot or illustration redundant with prose	yes
img-05051	B	rule-residual-conceptual	conceptual/architecture diagram, screenshot or illustration redundant with prose	yes
img-05052	B	rule-residual-conceptual	conceptual/architecture diagram, screenshot or illustration redundant with prose	yes
img-05053	B	rule-residual-conceptual	conceptual/architecture diagram, screenshot or illustration redundant with prose	yes
img-05054	B	rule-residual-conceptual	conceptual/architecture diagram, screenshot or illustration redundant with prose	yes
img-05055	B	rule-residual-conceptual	conceptual/architecture diagram, screenshot or illustration redundant with prose	yes
img-05056	B	rule-residual-conceptual	conceptual/architecture diagram, screenshot or illustration redundant with prose	yes
img-05057	B	rule-residual-conceptual	conceptual/architecture diagram, screenshot or illustration redundant with prose	yes
img-05058	B	rule-residual-conceptual	conceptual/architecture diagram, screenshot or illustration redundant with prose	yes
img-05059	B	rule-residual-conceptual	conceptual/architecture diagram, screenshot or illustration redundant with prose	yes
img-05060	B	rule-residual-conceptual	conceptual/architecture diagram, screenshot or illustration redundant with prose	yes
img-05061	B	rule-residual-conceptual	conceptual/architecture diagram, screenshot or illustration redundant with prose	yes
img-05062	B	rule-residual-conceptual	conceptual/architecture diagram, screenshot or illustration redundant with prose	yes
img-05063	B	rule-residual-conceptual	conceptual/architecture diagram, screenshot or illustration redundant with prose	yes
img-05064	B	rule-residual-conceptual	conceptual/architecture diagram, screenshot or illustration redundant with prose	yes
img-05065	B	rule-residual-conceptual	conceptual/architecture diagram, screenshot or illustration redundant with prose	yes
img-05066	B	rule-residual-conceptual	conceptual/architecture diagram, screenshot or illustration redundant with prose	yes
img-05067	B	rule-residual-conceptual	conceptual/architecture diagram, screenshot or illustration redundant with prose	yes
img-05068	B	rule-residual-conceptual	conceptual/architecture diagram, screenshot or illustration redundant with prose	yes
img-05069	B	rule-residual-conceptual	conceptual/architecture diagram, screenshot or illustration redundant with prose	yes
img-05070	B	rule-residual-conceptual	conceptual/architecture diagram, screenshot or illustration redundant with prose	yes
img-05071	B	rule-residual-conceptual	conceptual/architecture diagram, screenshot or illustration redundant with prose	yes
img-05072	B	rule-residual-conceptual	conceptual/architecture diagram, screenshot or illustration redundant with prose	yes
img-05073	B	rule-residual-conceptual	conceptual/architecture diagram, screenshot or illustration redundant with prose	yes
img-05074	B	rule-residual-conceptual	conceptual/architecture diagram, screenshot or illustration redundant with prose	yes
img-05075	B	rule-residual-conceptual	conceptual/architecture diagram, screenshot or illustration redundant with prose	yes
img-05076	B	rule-residual-conceptual	conceptual/architecture diagram, screenshot or illustration redundant with prose	yes
img-05077	B	rule-cover	cover-page logo, carries no recoverable text	yes
img-05078	B	rule-table-cell	symbol/icon in a table cell, explained by the adjacent cell	yes
img-05079	B	rule-table-cell	symbol/icon in a table cell, explained by the adjacent cell	yes
img-05080	B	rule-table-cell	symbol/icon in a table cell, explained by the adjacent cell	yes
img-05081	B	rule-table-cell	symbol/icon in a table cell, explained by the adjacent cell	yes
img-05082	B	rule-table-cell	symbol/icon in a table cell, explained by the adjacent cell	yes
img-05083	B	rule-table-cell	symbol/icon in a table cell, explained by the adjacent cell	yes
img-05084	B	rule-table-cell	symbol/icon in a table cell, explained by the adjacent cell	yes
img-05085	B	rule-table-cell	symbol/icon in a table cell, explained by the adjacent cell	yes
img-05086	B	rule-table-cell	symbol/icon in a table cell, explained by the adjacent cell	yes
img-05087	B	rule-residual-conceptual	conceptual/architecture diagram, screenshot or illustration redundant with prose	yes
img-05088	B	rule-residual-conceptual	conceptual/architecture diagram, screenshot or illustration redundant with prose	yes
img-05089	B	rule-cover	cover-page logo, carries no recoverable text	yes
img-05090	B	rule-table-cell	symbol/icon in a table cell, explained by the adjacent cell	yes
img-05091	B	rule-table-cell	symbol/icon in a table cell, explained by the adjacent cell	yes
img-05092	B	rule-table-cell	symbol/icon in a table cell, explained by the adjacent cell	yes
img-05093	B	rule-table-cell	symbol/icon in a table cell, explained by the adjacent cell	yes
img-05094	B	rule-table-cell	symbol/icon in a table cell, explained by the adjacent cell	yes
img-05095	B	rule-table-cell	symbol/icon in a table cell, explained by the adjacent cell	yes
img-05096	B	rule-table-cell	symbol/icon in a table cell, explained by the adjacent cell	yes
img-05097	B	rule-table-cell	symbol/icon in a table cell, explained by the adjacent cell	yes
img-05098	B	rule-table-cell	symbol/icon in a table cell, explained by the adjacent cell	yes
img-05099	B	rule-residual-conceptual	conceptual/architecture diagram, screenshot or illustration redundant with prose	yes
img-05100	B	rule-residual-conceptual	conceptual/architecture diagram, screenshot or illustration redundant with prose	yes
img-05101	B	rule-residual-conceptual	conceptual/architecture diagram, screenshot or illustration redundant with prose	yes
img-05102	B	rule-residual-conceptual	conceptual/architecture diagram, screenshot or illustration redundant with prose	yes
img-05103	B	rule-residual-conceptual	conceptual/architecture diagram, screenshot or illustration redundant with prose	yes
img-05104	B	rule-residual-conceptual	conceptual/architecture diagram, screenshot or illustration redundant with prose	yes
img-05105	B	rule-residual-conceptual	conceptual/architecture diagram, screenshot or illustration redundant with prose	yes
img-05106	E	vision	decision flowchart: replication fail-over with failure branch and retry loop	yes
img-05107	E	vision	process flowchart: fail-over callback sequence (FO_BEGIN/FO_GO/FO_END cases)	yes
img-05108	B	rule-cover	cover-page logo, carries no recoverable text	yes
img-05109	B	rule-table-cell	symbol/icon in a table cell, explained by the adjacent cell	yes
img-05110	B	rule-table-cell	symbol/icon in a table cell, explained by the adjacent cell	yes
img-05111	B	rule-table-cell	symbol/icon in a table cell, explained by the adjacent cell	yes
img-05112	B	rule-table-cell	symbol/icon in a table cell, explained by the adjacent cell	yes
img-05113	B	rule-table-cell	symbol/icon in a table cell, explained by the adjacent cell	yes
img-05114	B	rule-table-cell	symbol/icon in a table cell, explained by the adjacent cell	yes
img-05115	B	rule-table-cell	symbol/icon in a table cell, explained by the adjacent cell	yes
img-05116	B	rule-table-cell	symbol/icon in a table cell, explained by the adjacent cell	yes
img-05117	B	rule-table-cell	symbol/icon in a table cell, explained by the adjacent cell	yes
img-05118	B	rule-residual-conceptual	conceptual/architecture diagram, screenshot or illustration redundant with prose	yes
img-05119	B	rule-residual-conceptual	conceptual/architecture diagram, screenshot or illustration redundant with prose	yes
img-05120	B	rule-residual-conceptual	conceptual/architecture diagram, screenshot or illustration redundant with prose	yes
img-05121	B	rule-residual-conceptual	conceptual/architecture diagram, screenshot or illustration redundant with prose	yes
img-05122	B	rule-residual-conceptual	conceptual/architecture diagram, screenshot or illustration redundant with prose	yes
img-05123	B	rule-residual-conceptual	conceptual/architecture diagram, screenshot or illustration redundant with prose	yes
img-05124	B	rule-residual-conceptual	conceptual/architecture diagram, screenshot or illustration redundant with prose	yes
img-05125	B	rule-cover	cover-page logo, carries no recoverable text	yes
img-05126	B	rule-table-cell	symbol/icon in a table cell, explained by the adjacent cell	yes
img-05127	B	rule-table-cell	symbol/icon in a table cell, explained by the adjacent cell	yes
img-05128	B	rule-table-cell	symbol/icon in a table cell, explained by the adjacent cell	yes
img-05129	B	rule-table-cell	symbol/icon in a table cell, explained by the adjacent cell	yes
img-05130	B	rule-table-cell	symbol/icon in a table cell, explained by the adjacent cell	yes
img-05131	B	rule-table-cell	symbol/icon in a table cell, explained by the adjacent cell	yes
img-05132	B	rule-table-cell	symbol/icon in a table cell, explained by the adjacent cell	yes
img-05133	B	rule-table-cell	symbol/icon in a table cell, explained by the adjacent cell	yes
img-05134	B	rule-table-cell	symbol/icon in a table cell, explained by the adjacent cell	yes
img-05135	C	rule-railroad-bnf	railroad diagram for a ::= grammar production, image-only grammar	yes
img-05136	C	rule-hint	hint railroad diagram, only source of the hint grammar	yes
img-05137	C	rule-hint	hint railroad diagram, only source of the hint grammar	yes
img-05138	C	rule-hint	hint railroad diagram, only source of the hint grammar	yes
img-05139	C	rule-hint	hint railroad diagram, only source of the hint grammar	yes
img-05140	C	rule-hint	hint railroad diagram, only source of the hint grammar	yes
img-05141	C	rule-hint	hint railroad diagram, only source of the hint grammar	yes
img-05142	C	rule-hint	hint railroad diagram, only source of the hint grammar	yes
img-05143	C	rule-hint	hint railroad diagram, only source of the hint grammar	yes
img-05144	C	rule-hint	hint railroad diagram, only source of the hint grammar	yes
img-05145	C	rule-hint	hint railroad diagram, only source of the hint grammar	yes
img-05146	C	rule-hint	hint railroad diagram, only source of the hint grammar	yes
img-05147	C	rule-hint	hint railroad diagram, only source of the hint grammar	yes
img-05148	C	rule-hint	hint railroad diagram, only source of the hint grammar	yes
img-05149	C	rule-hint	hint railroad diagram, only source of the hint grammar	yes
img-05150	C	rule-hint	hint railroad diagram, only source of the hint grammar	yes
img-05151	C	rule-hint	hint railroad diagram, only source of the hint grammar	yes
img-05152	C	rule-hint	hint railroad diagram, only source of the hint grammar	yes
img-05153	C	rule-hint	hint railroad diagram, only source of the hint grammar	yes
img-05154	C	rule-hint	hint railroad diagram, only source of the hint grammar	yes
img-05155	C	rule-hint	hint railroad diagram, only source of the hint grammar	yes
img-05156	C	rule-hint	hint railroad diagram, only source of the hint grammar	yes
img-05157	C	rule-hint	hint railroad diagram, only source of the hint grammar	yes
img-05158	C	rule-hint	hint railroad diagram, only source of the hint grammar	yes
img-05159	C	rule-hint	hint railroad diagram, only source of the hint grammar	yes
img-05160	C	rule-hint	hint railroad diagram, only source of the hint grammar	yes
img-05161	C	rule-hint	hint railroad diagram, only source of the hint grammar	yes
img-05162	C	rule-hint	hint railroad diagram, only source of the hint grammar	yes
img-05163	C	rule-hint	hint railroad diagram, only source of the hint grammar	yes
img-05164	C	rule-hint	hint railroad diagram, only source of the hint grammar	yes
img-05165	C	rule-hint	hint railroad diagram, only source of the hint grammar	yes
img-05166	C	rule-hint	hint railroad diagram, only source of the hint grammar	yes
img-05167	C	rule-hint	hint railroad diagram, only source of the hint grammar	yes
img-05168	C	rule-hint	hint railroad diagram, only source of the hint grammar	yes
img-05169	C	rule-hint	hint railroad diagram, only source of the hint grammar	yes
img-05170	C	rule-hint	hint railroad diagram, only source of the hint grammar	yes
img-05171	C	rule-hint	hint railroad diagram, only source of the hint grammar	yes
img-05172	C	rule-hint	hint railroad diagram, only source of the hint grammar	yes
img-05173	C	rule-hint	hint railroad diagram, only source of the hint grammar	yes
img-05174	C	rule-hint	hint railroad diagram, only source of the hint grammar	yes
img-05175	C	rule-hint	hint railroad diagram, only source of the hint grammar	yes
img-05176	C	rule-hint	hint railroad diagram, only source of the hint grammar	yes
img-05177	C	rule-hint	hint railroad diagram, only source of the hint grammar	yes
img-05178	C	rule-hint	hint railroad diagram, only source of the hint grammar	yes
img-05179	C	rule-hint	hint railroad diagram, only source of the hint grammar	yes
img-05180	C	rule-hint	hint railroad diagram, only source of the hint grammar	yes
img-05181	C	rule-hint	hint railroad diagram, only source of the hint grammar	yes
img-05182	C	rule-hint	hint railroad diagram, only source of the hint grammar	yes
img-05183	C	rule-hint	hint railroad diagram, only source of the hint grammar	yes
img-05184	C	rule-hint	hint railroad diagram, only source of the hint grammar	yes
img-05185	C	rule-hint	hint railroad diagram, only source of the hint grammar	yes
img-05186	C	rule-hint	hint railroad diagram, only source of the hint grammar	yes
img-05187	C	rule-hint	hint railroad diagram, only source of the hint grammar	yes
img-05188	C	rule-hint	hint railroad diagram, only source of the hint grammar	yes
img-05189	C	rule-hint	hint railroad diagram, only source of the hint grammar	yes
img-05190	C	rule-hint	hint railroad diagram, only source of the hint grammar	yes
img-05191	C	rule-hint	hint railroad diagram, only source of the hint grammar	yes
img-05192	C	rule-hint	hint railroad diagram, only source of the hint grammar	yes
img-05193	C	rule-hint	hint railroad diagram, only source of the hint grammar	yes
img-05194	C	rule-hint	hint railroad diagram, only source of the hint grammar	yes
img-05195	C	rule-hint	hint railroad diagram, only source of the hint grammar	yes
img-05196	C	rule-hint	hint railroad diagram, only source of the hint grammar	yes
img-05197	C	rule-hint	hint railroad diagram, only source of the hint grammar	yes
img-05198	C	rule-hint	hint railroad diagram, only source of the hint grammar	yes
img-05199	C	rule-hint	hint railroad diagram, only source of the hint grammar	yes
img-05200	C	rule-hint	hint railroad diagram, only source of the hint grammar	yes
img-05201	C	rule-hint	hint railroad diagram, only source of the hint grammar	yes
img-05202	C	rule-hint	hint railroad diagram, only source of the hint grammar	yes
img-05203	C	rule-hint	hint railroad diagram, only source of the hint grammar	yes
img-05204	C	rule-hint	hint railroad diagram, only source of the hint grammar	yes
img-05205	C	rule-hint	hint railroad diagram, only source of the hint grammar	yes
img-05206	C	rule-hint	hint railroad diagram, only source of the hint grammar	yes
img-05207	C	rule-hint	hint railroad diagram, only source of the hint grammar	yes
img-05208	C	rule-hint	hint railroad diagram, only source of the hint grammar	yes
img-05209	C	rule-hint	hint railroad diagram, only source of the hint grammar	yes
img-05210	C	rule-hint	hint railroad diagram, only source of the hint grammar	yes
img-05211	C	rule-railroad-bnf	railroad diagram for a ::= grammar production, image-only grammar	yes
img-05212	C	rule-railroad-bnf	railroad diagram for a ::= grammar production, image-only grammar	yes
img-05213	C	rule-railroad-bnf	railroad diagram for a ::= grammar production, image-only grammar	yes
img-05214	C	rule-railroad-bnf	railroad diagram for a ::= grammar production, image-only grammar	yes
img-05215	C	rule-railroad-bnf	railroad diagram for a ::= grammar production, image-only grammar	yes
img-05216	C	rule-railroad-bnf	railroad diagram for a ::= grammar production, image-only grammar	yes
img-05217	C	rule-railroad-bnf	railroad diagram for a ::= grammar production, image-only grammar	yes
img-05218	C	rule-railroad-bnf	railroad diagram for a ::= grammar production, image-only grammar	yes
img-05219	C	rule-railroad-bnf	railroad diagram for a ::= grammar production, image-only grammar	yes
img-05220	C	rule-railroad-bnf	railroad diagram for a ::= grammar production, image-only grammar	yes
img-05221	C	rule-railroad-bnf	railroad diagram for a ::= grammar production, image-only grammar	yes
img-05222	C	rule-railroad-bnf	railroad diagram for a ::= grammar production, image-only grammar	yes
img-05223	C	rule-railroad-bnf	railroad diagram for a ::= grammar production, image-only grammar	yes
img-05224	C	rule-railroad-bnf	railroad diagram for a ::= grammar production, image-only grammar	yes
img-05225	C	rule-railroad-bnf	railroad diagram for a ::= grammar production, image-only grammar	yes
img-05226	C	rule-railroad-bnf	railroad diagram for a ::= grammar production, image-only grammar	yes
img-05227	C	rule-railroad-bnf	railroad diagram for a ::= grammar production, image-only grammar	yes
img-05228	C	rule-railroad-bnf	railroad diagram for a ::= grammar production, image-only grammar	yes
img-05229	C	rule-railroad-bnf	railroad diagram for a ::= grammar production, image-only grammar	yes
img-05230	C	rule-railroad-bnf	railroad diagram for a ::= grammar production, image-only grammar	yes
img-05231	C	rule-railroad-bnf	railroad diagram for a ::= grammar production, image-only grammar	yes
img-05232	C	rule-railroad-bnf	railroad diagram for a ::= grammar production, image-only grammar	yes
img-05233	C	rule-railroad-bnf	railroad diagram for a ::= grammar production, image-only grammar	yes
img-05234	C	rule-railroad-bnf	railroad diagram for a ::= grammar production, image-only grammar	yes
img-05235	C	rule-railroad-bnf	railroad diagram for a ::= grammar production, image-only grammar	yes
img-05236	C	rule-railroad-bnf	railroad diagram for a ::= grammar production, image-only grammar	yes
img-05237	C	rule-railroad-bnf	railroad diagram for a ::= grammar production, image-only grammar	yes
img-05238	C	rule-railroad-bnf	railroad diagram for a ::= grammar production, image-only grammar	yes
img-05239	C	rule-railroad-bnf	railroad diagram for a ::= grammar production, image-only grammar	yes
img-05240	C	rule-railroad-bnf	railroad diagram for a ::= grammar production, image-only grammar	yes
img-05241	C	rule-railroad-bnf	railroad diagram for a ::= grammar production, image-only grammar	yes
img-05242	C	rule-railroad-bnf	railroad diagram for a ::= grammar production, image-only grammar	yes
img-05243	C	rule-railroad-bnf	railroad diagram for a ::= grammar production, image-only grammar	yes
img-05244	C	rule-railroad-bnf	railroad diagram for a ::= grammar production, image-only grammar	yes
img-05245	C	rule-railroad-bnf	railroad diagram for a ::= grammar production, image-only grammar	yes
img-05246	C	rule-railroad-bnf	railroad diagram for a ::= grammar production, image-only grammar	yes
img-05247	C	rule-railroad-bnf	railroad diagram for a ::= grammar production, image-only grammar	yes
img-05248	C	rule-railroad-bnf	railroad diagram for a ::= grammar production, image-only grammar	yes
img-05249	C	rule-railroad-bnf	railroad diagram for a ::= grammar production, image-only grammar	yes
img-05250	C	rule-railroad-bnf	railroad diagram for a ::= grammar production, image-only grammar	yes
img-05251	C	rule-railroad-bnf	railroad diagram for a ::= grammar production, image-only grammar	yes
img-05252	C	rule-railroad-bnf	railroad diagram for a ::= grammar production, image-only grammar	yes
img-05253	C	rule-railroad-bnf	railroad diagram for a ::= grammar production, image-only grammar	yes
img-05254	C	rule-railroad-bnf	railroad diagram for a ::= grammar production, image-only grammar	yes
img-05255	C	rule-railroad-bnf	railroad diagram for a ::= grammar production, image-only grammar	yes
img-05256	C	rule-railroad-bnf	railroad diagram for a ::= grammar production, image-only grammar	yes
img-05257	C	rule-railroad-bnf	railroad diagram for a ::= grammar production, image-only grammar	yes
img-05258	C	rule-railroad-bnf	railroad diagram for a ::= grammar production, image-only grammar	yes
img-05259	C	rule-railroad-bnf	railroad diagram for a ::= grammar production, image-only grammar	yes
img-05260	C	rule-railroad-bnf	railroad diagram for a ::= grammar production, image-only grammar	yes
img-05261	C	rule-railroad-bnf	railroad diagram for a ::= grammar production, image-only grammar	yes
img-05262	C	rule-railroad-bnf	railroad diagram for a ::= grammar production, image-only grammar	yes
img-05263	C	rule-railroad-bnf	railroad diagram for a ::= grammar production, image-only grammar	yes
img-05264	C	rule-railroad-bnf	railroad diagram for a ::= grammar production, image-only grammar	yes
img-05265	C	rule-railroad-bnf	railroad diagram for a ::= grammar production, image-only grammar	yes
img-05266	C	rule-railroad-bnf	railroad diagram for a ::= grammar production, image-only grammar	yes
img-05267	C	rule-railroad-bnf	railroad diagram for a ::= grammar production, image-only grammar	yes
img-05268	C	rule-railroad-bnf	railroad diagram for a ::= grammar production, image-only grammar	yes
img-05269	C	rule-railroad-bnf	railroad diagram for a ::= grammar production, image-only grammar	yes
img-05270	C	rule-railroad-bnf	railroad diagram for a ::= grammar production, image-only grammar	yes
img-05271	C	rule-railroad-bnf	railroad diagram for a ::= grammar production, image-only grammar	yes
img-05272	C	rule-railroad-bnf	railroad diagram for a ::= grammar production, image-only grammar	yes
img-05273	C	rule-railroad-bnf	railroad diagram for a ::= grammar production, image-only grammar	yes
img-05274	C	rule-railroad-bnf	railroad diagram for a ::= grammar production, image-only grammar	yes
img-05275	C	rule-railroad-bnf	railroad diagram for a ::= grammar production, image-only grammar	yes
img-05276	C	rule-railroad-bnf	railroad diagram for a ::= grammar production, image-only grammar	yes
img-05277	C	rule-railroad-bnf	railroad diagram for a ::= grammar production, image-only grammar	yes
img-05278	C	rule-railroad-bnf	railroad diagram for a ::= grammar production, image-only grammar	yes
img-05279	C	rule-railroad-bnf	railroad diagram for a ::= grammar production, image-only grammar	yes
img-05280	C	rule-railroad-bnf	railroad diagram for a ::= grammar production, image-only grammar	yes
img-05281	C	rule-railroad-bnf	railroad diagram for a ::= grammar production, image-only grammar	yes
img-05282	C	rule-railroad-bnf	railroad diagram for a ::= grammar production, image-only grammar	yes
img-05283	C	rule-railroad-bnf	railroad diagram for a ::= grammar production, image-only grammar	yes
img-05284	C	rule-railroad-bnf	railroad diagram for a ::= grammar production, image-only grammar	yes
img-05285	C	rule-railroad-bnf	railroad diagram for a ::= grammar production, image-only grammar	yes
img-05286	C	rule-railroad-bnf	railroad diagram for a ::= grammar production, image-only grammar	yes
img-05287	C	rule-railroad-bnf	railroad diagram for a ::= grammar production, image-only grammar	yes
img-05288	C	rule-railroad-bnf	railroad diagram for a ::= grammar production, image-only grammar	yes
img-05289	C	rule-railroad-bnf	railroad diagram for a ::= grammar production, image-only grammar	yes
img-05290	C	rule-railroad-bnf	railroad diagram for a ::= grammar production, image-only grammar	yes
img-05291	C	rule-railroad-bnf	railroad diagram for a ::= grammar production, image-only grammar	yes
img-05292	C	rule-railroad-bnf	railroad diagram for a ::= grammar production, image-only grammar	yes
img-05293	C	rule-railroad-bnf	railroad diagram for a ::= grammar production, image-only grammar	yes
img-05294	C	rule-railroad-bnf	railroad diagram for a ::= grammar production, image-only grammar	yes
img-05295	C	rule-railroad-bnf	railroad diagram for a ::= grammar production, image-only grammar	yes
img-05296	C	rule-railroad-bnf	railroad diagram for a ::= grammar production, image-only grammar	yes
img-05297	C	rule-railroad-bnf	railroad diagram for a ::= grammar production, image-only grammar	yes
img-05298	C	rule-railroad-bnf	railroad diagram for a ::= grammar production, image-only grammar	yes
img-05299	C	rule-railroad-bnf	railroad diagram for a ::= grammar production, image-only grammar	yes
img-05300	C	rule-railroad-bnf	railroad diagram for a ::= grammar production, image-only grammar	yes
img-05301	C	rule-railroad-bnf	railroad diagram for a ::= grammar production, image-only grammar	yes
img-05302	C	rule-railroad-bnf	railroad diagram for a ::= grammar production, image-only grammar	yes
img-05303	C	rule-railroad-bnf	railroad diagram for a ::= grammar production, image-only grammar	yes
img-05304	C	rule-railroad-bnf	railroad diagram for a ::= grammar production, image-only grammar	yes
img-05305	C	rule-railroad-bnf	railroad diagram for a ::= grammar production, image-only grammar	yes
img-05306	C	rule-railroad-bnf	railroad diagram for a ::= grammar production, image-only grammar	yes
img-05307	C	rule-railroad-bnf	railroad diagram for a ::= grammar production, image-only grammar	yes
img-05308	C	rule-railroad-bnf	railroad diagram for a ::= grammar production, image-only grammar	yes
img-05309	C	rule-railroad-bnf	railroad diagram for a ::= grammar production, image-only grammar	yes
img-05310	C	rule-railroad-bnf	railroad diagram for a ::= grammar production, image-only grammar	yes
img-05311	C	rule-railroad-bnf	railroad diagram for a ::= grammar production, image-only grammar	yes
img-05312	C	rule-railroad-bnf	railroad diagram for a ::= grammar production, image-only grammar	yes
img-05313	C	rule-railroad-bnf	railroad diagram for a ::= grammar production, image-only grammar	yes
img-05314	C	rule-railroad-bnf	railroad diagram for a ::= grammar production, image-only grammar	yes
img-05315	C	rule-railroad-bnf	railroad diagram for a ::= grammar production, image-only grammar	yes
img-05316	C	rule-railroad-bnf	railroad diagram for a ::= grammar production, image-only grammar	yes
img-05317	C	rule-railroad-bnf	railroad diagram for a ::= grammar production, image-only grammar	yes
img-05318	C	rule-railroad-bnf	railroad diagram for a ::= grammar production, image-only grammar	yes
img-05319	C	rule-railroad-bnf	railroad diagram for a ::= grammar production, image-only grammar	yes
img-05320	C	rule-railroad-bnf	railroad diagram for a ::= grammar production, image-only grammar	yes
img-05321	C	rule-railroad-bnf	railroad diagram for a ::= grammar production, image-only grammar	yes
img-05322	C	rule-railroad-synhead	railroad diagram directly under a Syntax heading, image-only grammar	yes
img-05323	C	rule-railroad-bnf	railroad diagram for a ::= grammar production, image-only grammar	yes
img-05324	C	rule-railroad-bnf	railroad diagram for a ::= grammar production, image-only grammar	yes
img-05325	C	rule-railroad-bnf	railroad diagram for a ::= grammar production, image-only grammar	yes
img-05326	C	rule-railroad-bnf	railroad diagram for a ::= grammar production, image-only grammar	yes
img-05327	C	rule-railroad-bnf	railroad diagram for a ::= grammar production, image-only grammar	yes
img-05328	C	rule-railroad-bnf	railroad diagram for a ::= grammar production, image-only grammar	yes
img-05329	C	rule-railroad-bnf	railroad diagram for a ::= grammar production, image-only grammar	yes
img-05330	C	rule-railroad-bnf	railroad diagram for a ::= grammar production, image-only grammar	yes
img-05331	C	rule-railroad-bnf	railroad diagram for a ::= grammar production, image-only grammar	yes
img-05332	C	rule-railroad-bnf	railroad diagram for a ::= grammar production, image-only grammar	yes
img-05333	C	rule-railroad-bnf	railroad diagram for a ::= grammar production, image-only grammar	yes
img-05334	C	rule-railroad-bnf	railroad diagram for a ::= grammar production, image-only grammar	yes
img-05335	C	rule-railroad-bnf	railroad diagram for a ::= grammar production, image-only grammar	yes
img-05336	C	rule-railroad-bnf	railroad diagram for a ::= grammar production, image-only grammar	yes
img-05337	B	rule-residual-conceptual	conceptual/architecture diagram, screenshot or illustration redundant with prose	yes
img-05338	C	rule-railroad-bnf	railroad diagram for a ::= grammar production, image-only grammar	yes
img-05339	C	rule-railroad-bnf	railroad diagram for a ::= grammar production, image-only grammar	yes
img-05340	C	rule-railroad-bnf	railroad diagram for a ::= grammar production, image-only grammar	yes
img-05341	C	rule-railroad-bnf	railroad diagram for a ::= grammar production, image-only grammar	yes
img-05342	C	rule-railroad-bnf	railroad diagram for a ::= grammar production, image-only grammar	yes
img-05343	C	rule-railroad-bnf	railroad diagram for a ::= grammar production, image-only grammar	yes
img-05344	C	rule-railroad-bnf	railroad diagram for a ::= grammar production, image-only grammar	yes
img-05345	C	rule-railroad-bnf	railroad diagram for a ::= grammar production, image-only grammar	yes
img-05346	C	rule-railroad-bnf	railroad diagram for a ::= grammar production, image-only grammar	yes
img-05347	C	rule-railroad-bnf	railroad diagram for a ::= grammar production, image-only grammar	yes
img-05348	C	rule-railroad-bnf	railroad diagram for a ::= grammar production, image-only grammar	yes
img-05349	C	rule-railroad-bnf	railroad diagram for a ::= grammar production, image-only grammar	yes
img-05350	C	rule-railroad-bnf	railroad diagram for a ::= grammar production, image-only grammar	yes
img-05351	C	rule-railroad-bnf	railroad diagram for a ::= grammar production, image-only grammar	yes
img-05352	C	rule-railroad-bnf	railroad diagram for a ::= grammar production, image-only grammar	yes
img-05353	C	rule-railroad-bnf	railroad diagram for a ::= grammar production, image-only grammar	yes
img-05354	C	rule-railroad-bnf	railroad diagram for a ::= grammar production, image-only grammar	yes
img-05355	C	rule-railroad-bnf	railroad diagram for a ::= grammar production, image-only grammar	yes
img-05356	C	rule-railroad-bnf	railroad diagram for a ::= grammar production, image-only grammar	yes
img-05357	C	rule-railroad-bnf	railroad diagram for a ::= grammar production, image-only grammar	yes
img-05358	C	rule-railroad-bnf	railroad diagram for a ::= grammar production, image-only grammar	yes
img-05359	C	rule-railroad-bnf	railroad diagram for a ::= grammar production, image-only grammar	yes
img-05360	C	rule-railroad-bnf	railroad diagram for a ::= grammar production, image-only grammar	yes
img-05361	C	rule-railroad-bnf	railroad diagram for a ::= grammar production, image-only grammar	yes
img-05362	C	rule-railroad-bnf	railroad diagram for a ::= grammar production, image-only grammar	yes
img-05363	C	rule-railroad-bnf	railroad diagram for a ::= grammar production, image-only grammar	yes
img-05364	C	rule-railroad-bnf	railroad diagram for a ::= grammar production, image-only grammar	yes
img-05365	C	rule-railroad-bnf	railroad diagram for a ::= grammar production, image-only grammar	yes
img-05366	C	rule-railroad-bnf	railroad diagram for a ::= grammar production, image-only grammar	yes
img-05367	C	rule-railroad-bnf	railroad diagram for a ::= grammar production, image-only grammar	yes
img-05368	C	rule-railroad-bnf	railroad diagram for a ::= grammar production, image-only grammar	yes
img-05369	C	rule-railroad-bnf	railroad diagram for a ::= grammar production, image-only grammar	yes
img-05370	C	rule-railroad-bnf	railroad diagram for a ::= grammar production, image-only grammar	yes
img-05371	C	rule-railroad-bnf	railroad diagram for a ::= grammar production, image-only grammar	yes
img-05372	C	rule-railroad-bnf	railroad diagram for a ::= grammar production, image-only grammar	yes
img-05373	C	rule-railroad-bnf	railroad diagram for a ::= grammar production, image-only grammar	yes
img-05374	C	rule-railroad-bnf	railroad diagram for a ::= grammar production, image-only grammar	yes
img-05375	C	rule-railroad-bnf	railroad diagram for a ::= grammar production, image-only grammar	yes
img-05376	C	rule-railroad-bnf	railroad diagram for a ::= grammar production, image-only grammar	yes
img-05377	C	rule-railroad-bnf	railroad diagram for a ::= grammar production, image-only grammar	yes
img-05378	C	rule-railroad-bnf	railroad diagram for a ::= grammar production, image-only grammar	yes
img-05379	C	rule-railroad-bnf	railroad diagram for a ::= grammar production, image-only grammar	yes
img-05380	C	rule-railroad-bnf	railroad diagram for a ::= grammar production, image-only grammar	yes
img-05381	C	rule-railroad-bnf	railroad diagram for a ::= grammar production, image-only grammar	yes
img-05382	C	rule-railroad-bnf	railroad diagram for a ::= grammar production, image-only grammar	yes
img-05383	C	rule-railroad-bnf	railroad diagram for a ::= grammar production, image-only grammar	yes
img-05384	C	rule-railroad-bnf	railroad diagram for a ::= grammar production, image-only grammar	yes
img-05385	C	rule-railroad-bnf	railroad diagram for a ::= grammar production, image-only grammar	yes
img-05386	C	rule-railroad-bnf	railroad diagram for a ::= grammar production, image-only grammar	yes
img-05387	C	rule-railroad-bnf	railroad diagram for a ::= grammar production, image-only grammar	yes
img-05388	C	rule-railroad-bnf	railroad diagram for a ::= grammar production, image-only grammar	yes
img-05389	C	rule-railroad-bnf	railroad diagram for a ::= grammar production, image-only grammar	yes
img-05390	C	rule-railroad-bnf	railroad diagram for a ::= grammar production, image-only grammar	yes
img-05391	E	img06-audit-reclassify	YES/NO decision flowchart resolving LOB-column vs partition tablespace precedence in CREATE TABLE; branching logic not in prose	yes
img-05392	C	rule-railroad-bnf	railroad diagram for a ::= grammar production, image-only grammar	yes
img-05393	C	rule-railroad-bnf	railroad diagram for a ::= grammar production, image-only grammar	yes
img-05394	C	rule-railroad-bnf	railroad diagram for a ::= grammar production, image-only grammar	yes
img-05395	C	rule-railroad-bnf	railroad diagram for a ::= grammar production, image-only grammar	yes
img-05396	C	rule-railroad-bnf	railroad diagram for a ::= grammar production, image-only grammar	yes
img-05397	C	rule-railroad-bnf	railroad diagram for a ::= grammar production, image-only grammar	yes
img-05398	C	rule-railroad-bnf	railroad diagram for a ::= grammar production, image-only grammar	yes
img-05399	C	rule-railroad-bnf	railroad diagram for a ::= grammar production, image-only grammar	yes
img-05400	C	rule-railroad-bnf	railroad diagram for a ::= grammar production, image-only grammar	yes
img-05401	C	rule-railroad-bnf	railroad diagram for a ::= grammar production, image-only grammar	yes
img-05402	C	rule-railroad-bnf	railroad diagram for a ::= grammar production, image-only grammar	yes
img-05403	C	rule-railroad-bnf	railroad diagram for a ::= grammar production, image-only grammar	yes
img-05404	C	rule-railroad-bnf	railroad diagram for a ::= grammar production, image-only grammar	yes
img-05405	C	rule-railroad-bnf	railroad diagram for a ::= grammar production, image-only grammar	yes
img-05406	C	rule-railroad-bnf	railroad diagram for a ::= grammar production, image-only grammar	yes
img-05407	C	rule-railroad-bnf	railroad diagram for a ::= grammar production, image-only grammar	yes
img-05408	C	rule-railroad-bnf	railroad diagram for a ::= grammar production, image-only grammar	yes
img-05409	C	rule-railroad-bnf	railroad diagram for a ::= grammar production, image-only grammar	yes
img-05410	C	rule-railroad-bnf	railroad diagram for a ::= grammar production, image-only grammar	yes
img-05411	C	rule-railroad-bnf	railroad diagram for a ::= grammar production, image-only grammar	yes
img-05412	C	rule-railroad-bnf	railroad diagram for a ::= grammar production, image-only grammar	yes
img-05413	C	rule-railroad-bnf	railroad diagram for a ::= grammar production, image-only grammar	yes
img-05414	C	rule-railroad-bnf	railroad diagram for a ::= grammar production, image-only grammar	yes
img-05415	C	rule-railroad-bnf	railroad diagram for a ::= grammar production, image-only grammar	yes
img-05416	C	rule-railroad-bnf	railroad diagram for a ::= grammar production, image-only grammar	yes
img-05417	C	rule-railroad-bnf	railroad diagram for a ::= grammar production, image-only grammar	yes
img-05418	C	rule-railroad-bnf	railroad diagram for a ::= grammar production, image-only grammar	yes
img-05419	C	rule-railroad-bnf	railroad diagram for a ::= grammar production, image-only grammar	yes
img-05420	C	rule-railroad-bnf	railroad diagram for a ::= grammar production, image-only grammar	yes
img-05421	C	rule-railroad-bnf	railroad diagram for a ::= grammar production, image-only grammar	yes
img-05422	C	rule-railroad-bnf	railroad diagram for a ::= grammar production, image-only grammar	yes
img-05423	C	rule-railroad-bnf	railroad diagram for a ::= grammar production, image-only grammar	yes
img-05424	C	rule-railroad-bnf	railroad diagram for a ::= grammar production, image-only grammar	yes
img-05425	C	rule-railroad-bnf	railroad diagram for a ::= grammar production, image-only grammar	yes
img-05426	C	rule-railroad-bnf	railroad diagram for a ::= grammar production, image-only grammar	yes
img-05427	C	rule-railroad-bnf	railroad diagram for a ::= grammar production, image-only grammar	yes
img-05428	C	rule-railroad-bnf	railroad diagram for a ::= grammar production, image-only grammar	yes
img-05429	C	rule-railroad-bnf	railroad diagram for a ::= grammar production, image-only grammar	yes
img-05430	C	rule-railroad-bnf	railroad diagram for a ::= grammar production, image-only grammar	yes
img-05431	C	rule-railroad-bnf	railroad diagram for a ::= grammar production, image-only grammar	yes
img-05432	C	rule-railroad-bnf	railroad diagram for a ::= grammar production, image-only grammar	yes
img-05433	C	rule-railroad-bnf	railroad diagram for a ::= grammar production, image-only grammar	yes
img-05434	C	rule-railroad-bnf	railroad diagram for a ::= grammar production, image-only grammar	yes
img-05435	C	rule-railroad-bnf	railroad diagram for a ::= grammar production, image-only grammar	yes
img-05436	C	rule-railroad-bnf	railroad diagram for a ::= grammar production, image-only grammar	yes
img-05437	C	rule-railroad-bnf	railroad diagram for a ::= grammar production, image-only grammar	yes
img-05438	C	rule-railroad-bnf	railroad diagram for a ::= grammar production, image-only grammar	yes
img-05439	C	rule-railroad-bnf	railroad diagram for a ::= grammar production, image-only grammar	yes
img-05440	C	rule-railroad-bnf	railroad diagram for a ::= grammar production, image-only grammar	yes
img-05441	C	rule-railroad-bnf	railroad diagram for a ::= grammar production, image-only grammar	yes
img-05442	C	rule-railroad-bnf	railroad diagram for a ::= grammar production, image-only grammar	yes
img-05443	C	rule-railroad-bnf	railroad diagram for a ::= grammar production, image-only grammar	yes
img-05444	C	rule-railroad-bnf	railroad diagram for a ::= grammar production, image-only grammar	yes
img-05445	C	rule-railroad-bnf	railroad diagram for a ::= grammar production, image-only grammar	yes
img-05446	C	rule-railroad-bnf	railroad diagram for a ::= grammar production, image-only grammar	yes
img-05447	C	rule-railroad-bnf	railroad diagram for a ::= grammar production, image-only grammar	yes
img-05448	C	rule-railroad-bnf	railroad diagram for a ::= grammar production, image-only grammar	yes
img-05449	C	rule-railroad-bnf	railroad diagram for a ::= grammar production, image-only grammar	yes
img-05450	C	rule-railroad-bnf	railroad diagram for a ::= grammar production, image-only grammar	yes
img-05451	C	rule-railroad-bnf	railroad diagram for a ::= grammar production, image-only grammar	yes
img-05452	C	rule-railroad-bnf	railroad diagram for a ::= grammar production, image-only grammar	yes
img-05453	C	rule-railroad-bnf	railroad diagram for a ::= grammar production, image-only grammar	yes
img-05454	C	rule-railroad-bnf	railroad diagram for a ::= grammar production, image-only grammar	yes
img-05455	C	rule-railroad-bnf	railroad diagram for a ::= grammar production, image-only grammar	yes
img-05456	C	rule-railroad-bnf	railroad diagram for a ::= grammar production, image-only grammar	yes
img-05457	C	rule-railroad-bnf	railroad diagram for a ::= grammar production, image-only grammar	yes
img-05458	C	rule-railroad-bnf	railroad diagram for a ::= grammar production, image-only grammar	yes
img-05459	C	rule-railroad-bnf	railroad diagram for a ::= grammar production, image-only grammar	yes
img-05460	C	rule-railroad-bnf	railroad diagram for a ::= grammar production, image-only grammar	yes
img-05461	C	rule-railroad-bnf	railroad diagram for a ::= grammar production, image-only grammar	yes
img-05462	C	rule-railroad-bnf	railroad diagram for a ::= grammar production, image-only grammar	yes
img-05463	C	rule-railroad-bnf	railroad diagram for a ::= grammar production, image-only grammar	yes
img-05464	C	rule-railroad-bnf	railroad diagram for a ::= grammar production, image-only grammar	yes
img-05465	C	rule-railroad-bnf	railroad diagram for a ::= grammar production, image-only grammar	yes
img-05466	C	rule-railroad-bnf	railroad diagram for a ::= grammar production, image-only grammar	yes
img-05467	C	rule-railroad-bnf	railroad diagram for a ::= grammar production, image-only grammar	yes
img-05468	C	rule-railroad-bnf	railroad diagram for a ::= grammar production, image-only grammar	yes
img-05469	C	rule-railroad-bnf	railroad diagram for a ::= grammar production, image-only grammar	yes
img-05470	C	rule-railroad-bnf	railroad diagram for a ::= grammar production, image-only grammar	yes
img-05471	C	rule-railroad-bnf	railroad diagram for a ::= grammar production, image-only grammar	yes
img-05472	C	rule-railroad-bnf	railroad diagram for a ::= grammar production, image-only grammar	yes
img-05473	C	rule-railroad-bnf	railroad diagram for a ::= grammar production, image-only grammar	yes
img-05474	C	rule-railroad-bnf	railroad diagram for a ::= grammar production, image-only grammar	yes
img-05475	C	rule-railroad-bnf	railroad diagram for a ::= grammar production, image-only grammar	yes
img-05476	C	rule-railroad-bnf	railroad diagram for a ::= grammar production, image-only grammar	yes
img-05477	C	rule-railroad-bnf	railroad diagram for a ::= grammar production, image-only grammar	yes
img-05478	C	rule-railroad-bnf	railroad diagram for a ::= grammar production, image-only grammar	yes
img-05479	C	rule-railroad-bnf	railroad diagram for a ::= grammar production, image-only grammar	yes
img-05480	C	rule-railroad-bnf	railroad diagram for a ::= grammar production, image-only grammar	yes
img-05481	C	rule-railroad-bnf	railroad diagram for a ::= grammar production, image-only grammar	yes
img-05482	C	rule-railroad-bnf	railroad diagram for a ::= grammar production, image-only grammar	yes
img-05483	C	rule-railroad-bnf	railroad diagram for a ::= grammar production, image-only grammar	yes
img-05484	C	rule-railroad-bnf	railroad diagram for a ::= grammar production, image-only grammar	yes
img-05485	C	rule-railroad-bnf	railroad diagram for a ::= grammar production, image-only grammar	yes
img-05486	C	rule-railroad-bnf	railroad diagram for a ::= grammar production, image-only grammar	yes
img-05487	C	rule-railroad-bnf	railroad diagram for a ::= grammar production, image-only grammar	yes
img-05488	C	rule-railroad-bnf	railroad diagram for a ::= grammar production, image-only grammar	yes
img-05489	B	rule-residual-conceptual	conceptual/architecture diagram, screenshot or illustration redundant with prose	yes
img-05490	C	rule-railroad-bnf	railroad diagram for a ::= grammar production, image-only grammar	yes
img-05491	C	rule-railroad-bnf	railroad diagram for a ::= grammar production, image-only grammar	yes
img-05492	C	rule-railroad-bnf	railroad diagram for a ::= grammar production, image-only grammar	yes
img-05493	C	rule-railroad-bnf	railroad diagram for a ::= grammar production, image-only grammar	yes
img-05494	C	rule-railroad-bnf	railroad diagram for a ::= grammar production, image-only grammar	yes
img-05495	C	rule-railroad-bnf	railroad diagram for a ::= grammar production, image-only grammar	yes
img-05496	C	rule-railroad-bnf	railroad diagram for a ::= grammar production, image-only grammar	yes
img-05497	C	rule-railroad-bnf	railroad diagram for a ::= grammar production, image-only grammar	yes
img-05498	C	rule-railroad-bnf	railroad diagram for a ::= grammar production, image-only grammar	yes
img-05499	C	rule-railroad-bnf	railroad diagram for a ::= grammar production, image-only grammar	yes
img-05500	C	rule-railroad-bnf	railroad diagram for a ::= grammar production, image-only grammar	yes
img-05501	C	rule-railroad-bnf	railroad diagram for a ::= grammar production, image-only grammar	yes
img-05502	C	rule-railroad-bnf	railroad diagram for a ::= grammar production, image-only grammar	yes
img-05503	C	rule-railroad-bnf	railroad diagram for a ::= grammar production, image-only grammar	yes
img-05504	C	rule-railroad-bnf	railroad diagram for a ::= grammar production, image-only grammar	yes
img-05505	C	rule-railroad-bnf	railroad diagram for a ::= grammar production, image-only grammar	yes
img-05506	C	rule-railroad-bnf	railroad diagram for a ::= grammar production, image-only grammar	yes
img-05507	C	rule-railroad-bnf	railroad diagram for a ::= grammar production, image-only grammar	yes
img-05508	C	rule-railroad-bnf	railroad diagram for a ::= grammar production, image-only grammar	yes
img-05509	C	rule-railroad-bnf	railroad diagram for a ::= grammar production, image-only grammar	yes
img-05510	C	rule-railroad-bnf	railroad diagram for a ::= grammar production, image-only grammar	yes
img-05511	C	rule-railroad-bnf	railroad diagram for a ::= grammar production, image-only grammar	yes
img-05512	C	rule-railroad-bnf	railroad diagram for a ::= grammar production, image-only grammar	yes
img-05513	C	rule-railroad-bnf	railroad diagram for a ::= grammar production, image-only grammar	yes
img-05514	C	rule-railroad-bnf	railroad diagram for a ::= grammar production, image-only grammar	yes
img-05515	C	rule-railroad-bnf	railroad diagram for a ::= grammar production, image-only grammar	yes
img-05516	C	rule-railroad-bnf	railroad diagram for a ::= grammar production, image-only grammar	yes
img-05517	C	rule-railroad-bnf	railroad diagram for a ::= grammar production, image-only grammar	yes
img-05518	C	rule-railroad-bnf	railroad diagram for a ::= grammar production, image-only grammar	yes
img-05519	C	rule-railroad-bnf	railroad diagram for a ::= grammar production, image-only grammar	yes
img-05520	C	rule-railroad-bnf	railroad diagram for a ::= grammar production, image-only grammar	yes
img-05521	C	rule-railroad-bnf	railroad diagram for a ::= grammar production, image-only grammar	yes
img-05522	C	rule-railroad-bnf	railroad diagram for a ::= grammar production, image-only grammar	yes
img-05523	C	rule-railroad-bnf	railroad diagram for a ::= grammar production, image-only grammar	yes
img-05524	C	rule-railroad-bnf	railroad diagram for a ::= grammar production, image-only grammar	yes
img-05525	C	rule-railroad-bnf	railroad diagram for a ::= grammar production, image-only grammar	yes
img-05526	C	rule-railroad-bnf	railroad diagram for a ::= grammar production, image-only grammar	yes
img-05527	C	rule-railroad-bnf	railroad diagram for a ::= grammar production, image-only grammar	yes
img-05528	C	rule-railroad-bnf	railroad diagram for a ::= grammar production, image-only grammar	yes
img-05529	C	rule-railroad-bnf	railroad diagram for a ::= grammar production, image-only grammar	yes
img-05530	C	rule-railroad-synhead	railroad diagram directly under a Syntax heading, image-only grammar	yes
img-05531	C	rule-railroad-synhead	railroad diagram directly under a Syntax heading, image-only grammar	yes
img-05532	C	rule-railroad-synhead	railroad diagram directly under a Syntax heading, image-only grammar	yes
img-05533	C	rule-railroad-synhead	railroad diagram directly under a Syntax heading, image-only grammar	yes
img-05534	C	rule-railroad-synhead	railroad diagram directly under a Syntax heading, image-only grammar	yes
img-05535	C	rule-railroad-bnf	railroad diagram for a ::= grammar production, image-only grammar	yes
img-05536	C	rule-railroad-bnf	railroad diagram for a ::= grammar production, image-only grammar	yes
img-05537	C	rule-railroad-bnf	railroad diagram for a ::= grammar production, image-only grammar	yes
img-05538	C	rule-railroad-bnf	railroad diagram for a ::= grammar production, image-only grammar	yes
img-05539	C	rule-railroad-bnf	railroad diagram for a ::= grammar production, image-only grammar	yes
img-05540	C	rule-railroad-synhead	railroad diagram directly under a Syntax heading, image-only grammar	yes
img-05541	C	rule-railroad-synhead	railroad diagram directly under a Syntax heading, image-only grammar	yes
img-05542	C	rule-railroad-synhead	railroad diagram directly under a Syntax heading, image-only grammar	yes
img-05543	C	rule-railroad-synhead	railroad diagram directly under a Syntax heading, image-only grammar	yes
img-05544	C	rule-railroad-synhead	railroad diagram directly under a Syntax heading, image-only grammar	yes
img-05545	C	rule-railroad-synhead	railroad diagram directly under a Syntax heading, image-only grammar	yes
img-05546	C	rule-railroad-synsection	railroad diagram in a Syntax section, image-only grammar	yes
img-05547	C	rule-railroad-synsection	railroad diagram in a Syntax section, image-only grammar	yes
img-05548	C	rule-railroad-synsection	railroad diagram in a Syntax section, image-only grammar	yes
img-05549	C	rule-railroad-synsection	railroad diagram in a Syntax section, image-only grammar	yes
img-05550	C	rule-railroad-synhead	railroad diagram directly under a Syntax heading, image-only grammar	yes
img-05551	C	rule-railroad-bnf	railroad diagram for a ::= grammar production, image-only grammar	yes
img-05552	C	rule-railroad-bnf	railroad diagram for a ::= grammar production, image-only grammar	yes
img-05553	C	rule-railroad-bnf	railroad diagram for a ::= grammar production, image-only grammar	yes
img-05554	C	rule-railroad-bnf	railroad diagram for a ::= grammar production, image-only grammar	yes
img-05555	C	rule-railroad-bnf	railroad diagram for a ::= grammar production, image-only grammar	yes
img-05556	C	rule-railroad-bnf	railroad diagram for a ::= grammar production, image-only grammar	yes
img-05557	C	rule-railroad-bnf	railroad diagram for a ::= grammar production, image-only grammar	yes
img-05558	C	rule-railroad-bnf	railroad diagram for a ::= grammar production, image-only grammar	yes
img-05559	C	rule-railroad-bnf	railroad diagram for a ::= grammar production, image-only grammar	yes
img-05560	C	rule-railroad-bnf	railroad diagram for a ::= grammar production, image-only grammar	yes
img-05561	B	rule-cover	cover-page logo, carries no recoverable text	yes
img-05562	B	rule-table-cell	symbol/icon in a table cell, explained by the adjacent cell	yes
img-05563	B	rule-table-cell	symbol/icon in a table cell, explained by the adjacent cell	yes
img-05564	B	rule-table-cell	symbol/icon in a table cell, explained by the adjacent cell	yes
img-05565	B	rule-table-cell	symbol/icon in a table cell, explained by the adjacent cell	yes
img-05566	B	rule-table-cell	symbol/icon in a table cell, explained by the adjacent cell	yes
img-05567	B	rule-table-cell	symbol/icon in a table cell, explained by the adjacent cell	yes
img-05568	B	rule-table-cell	symbol/icon in a table cell, explained by the adjacent cell	yes
img-05569	B	rule-table-cell	symbol/icon in a table cell, explained by the adjacent cell	yes
img-05570	B	rule-table-cell	symbol/icon in a table cell, explained by the adjacent cell	yes
img-05571	B	rule-residual-conceptual	conceptual/architecture diagram, screenshot or illustration redundant with prose	yes
img-05572	C	rule-railroad-synhead	railroad diagram directly under a Syntax heading, image-only grammar	yes
img-05573	C	rule-railroad-synsection	railroad diagram in a Syntax section, image-only grammar	yes
img-05574	C	rule-railroad-synsection	railroad diagram in a Syntax section, image-only grammar	yes
img-05575	C	rule-railroad-synhead	railroad diagram directly under a Syntax heading, image-only grammar	yes
img-05576	C	rule-railroad-synhead	railroad diagram directly under a Syntax heading, image-only grammar	yes
img-05577	C	rule-railroad-synsection	railroad diagram in a Syntax section, image-only grammar	yes
img-05578	B	rule-residual-conceptual	conceptual/architecture diagram, screenshot or illustration redundant with prose	yes
img-05579	B	rule-residual-conceptual	conceptual/architecture diagram, screenshot or illustration redundant with prose	yes
img-05580	B	rule-residual-conceptual	conceptual/architecture diagram, screenshot or illustration redundant with prose	yes
img-05581	B	rule-residual-conceptual	conceptual/architecture diagram, screenshot or illustration redundant with prose	yes
img-05582	C	rule-railroad-synhead	railroad diagram directly under a Syntax heading, image-only grammar	yes
img-05583	B	rule-residual-conceptual	conceptual/architecture diagram, screenshot or illustration redundant with prose	yes
img-05584	B	rule-residual-conceptual	conceptual/architecture diagram, screenshot or illustration redundant with prose	yes
img-05585	B	rule-residual-conceptual	conceptual/architecture diagram, screenshot or illustration redundant with prose	yes
img-05586	B	rule-residual-conceptual	conceptual/architecture diagram, screenshot or illustration redundant with prose	yes
img-05587	C	rule-railroad-synhead	railroad diagram directly under a Syntax heading, image-only grammar	yes
img-05588	C	rule-railroad-synsection	railroad diagram in a Syntax section, image-only grammar	yes
img-05589	B	rule-residual-conceptual	conceptual/architecture diagram, screenshot or illustration redundant with prose	yes
img-05590	B	rule-residual-conceptual	conceptual/architecture diagram, screenshot or illustration redundant with prose	yes
img-05591	B	rule-residual-conceptual	conceptual/architecture diagram, screenshot or illustration redundant with prose	yes
img-05592	B	rule-residual-conceptual	conceptual/architecture diagram, screenshot or illustration redundant with prose	yes
img-05593	B	rule-residual-conceptual	conceptual/architecture diagram, screenshot or illustration redundant with prose	yes
img-05594	C	rule-railroad-synhead	railroad diagram directly under a Syntax heading, image-only grammar	yes
img-05595	B	rule-residual-conceptual	conceptual/architecture diagram, screenshot or illustration redundant with prose	yes
img-05596	B	rule-residual-conceptual	conceptual/architecture diagram, screenshot or illustration redundant with prose	yes
img-05597	B	rule-residual-conceptual	conceptual/architecture diagram, screenshot or illustration redundant with prose	yes
img-05598	B	rule-residual-conceptual	conceptual/architecture diagram, screenshot or illustration redundant with prose	yes
img-05599	B	rule-residual-conceptual	conceptual/architecture diagram, screenshot or illustration redundant with prose	yes
img-05600	C	rule-railroad-synhead	railroad diagram directly under a Syntax heading, image-only grammar	yes
img-05601	B	rule-residual-conceptual	conceptual/architecture diagram, screenshot or illustration redundant with prose	yes
img-05602	B	rule-residual-conceptual	conceptual/architecture diagram, screenshot or illustration redundant with prose	yes
img-05603	B	rule-residual-conceptual	conceptual/architecture diagram, screenshot or illustration redundant with prose	yes
img-05604	B	rule-residual-conceptual	conceptual/architecture diagram, screenshot or illustration redundant with prose	yes
img-05605	B	rule-residual-conceptual	conceptual/architecture diagram, screenshot or illustration redundant with prose	yes
img-05606	B	rule-residual-conceptual	conceptual/architecture diagram, screenshot or illustration redundant with prose	yes
img-05607	B	rule-residual-conceptual	conceptual/architecture diagram, screenshot or illustration redundant with prose	yes
img-05608	B	rule-residual-conceptual	conceptual/architecture diagram, screenshot or illustration redundant with prose	yes
img-05609	B	rule-residual-conceptual	conceptual/architecture diagram, screenshot or illustration redundant with prose	yes
img-05610	B	rule-residual-conceptual	conceptual/architecture diagram, screenshot or illustration redundant with prose	yes
img-05611	B	rule-residual-conceptual	conceptual/architecture diagram, screenshot or illustration redundant with prose	yes
img-05612	B	rule-residual-conceptual	conceptual/architecture diagram, screenshot or illustration redundant with prose	yes
img-05613	B	rule-residual-conceptual	conceptual/architecture diagram, screenshot or illustration redundant with prose	yes
img-05614	B	rule-residual-conceptual	conceptual/architecture diagram, screenshot or illustration redundant with prose	yes
img-05615	B	rule-residual-conceptual	conceptual/architecture diagram, screenshot or illustration redundant with prose	yes
img-05616	B	rule-residual-conceptual	conceptual/architecture diagram, screenshot or illustration redundant with prose	yes
img-05617	B	rule-residual-conceptual	conceptual/architecture diagram, screenshot or illustration redundant with prose	yes
img-05618	B	rule-residual-conceptual	conceptual/architecture diagram, screenshot or illustration redundant with prose	yes
img-05619	A	rule-syntax-textblock	syntax diagram redundant with the adjacent text Syntax block	yes
img-05620	B	rule-residual-conceptual	conceptual/architecture diagram, screenshot or illustration redundant with prose	yes
img-05621	B	rule-residual-conceptual	conceptual/architecture diagram, screenshot or illustration redundant with prose	yes
img-05622	B	rule-residual-conceptual	conceptual/architecture diagram, screenshot or illustration redundant with prose	yes
img-05623	B	rule-residual-conceptual	conceptual/architecture diagram, screenshot or illustration redundant with prose	yes
img-05624	B	rule-residual-conceptual	conceptual/architecture diagram, screenshot or illustration redundant with prose	yes
img-05625	B	rule-cover	cover-page logo, carries no recoverable text	yes
img-05626	B	rule-table-cell	symbol/icon in a table cell, explained by the adjacent cell	yes
img-05627	B	rule-table-cell	symbol/icon in a table cell, explained by the adjacent cell	yes
img-05628	B	rule-table-cell	symbol/icon in a table cell, explained by the adjacent cell	yes
img-05629	B	rule-table-cell	symbol/icon in a table cell, explained by the adjacent cell	yes
img-05630	B	rule-table-cell	symbol/icon in a table cell, explained by the adjacent cell	yes
img-05631	B	rule-table-cell	symbol/icon in a table cell, explained by the adjacent cell	yes
img-05632	B	rule-table-cell	symbol/icon in a table cell, explained by the adjacent cell	yes
img-05633	B	rule-table-cell	symbol/icon in a table cell, explained by the adjacent cell	yes
img-05634	B	rule-table-cell	symbol/icon in a table cell, explained by the adjacent cell	yes
img-05635	B	rule-residual-conceptual	conceptual/architecture diagram, screenshot or illustration redundant with prose	missing
img-05636	C	rule-railroad-bnf	railroad diagram for a ::= grammar production, image-only grammar	yes
img-05637	C	rule-railroad-bnf	railroad diagram for a ::= grammar production, image-only grammar	yes
img-05638	C	rule-railroad-bnf	railroad diagram for a ::= grammar production, image-only grammar	yes
img-05639	C	rule-railroad-synhead	railroad diagram directly under a Syntax heading, image-only grammar	yes
img-05640	C	rule-railroad-synhead	railroad diagram directly under a Syntax heading, image-only grammar	yes
img-05641	C	rule-railroad-bnf	railroad diagram for a ::= grammar production, image-only grammar	yes
img-05642	C	rule-railroad-bnf	railroad diagram for a ::= grammar production, image-only grammar	yes
img-05643	C	rule-railroad-bnf	railroad diagram for a ::= grammar production, image-only grammar	yes
img-05644	C	rule-railroad-bnf	railroad diagram for a ::= grammar production, image-only grammar	yes
img-05645	C	rule-railroad-bnf	railroad diagram for a ::= grammar production, image-only grammar	yes
img-05646	C	rule-railroad-bnf	railroad diagram for a ::= grammar production, image-only grammar	yes
img-05647	C	rule-railroad-synhead	railroad diagram directly under a Syntax heading, image-only grammar	yes
img-05648	C	rule-railroad-synhead	railroad diagram directly under a Syntax heading, image-only grammar	yes
img-05649	C	rule-railroad-synhead	railroad diagram directly under a Syntax heading, image-only grammar	yes
img-05650	C	rule-railroad-synsection	railroad diagram in a Syntax section, image-only grammar	yes
img-05651	C	rule-railroad-synsection	railroad diagram in a Syntax section, image-only grammar	yes
img-05652	C	rule-railroad-synhead	railroad diagram directly under a Syntax heading, image-only grammar	yes
img-05653	C	rule-railroad-synsection	railroad diagram in a Syntax section, image-only grammar	yes
img-05654	B	rule-residual-conceptual	conceptual/architecture diagram, screenshot or illustration redundant with prose	yes
img-05655	C	rule-railroad-synhead	railroad diagram directly under a Syntax heading, image-only grammar	yes
img-05656	C	rule-railroad-synhead	railroad diagram directly under a Syntax heading, image-only grammar	yes
img-05657	C	rule-railroad-synhead	railroad diagram directly under a Syntax heading, image-only grammar	yes
img-05658	C	rule-railroad-synhead	railroad diagram directly under a Syntax heading, image-only grammar	yes
img-05659	C	rule-railroad-synhead	railroad diagram directly under a Syntax heading, image-only grammar	yes
img-05660	C	rule-railroad-synhead	railroad diagram directly under a Syntax heading, image-only grammar	yes
img-05661	C	rule-railroad-synhead	railroad diagram directly under a Syntax heading, image-only grammar	yes
img-05662	C	rule-railroad-synhead	railroad diagram directly under a Syntax heading, image-only grammar	yes
img-05663	C	rule-railroad-synhead	railroad diagram directly under a Syntax heading, image-only grammar	yes
img-05664	C	rule-railroad-synhead	railroad diagram directly under a Syntax heading, image-only grammar	yes
img-05665	C	rule-railroad-synhead	railroad diagram directly under a Syntax heading, image-only grammar	yes
img-05666	C	rule-railroad-synhead	railroad diagram directly under a Syntax heading, image-only grammar	yes
img-05667	C	rule-railroad-synhead	railroad diagram directly under a Syntax heading, image-only grammar	yes
img-05668	C	rule-railroad-synhead	railroad diagram directly under a Syntax heading, image-only grammar	yes
img-05669	C	rule-railroad-synhead	railroad diagram directly under a Syntax heading, image-only grammar	yes
img-05670	C	rule-railroad-synhead	railroad diagram directly under a Syntax heading, image-only grammar	yes
img-05671	C	rule-railroad-synhead	railroad diagram directly under a Syntax heading, image-only grammar	yes
img-05672	C	rule-railroad-synhead	railroad diagram directly under a Syntax heading, image-only grammar	yes
img-05673	C	rule-railroad-synhead	railroad diagram directly under a Syntax heading, image-only grammar	yes
img-05674	C	rule-railroad-synhead	railroad diagram directly under a Syntax heading, image-only grammar	yes
img-05675	C	rule-railroad-synsection	railroad diagram in a Syntax section, image-only grammar	yes
img-05676	C	rule-railroad-synhead	railroad diagram directly under a Syntax heading, image-only grammar	yes
img-05677	C	rule-railroad-synhead	railroad diagram directly under a Syntax heading, image-only grammar	yes
img-05678	B	rule-residual-conceptual	conceptual/architecture diagram, screenshot or illustration redundant with prose	yes
img-05679	C	rule-railroad-synhead	railroad diagram directly under a Syntax heading, image-only grammar	yes
img-05680	C	rule-railroad-synhead	railroad diagram directly under a Syntax heading, image-only grammar	yes
img-05681	B	rule-residual-conceptual	conceptual/architecture diagram, screenshot or illustration redundant with prose	yes
img-05682	C	rule-railroad-synhead	railroad diagram directly under a Syntax heading, image-only grammar	yes
img-05683	C	rule-railroad-synhead	railroad diagram directly under a Syntax heading, image-only grammar	yes
img-05684	B	rule-residual-conceptual	conceptual/architecture diagram, screenshot or illustration redundant with prose	yes
img-05685	C	rule-railroad-synhead	railroad diagram directly under a Syntax heading, image-only grammar	yes
img-05686	C	rule-railroad-synsection	railroad diagram in a Syntax section, image-only grammar	yes
img-05687	C	rule-railroad-synsection	railroad diagram in a Syntax section, image-only grammar	yes
img-05688	C	rule-railroad-synhead	railroad diagram directly under a Syntax heading, image-only grammar	yes
img-05689	C	rule-railroad-synhead	railroad diagram directly under a Syntax heading, image-only grammar	yes
img-05690	C	rule-railroad-synhead	railroad diagram directly under a Syntax heading, image-only grammar	yes
img-05691	B	rule-residual-conceptual	conceptual/architecture diagram, screenshot or illustration redundant with prose	yes
img-05692	C	rule-railroad-synhead	railroad diagram directly under a Syntax heading, image-only grammar	yes
img-05693	C	rule-railroad-synhead	railroad diagram directly under a Syntax heading, image-only grammar	yes
img-05694	C	rule-railroad-synhead	railroad diagram directly under a Syntax heading, image-only grammar	yes
img-05695	B	rule-residual-conceptual	conceptual/architecture diagram, screenshot or illustration redundant with prose	yes
img-05696	C	rule-railroad-synhead	railroad diagram directly under a Syntax heading, image-only grammar	yes
img-05697	B	rule-residual-conceptual	conceptual/architecture diagram, screenshot or illustration redundant with prose	yes
img-05698	C	rule-railroad-bnf	railroad diagram for a ::= grammar production, image-only grammar	yes
img-05699	C	rule-railroad-bnf	railroad diagram for a ::= grammar production, image-only grammar	yes
img-05700	C	rule-railroad-bnf	railroad diagram for a ::= grammar production, image-only grammar	yes
img-05701	C	rule-railroad-bnf	railroad diagram for a ::= grammar production, image-only grammar	yes
img-05702	C	rule-railroad-bnf	railroad diagram for a ::= grammar production, image-only grammar	yes
img-05703	C	rule-railroad-bnf	railroad diagram for a ::= grammar production, image-only grammar	yes
img-05704	C	rule-railroad-bnf	railroad diagram for a ::= grammar production, image-only grammar	yes
img-05705	C	rule-railroad-bnf	railroad diagram for a ::= grammar production, image-only grammar	yes
img-05706	C	rule-railroad-bnf	railroad diagram for a ::= grammar production, image-only grammar	yes
img-05707	C	rule-railroad-bnf	railroad diagram for a ::= grammar production, image-only grammar	yes
img-05708	C	rule-railroad-bnf	railroad diagram for a ::= grammar production, image-only grammar	yes
img-05709	C	rule-railroad-bnf	railroad diagram for a ::= grammar production, image-only grammar	yes
img-05710	B	rule-residual-conceptual	conceptual/architecture diagram, screenshot or illustration redundant with prose	yes
img-05711	B	rule-cover	cover-page logo, carries no recoverable text	yes
img-05712	B	rule-table-cell	symbol/icon in a table cell, explained by the adjacent cell	yes
img-05713	B	rule-table-cell	symbol/icon in a table cell, explained by the adjacent cell	yes
img-05714	B	rule-table-cell	symbol/icon in a table cell, explained by the adjacent cell	yes
img-05715	B	rule-table-cell	symbol/icon in a table cell, explained by the adjacent cell	yes
img-05716	B	rule-table-cell	symbol/icon in a table cell, explained by the adjacent cell	yes
img-05717	B	rule-table-cell	symbol/icon in a table cell, explained by the adjacent cell	yes
img-05718	B	rule-table-cell	symbol/icon in a table cell, explained by the adjacent cell	yes
img-05719	B	rule-table-cell	symbol/icon in a table cell, explained by the adjacent cell	yes
img-05720	B	rule-table-cell	symbol/icon in a table cell, explained by the adjacent cell	yes
img-05721	C	rule-railroad-synhead	railroad diagram directly under a Syntax heading, image-only grammar	yes
img-05722	B	rule-residual-conceptual	conceptual/architecture diagram, screenshot or illustration redundant with prose	missing
img-05723	B	rule-residual-conceptual	conceptual/architecture diagram, screenshot or illustration redundant with prose	missing
img-05724	B	rule-residual-conceptual	conceptual/architecture diagram, screenshot or illustration redundant with prose	missing
img-05725	B	rule-residual-conceptual	conceptual/architecture diagram, screenshot or illustration redundant with prose	missing
img-05726	B	rule-residual-conceptual	conceptual/architecture diagram, screenshot or illustration redundant with prose	yes
img-05727	B	rule-residual-conceptual	conceptual/architecture diagram, screenshot or illustration redundant with prose	yes
img-05728	B	rule-residual-conceptual	conceptual/architecture diagram, screenshot or illustration redundant with prose	yes
img-05729	B	rule-residual-conceptual	conceptual/architecture diagram, screenshot or illustration redundant with prose	yes
img-05730	B	rule-residual-conceptual	conceptual/architecture diagram, screenshot or illustration redundant with prose	yes
img-05731	B	rule-residual-conceptual	conceptual/architecture diagram, screenshot or illustration redundant with prose	yes
img-05732	B	rule-residual-conceptual	conceptual/architecture diagram, screenshot or illustration redundant with prose	yes
img-05733	B	rule-residual-conceptual	conceptual/architecture diagram, screenshot or illustration redundant with prose	yes
img-05734	C	rule-railroad-synhead	railroad diagram directly under a Syntax heading, image-only grammar	yes
img-05735	C	rule-railroad-synhead	railroad diagram directly under a Syntax heading, image-only grammar	yes
img-05736	C	rule-railroad-synhead	railroad diagram directly under a Syntax heading, image-only grammar	yes
img-05737	C	rule-railroad-synhead	railroad diagram directly under a Syntax heading, image-only grammar	yes
img-05738	C	rule-railroad-synhead	railroad diagram directly under a Syntax heading, image-only grammar	yes
img-05739	C	rule-railroad-synhead	railroad diagram directly under a Syntax heading, image-only grammar	yes
img-05740	C	rule-railroad-synhead	railroad diagram directly under a Syntax heading, image-only grammar	yes
img-05741	C	rule-railroad-synhead	railroad diagram directly under a Syntax heading, image-only grammar	yes
img-05742	C	rule-railroad-synhead	railroad diagram directly under a Syntax heading, image-only grammar	yes
img-05743	C	rule-railroad-synhead	railroad diagram directly under a Syntax heading, image-only grammar	yes
img-05744	C	rule-railroad-synhead	railroad diagram directly under a Syntax heading, image-only grammar	yes
img-05745	C	rule-railroad-synhead	railroad diagram directly under a Syntax heading, image-only grammar	yes
img-05746	C	rule-railroad-synhead	railroad diagram directly under a Syntax heading, image-only grammar	yes
img-05747	C	rule-railroad-synhead	railroad diagram directly under a Syntax heading, image-only grammar	yes
img-05748	C	rule-railroad-synhead	railroad diagram directly under a Syntax heading, image-only grammar	yes
img-05749	C	rule-railroad-synhead	railroad diagram directly under a Syntax heading, image-only grammar	yes
img-05750	C	rule-railroad-synhead	railroad diagram directly under a Syntax heading, image-only grammar	yes
img-05751	C	rule-railroad-synhead	railroad diagram directly under a Syntax heading, image-only grammar	yes
img-05752	B	rule-cover	cover-page logo, carries no recoverable text	yes
img-05753	B	rule-table-cell	symbol/icon in a table cell, explained by the adjacent cell	yes
img-05754	B	rule-table-cell	symbol/icon in a table cell, explained by the adjacent cell	yes
img-05755	B	rule-table-cell	symbol/icon in a table cell, explained by the adjacent cell	yes
img-05756	B	rule-table-cell	symbol/icon in a table cell, explained by the adjacent cell	yes
img-05757	B	rule-table-cell	symbol/icon in a table cell, explained by the adjacent cell	yes
img-05758	B	rule-table-cell	symbol/icon in a table cell, explained by the adjacent cell	yes
img-05759	B	rule-table-cell	symbol/icon in a table cell, explained by the adjacent cell	yes
img-05760	B	rule-table-cell	symbol/icon in a table cell, explained by the adjacent cell	yes
img-05761	B	rule-table-cell	symbol/icon in a table cell, explained by the adjacent cell	yes
img-05762	B	rule-residual-conceptual	conceptual/architecture diagram, screenshot or illustration redundant with prose	yes
img-05763	B	rule-cover	cover-page logo, carries no recoverable text	yes
img-05764	B	rule-table-cell	symbol/icon in a table cell, explained by the adjacent cell	yes
img-05765	B	rule-table-cell	symbol/icon in a table cell, explained by the adjacent cell	yes
img-05766	B	rule-table-cell	symbol/icon in a table cell, explained by the adjacent cell	yes
img-05767	B	rule-table-cell	symbol/icon in a table cell, explained by the adjacent cell	yes
img-05768	B	rule-table-cell	symbol/icon in a table cell, explained by the adjacent cell	yes
img-05769	B	rule-table-cell	symbol/icon in a table cell, explained by the adjacent cell	yes
img-05770	B	rule-table-cell	symbol/icon in a table cell, explained by the adjacent cell	yes
img-05771	B	rule-table-cell	symbol/icon in a table cell, explained by the adjacent cell	yes
img-05772	B	rule-table-cell	symbol/icon in a table cell, explained by the adjacent cell	yes
img-05773	B	rule-residual-conceptual	conceptual/architecture diagram, screenshot or illustration redundant with prose	missing
img-05774	B	rule-table-cell	symbol/icon in a table cell, explained by the adjacent cell	yes
img-05775	B	rule-table-cell	symbol/icon in a table cell, explained by the adjacent cell	yes
img-05776	B	rule-table-cell	symbol/icon in a table cell, explained by the adjacent cell	yes
img-05777	B	rule-table-cell	symbol/icon in a table cell, explained by the adjacent cell	yes
img-05778	B	rule-table-cell	symbol/icon in a table cell, explained by the adjacent cell	yes
img-05779	B	rule-table-cell	symbol/icon in a table cell, explained by the adjacent cell	yes
img-05780	B	rule-table-cell	symbol/icon in a table cell, explained by the adjacent cell	yes
img-05781	B	rule-table-cell	symbol/icon in a table cell, explained by the adjacent cell	yes
img-05782	B	rule-table-cell	symbol/icon in a table cell, explained by the adjacent cell	yes
img-05783	B	rule-residual-conceptual	conceptual/architecture diagram, screenshot or illustration redundant with prose	missing
img-05784	C	rule-railroad-bnf	railroad diagram for a ::= grammar production, image-only grammar	missing
img-05785	C	rule-railroad-bnf	railroad diagram for a ::= grammar production, image-only grammar	missing
img-05786	C	rule-railroad-bnf	railroad diagram for a ::= grammar production, image-only grammar	missing
img-05787	C	rule-railroad-synhead	railroad diagram directly under a Syntax heading, image-only grammar	missing
img-05788	C	rule-railroad-synhead	railroad diagram directly under a Syntax heading, image-only grammar	missing
img-05789	C	rule-railroad-bnf	railroad diagram for a ::= grammar production, image-only grammar	missing
img-05790	C	rule-railroad-bnf	railroad diagram for a ::= grammar production, image-only grammar	missing
img-05791	C	rule-railroad-bnf	railroad diagram for a ::= grammar production, image-only grammar	missing
img-05792	C	rule-railroad-bnf	railroad diagram for a ::= grammar production, image-only grammar	missing
img-05793	C	rule-railroad-bnf	railroad diagram for a ::= grammar production, image-only grammar	missing
img-05794	C	rule-railroad-bnf	railroad diagram for a ::= grammar production, image-only grammar	missing
img-05795	C	rule-railroad-synhead	railroad diagram directly under a Syntax heading, image-only grammar	missing
img-05796	C	rule-railroad-synhead	railroad diagram directly under a Syntax heading, image-only grammar	missing
img-05797	C	rule-railroad-synhead	railroad diagram directly under a Syntax heading, image-only grammar	missing
img-05798	C	rule-railroad-synsection	railroad diagram in a Syntax section, image-only grammar	missing
img-05799	C	rule-railroad-synsection	railroad diagram in a Syntax section, image-only grammar	missing
img-05800	C	rule-railroad-synhead	railroad diagram directly under a Syntax heading, image-only grammar	missing
img-05801	C	rule-railroad-synsection	railroad diagram in a Syntax section, image-only grammar	missing
img-05802	B	rule-residual-conceptual	conceptual/architecture diagram, screenshot or illustration redundant with prose	missing
img-05803	C	rule-railroad-synhead	railroad diagram directly under a Syntax heading, image-only grammar	missing
img-05804	C	rule-railroad-synhead	railroad diagram directly under a Syntax heading, image-only grammar	missing
img-05805	C	rule-railroad-synhead	railroad diagram directly under a Syntax heading, image-only grammar	missing
img-05806	C	rule-railroad-synhead	railroad diagram directly under a Syntax heading, image-only grammar	missing
img-05807	C	rule-railroad-synhead	railroad diagram directly under a Syntax heading, image-only grammar	missing
img-05808	C	rule-railroad-synhead	railroad diagram directly under a Syntax heading, image-only grammar	missing
img-05809	C	rule-railroad-synhead	railroad diagram directly under a Syntax heading, image-only grammar	missing
img-05810	C	rule-railroad-synhead	railroad diagram directly under a Syntax heading, image-only grammar	missing
img-05811	C	rule-railroad-synhead	railroad diagram directly under a Syntax heading, image-only grammar	missing
img-05812	C	rule-railroad-synhead	railroad diagram directly under a Syntax heading, image-only grammar	missing
img-05813	C	rule-railroad-synhead	railroad diagram directly under a Syntax heading, image-only grammar	missing
img-05814	C	rule-railroad-synhead	railroad diagram directly under a Syntax heading, image-only grammar	missing
img-05815	C	rule-railroad-synhead	railroad diagram directly under a Syntax heading, image-only grammar	missing
img-05816	C	rule-railroad-synhead	railroad diagram directly under a Syntax heading, image-only grammar	missing
img-05817	C	rule-railroad-synhead	railroad diagram directly under a Syntax heading, image-only grammar	missing
img-05818	C	rule-railroad-synhead	railroad diagram directly under a Syntax heading, image-only grammar	missing
img-05819	C	rule-railroad-synhead	railroad diagram directly under a Syntax heading, image-only grammar	missing
img-05820	C	rule-railroad-synhead	railroad diagram directly under a Syntax heading, image-only grammar	missing
img-05821	C	rule-railroad-synhead	railroad diagram directly under a Syntax heading, image-only grammar	missing
img-05822	C	rule-railroad-synhead	railroad diagram directly under a Syntax heading, image-only grammar	missing
img-05823	C	rule-railroad-synsection	railroad diagram in a Syntax section, image-only grammar	missing
img-05824	C	rule-railroad-synhead	railroad diagram directly under a Syntax heading, image-only grammar	missing
img-05825	C	rule-railroad-synhead	railroad diagram directly under a Syntax heading, image-only grammar	missing
img-05826	B	rule-residual-conceptual	conceptual/architecture diagram, screenshot or illustration redundant with prose	missing
img-05827	C	rule-railroad-synhead	railroad diagram directly under a Syntax heading, image-only grammar	missing
img-05828	C	rule-railroad-synhead	railroad diagram directly under a Syntax heading, image-only grammar	missing
img-05829	B	rule-residual-conceptual	conceptual/architecture diagram, screenshot or illustration redundant with prose	missing
img-05830	C	rule-railroad-synhead	railroad diagram directly under a Syntax heading, image-only grammar	missing
img-05831	C	rule-railroad-synhead	railroad diagram directly under a Syntax heading, image-only grammar	missing
img-05832	B	rule-cover	cover-page logo, carries no recoverable text	yes
img-05833	B	rule-table-cell	symbol/icon in a table cell, explained by the adjacent cell	yes
img-05834	B	rule-table-cell	symbol/icon in a table cell, explained by the adjacent cell	yes
img-05835	B	rule-table-cell	symbol/icon in a table cell, explained by the adjacent cell	yes
img-05836	B	rule-table-cell	symbol/icon in a table cell, explained by the adjacent cell	yes
img-05837	B	rule-table-cell	symbol/icon in a table cell, explained by the adjacent cell	yes
img-05838	B	rule-table-cell	symbol/icon in a table cell, explained by the adjacent cell	yes
img-05839	B	rule-table-cell	symbol/icon in a table cell, explained by the adjacent cell	yes
img-05840	B	rule-table-cell	symbol/icon in a table cell, explained by the adjacent cell	yes
img-05841	B	rule-table-cell	symbol/icon in a table cell, explained by the adjacent cell	yes
img-05842	B	rule-residual-conceptual	conceptual/architecture diagram, screenshot or illustration redundant with prose	yes
img-05843	B	rule-residual-conceptual	conceptual/architecture diagram, screenshot or illustration redundant with prose	yes
img-05844	B	rule-residual-conceptual	conceptual/architecture diagram, screenshot or illustration redundant with prose	yes
img-05845	B	rule-residual-conceptual	conceptual/architecture diagram, screenshot or illustration redundant with prose	yes
img-05846	B	rule-residual-conceptual	conceptual/architecture diagram, screenshot or illustration redundant with prose	yes
img-05847	B	rule-residual-conceptual	conceptual/architecture diagram, screenshot or illustration redundant with prose	yes
img-05848	B	rule-residual-conceptual	conceptual/architecture diagram, screenshot or illustration redundant with prose	yes
img-05849	B	rule-residual-conceptual	conceptual/architecture diagram, screenshot or illustration redundant with prose	yes
img-05850	B	rule-residual-conceptual	conceptual/architecture diagram, screenshot or illustration redundant with prose	yes
img-05851	B	rule-residual-conceptual	conceptual/architecture diagram, screenshot or illustration redundant with prose	yes
img-05852	B	rule-residual-conceptual	conceptual/architecture diagram, screenshot or illustration redundant with prose	yes
img-05853	B	rule-cover	cover-page logo, carries no recoverable text	yes
img-05854	B	rule-table-cell	symbol/icon in a table cell, explained by the adjacent cell	yes
img-05855	B	rule-table-cell	symbol/icon in a table cell, explained by the adjacent cell	yes
img-05856	B	rule-table-cell	symbol/icon in a table cell, explained by the adjacent cell	yes
img-05857	B	rule-table-cell	symbol/icon in a table cell, explained by the adjacent cell	yes
img-05858	B	rule-table-cell	symbol/icon in a table cell, explained by the adjacent cell	yes
img-05859	B	rule-table-cell	symbol/icon in a table cell, explained by the adjacent cell	yes
img-05860	B	rule-table-cell	symbol/icon in a table cell, explained by the adjacent cell	yes
img-05861	B	rule-table-cell	symbol/icon in a table cell, explained by the adjacent cell	yes
img-05862	B	rule-table-cell	symbol/icon in a table cell, explained by the adjacent cell	yes
img-05863	B	rule-residual-conceptual	conceptual/architecture diagram, screenshot or illustration redundant with prose	yes
img-05864	B	rule-residual-conceptual	conceptual/architecture diagram, screenshot or illustration redundant with prose	yes
img-05865	B	rule-residual-conceptual	conceptual/architecture diagram, screenshot or illustration redundant with prose	yes
img-05866	B	rule-cover	cover-page logo, carries no recoverable text	yes
img-05867	B	rule-table-cell	symbol/icon in a table cell, explained by the adjacent cell	yes
img-05868	B	rule-table-cell	symbol/icon in a table cell, explained by the adjacent cell	yes
img-05869	B	rule-table-cell	symbol/icon in a table cell, explained by the adjacent cell	yes
img-05870	B	rule-table-cell	symbol/icon in a table cell, explained by the adjacent cell	yes
img-05871	B	rule-table-cell	symbol/icon in a table cell, explained by the adjacent cell	yes
img-05872	B	rule-table-cell	symbol/icon in a table cell, explained by the adjacent cell	yes
img-05873	B	rule-table-cell	symbol/icon in a table cell, explained by the adjacent cell	yes
img-05874	B	rule-table-cell	symbol/icon in a table cell, explained by the adjacent cell	yes
img-05875	B	rule-table-cell	symbol/icon in a table cell, explained by the adjacent cell	yes
img-05876	B	rule-residual-conceptual	conceptual/architecture diagram, screenshot or illustration redundant with prose	yes
img-05877	B	rule-residual-conceptual	conceptual/architecture diagram, screenshot or illustration redundant with prose	yes
img-05878	B	rule-residual-conceptual	conceptual/architecture diagram, screenshot or illustration redundant with prose	yes
img-05879	B	rule-residual-conceptual	conceptual/architecture diagram, screenshot or illustration redundant with prose	yes
img-05880	B	rule-cover	cover-page logo, carries no recoverable text	yes
img-05881	B	rule-table-cell	symbol/icon in a table cell, explained by the adjacent cell	yes
img-05882	B	rule-table-cell	symbol/icon in a table cell, explained by the adjacent cell	yes
img-05883	B	rule-table-cell	symbol/icon in a table cell, explained by the adjacent cell	yes
img-05884	B	rule-table-cell	symbol/icon in a table cell, explained by the adjacent cell	yes
img-05885	B	rule-table-cell	symbol/icon in a table cell, explained by the adjacent cell	yes
img-05886	B	rule-table-cell	symbol/icon in a table cell, explained by the adjacent cell	yes
img-05887	B	rule-table-cell	symbol/icon in a table cell, explained by the adjacent cell	yes
img-05888	B	rule-table-cell	symbol/icon in a table cell, explained by the adjacent cell	yes
img-05889	B	rule-table-cell	symbol/icon in a table cell, explained by the adjacent cell	yes
img-05890	B	rule-residual-conceptual	conceptual/architecture diagram, screenshot or illustration redundant with prose	yes
img-05891	B	rule-residual-conceptual	conceptual/architecture diagram, screenshot or illustration redundant with prose	yes
img-05892	B	rule-residual-conceptual	conceptual/architecture diagram, screenshot or illustration redundant with prose	yes
img-05893	B	rule-residual-conceptual	conceptual/architecture diagram, screenshot or illustration redundant with prose	yes
img-05894	B	rule-residual-conceptual	conceptual/architecture diagram, screenshot or illustration redundant with prose	yes
img-05895	B	rule-residual-conceptual	conceptual/architecture diagram, screenshot or illustration redundant with prose	yes
img-05896	B	rule-residual-conceptual	conceptual/architecture diagram, screenshot or illustration redundant with prose	yes
img-05897	B	rule-residual-conceptual	conceptual/architecture diagram, screenshot or illustration redundant with prose	yes
img-05898	B	rule-residual-conceptual	conceptual/architecture diagram, screenshot or illustration redundant with prose	yes
img-05899	B	rule-residual-conceptual	conceptual/architecture diagram, screenshot or illustration redundant with prose	yes
img-05900	B	rule-residual-conceptual	conceptual/architecture diagram, screenshot or illustration redundant with prose	yes
img-05901	B	rule-residual-conceptual	conceptual/architecture diagram, screenshot or illustration redundant with prose	yes
img-05902	B	rule-residual-conceptual	conceptual/architecture diagram, screenshot or illustration redundant with prose	yes
img-05903	B	rule-residual-conceptual	conceptual/architecture diagram, screenshot or illustration redundant with prose	yes
img-05904	B	rule-residual-conceptual	conceptual/architecture diagram, screenshot or illustration redundant with prose	yes
img-05905	B	rule-residual-conceptual	conceptual/architecture diagram, screenshot or illustration redundant with prose	yes
img-05906	B	rule-residual-conceptual	conceptual/architecture diagram, screenshot or illustration redundant with prose	yes
img-05907	B	rule-residual-conceptual	conceptual/architecture diagram, screenshot or illustration redundant with prose	yes
img-05908	B	rule-residual-conceptual	conceptual/architecture diagram, screenshot or illustration redundant with prose	yes
img-05909	B	rule-residual-conceptual	conceptual/architecture diagram, screenshot or illustration redundant with prose	yes
img-05910	B	rule-residual-conceptual	conceptual/architecture diagram, screenshot or illustration redundant with prose	yes
img-05911	B	rule-residual-conceptual	conceptual/architecture diagram, screenshot or illustration redundant with prose	yes
img-05912	B	rule-residual-conceptual	conceptual/architecture diagram, screenshot or illustration redundant with prose	yes
img-05913	B	rule-residual-conceptual	conceptual/architecture diagram, screenshot or illustration redundant with prose	yes
img-05914	B	rule-residual-conceptual	conceptual/architecture diagram, screenshot or illustration redundant with prose	yes
img-05915	B	rule-residual-conceptual	conceptual/architecture diagram, screenshot or illustration redundant with prose	yes
img-05916	B	rule-residual-conceptual	conceptual/architecture diagram, screenshot or illustration redundant with prose	yes
img-05917	B	rule-residual-conceptual	conceptual/architecture diagram, screenshot or illustration redundant with prose	yes
img-05918	B	rule-residual-conceptual	conceptual/architecture diagram, screenshot or illustration redundant with prose	yes
img-05919	E	vision	decision flowchart: index-type classification by YES/No decision diamonds	yes
img-05920	B	rule-residual-conceptual	conceptual/architecture diagram, screenshot or illustration redundant with prose	yes
img-05921	B	rule-residual-conceptual	conceptual/architecture diagram, screenshot or illustration redundant with prose	yes
img-05922	B	rule-residual-conceptual	conceptual/architecture diagram, screenshot or illustration redundant with prose	yes
img-05923	B	rule-residual-conceptual	conceptual/architecture diagram, screenshot or illustration redundant with prose	yes
img-05924	B	rule-residual-conceptual	conceptual/architecture diagram, screenshot or illustration redundant with prose	yes
img-05925	B	rule-residual-conceptual	conceptual/architecture diagram, screenshot or illustration redundant with prose	yes
img-05926	B	rule-residual-conceptual	conceptual/architecture diagram, screenshot or illustration redundant with prose	yes
img-05927	B	rule-residual-conceptual	conceptual/architecture diagram, screenshot or illustration redundant with prose	yes
img-05928	B	rule-residual-conceptual	conceptual/architecture diagram, screenshot or illustration redundant with prose	yes
img-05929	B	rule-residual-conceptual	conceptual/architecture diagram, screenshot or illustration redundant with prose	yes
img-05930	B	rule-residual-conceptual	conceptual/architecture diagram, screenshot or illustration redundant with prose	yes
img-05931	B	rule-residual-conceptual	conceptual/architecture diagram, screenshot or illustration redundant with prose	yes
img-05932	B	rule-residual-conceptual	conceptual/architecture diagram, screenshot or illustration redundant with prose	yes
img-05933	B	rule-residual-conceptual	conceptual/architecture diagram, screenshot or illustration redundant with prose	yes
img-05934	B	rule-residual-conceptual	conceptual/architecture diagram, screenshot or illustration redundant with prose	yes
img-05935	B	rule-residual-conceptual	conceptual/architecture diagram, screenshot or illustration redundant with prose	yes
img-05936	B	rule-residual-conceptual	conceptual/architecture diagram, screenshot or illustration redundant with prose	yes
img-05937	B	rule-residual-conceptual	conceptual/architecture diagram, screenshot or illustration redundant with prose	yes
img-05938	B	rule-residual-conceptual	conceptual/architecture diagram, screenshot or illustration redundant with prose	yes
img-05939	B	rule-residual-conceptual	conceptual/architecture diagram, screenshot or illustration redundant with prose	yes
img-05940	B	rule-residual-conceptual	conceptual/architecture diagram, screenshot or illustration redundant with prose	yes
img-05941	B	rule-residual-conceptual	conceptual/architecture diagram, screenshot or illustration redundant with prose	yes
img-05942	B	rule-residual-conceptual	conceptual/architecture diagram, screenshot or illustration redundant with prose	yes
img-05943	B	rule-residual-conceptual	conceptual/architecture diagram, screenshot or illustration redundant with prose	yes
img-05944	B	rule-residual-conceptual	conceptual/architecture diagram, screenshot or illustration redundant with prose	yes
img-05945	B	rule-residual-conceptual	conceptual/architecture diagram, screenshot or illustration redundant with prose	yes
img-05946	B	rule-residual-conceptual	conceptual/architecture diagram, screenshot or illustration redundant with prose	yes
img-05947	B	rule-residual-conceptual	conceptual/architecture diagram, screenshot or illustration redundant with prose	yes
img-05948	B	rule-residual-conceptual	conceptual/architecture diagram, screenshot or illustration redundant with prose	yes
img-05949	B	rule-residual-conceptual	conceptual/architecture diagram, screenshot or illustration redundant with prose	yes
img-05950	B	rule-residual-conceptual	conceptual/architecture diagram, screenshot or illustration redundant with prose	yes
img-05951	B	rule-residual-conceptual	conceptual/architecture diagram, screenshot or illustration redundant with prose	yes
img-05952	B	rule-residual-conceptual	conceptual/architecture diagram, screenshot or illustration redundant with prose	yes
img-05953	B	rule-residual-conceptual	conceptual/architecture diagram, screenshot or illustration redundant with prose	yes
img-05954	B	rule-residual-conceptual	conceptual/architecture diagram, screenshot or illustration redundant with prose	yes
img-05955	B	rule-residual-conceptual	conceptual/architecture diagram, screenshot or illustration redundant with prose	yes
img-05956	E	vision	process flowchart: troubleshooting procedure (check log -> judge -> collect -> analyse)	yes
img-05957	B	rule-cover	cover-page logo, carries no recoverable text	yes
img-05958	B	rule-table-cell	symbol/icon in a table cell, explained by the adjacent cell	yes
img-05959	B	rule-table-cell	symbol/icon in a table cell, explained by the adjacent cell	yes
img-05960	B	rule-table-cell	symbol/icon in a table cell, explained by the adjacent cell	yes
img-05961	B	rule-table-cell	symbol/icon in a table cell, explained by the adjacent cell	yes
img-05962	B	rule-table-cell	symbol/icon in a table cell, explained by the adjacent cell	yes
img-05963	B	rule-table-cell	symbol/icon in a table cell, explained by the adjacent cell	yes
img-05964	B	rule-table-cell	symbol/icon in a table cell, explained by the adjacent cell	yes
img-05965	B	rule-table-cell	symbol/icon in a table cell, explained by the adjacent cell	yes
img-05966	B	rule-table-cell	symbol/icon in a table cell, explained by the adjacent cell	yes
img-05967	B	rule-residual-conceptual	conceptual/architecture diagram, screenshot or illustration redundant with prose	yes
img-05968	B	rule-residual-conceptual	conceptual/architecture diagram, screenshot or illustration redundant with prose	yes
img-05969	B	rule-residual-conceptual	conceptual/architecture diagram, screenshot or illustration redundant with prose	yes
img-05970	B	rule-residual-conceptual	conceptual/architecture diagram, screenshot or illustration redundant with prose	yes
img-05971	B	rule-cover	cover-page logo, carries no recoverable text	yes
img-05972	B	rule-cover	cover-page logo, carries no recoverable text	yes
img-05973	B	rule-table-cell	symbol/icon in a table cell, explained by the adjacent cell	yes
img-05974	B	rule-table-cell	symbol/icon in a table cell, explained by the adjacent cell	yes
img-05975	B	rule-table-cell	symbol/icon in a table cell, explained by the adjacent cell	yes
img-05976	B	rule-table-cell	symbol/icon in a table cell, explained by the adjacent cell	yes
img-05977	B	rule-table-cell	symbol/icon in a table cell, explained by the adjacent cell	yes
img-05978	B	rule-table-cell	symbol/icon in a table cell, explained by the adjacent cell	yes
img-05979	B	rule-table-cell	symbol/icon in a table cell, explained by the adjacent cell	yes
img-05980	B	rule-table-cell	symbol/icon in a table cell, explained by the adjacent cell	yes
img-05981	B	rule-table-cell	symbol/icon in a table cell, explained by the adjacent cell	yes
img-05982	B	rule-residual-conceptual	conceptual/architecture diagram, screenshot or illustration redundant with prose	yes
img-05983	B	rule-residual-conceptual	conceptual/architecture diagram, screenshot or illustration redundant with prose	yes
img-05984	B	rule-residual-conceptual	conceptual/architecture diagram, screenshot or illustration redundant with prose	yes
img-05985	B	rule-residual-conceptual	conceptual/architecture diagram, screenshot or illustration redundant with prose	yes
img-05986	B	rule-residual-conceptual	conceptual/architecture diagram, screenshot or illustration redundant with prose	yes
img-05987	B	rule-residual-conceptual	conceptual/architecture diagram, screenshot or illustration redundant with prose	yes
img-05988	B	rule-residual-conceptual	conceptual/architecture diagram, screenshot or illustration redundant with prose	yes
img-05989	B	rule-residual-conceptual	conceptual/architecture diagram, screenshot or illustration redundant with prose	yes
img-05990	B	rule-residual-conceptual	conceptual/architecture diagram, screenshot or illustration redundant with prose	yes
img-05991	B	rule-residual-conceptual	conceptual/architecture diagram, screenshot or illustration redundant with prose	yes
img-05992	B	rule-residual-conceptual	conceptual/architecture diagram, screenshot or illustration redundant with prose	yes
img-05993	B	rule-residual-conceptual	conceptual/architecture diagram, screenshot or illustration redundant with prose	yes
img-05994	B	rule-residual-conceptual	conceptual/architecture diagram, screenshot or illustration redundant with prose	yes
img-05995	B	rule-residual-conceptual	conceptual/architecture diagram, screenshot or illustration redundant with prose	yes
img-05996	B	rule-residual-conceptual	conceptual/architecture diagram, screenshot or illustration redundant with prose	yes
img-05997	B	rule-residual-conceptual	conceptual/architecture diagram, screenshot or illustration redundant with prose	yes
img-05998	B	rule-residual-conceptual	conceptual/architecture diagram, screenshot or illustration redundant with prose	yes
img-05999	B	rule-cover	cover-page logo, carries no recoverable text	yes
img-06000	B	rule-table-cell	symbol/icon in a table cell, explained by the adjacent cell	yes
img-06001	B	rule-table-cell	symbol/icon in a table cell, explained by the adjacent cell	yes
img-06002	B	rule-table-cell	symbol/icon in a table cell, explained by the adjacent cell	yes
img-06003	B	rule-table-cell	symbol/icon in a table cell, explained by the adjacent cell	yes
img-06004	B	rule-table-cell	symbol/icon in a table cell, explained by the adjacent cell	yes
img-06005	B	rule-table-cell	symbol/icon in a table cell, explained by the adjacent cell	yes
img-06006	B	rule-table-cell	symbol/icon in a table cell, explained by the adjacent cell	yes
img-06007	B	rule-table-cell	symbol/icon in a table cell, explained by the adjacent cell	yes
img-06008	B	rule-table-cell	symbol/icon in a table cell, explained by the adjacent cell	yes
img-06009	B	rule-residual-conceptual	conceptual/architecture diagram, screenshot or illustration redundant with prose	yes
img-06010	B	rule-residual-conceptual	conceptual/architecture diagram, screenshot or illustration redundant with prose	yes
img-06011	B	rule-residual-conceptual	conceptual/architecture diagram, screenshot or illustration redundant with prose	yes
img-06012	B	rule-residual-conceptual	conceptual/architecture diagram, screenshot or illustration redundant with prose	yes
img-06013	C	rule-railroad-bnf	railroad diagram for a ::= grammar production, image-only grammar	yes
img-06014	C	rule-railroad-bnf	railroad diagram for a ::= grammar production, image-only grammar	yes
img-06015	C	rule-railroad-bnf	railroad diagram for a ::= grammar production, image-only grammar	yes
img-06016	C	rule-railroad-bnf	railroad diagram for a ::= grammar production, image-only grammar	yes
img-06017	B	rule-cover	cover-page logo, carries no recoverable text	yes
img-06018	B	rule-cover	cover-page logo, carries no recoverable text	yes
img-06019	B	rule-table-cell	symbol/icon in a table cell, explained by the adjacent cell	yes
img-06020	B	rule-table-cell	symbol/icon in a table cell, explained by the adjacent cell	yes
img-06021	B	rule-table-cell	symbol/icon in a table cell, explained by the adjacent cell	yes
img-06022	B	rule-table-cell	symbol/icon in a table cell, explained by the adjacent cell	yes
img-06023	B	rule-table-cell	symbol/icon in a table cell, explained by the adjacent cell	yes
img-06024	B	rule-table-cell	symbol/icon in a table cell, explained by the adjacent cell	yes
img-06025	B	rule-table-cell	symbol/icon in a table cell, explained by the adjacent cell	yes
img-06026	B	rule-table-cell	symbol/icon in a table cell, explained by the adjacent cell	yes
img-06027	B	rule-table-cell	symbol/icon in a table cell, explained by the adjacent cell	yes
img-06028	B	rule-residual-conceptual	conceptual/architecture diagram, screenshot or illustration redundant with prose	yes
img-06029	C	rule-railroad-synhead	railroad diagram directly under a Syntax heading, image-only grammar	yes
img-06030	C	rule-railroad-synhead	railroad diagram directly under a Syntax heading, image-only grammar	yes
img-06031	C	rule-railroad-bnf	railroad diagram for a ::= grammar production, image-only grammar	yes
img-06032	C	rule-railroad-bnf	railroad diagram for a ::= grammar production, image-only grammar	yes
img-06033	C	rule-railroad-bnf	railroad diagram for a ::= grammar production, image-only grammar	yes
img-06034	C	rule-railroad-bnf	railroad diagram for a ::= grammar production, image-only grammar	yes
img-06035	C	rule-railroad-bnf	railroad diagram for a ::= grammar production, image-only grammar	yes
img-06036	C	rule-railroad-bnf	railroad diagram for a ::= grammar production, image-only grammar	yes
img-06037	C	rule-railroad-bnf	railroad diagram for a ::= grammar production, image-only grammar	yes
img-06038	C	rule-railroad-synhead	railroad diagram directly under a Syntax heading, image-only grammar	yes
img-06039	C	rule-railroad-bnf	railroad diagram for a ::= grammar production, image-only grammar	yes
img-06040	C	rule-railroad-bnf	railroad diagram for a ::= grammar production, image-only grammar	yes
img-06041	C	rule-railroad-bnf	railroad diagram for a ::= grammar production, image-only grammar	yes
img-06042	C	rule-railroad-bnf	railroad diagram for a ::= grammar production, image-only grammar	yes
img-06043	C	rule-railroad-bnf	railroad diagram for a ::= grammar production, image-only grammar	yes
img-06044	C	rule-railroad-bnf	railroad diagram for a ::= grammar production, image-only grammar	yes
img-06045	C	rule-railroad-synhead	railroad diagram directly under a Syntax heading, image-only grammar	yes
img-06046	C	rule-railroad-bnf	railroad diagram for a ::= grammar production, image-only grammar	yes
img-06047	C	rule-railroad-bnf	railroad diagram for a ::= grammar production, image-only grammar	yes
img-06048	C	rule-railroad-bnf	railroad diagram for a ::= grammar production, image-only grammar	yes
img-06049	B	rule-cover	cover-page logo, carries no recoverable text	yes
img-06050	B	rule-table-cell	symbol/icon in a table cell, explained by the adjacent cell	yes
img-06051	B	rule-table-cell	symbol/icon in a table cell, explained by the adjacent cell	yes
img-06052	B	rule-table-cell	symbol/icon in a table cell, explained by the adjacent cell	yes
img-06053	B	rule-table-cell	symbol/icon in a table cell, explained by the adjacent cell	yes
img-06054	B	rule-table-cell	symbol/icon in a table cell, explained by the adjacent cell	yes
img-06055	B	rule-table-cell	symbol/icon in a table cell, explained by the adjacent cell	yes
img-06056	B	rule-table-cell	symbol/icon in a table cell, explained by the adjacent cell	yes
img-06057	B	rule-table-cell	symbol/icon in a table cell, explained by the adjacent cell	yes
img-06058	B	rule-table-cell	symbol/icon in a table cell, explained by the adjacent cell	yes
img-06059	A	rule-syntax-textblock	syntax diagram redundant with the adjacent text Syntax block	yes
img-06060	A	rule-syntax-textblock	syntax diagram redundant with the adjacent text Syntax block	yes
img-06061	A	rule-syntax-textblock	syntax diagram redundant with the adjacent text Syntax block	yes
img-06062	A	rule-syntax-textblock	syntax diagram redundant with the adjacent text Syntax block	yes
img-06063	A	rule-syntax-textblock	syntax diagram redundant with the adjacent text Syntax block	yes
img-06064	A	rule-syntax-textblock	syntax diagram redundant with the adjacent text Syntax block	yes
img-06065	A	rule-syntax-textblock	syntax diagram redundant with the adjacent text Syntax block	yes
img-06066	A	rule-syntax-textblock	syntax diagram redundant with the adjacent text Syntax block	yes
img-06067	A	rule-syntax-textblock	syntax diagram redundant with the adjacent text Syntax block	yes
img-06068	A	rule-syntax-textblock	syntax diagram redundant with the adjacent text Syntax block	yes
img-06069	A	rule-syntax-textblock	syntax diagram redundant with the adjacent text Syntax block	yes
img-06070	A	rule-syntax-textblock	syntax diagram redundant with the adjacent text Syntax block	yes
img-06071	A	rule-syntax-textblock	syntax diagram redundant with the adjacent text Syntax block	yes
img-06072	A	rule-syntax-textblock	syntax diagram redundant with the adjacent text Syntax block	yes
img-06073	A	rule-syntax-textblock	syntax diagram redundant with the adjacent text Syntax block	yes
img-06074	A	rule-syntax-textblock	syntax diagram redundant with the adjacent text Syntax block	yes
img-06075	A	rule-syntax-textblock	syntax diagram redundant with the adjacent text Syntax block	yes
img-06076	A	rule-syntax-textblock	syntax diagram redundant with the adjacent text Syntax block	yes
img-06077	A	rule-syntax-textblock	syntax diagram redundant with the adjacent text Syntax block	yes
img-06078	A	rule-syntax-textblock	syntax diagram redundant with the adjacent text Syntax block	yes
img-06079	A	rule-syntax-textblock	syntax diagram redundant with the adjacent text Syntax block	yes
img-06080	B	rule-residual-conceptual	conceptual/architecture diagram, screenshot or illustration redundant with prose	yes
img-06081	A	rule-syntax-textblock	syntax diagram redundant with the adjacent text Syntax block	yes
img-06082	A	rule-syntax-textblock	syntax diagram redundant with the adjacent text Syntax block	yes
img-06083	A	rule-syntax-textblock	syntax diagram redundant with the adjacent text Syntax block	yes
img-06084	A	rule-syntax-textblock	syntax diagram redundant with the adjacent text Syntax block	yes
img-06085	A	rule-syntax-textblock	syntax diagram redundant with the adjacent text Syntax block	yes
img-06086	A	rule-syntax-textblock	syntax diagram redundant with the adjacent text Syntax block	yes
img-06087	A	rule-syntax-textblock	syntax diagram redundant with the adjacent text Syntax block	yes
img-06088	A	rule-syntax-textblock	syntax diagram redundant with the adjacent text Syntax block	yes
img-06089	A	rule-syntax-textblock	syntax diagram redundant with the adjacent text Syntax block	yes
img-06090	A	rule-syntax-textblock	syntax diagram redundant with the adjacent text Syntax block	yes
img-06091	A	rule-syntax-textblock	syntax diagram redundant with the adjacent text Syntax block	yes
img-06092	A	rule-syntax-textblock	syntax diagram redundant with the adjacent text Syntax block	yes
img-06093	A	rule-syntax-textblock	syntax diagram redundant with the adjacent text Syntax block	yes
img-06094	A	rule-syntax-textblock	syntax diagram redundant with the adjacent text Syntax block	yes
img-06095	A	rule-syntax-textblock	syntax diagram redundant with the adjacent text Syntax block	yes
img-06096	A	rule-syntax-textblock	syntax diagram redundant with the adjacent text Syntax block	yes
img-06097	A	rule-syntax-textblock	syntax diagram redundant with the adjacent text Syntax block	yes
img-06098	A	rule-syntax-textblock	syntax diagram redundant with the adjacent text Syntax block	yes
img-06099	A	rule-syntax-textblock	syntax diagram redundant with the adjacent text Syntax block	yes
img-06100	B	rule-cover	cover-page logo, carries no recoverable text	yes
img-06101	B	rule-table-cell	symbol/icon in a table cell, explained by the adjacent cell	yes
img-06102	B	rule-table-cell	symbol/icon in a table cell, explained by the adjacent cell	yes
img-06103	B	rule-table-cell	symbol/icon in a table cell, explained by the adjacent cell	yes
img-06104	B	rule-table-cell	symbol/icon in a table cell, explained by the adjacent cell	yes
img-06105	B	rule-table-cell	symbol/icon in a table cell, explained by the adjacent cell	yes
img-06106	B	rule-table-cell	symbol/icon in a table cell, explained by the adjacent cell	yes
img-06107	B	rule-table-cell	symbol/icon in a table cell, explained by the adjacent cell	yes
img-06108	B	rule-table-cell	symbol/icon in a table cell, explained by the adjacent cell	yes
img-06109	B	rule-table-cell	symbol/icon in a table cell, explained by the adjacent cell	yes
img-06110	B	rule-residual-conceptual	conceptual/architecture diagram, screenshot or illustration redundant with prose	yes
img-06111	B	rule-cover	cover-page logo, carries no recoverable text	yes
img-06112	B	rule-table-cell	symbol/icon in a table cell, explained by the adjacent cell	yes
img-06113	B	rule-table-cell	symbol/icon in a table cell, explained by the adjacent cell	yes
img-06114	B	rule-table-cell	symbol/icon in a table cell, explained by the adjacent cell	yes
img-06115	B	rule-table-cell	symbol/icon in a table cell, explained by the adjacent cell	yes
img-06116	B	rule-table-cell	symbol/icon in a table cell, explained by the adjacent cell	yes
img-06117	B	rule-table-cell	symbol/icon in a table cell, explained by the adjacent cell	yes
img-06118	B	rule-table-cell	symbol/icon in a table cell, explained by the adjacent cell	yes
img-06119	B	rule-table-cell	symbol/icon in a table cell, explained by the adjacent cell	yes
img-06120	B	rule-table-cell	symbol/icon in a table cell, explained by the adjacent cell	yes
img-06121	B	rule-residual-conceptual	conceptual/architecture diagram, screenshot or illustration redundant with prose	yes
img-06122	B	rule-residual-conceptual	conceptual/architecture diagram, screenshot or illustration redundant with prose	yes
img-06123	B	rule-residual-conceptual	conceptual/architecture diagram, screenshot or illustration redundant with prose	yes
img-06124	B	rule-cover	cover-page logo, carries no recoverable text	yes
img-06125	B	rule-cover	cover-page logo, carries no recoverable text	yes
img-06126	B	rule-residual-conceptual	conceptual/architecture diagram, screenshot or illustration redundant with prose	yes
img-06127	B	rule-residual-conceptual	conceptual/architecture diagram, screenshot or illustration redundant with prose	yes
img-06128	B	rule-residual-conceptual	conceptual/architecture diagram, screenshot or illustration redundant with prose	yes
img-06129	B	rule-residual-conceptual	conceptual/architecture diagram, screenshot or illustration redundant with prose	yes
img-06130	B	rule-residual-conceptual	conceptual/architecture diagram, screenshot or illustration redundant with prose	yes
img-06131	B	rule-residual-conceptual	conceptual/architecture diagram, screenshot or illustration redundant with prose	yes
img-06132	B	rule-residual-conceptual	conceptual/architecture diagram, screenshot or illustration redundant with prose	yes
img-06133	B	rule-residual-conceptual	conceptual/architecture diagram, screenshot or illustration redundant with prose	yes
img-06134	B	rule-residual-conceptual	conceptual/architecture diagram, screenshot or illustration redundant with prose	yes
img-06135	B	rule-residual-conceptual	conceptual/architecture diagram, screenshot or illustration redundant with prose	yes
img-06136	B	rule-residual-conceptual	conceptual/architecture diagram, screenshot or illustration redundant with prose	yes
img-06137	B	rule-residual-conceptual	conceptual/architecture diagram, screenshot or illustration redundant with prose	yes
img-06138	B	rule-residual-conceptual	conceptual/architecture diagram, screenshot or illustration redundant with prose	yes
img-06139	B	rule-residual-conceptual	conceptual/architecture diagram, screenshot or illustration redundant with prose	yes
img-06140	B	rule-residual-conceptual	conceptual/architecture diagram, screenshot or illustration redundant with prose	yes
img-06141	B	rule-residual-conceptual	conceptual/architecture diagram, screenshot or illustration redundant with prose	yes
img-06142	B	rule-residual-conceptual	conceptual/architecture diagram, screenshot or illustration redundant with prose	yes
img-06143	B	rule-residual-conceptual	conceptual/architecture diagram, screenshot or illustration redundant with prose	yes
img-06144	B	rule-residual-conceptual	conceptual/architecture diagram, screenshot or illustration redundant with prose	yes
img-06145	B	rule-residual-conceptual	conceptual/architecture diagram, screenshot or illustration redundant with prose	yes
img-06146	B	rule-residual-conceptual	conceptual/architecture diagram, screenshot or illustration redundant with prose	yes
img-06147	B	rule-residual-conceptual	conceptual/architecture diagram, screenshot or illustration redundant with prose	yes
img-06148	B	rule-residual-conceptual	conceptual/architecture diagram, screenshot or illustration redundant with prose	yes
img-06149	B	rule-residual-conceptual	conceptual/architecture diagram, screenshot or illustration redundant with prose	yes
img-06150	B	rule-residual-conceptual	conceptual/architecture diagram, screenshot or illustration redundant with prose	yes
img-06151	B	rule-residual-conceptual	conceptual/architecture diagram, screenshot or illustration redundant with prose	yes
img-06152	B	rule-residual-conceptual	conceptual/architecture diagram, screenshot or illustration redundant with prose	yes
img-06153	B	rule-residual-conceptual	conceptual/architecture diagram, screenshot or illustration redundant with prose	yes
img-06154	B	rule-residual-conceptual	conceptual/architecture diagram, screenshot or illustration redundant with prose	yes
img-06155	B	rule-residual-conceptual	conceptual/architecture diagram, screenshot or illustration redundant with prose	yes
img-06156	B	rule-residual-conceptual	conceptual/architecture diagram, screenshot or illustration redundant with prose	yes
img-06157	B	rule-residual-conceptual	conceptual/architecture diagram, screenshot or illustration redundant with prose	yes
img-06158	B	rule-residual-conceptual	conceptual/architecture diagram, screenshot or illustration redundant with prose	yes
img-06159	B	rule-residual-conceptual	conceptual/architecture diagram, screenshot or illustration redundant with prose	yes
img-06160	B	rule-residual-conceptual	conceptual/architecture diagram, screenshot or illustration redundant with prose	yes
img-06161	B	rule-residual-conceptual	conceptual/architecture diagram, screenshot or illustration redundant with prose	yes
img-06162	B	rule-cover	cover-page logo, carries no recoverable text	yes
img-06163	B	rule-table-cell	symbol/icon in a table cell, explained by the adjacent cell	yes
img-06164	B	rule-table-cell	symbol/icon in a table cell, explained by the adjacent cell	yes
img-06165	B	rule-table-cell	symbol/icon in a table cell, explained by the adjacent cell	yes
img-06166	B	rule-table-cell	symbol/icon in a table cell, explained by the adjacent cell	yes
img-06167	B	rule-table-cell	symbol/icon in a table cell, explained by the adjacent cell	yes
img-06168	B	rule-table-cell	symbol/icon in a table cell, explained by the adjacent cell	yes
img-06169	B	rule-table-cell	symbol/icon in a table cell, explained by the adjacent cell	yes
img-06170	B	rule-table-cell	symbol/icon in a table cell, explained by the adjacent cell	yes
img-06171	B	rule-table-cell	symbol/icon in a table cell, explained by the adjacent cell	yes
img-06172	B	rule-cover	cover-page logo, carries no recoverable text	yes
img-06173	B	rule-table-cell	symbol/icon in a table cell, explained by the adjacent cell	yes
img-06174	B	rule-table-cell	symbol/icon in a table cell, explained by the adjacent cell	yes
img-06175	B	rule-table-cell	symbol/icon in a table cell, explained by the adjacent cell	yes
img-06176	B	rule-table-cell	symbol/icon in a table cell, explained by the adjacent cell	yes
img-06177	B	rule-table-cell	symbol/icon in a table cell, explained by the adjacent cell	yes
img-06178	B	rule-table-cell	symbol/icon in a table cell, explained by the adjacent cell	yes
img-06179	B	rule-table-cell	symbol/icon in a table cell, explained by the adjacent cell	yes
img-06180	B	rule-table-cell	symbol/icon in a table cell, explained by the adjacent cell	yes
img-06181	B	rule-table-cell	symbol/icon in a table cell, explained by the adjacent cell	yes
img-06182	B	rule-residual-conceptual	conceptual/architecture diagram, screenshot or illustration redundant with prose	yes
img-06183	B	rule-residual-conceptual	conceptual/architecture diagram, screenshot or illustration redundant with prose	yes
img-06184	E	vision	process flowchart with loop: Log Analysis API usage steps STEP1..STEP5	yes
img-06185	B	rule-cover	cover-page logo, carries no recoverable text	yes
img-06186	B	rule-cover	cover-page logo, carries no recoverable text	yes
img-06187	B	rule-residual-conceptual	conceptual/architecture diagram, screenshot or illustration redundant with prose	yes
img-06188	B	rule-residual-conceptual	conceptual/architecture diagram, screenshot or illustration redundant with prose	yes
img-06189	B	rule-residual-conceptual	conceptual/architecture diagram, screenshot or illustration redundant with prose	yes
img-06190	B	rule-cover	cover-page logo, carries no recoverable text	yes
img-06191	B	rule-table-cell	symbol/icon in a table cell, explained by the adjacent cell	yes
img-06192	B	rule-table-cell	symbol/icon in a table cell, explained by the adjacent cell	yes
img-06193	B	rule-table-cell	symbol/icon in a table cell, explained by the adjacent cell	yes
img-06194	B	rule-table-cell	symbol/icon in a table cell, explained by the adjacent cell	yes
img-06195	B	rule-table-cell	symbol/icon in a table cell, explained by the adjacent cell	yes
img-06196	B	rule-table-cell	symbol/icon in a table cell, explained by the adjacent cell	yes
img-06197	B	rule-table-cell	symbol/icon in a table cell, explained by the adjacent cell	yes
img-06198	B	rule-table-cell	symbol/icon in a table cell, explained by the adjacent cell	yes
img-06199	B	rule-table-cell	symbol/icon in a table cell, explained by the adjacent cell	yes
img-06200	E	vision	process flowchart: client/server query-processing pipeline (Parsing-Validation-Optimization-Binding-Execution)	yes
img-06201	E	vision	process flowchart: optimizer pipeline (Query Rewriter -> Logical Plan Generator -> Physical Plan Generator)	yes
img-06202	E	vision	directed conversion graph: data-type conversion paths with G/E/L penalty edges	yes
img-06203	B	rule-residual-conceptual	conceptual/architecture diagram, screenshot or illustration redundant with prose	yes
img-06204	B	rule-residual-conceptual	conceptual/architecture diagram, screenshot or illustration redundant with prose	yes
img-06205	B	rule-residual-conceptual	conceptual/architecture diagram, screenshot or illustration redundant with prose	yes
img-06206	B	rule-residual-conceptual	conceptual/architecture diagram, screenshot or illustration redundant with prose	yes
img-06207	B	rule-residual-conceptual	conceptual/architecture diagram, screenshot or illustration redundant with prose	yes
img-06208	B	rule-residual-conceptual	conceptual/architecture diagram, screenshot or illustration redundant with prose	yes
img-06209	B	rule-residual-conceptual	conceptual/architecture diagram, screenshot or illustration redundant with prose	yes
img-06210	B	rule-residual-conceptual	conceptual/architecture diagram, screenshot or illustration redundant with prose	yes
img-06211	B	rule-residual-conceptual	conceptual/architecture diagram, screenshot or illustration redundant with prose	yes
img-06212	B	rule-residual-conceptual	conceptual/architecture diagram, screenshot or illustration redundant with prose	yes
img-06213	B	rule-residual-conceptual	conceptual/architecture diagram, screenshot or illustration redundant with prose	yes
img-06214	B	rule-residual-conceptual	conceptual/architecture diagram, screenshot or illustration redundant with prose	yes
img-06215	B	rule-residual-conceptual	conceptual/architecture diagram, screenshot or illustration redundant with prose	yes
img-06216	B	rule-residual-conceptual	conceptual/architecture diagram, screenshot or illustration redundant with prose	yes
img-06217	B	rule-residual-conceptual	conceptual/architecture diagram, screenshot or illustration redundant with prose	yes
img-06218	B	rule-residual-conceptual	conceptual/architecture diagram, screenshot or illustration redundant with prose	yes
img-06219	B	rule-residual-conceptual	conceptual/architecture diagram, screenshot or illustration redundant with prose	yes
img-06220	B	rule-residual-conceptual	conceptual/architecture diagram, screenshot or illustration redundant with prose	yes
img-06221	B	rule-residual-conceptual	conceptual/architecture diagram, screenshot or illustration redundant with prose	yes
img-06222	B	rule-residual-conceptual	conceptual/architecture diagram, screenshot or illustration redundant with prose	yes
img-06223	B	rule-residual-conceptual	conceptual/architecture diagram, screenshot or illustration redundant with prose	yes
img-06224	B	rule-residual-conceptual	conceptual/architecture diagram, screenshot or illustration redundant with prose	yes
img-06225	B	rule-residual-conceptual	conceptual/architecture diagram, screenshot or illustration redundant with prose	yes
img-06226	B	rule-residual-conceptual	conceptual/architecture diagram, screenshot or illustration redundant with prose	yes
img-06227	B	rule-residual-conceptual	conceptual/architecture diagram, screenshot or illustration redundant with prose	yes
img-06228	B	rule-residual-conceptual	conceptual/architecture diagram, screenshot or illustration redundant with prose	yes
img-06229	B	rule-residual-conceptual	conceptual/architecture diagram, screenshot or illustration redundant with prose	yes
img-06230	B	rule-residual-conceptual	conceptual/architecture diagram, screenshot or illustration redundant with prose	yes
img-06231	B	rule-residual-conceptual	conceptual/architecture diagram, screenshot or illustration redundant with prose	yes
img-06232	B	rule-residual-conceptual	conceptual/architecture diagram, screenshot or illustration redundant with prose	yes
img-06233	B	rule-residual-conceptual	conceptual/architecture diagram, screenshot or illustration redundant with prose	yes
img-06234	B	rule-residual-conceptual	conceptual/architecture diagram, screenshot or illustration redundant with prose	yes
img-06235	B	rule-residual-conceptual	conceptual/architecture diagram, screenshot or illustration redundant with prose	yes
img-06236	B	rule-residual-conceptual	conceptual/architecture diagram, screenshot or illustration redundant with prose	yes
img-06237	B	rule-residual-conceptual	conceptual/architecture diagram, screenshot or illustration redundant with prose	yes
img-06238	B	rule-residual-conceptual	conceptual/architecture diagram, screenshot or illustration redundant with prose	yes
img-06239	B	rule-residual-conceptual	conceptual/architecture diagram, screenshot or illustration redundant with prose	yes
img-06240	B	rule-residual-conceptual	conceptual/architecture diagram, screenshot or illustration redundant with prose	yes
img-06241	B	rule-residual-conceptual	conceptual/architecture diagram, screenshot or illustration redundant with prose	yes
img-06242	B	rule-residual-conceptual	conceptual/architecture diagram, screenshot or illustration redundant with prose	yes
img-06243	B	rule-residual-conceptual	conceptual/architecture diagram, screenshot or illustration redundant with prose	yes
img-06244	B	rule-residual-conceptual	conceptual/architecture diagram, screenshot or illustration redundant with prose	yes
img-06245	B	rule-residual-conceptual	conceptual/architecture diagram, screenshot or illustration redundant with prose	yes
img-06246	B	rule-residual-conceptual	conceptual/architecture diagram, screenshot or illustration redundant with prose	yes
img-06247	B	rule-residual-conceptual	conceptual/architecture diagram, screenshot or illustration redundant with prose	yes
img-06248	B	rule-residual-conceptual	conceptual/architecture diagram, screenshot or illustration redundant with prose	yes
img-06249	B	rule-residual-conceptual	conceptual/architecture diagram, screenshot or illustration redundant with prose	yes
img-06250	B	rule-residual-conceptual	conceptual/architecture diagram, screenshot or illustration redundant with prose	yes
img-06251	B	rule-residual-conceptual	conceptual/architecture diagram, screenshot or illustration redundant with prose	yes
img-06252	B	rule-residual-conceptual	conceptual/architecture diagram, screenshot or illustration redundant with prose	yes
img-06253	B	rule-residual-conceptual	conceptual/architecture diagram, screenshot or illustration redundant with prose	yes
img-06254	B	rule-residual-conceptual	conceptual/architecture diagram, screenshot or illustration redundant with prose	yes
img-06255	B	rule-residual-conceptual	conceptual/architecture diagram, screenshot or illustration redundant with prose	yes
img-06256	B	rule-residual-conceptual	conceptual/architecture diagram, screenshot or illustration redundant with prose	yes
img-06257	B	rule-residual-conceptual	conceptual/architecture diagram, screenshot or illustration redundant with prose	yes
img-06258	B	rule-residual-conceptual	conceptual/architecture diagram, screenshot or illustration redundant with prose	yes
img-06259	B	rule-residual-conceptual	conceptual/architecture diagram, screenshot or illustration redundant with prose	yes
img-06260	B	rule-residual-conceptual	conceptual/architecture diagram, screenshot or illustration redundant with prose	yes
img-06261	B	rule-residual-conceptual	conceptual/architecture diagram, screenshot or illustration redundant with prose	yes
img-06262	B	rule-residual-conceptual	conceptual/architecture diagram, screenshot or illustration redundant with prose	yes
img-06263	B	rule-residual-conceptual	conceptual/architecture diagram, screenshot or illustration redundant with prose	yes
img-06264	B	rule-residual-conceptual	conceptual/architecture diagram, screenshot or illustration redundant with prose	yes
img-06265	B	rule-residual-conceptual	conceptual/architecture diagram, screenshot or illustration redundant with prose	yes
img-06266	B	rule-residual-conceptual	conceptual/architecture diagram, screenshot or illustration redundant with prose	yes
img-06267	B	rule-residual-conceptual	conceptual/architecture diagram, screenshot or illustration redundant with prose	yes
img-06268	B	rule-residual-conceptual	conceptual/architecture diagram, screenshot or illustration redundant with prose	yes
img-06269	B	rule-residual-conceptual	conceptual/architecture diagram, screenshot or illustration redundant with prose	yes
img-06270	B	rule-residual-conceptual	conceptual/architecture diagram, screenshot or illustration redundant with prose	yes
img-06271	B	rule-residual-conceptual	conceptual/architecture diagram, screenshot or illustration redundant with prose	yes
img-06272	B	rule-residual-conceptual	conceptual/architecture diagram, screenshot or illustration redundant with prose	yes
img-06273	B	rule-cover	cover-page logo, carries no recoverable text	yes
img-06274	B	rule-table-cell	symbol/icon in a table cell, explained by the adjacent cell	yes
img-06275	B	rule-table-cell	symbol/icon in a table cell, explained by the adjacent cell	yes
img-06276	B	rule-table-cell	symbol/icon in a table cell, explained by the adjacent cell	yes
img-06277	B	rule-table-cell	symbol/icon in a table cell, explained by the adjacent cell	yes
img-06278	B	rule-table-cell	symbol/icon in a table cell, explained by the adjacent cell	yes
img-06279	B	rule-table-cell	symbol/icon in a table cell, explained by the adjacent cell	yes
img-06280	B	rule-table-cell	symbol/icon in a table cell, explained by the adjacent cell	yes
img-06281	B	rule-table-cell	symbol/icon in a table cell, explained by the adjacent cell	yes
img-06282	B	rule-table-cell	symbol/icon in a table cell, explained by the adjacent cell	yes
img-06283	B	rule-residual-conceptual	conceptual/architecture diagram, screenshot or illustration redundant with prose	yes
img-06284	B	rule-residual-conceptual	conceptual/architecture diagram, screenshot or illustration redundant with prose	yes
img-06285	B	rule-residual-conceptual	conceptual/architecture diagram, screenshot or illustration redundant with prose	yes
img-06286	B	rule-residual-conceptual	conceptual/architecture diagram, screenshot or illustration redundant with prose	yes
img-06287	B	rule-cover	cover-page logo, carries no recoverable text	yes
img-06288	B	rule-table-cell	symbol/icon in a table cell, explained by the adjacent cell	yes
img-06289	B	rule-table-cell	symbol/icon in a table cell, explained by the adjacent cell	yes
img-06290	B	rule-table-cell	symbol/icon in a table cell, explained by the adjacent cell	yes
img-06291	B	rule-table-cell	symbol/icon in a table cell, explained by the adjacent cell	yes
img-06292	B	rule-table-cell	symbol/icon in a table cell, explained by the adjacent cell	yes
img-06293	B	rule-table-cell	symbol/icon in a table cell, explained by the adjacent cell	yes
img-06294	B	rule-table-cell	symbol/icon in a table cell, explained by the adjacent cell	yes
img-06295	B	rule-table-cell	symbol/icon in a table cell, explained by the adjacent cell	yes
img-06296	B	rule-table-cell	symbol/icon in a table cell, explained by the adjacent cell	yes
img-06297	B	rule-residual-conceptual	conceptual/architecture diagram, screenshot or illustration redundant with prose	yes
img-06298	B	rule-residual-conceptual	conceptual/architecture diagram, screenshot or illustration redundant with prose	yes
img-06299	B	rule-residual-conceptual	conceptual/architecture diagram, screenshot or illustration redundant with prose	yes
img-06300	B	rule-residual-conceptual	conceptual/architecture diagram, screenshot or illustration redundant with prose	yes
img-06301	B	rule-residual-conceptual	conceptual/architecture diagram, screenshot or illustration redundant with prose	yes
img-06302	B	rule-residual-conceptual	conceptual/architecture diagram, screenshot or illustration redundant with prose	yes
img-06303	B	rule-residual-conceptual	conceptual/architecture diagram, screenshot or illustration redundant with prose	yes
img-06304	E	vision	decision flowchart: replication fail-over with failure branch and retry loop	yes
img-06305	E	vision	process flowchart: fail-over callback sequence (FO_BEGIN/FO_GO/FO_END cases)	yes
img-06306	B	rule-cover	cover-page logo, carries no recoverable text	yes
img-06307	B	rule-table-cell	symbol/icon in a table cell, explained by the adjacent cell	yes
img-06308	B	rule-table-cell	symbol/icon in a table cell, explained by the adjacent cell	yes
img-06309	B	rule-table-cell	symbol/icon in a table cell, explained by the adjacent cell	yes
img-06310	B	rule-table-cell	symbol/icon in a table cell, explained by the adjacent cell	yes
img-06311	B	rule-table-cell	symbol/icon in a table cell, explained by the adjacent cell	yes
img-06312	B	rule-table-cell	symbol/icon in a table cell, explained by the adjacent cell	yes
img-06313	B	rule-table-cell	symbol/icon in a table cell, explained by the adjacent cell	yes
img-06314	B	rule-table-cell	symbol/icon in a table cell, explained by the adjacent cell	yes
img-06315	B	rule-table-cell	symbol/icon in a table cell, explained by the adjacent cell	yes
img-06316	B	rule-residual-conceptual	conceptual/architecture diagram, screenshot or illustration redundant with prose	yes
img-06317	B	rule-residual-conceptual	conceptual/architecture diagram, screenshot or illustration redundant with prose	yes
img-06318	B	rule-residual-conceptual	conceptual/architecture diagram, screenshot or illustration redundant with prose	yes
img-06319	B	rule-residual-conceptual	conceptual/architecture diagram, screenshot or illustration redundant with prose	yes
img-06320	B	rule-residual-conceptual	conceptual/architecture diagram, screenshot or illustration redundant with prose	yes
img-06321	B	rule-residual-conceptual	conceptual/architecture diagram, screenshot or illustration redundant with prose	yes
img-06322	B	rule-residual-conceptual	conceptual/architecture diagram, screenshot or illustration redundant with prose	yes
img-06323	B	rule-cover	cover-page logo, carries no recoverable text	yes
img-06324	B	rule-table-cell	symbol/icon in a table cell, explained by the adjacent cell	yes
img-06325	B	rule-table-cell	symbol/icon in a table cell, explained by the adjacent cell	yes
img-06326	B	rule-table-cell	symbol/icon in a table cell, explained by the adjacent cell	yes
img-06327	B	rule-table-cell	symbol/icon in a table cell, explained by the adjacent cell	yes
img-06328	B	rule-table-cell	symbol/icon in a table cell, explained by the adjacent cell	yes
img-06329	B	rule-table-cell	symbol/icon in a table cell, explained by the adjacent cell	yes
img-06330	B	rule-table-cell	symbol/icon in a table cell, explained by the adjacent cell	yes
img-06331	B	rule-table-cell	symbol/icon in a table cell, explained by the adjacent cell	yes
img-06332	B	rule-table-cell	symbol/icon in a table cell, explained by the adjacent cell	yes
img-06333	C	rule-railroad-bnf	railroad diagram for a ::= grammar production, image-only grammar	yes
img-06334	C	rule-hint	hint railroad diagram, only source of the hint grammar	yes
img-06335	C	rule-hint	hint railroad diagram, only source of the hint grammar	yes
img-06336	C	rule-hint	hint railroad diagram, only source of the hint grammar	yes
img-06337	C	rule-hint	hint railroad diagram, only source of the hint grammar	yes
img-06338	C	rule-hint	hint railroad diagram, only source of the hint grammar	yes
img-06339	C	rule-hint	hint railroad diagram, only source of the hint grammar	yes
img-06340	C	rule-hint	hint railroad diagram, only source of the hint grammar	yes
img-06341	C	rule-hint	hint railroad diagram, only source of the hint grammar	yes
img-06342	C	rule-hint	hint railroad diagram, only source of the hint grammar	yes
img-06343	C	rule-hint	hint railroad diagram, only source of the hint grammar	yes
img-06344	C	rule-hint	hint railroad diagram, only source of the hint grammar	yes
img-06345	C	rule-hint	hint railroad diagram, only source of the hint grammar	yes
img-06346	C	rule-hint	hint railroad diagram, only source of the hint grammar	yes
img-06347	C	rule-hint	hint railroad diagram, only source of the hint grammar	yes
img-06348	C	rule-hint	hint railroad diagram, only source of the hint grammar	yes
img-06349	C	rule-hint	hint railroad diagram, only source of the hint grammar	yes
img-06350	C	rule-hint	hint railroad diagram, only source of the hint grammar	yes
img-06351	C	rule-hint	hint railroad diagram, only source of the hint grammar	yes
img-06352	C	rule-hint	hint railroad diagram, only source of the hint grammar	yes
img-06353	C	rule-hint	hint railroad diagram, only source of the hint grammar	yes
img-06354	C	rule-hint	hint railroad diagram, only source of the hint grammar	yes
img-06355	C	rule-hint	hint railroad diagram, only source of the hint grammar	yes
img-06356	C	rule-hint	hint railroad diagram, only source of the hint grammar	yes
img-06357	C	rule-hint	hint railroad diagram, only source of the hint grammar	yes
img-06358	C	rule-hint	hint railroad diagram, only source of the hint grammar	yes
img-06359	C	rule-hint	hint railroad diagram, only source of the hint grammar	yes
img-06360	C	rule-hint	hint railroad diagram, only source of the hint grammar	yes
img-06361	C	rule-hint	hint railroad diagram, only source of the hint grammar	yes
img-06362	C	rule-hint	hint railroad diagram, only source of the hint grammar	yes
img-06363	C	rule-hint	hint railroad diagram, only source of the hint grammar	yes
img-06364	C	rule-hint	hint railroad diagram, only source of the hint grammar	yes
img-06365	C	rule-hint	hint railroad diagram, only source of the hint grammar	yes
img-06366	C	rule-hint	hint railroad diagram, only source of the hint grammar	yes
img-06367	C	rule-hint	hint railroad diagram, only source of the hint grammar	yes
img-06368	C	rule-hint	hint railroad diagram, only source of the hint grammar	yes
img-06369	C	rule-hint	hint railroad diagram, only source of the hint grammar	yes
img-06370	C	rule-hint	hint railroad diagram, only source of the hint grammar	yes
img-06371	C	rule-hint	hint railroad diagram, only source of the hint grammar	yes
img-06372	C	rule-hint	hint railroad diagram, only source of the hint grammar	yes
img-06373	C	rule-hint	hint railroad diagram, only source of the hint grammar	yes
img-06374	C	rule-hint	hint railroad diagram, only source of the hint grammar	yes
img-06375	C	rule-hint	hint railroad diagram, only source of the hint grammar	yes
img-06376	C	rule-hint	hint railroad diagram, only source of the hint grammar	yes
img-06377	C	rule-hint	hint railroad diagram, only source of the hint grammar	yes
img-06378	C	rule-hint	hint railroad diagram, only source of the hint grammar	yes
img-06379	C	rule-hint	hint railroad diagram, only source of the hint grammar	yes
img-06380	C	rule-hint	hint railroad diagram, only source of the hint grammar	yes
img-06381	C	rule-hint	hint railroad diagram, only source of the hint grammar	yes
img-06382	C	rule-hint	hint railroad diagram, only source of the hint grammar	yes
img-06383	C	rule-hint	hint railroad diagram, only source of the hint grammar	yes
img-06384	C	rule-hint	hint railroad diagram, only source of the hint grammar	yes
img-06385	C	rule-hint	hint railroad diagram, only source of the hint grammar	yes
img-06386	C	rule-hint	hint railroad diagram, only source of the hint grammar	yes
img-06387	C	rule-hint	hint railroad diagram, only source of the hint grammar	yes
img-06388	C	rule-hint	hint railroad diagram, only source of the hint grammar	yes
img-06389	C	rule-hint	hint railroad diagram, only source of the hint grammar	yes
img-06390	C	rule-hint	hint railroad diagram, only source of the hint grammar	yes
img-06391	C	rule-hint	hint railroad diagram, only source of the hint grammar	yes
img-06392	C	rule-hint	hint railroad diagram, only source of the hint grammar	yes
img-06393	C	rule-hint	hint railroad diagram, only source of the hint grammar	yes
img-06394	C	rule-hint	hint railroad diagram, only source of the hint grammar	yes
img-06395	C	rule-hint	hint railroad diagram, only source of the hint grammar	yes
img-06396	C	rule-hint	hint railroad diagram, only source of the hint grammar	yes
img-06397	C	rule-hint	hint railroad diagram, only source of the hint grammar	yes
img-06398	C	rule-hint	hint railroad diagram, only source of the hint grammar	yes
img-06399	C	rule-hint	hint railroad diagram, only source of the hint grammar	yes
img-06400	C	rule-hint	hint railroad diagram, only source of the hint grammar	yes
img-06401	C	rule-hint	hint railroad diagram, only source of the hint grammar	yes
img-06402	C	rule-hint	hint railroad diagram, only source of the hint grammar	yes
img-06403	C	rule-hint	hint railroad diagram, only source of the hint grammar	yes
img-06404	C	rule-hint	hint railroad diagram, only source of the hint grammar	yes
img-06405	C	rule-hint	hint railroad diagram, only source of the hint grammar	yes
img-06406	C	rule-hint	hint railroad diagram, only source of the hint grammar	yes
img-06407	C	rule-hint	hint railroad diagram, only source of the hint grammar	yes
img-06408	C	rule-hint	hint railroad diagram, only source of the hint grammar	yes
img-06409	C	rule-railroad-bnf	railroad diagram for a ::= grammar production, image-only grammar	yes
img-06410	C	rule-railroad-bnf	railroad diagram for a ::= grammar production, image-only grammar	yes
img-06411	C	rule-railroad-bnf	railroad diagram for a ::= grammar production, image-only grammar	yes
img-06412	C	rule-railroad-bnf	railroad diagram for a ::= grammar production, image-only grammar	yes
img-06413	C	rule-railroad-bnf	railroad diagram for a ::= grammar production, image-only grammar	yes
img-06414	C	rule-railroad-bnf	railroad diagram for a ::= grammar production, image-only grammar	yes
img-06415	C	rule-railroad-bnf	railroad diagram for a ::= grammar production, image-only grammar	yes
img-06416	C	rule-railroad-bnf	railroad diagram for a ::= grammar production, image-only grammar	yes
img-06417	C	rule-railroad-bnf	railroad diagram for a ::= grammar production, image-only grammar	yes
img-06418	C	rule-railroad-bnf	railroad diagram for a ::= grammar production, image-only grammar	yes
img-06419	C	rule-railroad-bnf	railroad diagram for a ::= grammar production, image-only grammar	yes
img-06420	C	rule-railroad-bnf	railroad diagram for a ::= grammar production, image-only grammar	yes
img-06421	C	rule-railroad-bnf	railroad diagram for a ::= grammar production, image-only grammar	yes
img-06422	C	rule-railroad-bnf	railroad diagram for a ::= grammar production, image-only grammar	yes
img-06423	C	rule-railroad-bnf	railroad diagram for a ::= grammar production, image-only grammar	yes
img-06424	C	rule-railroad-bnf	railroad diagram for a ::= grammar production, image-only grammar	yes
img-06425	C	rule-railroad-bnf	railroad diagram for a ::= grammar production, image-only grammar	yes
img-06426	C	rule-railroad-bnf	railroad diagram for a ::= grammar production, image-only grammar	yes
img-06427	C	rule-railroad-bnf	railroad diagram for a ::= grammar production, image-only grammar	yes
img-06428	C	rule-railroad-bnf	railroad diagram for a ::= grammar production, image-only grammar	yes
img-06429	C	rule-railroad-bnf	railroad diagram for a ::= grammar production, image-only grammar	yes
img-06430	C	rule-railroad-bnf	railroad diagram for a ::= grammar production, image-only grammar	yes
img-06431	C	rule-railroad-bnf	railroad diagram for a ::= grammar production, image-only grammar	yes
img-06432	C	rule-railroad-bnf	railroad diagram for a ::= grammar production, image-only grammar	yes
img-06433	C	rule-railroad-bnf	railroad diagram for a ::= grammar production, image-only grammar	yes
img-06434	C	rule-railroad-bnf	railroad diagram for a ::= grammar production, image-only grammar	yes
img-06435	C	rule-railroad-bnf	railroad diagram for a ::= grammar production, image-only grammar	yes
img-06436	C	rule-railroad-bnf	railroad diagram for a ::= grammar production, image-only grammar	yes
img-06437	C	rule-railroad-bnf	railroad diagram for a ::= grammar production, image-only grammar	yes
img-06438	C	rule-railroad-bnf	railroad diagram for a ::= grammar production, image-only grammar	yes
img-06439	C	rule-railroad-bnf	railroad diagram for a ::= grammar production, image-only grammar	yes
img-06440	C	rule-railroad-bnf	railroad diagram for a ::= grammar production, image-only grammar	yes
img-06441	C	rule-railroad-bnf	railroad diagram for a ::= grammar production, image-only grammar	yes
img-06442	C	rule-railroad-bnf	railroad diagram for a ::= grammar production, image-only grammar	yes
img-06443	C	rule-railroad-bnf	railroad diagram for a ::= grammar production, image-only grammar	yes
img-06444	C	rule-railroad-bnf	railroad diagram for a ::= grammar production, image-only grammar	yes
img-06445	C	rule-railroad-bnf	railroad diagram for a ::= grammar production, image-only grammar	yes
img-06446	C	rule-railroad-bnf	railroad diagram for a ::= grammar production, image-only grammar	yes
img-06447	C	rule-railroad-bnf	railroad diagram for a ::= grammar production, image-only grammar	yes
img-06448	C	rule-railroad-bnf	railroad diagram for a ::= grammar production, image-only grammar	yes
img-06449	C	rule-railroad-bnf	railroad diagram for a ::= grammar production, image-only grammar	yes
img-06450	C	rule-railroad-bnf	railroad diagram for a ::= grammar production, image-only grammar	yes
img-06451	C	rule-railroad-bnf	railroad diagram for a ::= grammar production, image-only grammar	yes
img-06452	C	rule-railroad-bnf	railroad diagram for a ::= grammar production, image-only grammar	yes
img-06453	C	rule-railroad-bnf	railroad diagram for a ::= grammar production, image-only grammar	yes
img-06454	C	rule-railroad-bnf	railroad diagram for a ::= grammar production, image-only grammar	yes
img-06455	C	rule-railroad-bnf	railroad diagram for a ::= grammar production, image-only grammar	yes
img-06456	C	rule-railroad-bnf	railroad diagram for a ::= grammar production, image-only grammar	yes
img-06457	C	rule-railroad-bnf	railroad diagram for a ::= grammar production, image-only grammar	yes
img-06458	C	rule-railroad-bnf	railroad diagram for a ::= grammar production, image-only grammar	yes
img-06459	C	rule-railroad-bnf	railroad diagram for a ::= grammar production, image-only grammar	yes
img-06460	C	rule-railroad-bnf	railroad diagram for a ::= grammar production, image-only grammar	yes
img-06461	C	rule-railroad-bnf	railroad diagram for a ::= grammar production, image-only grammar	yes
img-06462	C	rule-railroad-bnf	railroad diagram for a ::= grammar production, image-only grammar	yes
img-06463	C	rule-railroad-bnf	railroad diagram for a ::= grammar production, image-only grammar	yes
img-06464	C	rule-railroad-bnf	railroad diagram for a ::= grammar production, image-only grammar	yes
img-06465	C	rule-railroad-bnf	railroad diagram for a ::= grammar production, image-only grammar	yes
img-06466	C	rule-railroad-bnf	railroad diagram for a ::= grammar production, image-only grammar	yes
img-06467	C	rule-railroad-bnf	railroad diagram for a ::= grammar production, image-only grammar	yes
img-06468	C	rule-railroad-bnf	railroad diagram for a ::= grammar production, image-only grammar	yes
img-06469	C	rule-railroad-bnf	railroad diagram for a ::= grammar production, image-only grammar	yes
img-06470	C	rule-railroad-bnf	railroad diagram for a ::= grammar production, image-only grammar	yes
img-06471	C	rule-railroad-bnf	railroad diagram for a ::= grammar production, image-only grammar	yes
img-06472	C	rule-railroad-bnf	railroad diagram for a ::= grammar production, image-only grammar	yes
img-06473	C	rule-railroad-bnf	railroad diagram for a ::= grammar production, image-only grammar	yes
img-06474	C	rule-railroad-bnf	railroad diagram for a ::= grammar production, image-only grammar	yes
img-06475	C	rule-railroad-bnf	railroad diagram for a ::= grammar production, image-only grammar	yes
img-06476	C	rule-railroad-bnf	railroad diagram for a ::= grammar production, image-only grammar	yes
img-06477	C	rule-railroad-bnf	railroad diagram for a ::= grammar production, image-only grammar	yes
img-06478	C	rule-railroad-bnf	railroad diagram for a ::= grammar production, image-only grammar	yes
img-06479	C	rule-railroad-bnf	railroad diagram for a ::= grammar production, image-only grammar	yes
img-06480	C	rule-railroad-bnf	railroad diagram for a ::= grammar production, image-only grammar	yes
img-06481	C	rule-railroad-bnf	railroad diagram for a ::= grammar production, image-only grammar	yes
img-06482	C	rule-railroad-bnf	railroad diagram for a ::= grammar production, image-only grammar	yes
img-06483	C	rule-railroad-bnf	railroad diagram for a ::= grammar production, image-only grammar	yes
img-06484	C	rule-railroad-bnf	railroad diagram for a ::= grammar production, image-only grammar	yes
img-06485	C	rule-railroad-bnf	railroad diagram for a ::= grammar production, image-only grammar	yes
img-06486	C	rule-railroad-bnf	railroad diagram for a ::= grammar production, image-only grammar	yes
img-06487	C	rule-railroad-bnf	railroad diagram for a ::= grammar production, image-only grammar	yes
img-06488	C	rule-railroad-bnf	railroad diagram for a ::= grammar production, image-only grammar	yes
img-06489	C	rule-railroad-bnf	railroad diagram for a ::= grammar production, image-only grammar	yes
img-06490	C	rule-railroad-bnf	railroad diagram for a ::= grammar production, image-only grammar	yes
img-06491	C	rule-railroad-bnf	railroad diagram for a ::= grammar production, image-only grammar	yes
img-06492	C	rule-railroad-bnf	railroad diagram for a ::= grammar production, image-only grammar	yes
img-06493	C	rule-railroad-bnf	railroad diagram for a ::= grammar production, image-only grammar	yes
img-06494	C	rule-railroad-bnf	railroad diagram for a ::= grammar production, image-only grammar	yes
img-06495	C	rule-railroad-bnf	railroad diagram for a ::= grammar production, image-only grammar	yes
img-06496	C	rule-railroad-bnf	railroad diagram for a ::= grammar production, image-only grammar	yes
img-06497	C	rule-railroad-bnf	railroad diagram for a ::= grammar production, image-only grammar	yes
img-06498	C	rule-railroad-bnf	railroad diagram for a ::= grammar production, image-only grammar	yes
img-06499	C	rule-railroad-bnf	railroad diagram for a ::= grammar production, image-only grammar	yes
img-06500	C	rule-railroad-bnf	railroad diagram for a ::= grammar production, image-only grammar	yes
img-06501	C	rule-railroad-bnf	railroad diagram for a ::= grammar production, image-only grammar	yes
img-06502	C	rule-railroad-bnf	railroad diagram for a ::= grammar production, image-only grammar	yes
img-06503	C	rule-railroad-bnf	railroad diagram for a ::= grammar production, image-only grammar	yes
img-06504	C	rule-railroad-bnf	railroad diagram for a ::= grammar production, image-only grammar	yes
img-06505	C	rule-railroad-bnf	railroad diagram for a ::= grammar production, image-only grammar	yes
img-06506	C	rule-railroad-bnf	railroad diagram for a ::= grammar production, image-only grammar	yes
img-06507	C	rule-railroad-bnf	railroad diagram for a ::= grammar production, image-only grammar	yes
img-06508	C	rule-railroad-bnf	railroad diagram for a ::= grammar production, image-only grammar	yes
img-06509	C	rule-railroad-bnf	railroad diagram for a ::= grammar production, image-only grammar	yes
img-06510	C	rule-railroad-bnf	railroad diagram for a ::= grammar production, image-only grammar	yes
img-06511	C	rule-railroad-bnf	railroad diagram for a ::= grammar production, image-only grammar	yes
img-06512	C	rule-railroad-bnf	railroad diagram for a ::= grammar production, image-only grammar	yes
img-06513	C	rule-railroad-bnf	railroad diagram for a ::= grammar production, image-only grammar	yes
img-06514	C	rule-railroad-bnf	railroad diagram for a ::= grammar production, image-only grammar	yes
img-06515	C	rule-railroad-bnf	railroad diagram for a ::= grammar production, image-only grammar	yes
img-06516	C	rule-railroad-bnf	railroad diagram for a ::= grammar production, image-only grammar	yes
img-06517	C	rule-railroad-bnf	railroad diagram for a ::= grammar production, image-only grammar	yes
img-06518	C	rule-railroad-bnf	railroad diagram for a ::= grammar production, image-only grammar	yes
img-06519	C	rule-railroad-bnf	railroad diagram for a ::= grammar production, image-only grammar	yes
img-06520	C	rule-railroad-bnf	railroad diagram for a ::= grammar production, image-only grammar	yes
img-06521	C	rule-railroad-synhead	railroad diagram directly under a Syntax heading, image-only grammar	yes
img-06522	C	rule-railroad-bnf	railroad diagram for a ::= grammar production, image-only grammar	yes
img-06523	C	rule-railroad-bnf	railroad diagram for a ::= grammar production, image-only grammar	yes
img-06524	C	rule-railroad-bnf	railroad diagram for a ::= grammar production, image-only grammar	yes
img-06525	C	rule-railroad-bnf	railroad diagram for a ::= grammar production, image-only grammar	yes
img-06526	C	rule-railroad-bnf	railroad diagram for a ::= grammar production, image-only grammar	yes
img-06527	C	rule-railroad-bnf	railroad diagram for a ::= grammar production, image-only grammar	yes
img-06528	C	rule-railroad-bnf	railroad diagram for a ::= grammar production, image-only grammar	yes
img-06529	C	rule-railroad-bnf	railroad diagram for a ::= grammar production, image-only grammar	yes
img-06530	C	rule-railroad-bnf	railroad diagram for a ::= grammar production, image-only grammar	yes
img-06531	C	rule-railroad-bnf	railroad diagram for a ::= grammar production, image-only grammar	yes
img-06532	C	rule-railroad-bnf	railroad diagram for a ::= grammar production, image-only grammar	yes
img-06533	C	rule-railroad-bnf	railroad diagram for a ::= grammar production, image-only grammar	yes
img-06534	C	rule-railroad-bnf	railroad diagram for a ::= grammar production, image-only grammar	yes
img-06535	C	rule-railroad-bnf	railroad diagram for a ::= grammar production, image-only grammar	yes
img-06536	B	rule-residual-conceptual	conceptual/architecture diagram, screenshot or illustration redundant with prose	yes
img-06537	C	rule-railroad-bnf	railroad diagram for a ::= grammar production, image-only grammar	yes
img-06538	C	rule-railroad-bnf	railroad diagram for a ::= grammar production, image-only grammar	yes
img-06539	C	rule-railroad-bnf	railroad diagram for a ::= grammar production, image-only grammar	yes
img-06540	C	rule-railroad-bnf	railroad diagram for a ::= grammar production, image-only grammar	yes
img-06541	C	rule-railroad-bnf	railroad diagram for a ::= grammar production, image-only grammar	yes
img-06542	C	rule-railroad-bnf	railroad diagram for a ::= grammar production, image-only grammar	yes
img-06543	C	rule-railroad-bnf	railroad diagram for a ::= grammar production, image-only grammar	yes
img-06544	C	rule-railroad-bnf	railroad diagram for a ::= grammar production, image-only grammar	yes
img-06545	C	rule-railroad-bnf	railroad diagram for a ::= grammar production, image-only grammar	yes
img-06546	C	rule-railroad-bnf	railroad diagram for a ::= grammar production, image-only grammar	yes
img-06547	C	rule-railroad-bnf	railroad diagram for a ::= grammar production, image-only grammar	yes
img-06548	C	rule-railroad-bnf	railroad diagram for a ::= grammar production, image-only grammar	yes
img-06549	C	rule-railroad-bnf	railroad diagram for a ::= grammar production, image-only grammar	yes
img-06550	C	rule-railroad-bnf	railroad diagram for a ::= grammar production, image-only grammar	yes
img-06551	C	rule-railroad-bnf	railroad diagram for a ::= grammar production, image-only grammar	yes
img-06552	C	rule-railroad-bnf	railroad diagram for a ::= grammar production, image-only grammar	yes
img-06553	C	rule-railroad-bnf	railroad diagram for a ::= grammar production, image-only grammar	yes
img-06554	C	rule-railroad-bnf	railroad diagram for a ::= grammar production, image-only grammar	yes
img-06555	C	rule-railroad-bnf	railroad diagram for a ::= grammar production, image-only grammar	yes
img-06556	C	rule-railroad-bnf	railroad diagram for a ::= grammar production, image-only grammar	yes
img-06557	C	rule-railroad-bnf	railroad diagram for a ::= grammar production, image-only grammar	yes
img-06558	C	rule-railroad-bnf	railroad diagram for a ::= grammar production, image-only grammar	yes
img-06559	C	rule-railroad-bnf	railroad diagram for a ::= grammar production, image-only grammar	yes
img-06560	C	rule-railroad-bnf	railroad diagram for a ::= grammar production, image-only grammar	yes
img-06561	C	rule-railroad-bnf	railroad diagram for a ::= grammar production, image-only grammar	yes
img-06562	C	rule-railroad-bnf	railroad diagram for a ::= grammar production, image-only grammar	yes
img-06563	C	rule-railroad-bnf	railroad diagram for a ::= grammar production, image-only grammar	yes
img-06564	C	rule-railroad-bnf	railroad diagram for a ::= grammar production, image-only grammar	yes
img-06565	C	rule-railroad-bnf	railroad diagram for a ::= grammar production, image-only grammar	yes
img-06566	C	rule-railroad-bnf	railroad diagram for a ::= grammar production, image-only grammar	yes
img-06567	C	rule-railroad-bnf	railroad diagram for a ::= grammar production, image-only grammar	yes
img-06568	C	rule-railroad-bnf	railroad diagram for a ::= grammar production, image-only grammar	yes
img-06569	C	rule-railroad-bnf	railroad diagram for a ::= grammar production, image-only grammar	yes
img-06570	C	rule-railroad-bnf	railroad diagram for a ::= grammar production, image-only grammar	yes
img-06571	C	rule-railroad-bnf	railroad diagram for a ::= grammar production, image-only grammar	yes
img-06572	C	rule-railroad-bnf	railroad diagram for a ::= grammar production, image-only grammar	yes
img-06573	C	rule-railroad-bnf	railroad diagram for a ::= grammar production, image-only grammar	yes
img-06574	C	rule-railroad-bnf	railroad diagram for a ::= grammar production, image-only grammar	yes
img-06575	C	rule-railroad-bnf	railroad diagram for a ::= grammar production, image-only grammar	yes
img-06576	C	rule-railroad-bnf	railroad diagram for a ::= grammar production, image-only grammar	yes
img-06577	C	rule-railroad-bnf	railroad diagram for a ::= grammar production, image-only grammar	yes
img-06578	C	rule-railroad-bnf	railroad diagram for a ::= grammar production, image-only grammar	yes
img-06579	C	rule-railroad-bnf	railroad diagram for a ::= grammar production, image-only grammar	yes
img-06580	C	rule-railroad-bnf	railroad diagram for a ::= grammar production, image-only grammar	yes
img-06581	C	rule-railroad-bnf	railroad diagram for a ::= grammar production, image-only grammar	yes
img-06582	C	rule-railroad-bnf	railroad diagram for a ::= grammar production, image-only grammar	yes
img-06583	C	rule-railroad-bnf	railroad diagram for a ::= grammar production, image-only grammar	yes
img-06584	C	rule-railroad-bnf	railroad diagram for a ::= grammar production, image-only grammar	yes
img-06585	C	rule-railroad-bnf	railroad diagram for a ::= grammar production, image-only grammar	yes
img-06586	C	rule-railroad-bnf	railroad diagram for a ::= grammar production, image-only grammar	yes
img-06587	C	rule-railroad-bnf	railroad diagram for a ::= grammar production, image-only grammar	yes
img-06588	C	rule-railroad-bnf	railroad diagram for a ::= grammar production, image-only grammar	yes
img-06589	C	rule-railroad-bnf	railroad diagram for a ::= grammar production, image-only grammar	yes
img-06590	C	rule-railroad-bnf	railroad diagram for a ::= grammar production, image-only grammar	yes
img-06591	E	img06-audit-reclassify	YES/NO decision flowchart resolving LOB-column vs partition tablespace precedence in CREATE TABLE; branching logic not in prose	yes
img-06592	C	rule-railroad-bnf	railroad diagram for a ::= grammar production, image-only grammar	yes
img-06593	C	rule-railroad-bnf	railroad diagram for a ::= grammar production, image-only grammar	yes
img-06594	C	rule-railroad-bnf	railroad diagram for a ::= grammar production, image-only grammar	yes
img-06595	C	rule-railroad-bnf	railroad diagram for a ::= grammar production, image-only grammar	yes
img-06596	C	rule-railroad-bnf	railroad diagram for a ::= grammar production, image-only grammar	yes
img-06597	C	rule-railroad-bnf	railroad diagram for a ::= grammar production, image-only grammar	yes
img-06598	C	rule-railroad-bnf	railroad diagram for a ::= grammar production, image-only grammar	yes
img-06599	C	rule-railroad-bnf	railroad diagram for a ::= grammar production, image-only grammar	yes
img-06600	C	rule-railroad-bnf	railroad diagram for a ::= grammar production, image-only grammar	yes
img-06601	C	rule-railroad-bnf	railroad diagram for a ::= grammar production, image-only grammar	yes
img-06602	C	rule-railroad-bnf	railroad diagram for a ::= grammar production, image-only grammar	yes
img-06603	C	rule-railroad-bnf	railroad diagram for a ::= grammar production, image-only grammar	yes
img-06604	C	rule-railroad-bnf	railroad diagram for a ::= grammar production, image-only grammar	yes
img-06605	C	rule-railroad-bnf	railroad diagram for a ::= grammar production, image-only grammar	yes
img-06606	C	rule-railroad-bnf	railroad diagram for a ::= grammar production, image-only grammar	yes
img-06607	C	rule-railroad-bnf	railroad diagram for a ::= grammar production, image-only grammar	yes
img-06608	C	rule-railroad-bnf	railroad diagram for a ::= grammar production, image-only grammar	yes
img-06609	C	rule-railroad-bnf	railroad diagram for a ::= grammar production, image-only grammar	yes
img-06610	C	rule-railroad-bnf	railroad diagram for a ::= grammar production, image-only grammar	yes
img-06611	C	rule-railroad-bnf	railroad diagram for a ::= grammar production, image-only grammar	yes
img-06612	C	rule-railroad-bnf	railroad diagram for a ::= grammar production, image-only grammar	yes
img-06613	C	rule-railroad-bnf	railroad diagram for a ::= grammar production, image-only grammar	yes
img-06614	C	rule-railroad-bnf	railroad diagram for a ::= grammar production, image-only grammar	yes
img-06615	C	rule-railroad-bnf	railroad diagram for a ::= grammar production, image-only grammar	yes
img-06616	C	rule-railroad-bnf	railroad diagram for a ::= grammar production, image-only grammar	yes
img-06617	C	rule-railroad-bnf	railroad diagram for a ::= grammar production, image-only grammar	yes
img-06618	C	rule-railroad-bnf	railroad diagram for a ::= grammar production, image-only grammar	yes
img-06619	C	rule-railroad-bnf	railroad diagram for a ::= grammar production, image-only grammar	yes
img-06620	C	rule-railroad-bnf	railroad diagram for a ::= grammar production, image-only grammar	yes
img-06621	C	rule-railroad-bnf	railroad diagram for a ::= grammar production, image-only grammar	yes
img-06622	C	rule-railroad-bnf	railroad diagram for a ::= grammar production, image-only grammar	yes
img-06623	C	rule-railroad-bnf	railroad diagram for a ::= grammar production, image-only grammar	yes
img-06624	C	rule-railroad-bnf	railroad diagram for a ::= grammar production, image-only grammar	yes
img-06625	C	rule-railroad-bnf	railroad diagram for a ::= grammar production, image-only grammar	yes
img-06626	C	rule-railroad-bnf	railroad diagram for a ::= grammar production, image-only grammar	yes
img-06627	C	rule-railroad-bnf	railroad diagram for a ::= grammar production, image-only grammar	yes
img-06628	C	rule-railroad-bnf	railroad diagram for a ::= grammar production, image-only grammar	yes
img-06629	C	rule-railroad-bnf	railroad diagram for a ::= grammar production, image-only grammar	yes
img-06630	C	rule-railroad-bnf	railroad diagram for a ::= grammar production, image-only grammar	yes
img-06631	C	rule-railroad-bnf	railroad diagram for a ::= grammar production, image-only grammar	yes
img-06632	C	rule-railroad-bnf	railroad diagram for a ::= grammar production, image-only grammar	yes
img-06633	C	rule-railroad-bnf	railroad diagram for a ::= grammar production, image-only grammar	yes
img-06634	C	rule-railroad-bnf	railroad diagram for a ::= grammar production, image-only grammar	yes
img-06635	C	rule-railroad-bnf	railroad diagram for a ::= grammar production, image-only grammar	yes
img-06636	C	rule-railroad-bnf	railroad diagram for a ::= grammar production, image-only grammar	yes
img-06637	C	rule-railroad-bnf	railroad diagram for a ::= grammar production, image-only grammar	yes
img-06638	C	rule-railroad-bnf	railroad diagram for a ::= grammar production, image-only grammar	yes
img-06639	C	rule-railroad-bnf	railroad diagram for a ::= grammar production, image-only grammar	yes
img-06640	C	rule-railroad-bnf	railroad diagram for a ::= grammar production, image-only grammar	yes
img-06641	C	rule-railroad-bnf	railroad diagram for a ::= grammar production, image-only grammar	yes
img-06642	C	rule-railroad-bnf	railroad diagram for a ::= grammar production, image-only grammar	yes
img-06643	C	rule-railroad-bnf	railroad diagram for a ::= grammar production, image-only grammar	yes
img-06644	C	rule-railroad-bnf	railroad diagram for a ::= grammar production, image-only grammar	yes
img-06645	C	rule-railroad-bnf	railroad diagram for a ::= grammar production, image-only grammar	yes
img-06646	C	rule-railroad-bnf	railroad diagram for a ::= grammar production, image-only grammar	yes
img-06647	C	rule-railroad-bnf	railroad diagram for a ::= grammar production, image-only grammar	yes
img-06648	C	rule-railroad-bnf	railroad diagram for a ::= grammar production, image-only grammar	yes
img-06649	C	rule-railroad-bnf	railroad diagram for a ::= grammar production, image-only grammar	yes
img-06650	C	rule-railroad-bnf	railroad diagram for a ::= grammar production, image-only grammar	yes
img-06651	C	rule-railroad-bnf	railroad diagram for a ::= grammar production, image-only grammar	yes
img-06652	C	rule-railroad-bnf	railroad diagram for a ::= grammar production, image-only grammar	yes
img-06653	C	rule-railroad-bnf	railroad diagram for a ::= grammar production, image-only grammar	yes
img-06654	C	rule-railroad-bnf	railroad diagram for a ::= grammar production, image-only grammar	yes
img-06655	C	rule-railroad-bnf	railroad diagram for a ::= grammar production, image-only grammar	yes
img-06656	C	rule-railroad-bnf	railroad diagram for a ::= grammar production, image-only grammar	yes
img-06657	C	rule-railroad-bnf	railroad diagram for a ::= grammar production, image-only grammar	yes
img-06658	C	rule-railroad-bnf	railroad diagram for a ::= grammar production, image-only grammar	yes
img-06659	C	rule-railroad-bnf	railroad diagram for a ::= grammar production, image-only grammar	yes
img-06660	C	rule-railroad-bnf	railroad diagram for a ::= grammar production, image-only grammar	yes
img-06661	C	rule-railroad-bnf	railroad diagram for a ::= grammar production, image-only grammar	yes
img-06662	C	rule-railroad-bnf	railroad diagram for a ::= grammar production, image-only grammar	yes
img-06663	C	rule-railroad-bnf	railroad diagram for a ::= grammar production, image-only grammar	yes
img-06664	C	rule-railroad-bnf	railroad diagram for a ::= grammar production, image-only grammar	yes
img-06665	C	rule-railroad-bnf	railroad diagram for a ::= grammar production, image-only grammar	yes
img-06666	C	rule-railroad-bnf	railroad diagram for a ::= grammar production, image-only grammar	yes
img-06667	C	rule-railroad-bnf	railroad diagram for a ::= grammar production, image-only grammar	yes
img-06668	C	rule-railroad-bnf	railroad diagram for a ::= grammar production, image-only grammar	yes
img-06669	C	rule-railroad-bnf	railroad diagram for a ::= grammar production, image-only grammar	yes
img-06670	C	rule-railroad-bnf	railroad diagram for a ::= grammar production, image-only grammar	yes
img-06671	C	rule-railroad-bnf	railroad diagram for a ::= grammar production, image-only grammar	yes
img-06672	C	rule-railroad-bnf	railroad diagram for a ::= grammar production, image-only grammar	yes
img-06673	C	rule-railroad-bnf	railroad diagram for a ::= grammar production, image-only grammar	yes
img-06674	C	rule-railroad-bnf	railroad diagram for a ::= grammar production, image-only grammar	yes
img-06675	C	rule-railroad-bnf	railroad diagram for a ::= grammar production, image-only grammar	yes
img-06676	C	rule-railroad-bnf	railroad diagram for a ::= grammar production, image-only grammar	yes
img-06677	C	rule-railroad-bnf	railroad diagram for a ::= grammar production, image-only grammar	yes
img-06678	C	rule-railroad-bnf	railroad diagram for a ::= grammar production, image-only grammar	yes
img-06679	C	rule-railroad-bnf	railroad diagram for a ::= grammar production, image-only grammar	yes
img-06680	C	rule-railroad-bnf	railroad diagram for a ::= grammar production, image-only grammar	yes
img-06681	C	rule-railroad-bnf	railroad diagram for a ::= grammar production, image-only grammar	yes
img-06682	C	rule-railroad-bnf	railroad diagram for a ::= grammar production, image-only grammar	yes
img-06683	C	rule-railroad-bnf	railroad diagram for a ::= grammar production, image-only grammar	yes
img-06684	C	rule-railroad-bnf	railroad diagram for a ::= grammar production, image-only grammar	yes
img-06685	C	rule-railroad-bnf	railroad diagram for a ::= grammar production, image-only grammar	yes
img-06686	C	rule-railroad-bnf	railroad diagram for a ::= grammar production, image-only grammar	yes
img-06687	C	rule-railroad-bnf	railroad diagram for a ::= grammar production, image-only grammar	yes
img-06688	C	rule-railroad-bnf	railroad diagram for a ::= grammar production, image-only grammar	yes
img-06689	C	rule-railroad-bnf	railroad diagram for a ::= grammar production, image-only grammar	yes
img-06690	C	rule-railroad-bnf	railroad diagram for a ::= grammar production, image-only grammar	yes
img-06691	C	rule-railroad-bnf	railroad diagram for a ::= grammar production, image-only grammar	yes
img-06692	B	rule-residual-conceptual	conceptual/architecture diagram, screenshot or illustration redundant with prose	yes
img-06693	C	rule-railroad-bnf	railroad diagram for a ::= grammar production, image-only grammar	yes
img-06694	C	rule-railroad-bnf	railroad diagram for a ::= grammar production, image-only grammar	yes
img-06695	C	rule-railroad-bnf	railroad diagram for a ::= grammar production, image-only grammar	yes
img-06696	C	rule-railroad-bnf	railroad diagram for a ::= grammar production, image-only grammar	yes
img-06697	C	rule-railroad-bnf	railroad diagram for a ::= grammar production, image-only grammar	yes
img-06698	C	rule-railroad-bnf	railroad diagram for a ::= grammar production, image-only grammar	yes
img-06699	C	rule-railroad-bnf	railroad diagram for a ::= grammar production, image-only grammar	yes
img-06700	C	rule-railroad-bnf	railroad diagram for a ::= grammar production, image-only grammar	yes
img-06701	C	rule-railroad-bnf	railroad diagram for a ::= grammar production, image-only grammar	yes
img-06702	C	rule-railroad-bnf	railroad diagram for a ::= grammar production, image-only grammar	yes
img-06703	C	rule-railroad-bnf	railroad diagram for a ::= grammar production, image-only grammar	yes
img-06704	C	rule-railroad-bnf	railroad diagram for a ::= grammar production, image-only grammar	yes
img-06705	C	rule-railroad-bnf	railroad diagram for a ::= grammar production, image-only grammar	yes
img-06706	C	rule-railroad-bnf	railroad diagram for a ::= grammar production, image-only grammar	yes
img-06707	C	rule-railroad-bnf	railroad diagram for a ::= grammar production, image-only grammar	yes
img-06708	C	rule-railroad-bnf	railroad diagram for a ::= grammar production, image-only grammar	yes
img-06709	C	rule-railroad-bnf	railroad diagram for a ::= grammar production, image-only grammar	yes
img-06710	C	rule-railroad-bnf	railroad diagram for a ::= grammar production, image-only grammar	yes
img-06711	C	rule-railroad-bnf	railroad diagram for a ::= grammar production, image-only grammar	yes
img-06712	C	rule-railroad-bnf	railroad diagram for a ::= grammar production, image-only grammar	yes
img-06713	C	rule-railroad-bnf	railroad diagram for a ::= grammar production, image-only grammar	yes
img-06714	C	rule-railroad-bnf	railroad diagram for a ::= grammar production, image-only grammar	yes
img-06715	C	rule-railroad-bnf	railroad diagram for a ::= grammar production, image-only grammar	yes
img-06716	C	rule-railroad-bnf	railroad diagram for a ::= grammar production, image-only grammar	yes
img-06717	C	rule-railroad-bnf	railroad diagram for a ::= grammar production, image-only grammar	yes
img-06718	C	rule-railroad-bnf	railroad diagram for a ::= grammar production, image-only grammar	yes
img-06719	C	rule-railroad-bnf	railroad diagram for a ::= grammar production, image-only grammar	yes
img-06720	C	rule-railroad-bnf	railroad diagram for a ::= grammar production, image-only grammar	yes
img-06721	C	rule-railroad-bnf	railroad diagram for a ::= grammar production, image-only grammar	yes
img-06722	C	rule-railroad-bnf	railroad diagram for a ::= grammar production, image-only grammar	yes
img-06723	C	rule-railroad-bnf	railroad diagram for a ::= grammar production, image-only grammar	yes
img-06724	C	rule-railroad-bnf	railroad diagram for a ::= grammar production, image-only grammar	yes
img-06725	C	rule-railroad-bnf	railroad diagram for a ::= grammar production, image-only grammar	yes
img-06726	C	rule-railroad-bnf	railroad diagram for a ::= grammar production, image-only grammar	yes
img-06727	C	rule-railroad-bnf	railroad diagram for a ::= grammar production, image-only grammar	yes
img-06728	C	rule-railroad-bnf	railroad diagram for a ::= grammar production, image-only grammar	yes
img-06729	C	rule-railroad-bnf	railroad diagram for a ::= grammar production, image-only grammar	yes
img-06730	C	rule-railroad-bnf	railroad diagram for a ::= grammar production, image-only grammar	yes
img-06731	C	rule-railroad-bnf	railroad diagram for a ::= grammar production, image-only grammar	yes
img-06732	C	rule-railroad-bnf	railroad diagram for a ::= grammar production, image-only grammar	yes
img-06733	C	rule-railroad-bnf	railroad diagram for a ::= grammar production, image-only grammar	yes
img-06734	C	rule-railroad-bnf	railroad diagram for a ::= grammar production, image-only grammar	yes
img-06735	C	rule-railroad-bnf	railroad diagram for a ::= grammar production, image-only grammar	yes
img-06736	C	rule-railroad-bnf	railroad diagram for a ::= grammar production, image-only grammar	yes
img-06737	C	rule-railroad-bnf	railroad diagram for a ::= grammar production, image-only grammar	yes
img-06738	C	rule-railroad-synhead	railroad diagram directly under a Syntax heading, image-only grammar	yes
img-06739	C	rule-railroad-synhead	railroad diagram directly under a Syntax heading, image-only grammar	yes
img-06740	C	rule-railroad-synhead	railroad diagram directly under a Syntax heading, image-only grammar	yes
img-06741	C	rule-railroad-synhead	railroad diagram directly under a Syntax heading, image-only grammar	yes
img-06742	C	rule-railroad-synhead	railroad diagram directly under a Syntax heading, image-only grammar	yes
img-06743	C	rule-railroad-bnf	railroad diagram for a ::= grammar production, image-only grammar	yes
img-06744	C	rule-railroad-bnf	railroad diagram for a ::= grammar production, image-only grammar	yes
img-06745	C	rule-railroad-bnf	railroad diagram for a ::= grammar production, image-only grammar	yes
img-06746	C	rule-railroad-bnf	railroad diagram for a ::= grammar production, image-only grammar	yes
img-06747	C	rule-railroad-bnf	railroad diagram for a ::= grammar production, image-only grammar	yes
img-06748	C	rule-railroad-synhead	railroad diagram directly under a Syntax heading, image-only grammar	yes
img-06749	C	rule-railroad-synhead	railroad diagram directly under a Syntax heading, image-only grammar	yes
img-06750	C	rule-railroad-synhead	railroad diagram directly under a Syntax heading, image-only grammar	yes
img-06751	C	rule-railroad-synhead	railroad diagram directly under a Syntax heading, image-only grammar	yes
img-06752	C	rule-railroad-synhead	railroad diagram directly under a Syntax heading, image-only grammar	yes
img-06753	C	rule-railroad-synhead	railroad diagram directly under a Syntax heading, image-only grammar	yes
img-06754	C	rule-railroad-bnf	railroad diagram for a ::= grammar production, image-only grammar	yes
img-06755	C	rule-railroad-bnf	railroad diagram for a ::= grammar production, image-only grammar	yes
img-06756	C	rule-railroad-bnf	railroad diagram for a ::= grammar production, image-only grammar	yes
img-06757	C	rule-railroad-bnf	railroad diagram for a ::= grammar production, image-only grammar	yes
img-06758	C	rule-railroad-bnf	railroad diagram for a ::= grammar production, image-only grammar	yes
img-06759	C	rule-railroad-bnf	railroad diagram for a ::= grammar production, image-only grammar	yes
img-06760	C	rule-railroad-bnf	railroad diagram for a ::= grammar production, image-only grammar	yes
img-06761	C	rule-railroad-bnf	railroad diagram for a ::= grammar production, image-only grammar	yes
img-06762	C	rule-railroad-bnf	railroad diagram for a ::= grammar production, image-only grammar	yes
img-06763	C	rule-railroad-bnf	railroad diagram for a ::= grammar production, image-only grammar	yes
img-06764	C	rule-railroad-bnf	railroad diagram for a ::= grammar production, image-only grammar	yes
img-06765	C	rule-railroad-bnf	railroad diagram for a ::= grammar production, image-only grammar	yes
img-06766	C	rule-railroad-bnf	railroad diagram for a ::= grammar production, image-only grammar	yes
img-06767	C	rule-railroad-bnf	railroad diagram for a ::= grammar production, image-only grammar	yes
img-06768	C	rule-railroad-bnf	railroad diagram for a ::= grammar production, image-only grammar	yes
img-06769	C	rule-railroad-bnf	railroad diagram for a ::= grammar production, image-only grammar	yes
img-06770	C	rule-railroad-bnf	railroad diagram for a ::= grammar production, image-only grammar	yes
img-06771	C	rule-railroad-bnf	railroad diagram for a ::= grammar production, image-only grammar	yes
img-06772	C	rule-railroad-bnf	railroad diagram for a ::= grammar production, image-only grammar	yes
img-06773	C	rule-railroad-bnf	railroad diagram for a ::= grammar production, image-only grammar	yes
img-06774	C	rule-railroad-synsection	railroad diagram in a Syntax section, image-only grammar	yes
img-06775	C	rule-railroad-synsection	railroad diagram in a Syntax section, image-only grammar	yes
img-06776	C	rule-railroad-synsection	railroad diagram in a Syntax section, image-only grammar	yes
img-06777	C	rule-railroad-synsection	railroad diagram in a Syntax section, image-only grammar	yes
img-06778	C	rule-railroad-synhead	railroad diagram directly under a Syntax heading, image-only grammar	yes
img-06779	C	rule-railroad-bnf	railroad diagram for a ::= grammar production, image-only grammar	yes
img-06780	C	rule-railroad-bnf	railroad diagram for a ::= grammar production, image-only grammar	yes
img-06781	C	rule-railroad-bnf	railroad diagram for a ::= grammar production, image-only grammar	yes
img-06782	C	rule-railroad-bnf	railroad diagram for a ::= grammar production, image-only grammar	yes
img-06783	C	rule-railroad-bnf	railroad diagram for a ::= grammar production, image-only grammar	yes
img-06784	C	rule-railroad-bnf	railroad diagram for a ::= grammar production, image-only grammar	yes
img-06785	C	rule-railroad-bnf	railroad diagram for a ::= grammar production, image-only grammar	missing
img-06786	C	rule-railroad-bnf	railroad diagram for a ::= grammar production, image-only grammar	yes
img-06787	C	rule-railroad-bnf	railroad diagram for a ::= grammar production, image-only grammar	yes
img-06788	C	rule-railroad-bnf	railroad diagram for a ::= grammar production, image-only grammar	yes
img-06789	C	rule-railroad-bnf	railroad diagram for a ::= grammar production, image-only grammar	yes
img-06790	B	rule-cover	cover-page logo, carries no recoverable text	yes
img-06791	B	rule-table-cell	symbol/icon in a table cell, explained by the adjacent cell	yes
img-06792	B	rule-table-cell	symbol/icon in a table cell, explained by the adjacent cell	yes
img-06793	B	rule-table-cell	symbol/icon in a table cell, explained by the adjacent cell	yes
img-06794	B	rule-table-cell	symbol/icon in a table cell, explained by the adjacent cell	yes
img-06795	B	rule-table-cell	symbol/icon in a table cell, explained by the adjacent cell	yes
img-06796	B	rule-table-cell	symbol/icon in a table cell, explained by the adjacent cell	yes
img-06797	B	rule-table-cell	symbol/icon in a table cell, explained by the adjacent cell	yes
img-06798	B	rule-table-cell	symbol/icon in a table cell, explained by the adjacent cell	yes
img-06799	B	rule-table-cell	symbol/icon in a table cell, explained by the adjacent cell	yes
img-06800	B	rule-residual-conceptual	conceptual/architecture diagram, screenshot or illustration redundant with prose	yes
img-06801	C	rule-railroad-synhead	railroad diagram directly under a Syntax heading, image-only grammar	yes
img-06802	C	rule-railroad-synsection	railroad diagram in a Syntax section, image-only grammar	yes
img-06803	C	rule-railroad-synsection	railroad diagram in a Syntax section, image-only grammar	yes
img-06804	C	rule-railroad-synhead	railroad diagram directly under a Syntax heading, image-only grammar	yes
img-06805	C	rule-railroad-synhead	railroad diagram directly under a Syntax heading, image-only grammar	yes
img-06806	C	rule-railroad-synsection	railroad diagram in a Syntax section, image-only grammar	yes
img-06807	B	rule-residual-conceptual	conceptual/architecture diagram, screenshot or illustration redundant with prose	yes
img-06808	B	rule-residual-conceptual	conceptual/architecture diagram, screenshot or illustration redundant with prose	yes
img-06809	B	rule-residual-conceptual	conceptual/architecture diagram, screenshot or illustration redundant with prose	yes
img-06810	B	rule-residual-conceptual	conceptual/architecture diagram, screenshot or illustration redundant with prose	yes
img-06811	C	rule-railroad-synhead	railroad diagram directly under a Syntax heading, image-only grammar	yes
img-06812	B	rule-residual-conceptual	conceptual/architecture diagram, screenshot or illustration redundant with prose	yes
img-06813	B	rule-residual-conceptual	conceptual/architecture diagram, screenshot or illustration redundant with prose	yes
img-06814	B	rule-residual-conceptual	conceptual/architecture diagram, screenshot or illustration redundant with prose	yes
img-06815	B	rule-residual-conceptual	conceptual/architecture diagram, screenshot or illustration redundant with prose	yes
img-06816	C	rule-railroad-synhead	railroad diagram directly under a Syntax heading, image-only grammar	yes
img-06817	C	rule-railroad-synsection	railroad diagram in a Syntax section, image-only grammar	yes
img-06818	B	rule-residual-conceptual	conceptual/architecture diagram, screenshot or illustration redundant with prose	yes
img-06819	B	rule-residual-conceptual	conceptual/architecture diagram, screenshot or illustration redundant with prose	yes
img-06820	B	rule-residual-conceptual	conceptual/architecture diagram, screenshot or illustration redundant with prose	yes
img-06821	B	rule-residual-conceptual	conceptual/architecture diagram, screenshot or illustration redundant with prose	yes
img-06822	B	rule-residual-conceptual	conceptual/architecture diagram, screenshot or illustration redundant with prose	yes
img-06823	C	rule-railroad-synhead	railroad diagram directly under a Syntax heading, image-only grammar	yes
img-06824	B	rule-residual-conceptual	conceptual/architecture diagram, screenshot or illustration redundant with prose	yes
img-06825	B	rule-residual-conceptual	conceptual/architecture diagram, screenshot or illustration redundant with prose	yes
img-06826	B	rule-residual-conceptual	conceptual/architecture diagram, screenshot or illustration redundant with prose	yes
img-06827	B	rule-residual-conceptual	conceptual/architecture diagram, screenshot or illustration redundant with prose	yes
img-06828	B	rule-residual-conceptual	conceptual/architecture diagram, screenshot or illustration redundant with prose	yes
img-06829	C	rule-railroad-synhead	railroad diagram directly under a Syntax heading, image-only grammar	yes
img-06830	B	rule-residual-conceptual	conceptual/architecture diagram, screenshot or illustration redundant with prose	yes
img-06831	B	rule-residual-conceptual	conceptual/architecture diagram, screenshot or illustration redundant with prose	yes
img-06832	B	rule-residual-conceptual	conceptual/architecture diagram, screenshot or illustration redundant with prose	yes
img-06833	B	rule-residual-conceptual	conceptual/architecture diagram, screenshot or illustration redundant with prose	yes
img-06834	B	rule-residual-conceptual	conceptual/architecture diagram, screenshot or illustration redundant with prose	yes
img-06835	B	rule-residual-conceptual	conceptual/architecture diagram, screenshot or illustration redundant with prose	yes
img-06836	B	rule-residual-conceptual	conceptual/architecture diagram, screenshot or illustration redundant with prose	yes
img-06837	B	rule-residual-conceptual	conceptual/architecture diagram, screenshot or illustration redundant with prose	yes
img-06838	B	rule-residual-conceptual	conceptual/architecture diagram, screenshot or illustration redundant with prose	yes
img-06839	B	rule-residual-conceptual	conceptual/architecture diagram, screenshot or illustration redundant with prose	yes
img-06840	B	rule-residual-conceptual	conceptual/architecture diagram, screenshot or illustration redundant with prose	yes
img-06841	B	rule-residual-conceptual	conceptual/architecture diagram, screenshot or illustration redundant with prose	yes
img-06842	B	rule-residual-conceptual	conceptual/architecture diagram, screenshot or illustration redundant with prose	yes
img-06843	B	rule-residual-conceptual	conceptual/architecture diagram, screenshot or illustration redundant with prose	yes
img-06844	B	rule-residual-conceptual	conceptual/architecture diagram, screenshot or illustration redundant with prose	yes
img-06845	B	rule-residual-conceptual	conceptual/architecture diagram, screenshot or illustration redundant with prose	yes
img-06846	B	rule-residual-conceptual	conceptual/architecture diagram, screenshot or illustration redundant with prose	yes
img-06847	B	rule-residual-conceptual	conceptual/architecture diagram, screenshot or illustration redundant with prose	yes
img-06848	A	rule-syntax-textblock	syntax diagram redundant with the adjacent text Syntax block	yes
img-06849	B	rule-residual-conceptual	conceptual/architecture diagram, screenshot or illustration redundant with prose	yes
img-06850	B	rule-residual-conceptual	conceptual/architecture diagram, screenshot or illustration redundant with prose	yes
img-06851	B	rule-residual-conceptual	conceptual/architecture diagram, screenshot or illustration redundant with prose	yes
img-06852	B	rule-residual-conceptual	conceptual/architecture diagram, screenshot or illustration redundant with prose	yes
img-06853	B	rule-residual-conceptual	conceptual/architecture diagram, screenshot or illustration redundant with prose	yes
img-06854	B	rule-cover	cover-page logo, carries no recoverable text	yes
img-06855	B	rule-table-cell	symbol/icon in a table cell, explained by the adjacent cell	yes
img-06856	B	rule-table-cell	symbol/icon in a table cell, explained by the adjacent cell	yes
img-06857	B	rule-table-cell	symbol/icon in a table cell, explained by the adjacent cell	yes
img-06858	B	rule-table-cell	symbol/icon in a table cell, explained by the adjacent cell	yes
img-06859	B	rule-table-cell	symbol/icon in a table cell, explained by the adjacent cell	yes
img-06860	B	rule-table-cell	symbol/icon in a table cell, explained by the adjacent cell	yes
img-06861	B	rule-table-cell	symbol/icon in a table cell, explained by the adjacent cell	yes
img-06862	B	rule-table-cell	symbol/icon in a table cell, explained by the adjacent cell	yes
img-06863	B	rule-table-cell	symbol/icon in a table cell, explained by the adjacent cell	yes
img-06864	B	rule-residual-conceptual	conceptual/architecture diagram, screenshot or illustration redundant with prose	yes
img-06865	C	rule-railroad-bnf	railroad diagram for a ::= grammar production, image-only grammar	yes
img-06866	C	rule-railroad-bnf	railroad diagram for a ::= grammar production, image-only grammar	yes
img-06867	C	rule-railroad-bnf	railroad diagram for a ::= grammar production, image-only grammar	yes
img-06868	C	rule-railroad-synhead	railroad diagram directly under a Syntax heading, image-only grammar	yes
img-06869	C	rule-railroad-synhead	railroad diagram directly under a Syntax heading, image-only grammar	yes
img-06870	C	rule-railroad-bnf	railroad diagram for a ::= grammar production, image-only grammar	yes
img-06871	C	rule-railroad-bnf	railroad diagram for a ::= grammar production, image-only grammar	yes
img-06872	C	rule-railroad-bnf	railroad diagram for a ::= grammar production, image-only grammar	yes
img-06873	C	rule-railroad-bnf	railroad diagram for a ::= grammar production, image-only grammar	yes
img-06874	C	rule-railroad-bnf	railroad diagram for a ::= grammar production, image-only grammar	yes
img-06875	C	rule-railroad-bnf	railroad diagram for a ::= grammar production, image-only grammar	yes
img-06876	C	rule-railroad-synhead	railroad diagram directly under a Syntax heading, image-only grammar	yes
img-06877	C	rule-railroad-synhead	railroad diagram directly under a Syntax heading, image-only grammar	yes
img-06878	C	rule-railroad-synhead	railroad diagram directly under a Syntax heading, image-only grammar	yes
img-06879	C	rule-railroad-synsection	railroad diagram in a Syntax section, image-only grammar	yes
img-06880	C	rule-railroad-synsection	railroad diagram in a Syntax section, image-only grammar	yes
img-06881	C	rule-railroad-synhead	railroad diagram directly under a Syntax heading, image-only grammar	yes
img-06882	C	rule-railroad-synsection	railroad diagram in a Syntax section, image-only grammar	yes
img-06883	B	rule-residual-conceptual	conceptual/architecture diagram, screenshot or illustration redundant with prose	yes
img-06884	C	rule-railroad-synhead	railroad diagram directly under a Syntax heading, image-only grammar	yes
img-06885	C	rule-railroad-synhead	railroad diagram directly under a Syntax heading, image-only grammar	yes
img-06886	C	rule-railroad-synhead	railroad diagram directly under a Syntax heading, image-only grammar	yes
img-06887	C	rule-railroad-synhead	railroad diagram directly under a Syntax heading, image-only grammar	yes
img-06888	C	rule-railroad-synhead	railroad diagram directly under a Syntax heading, image-only grammar	yes
img-06889	C	rule-railroad-synhead	railroad diagram directly under a Syntax heading, image-only grammar	yes
img-06890	C	rule-railroad-synhead	railroad diagram directly under a Syntax heading, image-only grammar	yes
img-06891	C	rule-railroad-synhead	railroad diagram directly under a Syntax heading, image-only grammar	yes
img-06892	C	rule-railroad-synhead	railroad diagram directly under a Syntax heading, image-only grammar	yes
img-06893	C	rule-railroad-synhead	railroad diagram directly under a Syntax heading, image-only grammar	yes
img-06894	C	rule-railroad-synhead	railroad diagram directly under a Syntax heading, image-only grammar	yes
img-06895	C	rule-railroad-synhead	railroad diagram directly under a Syntax heading, image-only grammar	yes
img-06896	C	rule-railroad-synhead	railroad diagram directly under a Syntax heading, image-only grammar	yes
img-06897	C	rule-railroad-synhead	railroad diagram directly under a Syntax heading, image-only grammar	yes
img-06898	C	rule-railroad-synhead	railroad diagram directly under a Syntax heading, image-only grammar	yes
img-06899	C	rule-railroad-synhead	railroad diagram directly under a Syntax heading, image-only grammar	yes
img-06900	C	rule-railroad-synhead	railroad diagram directly under a Syntax heading, image-only grammar	yes
img-06901	C	rule-railroad-synhead	railroad diagram directly under a Syntax heading, image-only grammar	yes
img-06902	C	rule-railroad-synhead	railroad diagram directly under a Syntax heading, image-only grammar	yes
img-06903	C	rule-railroad-synhead	railroad diagram directly under a Syntax heading, image-only grammar	yes
img-06904	C	rule-railroad-synsection	railroad diagram in a Syntax section, image-only grammar	yes
img-06905	C	rule-railroad-synhead	railroad diagram directly under a Syntax heading, image-only grammar	yes
img-06906	C	rule-railroad-synhead	railroad diagram directly under a Syntax heading, image-only grammar	yes
img-06907	C	rule-railroad-synhead	railroad diagram directly under a Syntax heading, image-only grammar	yes
img-06908	C	rule-railroad-synhead	railroad diagram directly under a Syntax heading, image-only grammar	yes
img-06909	C	rule-railroad-synhead	railroad diagram directly under a Syntax heading, image-only grammar	yes
img-06910	C	rule-railroad-synhead	railroad diagram directly under a Syntax heading, image-only grammar	yes
img-06911	B	rule-residual-conceptual	conceptual/architecture diagram, screenshot or illustration redundant with prose	yes
img-06912	C	rule-railroad-synhead	railroad diagram directly under a Syntax heading, image-only grammar	yes
img-06913	C	rule-railroad-synhead	railroad diagram directly under a Syntax heading, image-only grammar	yes
img-06914	B	rule-residual-conceptual	conceptual/architecture diagram, screenshot or illustration redundant with prose	yes
img-06915	C	rule-railroad-synhead	railroad diagram directly under a Syntax heading, image-only grammar	yes
img-06916	C	rule-railroad-synsection	railroad diagram in a Syntax section, image-only grammar	yes
img-06917	C	rule-railroad-synsection	railroad diagram in a Syntax section, image-only grammar	yes
img-06918	C	rule-railroad-synhead	railroad diagram directly under a Syntax heading, image-only grammar	yes
img-06919	C	rule-railroad-synhead	railroad diagram directly under a Syntax heading, image-only grammar	yes
img-06920	C	rule-railroad-synhead	railroad diagram directly under a Syntax heading, image-only grammar	yes
img-06921	B	rule-residual-conceptual	conceptual/architecture diagram, screenshot or illustration redundant with prose	yes
img-06922	C	rule-railroad-synhead	railroad diagram directly under a Syntax heading, image-only grammar	yes
img-06923	C	rule-railroad-synhead	railroad diagram directly under a Syntax heading, image-only grammar	yes
img-06924	C	rule-railroad-synhead	railroad diagram directly under a Syntax heading, image-only grammar	yes
img-06925	B	rule-residual-conceptual	conceptual/architecture diagram, screenshot or illustration redundant with prose	yes
img-06926	C	rule-railroad-synhead	railroad diagram directly under a Syntax heading, image-only grammar	yes
img-06927	B	rule-residual-conceptual	conceptual/architecture diagram, screenshot or illustration redundant with prose	yes
img-06928	C	rule-railroad-bnf	railroad diagram for a ::= grammar production, image-only grammar	yes
img-06929	C	rule-railroad-bnf	railroad diagram for a ::= grammar production, image-only grammar	yes
img-06930	C	rule-railroad-bnf	railroad diagram for a ::= grammar production, image-only grammar	yes
img-06931	C	rule-railroad-bnf	railroad diagram for a ::= grammar production, image-only grammar	yes
img-06932	C	rule-railroad-bnf	railroad diagram for a ::= grammar production, image-only grammar	yes
img-06933	C	rule-railroad-bnf	railroad diagram for a ::= grammar production, image-only grammar	yes
img-06934	C	rule-railroad-bnf	railroad diagram for a ::= grammar production, image-only grammar	yes
img-06935	C	rule-railroad-bnf	railroad diagram for a ::= grammar production, image-only grammar	yes
img-06936	C	rule-railroad-bnf	railroad diagram for a ::= grammar production, image-only grammar	yes
img-06937	C	rule-railroad-bnf	railroad diagram for a ::= grammar production, image-only grammar	yes
img-06938	C	rule-railroad-bnf	railroad diagram for a ::= grammar production, image-only grammar	yes
img-06939	C	rule-railroad-bnf	railroad diagram for a ::= grammar production, image-only grammar	yes
img-06940	B	rule-residual-conceptual	conceptual/architecture diagram, screenshot or illustration redundant with prose	yes
img-06941	B	rule-cover	cover-page logo, carries no recoverable text	yes
img-06942	B	rule-table-cell	symbol/icon in a table cell, explained by the adjacent cell	yes
img-06943	B	rule-table-cell	symbol/icon in a table cell, explained by the adjacent cell	yes
img-06944	B	rule-table-cell	symbol/icon in a table cell, explained by the adjacent cell	yes
img-06945	B	rule-table-cell	symbol/icon in a table cell, explained by the adjacent cell	yes
img-06946	B	rule-table-cell	symbol/icon in a table cell, explained by the adjacent cell	yes
img-06947	B	rule-table-cell	symbol/icon in a table cell, explained by the adjacent cell	yes
img-06948	B	rule-table-cell	symbol/icon in a table cell, explained by the adjacent cell	yes
img-06949	B	rule-table-cell	symbol/icon in a table cell, explained by the adjacent cell	yes
img-06950	B	rule-table-cell	symbol/icon in a table cell, explained by the adjacent cell	yes
img-06951	C	rule-railroad-synhead	railroad diagram directly under a Syntax heading, image-only grammar	yes
img-06952	B	rule-residual-conceptual	conceptual/architecture diagram, screenshot or illustration redundant with prose	yes
img-06953	B	rule-residual-conceptual	conceptual/architecture diagram, screenshot or illustration redundant with prose	yes
img-06954	B	rule-residual-conceptual	conceptual/architecture diagram, screenshot or illustration redundant with prose	yes
img-06955	B	rule-residual-conceptual	conceptual/architecture diagram, screenshot or illustration redundant with prose	yes
img-06956	B	rule-residual-conceptual	conceptual/architecture diagram, screenshot or illustration redundant with prose	yes
img-06957	B	rule-residual-conceptual	conceptual/architecture diagram, screenshot or illustration redundant with prose	yes
img-06958	B	rule-residual-conceptual	conceptual/architecture diagram, screenshot or illustration redundant with prose	yes
img-06959	B	rule-residual-conceptual	conceptual/architecture diagram, screenshot or illustration redundant with prose	yes
img-06960	B	rule-residual-conceptual	conceptual/architecture diagram, screenshot or illustration redundant with prose	yes
img-06961	B	rule-residual-conceptual	conceptual/architecture diagram, screenshot or illustration redundant with prose	yes
img-06962	B	rule-residual-conceptual	conceptual/architecture diagram, screenshot or illustration redundant with prose	yes
img-06963	B	rule-residual-conceptual	conceptual/architecture diagram, screenshot or illustration redundant with prose	yes
img-06964	C	rule-railroad-synsection	railroad diagram in a Syntax section, image-only grammar	yes
img-06965	B	rule-residual-conceptual	conceptual/architecture diagram, screenshot or illustration redundant with prose	yes
img-06966	C	rule-railroad-synhead	railroad diagram directly under a Syntax heading, image-only grammar	yes
img-06967	C	rule-railroad-synhead	railroad diagram directly under a Syntax heading, image-only grammar	yes
img-06968	C	rule-railroad-synhead	railroad diagram directly under a Syntax heading, image-only grammar	yes
img-06969	C	rule-railroad-synhead	railroad diagram directly under a Syntax heading, image-only grammar	yes
img-06970	C	rule-railroad-synhead	railroad diagram directly under a Syntax heading, image-only grammar	yes
img-06971	C	rule-railroad-synhead	railroad diagram directly under a Syntax heading, image-only grammar	yes
img-06972	C	rule-railroad-synhead	railroad diagram directly under a Syntax heading, image-only grammar	yes
img-06973	C	rule-railroad-synhead	railroad diagram directly under a Syntax heading, image-only grammar	yes
img-06974	C	rule-railroad-synhead	railroad diagram directly under a Syntax heading, image-only grammar	yes
img-06975	C	rule-railroad-synhead	railroad diagram directly under a Syntax heading, image-only grammar	yes
img-06976	C	rule-railroad-synhead	railroad diagram directly under a Syntax heading, image-only grammar	yes
img-06977	C	rule-railroad-synhead	railroad diagram directly under a Syntax heading, image-only grammar	yes
img-06978	C	rule-railroad-synhead	railroad diagram directly under a Syntax heading, image-only grammar	yes
img-06979	C	rule-railroad-synhead	railroad diagram directly under a Syntax heading, image-only grammar	yes
img-06980	C	rule-railroad-synhead	railroad diagram directly under a Syntax heading, image-only grammar	yes
img-06981	C	rule-railroad-synhead	railroad diagram directly under a Syntax heading, image-only grammar	yes
img-06982	C	rule-railroad-synhead	railroad diagram directly under a Syntax heading, image-only grammar	yes
img-06983	B	rule-cover	cover-page logo, carries no recoverable text	yes
img-06984	B	rule-table-cell	symbol/icon in a table cell, explained by the adjacent cell	yes
img-06985	B	rule-table-cell	symbol/icon in a table cell, explained by the adjacent cell	yes
img-06986	B	rule-table-cell	symbol/icon in a table cell, explained by the adjacent cell	yes
img-06987	B	rule-table-cell	symbol/icon in a table cell, explained by the adjacent cell	yes
img-06988	B	rule-table-cell	symbol/icon in a table cell, explained by the adjacent cell	yes
img-06989	B	rule-table-cell	symbol/icon in a table cell, explained by the adjacent cell	yes
img-06990	B	rule-table-cell	symbol/icon in a table cell, explained by the adjacent cell	yes
img-06991	B	rule-table-cell	symbol/icon in a table cell, explained by the adjacent cell	yes
img-06992	B	rule-table-cell	symbol/icon in a table cell, explained by the adjacent cell	yes
img-06993	B	rule-residual-conceptual	conceptual/architecture diagram, screenshot or illustration redundant with prose	yes
img-06994	B	rule-cover	cover-page logo, carries no recoverable text	yes
img-06995	B	rule-table-cell	symbol/icon in a table cell, explained by the adjacent cell	yes
img-06996	B	rule-table-cell	symbol/icon in a table cell, explained by the adjacent cell	yes
img-06997	B	rule-table-cell	symbol/icon in a table cell, explained by the adjacent cell	yes
img-06998	B	rule-table-cell	symbol/icon in a table cell, explained by the adjacent cell	yes
img-06999	B	rule-table-cell	symbol/icon in a table cell, explained by the adjacent cell	yes
img-07000	B	rule-table-cell	symbol/icon in a table cell, explained by the adjacent cell	yes
img-07001	B	rule-table-cell	symbol/icon in a table cell, explained by the adjacent cell	yes
img-07002	B	rule-table-cell	symbol/icon in a table cell, explained by the adjacent cell	yes
img-07003	B	rule-table-cell	symbol/icon in a table cell, explained by the adjacent cell	yes
img-07004	B	rule-cover	cover-page logo, carries no recoverable text	yes
img-07005	B	rule-residual-conceptual	conceptual/architecture diagram, screenshot or illustration redundant with prose	yes
img-07006	B	rule-residual-conceptual	conceptual/architecture diagram, screenshot or illustration redundant with prose	yes
img-07007	B	rule-residual-conceptual	conceptual/architecture diagram, screenshot or illustration redundant with prose	yes
img-07008	B	rule-residual-conceptual	conceptual/architecture diagram, screenshot or illustration redundant with prose	yes
img-07009	B	rule-residual-conceptual	conceptual/architecture diagram, screenshot or illustration redundant with prose	yes
img-07010	B	rule-residual-conceptual	conceptual/architecture diagram, screenshot or illustration redundant with prose	yes
img-07011	B	rule-residual-conceptual	conceptual/architecture diagram, screenshot or illustration redundant with prose	yes
img-07012	B	rule-residual-conceptual	conceptual/architecture diagram, screenshot or illustration redundant with prose	yes
img-07013	B	rule-residual-conceptual	conceptual/architecture diagram, screenshot or illustration redundant with prose	yes
img-07014	B	rule-residual-conceptual	conceptual/architecture diagram, screenshot or illustration redundant with prose	yes
img-07015	B	rule-residual-conceptual	conceptual/architecture diagram, screenshot or illustration redundant with prose	yes
img-07016	B	rule-residual-conceptual	conceptual/architecture diagram, screenshot or illustration redundant with prose	yes
img-07017	B	rule-table-cell	symbol/icon in a table cell, explained by the adjacent cell	yes
img-07018	B	rule-table-cell	symbol/icon in a table cell, explained by the adjacent cell	yes
img-07019	B	rule-residual-conceptual	conceptual/architecture diagram, screenshot or illustration redundant with prose	yes
img-07020	B	rule-residual-conceptual	conceptual/architecture diagram, screenshot or illustration redundant with prose	yes
img-07021	B	rule-residual-conceptual	conceptual/architecture diagram, screenshot or illustration redundant with prose	yes
img-07022	B	rule-residual-conceptual	conceptual/architecture diagram, screenshot or illustration redundant with prose	yes
img-07023	B	rule-residual-conceptual	conceptual/architecture diagram, screenshot or illustration redundant with prose	yes
img-07024	B	rule-residual-conceptual	conceptual/architecture diagram, screenshot or illustration redundant with prose	yes
img-07025	B	rule-residual-conceptual	conceptual/architecture diagram, screenshot or illustration redundant with prose	yes
img-07026	B	rule-residual-conceptual	conceptual/architecture diagram, screenshot or illustration redundant with prose	yes
img-07027	B	rule-residual-conceptual	conceptual/architecture diagram, screenshot or illustration redundant with prose	yes
img-07028	B	rule-residual-conceptual	conceptual/architecture diagram, screenshot or illustration redundant with prose	yes
img-07029	B	rule-residual-conceptual	conceptual/architecture diagram, screenshot or illustration redundant with prose	yes
img-07030	B	rule-residual-conceptual	conceptual/architecture diagram, screenshot or illustration redundant with prose	yes
img-07031	B	rule-residual-conceptual	conceptual/architecture diagram, screenshot or illustration redundant with prose	yes
img-07032	B	rule-residual-conceptual	conceptual/architecture diagram, screenshot or illustration redundant with prose	yes
img-07033	B	rule-residual-conceptual	conceptual/architecture diagram, screenshot or illustration redundant with prose	yes
img-07034	B	rule-residual-conceptual	conceptual/architecture diagram, screenshot or illustration redundant with prose	yes
img-07035	B	rule-residual-conceptual	conceptual/architecture diagram, screenshot or illustration redundant with prose	yes
img-07036	B	rule-residual-conceptual	conceptual/architecture diagram, screenshot or illustration redundant with prose	yes
img-07037	B	rule-residual-conceptual	conceptual/architecture diagram, screenshot or illustration redundant with prose	yes
img-07038	B	rule-residual-conceptual	conceptual/architecture diagram, screenshot or illustration redundant with prose	yes
img-07039	B	rule-residual-conceptual	conceptual/architecture diagram, screenshot or illustration redundant with prose	yes
img-07040	B	rule-residual-conceptual	conceptual/architecture diagram, screenshot or illustration redundant with prose	yes
img-07041	B	rule-residual-conceptual	conceptual/architecture diagram, screenshot or illustration redundant with prose	yes
img-07042	B	rule-residual-conceptual	conceptual/architecture diagram, screenshot or illustration redundant with prose	yes
img-07043	B	rule-residual-conceptual	conceptual/architecture diagram, screenshot or illustration redundant with prose	yes
img-07044	B	rule-residual-conceptual	conceptual/architecture diagram, screenshot or illustration redundant with prose	yes
img-07045	B	rule-residual-conceptual	conceptual/architecture diagram, screenshot or illustration redundant with prose	yes
img-07046	B	rule-residual-conceptual	conceptual/architecture diagram, screenshot or illustration redundant with prose	yes
img-07047	B	rule-residual-conceptual	conceptual/architecture diagram, screenshot or illustration redundant with prose	yes
img-07048	B	rule-residual-conceptual	conceptual/architecture diagram, screenshot or illustration redundant with prose	yes
img-07049	B	rule-residual-conceptual	conceptual/architecture diagram, screenshot or illustration redundant with prose	yes
img-07050	B	rule-residual-conceptual	conceptual/architecture diagram, screenshot or illustration redundant with prose	yes
img-07051	B	rule-residual-conceptual	conceptual/architecture diagram, screenshot or illustration redundant with prose	yes
img-07052	B	rule-residual-conceptual	conceptual/architecture diagram, screenshot or illustration redundant with prose	yes
img-07053	B	rule-residual-conceptual	conceptual/architecture diagram, screenshot or illustration redundant with prose	yes
img-07054	B	rule-residual-conceptual	conceptual/architecture diagram, screenshot or illustration redundant with prose	yes
img-07055	B	rule-residual-conceptual	conceptual/architecture diagram, screenshot or illustration redundant with prose	yes
img-07056	B	rule-residual-conceptual	conceptual/architecture diagram, screenshot or illustration redundant with prose	yes
img-07057	B	rule-residual-conceptual	conceptual/architecture diagram, screenshot or illustration redundant with prose	yes
img-07058	B	rule-cover	cover-page logo, carries no recoverable text	yes
img-07059	B	rule-residual-conceptual	conceptual/architecture diagram, screenshot or illustration redundant with prose	yes
img-07060	B	rule-residual-conceptual	conceptual/architecture diagram, screenshot or illustration redundant with prose	yes
img-07061	E	vision	state-transition diagram: aheartbeat Ready/Run/Error states	yes
img-07062	B	rule-residual-conceptual	conceptual/architecture diagram, screenshot or illustration redundant with prose	yes
img-07063	B	rule-residual-conceptual	conceptual/architecture diagram, screenshot or illustration redundant with prose	yes
img-07064	B	rule-cover	cover-page logo, carries no recoverable text	yes
img-07065	B	rule-table-cell	symbol/icon in a table cell, explained by the adjacent cell	yes
img-07066	B	rule-table-cell	symbol/icon in a table cell, explained by the adjacent cell	yes
img-07067	B	rule-table-cell	symbol/icon in a table cell, explained by the adjacent cell	yes
img-07068	B	rule-table-cell	symbol/icon in a table cell, explained by the adjacent cell	yes
img-07069	B	rule-table-cell	symbol/icon in a table cell, explained by the adjacent cell	yes
img-07070	B	rule-table-cell	symbol/icon in a table cell, explained by the adjacent cell	yes
img-07071	B	rule-table-cell	symbol/icon in a table cell, explained by the adjacent cell	yes
img-07072	B	rule-table-cell	symbol/icon in a table cell, explained by the adjacent cell	yes
img-07073	B	rule-table-cell	symbol/icon in a table cell, explained by the adjacent cell	yes
img-07074	B	rule-residual-conceptual	conceptual/architecture diagram, screenshot or illustration redundant with prose	yes
img-07075	B	rule-residual-conceptual	conceptual/architecture diagram, screenshot or illustration redundant with prose	yes
img-07076	B	rule-residual-conceptual	conceptual/architecture diagram, screenshot or illustration redundant with prose	yes
img-07077	B	rule-residual-conceptual	conceptual/architecture diagram, screenshot or illustration redundant with prose	yes
img-07078	B	rule-residual-conceptual	conceptual/architecture diagram, screenshot or illustration redundant with prose	yes
img-07079	B	rule-residual-conceptual	conceptual/architecture diagram, screenshot or illustration redundant with prose	yes
img-07080	B	rule-residual-conceptual	conceptual/architecture diagram, screenshot or illustration redundant with prose	yes
img-07081	B	rule-cover	cover-page logo, carries no recoverable text	yes
img-07082	B	rule-table-cell	symbol/icon in a table cell, explained by the adjacent cell	yes
img-07083	B	rule-table-cell	symbol/icon in a table cell, explained by the adjacent cell	yes
img-07084	B	rule-table-cell	symbol/icon in a table cell, explained by the adjacent cell	yes
img-07085	B	rule-table-cell	symbol/icon in a table cell, explained by the adjacent cell	yes
img-07086	B	rule-table-cell	symbol/icon in a table cell, explained by the adjacent cell	yes
img-07087	B	rule-table-cell	symbol/icon in a table cell, explained by the adjacent cell	yes
img-07088	B	rule-table-cell	symbol/icon in a table cell, explained by the adjacent cell	yes
img-07089	B	rule-table-cell	symbol/icon in a table cell, explained by the adjacent cell	yes
img-07090	B	rule-table-cell	symbol/icon in a table cell, explained by the adjacent cell	yes
img-07091	B	rule-residual-conceptual	conceptual/architecture diagram, screenshot or illustration redundant with prose	yes
img-07092	B	rule-residual-conceptual	conceptual/architecture diagram, screenshot or illustration redundant with prose	yes
img-07093	B	rule-residual-conceptual	conceptual/architecture diagram, screenshot or illustration redundant with prose	yes
img-07094	B	rule-residual-conceptual	conceptual/architecture diagram, screenshot or illustration redundant with prose	yes
img-07095	B	rule-cover	cover-page logo, carries no recoverable text	yes
img-07096	B	rule-cover	cover-page logo, carries no recoverable text	yes
img-07097	B	rule-table-cell	symbol/icon in a table cell, explained by the adjacent cell	yes
img-07098	B	rule-table-cell	symbol/icon in a table cell, explained by the adjacent cell	yes
img-07099	B	rule-table-cell	symbol/icon in a table cell, explained by the adjacent cell	yes
img-07100	B	rule-table-cell	symbol/icon in a table cell, explained by the adjacent cell	yes
img-07101	B	rule-table-cell	symbol/icon in a table cell, explained by the adjacent cell	yes
img-07102	B	rule-table-cell	symbol/icon in a table cell, explained by the adjacent cell	yes
img-07103	B	rule-table-cell	symbol/icon in a table cell, explained by the adjacent cell	yes
img-07104	B	rule-table-cell	symbol/icon in a table cell, explained by the adjacent cell	yes
img-07105	B	rule-table-cell	symbol/icon in a table cell, explained by the adjacent cell	yes
img-07106	B	rule-cover	cover-page logo, carries no recoverable text	yes
img-07107	B	rule-residual-conceptual	conceptual/architecture diagram, screenshot or illustration redundant with prose	yes
img-07108	B	rule-residual-conceptual	conceptual/architecture diagram, screenshot or illustration redundant with prose	yes
img-07109	B	rule-residual-conceptual	conceptual/architecture diagram, screenshot or illustration redundant with prose	yes
img-07110	B	rule-residual-conceptual	conceptual/architecture diagram, screenshot or illustration redundant with prose	yes
img-07111	B	rule-residual-conceptual	conceptual/architecture diagram, screenshot or illustration redundant with prose	yes
img-07112	B	rule-residual-conceptual	conceptual/architecture diagram, screenshot or illustration redundant with prose	yes
img-07113	B	rule-residual-conceptual	conceptual/architecture diagram, screenshot or illustration redundant with prose	yes
img-07114	B	rule-residual-conceptual	conceptual/architecture diagram, screenshot or illustration redundant with prose	yes
img-07115	B	rule-residual-conceptual	conceptual/architecture diagram, screenshot or illustration redundant with prose	yes
img-07116	B	rule-residual-conceptual	conceptual/architecture diagram, screenshot or illustration redundant with prose	yes
img-07117	B	rule-residual-conceptual	conceptual/architecture diagram, screenshot or illustration redundant with prose	yes
img-07118	B	rule-residual-conceptual	conceptual/architecture diagram, screenshot or illustration redundant with prose	yes
img-07119	B	rule-table-cell	symbol/icon in a table cell, explained by the adjacent cell	yes
img-07120	B	rule-table-cell	symbol/icon in a table cell, explained by the adjacent cell	yes
img-07121	B	rule-residual-conceptual	conceptual/architecture diagram, screenshot or illustration redundant with prose	yes
img-07122	B	rule-residual-conceptual	conceptual/architecture diagram, screenshot or illustration redundant with prose	yes
img-07123	B	rule-residual-conceptual	conceptual/architecture diagram, screenshot or illustration redundant with prose	yes
img-07124	B	rule-residual-conceptual	conceptual/architecture diagram, screenshot or illustration redundant with prose	yes
img-07125	B	rule-residual-conceptual	conceptual/architecture diagram, screenshot or illustration redundant with prose	yes
img-07126	B	rule-residual-conceptual	conceptual/architecture diagram, screenshot or illustration redundant with prose	yes
img-07127	B	rule-residual-conceptual	conceptual/architecture diagram, screenshot or illustration redundant with prose	yes
img-07128	B	rule-residual-conceptual	conceptual/architecture diagram, screenshot or illustration redundant with prose	yes
img-07129	B	rule-residual-conceptual	conceptual/architecture diagram, screenshot or illustration redundant with prose	yes
img-07130	B	rule-residual-conceptual	conceptual/architecture diagram, screenshot or illustration redundant with prose	yes
img-07131	B	rule-residual-conceptual	conceptual/architecture diagram, screenshot or illustration redundant with prose	yes
img-07132	B	rule-residual-conceptual	conceptual/architecture diagram, screenshot or illustration redundant with prose	yes
img-07133	B	rule-residual-conceptual	conceptual/architecture diagram, screenshot or illustration redundant with prose	yes
img-07134	B	rule-residual-conceptual	conceptual/architecture diagram, screenshot or illustration redundant with prose	yes
img-07135	B	rule-residual-conceptual	conceptual/architecture diagram, screenshot or illustration redundant with prose	yes
img-07136	B	rule-residual-conceptual	conceptual/architecture diagram, screenshot or illustration redundant with prose	yes
img-07137	B	rule-residual-conceptual	conceptual/architecture diagram, screenshot or illustration redundant with prose	yes
img-07138	B	rule-residual-conceptual	conceptual/architecture diagram, screenshot or illustration redundant with prose	yes
img-07139	B	rule-residual-conceptual	conceptual/architecture diagram, screenshot or illustration redundant with prose	yes
img-07140	B	rule-residual-conceptual	conceptual/architecture diagram, screenshot or illustration redundant with prose	yes
img-07141	B	rule-residual-conceptual	conceptual/architecture diagram, screenshot or illustration redundant with prose	yes
img-07142	B	rule-residual-conceptual	conceptual/architecture diagram, screenshot or illustration redundant with prose	yes
img-07143	B	rule-residual-conceptual	conceptual/architecture diagram, screenshot or illustration redundant with prose	yes
img-07144	B	rule-residual-conceptual	conceptual/architecture diagram, screenshot or illustration redundant with prose	yes
img-07145	B	rule-residual-conceptual	conceptual/architecture diagram, screenshot or illustration redundant with prose	yes
img-07146	B	rule-residual-conceptual	conceptual/architecture diagram, screenshot or illustration redundant with prose	yes
img-07147	B	rule-residual-conceptual	conceptual/architecture diagram, screenshot or illustration redundant with prose	yes
img-07148	B	rule-residual-conceptual	conceptual/architecture diagram, screenshot or illustration redundant with prose	yes
img-07149	B	rule-residual-conceptual	conceptual/architecture diagram, screenshot or illustration redundant with prose	yes
img-07150	B	rule-residual-conceptual	conceptual/architecture diagram, screenshot or illustration redundant with prose	yes
img-07151	B	rule-residual-conceptual	conceptual/architecture diagram, screenshot or illustration redundant with prose	yes
img-07152	B	rule-residual-conceptual	conceptual/architecture diagram, screenshot or illustration redundant with prose	yes
img-07153	B	rule-residual-conceptual	conceptual/architecture diagram, screenshot or illustration redundant with prose	yes
img-07154	B	rule-residual-conceptual	conceptual/architecture diagram, screenshot or illustration redundant with prose	yes
img-07155	B	rule-residual-conceptual	conceptual/architecture diagram, screenshot or illustration redundant with prose	yes
img-07156	B	rule-residual-conceptual	conceptual/architecture diagram, screenshot or illustration redundant with prose	yes
img-07157	B	rule-residual-conceptual	conceptual/architecture diagram, screenshot or illustration redundant with prose	yes
img-07158	B	rule-residual-conceptual	conceptual/architecture diagram, screenshot or illustration redundant with prose	yes
img-07159	B	rule-residual-conceptual	conceptual/architecture diagram, screenshot or illustration redundant with prose	yes
img-07160	B	rule-cover	cover-page logo, carries no recoverable text	yes
img-07161	B	rule-residual-conceptual	conceptual/architecture diagram, screenshot or illustration redundant with prose	yes
img-07162	B	rule-residual-conceptual	conceptual/architecture diagram, screenshot or illustration redundant with prose	yes
img-07163	E	vision	state-transition diagram: aheartbeat Ready/Run/Error states	yes
img-07164	B	rule-residual-conceptual	conceptual/architecture diagram, screenshot or illustration redundant with prose	yes
img-07165	B	rule-residual-conceptual	conceptual/architecture diagram, screenshot or illustration redundant with prose	yes
img-07166	B	rule-cover	cover-page logo, carries no recoverable text	yes
img-07167	B	rule-table-cell	symbol/icon in a table cell, explained by the adjacent cell	yes
img-07168	B	rule-table-cell	symbol/icon in a table cell, explained by the adjacent cell	yes
img-07169	B	rule-table-cell	symbol/icon in a table cell, explained by the adjacent cell	yes
img-07170	B	rule-table-cell	symbol/icon in a table cell, explained by the adjacent cell	yes
img-07171	B	rule-table-cell	symbol/icon in a table cell, explained by the adjacent cell	yes
img-07172	B	rule-table-cell	symbol/icon in a table cell, explained by the adjacent cell	yes
img-07173	B	rule-table-cell	symbol/icon in a table cell, explained by the adjacent cell	yes
img-07174	B	rule-table-cell	symbol/icon in a table cell, explained by the adjacent cell	yes
img-07175	B	rule-table-cell	symbol/icon in a table cell, explained by the adjacent cell	yes
img-07176	B	rule-residual-conceptual	conceptual/architecture diagram, screenshot or illustration redundant with prose	yes
img-07177	B	rule-residual-conceptual	conceptual/architecture diagram, screenshot or illustration redundant with prose	yes
img-07178	B	rule-residual-conceptual	conceptual/architecture diagram, screenshot or illustration redundant with prose	yes
img-07179	B	rule-residual-conceptual	conceptual/architecture diagram, screenshot or illustration redundant with prose	yes
img-07180	B	rule-residual-conceptual	conceptual/architecture diagram, screenshot or illustration redundant with prose	yes
img-07181	B	rule-residual-conceptual	conceptual/architecture diagram, screenshot or illustration redundant with prose	yes
img-07182	B	rule-residual-conceptual	conceptual/architecture diagram, screenshot or illustration redundant with prose	yes
img-07183	B	rule-cover	cover-page logo, carries no recoverable text	yes
img-07184	B	rule-residual-conceptual	conceptual/architecture diagram, screenshot or illustration redundant with prose	yes
img-07185	B	rule-residual-conceptual	conceptual/architecture diagram, screenshot or illustration redundant with prose	yes
img-07186	B	rule-residual-conceptual	conceptual/architecture diagram, screenshot or illustration redundant with prose	yes
img-07187	B	rule-residual-conceptual	conceptual/architecture diagram, screenshot or illustration redundant with prose	yes
img-07188	B	rule-cover	cover-page logo, carries no recoverable text	yes
img-07189	B	rule-table-cell	symbol/icon in a table cell, explained by the adjacent cell	yes
img-07190	B	rule-table-cell	symbol/icon in a table cell, explained by the adjacent cell	yes
img-07191	B	rule-table-cell	symbol/icon in a table cell, explained by the adjacent cell	yes
img-07192	B	rule-table-cell	symbol/icon in a table cell, explained by the adjacent cell	yes
img-07193	B	rule-table-cell	symbol/icon in a table cell, explained by the adjacent cell	yes
img-07194	B	rule-table-cell	symbol/icon in a table cell, explained by the adjacent cell	yes
img-07195	B	rule-table-cell	symbol/icon in a table cell, explained by the adjacent cell	yes
img-07196	B	rule-table-cell	symbol/icon in a table cell, explained by the adjacent cell	yes
img-07197	B	rule-table-cell	symbol/icon in a table cell, explained by the adjacent cell	yes
img-07198	B	rule-cover	cover-page logo, carries no recoverable text	yes
img-07199	B	rule-table-cell	symbol/icon in a table cell, explained by the adjacent cell	yes
img-07200	B	rule-table-cell	symbol/icon in a table cell, explained by the adjacent cell	yes
img-07201	B	rule-table-cell	symbol/icon in a table cell, explained by the adjacent cell	yes
img-07202	B	rule-table-cell	symbol/icon in a table cell, explained by the adjacent cell	yes
img-07203	B	rule-table-cell	symbol/icon in a table cell, explained by the adjacent cell	yes
img-07204	B	rule-table-cell	symbol/icon in a table cell, explained by the adjacent cell	yes
img-07205	B	rule-table-cell	symbol/icon in a table cell, explained by the adjacent cell	yes
img-07206	B	rule-table-cell	symbol/icon in a table cell, explained by the adjacent cell	yes
img-07207	B	rule-table-cell	symbol/icon in a table cell, explained by the adjacent cell	yes
img-07208	B	rule-cover	cover-page logo, carries no recoverable text	yes
img-07209	B	rule-residual-conceptual	conceptual/architecture diagram, screenshot or illustration redundant with prose	yes
img-07210	B	rule-residual-conceptual	conceptual/architecture diagram, screenshot or illustration redundant with prose	yes
img-07211	B	rule-residual-conceptual	conceptual/architecture diagram, screenshot or illustration redundant with prose	yes
img-07212	B	rule-residual-conceptual	conceptual/architecture diagram, screenshot or illustration redundant with prose	yes
img-07213	B	rule-residual-conceptual	conceptual/architecture diagram, screenshot or illustration redundant with prose	yes
img-07214	B	rule-residual-conceptual	conceptual/architecture diagram, screenshot or illustration redundant with prose	yes
img-07215	B	rule-residual-conceptual	conceptual/architecture diagram, screenshot or illustration redundant with prose	yes
img-07216	B	rule-residual-conceptual	conceptual/architecture diagram, screenshot or illustration redundant with prose	yes
img-07217	B	rule-residual-conceptual	conceptual/architecture diagram, screenshot or illustration redundant with prose	yes
img-07218	B	rule-residual-conceptual	conceptual/architecture diagram, screenshot or illustration redundant with prose	yes
img-07219	B	rule-residual-conceptual	conceptual/architecture diagram, screenshot or illustration redundant with prose	yes
img-07220	B	rule-residual-conceptual	conceptual/architecture diagram, screenshot or illustration redundant with prose	yes
img-07221	B	rule-table-cell	symbol/icon in a table cell, explained by the adjacent cell	yes
img-07222	B	rule-table-cell	symbol/icon in a table cell, explained by the adjacent cell	yes
img-07223	B	rule-residual-conceptual	conceptual/architecture diagram, screenshot or illustration redundant with prose	yes
img-07224	B	rule-residual-conceptual	conceptual/architecture diagram, screenshot or illustration redundant with prose	yes
img-07225	B	rule-residual-conceptual	conceptual/architecture diagram, screenshot or illustration redundant with prose	yes
img-07226	B	rule-residual-conceptual	conceptual/architecture diagram, screenshot or illustration redundant with prose	yes
img-07227	B	rule-residual-conceptual	conceptual/architecture diagram, screenshot or illustration redundant with prose	yes
img-07228	B	rule-residual-conceptual	conceptual/architecture diagram, screenshot or illustration redundant with prose	yes
img-07229	B	rule-residual-conceptual	conceptual/architecture diagram, screenshot or illustration redundant with prose	yes
img-07230	B	rule-residual-conceptual	conceptual/architecture diagram, screenshot or illustration redundant with prose	yes
img-07231	B	rule-residual-conceptual	conceptual/architecture diagram, screenshot or illustration redundant with prose	yes
img-07232	B	rule-residual-conceptual	conceptual/architecture diagram, screenshot or illustration redundant with prose	yes
img-07233	B	rule-residual-conceptual	conceptual/architecture diagram, screenshot or illustration redundant with prose	yes
img-07234	B	rule-residual-conceptual	conceptual/architecture diagram, screenshot or illustration redundant with prose	yes
img-07235	B	rule-residual-conceptual	conceptual/architecture diagram, screenshot or illustration redundant with prose	yes
img-07236	B	rule-residual-conceptual	conceptual/architecture diagram, screenshot or illustration redundant with prose	yes
img-07237	B	rule-residual-conceptual	conceptual/architecture diagram, screenshot or illustration redundant with prose	yes
img-07238	B	rule-residual-conceptual	conceptual/architecture diagram, screenshot or illustration redundant with prose	yes
img-07239	B	rule-residual-conceptual	conceptual/architecture diagram, screenshot or illustration redundant with prose	yes
img-07240	B	rule-residual-conceptual	conceptual/architecture diagram, screenshot or illustration redundant with prose	yes
img-07241	B	rule-residual-conceptual	conceptual/architecture diagram, screenshot or illustration redundant with prose	yes
img-07242	B	rule-residual-conceptual	conceptual/architecture diagram, screenshot or illustration redundant with prose	yes
img-07243	B	rule-residual-conceptual	conceptual/architecture diagram, screenshot or illustration redundant with prose	yes
img-07244	B	rule-residual-conceptual	conceptual/architecture diagram, screenshot or illustration redundant with prose	yes
img-07245	B	rule-residual-conceptual	conceptual/architecture diagram, screenshot or illustration redundant with prose	yes
img-07246	B	rule-residual-conceptual	conceptual/architecture diagram, screenshot or illustration redundant with prose	yes
img-07247	B	rule-residual-conceptual	conceptual/architecture diagram, screenshot or illustration redundant with prose	yes
img-07248	B	rule-residual-conceptual	conceptual/architecture diagram, screenshot or illustration redundant with prose	yes
img-07249	B	rule-residual-conceptual	conceptual/architecture diagram, screenshot or illustration redundant with prose	yes
img-07250	B	rule-residual-conceptual	conceptual/architecture diagram, screenshot or illustration redundant with prose	yes
img-07251	B	rule-residual-conceptual	conceptual/architecture diagram, screenshot or illustration redundant with prose	yes
img-07252	B	rule-residual-conceptual	conceptual/architecture diagram, screenshot or illustration redundant with prose	yes
img-07253	B	rule-residual-conceptual	conceptual/architecture diagram, screenshot or illustration redundant with prose	yes
img-07254	B	rule-residual-conceptual	conceptual/architecture diagram, screenshot or illustration redundant with prose	yes
img-07255	B	rule-residual-conceptual	conceptual/architecture diagram, screenshot or illustration redundant with prose	yes
img-07256	B	rule-residual-conceptual	conceptual/architecture diagram, screenshot or illustration redundant with prose	yes
img-07257	B	rule-residual-conceptual	conceptual/architecture diagram, screenshot or illustration redundant with prose	yes
img-07258	B	rule-residual-conceptual	conceptual/architecture diagram, screenshot or illustration redundant with prose	yes
img-07259	B	rule-residual-conceptual	conceptual/architecture diagram, screenshot or illustration redundant with prose	yes
img-07260	B	rule-residual-conceptual	conceptual/architecture diagram, screenshot or illustration redundant with prose	yes
img-07261	B	rule-residual-conceptual	conceptual/architecture diagram, screenshot or illustration redundant with prose	yes
img-07262	B	rule-cover	cover-page logo, carries no recoverable text	yes
img-07263	B	rule-residual-conceptual	conceptual/architecture diagram, screenshot or illustration redundant with prose	yes
img-07264	B	rule-residual-conceptual	conceptual/architecture diagram, screenshot or illustration redundant with prose	yes
img-07265	E	vision	state-transition diagram: aheartbeat Ready/Run/Error states	yes
img-07266	B	rule-residual-conceptual	conceptual/architecture diagram, screenshot or illustration redundant with prose	yes
img-07267	B	rule-residual-conceptual	conceptual/architecture diagram, screenshot or illustration redundant with prose	yes
img-07268	B	rule-cover	cover-page logo, carries no recoverable text	yes
img-07269	B	rule-table-cell	symbol/icon in a table cell, explained by the adjacent cell	yes
img-07270	B	rule-table-cell	symbol/icon in a table cell, explained by the adjacent cell	yes
img-07271	B	rule-table-cell	symbol/icon in a table cell, explained by the adjacent cell	yes
img-07272	B	rule-table-cell	symbol/icon in a table cell, explained by the adjacent cell	yes
img-07273	B	rule-table-cell	symbol/icon in a table cell, explained by the adjacent cell	yes
img-07274	B	rule-table-cell	symbol/icon in a table cell, explained by the adjacent cell	yes
img-07275	B	rule-table-cell	symbol/icon in a table cell, explained by the adjacent cell	yes
img-07276	B	rule-table-cell	symbol/icon in a table cell, explained by the adjacent cell	yes
img-07277	B	rule-table-cell	symbol/icon in a table cell, explained by the adjacent cell	yes
img-07278	B	rule-residual-conceptual	conceptual/architecture diagram, screenshot or illustration redundant with prose	yes
img-07279	B	rule-residual-conceptual	conceptual/architecture diagram, screenshot or illustration redundant with prose	yes
img-07280	B	rule-residual-conceptual	conceptual/architecture diagram, screenshot or illustration redundant with prose	yes
img-07281	B	rule-residual-conceptual	conceptual/architecture diagram, screenshot or illustration redundant with prose	yes
img-07282	B	rule-residual-conceptual	conceptual/architecture diagram, screenshot or illustration redundant with prose	yes
img-07283	B	rule-residual-conceptual	conceptual/architecture diagram, screenshot or illustration redundant with prose	yes
img-07284	B	rule-residual-conceptual	conceptual/architecture diagram, screenshot or illustration redundant with prose	yes
img-07285	B	rule-cover	cover-page logo, carries no recoverable text	yes
img-07286	B	rule-table-cell	symbol/icon in a table cell, explained by the adjacent cell	yes
img-07287	B	rule-table-cell	symbol/icon in a table cell, explained by the adjacent cell	yes
img-07288	B	rule-table-cell	symbol/icon in a table cell, explained by the adjacent cell	yes
img-07289	B	rule-table-cell	symbol/icon in a table cell, explained by the adjacent cell	yes
img-07290	B	rule-table-cell	symbol/icon in a table cell, explained by the adjacent cell	yes
img-07291	B	rule-table-cell	symbol/icon in a table cell, explained by the adjacent cell	yes
img-07292	B	rule-table-cell	symbol/icon in a table cell, explained by the adjacent cell	yes
img-07293	B	rule-table-cell	symbol/icon in a table cell, explained by the adjacent cell	yes
img-07294	B	rule-table-cell	symbol/icon in a table cell, explained by the adjacent cell	yes
img-07295	B	rule-residual-conceptual	conceptual/architecture diagram, screenshot or illustration redundant with prose	yes
img-07296	B	rule-residual-conceptual	conceptual/architecture diagram, screenshot or illustration redundant with prose	yes
img-07297	B	rule-residual-conceptual	conceptual/architecture diagram, screenshot or illustration redundant with prose	yes
img-07298	B	rule-residual-conceptual	conceptual/architecture diagram, screenshot or illustration redundant with prose	yes
img-07299	B	rule-cover	cover-page logo, carries no recoverable text	yes
img-07300	B	rule-cover	cover-page logo, carries no recoverable text	yes
img-07301	B	rule-table-cell	symbol/icon in a table cell, explained by the adjacent cell	yes
img-07302	B	rule-table-cell	symbol/icon in a table cell, explained by the adjacent cell	yes
img-07303	B	rule-table-cell	symbol/icon in a table cell, explained by the adjacent cell	yes
img-07304	B	rule-table-cell	symbol/icon in a table cell, explained by the adjacent cell	yes
img-07305	B	rule-table-cell	symbol/icon in a table cell, explained by the adjacent cell	yes
img-07306	B	rule-table-cell	symbol/icon in a table cell, explained by the adjacent cell	yes
img-07307	B	rule-table-cell	symbol/icon in a table cell, explained by the adjacent cell	yes
img-07308	B	rule-table-cell	symbol/icon in a table cell, explained by the adjacent cell	yes
img-07309	B	rule-table-cell	symbol/icon in a table cell, explained by the adjacent cell	yes
img-07310	B	rule-cover	cover-page logo, carries no recoverable text	yes
img-07311	B	rule-residual-conceptual	conceptual/architecture diagram, screenshot or illustration redundant with prose	yes
img-07312	B	rule-residual-conceptual	conceptual/architecture diagram, screenshot or illustration redundant with prose	yes
img-07313	B	rule-residual-conceptual	conceptual/architecture diagram, screenshot or illustration redundant with prose	yes
img-07314	B	rule-residual-conceptual	conceptual/architecture diagram, screenshot or illustration redundant with prose	yes
img-07315	B	rule-residual-conceptual	conceptual/architecture diagram, screenshot or illustration redundant with prose	yes
img-07316	B	rule-residual-conceptual	conceptual/architecture diagram, screenshot or illustration redundant with prose	yes
img-07317	B	rule-residual-conceptual	conceptual/architecture diagram, screenshot or illustration redundant with prose	yes
img-07318	B	rule-residual-conceptual	conceptual/architecture diagram, screenshot or illustration redundant with prose	yes
img-07319	B	rule-residual-conceptual	conceptual/architecture diagram, screenshot or illustration redundant with prose	yes
img-07320	B	rule-residual-conceptual	conceptual/architecture diagram, screenshot or illustration redundant with prose	yes
img-07321	B	rule-residual-conceptual	conceptual/architecture diagram, screenshot or illustration redundant with prose	yes
img-07322	B	rule-residual-conceptual	conceptual/architecture diagram, screenshot or illustration redundant with prose	yes
img-07323	B	rule-table-cell	symbol/icon in a table cell, explained by the adjacent cell	yes
img-07324	B	rule-table-cell	symbol/icon in a table cell, explained by the adjacent cell	yes
img-07325	B	rule-residual-conceptual	conceptual/architecture diagram, screenshot or illustration redundant with prose	yes
img-07326	B	rule-residual-conceptual	conceptual/architecture diagram, screenshot or illustration redundant with prose	yes
img-07327	B	rule-residual-conceptual	conceptual/architecture diagram, screenshot or illustration redundant with prose	yes
img-07328	B	rule-residual-conceptual	conceptual/architecture diagram, screenshot or illustration redundant with prose	yes
img-07329	B	rule-residual-conceptual	conceptual/architecture diagram, screenshot or illustration redundant with prose	yes
img-07330	B	rule-residual-conceptual	conceptual/architecture diagram, screenshot or illustration redundant with prose	yes
img-07331	B	rule-residual-conceptual	conceptual/architecture diagram, screenshot or illustration redundant with prose	yes
img-07332	B	rule-residual-conceptual	conceptual/architecture diagram, screenshot or illustration redundant with prose	yes
img-07333	B	rule-residual-conceptual	conceptual/architecture diagram, screenshot or illustration redundant with prose	yes
img-07334	B	rule-residual-conceptual	conceptual/architecture diagram, screenshot or illustration redundant with prose	yes
img-07335	B	rule-residual-conceptual	conceptual/architecture diagram, screenshot or illustration redundant with prose	yes
img-07336	B	rule-residual-conceptual	conceptual/architecture diagram, screenshot or illustration redundant with prose	yes
img-07337	B	rule-residual-conceptual	conceptual/architecture diagram, screenshot or illustration redundant with prose	yes
img-07338	B	rule-residual-conceptual	conceptual/architecture diagram, screenshot or illustration redundant with prose	yes
img-07339	B	rule-residual-conceptual	conceptual/architecture diagram, screenshot or illustration redundant with prose	yes
img-07340	B	rule-residual-conceptual	conceptual/architecture diagram, screenshot or illustration redundant with prose	yes
img-07341	B	rule-residual-conceptual	conceptual/architecture diagram, screenshot or illustration redundant with prose	yes
img-07342	B	rule-residual-conceptual	conceptual/architecture diagram, screenshot or illustration redundant with prose	yes
img-07343	B	rule-residual-conceptual	conceptual/architecture diagram, screenshot or illustration redundant with prose	yes
img-07344	B	rule-residual-conceptual	conceptual/architecture diagram, screenshot or illustration redundant with prose	yes
img-07345	B	rule-residual-conceptual	conceptual/architecture diagram, screenshot or illustration redundant with prose	yes
img-07346	B	rule-residual-conceptual	conceptual/architecture diagram, screenshot or illustration redundant with prose	yes
img-07347	B	rule-residual-conceptual	conceptual/architecture diagram, screenshot or illustration redundant with prose	yes
img-07348	B	rule-residual-conceptual	conceptual/architecture diagram, screenshot or illustration redundant with prose	yes
img-07349	B	rule-residual-conceptual	conceptual/architecture diagram, screenshot or illustration redundant with prose	yes
img-07350	B	rule-residual-conceptual	conceptual/architecture diagram, screenshot or illustration redundant with prose	yes
img-07351	B	rule-residual-conceptual	conceptual/architecture diagram, screenshot or illustration redundant with prose	yes
img-07352	B	rule-residual-conceptual	conceptual/architecture diagram, screenshot or illustration redundant with prose	yes
img-07353	B	rule-residual-conceptual	conceptual/architecture diagram, screenshot or illustration redundant with prose	yes
img-07354	B	rule-residual-conceptual	conceptual/architecture diagram, screenshot or illustration redundant with prose	yes
img-07355	B	rule-residual-conceptual	conceptual/architecture diagram, screenshot or illustration redundant with prose	yes
img-07356	B	rule-residual-conceptual	conceptual/architecture diagram, screenshot or illustration redundant with prose	yes
img-07357	B	rule-residual-conceptual	conceptual/architecture diagram, screenshot or illustration redundant with prose	yes
img-07358	B	rule-residual-conceptual	conceptual/architecture diagram, screenshot or illustration redundant with prose	yes
img-07359	B	rule-residual-conceptual	conceptual/architecture diagram, screenshot or illustration redundant with prose	yes
img-07360	B	rule-residual-conceptual	conceptual/architecture diagram, screenshot or illustration redundant with prose	yes
img-07361	B	rule-residual-conceptual	conceptual/architecture diagram, screenshot or illustration redundant with prose	yes
img-07362	B	rule-residual-conceptual	conceptual/architecture diagram, screenshot or illustration redundant with prose	yes
img-07363	B	rule-residual-conceptual	conceptual/architecture diagram, screenshot or illustration redundant with prose	yes
img-07364	B	rule-cover	cover-page logo, carries no recoverable text	yes
img-07365	B	rule-residual-conceptual	conceptual/architecture diagram, screenshot or illustration redundant with prose	yes
img-07366	B	rule-residual-conceptual	conceptual/architecture diagram, screenshot or illustration redundant with prose	yes
img-07367	E	vision	state-transition diagram: aheartbeat Ready/Run/Error states	yes
img-07368	B	rule-residual-conceptual	conceptual/architecture diagram, screenshot or illustration redundant with prose	yes
img-07369	B	rule-residual-conceptual	conceptual/architecture diagram, screenshot or illustration redundant with prose	yes
img-07370	B	rule-cover	cover-page logo, carries no recoverable text	yes
img-07371	B	rule-table-cell	symbol/icon in a table cell, explained by the adjacent cell	yes
img-07372	B	rule-table-cell	symbol/icon in a table cell, explained by the adjacent cell	yes
img-07373	B	rule-table-cell	symbol/icon in a table cell, explained by the adjacent cell	yes
img-07374	B	rule-table-cell	symbol/icon in a table cell, explained by the adjacent cell	yes
img-07375	B	rule-table-cell	symbol/icon in a table cell, explained by the adjacent cell	yes
img-07376	B	rule-table-cell	symbol/icon in a table cell, explained by the adjacent cell	yes
img-07377	B	rule-table-cell	symbol/icon in a table cell, explained by the adjacent cell	yes
img-07378	B	rule-table-cell	symbol/icon in a table cell, explained by the adjacent cell	yes
img-07379	B	rule-table-cell	symbol/icon in a table cell, explained by the adjacent cell	yes
img-07380	B	rule-residual-conceptual	conceptual/architecture diagram, screenshot or illustration redundant with prose	yes
img-07381	B	rule-residual-conceptual	conceptual/architecture diagram, screenshot or illustration redundant with prose	yes
img-07382	B	rule-residual-conceptual	conceptual/architecture diagram, screenshot or illustration redundant with prose	yes
img-07383	B	rule-residual-conceptual	conceptual/architecture diagram, screenshot or illustration redundant with prose	yes
img-07384	B	rule-residual-conceptual	conceptual/architecture diagram, screenshot or illustration redundant with prose	yes
img-07385	B	rule-residual-conceptual	conceptual/architecture diagram, screenshot or illustration redundant with prose	yes
img-07386	B	rule-residual-conceptual	conceptual/architecture diagram, screenshot or illustration redundant with prose	yes
img-07387	B	rule-cover	cover-page logo, carries no recoverable text	yes
img-07388	B	rule-residual-conceptual	conceptual/architecture diagram, screenshot or illustration redundant with prose	yes
img-07389	B	rule-residual-conceptual	conceptual/architecture diagram, screenshot or illustration redundant with prose	yes
img-07390	B	rule-residual-conceptual	conceptual/architecture diagram, screenshot or illustration redundant with prose	yes
img-07391	B	rule-residual-conceptual	conceptual/architecture diagram, screenshot or illustration redundant with prose	yes
img-07392	B	rule-cover	cover-page logo, carries no recoverable text	yes
img-07393	B	rule-table-cell	symbol/icon in a table cell, explained by the adjacent cell	yes
img-07394	B	rule-table-cell	symbol/icon in a table cell, explained by the adjacent cell	yes
img-07395	B	rule-table-cell	symbol/icon in a table cell, explained by the adjacent cell	yes
img-07396	B	rule-table-cell	symbol/icon in a table cell, explained by the adjacent cell	yes
img-07397	B	rule-table-cell	symbol/icon in a table cell, explained by the adjacent cell	yes
img-07398	B	rule-table-cell	symbol/icon in a table cell, explained by the adjacent cell	yes
img-07399	B	rule-table-cell	symbol/icon in a table cell, explained by the adjacent cell	yes
img-07400	B	rule-table-cell	symbol/icon in a table cell, explained by the adjacent cell	yes
img-07401	B	rule-table-cell	symbol/icon in a table cell, explained by the adjacent cell	yes
img-07402	B	rule-cover	cover-page logo, carries no recoverable text	yes
img-07403	B	rule-table-cell	symbol/icon in a table cell, explained by the adjacent cell	yes
img-07404	B	rule-table-cell	symbol/icon in a table cell, explained by the adjacent cell	yes
img-07405	B	rule-table-cell	symbol/icon in a table cell, explained by the adjacent cell	yes
img-07406	B	rule-table-cell	symbol/icon in a table cell, explained by the adjacent cell	yes
img-07407	B	rule-table-cell	symbol/icon in a table cell, explained by the adjacent cell	yes
img-07408	B	rule-table-cell	symbol/icon in a table cell, explained by the adjacent cell	yes
img-07409	B	rule-table-cell	symbol/icon in a table cell, explained by the adjacent cell	yes
img-07410	B	rule-table-cell	symbol/icon in a table cell, explained by the adjacent cell	yes
img-07411	B	rule-table-cell	symbol/icon in a table cell, explained by the adjacent cell	yes
