ref_id	class	verdict	detail
img-00088	E	match	Index-partitioning decision tree: all 4 decision diamonds, 5 outcome nodes, YES/No branch directions match source raster.
img-01213	E	match	Index-partitioning decision tree: all 4 decision diamonds, 5 outcome nodes, YES/No branch directions match source raster.
img-02405	E	match	Index-partitioning decision tree: all 4 decision diamonds, 5 outcome nodes, YES/No branch directions match source raster.
img-03588	E	match	Index-partitioning decision tree: all 4 decision diamonds, 5 outcome nodes, YES/No branch directions match source raster.
img-04735	E	match	Index-partitioning decision tree: all 4 decision diamonds, 5 outcome nodes, YES/No branch directions match source raster.
img-05919	E	match	Index-partitioning decision tree: all 4 decision diamonds, 5 outcome nodes, YES/No branch directions match source raster.
img-00358	E	match	Query-processing steps: Client(Prepare/Bind/Execute/Fetch) and Server pipeline (Parsing-Validation-Optimization-Binding-Execution-Database) with all 4 cross edges match raster.
img-01493	E	match	Query-processing steps: Client(Prepare/Bind/Execute/Fetch) and Server pipeline (Parsing-Validation-Optimization-Binding-Execution-Database) with all 4 cross edges match raster.
img-02674	E	match	Query-processing steps: Client(Prepare/Bind/Execute/Fetch) and Server pipeline (Parsing-Validation-Optimization-Binding-Execution-Database) with all 4 cross edges match raster.
img-03867	E	match	Query-processing steps: Client(Prepare/Bind/Execute/Fetch) and Server pipeline (Parsing-Validation-Optimization-Binding-Execution-Database) with all 4 cross edges match raster.
img-05004	E	match	Query-processing steps: Client(Prepare/Bind/Execute/Fetch) and Server pipeline (Parsing-Validation-Optimization-Binding-Execution-Database) with all 4 cross edges match raster.
img-06200	E	match	Query-processing steps: Client(Prepare/Bind/Execute/Fetch) and Server pipeline (Parsing-Validation-Optimization-Binding-Execution-Database) with all 4 cross edges match raster.
img-00359	E	match	Optimizer structure: ParseTree->QueryRewriter->LogicalPlanGenerator->PhysicalPlanGenerator->ExecutionPlan plus statistics input and edge labels match raster.
img-01494	E	match	Optimizer structure: ParseTree->QueryRewriter->LogicalPlanGenerator->PhysicalPlanGenerator->ExecutionPlan plus statistics input and edge labels match raster.
img-02675	E	match	Optimizer structure: ParseTree->QueryRewriter->LogicalPlanGenerator->PhysicalPlanGenerator->ExecutionPlan plus statistics input and edge labels match raster.
img-03868	E	match	Optimizer structure: ParseTree->QueryRewriter->LogicalPlanGenerator->PhysicalPlanGenerator->ExecutionPlan plus statistics input and edge labels match raster.
img-05005	E	match	Optimizer structure: ParseTree->QueryRewriter->LogicalPlanGenerator->PhysicalPlanGenerator->ExecutionPlan plus statistics input and edge labels match raster.
img-06201	E	match	Optimizer structure: ParseTree->QueryRewriter->LogicalPlanGenerator->PhysicalPlanGenerator->ExecutionPlan plus statistics input and edge labels match raster.
img-00360	E	match	data-type conversion-path graph: re-audited against data_type_conversion_path_kor.gif. Both edges REAL --<0+0+0>--> DOUBLE (lossless widening) and DOUBLE --<0+E+L>--> REAL (lossy narrowing) present with correct direction and labels. Supersedes a prior false-positive material finding that claimed a reversed/duplicated REAL-->DOUBLE edge.
img-01495	E	match	data-type conversion-path graph: re-audited against data_type_conversion_path_kor.gif. Both edges REAL --<0+0+0>--> DOUBLE (lossless widening) and DOUBLE --<0+E+L>--> REAL (lossy narrowing) present with correct direction and labels. Supersedes a prior false-positive material finding that claimed a reversed/duplicated REAL-->DOUBLE edge.
img-02676	E	match	data-type conversion-path graph: re-audited against data_type_conversion_path_kor.gif. Both edges REAL --<0+0+0>--> DOUBLE (lossless widening) and DOUBLE --<0+E+L>--> REAL (lossy narrowing) present with correct direction and labels. Supersedes a prior false-positive material finding that claimed a reversed/duplicated REAL-->DOUBLE edge.
img-03869	E	match	data-type conversion-path graph: re-audited against data_type_conversion_path_kor.gif. Both edges REAL --<0+0+0>--> DOUBLE (lossless widening) and DOUBLE --<0+E+L>--> REAL (lossy narrowing) present with correct direction and labels. Supersedes a prior false-positive material finding that claimed a reversed/duplicated REAL-->DOUBLE edge.
img-05006	E	match	data-type conversion-path graph: re-audited against data_type_conversion_path_kor.gif. Both edges REAL --<0+0+0>--> DOUBLE (lossless widening) and DOUBLE --<0+E+L>--> REAL (lossy narrowing) present with correct direction and labels. Supersedes a prior false-positive material finding that claimed a reversed/duplicated REAL-->DOUBLE edge.
img-06202	E	match	data-type conversion-path graph: re-audited against data_type_conversion_path_kor.gif. Both edges REAL --<0+0+0>--> DOUBLE (lossless widening) and DOUBLE --<0+E+L>--> REAL (lossy narrowing) present with correct direction and labels. Supersedes a prior false-positive material finding that claimed a reversed/duplicated REAL-->DOUBLE edge.
img-07061	E	match	Heartbeat state transition: Ready/Run/Error nodes with 4 labelled transitions (1)(2)(3)(4) and directions match raster.
img-07163	E	match	Heartbeat state transition: Ready/Run/Error nodes with 4 labelled transitions (1)(2)(3)(4) and directions match raster.
img-07265	E	match	Heartbeat state transition: Ready/Run/Error nodes with 4 labelled transitions (1)(2)(3)(4) and directions match raster.
img-07367	E	match	Heartbeat state transition: Ready/Run/Error nodes with 4 labelled transitions (1)(2)(3)(4) and directions match raster.
img-00124	E	match	Admin troubleshooting flow: 4 sequential boxes (Check log->Judge problem type->Collect information->Analyze cause) match raster.
img-02441	E	match	Admin troubleshooting flow: 4 sequential boxes (Check log->Judge problem type->Collect information->Analyze cause) match raster.
img-04771	E	match	Admin troubleshooting flow: 4 sequential boxes (Check log->Judge problem type->Collect information->Analyze cause) match raster.
img-00332	E	match	Log Analyzer basic use: STEP1->2->3a->3b->3c->3d with Repeat loop 3d->3b and 3d->4->5; all per-step API call lists match raster (image '&' rendered as 'and' in step 3c - cosmetic).
img-02649	E	match	Log Analyzer basic use: STEP1->2->3a->3b->3c->3d with Repeat loop 3d->3b and 3d->4->5; all per-step API call lists match raster (image '&' rendered as 'and' in step 3c - cosmetic).
img-04979	E	match	Log Analyzer basic use: STEP1->2->3a->3b->3c->3d with Repeat loop 3d->3b and 3d->4->5; all per-step API call lists match raster (image '&' rendered as 'and' in step 3c - cosmetic).
img-00460	E	match	Replication failover (normal vs abnormal connection): all nodes, the failover branch from INSERT, Connect-to-DB-B, Check-sync, and both Retry edges match raster.
img-02776	E	match	Replication failover (normal vs abnormal connection): all nodes, the failover branch from INSERT, Connect-to-DB-B, Check-sync, and both Retry edges match raster.
img-05106	E	match	Replication failover (normal vs abnormal connection): all nodes, the failover branch from INSERT, Connect-to-DB-B, Check-sync, and both Retry edges match raster.
img-00461	E	match	Replication failover callback sequence across Application/User-Library/callback lanes: all nodes and FO_BEGIN/FO_GO/FO_END/FO_SUCCESS edges match raster.
img-02777	E	match	Replication failover callback sequence across Application/User-Library/callback lanes: all nodes and FO_BEGIN/FO_GO/FO_END/FO_SUCCESS edges match raster.
img-05107	E	match	Replication failover callback sequence across Application/User-Library/callback lanes: all nodes and FO_BEGIN/FO_GO/FO_END/FO_SUCCESS edges match raster.
img-01250	E	match	Korean Admin troubleshooting flow: 4 sequential boxes match raster.
img-03625	E	match	Korean Admin troubleshooting flow: 4 sequential boxes match raster.
img-05956	E	match	Korean Admin troubleshooting flow: 4 sequential boxes match raster.
img-01476	E	match	Korean Log Analyzer basic use: STEP1..5 with Repeat loop and API call lists match raster (image '&' rendered as 'and' in step 3c - cosmetic).
img-03851	E	match	Korean Log Analyzer basic use: STEP1..5 with Repeat loop and API call lists match raster (image '&' rendered as 'and' in step 3c - cosmetic).
img-06184	E	match	Korean Log Analyzer basic use: STEP1..5 with Repeat loop and API call lists match raster (image '&' rendered as 'and' in step 3c - cosmetic).
img-01597	E	match	Korean Replication failover (정상/장애 상황): all nodes, failover branch and 직접재수행/리턴 retry edges match raster.
img-03971	E	match	Korean Replication failover (정상/장애 상황): all nodes, failover branch and 직접재수행/리턴 retry edges match raster.
img-06304	E	match	Korean Replication failover (정상/장애 상황): all nodes, failover branch and 직접재수행/리턴 retry edges match raster.
img-01598	E	match	Korean Replication failover callback sequence: all nodes and FO_* edges match raster.
img-03972	E	match	Korean Replication failover callback sequence: all nodes and FO_* edges match raster.
img-06305	E	match	Korean Replication failover callback sequence: all nodes and FO_* edges match raster.
img-00657	C	match	autoextend_clause: AUTOEXTEND OFF | ON with optional NEXT integer [K|M|G] and optional maxsize_clause - all paths/tokens/optional markers match railroad diagram.
img-00747	C	match	autoextend_clause: AUTOEXTEND OFF | ON with optional NEXT integer [K|M|G] and optional maxsize_clause - all paths/tokens/optional markers match railroad diagram.
img-00751	C	match	autoextend_clause: AUTOEXTEND OFF | ON with optional NEXT integer [K|M|G] and optional maxsize_clause - all paths/tokens/optional markers match railroad diagram.
img-00757	C	match	autoextend_clause: AUTOEXTEND OFF | ON with optional NEXT integer [K|M|G] and optional maxsize_clause - all paths/tokens/optional markers match railroad diagram.
img-00761	C	match	autoextend_clause: AUTOEXTEND OFF | ON with optional NEXT integer [K|M|G] and optional maxsize_clause - all paths/tokens/optional markers match railroad diagram.
img-01795	C	match	autoextend_clause: AUTOEXTEND OFF | ON with optional NEXT integer [K|M|G] and optional maxsize_clause - all paths/tokens/optional markers match railroad diagram.
img-01885	C	match	autoextend_clause: AUTOEXTEND OFF | ON with optional NEXT integer [K|M|G] and optional maxsize_clause - all paths/tokens/optional markers match railroad diagram.
img-01889	C	match	autoextend_clause: AUTOEXTEND OFF | ON with optional NEXT integer [K|M|G] and optional maxsize_clause - all paths/tokens/optional markers match railroad diagram.
img-01895	C	match	autoextend_clause: AUTOEXTEND OFF | ON with optional NEXT integer [K|M|G] and optional maxsize_clause - all paths/tokens/optional markers match railroad diagram.
img-01899	C	match	autoextend_clause: AUTOEXTEND OFF | ON with optional NEXT integer [K|M|G] and optional maxsize_clause - all paths/tokens/optional markers match railroad diagram.
img-02973	C	match	autoextend_clause: AUTOEXTEND OFF | ON with optional NEXT integer [K|M|G] and optional maxsize_clause - all paths/tokens/optional markers match railroad diagram.
img-03063	C	match	autoextend_clause: AUTOEXTEND OFF | ON with optional NEXT integer [K|M|G] and optional maxsize_clause - all paths/tokens/optional markers match railroad diagram.
img-03067	C	match	autoextend_clause: AUTOEXTEND OFF | ON with optional NEXT integer [K|M|G] and optional maxsize_clause - all paths/tokens/optional markers match railroad diagram.
img-03073	C	match	autoextend_clause: AUTOEXTEND OFF | ON with optional NEXT integer [K|M|G] and optional maxsize_clause - all paths/tokens/optional markers match railroad diagram.
img-03077	C	match	autoextend_clause: AUTOEXTEND OFF | ON with optional NEXT integer [K|M|G] and optional maxsize_clause - all paths/tokens/optional markers match railroad diagram.
img-04169	C	match	autoextend_clause: AUTOEXTEND OFF | ON with optional NEXT integer [K|M|G] and optional maxsize_clause - all paths/tokens/optional markers match railroad diagram.
img-04260	C	match	autoextend_clause: AUTOEXTEND OFF | ON with optional NEXT integer [K|M|G] and optional maxsize_clause - all paths/tokens/optional markers match railroad diagram.
img-04264	C	match	autoextend_clause: AUTOEXTEND OFF | ON with optional NEXT integer [K|M|G] and optional maxsize_clause - all paths/tokens/optional markers match railroad diagram.
img-04270	C	match	autoextend_clause: AUTOEXTEND OFF | ON with optional NEXT integer [K|M|G] and optional maxsize_clause - all paths/tokens/optional markers match railroad diagram.
img-04274	C	match	autoextend_clause: AUTOEXTEND OFF | ON with optional NEXT integer [K|M|G] and optional maxsize_clause - all paths/tokens/optional markers match railroad diagram.
img-05304	C	match	autoextend_clause: AUTOEXTEND OFF | ON with optional NEXT integer [K|M|G] and optional maxsize_clause - all paths/tokens/optional markers match railroad diagram.
img-05394	C	match	autoextend_clause: AUTOEXTEND OFF | ON with optional NEXT integer [K|M|G] and optional maxsize_clause - all paths/tokens/optional markers match railroad diagram.
img-05398	C	match	autoextend_clause: AUTOEXTEND OFF | ON with optional NEXT integer [K|M|G] and optional maxsize_clause - all paths/tokens/optional markers match railroad diagram.
img-05404	C	match	autoextend_clause: AUTOEXTEND OFF | ON with optional NEXT integer [K|M|G] and optional maxsize_clause - all paths/tokens/optional markers match railroad diagram.
img-05408	C	match	autoextend_clause: AUTOEXTEND OFF | ON with optional NEXT integer [K|M|G] and optional maxsize_clause - all paths/tokens/optional markers match railroad diagram.
img-06503	C	match	autoextend_clause: AUTOEXTEND OFF | ON with optional NEXT integer [K|M|G] and optional maxsize_clause - all paths/tokens/optional markers match railroad diagram.
img-06594	C	match	autoextend_clause: AUTOEXTEND OFF | ON with optional NEXT integer [K|M|G] and optional maxsize_clause - all paths/tokens/optional markers match railroad diagram.
img-06598	C	match	autoextend_clause: AUTOEXTEND OFF | ON with optional NEXT integer [K|M|G] and optional maxsize_clause - all paths/tokens/optional markers match railroad diagram.
img-06604	C	match	autoextend_clause: AUTOEXTEND OFF | ON with optional NEXT integer [K|M|G] and optional maxsize_clause - all paths/tokens/optional markers match railroad diagram.
img-06608	C	match	autoextend_clause: AUTOEXTEND OFF | ON with optional NEXT integer [K|M|G] and optional maxsize_clause - all paths/tokens/optional markers match railroad diagram.
img-00593	C	match	storage_clause: STORAGE ( ... ) with the four INITEXTENTS/NEXTEXTENTS/MINEXTENTS/MAXEXTENTS choices and MAXEXTENTS integer|UNLIMITED; diagram repeat loop represented by outer {} - all tokens present.
img-00616	C	match	storage_clause: STORAGE ( ... ) with the four INITEXTENTS/NEXTEXTENTS/MINEXTENTS/MAXEXTENTS choices and MAXEXTENTS integer|UNLIMITED; diagram repeat loop represented by outer {} - all tokens present.
img-00683	C	match	storage_clause: STORAGE ( ... ) with the four INITEXTENTS/NEXTEXTENTS/MINEXTENTS/MAXEXTENTS choices and MAXEXTENTS integer|UNLIMITED; diagram repeat loop represented by outer {} - all tokens present.
img-00736	C	match	storage_clause: STORAGE ( ... ) with the four INITEXTENTS/NEXTEXTENTS/MINEXTENTS/MAXEXTENTS choices and MAXEXTENTS integer|UNLIMITED; diagram repeat loop represented by outer {} - all tokens present.
img-01730	C	match	storage_clause: STORAGE ( ... ) with the four INITEXTENTS/NEXTEXTENTS/MINEXTENTS/MAXEXTENTS choices and MAXEXTENTS integer|UNLIMITED; diagram repeat loop represented by outer {} - all tokens present.
img-01754	C	match	storage_clause: STORAGE ( ... ) with the four INITEXTENTS/NEXTEXTENTS/MINEXTENTS/MAXEXTENTS choices and MAXEXTENTS integer|UNLIMITED; diagram repeat loop represented by outer {} - all tokens present.
img-01821	C	match	storage_clause: STORAGE ( ... ) with the four INITEXTENTS/NEXTEXTENTS/MINEXTENTS/MAXEXTENTS choices and MAXEXTENTS integer|UNLIMITED; diagram repeat loop represented by outer {} - all tokens present.
img-01874	C	match	storage_clause: STORAGE ( ... ) with the four INITEXTENTS/NEXTEXTENTS/MINEXTENTS/MAXEXTENTS choices and MAXEXTENTS integer|UNLIMITED; diagram repeat loop represented by outer {} - all tokens present.
img-02909	C	match	storage_clause: STORAGE ( ... ) with the four INITEXTENTS/NEXTEXTENTS/MINEXTENTS/MAXEXTENTS choices and MAXEXTENTS integer|UNLIMITED; diagram repeat loop represented by outer {} - all tokens present.
img-02932	C	match	storage_clause: STORAGE ( ... ) with the four INITEXTENTS/NEXTEXTENTS/MINEXTENTS/MAXEXTENTS choices and MAXEXTENTS integer|UNLIMITED; diagram repeat loop represented by outer {} - all tokens present.
img-02999	C	match	storage_clause: STORAGE ( ... ) with the four INITEXTENTS/NEXTEXTENTS/MINEXTENTS/MAXEXTENTS choices and MAXEXTENTS integer|UNLIMITED; diagram repeat loop represented by outer {} - all tokens present.
img-03052	C	match	storage_clause: STORAGE ( ... ) with the four INITEXTENTS/NEXTEXTENTS/MINEXTENTS/MAXEXTENTS choices and MAXEXTENTS integer|UNLIMITED; diagram repeat loop represented by outer {} - all tokens present.
img-04104	C	match	storage_clause: STORAGE ( ... ) with the four INITEXTENTS/NEXTEXTENTS/MINEXTENTS/MAXEXTENTS choices and MAXEXTENTS integer|UNLIMITED; diagram repeat loop represented by outer {} - all tokens present.
img-04128	C	match	storage_clause: STORAGE ( ... ) with the four INITEXTENTS/NEXTEXTENTS/MINEXTENTS/MAXEXTENTS choices and MAXEXTENTS integer|UNLIMITED; diagram repeat loop represented by outer {} - all tokens present.
img-04195	C	match	storage_clause: STORAGE ( ... ) with the four INITEXTENTS/NEXTEXTENTS/MINEXTENTS/MAXEXTENTS choices and MAXEXTENTS integer|UNLIMITED; diagram repeat loop represented by outer {} - all tokens present.
img-04249	C	match	storage_clause: STORAGE ( ... ) with the four INITEXTENTS/NEXTEXTENTS/MINEXTENTS/MAXEXTENTS choices and MAXEXTENTS integer|UNLIMITED; diagram repeat loop represented by outer {} - all tokens present.
img-05240	C	match	storage_clause: STORAGE ( ... ) with the four INITEXTENTS/NEXTEXTENTS/MINEXTENTS/MAXEXTENTS choices and MAXEXTENTS integer|UNLIMITED; diagram repeat loop represented by outer {} - all tokens present.
img-05263	C	match	storage_clause: STORAGE ( ... ) with the four INITEXTENTS/NEXTEXTENTS/MINEXTENTS/MAXEXTENTS choices and MAXEXTENTS integer|UNLIMITED; diagram repeat loop represented by outer {} - all tokens present.
img-05330	C	match	storage_clause: STORAGE ( ... ) with the four INITEXTENTS/NEXTEXTENTS/MINEXTENTS/MAXEXTENTS choices and MAXEXTENTS integer|UNLIMITED; diagram repeat loop represented by outer {} - all tokens present.
img-05383	C	match	storage_clause: STORAGE ( ... ) with the four INITEXTENTS/NEXTEXTENTS/MINEXTENTS/MAXEXTENTS choices and MAXEXTENTS integer|UNLIMITED; diagram repeat loop represented by outer {} - all tokens present.
img-06438	C	match	storage_clause: STORAGE ( ... ) with the four INITEXTENTS/NEXTEXTENTS/MINEXTENTS/MAXEXTENTS choices and MAXEXTENTS integer|UNLIMITED; diagram repeat loop represented by outer {} - all tokens present.
img-06462	C	match	storage_clause: STORAGE ( ... ) with the four INITEXTENTS/NEXTEXTENTS/MINEXTENTS/MAXEXTENTS choices and MAXEXTENTS integer|UNLIMITED; diagram repeat loop represented by outer {} - all tokens present.
img-06529	C	match	storage_clause: STORAGE ( ... ) with the four INITEXTENTS/NEXTEXTENTS/MINEXTENTS/MAXEXTENTS choices and MAXEXTENTS integer|UNLIMITED; diagram repeat loop represented by outer {} - all tokens present.
img-06583	C	match	storage_clause: STORAGE ( ... ) with the four INITEXTENTS/NEXTEXTENTS/MINEXTENTS/MAXEXTENTS choices and MAXEXTENTS integer|UNLIMITED; diagram repeat loop represented by outer {} - all tokens present.
img-00658	C	match	maxsize_clause: MAXSIZE { UNLIMITED | integer [K|M|G] } - matches railroad diagram.
img-00748	C	match	maxsize_clause: MAXSIZE { UNLIMITED | integer [K|M|G] } - matches railroad diagram.
img-00752	C	match	maxsize_clause: MAXSIZE { UNLIMITED | integer [K|M|G] } - matches railroad diagram.
img-00758	C	match	maxsize_clause: MAXSIZE { UNLIMITED | integer [K|M|G] } - matches railroad diagram.
img-01796	C	match	maxsize_clause: MAXSIZE { UNLIMITED | integer [K|M|G] } - matches railroad diagram.
img-01886	C	match	maxsize_clause: MAXSIZE { UNLIMITED | integer [K|M|G] } - matches railroad diagram.
img-01890	C	match	maxsize_clause: MAXSIZE { UNLIMITED | integer [K|M|G] } - matches railroad diagram.
img-01896	C	match	maxsize_clause: MAXSIZE { UNLIMITED | integer [K|M|G] } - matches railroad diagram.
img-02974	C	match	maxsize_clause: MAXSIZE { UNLIMITED | integer [K|M|G] } - matches railroad diagram.
img-03064	C	match	maxsize_clause: MAXSIZE { UNLIMITED | integer [K|M|G] } - matches railroad diagram.
img-03068	C	match	maxsize_clause: MAXSIZE { UNLIMITED | integer [K|M|G] } - matches railroad diagram.
img-03074	C	match	maxsize_clause: MAXSIZE { UNLIMITED | integer [K|M|G] } - matches railroad diagram.
img-04170	C	match	maxsize_clause: MAXSIZE { UNLIMITED | integer [K|M|G] } - matches railroad diagram.
img-04261	C	match	maxsize_clause: MAXSIZE { UNLIMITED | integer [K|M|G] } - matches railroad diagram.
img-04265	C	match	maxsize_clause: MAXSIZE { UNLIMITED | integer [K|M|G] } - matches railroad diagram.
img-04271	C	match	maxsize_clause: MAXSIZE { UNLIMITED | integer [K|M|G] } - matches railroad diagram.
img-05305	C	match	maxsize_clause: MAXSIZE { UNLIMITED | integer [K|M|G] } - matches railroad diagram.
img-05395	C	match	maxsize_clause: MAXSIZE { UNLIMITED | integer [K|M|G] } - matches railroad diagram.
img-05399	C	match	maxsize_clause: MAXSIZE { UNLIMITED | integer [K|M|G] } - matches railroad diagram.
img-05405	C	match	maxsize_clause: MAXSIZE { UNLIMITED | integer [K|M|G] } - matches railroad diagram.
img-06504	C	match	maxsize_clause: MAXSIZE { UNLIMITED | integer [K|M|G] } - matches railroad diagram.
img-06595	C	match	maxsize_clause: MAXSIZE { UNLIMITED | integer [K|M|G] } - matches railroad diagram.
img-06599	C	match	maxsize_clause: MAXSIZE { UNLIMITED | integer [K|M|G] } - matches railroad diagram.
img-06605	C	match	maxsize_clause: MAXSIZE { UNLIMITED | integer [K|M|G] } - matches railroad diagram.
img-00991	C	match	invoker_rights_clause: AUTHID { CURRENT_USER | DEFINER } - matches.
img-00999	C	match	invoker_rights_clause: AUTHID { CURRENT_USER | DEFINER } - matches.
img-01052	C	match	invoker_rights_clause: AUTHID { CURRENT_USER | DEFINER } - matches.
img-02182	C	match	invoker_rights_clause: AUTHID { CURRENT_USER | DEFINER } - matches.
img-02190	C	match	invoker_rights_clause: AUTHID { CURRENT_USER | DEFINER } - matches.
img-02243	C	match	invoker_rights_clause: AUTHID { CURRENT_USER | DEFINER } - matches.
img-03307	C	match	invoker_rights_clause: AUTHID { CURRENT_USER | DEFINER } - matches.
img-03315	C	match	invoker_rights_clause: AUTHID { CURRENT_USER | DEFINER } - matches.
img-03368	C	match	invoker_rights_clause: AUTHID { CURRENT_USER | DEFINER } - matches.
img-03455	C	match	invoker_rights_clause: AUTHID { CURRENT_USER | DEFINER } - matches.
img-03463	C	match	invoker_rights_clause: AUTHID { CURRENT_USER | DEFINER } - matches.
img-04511	C	match	invoker_rights_clause: AUTHID { CURRENT_USER | DEFINER } - matches.
img-04519	C	match	invoker_rights_clause: AUTHID { CURRENT_USER | DEFINER } - matches.
img-04573	C	match	invoker_rights_clause: AUTHID { CURRENT_USER | DEFINER } - matches.
img-05638	C	match	invoker_rights_clause: AUTHID { CURRENT_USER | DEFINER } - matches.
img-05646	C	match	invoker_rights_clause: AUTHID { CURRENT_USER | DEFINER } - matches.
img-05699	C	match	invoker_rights_clause: AUTHID { CURRENT_USER | DEFINER } - matches.
img-05786	C	match	invoker_rights_clause: AUTHID { CURRENT_USER | DEFINER } - matches.
img-05794	C	match	invoker_rights_clause: AUTHID { CURRENT_USER | DEFINER } - matches.
img-06867	C	match	invoker_rights_clause: AUTHID { CURRENT_USER | DEFINER } - matches.
img-06875	C	match	invoker_rights_clause: AUTHID { CURRENT_USER | DEFINER } - matches.
img-06929	C	match	invoker_rights_clause: AUTHID { CURRENT_USER | DEFINER } - matches.
img-00656	C	match	datafile_spec: 'file_name' [SIZE integer [K|M|G]] [REUSE] [autoextend_clause] - all optional markers and tokens match.
img-00746	C	match	datafile_spec: 'file_name' [SIZE integer [K|M|G]] [REUSE] [autoextend_clause] - all optional markers and tokens match.
img-00760	C	match	datafile_spec: 'file_name' [SIZE integer [K|M|G]] [REUSE] [autoextend_clause] - all optional markers and tokens match.
img-01794	C	match	datafile_spec: 'file_name' [SIZE integer [K|M|G]] [REUSE] [autoextend_clause] - all optional markers and tokens match.
img-01884	C	match	datafile_spec: 'file_name' [SIZE integer [K|M|G]] [REUSE] [autoextend_clause] - all optional markers and tokens match.
img-01898	C	match	datafile_spec: 'file_name' [SIZE integer [K|M|G]] [REUSE] [autoextend_clause] - all optional markers and tokens match.
img-02972	C	match	datafile_spec: 'file_name' [SIZE integer [K|M|G]] [REUSE] [autoextend_clause] - all optional markers and tokens match.
img-03062	C	match	datafile_spec: 'file_name' [SIZE integer [K|M|G]] [REUSE] [autoextend_clause] - all optional markers and tokens match.
img-03076	C	match	datafile_spec: 'file_name' [SIZE integer [K|M|G]] [REUSE] [autoextend_clause] - all optional markers and tokens match.
img-04168	C	match	datafile_spec: 'file_name' [SIZE integer [K|M|G]] [REUSE] [autoextend_clause] - all optional markers and tokens match.
img-04259	C	match	datafile_spec: 'file_name' [SIZE integer [K|M|G]] [REUSE] [autoextend_clause] - all optional markers and tokens match.
img-04273	C	match	datafile_spec: 'file_name' [SIZE integer [K|M|G]] [REUSE] [autoextend_clause] - all optional markers and tokens match.
img-05303	C	match	datafile_spec: 'file_name' [SIZE integer [K|M|G]] [REUSE] [autoextend_clause] - all optional markers and tokens match.
img-05393	C	match	datafile_spec: 'file_name' [SIZE integer [K|M|G]] [REUSE] [autoextend_clause] - all optional markers and tokens match.
img-05407	C	match	datafile_spec: 'file_name' [SIZE integer [K|M|G]] [REUSE] [autoextend_clause] - all optional markers and tokens match.
img-06502	C	match	datafile_spec: 'file_name' [SIZE integer [K|M|G]] [REUSE] [autoextend_clause] - all optional markers and tokens match.
img-06593	C	match	datafile_spec: 'file_name' [SIZE integer [K|M|G]] [REUSE] [autoextend_clause] - all optional markers and tokens match.
img-06607	C	match	datafile_spec: 'file_name' [SIZE integer [K|M|G]] [REUSE] [autoextend_clause] - all optional markers and tokens match.
img-00806	C	match	where_clause: WHERE condition - matches.
img-00832	C	match	where_clause: WHERE condition - matches.
img-00845	C	match	where_clause: WHERE condition - matches.
img-01944	C	match	where_clause: WHERE condition - matches.
img-01973	C	match	where_clause: WHERE condition - matches.
img-01986	C	match	where_clause: WHERE condition - matches.
img-03122	C	match	where_clause: WHERE condition - matches.
img-03148	C	match	where_clause: WHERE condition - matches.
img-03161	C	match	where_clause: WHERE condition - matches.
img-04319	C	match	where_clause: WHERE condition - matches.
img-04348	C	match	where_clause: WHERE condition - matches.
img-04361	C	match	where_clause: WHERE condition - matches.
img-05453	C	match	where_clause: WHERE condition - matches.
img-05479	C	match	where_clause: WHERE condition - matches.
img-05492	C	match	where_clause: WHERE condition - matches.
img-06653	C	match	where_clause: WHERE condition - matches.
img-06682	C	match	where_clause: WHERE condition - matches.
img-06695	C	match	where_clause: WHERE condition - matches.
img-00808	C	match	limit_clause: LIMIT [row_offset ','] row_count - optional offset matches diagram.
img-00840	C	match	limit_clause: LIMIT [row_offset ','] row_count - optional offset matches diagram.
img-00846	C	match	limit_clause: LIMIT [row_offset ','] row_count - optional offset matches diagram.
img-01946	C	match	limit_clause: LIMIT [row_offset ','] row_count - optional offset matches diagram.
img-01981	C	match	limit_clause: LIMIT [row_offset ','] row_count - optional offset matches diagram.
img-01987	C	match	limit_clause: LIMIT [row_offset ','] row_count - optional offset matches diagram.
img-03124	C	match	limit_clause: LIMIT [row_offset ','] row_count - optional offset matches diagram.
img-03156	C	match	limit_clause: LIMIT [row_offset ','] row_count - optional offset matches diagram.
img-03162	C	match	limit_clause: LIMIT [row_offset ','] row_count - optional offset matches diagram.
img-04321	C	match	limit_clause: LIMIT [row_offset ','] row_count - optional offset matches diagram.
img-04356	C	match	limit_clause: LIMIT [row_offset ','] row_count - optional offset matches diagram.
img-04362	C	match	limit_clause: LIMIT [row_offset ','] row_count - optional offset matches diagram.
img-05455	C	match	limit_clause: LIMIT [row_offset ','] row_count - optional offset matches diagram.
img-05487	C	match	limit_clause: LIMIT [row_offset ','] row_count - optional offset matches diagram.
img-05493	C	match	limit_clause: LIMIT [row_offset ','] row_count - optional offset matches diagram.
img-06655	C	match	limit_clause: LIMIT [row_offset ','] row_count - optional offset matches diagram.
img-06690	C	match	limit_clause: LIMIT [row_offset ','] row_count - optional offset matches diagram.
img-06696	C	match	limit_clause: LIMIT [row_offset ','] row_count - optional offset matches diagram.
img-00990	C	match	parameter_declaration: parameter_name [{IN|OUT|IN OUT}] [NOCOPY] data_type [{DEFAULT|':='} expression] - all paths/optional markers match.
img-00998	C	match	parameter_declaration: parameter_name [{IN|OUT|IN OUT}] [NOCOPY] data_type [{DEFAULT|':='} expression] - all paths/optional markers match.
img-02181	C	match	parameter_declaration: parameter_name [{IN|OUT|IN OUT}] [NOCOPY] data_type [{DEFAULT|':='} expression] - all paths/optional markers match.
img-02189	C	match	parameter_declaration: parameter_name [{IN|OUT|IN OUT}] [NOCOPY] data_type [{DEFAULT|':='} expression] - all paths/optional markers match.
img-03306	C	match	parameter_declaration: parameter_name [{IN|OUT|IN OUT}] [NOCOPY] data_type [{DEFAULT|':='} expression] - all paths/optional markers match.
img-03314	C	match	parameter_declaration: parameter_name [{IN|OUT|IN OUT}] [NOCOPY] data_type [{DEFAULT|':='} expression] - all paths/optional markers match.
img-03454	C	match	parameter_declaration: parameter_name [{IN|OUT|IN OUT}] [NOCOPY] data_type [{DEFAULT|':='} expression] - all paths/optional markers match.
img-03462	C	match	parameter_declaration: parameter_name [{IN|OUT|IN OUT}] [NOCOPY] data_type [{DEFAULT|':='} expression] - all paths/optional markers match.
img-04510	C	match	parameter_declaration: parameter_name [{IN|OUT|IN OUT}] [NOCOPY] data_type [{DEFAULT|':='} expression] - all paths/optional markers match.
img-04518	C	match	parameter_declaration: parameter_name [{IN|OUT|IN OUT}] [NOCOPY] data_type [{DEFAULT|':='} expression] - all paths/optional markers match.
img-05637	C	match	parameter_declaration: parameter_name [{IN|OUT|IN OUT}] [NOCOPY] data_type [{DEFAULT|':='} expression] - all paths/optional markers match.
img-05645	C	match	parameter_declaration: parameter_name [{IN|OUT|IN OUT}] [NOCOPY] data_type [{DEFAULT|':='} expression] - all paths/optional markers match.
img-05785	C	match	parameter_declaration: parameter_name [{IN|OUT|IN OUT}] [NOCOPY] data_type [{DEFAULT|':='} expression] - all paths/optional markers match.
img-05793	C	match	parameter_declaration: parameter_name [{IN|OUT|IN OUT}] [NOCOPY] data_type [{DEFAULT|':='} expression] - all paths/optional markers match.
img-06866	C	match	parameter_declaration: parameter_name [{IN|OUT|IN OUT}] [NOCOPY] data_type [{DEFAULT|':='} expression] - all paths/optional markers match.
img-06874	C	match	parameter_declaration: parameter_name [{IN|OUT|IN OUT}] [NOCOPY] data_type [{DEFAULT|':='} expression] - all paths/optional markers match.
img-00201	C	match	argument_list: '(' argument_declaration [{',' argument_declaration}] ')' - repeat loop matches diagram.
img-00208	C	match	argument_list: '(' argument_declaration [{',' argument_declaration}] ')' - repeat loop matches diagram.
img-01327	C	match	argument_list: '(' argument_declaration [{',' argument_declaration}] ')' - repeat loop matches diagram.
img-01334	C	match	argument_list: '(' argument_declaration [{',' argument_declaration}] ')' - repeat loop matches diagram.
img-02518	C	match	argument_list: '(' argument_declaration [{',' argument_declaration}] ')' - repeat loop matches diagram.
img-02525	C	match	argument_list: '(' argument_declaration [{',' argument_declaration}] ')' - repeat loop matches diagram.
img-03702	C	match	argument_list: '(' argument_declaration [{',' argument_declaration}] ')' - repeat loop matches diagram.
img-03709	C	match	argument_list: '(' argument_declaration [{',' argument_declaration}] ')' - repeat loop matches diagram.
img-04848	C	match	argument_list: '(' argument_declaration [{',' argument_declaration}] ')' - repeat loop matches diagram.
img-04855	C	match	argument_list: '(' argument_declaration [{',' argument_declaration}] ')' - repeat loop matches diagram.
img-06033	C	match	argument_list: '(' argument_declaration [{',' argument_declaration}] ')' - repeat loop matches diagram.
img-06040	C	match	argument_list: '(' argument_declaration [{',' argument_declaration}] ')' - repeat loop matches diagram.
img-00202	C	match	argument_declaration: argument_name [IN|OUT|IN OUT] data_type - matches.
img-00209	C	match	argument_declaration: argument_name [IN|OUT|IN OUT] data_type - matches.
img-01328	C	match	argument_declaration: argument_name [IN|OUT|IN OUT] data_type - matches.
img-01335	C	match	argument_declaration: argument_name [IN|OUT|IN OUT] data_type - matches.
img-02519	C	match	argument_declaration: argument_name [IN|OUT|IN OUT] data_type - matches.
img-02526	C	match	argument_declaration: argument_name [IN|OUT|IN OUT] data_type - matches.
img-03703	C	match	argument_declaration: argument_name [IN|OUT|IN OUT] data_type - matches.
img-03710	C	match	argument_declaration: argument_name [IN|OUT|IN OUT] data_type - matches.
img-04849	C	match	argument_declaration: argument_name [IN|OUT|IN OUT] data_type - matches.
img-04856	C	match	argument_declaration: argument_name [IN|OUT|IN OUT] data_type - matches.
img-06034	C	match	argument_declaration: argument_name [IN|OUT|IN OUT] data_type - matches.
img-06041	C	match	argument_declaration: argument_name [IN|OUT|IN OUT] data_type - matches.
img-00204	C	match	parameter_list: '(' parameter_declaration [{',' parameter_declaration}] ')' - repeat loop matches diagram.
img-00211	C	match	parameter_list: '(' parameter_declaration [{',' parameter_declaration}] ')' - repeat loop matches diagram.
img-01330	C	match	parameter_list: '(' parameter_declaration [{',' parameter_declaration}] ')' - repeat loop matches diagram.
img-01337	C	match	parameter_list: '(' parameter_declaration [{',' parameter_declaration}] ')' - repeat loop matches diagram.
img-02521	C	match	parameter_list: '(' parameter_declaration [{',' parameter_declaration}] ')' - repeat loop matches diagram.
img-02528	C	match	parameter_list: '(' parameter_declaration [{',' parameter_declaration}] ')' - repeat loop matches diagram.
img-03705	C	match	parameter_list: '(' parameter_declaration [{',' parameter_declaration}] ')' - repeat loop matches diagram.
img-03712	C	match	parameter_list: '(' parameter_declaration [{',' parameter_declaration}] ')' - repeat loop matches diagram.
img-04851	C	match	parameter_list: '(' parameter_declaration [{',' parameter_declaration}] ')' - repeat loop matches diagram.
img-04858	C	match	parameter_list: '(' parameter_declaration [{',' parameter_declaration}] ')' - repeat loop matches diagram.
img-06036	C	match	parameter_list: '(' parameter_declaration [{',' parameter_declaration}] ')' - repeat loop matches diagram.
img-06043	C	match	parameter_list: '(' parameter_declaration [{',' parameter_declaration}] ')' - repeat loop matches diagram.
img-00206	C	match	drop_procedure_statement: DROP PROCEDURE [user_name '.'] procedure_name ';' - matches.
img-00993	C	match	drop_procedure_statement: DROP PROCEDURE [user_name '.'] procedure_name ';' - matches.
img-01332	C	match	drop_procedure_statement: DROP PROCEDURE [user_name '.'] procedure_name ';' - matches.
img-02184	C	match	drop_procedure_statement: DROP PROCEDURE [user_name '.'] procedure_name ';' - matches.
img-02523	C	match	drop_procedure_statement: DROP PROCEDURE [user_name '.'] procedure_name ';' - matches.
img-03309	C	match	drop_procedure_statement: DROP PROCEDURE [user_name '.'] procedure_name ';' - matches.
img-03457	C	match	drop_procedure_statement: DROP PROCEDURE [user_name '.'] procedure_name ';' - matches.
img-03707	C	match	drop_procedure_statement: DROP PROCEDURE [user_name '.'] procedure_name ';' - matches.
img-04513	C	match	drop_procedure_statement: DROP PROCEDURE [user_name '.'] procedure_name ';' - matches.
img-04853	C	match	drop_procedure_statement: DROP PROCEDURE [user_name '.'] procedure_name ';' - matches.
img-05788	C	match	drop_procedure_statement: DROP PROCEDURE [user_name '.'] procedure_name ';' - matches.
img-06038	C	match	drop_procedure_statement: DROP PROCEDURE [user_name '.'] procedure_name ';' - matches.
img-00213	C	match	drop_function_statement: DROP FUNCTION [user_name '.'] function_name ';' - matches.
img-01001	C	match	drop_function_statement: DROP FUNCTION [user_name '.'] function_name ';' - matches.
img-01339	C	match	drop_function_statement: DROP FUNCTION [user_name '.'] function_name ';' - matches.
img-02192	C	match	drop_function_statement: DROP FUNCTION [user_name '.'] function_name ';' - matches.
img-02530	C	match	drop_function_statement: DROP FUNCTION [user_name '.'] function_name ';' - matches.
img-03317	C	match	drop_function_statement: DROP FUNCTION [user_name '.'] function_name ';' - matches.
img-03465	C	match	drop_function_statement: DROP FUNCTION [user_name '.'] function_name ';' - matches.
img-03714	C	match	drop_function_statement: DROP FUNCTION [user_name '.'] function_name ';' - matches.
img-04521	C	match	drop_function_statement: DROP FUNCTION [user_name '.'] function_name ';' - matches.
img-04860	C	match	drop_function_statement: DROP FUNCTION [user_name '.'] function_name ';' - matches.
img-05796	C	match	drop_function_statement: DROP FUNCTION [user_name '.'] function_name ';' - matches.
img-06045	C	match	drop_function_statement: DROP FUNCTION [user_name '.'] function_name ';' - matches.
img-00561	C	match	use_two_pass_sort: USE_TWO_PASS_SORT '(' tbl_name {',' tbl_name} ')' - comma-separated repeat loop matches.
img-00564	C	match	use_two_pass_sort: USE_TWO_PASS_SORT '(' tbl_name {',' tbl_name} ')' - comma-separated repeat loop matches.
img-01698	C	match	use_two_pass_sort: USE_TWO_PASS_SORT '(' tbl_name {',' tbl_name} ')' - comma-separated repeat loop matches.
img-01701	C	match	use_two_pass_sort: USE_TWO_PASS_SORT '(' tbl_name {',' tbl_name} ')' - comma-separated repeat loop matches.
img-02877	C	match	use_two_pass_sort: USE_TWO_PASS_SORT '(' tbl_name {',' tbl_name} ')' - comma-separated repeat loop matches.
img-02880	C	match	use_two_pass_sort: USE_TWO_PASS_SORT '(' tbl_name {',' tbl_name} ')' - comma-separated repeat loop matches.
img-04072	C	match	use_two_pass_sort: USE_TWO_PASS_SORT '(' tbl_name {',' tbl_name} ')' - comma-separated repeat loop matches.
img-04075	C	match	use_two_pass_sort: USE_TWO_PASS_SORT '(' tbl_name {',' tbl_name} ')' - comma-separated repeat loop matches.
img-05207	C	match	use_two_pass_sort: USE_TWO_PASS_SORT '(' tbl_name {',' tbl_name} ')' - comma-separated repeat loop matches.
img-05210	C	match	use_two_pass_sort: USE_TWO_PASS_SORT '(' tbl_name {',' tbl_name} ')' - comma-separated repeat loop matches.
img-06405	C	match	use_two_pass_sort: USE_TWO_PASS_SORT '(' tbl_name {',' tbl_name} ')' - comma-separated repeat loop matches.
img-06408	C	match	use_two_pass_sort: USE_TWO_PASS_SORT '(' tbl_name {',' tbl_name} ')' - comma-separated repeat loop matches.
img-00594	C	match	allocate_extent_clause: ALLOCATE EXTENT [ '(' SIZE integer {K|M|G} ')' ] - optional paren group and mandatory K/M/G choice match.
img-00653	C	match	allocate_extent_clause: ALLOCATE EXTENT [ '(' SIZE integer {K|M|G} ')' ] - optional paren group and mandatory K/M/G choice match.
img-01731	C	match	allocate_extent_clause: ALLOCATE EXTENT [ '(' SIZE integer {K|M|G} ')' ] - optional paren group and mandatory K/M/G choice match.
img-01791	C	match	allocate_extent_clause: ALLOCATE EXTENT [ '(' SIZE integer {K|M|G} ')' ] - optional paren group and mandatory K/M/G choice match.
img-02910	C	match	allocate_extent_clause: ALLOCATE EXTENT [ '(' SIZE integer {K|M|G} ')' ] - optional paren group and mandatory K/M/G choice match.
img-02969	C	match	allocate_extent_clause: ALLOCATE EXTENT [ '(' SIZE integer {K|M|G} ')' ] - optional paren group and mandatory K/M/G choice match.
img-04105	C	match	allocate_extent_clause: ALLOCATE EXTENT [ '(' SIZE integer {K|M|G} ')' ] - optional paren group and mandatory K/M/G choice match.
img-04165	C	match	allocate_extent_clause: ALLOCATE EXTENT [ '(' SIZE integer {K|M|G} ')' ] - optional paren group and mandatory K/M/G choice match.
img-05241	C	match	allocate_extent_clause: ALLOCATE EXTENT [ '(' SIZE integer {K|M|G} ')' ] - optional paren group and mandatory K/M/G choice match.
img-05300	C	match	allocate_extent_clause: ALLOCATE EXTENT [ '(' SIZE integer {K|M|G} ')' ] - optional paren group and mandatory K/M/G choice match.
img-06439	C	match	allocate_extent_clause: ALLOCATE EXTENT [ '(' SIZE integer {K|M|G} ')' ] - optional paren group and mandatory K/M/G choice match.
img-06499	C	match	allocate_extent_clause: ALLOCATE EXTENT [ '(' SIZE integer {K|M|G} ')' ] - optional paren group and mandatory K/M/G choice match.
img-00596	C	match	execute_procedure_statement: EXEC[UTE] [user_name '.'] procedure_name '(' [expr2 [{',' expr2}]] ')' ';' - optional UTE, optional user, optional expr2 list match.
img-00692	C	match	execute_procedure_statement: EXEC[UTE] [user_name '.'] procedure_name '(' [expr2 [{',' expr2}]] ')' ';' - optional UTE, optional user, optional expr2 list match.
img-01733	C	match	execute_procedure_statement: EXEC[UTE] [user_name '.'] procedure_name '(' [expr2 [{',' expr2}]] ')' ';' - optional UTE, optional user, optional expr2 list match.
img-01830	C	match	execute_procedure_statement: EXEC[UTE] [user_name '.'] procedure_name '(' [expr2 [{',' expr2}]] ')' ';' - optional UTE, optional user, optional expr2 list match.
img-02912	C	match	execute_procedure_statement: EXEC[UTE] [user_name '.'] procedure_name '(' [expr2 [{',' expr2}]] ')' ';' - optional UTE, optional user, optional expr2 list match.
img-03008	C	match	execute_procedure_statement: EXEC[UTE] [user_name '.'] procedure_name '(' [expr2 [{',' expr2}]] ')' ';' - optional UTE, optional user, optional expr2 list match.
img-04107	C	match	execute_procedure_statement: EXEC[UTE] [user_name '.'] procedure_name '(' [expr2 [{',' expr2}]] ')' ';' - optional UTE, optional user, optional expr2 list match.
img-04204	C	match	execute_procedure_statement: EXEC[UTE] [user_name '.'] procedure_name '(' [expr2 [{',' expr2}]] ')' ';' - optional UTE, optional user, optional expr2 list match.
img-05243	C	match	execute_procedure_statement: EXEC[UTE] [user_name '.'] procedure_name '(' [expr2 [{',' expr2}]] ')' ';' - optional UTE, optional user, optional expr2 list match.
img-05339	C	match	execute_procedure_statement: EXEC[UTE] [user_name '.'] procedure_name '(' [expr2 [{',' expr2}]] ')' ';' - optional UTE, optional user, optional expr2 list match.
img-06441	C	match	execute_procedure_statement: EXEC[UTE] [user_name '.'] procedure_name '(' [expr2 [{',' expr2}]] ')' ';' - optional UTE, optional user, optional expr2 list match.
img-06538	C	match	execute_procedure_statement: EXEC[UTE] [user_name '.'] procedure_name '(' [expr2 [{',' expr2}]] ')' ';' - optional UTE, optional user, optional expr2 list match.
img-00599	C	match	replication_item: user_name '.' tbl_name [PARTITION partition_name] - matches.
img-00698	C	match	replication_item: user_name '.' tbl_name [PARTITION partition_name] - matches.
img-01736	C	match	replication_item: user_name '.' tbl_name [PARTITION partition_name] - matches.
img-01836	C	match	replication_item: user_name '.' tbl_name [PARTITION partition_name] - matches.
img-02915	C	match	replication_item: user_name '.' tbl_name [PARTITION partition_name] - matches.
img-03014	C	match	replication_item: user_name '.' tbl_name [PARTITION partition_name] - matches.
img-04110	C	match	replication_item: user_name '.' tbl_name [PARTITION partition_name] - matches.
img-04210	C	match	replication_item: user_name '.' tbl_name [PARTITION partition_name] - matches.
img-05246	C	match	replication_item: user_name '.' tbl_name [PARTITION partition_name] - matches.
img-05345	C	match	replication_item: user_name '.' tbl_name [PARTITION partition_name] - matches.
img-06444	C	match	replication_item: user_name '.' tbl_name [PARTITION partition_name] - matches.
img-06544	C	match	replication_item: user_name '.' tbl_name [PARTITION partition_name] - matches.
img-00604	C	match	sync_table_clause: {ENABLE|DISABLE} SYNC TABLE - matches.
img-00702	C	match	sync_table_clause: {ENABLE|DISABLE} SYNC TABLE - matches.
img-01741	C	match	sync_table_clause: {ENABLE|DISABLE} SYNC TABLE - matches.
img-01840	C	match	sync_table_clause: {ENABLE|DISABLE} SYNC TABLE - matches.
img-02920	C	match	sync_table_clause: {ENABLE|DISABLE} SYNC TABLE - matches.
img-03018	C	match	sync_table_clause: {ENABLE|DISABLE} SYNC TABLE - matches.
img-04115	C	match	sync_table_clause: {ENABLE|DISABLE} SYNC TABLE - matches.
img-04215	C	match	sync_table_clause: {ENABLE|DISABLE} SYNC TABLE - matches.
img-05251	C	match	sync_table_clause: {ENABLE|DISABLE} SYNC TABLE - matches.
img-05349	C	match	sync_table_clause: {ENABLE|DISABLE} SYNC TABLE - matches.
img-06449	C	match	sync_table_clause: {ENABLE|DISABLE} SYNC TABLE - matches.
img-06549	C	match	sync_table_clause: {ENABLE|DISABLE} SYNC TABLE - matches.
img-00606	C	match	log_compression_clause: {COMPRESSED LOGGING | UNCOMPRESSED LOGGING} - matches.
img-00737	C	match	log_compression_clause: {COMPRESSED LOGGING | UNCOMPRESSED LOGGING} - matches.
img-01744	C	match	log_compression_clause: {COMPRESSED LOGGING | UNCOMPRESSED LOGGING} - matches.
img-01875	C	match	log_compression_clause: {COMPRESSED LOGGING | UNCOMPRESSED LOGGING} - matches.
img-02922	C	match	log_compression_clause: {COMPRESSED LOGGING | UNCOMPRESSED LOGGING} - matches.
img-03053	C	match	log_compression_clause: {COMPRESSED LOGGING | UNCOMPRESSED LOGGING} - matches.
img-04118	C	match	log_compression_clause: {COMPRESSED LOGGING | UNCOMPRESSED LOGGING} - matches.
img-04250	C	match	log_compression_clause: {COMPRESSED LOGGING | UNCOMPRESSED LOGGING} - matches.
img-05253	C	match	log_compression_clause: {COMPRESSED LOGGING | UNCOMPRESSED LOGGING} - matches.
img-05384	C	match	log_compression_clause: {COMPRESSED LOGGING | UNCOMPRESSED LOGGING} - matches.
img-06452	C	match	log_compression_clause: {COMPRESSED LOGGING | UNCOMPRESSED LOGGING} - matches.
img-06584	C	match	log_compression_clause: {COMPRESSED LOGGING | UNCOMPRESSED LOGGING} - matches.
img-00611	C	match	logging_clause: {LOGGING | NOLOGGING} - matches.
img-00738	C	match	logging_clause: {LOGGING | NOLOGGING} - matches.
img-01749	C	match	logging_clause: {LOGGING | NOLOGGING} - matches.
img-01876	C	match	logging_clause: {LOGGING | NOLOGGING} - matches.
img-02927	C	match	logging_clause: {LOGGING | NOLOGGING} - matches.
img-03054	C	match	logging_clause: {LOGGING | NOLOGGING} - matches.
img-04123	C	match	logging_clause: {LOGGING | NOLOGGING} - matches.
img-04251	C	match	logging_clause: {LOGGING | NOLOGGING} - matches.
img-05258	C	match	logging_clause: {LOGGING | NOLOGGING} - matches.
img-05385	C	match	logging_clause: {LOGGING | NOLOGGING} - matches.
img-06457	C	match	logging_clause: {LOGGING | NOLOGGING} - matches.
img-06585	C	match	logging_clause: {LOGGING | NOLOGGING} - matches.
img-00612	C	match	parallel_clause: {NOPARALLEL | PARALLEL integer} - matches.
img-00739	C	match	parallel_clause: {NOPARALLEL | PARALLEL integer} - matches.
img-01750	C	match	parallel_clause: {NOPARALLEL | PARALLEL integer} - matches.
img-01877	C	match	parallel_clause: {NOPARALLEL | PARALLEL integer} - matches.
img-02928	C	match	parallel_clause: {NOPARALLEL | PARALLEL integer} - matches.
img-03055	C	match	parallel_clause: {NOPARALLEL | PARALLEL integer} - matches.
img-04124	C	match	parallel_clause: {NOPARALLEL | PARALLEL integer} - matches.
img-04252	C	match	parallel_clause: {NOPARALLEL | PARALLEL integer} - matches.
img-05259	C	match	parallel_clause: {NOPARALLEL | PARALLEL integer} - matches.
img-05386	C	match	parallel_clause: {NOPARALLEL | PARALLEL integer} - matches.
img-06458	C	match	parallel_clause: {NOPARALLEL | PARALLEL integer} - matches.
img-06586	C	match	parallel_clause: {NOPARALLEL | PARALLEL integer} - matches.
img-00613	C	match	row_movement_clause: {ENABLE|DISABLE} ROW MOVEMENT - matches.
img-00732	C	match	row_movement_clause: {ENABLE|DISABLE} ROW MOVEMENT - matches.
img-01751	C	match	row_movement_clause: {ENABLE|DISABLE} ROW MOVEMENT - matches.
img-01870	C	match	row_movement_clause: {ENABLE|DISABLE} ROW MOVEMENT - matches.
img-02929	C	match	row_movement_clause: {ENABLE|DISABLE} ROW MOVEMENT - matches.
img-03048	C	match	row_movement_clause: {ENABLE|DISABLE} ROW MOVEMENT - matches.
img-04125	C	match	row_movement_clause: {ENABLE|DISABLE} ROW MOVEMENT - matches.
img-04245	C	match	row_movement_clause: {ENABLE|DISABLE} ROW MOVEMENT - matches.
img-05260	C	match	row_movement_clause: {ENABLE|DISABLE} ROW MOVEMENT - matches.
img-05379	C	match	row_movement_clause: {ENABLE|DISABLE} ROW MOVEMENT - matches.
img-06459	C	match	row_movement_clause: {ENABLE|DISABLE} ROW MOVEMENT - matches.
img-06579	C	match	row_movement_clause: {ENABLE|DISABLE} ROW MOVEMENT - matches.
img-00633	C	match	access_mode_clause: READ {ONLY|WRITE|APPEND} - matches.
img-00733	C	match	access_mode_clause: READ {ONLY|WRITE|APPEND} - matches.
img-01771	C	match	access_mode_clause: READ {ONLY|WRITE|APPEND} - matches.
img-01871	C	match	access_mode_clause: READ {ONLY|WRITE|APPEND} - matches.
img-02949	C	match	access_mode_clause: READ {ONLY|WRITE|APPEND} - matches.
img-03049	C	match	access_mode_clause: READ {ONLY|WRITE|APPEND} - matches.
img-04145	C	match	access_mode_clause: READ {ONLY|WRITE|APPEND} - matches.
img-04246	C	match	access_mode_clause: READ {ONLY|WRITE|APPEND} - matches.
img-05280	C	match	access_mode_clause: READ {ONLY|WRITE|APPEND} - matches.
img-05380	C	match	access_mode_clause: READ {ONLY|WRITE|APPEND} - matches.
img-06479	C	match	access_mode_clause: READ {ONLY|WRITE|APPEND} - matches.
img-06580	C	match	access_mode_clause: READ {ONLY|WRITE|APPEND} - matches.
img-00636	C	minor	column_definition: column_name, the {data_type [encrypt_clause][variable_clause][in_row_clause][default_clause] | TIMESTAMP} choice, and optional repeated column_constraint all present and correct. Notation nuance: conversion writes the trailing list as [ {',' column_constraint} ] whereas the diagram reaches the first column_constraint without a leading comma (idiom column_constraint {',' column_constraint}); separator-placement imprecision only, no grammar element lost.
img-00705	C	minor	column_definition: column_name, the {data_type [encrypt_clause][variable_clause][in_row_clause][default_clause] | TIMESTAMP} choice, and optional repeated column_constraint all present and correct. Notation nuance: conversion writes the trailing list as [ {',' column_constraint} ] whereas the diagram reaches the first column_constraint without a leading comma (idiom column_constraint {',' column_constraint}); separator-placement imprecision only, no grammar element lost.
img-01774	C	minor	column_definition: column_name, the {data_type [encrypt_clause][variable_clause][in_row_clause][default_clause] | TIMESTAMP} choice, and optional repeated column_constraint all present and correct. Notation nuance: conversion writes the trailing list as [ {',' column_constraint} ] whereas the diagram reaches the first column_constraint without a leading comma (idiom column_constraint {',' column_constraint}); separator-placement imprecision only, no grammar element lost.
img-01843	C	minor	column_definition: column_name, the {data_type [encrypt_clause][variable_clause][in_row_clause][default_clause] | TIMESTAMP} choice, and optional repeated column_constraint all present and correct. Notation nuance: conversion writes the trailing list as [ {',' column_constraint} ] whereas the diagram reaches the first column_constraint without a leading comma (idiom column_constraint {',' column_constraint}); separator-placement imprecision only, no grammar element lost.
img-02952	C	minor	column_definition: column_name, the {data_type [encrypt_clause][variable_clause][in_row_clause][default_clause] | TIMESTAMP} choice, and optional repeated column_constraint all present and correct. Notation nuance: conversion writes the trailing list as [ {',' column_constraint} ] whereas the diagram reaches the first column_constraint without a leading comma (idiom column_constraint {',' column_constraint}); separator-placement imprecision only, no grammar element lost.
img-03021	C	minor	column_definition: column_name, the {data_type [encrypt_clause][variable_clause][in_row_clause][default_clause] | TIMESTAMP} choice, and optional repeated column_constraint all present and correct. Notation nuance: conversion writes the trailing list as [ {',' column_constraint} ] whereas the diagram reaches the first column_constraint without a leading comma (idiom column_constraint {',' column_constraint}); separator-placement imprecision only, no grammar element lost.
img-04148	C	minor	column_definition: column_name, the {data_type [encrypt_clause][variable_clause][in_row_clause][default_clause] | TIMESTAMP} choice, and optional repeated column_constraint all present and correct. Notation nuance: conversion writes the trailing list as [ {',' column_constraint} ] whereas the diagram reaches the first column_constraint without a leading comma (idiom column_constraint {',' column_constraint}); separator-placement imprecision only, no grammar element lost.
img-04218	C	minor	column_definition: column_name, the {data_type [encrypt_clause][variable_clause][in_row_clause][default_clause] | TIMESTAMP} choice, and optional repeated column_constraint all present and correct. Notation nuance: conversion writes the trailing list as [ {',' column_constraint} ] whereas the diagram reaches the first column_constraint without a leading comma (idiom column_constraint {',' column_constraint}); separator-placement imprecision only, no grammar element lost.
img-05283	C	minor	column_definition: column_name, the {data_type [encrypt_clause][variable_clause][in_row_clause][default_clause] | TIMESTAMP} choice, and optional repeated column_constraint all present and correct. Notation nuance: conversion writes the trailing list as [ {',' column_constraint} ] whereas the diagram reaches the first column_constraint without a leading comma (idiom column_constraint {',' column_constraint}); separator-placement imprecision only, no grammar element lost.
img-05352	C	minor	column_definition: column_name, the {data_type [encrypt_clause][variable_clause][in_row_clause][default_clause] | TIMESTAMP} choice, and optional repeated column_constraint all present and correct. Notation nuance: conversion writes the trailing list as [ {',' column_constraint} ] whereas the diagram reaches the first column_constraint without a leading comma (idiom column_constraint {',' column_constraint}); separator-placement imprecision only, no grammar element lost.
img-06482	C	minor	column_definition: column_name, the {data_type [encrypt_clause][variable_clause][in_row_clause][default_clause] | TIMESTAMP} choice, and optional repeated column_constraint all present and correct. Notation nuance: conversion writes the trailing list as [ {',' column_constraint} ] whereas the diagram reaches the first column_constraint without a leading comma (idiom column_constraint {',' column_constraint}); separator-placement imprecision only, no grammar element lost.
img-06552	C	minor	column_definition: column_name, the {data_type [encrypt_clause][variable_clause][in_row_clause][default_clause] | TIMESTAMP} choice, and optional repeated column_constraint all present and correct. Notation nuance: conversion writes the trailing list as [ {',' column_constraint} ] whereas the diagram reaches the first column_constraint without a leading comma (idiom column_constraint {',' column_constraint}); separator-placement imprecision only, no grammar element lost.
img-00681	C	match	directkey_clause: DIRECTKEY [MAXSIZE integer] - optional clause matches.
img-00714	C	match	directkey_clause: DIRECTKEY [MAXSIZE integer] - optional clause matches.
img-01819	C	match	directkey_clause: DIRECTKEY [MAXSIZE integer] - optional clause matches.
img-01852	C	match	directkey_clause: DIRECTKEY [MAXSIZE integer] - optional clause matches.
img-02997	C	match	directkey_clause: DIRECTKEY [MAXSIZE integer] - optional clause matches.
img-03030	C	match	directkey_clause: DIRECTKEY [MAXSIZE integer] - optional clause matches.
img-04193	C	match	directkey_clause: DIRECTKEY [MAXSIZE integer] - optional clause matches.
img-04227	C	match	directkey_clause: DIRECTKEY [MAXSIZE integer] - optional clause matches.
img-05328	C	match	directkey_clause: DIRECTKEY [MAXSIZE integer] - optional clause matches.
img-05361	C	match	directkey_clause: DIRECTKEY [MAXSIZE integer] - optional clause matches.
img-06527	C	match	directkey_clause: DIRECTKEY [MAXSIZE integer] - optional clause matches.
img-06561	C	match	directkey_clause: DIRECTKEY [MAXSIZE integer] - optional clause matches.
img-00750	C	match	initsize_clause: SIZE integer [K|M|G] - optional unit suffix (bypass over K/M/G) matches.
img-00756	C	match	initsize_clause: SIZE integer [K|M|G] - optional unit suffix (bypass over K/M/G) matches.
img-01888	C	match	initsize_clause: SIZE integer [K|M|G] - optional unit suffix (bypass over K/M/G) matches.
img-01894	C	match	initsize_clause: SIZE integer [K|M|G] - optional unit suffix (bypass over K/M/G) matches.
img-03066	C	match	initsize_clause: SIZE integer [K|M|G] - optional unit suffix (bypass over K/M/G) matches.
img-03072	C	match	initsize_clause: SIZE integer [K|M|G] - optional unit suffix (bypass over K/M/G) matches.
img-04263	C	match	initsize_clause: SIZE integer [K|M|G] - optional unit suffix (bypass over K/M/G) matches.
img-04269	C	match	initsize_clause: SIZE integer [K|M|G] - optional unit suffix (bypass over K/M/G) matches.
img-05397	C	match	initsize_clause: SIZE integer [K|M|G] - optional unit suffix (bypass over K/M/G) matches.
img-05403	C	match	initsize_clause: SIZE integer [K|M|G] - optional unit suffix (bypass over K/M/G) matches.
img-06597	C	match	initsize_clause: SIZE integer [K|M|G] - optional unit suffix (bypass over K/M/G) matches.
img-06603	C	match	initsize_clause: SIZE integer [K|M|G] - optional unit suffix (bypass over K/M/G) matches.
img-00861	C	match	alter_session_set_clause: SET property_name '=' property_value - matches.
img-00865	C	match	alter_session_set_clause: SET property_name '=' property_value - matches.
img-02006	C	match	alter_session_set_clause: SET property_name '=' property_value - matches.
img-02010	C	match	alter_session_set_clause: SET property_name '=' property_value - matches.
img-03177	C	match	alter_session_set_clause: SET property_name '=' property_value - matches.
img-03181	C	match	alter_session_set_clause: SET property_name '=' property_value - matches.
img-04381	C	match	alter_session_set_clause: SET property_name '=' property_value - matches.
img-04385	C	match	alter_session_set_clause: SET property_name '=' property_value - matches.
img-05508	C	match	alter_session_set_clause: SET property_name '=' property_value - matches.
img-05512	C	match	alter_session_set_clause: SET property_name '=' property_value - matches.
img-06716	C	match	alter_session_set_clause: SET property_name '=' property_value - matches.
img-06720	C	match	alter_session_set_clause: SET property_name '=' property_value - matches.
img-00868	C	match	by_clause: BY user_name - matches.
img-00873	C	match	by_clause: BY user_name - matches.
img-02013	C	match	by_clause: BY user_name - matches.
img-02018	C	match	by_clause: BY user_name - matches.
img-03184	C	match	by_clause: BY user_name - matches.
img-03189	C	match	by_clause: BY user_name - matches.
img-04388	C	match	by_clause: BY user_name - matches.
img-04393	C	match	by_clause: BY user_name - matches.
img-05515	C	match	by_clause: BY user_name - matches.
img-05520	C	match	by_clause: BY user_name - matches.
img-06723	C	match	by_clause: BY user_name - matches.
img-06728	C	match	by_clause: BY user_name - matches.
img-00880	C	match	savepoint: SAVEPOINT savepoint_name ';' - matches.
img-00881	C	match	savepoint: SAVEPOINT savepoint_name ';' - matches.
img-02025	C	match	savepoint: SAVEPOINT savepoint_name ';' - matches.
img-03196	C	match	savepoint: SAVEPOINT savepoint_name ';' - matches.
img-03197	C	match	savepoint: SAVEPOINT savepoint_name ';' - matches.
img-04400	C	match	savepoint: SAVEPOINT savepoint_name ';' - matches.
img-05527	C	match	savepoint: SAVEPOINT savepoint_name ';' - matches.
img-05528	C	match	savepoint: SAVEPOINT savepoint_name ';' - matches.
img-06735	C	match	savepoint: SAVEPOINT savepoint_name ';' - matches.
img-00992	C	match	alter_procedure_statement: ALTER PROCEDURE [user_name '.'] procedure_name COMPILE ';' - matches.
img-02183	C	match	alter_procedure_statement: ALTER PROCEDURE [user_name '.'] procedure_name COMPILE ';' - matches.
img-03308	C	match	alter_procedure_statement: ALTER PROCEDURE [user_name '.'] procedure_name COMPILE ';' - matches.
img-03456	C	match	alter_procedure_statement: ALTER PROCEDURE [user_name '.'] procedure_name COMPILE ';' - matches.
img-04512	C	match	alter_procedure_statement: ALTER PROCEDURE [user_name '.'] procedure_name COMPILE ';' - matches.
img-05639	C	match	alter_procedure_statement: ALTER PROCEDURE [user_name '.'] procedure_name COMPILE ';' - matches.
img-05787	C	match	alter_procedure_statement: ALTER PROCEDURE [user_name '.'] procedure_name COMPILE ';' - matches.
img-06868	C	match	alter_procedure_statement: ALTER PROCEDURE [user_name '.'] procedure_name COMPILE ';' - matches.
img-01000	C	match	alter_function_statement: ALTER FUNCTION [user_name '.'] function_name COMPILE ';' - matches (image metavariable typo 'funtion_name' normalised to function_name).
img-02191	C	match	alter_function_statement: ALTER FUNCTION [user_name '.'] function_name COMPILE ';' - matches (image metavariable typo 'funtion_name' normalised to function_name).
img-03316	C	match	alter_function_statement: ALTER FUNCTION [user_name '.'] function_name COMPILE ';' - matches (image metavariable typo 'funtion_name' normalised to function_name).
img-03464	C	match	alter_function_statement: ALTER FUNCTION [user_name '.'] function_name COMPILE ';' - matches (image metavariable typo 'funtion_name' normalised to function_name).
img-04520	C	match	alter_function_statement: ALTER FUNCTION [user_name '.'] function_name COMPILE ';' - matches (image metavariable typo 'funtion_name' normalised to function_name).
img-05647	C	match	alter_function_statement: ALTER FUNCTION [user_name '.'] function_name COMPILE ';' - matches (image metavariable typo 'funtion_name' normalised to function_name).
img-05795	C	match	alter_function_statement: ALTER FUNCTION [user_name '.'] function_name COMPILE ';' - matches (image metavariable typo 'funtion_name' normalised to function_name).
img-06876	C	match	alter_function_statement: ALTER FUNCTION [user_name '.'] function_name COMPILE ';' - matches (image metavariable typo 'funtion_name' normalised to function_name).
img-00870	C	match	ddl_clause: re-audited against audit_ddl_clause.gif. Conversion 'DDL by_clause { by_clause }' faithfully captures the railroad loop (by_clause on the main path with a return arc = one-or-more); repetition present. Supersedes a prior false-positive material finding that misquoted the conversion as 'DDL [ by_clause ]'.
img-00879	C	match	ddl_clause: re-audited against audit_ddl_clause.gif. Conversion 'DDL by_clause { by_clause }' faithfully captures the railroad loop (by_clause on the main path with a return arc = one-or-more); repetition present. Supersedes a prior false-positive material finding that misquoted the conversion as 'DDL [ by_clause ]'.
img-02015	C	match	ddl_clause: re-audited against audit_ddl_clause.gif. Conversion 'DDL by_clause { by_clause }' faithfully captures the railroad loop (by_clause on the main path with a return arc = one-or-more); repetition present. Supersedes a prior false-positive material finding that misquoted the conversion as 'DDL [ by_clause ]'.
img-02024	C	match	ddl_clause: re-audited against audit_ddl_clause.gif. Conversion 'DDL by_clause { by_clause }' faithfully captures the railroad loop (by_clause on the main path with a return arc = one-or-more); repetition present. Supersedes a prior false-positive material finding that misquoted the conversion as 'DDL [ by_clause ]'.
img-03186	C	match	ddl_clause: re-audited against audit_ddl_clause.gif. Conversion 'DDL by_clause { by_clause }' faithfully captures the railroad loop (by_clause on the main path with a return arc = one-or-more); repetition present. Supersedes a prior false-positive material finding that misquoted the conversion as 'DDL [ by_clause ]'.
img-03195	C	match	ddl_clause: re-audited against audit_ddl_clause.gif. Conversion 'DDL by_clause { by_clause }' faithfully captures the railroad loop (by_clause on the main path with a return arc = one-or-more); repetition present. Supersedes a prior false-positive material finding that misquoted the conversion as 'DDL [ by_clause ]'.
img-04390	C	match	ddl_clause: re-audited against audit_ddl_clause.gif. Conversion 'DDL by_clause { by_clause }' faithfully captures the railroad loop (by_clause on the main path with a return arc = one-or-more); repetition present. Supersedes a prior false-positive material finding that misquoted the conversion as 'DDL [ by_clause ]'.
img-04399	C	match	ddl_clause: re-audited against audit_ddl_clause.gif. Conversion 'DDL by_clause { by_clause }' faithfully captures the railroad loop (by_clause on the main path with a return arc = one-or-more); repetition present. Supersedes a prior false-positive material finding that misquoted the conversion as 'DDL [ by_clause ]'.
img-05517	C	match	ddl_clause: re-audited against audit_ddl_clause.gif. Conversion 'DDL by_clause { by_clause }' faithfully captures the railroad loop (by_clause on the main path with a return arc = one-or-more); repetition present. Supersedes a prior false-positive material finding that misquoted the conversion as 'DDL [ by_clause ]'.
img-05526	C	match	ddl_clause: re-audited against audit_ddl_clause.gif. Conversion 'DDL by_clause { by_clause }' faithfully captures the railroad loop (by_clause on the main path with a return arc = one-or-more); repetition present. Supersedes a prior false-positive material finding that misquoted the conversion as 'DDL [ by_clause ]'.
img-06725	C	match	ddl_clause: re-audited against audit_ddl_clause.gif. Conversion 'DDL by_clause { by_clause }' faithfully captures the railroad loop (by_clause on the main path with a return arc = one-or-more); repetition present. Supersedes a prior false-positive material finding that misquoted the conversion as 'DDL [ by_clause ]'.
img-06734	C	match	ddl_clause: re-audited against audit_ddl_clause.gif. Conversion 'DDL by_clause { by_clause }' faithfully captures the railroad loop (by_clause on the main path with a return arc = one-or-more); repetition present. Supersedes a prior false-positive material finding that misquoted the conversion as 'DDL [ by_clause ]'.
img-01329	C	minor	call_spec: LANGUAGE {C|EXTERNAL|INTERNAL}, NAME func_name, LIBRARY lib_name, [PARAMETERS parameter_list] - all tokens and the optional PARAMETERS marker present and correct. The diagram renders NAME func_name / LIBRARY lib_name as a stacked (looped) construct; the conversion linearises them to a fixed mandatory sequence. Structural/ordering representation nuance; no grammar token lost.
img-01336	C	minor	call_spec: LANGUAGE {C|EXTERNAL|INTERNAL}, NAME func_name, LIBRARY lib_name, [PARAMETERS parameter_list] - all tokens and the optional PARAMETERS marker present and correct. The diagram renders NAME func_name / LIBRARY lib_name as a stacked (looped) construct; the conversion linearises them to a fixed mandatory sequence. Structural/ordering representation nuance; no grammar token lost.
img-02520	C	minor	call_spec: LANGUAGE {C|EXTERNAL|INTERNAL}, NAME func_name, LIBRARY lib_name, [PARAMETERS parameter_list] - all tokens and the optional PARAMETERS marker present and correct. The diagram renders NAME func_name / LIBRARY lib_name as a stacked (looped) construct; the conversion linearises them to a fixed mandatory sequence. Structural/ordering representation nuance; no grammar token lost.
img-02527	C	minor	call_spec: LANGUAGE {C|EXTERNAL|INTERNAL}, NAME func_name, LIBRARY lib_name, [PARAMETERS parameter_list] - all tokens and the optional PARAMETERS marker present and correct. The diagram renders NAME func_name / LIBRARY lib_name as a stacked (looped) construct; the conversion linearises them to a fixed mandatory sequence. Structural/ordering representation nuance; no grammar token lost.
img-03704	C	minor	call_spec: LANGUAGE {C|EXTERNAL|INTERNAL}, NAME func_name, LIBRARY lib_name, [PARAMETERS parameter_list] - all tokens and the optional PARAMETERS marker present and correct. The diagram renders NAME func_name / LIBRARY lib_name as a stacked (looped) construct; the conversion linearises them to a fixed mandatory sequence. Structural/ordering representation nuance; no grammar token lost.
img-03711	C	minor	call_spec: LANGUAGE {C|EXTERNAL|INTERNAL}, NAME func_name, LIBRARY lib_name, [PARAMETERS parameter_list] - all tokens and the optional PARAMETERS marker present and correct. The diagram renders NAME func_name / LIBRARY lib_name as a stacked (looped) construct; the conversion linearises them to a fixed mandatory sequence. Structural/ordering representation nuance; no grammar token lost.
img-04850	C	minor	call_spec: LANGUAGE {C|EXTERNAL|INTERNAL}, NAME func_name, LIBRARY lib_name, [PARAMETERS parameter_list] - all tokens and the optional PARAMETERS marker present and correct. The diagram renders NAME func_name / LIBRARY lib_name as a stacked (looped) construct; the conversion linearises them to a fixed mandatory sequence. Structural/ordering representation nuance; no grammar token lost.
img-04857	C	minor	call_spec: LANGUAGE {C|EXTERNAL|INTERNAL}, NAME func_name, LIBRARY lib_name, [PARAMETERS parameter_list] - all tokens and the optional PARAMETERS marker present and correct. The diagram renders NAME func_name / LIBRARY lib_name as a stacked (looped) construct; the conversion linearises them to a fixed mandatory sequence. Structural/ordering representation nuance; no grammar token lost.
img-06035	C	minor	call_spec: LANGUAGE {C|EXTERNAL|INTERNAL}, NAME func_name, LIBRARY lib_name, [PARAMETERS parameter_list] - all tokens and the optional PARAMETERS marker present and correct. The diagram renders NAME func_name / LIBRARY lib_name as a stacked (looped) construct; the conversion linearises them to a fixed mandatory sequence. Structural/ordering representation nuance; no grammar token lost.
img-06042	C	minor	call_spec: LANGUAGE {C|EXTERNAL|INTERNAL}, NAME func_name, LIBRARY lib_name, [PARAMETERS parameter_list] - all tokens and the optional PARAMETERS marker present and correct. The diagram renders NAME func_name / LIBRARY lib_name as a stacked (looped) construct; the conversion linearises them to a fixed mandatory sequence. Structural/ordering representation nuance; no grammar token lost.
img-00994	C	minor	execute_procedure_statement: all tokens and optional markers present. Conversion nests the qualifier brackets as [ user_name '.' [ package_name '.' ] ] (package_name only reachable after user_name), whereas the diagram shows user_name and package_name as independent optionals - inconsistent with the sibling execute_function_statement (C033) which is converted with independent brackets. Bracket-scope imprecision.
img-02185	C	minor	execute_procedure_statement: all tokens and optional markers present. Conversion nests the qualifier brackets as [ user_name '.' [ package_name '.' ] ] (package_name only reachable after user_name), whereas the diagram shows user_name and package_name as independent optionals - inconsistent with the sibling execute_function_statement (C033) which is converted with independent brackets. Bracket-scope imprecision.
img-03310	C	minor	execute_procedure_statement: all tokens and optional markers present. Conversion nests the qualifier brackets as [ user_name '.' [ package_name '.' ] ] (package_name only reachable after user_name), whereas the diagram shows user_name and package_name as independent optionals - inconsistent with the sibling execute_function_statement (C033) which is converted with independent brackets. Bracket-scope imprecision.
img-03458	C	minor	execute_procedure_statement: all tokens and optional markers present. Conversion nests the qualifier brackets as [ user_name '.' [ package_name '.' ] ] (package_name only reachable after user_name), whereas the diagram shows user_name and package_name as independent optionals - inconsistent with the sibling execute_function_statement (C033) which is converted with independent brackets. Bracket-scope imprecision.
img-04514	C	minor	execute_procedure_statement: all tokens and optional markers present. Conversion nests the qualifier brackets as [ user_name '.' [ package_name '.' ] ] (package_name only reachable after user_name), whereas the diagram shows user_name and package_name as independent optionals - inconsistent with the sibling execute_function_statement (C033) which is converted with independent brackets. Bracket-scope imprecision.
img-05641	C	minor	execute_procedure_statement: all tokens and optional markers present. Conversion nests the qualifier brackets as [ user_name '.' [ package_name '.' ] ] (package_name only reachable after user_name), whereas the diagram shows user_name and package_name as independent optionals - inconsistent with the sibling execute_function_statement (C033) which is converted with independent brackets. Bracket-scope imprecision.
img-05789	C	minor	execute_procedure_statement: all tokens and optional markers present. Conversion nests the qualifier brackets as [ user_name '.' [ package_name '.' ] ] (package_name only reachable after user_name), whereas the diagram shows user_name and package_name as independent optionals - inconsistent with the sibling execute_function_statement (C033) which is converted with independent brackets. Bracket-scope imprecision.
img-06870	C	minor	execute_procedure_statement: all tokens and optional markers present. Conversion nests the qualifier brackets as [ user_name '.' [ package_name '.' ] ] (package_name only reachable after user_name), whereas the diagram shows user_name and package_name as independent optionals - inconsistent with the sibling execute_function_statement (C033) which is converted with independent brackets. Bracket-scope imprecision.
img-00995	C	match	execute_function_statement: EXEC[UTE] variable ':=' [user_name '.'] [package_name '.'] function_name [ '(' [parameter_notation {',' parameter_notation}] ')' ] ';' - independent optional qualifiers, all paths match diagram.
img-02186	C	match	execute_function_statement: EXEC[UTE] variable ':=' [user_name '.'] [package_name '.'] function_name [ '(' [parameter_notation {',' parameter_notation}] ')' ] ';' - independent optional qualifiers, all paths match diagram.
img-03311	C	match	execute_function_statement: EXEC[UTE] variable ':=' [user_name '.'] [package_name '.'] function_name [ '(' [parameter_notation {',' parameter_notation}] ')' ] ';' - independent optional qualifiers, all paths match diagram.
img-03459	C	match	execute_function_statement: EXEC[UTE] variable ':=' [user_name '.'] [package_name '.'] function_name [ '(' [parameter_notation {',' parameter_notation}] ')' ] ';' - independent optional qualifiers, all paths match diagram.
img-04515	C	match	execute_function_statement: EXEC[UTE] variable ':=' [user_name '.'] [package_name '.'] function_name [ '(' [parameter_notation {',' parameter_notation}] ')' ] ';' - independent optional qualifiers, all paths match diagram.
img-05642	C	match	execute_function_statement: EXEC[UTE] variable ':=' [user_name '.'] [package_name '.'] function_name [ '(' [parameter_notation {',' parameter_notation}] ')' ] ';' - independent optional qualifiers, all paths match diagram.
img-05790	C	match	execute_function_statement: EXEC[UTE] variable ':=' [user_name '.'] [package_name '.'] function_name [ '(' [parameter_notation {',' parameter_notation}] ')' ] ';' - independent optional qualifiers, all paths match diagram.
img-06871	C	match	execute_function_statement: EXEC[UTE] variable ':=' [user_name '.'] [package_name '.'] function_name [ '(' [parameter_notation {',' parameter_notation}] ')' ] ';' - independent optional qualifiers, all paths match diagram.
img-00996	C	minor	parameter_notation: conversion gives the choice 'expression | parameter_name => expression'. The parameter_notation.gif diagram draws this choice as a comma-separated list (comma loop visible); the conversion factors the comma repetition out to the call sites (execute_procedure/function_statement use 'parameter_notation {',' parameter_notation}'). No grammar information lost from the sidecar; per-image the comma loop is not redrawn.
img-02187	C	minor	parameter_notation: conversion gives the choice 'expression | parameter_name => expression'. The parameter_notation.gif diagram draws this choice as a comma-separated list (comma loop visible); the conversion factors the comma repetition out to the call sites (execute_procedure/function_statement use 'parameter_notation {',' parameter_notation}'). No grammar information lost from the sidecar; per-image the comma loop is not redrawn.
img-03312	C	minor	parameter_notation: conversion gives the choice 'expression | parameter_name => expression'. The parameter_notation.gif diagram draws this choice as a comma-separated list (comma loop visible); the conversion factors the comma repetition out to the call sites (execute_procedure/function_statement use 'parameter_notation {',' parameter_notation}'). No grammar information lost from the sidecar; per-image the comma loop is not redrawn.
img-03460	C	minor	parameter_notation: conversion gives the choice 'expression | parameter_name => expression'. The parameter_notation.gif diagram draws this choice as a comma-separated list (comma loop visible); the conversion factors the comma repetition out to the call sites (execute_procedure/function_statement use 'parameter_notation {',' parameter_notation}'). No grammar information lost from the sidecar; per-image the comma loop is not redrawn.
img-04516	C	minor	parameter_notation: conversion gives the choice 'expression | parameter_name => expression'. The parameter_notation.gif diagram draws this choice as a comma-separated list (comma loop visible); the conversion factors the comma repetition out to the call sites (execute_procedure/function_statement use 'parameter_notation {',' parameter_notation}'). No grammar information lost from the sidecar; per-image the comma loop is not redrawn.
img-05643	C	minor	parameter_notation: conversion gives the choice 'expression | parameter_name => expression'. The parameter_notation.gif diagram draws this choice as a comma-separated list (comma loop visible); the conversion factors the comma repetition out to the call sites (execute_procedure/function_statement use 'parameter_notation {',' parameter_notation}'). No grammar information lost from the sidecar; per-image the comma loop is not redrawn.
img-05791	C	minor	parameter_notation: conversion gives the choice 'expression | parameter_name => expression'. The parameter_notation.gif diagram draws this choice as a comma-separated list (comma loop visible); the conversion factors the comma repetition out to the call sites (execute_procedure/function_statement use 'parameter_notation {',' parameter_notation}'). No grammar information lost from the sidecar; per-image the comma loop is not redrawn.
img-06872	C	minor	parameter_notation: conversion gives the choice 'expression | parameter_name => expression'. The parameter_notation.gif diagram draws this choice as a comma-separated list (comma loop visible); the conversion factors the comma repetition out to the call sites (execute_procedure/function_statement use 'parameter_notation {',' parameter_notation}'). No grammar information lost from the sidecar; per-image the comma loop is not redrawn.
img-01002	C	match	block: [<<label_name>>] [DECLARE declaration_section] BEGIN statement {statement} [EXCEPTION exception_handler {exception_handler}] END [label_name] ';' - all optional/repeat markers match.
img-02193	C	match	block: [<<label_name>>] [DECLARE declaration_section] BEGIN statement {statement} [EXCEPTION exception_handler {exception_handler}] END [label_name] ';' - all optional/repeat markers match.
img-03318	C	match	block: [<<label_name>>] [DECLARE declaration_section] BEGIN statement {statement} [EXCEPTION exception_handler {exception_handler}] END [label_name] ';' - all optional/repeat markers match.
img-03466	C	match	block: [<<label_name>>] [DECLARE declaration_section] BEGIN statement {statement} [EXCEPTION exception_handler {exception_handler}] END [label_name] ';' - all optional/repeat markers match.
img-04522	C	match	block: [<<label_name>>] [DECLARE declaration_section] BEGIN statement {statement} [EXCEPTION exception_handler {exception_handler}] END [label_name] ';' - all optional/repeat markers match.
img-05649	C	match	block: [<<label_name>>] [DECLARE declaration_section] BEGIN statement {statement} [EXCEPTION exception_handler {exception_handler}] END [label_name] ';' - all optional/repeat markers match.
img-05797	C	match	block: [<<label_name>>] [DECLARE declaration_section] BEGIN statement {statement} [EXCEPTION exception_handler {exception_handler}] END [label_name] ';' - all optional/repeat markers match.
img-06878	C	match	block: [<<label_name>>] [DECLARE declaration_section] BEGIN statement {statement} [EXCEPTION exception_handler {exception_handler}] END [label_name] ';' - all optional/repeat markers match.
img-01003	C	match	statement: [<<label_name>>] then 11-way choice (print/sql/control_flow/open_cursor/open_for/fetch/close_cursor/assignment/raise/return/block) - all alternatives match.
img-02194	C	match	statement: [<<label_name>>] then 11-way choice (print/sql/control_flow/open_cursor/open_for/fetch/close_cursor/assignment/raise/return/block) - all alternatives match.
img-03319	C	match	statement: [<<label_name>>] then 11-way choice (print/sql/control_flow/open_cursor/open_for/fetch/close_cursor/assignment/raise/return/block) - all alternatives match.
img-03467	C	match	statement: [<<label_name>>] then 11-way choice (print/sql/control_flow/open_cursor/open_for/fetch/close_cursor/assignment/raise/return/block) - all alternatives match.
img-04523	C	match	statement: [<<label_name>>] then 11-way choice (print/sql/control_flow/open_cursor/open_for/fetch/close_cursor/assignment/raise/return/block) - all alternatives match.
img-05650	C	match	statement: [<<label_name>>] then 11-way choice (print/sql/control_flow/open_cursor/open_for/fetch/close_cursor/assignment/raise/return/block) - all alternatives match.
img-05798	C	match	statement: [<<label_name>>] then 11-way choice (print/sql/control_flow/open_cursor/open_for/fetch/close_cursor/assignment/raise/return/block) - all alternatives match.
img-06879	C	match	statement: [<<label_name>>] then 11-way choice (print/sql/control_flow/open_cursor/open_for/fetch/close_cursor/assignment/raise/return/block) - all alternatives match.
img-01004	C	match	sql_statement: 12-way choice (select_into/insert/delete/update/move/merge/commit/rollback/savepoint/execute_imme/enqueue/dequeue) - all alternatives match.
img-02195	C	match	sql_statement: 12-way choice (select_into/insert/delete/update/move/merge/commit/rollback/savepoint/execute_imme/enqueue/dequeue) - all alternatives match.
img-03320	C	match	sql_statement: 12-way choice (select_into/insert/delete/update/move/merge/commit/rollback/savepoint/execute_imme/enqueue/dequeue) - all alternatives match.
img-03468	C	match	sql_statement: 12-way choice (select_into/insert/delete/update/move/merge/commit/rollback/savepoint/execute_imme/enqueue/dequeue) - all alternatives match.
img-04524	C	match	sql_statement: 12-way choice (select_into/insert/delete/update/move/merge/commit/rollback/savepoint/execute_imme/enqueue/dequeue) - all alternatives match.
img-05651	C	match	sql_statement: 12-way choice (select_into/insert/delete/update/move/merge/commit/rollback/savepoint/execute_imme/enqueue/dequeue) - all alternatives match.
img-05799	C	match	sql_statement: 12-way choice (select_into/insert/delete/update/move/merge/commit/rollback/savepoint/execute_imme/enqueue/dequeue) - all alternatives match.
img-06880	C	match	sql_statement: 12-way choice (select_into/insert/delete/update/move/merge/commit/rollback/savepoint/execute_imme/enqueue/dequeue) - all alternatives match.
img-01005	C	match	declaration_section/variable_declaration/constant_declaration/data_type - all four definitions, choices and optional markers match diagram.
img-02196	C	match	declaration_section/variable_declaration/constant_declaration/data_type - all four definitions, choices and optional markers match diagram.
img-03321	C	match	declaration_section/variable_declaration/constant_declaration/data_type - all four definitions, choices and optional markers match diagram.
img-03469	C	match	declaration_section/variable_declaration/constant_declaration/data_type - all four definitions, choices and optional markers match diagram.
img-04525	C	match	declaration_section/variable_declaration/constant_declaration/data_type - all four definitions, choices and optional markers match diagram.
img-05652	C	match	declaration_section/variable_declaration/constant_declaration/data_type - all four definitions, choices and optional markers match diagram.
img-05800	C	match	declaration_section/variable_declaration/constant_declaration/data_type - all four definitions, choices and optional markers match diagram.
img-06881	C	match	declaration_section/variable_declaration/constant_declaration/data_type - all four definitions, choices and optional markers match diagram.
img-01006	C	match	type_attribute {table_name [.column_name]|variable_name}'%'TYPE and rowtype_attribute {cursor_name|table_name}'%'ROWTYPE - match.
img-02197	C	match	type_attribute {table_name [.column_name]|variable_name}'%'TYPE and rowtype_attribute {cursor_name|table_name}'%'ROWTYPE - match.
img-03322	C	match	type_attribute {table_name [.column_name]|variable_name}'%'TYPE and rowtype_attribute {cursor_name|table_name}'%'ROWTYPE - match.
img-03470	C	match	type_attribute {table_name [.column_name]|variable_name}'%'TYPE and rowtype_attribute {cursor_name|table_name}'%'ROWTYPE - match.
img-04526	C	match	type_attribute {table_name [.column_name]|variable_name}'%'TYPE and rowtype_attribute {cursor_name|table_name}'%'ROWTYPE - match.
img-05653	C	match	type_attribute {table_name [.column_name]|variable_name}'%'TYPE and rowtype_attribute {cursor_name|table_name}'%'ROWTYPE - match.
img-05801	C	match	type_attribute {table_name [.column_name]|variable_name}'%'TYPE and rowtype_attribute {cursor_name|table_name}'%'ROWTYPE - match.
img-06882	C	match	type_attribute {table_name [.column_name]|variable_name}'%'TYPE and rowtype_attribute {cursor_name|table_name}'%'ROWTYPE - match.
img-01008	C	match	select_into_statement and bulk_collect_clause - SELECT [hints][{ALL|DISTINCT}][TOP(expr)] select_list INTO {...|bulk_collect_clause} FROM ... ';' all paths match.
img-02199	C	match	select_into_statement and bulk_collect_clause - SELECT [hints][{ALL|DISTINCT}][TOP(expr)] select_list INTO {...|bulk_collect_clause} FROM ... ';' all paths match.
img-03324	C	match	select_into_statement and bulk_collect_clause - SELECT [hints][{ALL|DISTINCT}][TOP(expr)] select_list INTO {...|bulk_collect_clause} FROM ... ';' all paths match.
img-03472	C	match	select_into_statement and bulk_collect_clause - SELECT [hints][{ALL|DISTINCT}][TOP(expr)] select_list INTO {...|bulk_collect_clause} FROM ... ';' all paths match.
img-04528	C	match	select_into_statement and bulk_collect_clause - SELECT [hints][{ALL|DISTINCT}][TOP(expr)] select_list INTO {...|bulk_collect_clause} FROM ... ';' all paths match.
img-05655	C	match	select_into_statement and bulk_collect_clause - SELECT [hints][{ALL|DISTINCT}][TOP(expr)] select_list INTO {...|bulk_collect_clause} FROM ... ';' all paths match.
img-05803	C	match	select_into_statement and bulk_collect_clause - SELECT [hints][{ALL|DISTINCT}][TOP(expr)] select_list INTO {...|bulk_collect_clause} FROM ... ';' all paths match.
img-06884	C	match	select_into_statement and bulk_collect_clause - SELECT [hints][{ALL|DISTINCT}][TOP(expr)] select_list INTO {...|bulk_collect_clause} FROM ... ';' all paths match.
img-01009	C	match	returning_clause/into_clause/bulk_collect_clause - {RETURN|RETURNING} expr list and INTO targets match diagram.
img-02200	C	match	returning_clause/into_clause/bulk_collect_clause - {RETURN|RETURNING} expr list and INTO targets match diagram.
img-03325	C	match	returning_clause/into_clause/bulk_collect_clause - {RETURN|RETURNING} expr list and INTO targets match diagram.
img-03473	C	match	returning_clause/into_clause/bulk_collect_clause - {RETURN|RETURNING} expr list and INTO targets match diagram.
img-04529	C	match	returning_clause/into_clause/bulk_collect_clause - {RETURN|RETURNING} expr list and INTO targets match diagram.
img-05656	C	match	returning_clause/into_clause/bulk_collect_clause - {RETURN|RETURNING} expr list and INTO targets match diagram.
img-05804	C	match	returning_clause/into_clause/bulk_collect_clause - {RETURN|RETURNING} expr list and INTO targets match diagram.
img-06885	C	match	returning_clause/into_clause/bulk_collect_clause - {RETURN|RETURNING} expr list and INTO targets match diagram.
img-01010	C	match	assignment_statement: both forms ({var|param|record[.col]} ':=' expr ';') and (SET {...} '=' expr ';') match diagram.
img-02201	C	match	assignment_statement: both forms ({var|param|record[.col]} ':=' expr ';') and (SET {...} '=' expr ';') match diagram.
img-03326	C	match	assignment_statement: both forms ({var|param|record[.col]} ':=' expr ';') and (SET {...} '=' expr ';') match diagram.
img-03474	C	match	assignment_statement: both forms ({var|param|record[.col]} ':=' expr ';') and (SET {...} '=' expr ';') match diagram.
img-04530	C	match	assignment_statement: both forms ({var|param|record[.col]} ':=' expr ';') and (SET {...} '=' expr ';') match diagram.
img-05657	C	match	assignment_statement: both forms ({var|param|record[.col]} ':=' expr ';') and (SET {...} '=' expr ';') match diagram.
img-05805	C	match	assignment_statement: both forms ({var|param|record[.col]} ':=' expr ';') and (SET {...} '=' expr ';') match diagram.
img-06886	C	match	assignment_statement: both forms ({var|param|record[.col]} ':=' expr ';') and (SET {...} '=' expr ';') match diagram.
img-01011	C	match	print_statement: {PRINT|PRINTLN} '(' string ')' ';' - matches.
img-02202	C	match	print_statement: {PRINT|PRINTLN} '(' string ')' ';' - matches.
img-03327	C	match	print_statement: {PRINT|PRINTLN} '(' string ')' ';' - matches.
img-03475	C	match	print_statement: {PRINT|PRINTLN} '(' string ')' ';' - matches.
img-04531	C	match	print_statement: {PRINT|PRINTLN} '(' string ')' ';' - matches.
img-05658	C	match	print_statement: {PRINT|PRINTLN} '(' string ')' ';' - matches.
img-05806	C	match	print_statement: {PRINT|PRINTLN} '(' string ')' ';' - matches.
img-06887	C	match	print_statement: {PRINT|PRINTLN} '(' string ')' ';' - matches.
img-01012	C	match	return_statement: RETURN [ ['('] expression [')'] ] ';' - optional parens and optional expression match.
img-02203	C	match	return_statement: RETURN [ ['('] expression [')'] ] ';' - optional parens and optional expression match.
img-03328	C	match	return_statement: RETURN [ ['('] expression [')'] ] ';' - optional parens and optional expression match.
img-03476	C	match	return_statement: RETURN [ ['('] expression [')'] ] ';' - optional parens and optional expression match.
img-04532	C	match	return_statement: RETURN [ ['('] expression [')'] ] ';' - optional parens and optional expression match.
img-05659	C	match	return_statement: RETURN [ ['('] expression [')'] ] ';' - optional parens and optional expression match.
img-05807	C	match	return_statement: RETURN [ ['('] expression [')'] ] ';' - optional parens and optional expression match.
img-06888	C	match	return_statement: RETURN [ ['('] expression [')'] ] ';' - optional parens and optional expression match.
img-01013	C	match	single_table_insert: INTO table_clause values_clause [returning_clause]; values_clause: VALUES record_name - match.
img-02204	C	match	single_table_insert: INTO table_clause values_clause [returning_clause]; values_clause: VALUES record_name - match.
img-03329	C	match	single_table_insert: INTO table_clause values_clause [returning_clause]; values_clause: VALUES record_name - match.
img-03477	C	match	single_table_insert: INTO table_clause values_clause [returning_clause]; values_clause: VALUES record_name - match.
img-04533	C	match	single_table_insert: INTO table_clause values_clause [returning_clause]; values_clause: VALUES record_name - match.
img-05660	C	match	single_table_insert: INTO table_clause values_clause [returning_clause]; values_clause: VALUES record_name - match.
img-05808	C	match	single_table_insert: INTO table_clause values_clause [returning_clause]; values_clause: VALUES record_name - match.
img-06889	C	match	single_table_insert: INTO table_clause values_clause [returning_clause]; values_clause: VALUES record_name - match.
img-01014	C	match	set_clause_list: SET ROW '=' record_name - matches.
img-02205	C	match	set_clause_list: SET ROW '=' record_name - matches.
img-03330	C	match	set_clause_list: SET ROW '=' record_name - matches.
img-03478	C	match	set_clause_list: SET ROW '=' record_name - matches.
img-04534	C	match	set_clause_list: SET ROW '=' record_name - matches.
img-05661	C	match	set_clause_list: SET ROW '=' record_name - matches.
img-05809	C	match	set_clause_list: SET ROW '=' record_name - matches.
img-06890	C	match	set_clause_list: SET ROW '=' record_name - matches.
img-01015	C	match	control_flow_statement: 8-way choice (if/case/simple_loop/while_loop/for_loop/exit/continue/null) - all alternatives match.
img-02206	C	match	control_flow_statement: 8-way choice (if/case/simple_loop/while_loop/for_loop/exit/continue/null) - all alternatives match.
img-03331	C	match	control_flow_statement: 8-way choice (if/case/simple_loop/while_loop/for_loop/exit/continue/null) - all alternatives match.
img-03479	C	match	control_flow_statement: 8-way choice (if/case/simple_loop/while_loop/for_loop/exit/continue/null) - all alternatives match.
img-04535	C	match	control_flow_statement: 8-way choice (if/case/simple_loop/while_loop/for_loop/exit/continue/null) - all alternatives match.
img-05662	C	match	control_flow_statement: 8-way choice (if/case/simple_loop/while_loop/for_loop/exit/continue/null) - all alternatives match.
img-05810	C	match	control_flow_statement: 8-way choice (if/case/simple_loop/while_loop/for_loop/exit/continue/null) - all alternatives match.
img-06891	C	match	control_flow_statement: 8-way choice (if/case/simple_loop/while_loop/for_loop/exit/continue/null) - all alternatives match.
img-01016	C	match	if_statement: IF condition THEN statement {statement} {ELS(E)IF ...} [ELSE ...] END IF ';' - repeatable ELSIF and optional ELSE match diagram.
img-02207	C	match	if_statement: IF condition THEN statement {statement} {ELS(E)IF ...} [ELSE ...] END IF ';' - repeatable ELSIF and optional ELSE match diagram.
img-03332	C	match	if_statement: IF condition THEN statement {statement} {ELS(E)IF ...} [ELSE ...] END IF ';' - repeatable ELSIF and optional ELSE match diagram.
img-03480	C	match	if_statement: IF condition THEN statement {statement} {ELS(E)IF ...} [ELSE ...] END IF ';' - repeatable ELSIF and optional ELSE match diagram.
img-04536	C	match	if_statement: IF condition THEN statement {statement} {ELS(E)IF ...} [ELSE ...] END IF ';' - repeatable ELSIF and optional ELSE match diagram.
img-05663	C	match	if_statement: IF condition THEN statement {statement} {ELS(E)IF ...} [ELSE ...] END IF ';' - repeatable ELSIF and optional ELSE match diagram.
img-05811	C	match	if_statement: IF condition THEN statement {statement} {ELS(E)IF ...} [ELSE ...] END IF ';' - repeatable ELSIF and optional ELSE match diagram.
img-06892	C	match	if_statement: IF condition THEN statement {statement} {ELS(E)IF ...} [ELSE ...] END IF ';' - repeatable ELSIF and optional ELSE match diagram.
img-01017	C	match	case_statement_1 (CASE {WHEN condition THEN ...} [ELSE ...] END CASE) and case_statement_2 (CASE case_variable {WHEN when_value THEN ...} [ELSE ...] END CASE) - both forms match.
img-02208	C	match	case_statement_1 (CASE {WHEN condition THEN ...} [ELSE ...] END CASE) and case_statement_2 (CASE case_variable {WHEN when_value THEN ...} [ELSE ...] END CASE) - both forms match.
img-03333	C	match	case_statement_1 (CASE {WHEN condition THEN ...} [ELSE ...] END CASE) and case_statement_2 (CASE case_variable {WHEN when_value THEN ...} [ELSE ...] END CASE) - both forms match.
img-03481	C	match	case_statement_1 (CASE {WHEN condition THEN ...} [ELSE ...] END CASE) and case_statement_2 (CASE case_variable {WHEN when_value THEN ...} [ELSE ...] END CASE) - both forms match.
img-04537	C	match	case_statement_1 (CASE {WHEN condition THEN ...} [ELSE ...] END CASE) and case_statement_2 (CASE case_variable {WHEN when_value THEN ...} [ELSE ...] END CASE) - both forms match.
img-05664	C	match	case_statement_1 (CASE {WHEN condition THEN ...} [ELSE ...] END CASE) and case_statement_2 (CASE case_variable {WHEN when_value THEN ...} [ELSE ...] END CASE) - both forms match.
img-05812	C	match	case_statement_1 (CASE {WHEN condition THEN ...} [ELSE ...] END CASE) and case_statement_2 (CASE case_variable {WHEN when_value THEN ...} [ELSE ...] END CASE) - both forms match.
img-06893	C	match	case_statement_1 (CASE {WHEN condition THEN ...} [ELSE ...] END CASE) and case_statement_2 (CASE case_variable {WHEN when_value THEN ...} [ELSE ...] END CASE) - both forms match.
img-01018	C	match	loop_statement: [<<label_name>>] LOOP statement {statement} END LOOP [label_name] ';' - matches.
img-02209	C	match	loop_statement: [<<label_name>>] LOOP statement {statement} END LOOP [label_name] ';' - matches.
img-03334	C	match	loop_statement: [<<label_name>>] LOOP statement {statement} END LOOP [label_name] ';' - matches.
img-03482	C	match	loop_statement: [<<label_name>>] LOOP statement {statement} END LOOP [label_name] ';' - matches.
img-04538	C	match	loop_statement: [<<label_name>>] LOOP statement {statement} END LOOP [label_name] ';' - matches.
img-05665	C	match	loop_statement: [<<label_name>>] LOOP statement {statement} END LOOP [label_name] ';' - matches.
img-05813	C	match	loop_statement: [<<label_name>>] LOOP statement {statement} END LOOP [label_name] ';' - matches.
img-06894	C	match	loop_statement: [<<label_name>>] LOOP statement {statement} END LOOP [label_name] ';' - matches.
img-01019	C	match	while_loop_statement: [<<label_name>>] WHILE condition LOOP statement {statement} END LOOP [label_name] ';' - matches.
img-02210	C	match	while_loop_statement: [<<label_name>>] WHILE condition LOOP statement {statement} END LOOP [label_name] ';' - matches.
img-03335	C	match	while_loop_statement: [<<label_name>>] WHILE condition LOOP statement {statement} END LOOP [label_name] ';' - matches.
img-03483	C	match	while_loop_statement: [<<label_name>>] WHILE condition LOOP statement {statement} END LOOP [label_name] ';' - matches.
img-04539	C	match	while_loop_statement: [<<label_name>>] WHILE condition LOOP statement {statement} END LOOP [label_name] ';' - matches.
img-05666	C	match	while_loop_statement: [<<label_name>>] WHILE condition LOOP statement {statement} END LOOP [label_name] ';' - matches.
img-05814	C	match	while_loop_statement: [<<label_name>>] WHILE condition LOOP statement {statement} END LOOP [label_name] ';' - matches.
img-06895	C	match	while_loop_statement: [<<label_name>>] WHILE condition LOOP statement {statement} END LOOP [label_name] ';' - matches.
img-01020	C	match	for_loop_statement: [<<label_name>>] FOR counter_name IN [REVERSE] lower_bound '..' upper_bound [STEP step_size] LOOP ... END LOOP [label_name] ';' - all optional markers match.
img-02211	C	match	for_loop_statement: [<<label_name>>] FOR counter_name IN [REVERSE] lower_bound '..' upper_bound [STEP step_size] LOOP ... END LOOP [label_name] ';' - all optional markers match.
img-03336	C	match	for_loop_statement: [<<label_name>>] FOR counter_name IN [REVERSE] lower_bound '..' upper_bound [STEP step_size] LOOP ... END LOOP [label_name] ';' - all optional markers match.
img-03484	C	match	for_loop_statement: [<<label_name>>] FOR counter_name IN [REVERSE] lower_bound '..' upper_bound [STEP step_size] LOOP ... END LOOP [label_name] ';' - all optional markers match.
img-04540	C	match	for_loop_statement: [<<label_name>>] FOR counter_name IN [REVERSE] lower_bound '..' upper_bound [STEP step_size] LOOP ... END LOOP [label_name] ';' - all optional markers match.
img-05667	C	match	for_loop_statement: [<<label_name>>] FOR counter_name IN [REVERSE] lower_bound '..' upper_bound [STEP step_size] LOOP ... END LOOP [label_name] ';' - all optional markers match.
img-05815	C	match	for_loop_statement: [<<label_name>>] FOR counter_name IN [REVERSE] lower_bound '..' upper_bound [STEP step_size] LOOP ... END LOOP [label_name] ';' - all optional markers match.
img-06896	C	match	for_loop_statement: [<<label_name>>] FOR counter_name IN [REVERSE] lower_bound '..' upper_bound [STEP step_size] LOOP ... END LOOP [label_name] ';' - all optional markers match.
img-01021	C	match	exit_statement: EXIT [label_name] [WHEN condition] ';' - matches.
img-02212	C	match	exit_statement: EXIT [label_name] [WHEN condition] ';' - matches.
img-03337	C	match	exit_statement: EXIT [label_name] [WHEN condition] ';' - matches.
img-03485	C	match	exit_statement: EXIT [label_name] [WHEN condition] ';' - matches.
img-04541	C	match	exit_statement: EXIT [label_name] [WHEN condition] ';' - matches.
img-05668	C	match	exit_statement: EXIT [label_name] [WHEN condition] ';' - matches.
img-05816	C	match	exit_statement: EXIT [label_name] [WHEN condition] ';' - matches.
img-06897	C	match	exit_statement: EXIT [label_name] [WHEN condition] ';' - matches.
img-01022	C	match	continue_statement: CONTINUE ';' - matches.
img-02213	C	match	continue_statement: CONTINUE ';' - matches.
img-03338	C	match	continue_statement: CONTINUE ';' - matches.
img-03486	C	match	continue_statement: CONTINUE ';' - matches.
img-04542	C	match	continue_statement: CONTINUE ';' - matches.
img-05669	C	match	continue_statement: CONTINUE ';' - matches.
img-05817	C	match	continue_statement: CONTINUE ';' - matches.
img-06898	C	match	continue_statement: CONTINUE ';' - matches.
img-01023	C	match	goto_statement: GOTO label_name ';' - matches.
img-02214	C	match	goto_statement: GOTO label_name ';' - matches.
img-03339	C	match	goto_statement: GOTO label_name ';' - matches.
img-03487	C	match	goto_statement: GOTO label_name ';' - matches.
img-04543	C	match	goto_statement: GOTO label_name ';' - matches.
img-05670	C	match	goto_statement: GOTO label_name ';' - matches.
img-05818	C	match	goto_statement: GOTO label_name ';' - matches.
img-06899	C	match	goto_statement: GOTO label_name ';' - matches.
img-01024	C	match	null_statement: NULL ';' - matches.
img-02215	C	match	null_statement: NULL ';' - matches.
img-03340	C	match	null_statement: NULL ';' - matches.
img-03488	C	match	null_statement: NULL ';' - matches.
img-04544	C	match	null_statement: NULL ';' - matches.
img-05671	C	match	null_statement: NULL ';' - matches.
img-05819	C	match	null_statement: NULL ';' - matches.
img-06900	C	match	null_statement: NULL ';' - matches.
img-01025	C	match	cursor_declaration / cursor_parameter_declaration / data_type - all three definitions, optional paren list and DEFAULT/:= markers match diagram.
img-02216	C	match	cursor_declaration / cursor_parameter_declaration / data_type - all three definitions, optional paren list and DEFAULT/:= markers match diagram.
img-03341	C	match	cursor_declaration / cursor_parameter_declaration / data_type - all three definitions, optional paren list and DEFAULT/:= markers match diagram.
img-03489	C	match	cursor_declaration / cursor_parameter_declaration / data_type - all three definitions, optional paren list and DEFAULT/:= markers match diagram.
img-04545	C	match	cursor_declaration / cursor_parameter_declaration / data_type - all three definitions, optional paren list and DEFAULT/:= markers match diagram.
img-05672	C	match	cursor_declaration / cursor_parameter_declaration / data_type - all three definitions, optional paren list and DEFAULT/:= markers match diagram.
img-05820	C	match	cursor_declaration / cursor_parameter_declaration / data_type - all three definitions, optional paren list and DEFAULT/:= markers match diagram.
img-06901	C	match	cursor_declaration / cursor_parameter_declaration / data_type - all three definitions, optional paren list and DEFAULT/:= markers match diagram.
img-01026	C	match	open_cursor_statement: OPEN cursor_name [ '(' cursor_parameter_name {',' cursor_parameter_name} ')' ] ';' - matches.
img-02217	C	match	open_cursor_statement: OPEN cursor_name [ '(' cursor_parameter_name {',' cursor_parameter_name} ')' ] ';' - matches.
img-03342	C	match	open_cursor_statement: OPEN cursor_name [ '(' cursor_parameter_name {',' cursor_parameter_name} ')' ] ';' - matches.
img-03490	C	match	open_cursor_statement: OPEN cursor_name [ '(' cursor_parameter_name {',' cursor_parameter_name} ')' ] ';' - matches.
img-04546	C	match	open_cursor_statement: OPEN cursor_name [ '(' cursor_parameter_name {',' cursor_parameter_name} ')' ] ';' - matches.
img-05673	C	match	open_cursor_statement: OPEN cursor_name [ '(' cursor_parameter_name {',' cursor_parameter_name} ')' ] ';' - matches.
img-05821	C	match	open_cursor_statement: OPEN cursor_name [ '(' cursor_parameter_name {',' cursor_parameter_name} ')' ] ';' - matches.
img-06902	C	match	open_cursor_statement: OPEN cursor_name [ '(' cursor_parameter_name {',' cursor_parameter_name} ')' ] ';' - matches.
img-01027	C	match	fetch_statement: FETCH cursor_name { INTO {...} | bulk_collect_clause } ';' - matches.
img-02218	C	match	fetch_statement: FETCH cursor_name { INTO {...} | bulk_collect_clause } ';' - matches.
img-03343	C	match	fetch_statement: FETCH cursor_name { INTO {...} | bulk_collect_clause } ';' - matches.
img-03491	C	match	fetch_statement: FETCH cursor_name { INTO {...} | bulk_collect_clause } ';' - matches.
img-04547	C	match	fetch_statement: FETCH cursor_name { INTO {...} | bulk_collect_clause } ';' - matches.
img-05674	C	match	fetch_statement: FETCH cursor_name { INTO {...} | bulk_collect_clause } ';' - matches.
img-05822	C	match	fetch_statement: FETCH cursor_name { INTO {...} | bulk_collect_clause } ';' - matches.
img-06903	C	match	fetch_statement: FETCH cursor_name { INTO {...} | bulk_collect_clause } ';' - matches.
img-01028	C	match	fetch_bulk_collect_clause: BULK COLLECT INTO {...} {',' ...} [LIMIT row_count] - matches.
img-02219	C	match	fetch_bulk_collect_clause: BULK COLLECT INTO {...} {',' ...} [LIMIT row_count] - matches.
img-03344	C	match	fetch_bulk_collect_clause: BULK COLLECT INTO {...} {',' ...} [LIMIT row_count] - matches.
img-03492	C	match	fetch_bulk_collect_clause: BULK COLLECT INTO {...} {',' ...} [LIMIT row_count] - matches.
img-04548	C	match	fetch_bulk_collect_clause: BULK COLLECT INTO {...} {',' ...} [LIMIT row_count] - matches.
img-05675	C	match	fetch_bulk_collect_clause: BULK COLLECT INTO {...} {',' ...} [LIMIT row_count] - matches.
img-05823	C	match	fetch_bulk_collect_clause: BULK COLLECT INTO {...} {',' ...} [LIMIT row_count] - matches.
img-06904	C	match	fetch_bulk_collect_clause: BULK COLLECT INTO {...} {',' ...} [LIMIT row_count] - matches.
img-01029	C	match	close_cursor_statement: CLOSE cursor_name ';' - matches.
img-02220	C	match	close_cursor_statement: CLOSE cursor_name ';' - matches.
img-03345	C	match	close_cursor_statement: CLOSE cursor_name ';' - matches.
img-03493	C	match	close_cursor_statement: CLOSE cursor_name ';' - matches.
img-04549	C	match	close_cursor_statement: CLOSE cursor_name ';' - matches.
img-05676	C	match	close_cursor_statement: CLOSE cursor_name ';' - matches.
img-05824	C	match	close_cursor_statement: CLOSE cursor_name ';' - matches.
img-06905	C	match	close_cursor_statement: CLOSE cursor_name ';' - matches.
img-01030	C	match	cursor_for_loop_statement: [<<label_name>>] FOR counter_name IN cursor_name [ '(' cursor_parameter_name {...} ')' ] LOOP ... END LOOP [label_name] ';' - matches.
img-02221	C	match	cursor_for_loop_statement: [<<label_name>>] FOR counter_name IN cursor_name [ '(' cursor_parameter_name {...} ')' ] LOOP ... END LOOP [label_name] ';' - matches.
img-03346	C	match	cursor_for_loop_statement: [<<label_name>>] FOR counter_name IN cursor_name [ '(' cursor_parameter_name {...} ')' ] LOOP ... END LOOP [label_name] ';' - matches.
img-03494	C	match	cursor_for_loop_statement: [<<label_name>>] FOR counter_name IN cursor_name [ '(' cursor_parameter_name {...} ')' ] LOOP ... END LOOP [label_name] ';' - matches.
img-04550	C	match	cursor_for_loop_statement: [<<label_name>>] FOR counter_name IN cursor_name [ '(' cursor_parameter_name {...} ')' ] LOOP ... END LOOP [label_name] ';' - matches.
img-05677	C	match	cursor_for_loop_statement: [<<label_name>>] FOR counter_name IN cursor_name [ '(' cursor_parameter_name {...} ')' ] LOOP ... END LOOP [label_name] ';' - matches.
img-05825	C	match	cursor_for_loop_statement: [<<label_name>>] FOR counter_name IN cursor_name [ '(' cursor_parameter_name {...} ')' ] LOOP ... END LOOP [label_name] ';' - matches.
img-06906	C	match	cursor_for_loop_statement: [<<label_name>>] FOR counter_name IN cursor_name [ '(' cursor_parameter_name {...} ')' ] LOOP ... END LOOP [label_name] ';' - matches.
img-01033	C	match	associative_array_call_method: variable_name '.' {COUNT()|DELETE('('[index{','index}]')')|EXISTS(index)|FIRST()|LAST()|NEXT(index)|PRIOR(index)} - all 7 methods and DELETE optional index list match.
img-02224	C	match	associative_array_call_method: variable_name '.' {COUNT()|DELETE('('[index{','index}]')')|EXISTS(index)|FIRST()|LAST()|NEXT(index)|PRIOR(index)} - all 7 methods and DELETE optional index list match.
img-03349	C	match	associative_array_call_method: variable_name '.' {COUNT()|DELETE('('[index{','index}]')')|EXISTS(index)|FIRST()|LAST()|NEXT(index)|PRIOR(index)} - all 7 methods and DELETE optional index list match.
img-03497	C	match	associative_array_call_method: variable_name '.' {COUNT()|DELETE('('[index{','index}]')')|EXISTS(index)|FIRST()|LAST()|NEXT(index)|PRIOR(index)} - all 7 methods and DELETE optional index list match.
img-04553	C	match	associative_array_call_method: variable_name '.' {COUNT()|DELETE('('[index{','index}]')')|EXISTS(index)|FIRST()|LAST()|NEXT(index)|PRIOR(index)} - all 7 methods and DELETE optional index list match.
img-05680	C	match	associative_array_call_method: variable_name '.' {COUNT()|DELETE('('[index{','index}]')')|EXISTS(index)|FIRST()|LAST()|NEXT(index)|PRIOR(index)} - all 7 methods and DELETE optional index list match.
img-05828	C	match	associative_array_call_method: variable_name '.' {COUNT()|DELETE('('[index{','index}]')')|EXISTS(index)|FIRST()|LAST()|NEXT(index)|PRIOR(index)} - all 7 methods and DELETE optional index list match.
img-06909	C	match	associative_array_call_method: variable_name '.' {COUNT()|DELETE('('[index{','index}]')')|EXISTS(index)|FIRST()|LAST()|NEXT(index)|PRIOR(index)} - all 7 methods and DELETE optional index list match.
img-00183	C	match	alter_database_linker: ALTER DATABASE LINKER {START | STOP [FORCE] | DUMP} ';' - matches.
img-01309	C	match	alter_database_linker: ALTER DATABASE LINKER {START | STOP [FORCE] | DUMP} ';' - matches.
img-02500	C	match	alter_database_linker: ALTER DATABASE LINKER {START | STOP [FORCE] | DUMP} ';' - matches.
img-03684	C	match	alter_database_linker: ALTER DATABASE LINKER {START | STOP [FORCE] | DUMP} ';' - matches.
img-04830	C	match	alter_database_linker: ALTER DATABASE LINKER {START | STOP [FORCE] | DUMP} ';' - matches.
img-06015	C	match	alter_database_linker: ALTER DATABASE LINKER {START | STOP [FORCE] | DUMP} ';' - matches.
img-00184	C	match	close_database_link: re-audited against alter_session.gif. Conversion is the sequence ALTER SESSION CLOSE DATABASE LINK { ALL | dblink_name } ';' wrapped across two diagram lines; no spurious alternation. Supersedes a prior false-positive material finding that misread the line-wrap as a '|' alternation.
img-01310	C	match	close_database_link: re-audited against alter_session.gif. Conversion is the sequence ALTER SESSION CLOSE DATABASE LINK { ALL | dblink_name } ';' wrapped across two diagram lines; no spurious alternation. Supersedes a prior false-positive material finding that misread the line-wrap as a '|' alternation.
img-02501	C	match	close_database_link: re-audited against alter_session.gif. Conversion is the sequence ALTER SESSION CLOSE DATABASE LINK { ALL | dblink_name } ';' wrapped across two diagram lines; no spurious alternation. Supersedes a prior false-positive material finding that misread the line-wrap as a '|' alternation.
img-03685	C	match	close_database_link: re-audited against alter_session.gif. Conversion is the sequence ALTER SESSION CLOSE DATABASE LINK { ALL | dblink_name } ';' wrapped across two diagram lines; no spurious alternation. Supersedes a prior false-positive material finding that misread the line-wrap as a '|' alternation.
img-04831	C	match	close_database_link: re-audited against alter_session.gif. Conversion is the sequence ALTER SESSION CLOSE DATABASE LINK { ALL | dblink_name } ';' wrapped across two diagram lines; no spurious alternation. Supersedes a prior false-positive material finding that misread the line-wrap as a '|' alternation.
img-06016	C	match	close_database_link: re-audited against alter_session.gif. Conversion is the sequence ALTER SESSION CLOSE DATABASE LINK { ALL | dblink_name } ';' wrapped across two diagram lines; no spurious alternation. Supersedes a prior false-positive material finding that misread the line-wrap as a '|' alternation.
img-00198	C	match	alter_library_statement: ALTER LIBRARY [user_name '.'] library_name COMPILE ';' - matches.
img-01324	C	match	alter_library_statement: ALTER LIBRARY [user_name '.'] library_name COMPILE ';' - matches.
img-02515	C	match	alter_library_statement: ALTER LIBRARY [user_name '.'] library_name COMPILE ';' - matches.
img-03699	C	match	alter_library_statement: ALTER LIBRARY [user_name '.'] library_name COMPILE ';' - matches.
img-04845	C	match	alter_library_statement: ALTER LIBRARY [user_name '.'] library_name COMPILE ';' - matches.
img-06030	C	match	alter_library_statement: ALTER LIBRARY [user_name '.'] library_name COMPILE ';' - matches.
img-00200	C	match	create_procedure: CREATE [OR REPLACE] PROCEDURE [user_name '.'] procedure_name [argument_list] AS call_spec ';' - matches.
img-01326	C	match	create_procedure: CREATE [OR REPLACE] PROCEDURE [user_name '.'] procedure_name [argument_list] AS call_spec ';' - matches.
img-02517	C	match	create_procedure: CREATE [OR REPLACE] PROCEDURE [user_name '.'] procedure_name [argument_list] AS call_spec ';' - matches.
img-03701	C	match	create_procedure: CREATE [OR REPLACE] PROCEDURE [user_name '.'] procedure_name [argument_list] AS call_spec ';' - matches.
img-04847	C	match	create_procedure: CREATE [OR REPLACE] PROCEDURE [user_name '.'] procedure_name [argument_list] AS call_spec ';' - matches.
img-06032	C	match	create_procedure: CREATE [OR REPLACE] PROCEDURE [user_name '.'] procedure_name [argument_list] AS call_spec ';' - matches.
img-00205	C	match	parameter_declaration (ext-proc image040): parameter_name [INDICATOR|LENGTH|MAXLEN] - matches.
img-01331	C	match	parameter_declaration (ext-proc image040): parameter_name [INDICATOR|LENGTH|MAXLEN] - matches.
img-02522	C	match	parameter_declaration (ext-proc image040): parameter_name [INDICATOR|LENGTH|MAXLEN] - matches.
img-03706	C	match	parameter_declaration (ext-proc image040): parameter_name [INDICATOR|LENGTH|MAXLEN] - matches.
img-04852	C	match	parameter_declaration (ext-proc image040): parameter_name [INDICATOR|LENGTH|MAXLEN] - matches.
img-06037	C	match	parameter_declaration (ext-proc image040): parameter_name [INDICATOR|LENGTH|MAXLEN] - matches.
img-00207	C	match	create_function: CREATE [OR REPLACE] FUNCTION [user_name '.'] function_name [argument_list] RETURN return_type AS call_spec ';' - matches.
img-01333	C	match	create_function: CREATE [OR REPLACE] FUNCTION [user_name '.'] function_name [argument_list] RETURN return_type AS call_spec ';' - matches.
img-02524	C	match	create_function: CREATE [OR REPLACE] FUNCTION [user_name '.'] function_name [argument_list] RETURN return_type AS call_spec ';' - matches.
img-03708	C	match	create_function: CREATE [OR REPLACE] FUNCTION [user_name '.'] function_name [argument_list] RETURN return_type AS call_spec ';' - matches.
img-04854	C	match	create_function: CREATE [OR REPLACE] FUNCTION [user_name '.'] function_name [argument_list] RETURN return_type AS call_spec ';' - matches.
img-06039	C	match	create_function: CREATE [OR REPLACE] FUNCTION [user_name '.'] function_name [argument_list] RETURN return_type AS call_spec ';' - matches.
img-00212	C	match	parameter_declaration (ext-proc image049): {parameter_name|RETURN} [INDICATOR|LENGTH|MAXLEN] - matches.
img-01338	C	match	parameter_declaration (ext-proc image049): {parameter_name|RETURN} [INDICATOR|LENGTH|MAXLEN] - matches.
img-02529	C	match	parameter_declaration (ext-proc image049): {parameter_name|RETURN} [INDICATOR|LENGTH|MAXLEN] - matches.
img-03713	C	match	parameter_declaration (ext-proc image049): {parameter_name|RETURN} [INDICATOR|LENGTH|MAXLEN] - matches.
img-04859	C	match	parameter_declaration (ext-proc image049): {parameter_name|RETURN} [INDICATOR|LENGTH|MAXLEN] - matches.
img-06044	C	match	parameter_declaration (ext-proc image049): {parameter_name|RETURN} [INDICATOR|LENGTH|MAXLEN] - matches.
img-00214	C	match	execute_procedure_statement (ext-proc image053): EXEC[UTE] [user_name '.'] [package_name '.'] procedure_name [ '(' [parameter_notation] ')' ] ';' - independent optional qualifiers match.
img-01340	C	match	execute_procedure_statement (ext-proc image053): EXEC[UTE] [user_name '.'] [package_name '.'] procedure_name [ '(' [parameter_notation] ')' ] ';' - independent optional qualifiers match.
img-02531	C	match	execute_procedure_statement (ext-proc image053): EXEC[UTE] [user_name '.'] [package_name '.'] procedure_name [ '(' [parameter_notation] ')' ] ';' - independent optional qualifiers match.
img-03715	C	match	execute_procedure_statement (ext-proc image053): EXEC[UTE] [user_name '.'] [package_name '.'] procedure_name [ '(' [parameter_notation] ')' ] ';' - independent optional qualifiers match.
img-04861	C	match	execute_procedure_statement (ext-proc image053): EXEC[UTE] [user_name '.'] [package_name '.'] procedure_name [ '(' [parameter_notation] ')' ] ';' - independent optional qualifiers match.
img-06046	C	match	execute_procedure_statement (ext-proc image053): EXEC[UTE] [user_name '.'] [package_name '.'] procedure_name [ '(' [parameter_notation] ')' ] ';' - independent optional qualifiers match.
img-00215	C	match	execute_function_statement (ext-proc image055): EXEC[UTE] variable ':=' [user_name '.'] [package_name '.'] function_name [ '(' [parameter_notation] ')' ] ';' - matches.
img-01341	C	match	execute_function_statement (ext-proc image055): EXEC[UTE] variable ':=' [user_name '.'] [package_name '.'] function_name [ '(' [parameter_notation] ')' ] ';' - matches.
img-02532	C	match	execute_function_statement (ext-proc image055): EXEC[UTE] variable ':=' [user_name '.'] [package_name '.'] function_name [ '(' [parameter_notation] ')' ] ';' - matches.
img-03716	C	match	execute_function_statement (ext-proc image055): EXEC[UTE] variable ':=' [user_name '.'] [package_name '.'] function_name [ '(' [parameter_notation] ')' ] ';' - matches.
img-04862	C	match	execute_function_statement (ext-proc image055): EXEC[UTE] variable ':=' [user_name '.'] [package_name '.'] function_name [ '(' [parameter_notation] ')' ] ';' - matches.
img-06047	C	match	execute_function_statement (ext-proc image055): EXEC[UTE] variable ':=' [user_name '.'] [package_name '.'] function_name [ '(' [parameter_notation] ')' ] ';' - matches.
img-00216	C	match	parameter_notation (ext-proc image057): expression [{',' expression}] | parameter_name '=>' expression [{',' parameter_name '=>' expression}] - both comma-separated branches match diagram.
img-01342	C	match	parameter_notation (ext-proc image057): expression [{',' expression}] | parameter_name '=>' expression [{',' parameter_name '=>' expression}] - both comma-separated branches match diagram.
img-02533	C	match	parameter_notation (ext-proc image057): expression [{',' expression}] | parameter_name '=>' expression [{',' parameter_name '=>' expression}] - both comma-separated branches match diagram.
img-03717	C	match	parameter_notation (ext-proc image057): expression [{',' expression}] | parameter_name '=>' expression [{',' parameter_name '=>' expression}] - both comma-separated branches match diagram.
img-04863	C	match	parameter_notation (ext-proc image057): expression [{',' expression}] | parameter_name '=>' expression [{',' parameter_name '=>' expression}] - both comma-separated branches match diagram.
img-06048	C	match	parameter_notation (ext-proc image057): expression [{',' expression}] | parameter_name '=>' expression [{',' parameter_name '=>' expression}] - both comma-separated branches match diagram.
img-00489	C	match	hints: '/*+' hint [{hint}] '*/' - one-or-more hint loop matches diagram.
img-01626	C	match	hints: '/*+' hint [{hint}] '*/' - one-or-more hint loop matches diagram.
img-02805	C	match	hints: '/*+' hint [{hint}] '*/' - one-or-more hint loop matches diagram.
img-04000	C	match	hints: '/*+' hint [{hint}] '*/' - one-or-more hint loop matches diagram.
img-05135	C	match	hints: '/*+' hint [{hint}] '*/' - one-or-more hint loop matches diagram.
img-06333	C	match	hints: '/*+' hint [{hint}] '*/' - one-or-more hint loop matches diagram.
img-00490	C	match	append: APPEND - matches.
img-01627	C	match	append: APPEND - matches.
img-02806	C	match	append: APPEND - matches.
img-04001	C	match	append: APPEND - matches.
img-05136	C	match	append: APPEND - matches.
img-06334	C	match	append: APPEND - matches.
img-00491	C	match	cnf: CNF - matches.
img-01628	C	match	cnf: CNF - matches.
img-02807	C	match	cnf: CNF - matches.
img-04002	C	match	cnf: CNF - matches.
img-05137	C	match	cnf: CNF - matches.
img-06335	C	match	cnf: CNF - matches.
img-00492	C	match	cost: COST - matches.
img-01629	C	match	cost: COST - matches.
img-02808	C	match	cost: COST - matches.
img-04003	C	match	cost: COST - matches.
img-05138	C	match	cost: COST - matches.
img-06336	C	match	cost: COST - matches.
img-00493	C	match	delay: DELAY - matches.
img-01630	C	match	delay: DELAY - matches.
img-02809	C	match	delay: DELAY - matches.
img-04004	C	match	delay: DELAY - matches.
img-05139	C	match	delay: DELAY - matches.
img-06337	C	match	delay: DELAY - matches.
img-00494	C	match	distinct_hash: DISTINCT_HASH - matches.
img-01631	C	match	distinct_hash: DISTINCT_HASH - matches.
img-02810	C	match	distinct_hash: DISTINCT_HASH - matches.
img-04005	C	match	distinct_hash: DISTINCT_HASH - matches.
img-05140	C	match	distinct_hash: DISTINCT_HASH - matches.
img-06338	C	match	distinct_hash: DISTINCT_HASH - matches.
img-00495	C	match	distinct_sort: DISTINCT_SORT - matches.
img-01632	C	match	distinct_sort: DISTINCT_SORT - matches.
img-02811	C	match	distinct_sort: DISTINCT_SORT - matches.
img-04006	C	match	distinct_sort: DISTINCT_SORT - matches.
img-05141	C	match	distinct_sort: DISTINCT_SORT - matches.
img-06339	C	match	distinct_sort: DISTINCT_SORT - matches.
img-00496	C	match	dnf: DNF - matches.
img-01633	C	match	dnf: DNF - matches.
img-02812	C	match	dnf: DNF - matches.
img-04007	C	match	dnf: DNF - matches.
img-05142	C	match	dnf: DNF - matches.
img-06340	C	match	dnf: DNF - matches.
img-00497	C	match	exec_fast: EXEC_FAST - matches.
img-01634	C	match	exec_fast: EXEC_FAST - matches.
img-02813	C	match	exec_fast: EXEC_FAST - matches.
img-04008	C	match	exec_fast: EXEC_FAST - matches.
img-05143	C	match	exec_fast: EXEC_FAST - matches.
img-06341	C	match	exec_fast: EXEC_FAST - matches.
img-00498	C	match	first_rows: FIRST_ROWS '(' integer ')' - matches.
img-01635	C	match	first_rows: FIRST_ROWS '(' integer ')' - matches.
img-02814	C	match	first_rows: FIRST_ROWS '(' integer ')' - matches.
img-04009	C	match	first_rows: FIRST_ROWS '(' integer ')' - matches.
img-05144	C	match	first_rows: FIRST_ROWS '(' integer ')' - matches.
img-06342	C	match	first_rows: FIRST_ROWS '(' integer ')' - matches.
img-00499	C	match	full_scan: FULL SCAN '(' tbl_name ')' - matches.
img-01636	C	match	full_scan: FULL SCAN '(' tbl_name ')' - matches.
img-02815	C	match	full_scan: FULL SCAN '(' tbl_name ')' - matches.
img-04010	C	match	full_scan: FULL SCAN '(' tbl_name ')' - matches.
img-05145	C	match	full_scan: FULL SCAN '(' tbl_name ')' - matches.
img-06343	C	match	full_scan: FULL SCAN '(' tbl_name ')' - matches.
img-00500	C	match	group_bucket_count: GROUP BUCKET COUNT '(' integer ')' - matches.
img-01637	C	match	group_bucket_count: GROUP BUCKET COUNT '(' integer ')' - matches.
img-02816	C	match	group_bucket_count: GROUP BUCKET COUNT '(' integer ')' - matches.
img-04011	C	match	group_bucket_count: GROUP BUCKET COUNT '(' integer ')' - matches.
img-05146	C	match	group_bucket_count: GROUP BUCKET COUNT '(' integer ')' - matches.
img-06344	C	match	group_bucket_count: GROUP BUCKET COUNT '(' integer ')' - matches.
img-00501	C	match	group_hash: GROUP_HASH - matches.
img-01638	C	match	group_hash: GROUP_HASH - matches.
img-02817	C	match	group_hash: GROUP_HASH - matches.
img-04012	C	match	group_hash: GROUP_HASH - matches.
img-05147	C	match	group_hash: GROUP_HASH - matches.
img-06345	C	match	group_hash: GROUP_HASH - matches.
img-00502	C	match	group_sort: GROUP_SORT - matches.
img-01639	C	match	group_sort: GROUP_SORT - matches.
img-02818	C	match	group_sort: GROUP_SORT - matches.
img-04013	C	match	group_sort: GROUP_SORT - matches.
img-05148	C	match	group_sort: GROUP_SORT - matches.
img-06346	C	match	group_sort: GROUP_SORT - matches.
img-00925	C	minor	Point_clause: production 'X Y' (two values in sequence) matches the diagram. The two legend lines defining the metavariables ('X = double precision literal', 'Y = double precision literal') are not transcribed into the BNF; metavariable-type annotation only, production itself faithful.
img-02116	C	minor	Point_clause: production 'X Y' (two values in sequence) matches the diagram. The two legend lines defining the metavariables ('X = double precision literal', 'Y = double precision literal') are not transcribed into the BNF; metavariable-type annotation only, production itself faithful.
img-03241	C	minor	Point_clause: production 'X Y' (two values in sequence) matches the diagram. The two legend lines defining the metavariables ('X = double precision literal', 'Y = double precision literal') are not transcribed into the BNF; metavariable-type annotation only, production itself faithful.
img-04445	C	minor	Point_clause: production 'X Y' (two values in sequence) matches the diagram. The two legend lines defining the metavariables ('X = double precision literal', 'Y = double precision literal') are not transcribed into the BNF; metavariable-type annotation only, production itself faithful.
img-05572	C	minor	Point_clause: production 'X Y' (two values in sequence) matches the diagram. The two legend lines defining the metavariables ('X = double precision literal', 'Y = double precision literal') are not transcribed into the BNF; metavariable-type annotation only, production itself faithful.
img-06801	C	minor	Point_clause: production 'X Y' (two values in sequence) matches the diagram. The two legend lines defining the metavariables ('X = double precision literal', 'Y = double precision literal') are not transcribed into the BNF; metavariable-type annotation only, production itself faithful.
img-01074	C	match	aexport: re-audited against the AEXPORT railroad diagram. All 16 options present and correct; the option group is wrapped in '{ ... }', which in this sidecar's BNF dialect denotes the diagram's repetition loop. Supersedes a prior false-positive material finding that misquoted the wrapper as optional '[ ... ]'.
img-02265	C	match	aexport: re-audited against the AEXPORT railroad diagram. All 16 options present and correct; the option group is wrapped in '{ ... }', which in this sidecar's BNF dialect denotes the diagram's repetition loop. Supersedes a prior false-positive material finding that misquoted the wrapper as optional '[ ... ]'.
img-03390	C	match	aexport: re-audited against the AEXPORT railroad diagram. All 16 options present and correct; the option group is wrapped in '{ ... }', which in this sidecar's BNF dialect denotes the diagram's repetition loop. Supersedes a prior false-positive material finding that misquoted the wrapper as optional '[ ... ]'.
img-04595	C	match	aexport: re-audited against the AEXPORT railroad diagram. All 16 options present and correct; the option group is wrapped in '{ ... }', which in this sidecar's BNF dialect denotes the diagram's repetition loop. Supersedes a prior false-positive material finding that misquoted the wrapper as optional '[ ... ]'.
img-05721	C	match	aexport: re-audited against the AEXPORT railroad diagram. All 16 options present and correct; the option group is wrapped in '{ ... }', which in this sidecar's BNF dialect denotes the diagram's repetition loop. Supersedes a prior false-positive material finding that misquoted the wrapper as optional '[ ... ]'.
img-06951	C	match	aexport: re-audited against the AEXPORT railroad diagram. All 16 options present and correct; the option group is wrapped in '{ ... }', which in this sidecar's BNF dialect denotes the diagram's repetition loop. Supersedes a prior false-positive material finding that misquoted the wrapper as optional '[ ... ]'.
img-02081	C	match	shard_keyword_clause: conversion captures the recursive [shard_keyword_clause], the {select|insert|update|delete}_clause choice, and the FROM {table_reference|shard_keyword_clause|'('select_clause')'} branch with its comma-repeat and ';'. All clauses and tokens present and the two-alternative structure is coherent; no discrepancy identified.
img-00926	C	match	Point_text_clause: '(' Point_clause ')' - matches.
img-02117	C	match	Point_text_clause: '(' Point_clause ')' - matches.
img-03242	C	match	Point_text_clause: '(' Point_clause ')' - matches.
img-04446	C	match	Point_text_clause: '(' Point_clause ')' - matches.
img-05573	C	match	Point_text_clause: '(' Point_clause ')' - matches.
img-06802	C	match	Point_text_clause: '(' Point_clause ')' - matches.
img-01087	C	match	altiaudit: altiAudit [ -s ] audit_log_file_name - optional -s matches.
img-02280	C	match	altiaudit: altiAudit [ -s ] audit_log_file_name - optional -s matches.
img-03403	C	match	altiaudit: altiAudit [ -s ] audit_log_file_name - optional -s matches.
img-04610	C	match	altiaudit: altiAudit [ -s ] audit_log_file_name - optional -s matches.
img-05734	C	match	altiaudit: altiAudit [ -s ] audit_log_file_name - optional -s matches.
img-06966	C	match	altiaudit: altiAudit [ -s ] audit_log_file_name - optional -s matches.
img-00927	C	match	Point_tagged_text_clause: POINT Point_text_clause - matches.
img-02118	C	match	Point_tagged_text_clause: POINT Point_text_clause - matches.
img-03243	C	match	Point_tagged_text_clause: POINT Point_text_clause - matches.
img-04447	C	match	Point_tagged_text_clause: POINT Point_text_clause - matches.
img-05574	C	match	Point_tagged_text_clause: POINT Point_text_clause - matches.
img-06803	C	match	Point_tagged_text_clause: POINT Point_text_clause - matches.
img-01088	C	match	altibase: altibase { -v | -n } - matches.
img-02281	C	match	altibase: altibase { -v | -n } - matches.
img-03404	C	match	altibase: altibase { -v | -n } - matches.
img-04611	C	match	altibase: altibase { -v | -n } - matches.
img-05735	C	match	altibase: altibase { -v | -n } - matches.
img-06967	C	match	altibase: altibase { -v | -n } - matches.
img-00928	C	match	Multipoint_tagged_text_clause: MULTIPOINT { '(' Point_text_clause ')' { ',' '(' Point_text_clause ')' } } - comma-separated list matches diagram.
img-02119	C	match	Multipoint_tagged_text_clause: MULTIPOINT { '(' Point_text_clause ')' { ',' '(' Point_text_clause ')' } } - comma-separated list matches diagram.
img-03244	C	match	Multipoint_tagged_text_clause: MULTIPOINT { '(' Point_text_clause ')' { ',' '(' Point_text_clause ')' } } - comma-separated list matches diagram.
img-04448	C	match	Multipoint_tagged_text_clause: MULTIPOINT { '(' Point_text_clause ')' { ',' '(' Point_text_clause ')' } } - comma-separated list matches diagram.
img-05575	C	match	Multipoint_tagged_text_clause: MULTIPOINT { '(' Point_text_clause ')' { ',' '(' Point_text_clause ')' } } - comma-separated list matches diagram.
img-06804	C	match	Multipoint_tagged_text_clause: MULTIPOINT { '(' Point_text_clause ')' { ',' '(' Point_text_clause ')' } } - comma-separated list matches diagram.
img-01089	C	minor	altimon: altimon.sh { start | stop } - the start/stop choice content is correct. The diagram appears to draw the choice with a skip/bypass lane (optional) over start/stop; the conversion uses '{ start | stop }'. In this sidecar's BNF dialect '{}' is used both for mandatory grouping and for zero-or-more, so the optional case is arguably covered; bracket-type/optional-marker imprecision only, both subcommand tokens correct.
img-02278	C	minor	altimon: altimon.sh { start | stop } - the start/stop choice content is correct. The diagram appears to draw the choice with a skip/bypass lane (optional) over start/stop; the conversion uses '{ start | stop }'. In this sidecar's BNF dialect '{}' is used both for mandatory grouping and for zero-or-more, so the optional case is arguably covered; bracket-type/optional-marker imprecision only, both subcommand tokens correct.
img-03405	C	minor	altimon: altimon.sh { start | stop } - the start/stop choice content is correct. The diagram appears to draw the choice with a skip/bypass lane (optional) over start/stop; the conversion uses '{ start | stop }'. In this sidecar's BNF dialect '{}' is used both for mandatory grouping and for zero-or-more, so the optional case is arguably covered; bracket-type/optional-marker imprecision only, both subcommand tokens correct.
img-04608	C	minor	altimon: altimon.sh { start | stop } - the start/stop choice content is correct. The diagram appears to draw the choice with a skip/bypass lane (optional) over start/stop; the conversion uses '{ start | stop }'. In this sidecar's BNF dialect '{}' is used both for mandatory grouping and for zero-or-more, so the optional case is arguably covered; bracket-type/optional-marker imprecision only, both subcommand tokens correct.
img-05736	C	minor	altimon: altimon.sh { start | stop } - the start/stop choice content is correct. The diagram appears to draw the choice with a skip/bypass lane (optional) over start/stop; the conversion uses '{ start | stop }'. In this sidecar's BNF dialect '{}' is used both for mandatory grouping and for zero-or-more, so the optional case is arguably covered; bracket-type/optional-marker imprecision only, both subcommand tokens correct.
img-06964	C	minor	altimon: altimon.sh { start | stop } - the start/stop choice content is correct. The diagram appears to draw the choice with a skip/bypass lane (optional) over start/stop; the conversion uses '{ start | stop }'. In this sidecar's BNF dialect '{}' is used both for mandatory grouping and for zero-or-more, so the optional case is arguably covered; bracket-type/optional-marker imprecision only, both subcommand tokens correct.
img-00929	C	match	Lintstring_text_clause: '(' Point_clause { ',' Point_clause } ')' - matches diagram (image's metavariable spelling 'Lintstring' preserved faithfully).
img-02120	C	match	Lintstring_text_clause: '(' Point_clause { ',' Point_clause } ')' - matches diagram (image's metavariable spelling 'Lintstring' preserved faithfully).
img-03245	C	match	Lintstring_text_clause: '(' Point_clause { ',' Point_clause } ')' - matches diagram (image's metavariable spelling 'Lintstring' preserved faithfully).
img-04449	C	match	Lintstring_text_clause: '(' Point_clause { ',' Point_clause } ')' - matches diagram (image's metavariable spelling 'Lintstring' preserved faithfully).
img-05576	C	match	Lintstring_text_clause: '(' Point_clause { ',' Point_clause } ')' - matches diagram (image's metavariable spelling 'Lintstring' preserved faithfully).
img-06805	C	match	Lintstring_text_clause: '(' Point_clause { ',' Point_clause } ')' - matches diagram (image's metavariable spelling 'Lintstring' preserved faithfully).
img-01090	C	match	altierr: altierr { -w keyword_pattern | [ -n ] error_number } - choice and optional -n match diagram.
img-02282	C	match	altierr: altierr { -w keyword_pattern | [ -n ] error_number } - choice and optional -n match diagram.
img-03406	C	match	altierr: altierr { -w keyword_pattern | [ -n ] error_number } - choice and optional -n match diagram.
img-04612	C	match	altierr: altierr { -w keyword_pattern | [ -n ] error_number } - choice and optional -n match diagram.
img-05737	C	match	altierr: altierr { -w keyword_pattern | [ -n ] error_number } - choice and optional -n match diagram.
img-06968	C	match	altierr: altierr { -w keyword_pattern | [ -n ] error_number } - choice and optional -n match diagram.
img-00930	C	match	Linestring_tagged_text_clause: LINESTRING Linestring_text_clause - matches.
img-02121	C	match	Linestring_tagged_text_clause: LINESTRING Linestring_text_clause - matches.
img-03246	C	match	Linestring_tagged_text_clause: LINESTRING Linestring_text_clause - matches.
img-04450	C	match	Linestring_tagged_text_clause: LINESTRING Linestring_text_clause - matches.
img-05577	C	match	Linestring_tagged_text_clause: LINESTRING Linestring_text_clause - matches.
img-06806	C	match	Linestring_tagged_text_clause: LINESTRING Linestring_text_clause - matches.
img-01091	C	match	altipasswd: altipasswd (command name only, no arguments) - matches.
img-02283	C	match	altipasswd: altipasswd (command name only, no arguments) - matches.
img-03407	C	match	altipasswd: altipasswd (command name only, no arguments) - matches.
img-04613	C	match	altipasswd: altipasswd (command name only, no arguments) - matches.
img-05738	C	match	altipasswd: altipasswd (command name only, no arguments) - matches.
img-06969	C	match	altipasswd: altipasswd (command name only, no arguments) - matches.
img-01355	A	match	in_row_clause.gif shows the syntax fragment 'IN ROW integer'. Genuinely redundant: every referencing data-type page (CHAR/VARCHAR/NCHAR/... ) carries an adjacent fenced Syntax block that includes '[IN ROW size]'. Class A (redundant with adjacent syntax block) correct.
img-01358	A	match	in_row_clause.gif shows the syntax fragment 'IN ROW integer'. Genuinely redundant: every referencing data-type page (CHAR/VARCHAR/NCHAR/... ) carries an adjacent fenced Syntax block that includes '[IN ROW size]'. Class A (redundant with adjacent syntax block) correct.
img-01361	A	match	in_row_clause.gif shows the syntax fragment 'IN ROW integer'. Genuinely redundant: every referencing data-type page (CHAR/VARCHAR/NCHAR/... ) carries an adjacent fenced Syntax block that includes '[IN ROW size]'. Class A (redundant with adjacent syntax block) correct.
img-01364	A	match	in_row_clause.gif shows the syntax fragment 'IN ROW integer'. Genuinely redundant: every referencing data-type page (CHAR/VARCHAR/NCHAR/... ) carries an adjacent fenced Syntax block that includes '[IN ROW size]'. Class A (redundant with adjacent syntax block) correct.
img-01377	A	match	in_row_clause.gif shows the syntax fragment 'IN ROW integer'. Genuinely redundant: every referencing data-type page (CHAR/VARCHAR/NCHAR/... ) carries an adjacent fenced Syntax block that includes '[IN ROW size]'. Class A (redundant with adjacent syntax block) correct.
img-01380	A	match	in_row_clause.gif shows the syntax fragment 'IN ROW integer'. Genuinely redundant: every referencing data-type page (CHAR/VARCHAR/NCHAR/... ) carries an adjacent fenced Syntax block that includes '[IN ROW size]'. Class A (redundant with adjacent syntax block) correct.
img-01383	A	match	in_row_clause.gif shows the syntax fragment 'IN ROW integer'. Genuinely redundant: every referencing data-type page (CHAR/VARCHAR/NCHAR/... ) carries an adjacent fenced Syntax block that includes '[IN ROW size]'. Class A (redundant with adjacent syntax block) correct.
img-01386	A	match	in_row_clause.gif shows the syntax fragment 'IN ROW integer'. Genuinely redundant: every referencing data-type page (CHAR/VARCHAR/NCHAR/... ) carries an adjacent fenced Syntax block that includes '[IN ROW size]'. Class A (redundant with adjacent syntax block) correct.
img-01389	A	match	in_row_clause.gif shows the syntax fragment 'IN ROW integer'. Genuinely redundant: every referencing data-type page (CHAR/VARCHAR/NCHAR/... ) carries an adjacent fenced Syntax block that includes '[IN ROW size]'. Class A (redundant with adjacent syntax block) correct.
img-03730	A	match	in_row_clause.gif shows the syntax fragment 'IN ROW integer'. Genuinely redundant: every referencing data-type page (CHAR/VARCHAR/NCHAR/... ) carries an adjacent fenced Syntax block that includes '[IN ROW size]'. Class A (redundant with adjacent syntax block) correct.
img-03733	A	match	in_row_clause.gif shows the syntax fragment 'IN ROW integer'. Genuinely redundant: every referencing data-type page (CHAR/VARCHAR/NCHAR/... ) carries an adjacent fenced Syntax block that includes '[IN ROW size]'. Class A (redundant with adjacent syntax block) correct.
img-03736	A	match	in_row_clause.gif shows the syntax fragment 'IN ROW integer'. Genuinely redundant: every referencing data-type page (CHAR/VARCHAR/NCHAR/... ) carries an adjacent fenced Syntax block that includes '[IN ROW size]'. Class A (redundant with adjacent syntax block) correct.
img-03739	A	match	in_row_clause.gif shows the syntax fragment 'IN ROW integer'. Genuinely redundant: every referencing data-type page (CHAR/VARCHAR/NCHAR/... ) carries an adjacent fenced Syntax block that includes '[IN ROW size]'. Class A (redundant with adjacent syntax block) correct.
img-03752	A	match	in_row_clause.gif shows the syntax fragment 'IN ROW integer'. Genuinely redundant: every referencing data-type page (CHAR/VARCHAR/NCHAR/... ) carries an adjacent fenced Syntax block that includes '[IN ROW size]'. Class A (redundant with adjacent syntax block) correct.
img-03755	A	match	in_row_clause.gif shows the syntax fragment 'IN ROW integer'. Genuinely redundant: every referencing data-type page (CHAR/VARCHAR/NCHAR/... ) carries an adjacent fenced Syntax block that includes '[IN ROW size]'. Class A (redundant with adjacent syntax block) correct.
img-03758	A	match	in_row_clause.gif shows the syntax fragment 'IN ROW integer'. Genuinely redundant: every referencing data-type page (CHAR/VARCHAR/NCHAR/... ) carries an adjacent fenced Syntax block that includes '[IN ROW size]'. Class A (redundant with adjacent syntax block) correct.
img-03761	A	match	in_row_clause.gif shows the syntax fragment 'IN ROW integer'. Genuinely redundant: every referencing data-type page (CHAR/VARCHAR/NCHAR/... ) carries an adjacent fenced Syntax block that includes '[IN ROW size]'. Class A (redundant with adjacent syntax block) correct.
img-03764	A	match	in_row_clause.gif shows the syntax fragment 'IN ROW integer'. Genuinely redundant: every referencing data-type page (CHAR/VARCHAR/NCHAR/... ) carries an adjacent fenced Syntax block that includes '[IN ROW size]'. Class A (redundant with adjacent syntax block) correct.
img-06061	A	match	in_row_clause.gif shows the syntax fragment 'IN ROW integer'. Genuinely redundant: every referencing data-type page (CHAR/VARCHAR/NCHAR/... ) carries an adjacent fenced Syntax block that includes '[IN ROW size]'. Class A (redundant with adjacent syntax block) correct.
img-06064	A	match	in_row_clause.gif shows the syntax fragment 'IN ROW integer'. Genuinely redundant: every referencing data-type page (CHAR/VARCHAR/NCHAR/... ) carries an adjacent fenced Syntax block that includes '[IN ROW size]'. Class A (redundant with adjacent syntax block) correct.
img-06067	A	match	in_row_clause.gif shows the syntax fragment 'IN ROW integer'. Genuinely redundant: every referencing data-type page (CHAR/VARCHAR/NCHAR/... ) carries an adjacent fenced Syntax block that includes '[IN ROW size]'. Class A (redundant with adjacent syntax block) correct.
img-06070	A	match	in_row_clause.gif shows the syntax fragment 'IN ROW integer'. Genuinely redundant: every referencing data-type page (CHAR/VARCHAR/NCHAR/... ) carries an adjacent fenced Syntax block that includes '[IN ROW size]'. Class A (redundant with adjacent syntax block) correct.
img-06083	A	match	in_row_clause.gif shows the syntax fragment 'IN ROW integer'. Genuinely redundant: every referencing data-type page (CHAR/VARCHAR/NCHAR/... ) carries an adjacent fenced Syntax block that includes '[IN ROW size]'. Class A (redundant with adjacent syntax block) correct.
img-06086	A	match	in_row_clause.gif shows the syntax fragment 'IN ROW integer'. Genuinely redundant: every referencing data-type page (CHAR/VARCHAR/NCHAR/... ) carries an adjacent fenced Syntax block that includes '[IN ROW size]'. Class A (redundant with adjacent syntax block) correct.
img-06089	A	match	in_row_clause.gif shows the syntax fragment 'IN ROW integer'. Genuinely redundant: every referencing data-type page (CHAR/VARCHAR/NCHAR/... ) carries an adjacent fenced Syntax block that includes '[IN ROW size]'. Class A (redundant with adjacent syntax block) correct.
img-06092	A	match	in_row_clause.gif shows the syntax fragment 'IN ROW integer'. Genuinely redundant: every referencing data-type page (CHAR/VARCHAR/NCHAR/... ) carries an adjacent fenced Syntax block that includes '[IN ROW size]'. Class A (redundant with adjacent syntax block) correct.
img-06095	A	match	in_row_clause.gif shows the syntax fragment 'IN ROW integer'. Genuinely redundant: every referencing data-type page (CHAR/VARCHAR/NCHAR/... ) carries an adjacent fenced Syntax block that includes '[IN ROW size]'. Class A (redundant with adjacent syntax block) correct.
img-06099	A	match	in_row_clause.gif shows the syntax fragment 'IN ROW integer'. Genuinely redundant: every referencing data-type page (CHAR/VARCHAR/NCHAR/... ) carries an adjacent fenced Syntax block that includes '[IN ROW size]'. Class A (redundant with adjacent syntax block) correct.
img-01354	A	match	variable_clause.gif shows the FIXED|VARIABLE choice. Redundant with the adjacent fenced Syntax block '[ FIXED | VARIABLE [IN ROW size] ]' on each referencing data-type page. Class A correct.
img-01357	A	match	variable_clause.gif shows the FIXED|VARIABLE choice. Redundant with the adjacent fenced Syntax block '[ FIXED | VARIABLE [IN ROW size] ]' on each referencing data-type page. Class A correct.
img-01360	A	match	variable_clause.gif shows the FIXED|VARIABLE choice. Redundant with the adjacent fenced Syntax block '[ FIXED | VARIABLE [IN ROW size] ]' on each referencing data-type page. Class A correct.
img-01363	A	match	variable_clause.gif shows the FIXED|VARIABLE choice. Redundant with the adjacent fenced Syntax block '[ FIXED | VARIABLE [IN ROW size] ]' on each referencing data-type page. Class A correct.
img-01376	A	match	variable_clause.gif shows the FIXED|VARIABLE choice. Redundant with the adjacent fenced Syntax block '[ FIXED | VARIABLE [IN ROW size] ]' on each referencing data-type page. Class A correct.
img-01379	A	match	variable_clause.gif shows the FIXED|VARIABLE choice. Redundant with the adjacent fenced Syntax block '[ FIXED | VARIABLE [IN ROW size] ]' on each referencing data-type page. Class A correct.
img-01382	A	match	variable_clause.gif shows the FIXED|VARIABLE choice. Redundant with the adjacent fenced Syntax block '[ FIXED | VARIABLE [IN ROW size] ]' on each referencing data-type page. Class A correct.
img-01385	A	match	variable_clause.gif shows the FIXED|VARIABLE choice. Redundant with the adjacent fenced Syntax block '[ FIXED | VARIABLE [IN ROW size] ]' on each referencing data-type page. Class A correct.
img-01388	A	match	variable_clause.gif shows the FIXED|VARIABLE choice. Redundant with the adjacent fenced Syntax block '[ FIXED | VARIABLE [IN ROW size] ]' on each referencing data-type page. Class A correct.
img-03729	A	match	variable_clause.gif shows the FIXED|VARIABLE choice. Redundant with the adjacent fenced Syntax block '[ FIXED | VARIABLE [IN ROW size] ]' on each referencing data-type page. Class A correct.
img-03732	A	match	variable_clause.gif shows the FIXED|VARIABLE choice. Redundant with the adjacent fenced Syntax block '[ FIXED | VARIABLE [IN ROW size] ]' on each referencing data-type page. Class A correct.
img-03735	A	match	variable_clause.gif shows the FIXED|VARIABLE choice. Redundant with the adjacent fenced Syntax block '[ FIXED | VARIABLE [IN ROW size] ]' on each referencing data-type page. Class A correct.
img-03738	A	match	variable_clause.gif shows the FIXED|VARIABLE choice. Redundant with the adjacent fenced Syntax block '[ FIXED | VARIABLE [IN ROW size] ]' on each referencing data-type page. Class A correct.
img-03751	A	match	variable_clause.gif shows the FIXED|VARIABLE choice. Redundant with the adjacent fenced Syntax block '[ FIXED | VARIABLE [IN ROW size] ]' on each referencing data-type page. Class A correct.
img-03754	A	match	variable_clause.gif shows the FIXED|VARIABLE choice. Redundant with the adjacent fenced Syntax block '[ FIXED | VARIABLE [IN ROW size] ]' on each referencing data-type page. Class A correct.
img-03757	A	match	variable_clause.gif shows the FIXED|VARIABLE choice. Redundant with the adjacent fenced Syntax block '[ FIXED | VARIABLE [IN ROW size] ]' on each referencing data-type page. Class A correct.
img-03760	A	match	variable_clause.gif shows the FIXED|VARIABLE choice. Redundant with the adjacent fenced Syntax block '[ FIXED | VARIABLE [IN ROW size] ]' on each referencing data-type page. Class A correct.
img-03763	A	match	variable_clause.gif shows the FIXED|VARIABLE choice. Redundant with the adjacent fenced Syntax block '[ FIXED | VARIABLE [IN ROW size] ]' on each referencing data-type page. Class A correct.
img-06060	A	match	variable_clause.gif shows the FIXED|VARIABLE choice. Redundant with the adjacent fenced Syntax block '[ FIXED | VARIABLE [IN ROW size] ]' on each referencing data-type page. Class A correct.
img-06063	A	match	variable_clause.gif shows the FIXED|VARIABLE choice. Redundant with the adjacent fenced Syntax block '[ FIXED | VARIABLE [IN ROW size] ]' on each referencing data-type page. Class A correct.
img-06066	A	match	variable_clause.gif shows the FIXED|VARIABLE choice. Redundant with the adjacent fenced Syntax block '[ FIXED | VARIABLE [IN ROW size] ]' on each referencing data-type page. Class A correct.
img-06069	A	match	variable_clause.gif shows the FIXED|VARIABLE choice. Redundant with the adjacent fenced Syntax block '[ FIXED | VARIABLE [IN ROW size] ]' on each referencing data-type page. Class A correct.
img-06082	A	match	variable_clause.gif shows the FIXED|VARIABLE choice. Redundant with the adjacent fenced Syntax block '[ FIXED | VARIABLE [IN ROW size] ]' on each referencing data-type page. Class A correct.
img-06085	A	match	variable_clause.gif shows the FIXED|VARIABLE choice. Redundant with the adjacent fenced Syntax block '[ FIXED | VARIABLE [IN ROW size] ]' on each referencing data-type page. Class A correct.
img-06088	A	match	variable_clause.gif shows the FIXED|VARIABLE choice. Redundant with the adjacent fenced Syntax block '[ FIXED | VARIABLE [IN ROW size] ]' on each referencing data-type page. Class A correct.
img-06091	A	match	variable_clause.gif shows the FIXED|VARIABLE choice. Redundant with the adjacent fenced Syntax block '[ FIXED | VARIABLE [IN ROW size] ]' on each referencing data-type page. Class A correct.
img-06094	A	match	variable_clause.gif shows the FIXED|VARIABLE choice. Redundant with the adjacent fenced Syntax block '[ FIXED | VARIABLE [IN ROW size] ]' on each referencing data-type page. Class A correct.
img-00231	A	match	bigint1.png is a trivial syntax diagram showing 'BIGINT'; adjacent Syntax block is 'BIGINT'. Redundant, class A correct.
img-01365	A	match	bigint1.png is a trivial syntax diagram showing 'BIGINT'; adjacent Syntax block is 'BIGINT'. Redundant, class A correct.
img-02548	A	match	bigint1.png is a trivial syntax diagram showing 'BIGINT'; adjacent Syntax block is 'BIGINT'. Redundant, class A correct.
img-03740	A	match	bigint1.png is a trivial syntax diagram showing 'BIGINT'; adjacent Syntax block is 'BIGINT'. Redundant, class A correct.
img-04878	A	match	bigint1.png is a trivial syntax diagram showing 'BIGINT'; adjacent Syntax block is 'BIGINT'. Redundant, class A correct.
img-06071	A	match	bigint1.png is a trivial syntax diagram showing 'BIGINT'; adjacent Syntax block is 'BIGINT'. Redundant, class A correct.
img-00232	A	match	decimal1.png shows 'DECIMAL [( precision [, scale] )]'; adjacent Syntax block 'DECIMAL [(precision[, scale])]'. Redundant, class A correct.
img-01366	A	match	decimal1.png shows 'DECIMAL [( precision [, scale] )]'; adjacent Syntax block 'DECIMAL [(precision[, scale])]'. Redundant, class A correct.
img-02549	A	match	decimal1.png shows 'DECIMAL [( precision [, scale] )]'; adjacent Syntax block 'DECIMAL [(precision[, scale])]'. Redundant, class A correct.
img-03741	A	match	decimal1.png shows 'DECIMAL [( precision [, scale] )]'; adjacent Syntax block 'DECIMAL [(precision[, scale])]'. Redundant, class A correct.
img-04879	A	match	decimal1.png shows 'DECIMAL [( precision [, scale] )]'; adjacent Syntax block 'DECIMAL [(precision[, scale])]'. Redundant, class A correct.
img-06072	A	match	decimal1.png shows 'DECIMAL [( precision [, scale] )]'; adjacent Syntax block 'DECIMAL [(precision[, scale])]'. Redundant, class A correct.
img-00233	A	match	double1.png is a trivial syntax diagram showing 'DOUBLE'; DOUBLE page Syntax block is 'DOUBLE'. Redundant, class A correct.
img-01367	A	match	double1.png is a trivial syntax diagram showing 'DOUBLE'; DOUBLE page Syntax block is 'DOUBLE'. Redundant, class A correct.
img-02550	A	match	double1.png is a trivial syntax diagram showing 'DOUBLE'; DOUBLE page Syntax block is 'DOUBLE'. Redundant, class A correct.
img-03742	A	match	double1.png is a trivial syntax diagram showing 'DOUBLE'; DOUBLE page Syntax block is 'DOUBLE'. Redundant, class A correct.
img-04880	A	match	double1.png is a trivial syntax diagram showing 'DOUBLE'; DOUBLE page Syntax block is 'DOUBLE'. Redundant, class A correct.
img-06073	A	match	double1.png is a trivial syntax diagram showing 'DOUBLE'; DOUBLE page Syntax block is 'DOUBLE'. Redundant, class A correct.
img-00234	A	match	float1.png shows 'FLOAT [( precision )]'; FLOAT Syntax block 'FLOAT [(precision)]'. Redundant, class A correct.
img-01368	A	match	float1.png shows 'FLOAT [( precision )]'; FLOAT Syntax block 'FLOAT [(precision)]'. Redundant, class A correct.
img-02551	A	match	float1.png shows 'FLOAT [( precision )]'; FLOAT Syntax block 'FLOAT [(precision)]'. Redundant, class A correct.
img-03743	A	match	float1.png shows 'FLOAT [( precision )]'; FLOAT Syntax block 'FLOAT [(precision)]'. Redundant, class A correct.
img-04881	A	match	float1.png shows 'FLOAT [( precision )]'; FLOAT Syntax block 'FLOAT [(precision)]'. Redundant, class A correct.
img-06074	A	match	float1.png shows 'FLOAT [( precision )]'; FLOAT Syntax block 'FLOAT [(precision)]'. Redundant, class A correct.
img-00235	A	match	integer1.png shows 'INTEGER'; adjacent Syntax block 'INTEGER'. Redundant, class A correct.
img-01369	A	match	integer1.png shows 'INTEGER'; adjacent Syntax block 'INTEGER'. Redundant, class A correct.
img-02552	A	match	integer1.png shows 'INTEGER'; adjacent Syntax block 'INTEGER'. Redundant, class A correct.
img-03744	A	match	integer1.png shows 'INTEGER'; adjacent Syntax block 'INTEGER'. Redundant, class A correct.
img-04882	A	match	integer1.png shows 'INTEGER'; adjacent Syntax block 'INTEGER'. Redundant, class A correct.
img-06075	A	match	integer1.png shows 'INTEGER'; adjacent Syntax block 'INTEGER'. Redundant, class A correct.
img-00236	A	match	number1.png shows 'NUMBER [( precision [, scale] )]'; Syntax block 'NUMBER [(precision, scale)]'. Redundant, class A correct.
img-01370	A	match	number1.png shows 'NUMBER [( precision [, scale] )]'; Syntax block 'NUMBER [(precision, scale)]'. Redundant, class A correct.
img-02553	A	match	number1.png shows 'NUMBER [( precision [, scale] )]'; Syntax block 'NUMBER [(precision, scale)]'. Redundant, class A correct.
img-03745	A	match	number1.png shows 'NUMBER [( precision [, scale] )]'; Syntax block 'NUMBER [(precision, scale)]'. Redundant, class A correct.
img-04883	A	match	number1.png shows 'NUMBER [( precision [, scale] )]'; Syntax block 'NUMBER [(precision, scale)]'. Redundant, class A correct.
img-06076	A	match	number1.png shows 'NUMBER [( precision [, scale] )]'; Syntax block 'NUMBER [(precision, scale)]'. Redundant, class A correct.
img-00237	A	match	numberic1.png shows 'NUMERIC [( precision [, scale] )]'; NUMERIC Syntax block 'NUMERIC [(precision, scale)]'. Redundant, class A correct.
img-01371	A	match	numberic1.png shows 'NUMERIC [( precision [, scale] )]'; NUMERIC Syntax block 'NUMERIC [(precision, scale)]'. Redundant, class A correct.
img-02554	A	match	numberic1.png shows 'NUMERIC [( precision [, scale] )]'; NUMERIC Syntax block 'NUMERIC [(precision, scale)]'. Redundant, class A correct.
img-03746	A	match	numberic1.png shows 'NUMERIC [( precision [, scale] )]'; NUMERIC Syntax block 'NUMERIC [(precision, scale)]'. Redundant, class A correct.
img-04884	A	match	numberic1.png shows 'NUMERIC [( precision [, scale] )]'; NUMERIC Syntax block 'NUMERIC [(precision, scale)]'. Redundant, class A correct.
img-06077	A	match	numberic1.png shows 'NUMERIC [( precision [, scale] )]'; NUMERIC Syntax block 'NUMERIC [(precision, scale)]'. Redundant, class A correct.
img-00238	A	match	real1.png shows 'REAL'; adjacent Syntax block 'REAL'. Redundant, class A correct.
img-01372	A	match	real1.png shows 'REAL'; adjacent Syntax block 'REAL'. Redundant, class A correct.
img-02555	A	match	real1.png shows 'REAL'; adjacent Syntax block 'REAL'. Redundant, class A correct.
img-03747	A	match	real1.png shows 'REAL'; adjacent Syntax block 'REAL'. Redundant, class A correct.
img-04885	A	match	real1.png shows 'REAL'; adjacent Syntax block 'REAL'. Redundant, class A correct.
img-06078	A	match	real1.png shows 'REAL'; adjacent Syntax block 'REAL'. Redundant, class A correct.
img-00239	A	match	smallint1.png shows 'SMALLINT'; SMALLINT Syntax block 'SMALLINT'. Redundant, class A correct.
img-01373	A	match	smallint1.png shows 'SMALLINT'; SMALLINT Syntax block 'SMALLINT'. Redundant, class A correct.
img-02556	A	match	smallint1.png shows 'SMALLINT'; SMALLINT Syntax block 'SMALLINT'. Redundant, class A correct.
img-03748	A	match	smallint1.png shows 'SMALLINT'; SMALLINT Syntax block 'SMALLINT'. Redundant, class A correct.
img-04886	A	match	smallint1.png shows 'SMALLINT'; SMALLINT Syntax block 'SMALLINT'. Redundant, class A correct.
img-06079	A	match	smallint1.png shows 'SMALLINT'; SMALLINT Syntax block 'SMALLINT'. Redundant, class A correct.
img-00227	A	match	CHAR syntax-diagram jpg shows 'CHAR [(size)] [FIXED|variable_clause]' + variable_clause; adjacent Syntax block 'CHAR [(size)] [ FIXED | VARIABLE [IN ROW size] ]'. Redundant, class A correct.
img-02544	A	match	CHAR syntax-diagram jpg shows 'CHAR [(size)] [FIXED|variable_clause]' + variable_clause; adjacent Syntax block 'CHAR [(size)] [ FIXED | VARIABLE [IN ROW size] ]'. Redundant, class A correct.
img-04874	A	match	CHAR syntax-diagram jpg shows 'CHAR [(size)] [FIXED|variable_clause]' + variable_clause; adjacent Syntax block 'CHAR [(size)] [ FIXED | VARIABLE [IN ROW size] ]'. Redundant, class A correct.
img-00228	A	match	VARCHAR syntax-diagram jpg + variable_clause; adjacent Syntax block 'VARCHAR [(size)] [ FIXED | VARIABLE [IN ROW size] ]'. Redundant, class A correct.
img-02545	A	match	VARCHAR syntax-diagram jpg + variable_clause; adjacent Syntax block 'VARCHAR [(size)] [ FIXED | VARIABLE [IN ROW size] ]'. Redundant, class A correct.
img-04875	A	match	VARCHAR syntax-diagram jpg + variable_clause; adjacent Syntax block 'VARCHAR [(size)] [ FIXED | VARIABLE [IN ROW size] ]'. Redundant, class A correct.
img-00229	A	match	NCHAR syntax-diagram jpg + variable_clause; adjacent Syntax block 'NCHAR [(size)] [ FIXED | VARIABLE [IN ROW size] ]'. Redundant, class A correct.
img-02546	A	match	NCHAR syntax-diagram jpg + variable_clause; adjacent Syntax block 'NCHAR [(size)] [ FIXED | VARIABLE [IN ROW size] ]'. Redundant, class A correct.
img-04876	A	match	NCHAR syntax-diagram jpg + variable_clause; adjacent Syntax block 'NCHAR [(size)] [ FIXED | VARIABLE [IN ROW size] ]'. Redundant, class A correct.
img-00230	A	match	NVARCHAR syntax-diagram jpg + variable_clause; adjacent Syntax block 'NVARCHAR [(size)] [ FIXED | VARIABLE [IN ROW size] ]'. Redundant, class A correct.
img-02547	A	match	NVARCHAR syntax-diagram jpg + variable_clause; adjacent Syntax block 'NVARCHAR [(size)] [ FIXED | VARIABLE [IN ROW size] ]'. Redundant, class A correct.
img-04877	A	match	NVARCHAR syntax-diagram jpg + variable_clause; adjacent Syntax block 'NVARCHAR [(size)] [ FIXED | VARIABLE [IN ROW size] ]'. Redundant, class A correct.
img-00240	A	match	date1.png is a trivial syntax diagram showing 'DATE'; DATE page Syntax section. Redundant, class A correct.
img-02557	A	match	date1.png is a trivial syntax diagram showing 'DATE'; DATE page Syntax section. Redundant, class A correct.
img-04887	A	match	date1.png is a trivial syntax diagram showing 'DATE'; DATE page Syntax section. Redundant, class A correct.
img-00241	A	match	byte1.png shows the BYTE syntax diagram + variable_clause; adjacent Syntax block 'BYTE [(size)] [[FIXED |] VARIABLE ( IN ROW size ) ]'. Redundant, class A correct.
img-02558	A	match	byte1.png shows the BYTE syntax diagram + variable_clause; adjacent Syntax block 'BYTE [(size)] [[FIXED |] VARIABLE ( IN ROW size ) ]'. Redundant, class A correct.
img-04888	A	match	byte1.png shows the BYTE syntax diagram + variable_clause; adjacent Syntax block 'BYTE [(size)] [[FIXED |] VARIABLE ( IN ROW size ) ]'. Redundant, class A correct.
img-00242	A	match	nibble1.png shows the NIBBLE syntax diagram + variable_clause; redundant with the NIBBLE page Syntax block. Class A correct.
img-02559	A	match	nibble1.png shows the NIBBLE syntax diagram + variable_clause; redundant with the NIBBLE page Syntax block. Class A correct.
img-04889	A	match	nibble1.png shows the NIBBLE syntax diagram + variable_clause; redundant with the NIBBLE page Syntax block. Class A correct.
img-00243	A	match	bit1.png shows the BIT syntax diagram + variable_clause; adjacent Syntax block 'BIT [(size)] [[FIXED |] VARIABLE ( IN ROW size ) ]'. Redundant, class A correct.
img-02560	A	match	bit1.png shows the BIT syntax diagram + variable_clause; adjacent Syntax block 'BIT [(size)] [[FIXED |] VARIABLE ( IN ROW size ) ]'. Redundant, class A correct.
img-04890	A	match	bit1.png shows the BIT syntax diagram + variable_clause; adjacent Syntax block 'BIT [(size)] [[FIXED |] VARIABLE ( IN ROW size ) ]'. Redundant, class A correct.
img-00244	A	match	varbyte1.png shows the VARBYTE syntax diagram + variable_clause; redundant with the VARBYTE page Syntax block. Class A correct.
img-02561	A	match	varbyte1.png shows the VARBYTE syntax diagram + variable_clause; redundant with the VARBYTE page Syntax block. Class A correct.
img-04891	A	match	varbyte1.png shows the VARBYTE syntax diagram + variable_clause; redundant with the VARBYTE page Syntax block. Class A correct.
img-00245	A	match	varbit1.png shows the VARBIT syntax diagram + variable_clause; redundant with the VARBIT page Syntax block. Class A correct.
img-02562	A	match	varbit1.png shows the VARBIT syntax diagram + variable_clause; redundant with the VARBIT page Syntax block. Class A correct.
img-04892	A	match	varbit1.png shows the VARBIT syntax diagram + variable_clause; redundant with the VARBIT page Syntax block. Class A correct.
img-00246	A	match	blob1.png shows 'BLOB [ VARIABLE [IN ROW size] ]'; adjacent Syntax block 'BLOB [ VARIABLE ( IN ROW size ) ]'. Redundant, class A correct.
img-02563	A	match	blob1.png shows 'BLOB [ VARIABLE [IN ROW size] ]'; adjacent Syntax block 'BLOB [ VARIABLE ( IN ROW size ) ]'. Redundant, class A correct.
img-04893	A	match	blob1.png shows 'BLOB [ VARIABLE [IN ROW size] ]'; adjacent Syntax block 'BLOB [ VARIABLE ( IN ROW size ) ]'. Redundant, class A correct.
img-00247	A	match	clob1.png shows the CLOB syntax diagram; redundant with the CLOB page Syntax block. Class A correct.
img-02564	A	match	clob1.png shows the CLOB syntax diagram; redundant with the CLOB page Syntax block. Class A correct.
img-04894	A	match	clob1.png shows the CLOB syntax diagram; redundant with the CLOB page Syntax block. Class A correct.
img-00972	A	match	image58_eng.gif is a 6-panel illustrative figure of geometry types (Point/MultiPoint/LineString/MultiLineString/Polygon/MultiPolygon) in the Spatial SQL topological-predicates section. Not a syntax/table/flowchart diagram - carries no unique convertible text; the geometry concepts are conveyed by surrounding prose/function descriptions. Correctly skipped (redundant illustrative figure); not a hidden C/D/E diagram.
img-03288	A	match	image58_eng.gif is a 6-panel illustrative figure of geometry types (Point/MultiPoint/LineString/MultiLineString/Polygon/MultiPolygon) in the Spatial SQL topological-predicates section. Not a syntax/table/flowchart diagram - carries no unique convertible text; the geometry concepts are conveyed by surrounding prose/function descriptions. Correctly skipped (redundant illustrative figure); not a hidden C/D/E diagram.
img-05619	A	match	image58_eng.gif is a 6-panel illustrative figure of geometry types (Point/MultiPoint/LineString/MultiLineString/Polygon/MultiPolygon) in the Spatial SQL topological-predicates section. Not a syntax/table/flowchart diagram - carries no unique convertible text; the geometry concepts are conveyed by surrounding prose/function descriptions. Correctly skipped (redundant illustrative figure); not a hidden C/D/E diagram.
img-01353	A	match	char.gif (kor) shows 'CHAR [(size)] [variable_clause] [in_row_clause]'; redundant with the kor CHAR page 구문 block 'CHAR [(size)] [ FIXED | VARIABLE [IN ROW size] ]'. Class A correct.
img-03728	A	match	char.gif (kor) shows 'CHAR [(size)] [variable_clause] [in_row_clause]'; redundant with the kor CHAR page 구문 block 'CHAR [(size)] [ FIXED | VARIABLE [IN ROW size] ]'. Class A correct.
img-06059	A	match	char.gif (kor) shows 'CHAR [(size)] [variable_clause] [in_row_clause]'; redundant with the kor CHAR page 구문 block 'CHAR [(size)] [ FIXED | VARIABLE [IN ROW size] ]'. Class A correct.
img-01356	A	match	varchar.gif (kor) shows the VARCHAR syntax diagram; redundant with the kor VARCHAR 구문 block. Class A correct.
img-03731	A	match	varchar.gif (kor) shows the VARCHAR syntax diagram; redundant with the kor VARCHAR 구문 block. Class A correct.
img-06062	A	match	varchar.gif (kor) shows the VARCHAR syntax diagram; redundant with the kor VARCHAR 구문 block. Class A correct.
img-01359	A	match	nchar.gif (kor) shows the NCHAR syntax diagram; redundant with the kor NCHAR 구문 block. Class A correct.
img-03734	A	match	nchar.gif (kor) shows the NCHAR syntax diagram; redundant with the kor NCHAR 구문 block. Class A correct.
img-06065	A	match	nchar.gif (kor) shows the NCHAR syntax diagram; redundant with the kor NCHAR 구문 block. Class A correct.
img-01362	A	match	nvarchar.gif (kor) shows the NVARCHAR syntax diagram; redundant with the kor NVARCHAR 구문 block. Class A correct.
img-03737	A	match	nvarchar.gif (kor) shows the NVARCHAR syntax diagram; redundant with the kor NVARCHAR 구문 block. Class A correct.
img-06068	A	match	nvarchar.gif (kor) shows the NVARCHAR syntax diagram; redundant with the kor NVARCHAR 구문 block. Class A correct.
img-01375	A	match	byte.gif (kor) shows the BYTE syntax diagram; redundant with the kor BYTE 구문 block. Class A correct.
img-03750	A	match	byte.gif (kor) shows the BYTE syntax diagram; redundant with the kor BYTE 구문 block. Class A correct.
img-06081	A	match	byte.gif (kor) shows the BYTE syntax diagram; redundant with the kor BYTE 구문 block. Class A correct.
img-01378	A	match	varbyte.gif (kor) shows the VARBYTE syntax diagram; redundant with the kor VARBYTE 구문 block. Class A correct.
img-03753	A	match	varbyte.gif (kor) shows the VARBYTE syntax diagram; redundant with the kor VARBYTE 구문 block. Class A correct.
img-06084	A	match	varbyte.gif (kor) shows the VARBYTE syntax diagram; redundant with the kor VARBYTE 구문 block. Class A correct.
img-01381	A	match	nibble.gif (kor) shows the NIBBLE syntax diagram; redundant with the kor NIBBLE 구문 block. Class A correct.
img-03756	A	match	nibble.gif (kor) shows the NIBBLE syntax diagram; redundant with the kor NIBBLE 구문 block. Class A correct.
img-06087	A	match	nibble.gif (kor) shows the NIBBLE syntax diagram; redundant with the kor NIBBLE 구문 block. Class A correct.
img-01384	A	match	bit.gif (kor) shows the BIT syntax diagram; redundant with the kor BIT 구문 block. Class A correct.
img-03759	A	match	bit.gif (kor) shows the BIT syntax diagram; redundant with the kor BIT 구문 block. Class A correct.
img-06090	A	match	bit.gif (kor) shows the BIT syntax diagram; redundant with the kor BIT 구문 block. Class A correct.
img-01387	A	match	varbit.gif (kor) shows the VARBIT syntax diagram; redundant with the kor VARBIT 구문 block. Class A correct.
img-03762	A	match	varbit.gif (kor) shows the VARBIT syntax diagram; redundant with the kor VARBIT 구문 block. Class A correct.
img-06093	A	match	varbit.gif (kor) shows the VARBIT syntax diagram; redundant with the kor VARBIT 구문 block. Class A correct.
img-01390	A	match	blob_type.gif (kor) shows 'BLOB [in_row_clause]'; adjacent 구문 block 'BLOB [ IN ROW size ]'. Redundant, class A correct.
img-03765	A	match	blob_type.gif (kor) shows 'BLOB [in_row_clause]'; adjacent 구문 block 'BLOB [ IN ROW size ]'. Redundant, class A correct.
img-06096	A	match	blob_type.gif (kor) shows 'BLOB [in_row_clause]'; adjacent 구문 block 'BLOB [ IN ROW size ]'. Redundant, class A correct.
img-01391	A	match	clob_type.gif (kor) shows the CLOB syntax diagram; redundant with the kor CLOB 구문 block. Class A correct.
img-03766	A	match	clob_type.gif (kor) shows the CLOB syntax diagram; redundant with the kor CLOB 구문 block. Class A correct.
img-06097	A	match	clob_type.gif (kor) shows the CLOB syntax diagram; redundant with the kor CLOB 구문 block. Class A correct.
img-02163	A	match	image58.gif (kor) is the 6-panel geometry-type illustrative figure (포인트/멀티포인트/라인스트링/멀티라인스트링/폴리곤/멀티폴리곤); illustrative figure carrying no unique convertible text. Correctly skipped; not a hidden C/D/E diagram.
img-04492	A	match	image58.gif (kor) is the 6-panel geometry-type illustrative figure (포인트/멀티포인트/라인스트링/멀티라인스트링/폴리곤/멀티폴리곤); illustrative figure carrying no unique convertible text. Correctly skipped; not a hidden C/D/E diagram.
img-06848	A	match	image58.gif (kor) is the 6-panel geometry-type illustrative figure (포인트/멀티포인트/라인스트링/멀티라인스트링/폴리곤/멀티폴리곤); illustrative figure carrying no unique convertible text. Correctly skipped; not a hidden C/D/E diagram.
img-06098	A	match	json_type.gif (trunk kor) shows 'JSON [in_row_clause]'; adjacent 구문 block 'JSON [ IN ROW size ]'. Redundant, class A correct.
img-00001	B	match	ALTIBASE cover-page logo, referenced on manual cover pages. No recoverable content. Class B correct.
img-00022	B	match	ALTIBASE cover-page logo, referenced on manual cover pages. No recoverable content. Class B correct.
img-00035	B	match	ALTIBASE cover-page logo, referenced on manual cover pages. No recoverable content. Class B correct.
img-00049	B	match	ALTIBASE cover-page logo, referenced on manual cover pages. No recoverable content. Class B correct.
img-00125	B	match	ALTIBASE cover-page logo, referenced on manual cover pages. No recoverable content. Class B correct.
img-00139	B	match	ALTIBASE cover-page logo, referenced on manual cover pages. No recoverable content. Class B correct.
img-00004	B	match	image3.gif is a path/line notation example inside the 'Syntax Diagram Conventions' documentation table; the adjacent table's Meaning column explains it. Redundant, class B correct - not a hidden C/D/E diagram.
img-00025	B	match	image3.gif is a path/line notation example inside the 'Syntax Diagram Conventions' documentation table; the adjacent table's Meaning column explains it. Redundant, class B correct - not a hidden C/D/E diagram.
img-00038	B	match	image3.gif is a path/line notation example inside the 'Syntax Diagram Conventions' documentation table; the adjacent table's Meaning column explains it. Redundant, class B correct - not a hidden C/D/E diagram.
img-00052	B	match	image3.gif is a path/line notation example inside the 'Syntax Diagram Conventions' documentation table; the adjacent table's Meaning column explains it. Redundant, class B correct - not a hidden C/D/E diagram.
img-00128	B	match	image3.gif is a path/line notation example inside the 'Syntax Diagram Conventions' documentation table; the adjacent table's Meaning column explains it. Redundant, class B correct - not a hidden C/D/E diagram.
img-00143	B	match	image3.gif is a path/line notation example inside the 'Syntax Diagram Conventions' documentation table; the adjacent table's Meaning column explains it. Redundant, class B correct - not a hidden C/D/E diagram.
img-00223	B	match	image014.gif is a loop notation example (NOT box with loop) inside the Syntax Diagram Conventions table; Meaning column explains it. Redundant, class B correct.
img-00254	B	match	image014.gif is a loop notation example (NOT box with loop) inside the Syntax Diagram Conventions table; Meaning column explains it. Redundant, class B correct.
img-00354	B	match	image014.gif is a loop notation example (NOT box with loop) inside the Syntax Diagram Conventions table; Meaning column explains it. Redundant, class B correct.
img-00449	B	match	image014.gif is a loop notation example (NOT box with loop) inside the Syntax Diagram Conventions table; Meaning column explains it. Redundant, class B correct.
img-00468	B	match	image014.gif is a loop notation example (NOT box with loop) inside the Syntax Diagram Conventions table; Meaning column explains it. Redundant, class B correct.
img-01153	B	match	image014.gif is a loop notation example (NOT box with loop) inside the Syntax Diagram Conventions table; Meaning column explains it. Redundant, class B correct.
img-00444	B	match	Replication_eng.1.2.1.jpg is a 'Reserved Word' placeholder notation example inside the Syntax Diagram Conventions table. Redundant, class B correct.
img-02760	B	match	Replication_eng.1.2.1.jpg is a 'Reserved Word' placeholder notation example inside the Syntax Diagram Conventions table. Redundant, class B correct.
img-05090	B	match	Replication_eng.1.2.1.jpg is a 'Reserved Word' placeholder notation example inside the Syntax Diagram Conventions table. Redundant, class B correct.
img-00054	B	match	image012.gif is a keyword/reserved-word notation example (SELECT box) inside the Syntax Diagram Conventions table. Redundant, class B correct.
img-00222	B	match	image012.gif is a keyword/reserved-word notation example (SELECT box) inside the Syntax Diagram Conventions table. Redundant, class B correct.
img-00253	B	match	image012.gif is a keyword/reserved-word notation example (SELECT box) inside the Syntax Diagram Conventions table. Redundant, class B correct.
img-00353	B	match	image012.gif is a keyword/reserved-word notation example (SELECT box) inside the Syntax Diagram Conventions table. Redundant, class B correct.
img-00448	B	match	image012.gif is a keyword/reserved-word notation example (SELECT box) inside the Syntax Diagram Conventions table. Redundant, class B correct.
img-00467	B	match	image012.gif is a keyword/reserved-word notation example (SELECT box) inside the Syntax Diagram Conventions table. Redundant, class B correct.
img-01148	B	match	image004.gif is a reserved-word notation example ('예약어' box) inside the Syntax Diagram Conventions table. Redundant, class B correct.
img-01175	B	match	image004.gif is a reserved-word notation example ('예약어' box) inside the Syntax Diagram Conventions table. Redundant, class B correct.
img-01252	B	match	image004.gif is a reserved-word notation example ('예약어' box) inside the Syntax Diagram Conventions table. Redundant, class B correct.
img-01267	B	match	image004.gif is a reserved-word notation example ('예약어' box) inside the Syntax Diagram Conventions table. Redundant, class B correct.
img-01294	B	match	image004.gif is a reserved-word notation example ('예약어' box) inside the Syntax Diagram Conventions table. Redundant, class B correct.
img-01313	B	match	image004.gif is a reserved-word notation example ('예약어' box) inside the Syntax Diagram Conventions table. Redundant, class B correct.
img-07018	B	match	button2.png is a small DBeaver toolbar button icon screenshot in a FAQ; redundant with the surrounding step-by-step prose. No recoverable text. Class B correct.
img-07120	B	match	button2.png is a small DBeaver toolbar button icon screenshot in a FAQ; redundant with the surrounding step-by-step prose. No recoverable text. Class B correct.
img-07222	B	match	button2.png is a small DBeaver toolbar button icon screenshot in a FAQ; redundant with the surrounding step-by-step prose. No recoverable text. Class B correct.
img-07324	B	match	button2.png is a small DBeaver toolbar button icon screenshot in a FAQ; redundant with the surrounding step-by-step prose. No recoverable text. Class B correct.
img-00010	B	match	image9.gif is an ASC/DESC choice-with-comma-loop notation example inside the Syntax Diagram Conventions table. Redundant, class B correct.
img-00031	B	match	image9.gif is an ASC/DESC choice-with-comma-loop notation example inside the Syntax Diagram Conventions table. Redundant, class B correct.
img-00044	B	match	image9.gif is an ASC/DESC choice-with-comma-loop notation example inside the Syntax Diagram Conventions table. Redundant, class B correct.
img-00058	B	match	image9.gif is an ASC/DESC choice-with-comma-loop notation example inside the Syntax Diagram Conventions table. Redundant, class B correct.
img-00134	B	match	image9.gif is an ASC/DESC choice-with-comma-loop notation example inside the Syntax Diagram Conventions table. Redundant, class B correct.
img-00149	B	match	image9.gif is an ASC/DESC choice-with-comma-loop notation example inside the Syntax Diagram Conventions table. Redundant, class B correct.
img-00009	B	match	image8.gif is an ASC/DESC choice notation example inside the Syntax Diagram Conventions table. Redundant, class B correct.
img-00030	B	match	image8.gif is an ASC/DESC choice notation example inside the Syntax Diagram Conventions table. Redundant, class B correct.
img-00043	B	match	image8.gif is an ASC/DESC choice notation example inside the Syntax Diagram Conventions table. Redundant, class B correct.
img-00057	B	match	image8.gif is an ASC/DESC choice notation example inside the Syntax Diagram Conventions table. Redundant, class B correct.
img-00133	B	match	image8.gif is an ASC/DESC choice notation example inside the Syntax Diagram Conventions table. Redundant, class B correct.
img-00148	B	match	image8.gif is an ASC/DESC choice notation example inside the Syntax Diagram Conventions table. Redundant, class B correct.
img-00003	B	match	image2.gif is a path/line notation example inside the Syntax Diagram Conventions table. Redundant, class B correct.
img-00024	B	match	image2.gif is a path/line notation example inside the Syntax Diagram Conventions table. Redundant, class B correct.
img-00037	B	match	image2.gif is a path/line notation example inside the Syntax Diagram Conventions table. Redundant, class B correct.
img-00051	B	match	image2.gif is a path/line notation example inside the Syntax Diagram Conventions table. Redundant, class B correct.
img-00127	B	match	image2.gif is a path/line notation example inside the Syntax Diagram Conventions table. Redundant, class B correct.
img-00142	B	match	image2.gif is a path/line notation example inside the Syntax Diagram Conventions table. Redundant, class B correct.
img-00006	B	match	image5.gif is a keyword notation example (SELECT box) inside the Syntax Diagram Conventions table. Redundant, class B correct.
img-00027	B	match	image5.gif is a keyword notation example (SELECT box) inside the Syntax Diagram Conventions table. Redundant, class B correct.
img-00040	B	match	image5.gif is a keyword notation example (SELECT box) inside the Syntax Diagram Conventions table. Redundant, class B correct.
img-00130	B	match	image5.gif is a keyword notation example (SELECT box) inside the Syntax Diagram Conventions table. Redundant, class B correct.
img-00145	B	match	image5.gif is a keyword notation example (SELECT box) inside the Syntax Diagram Conventions table. Redundant, class B correct.
img-00172	B	match	image5.gif is a keyword notation example (SELECT box) inside the Syntax Diagram Conventions table. Redundant, class B correct.
img-00007	B	match	image6.gif is a loop notation example (NOT box with loop) inside the Syntax Diagram Conventions table. Redundant, class B correct.
img-00028	B	match	image6.gif is a loop notation example (NOT box with loop) inside the Syntax Diagram Conventions table. Redundant, class B correct.
img-00041	B	match	image6.gif is a loop notation example (NOT box with loop) inside the Syntax Diagram Conventions table. Redundant, class B correct.
img-00055	B	match	image6.gif is a loop notation example (NOT box with loop) inside the Syntax Diagram Conventions table. Redundant, class B correct.
img-00131	B	match	image6.gif is a loop notation example (NOT box with loop) inside the Syntax Diagram Conventions table. Redundant, class B correct.
img-00146	B	match	image6.gif is a loop notation example (NOT box with loop) inside the Syntax Diagram Conventions table. Redundant, class B correct.
img-00218	B	match	GeneralReference_eng.1.2.1.jpg is a 'Reserved Word' placeholder notation example inside the Syntax Diagram Conventions table. Redundant, class B correct.
img-00249	B	match	GeneralReference_eng.1.2.1.jpg is a 'Reserved Word' placeholder notation example inside the Syntax Diagram Conventions table. Redundant, class B correct.
img-02535	B	match	GeneralReference_eng.1.2.1.jpg is a 'Reserved Word' placeholder notation example inside the Syntax Diagram Conventions table. Redundant, class B correct.
img-02566	B	match	GeneralReference_eng.1.2.1.jpg is a 'Reserved Word' placeholder notation example inside the Syntax Diagram Conventions table. Redundant, class B correct.
img-04865	B	match	GeneralReference_eng.1.2.1.jpg is a 'Reserved Word' placeholder notation example inside the Syntax Diagram Conventions table. Redundant, class B correct.
img-04896	B	match	GeneralReference_eng.1.2.1.jpg is a 'Reserved Word' placeholder notation example inside the Syntax Diagram Conventions table. Redundant, class B correct.
img-00224	B	match	image016.gif is an ADD/DROP choice notation example inside the Syntax Diagram Conventions table. Redundant, class B correct.
img-00255	B	match	image016.gif is an ADD/DROP choice notation example inside the Syntax Diagram Conventions table. Redundant, class B correct.
img-00355	B	match	image016.gif is an ADD/DROP choice notation example inside the Syntax Diagram Conventions table. Redundant, class B correct.
img-00450	B	match	image016.gif is an ADD/DROP choice notation example inside the Syntax Diagram Conventions table. Redundant, class B correct.
img-00469	B	match	image016.gif is an ADD/DROP choice notation example inside the Syntax Diagram Conventions table. Redundant, class B correct.
img-01154	B	match	image016.gif is an ADD/DROP choice notation example inside the Syntax Diagram Conventions table. Redundant, class B correct.
img-00008	B	match	image7.gif is an ADD/DROP choice notation example inside the Syntax Diagram Conventions table. Redundant, class B correct.
img-00029	B	match	image7.gif is an ADD/DROP choice notation example inside the Syntax Diagram Conventions table. Redundant, class B correct.
img-00042	B	match	image7.gif is an ADD/DROP choice notation example inside the Syntax Diagram Conventions table. Redundant, class B correct.
img-00056	B	match	image7.gif is an ADD/DROP choice notation example inside the Syntax Diagram Conventions table. Redundant, class B correct.
img-00132	B	match	image7.gif is an ADD/DROP choice notation example inside the Syntax Diagram Conventions table. Redundant, class B correct.
img-00147	B	match	image7.gif is an ADD/DROP choice notation example inside the Syntax Diagram Conventions table. Redundant, class B correct.
img-00225	B	match	image018.gif is an ASC/DESC choice-with-loop notation example inside the Syntax Diagram Conventions table. Redundant, class B correct.
img-00256	B	match	image018.gif is an ASC/DESC choice-with-loop notation example inside the Syntax Diagram Conventions table. Redundant, class B correct.
img-00356	B	match	image018.gif is an ASC/DESC choice-with-loop notation example inside the Syntax Diagram Conventions table. Redundant, class B correct.
img-00451	B	match	image018.gif is an ASC/DESC choice-with-loop notation example inside the Syntax Diagram Conventions table. Redundant, class B correct.
img-00470	B	match	image018.gif is an ASC/DESC choice-with-loop notation example inside the Syntax Diagram Conventions table. Redundant, class B correct.
img-01155	B	match	image018.gif is an ASC/DESC choice-with-loop notation example inside the Syntax Diagram Conventions table. Redundant, class B correct.
img-00002	B	match	image1.gif is a 'Reserved word' placeholder notation example inside the Syntax Diagram Conventions table. Redundant, class B correct.
img-00023	B	match	image1.gif is a 'Reserved word' placeholder notation example inside the Syntax Diagram Conventions table. Redundant, class B correct.
img-00036	B	match	image1.gif is a 'Reserved word' placeholder notation example inside the Syntax Diagram Conventions table. Redundant, class B correct.
img-00050	B	match	image1.gif is a 'Reserved word' placeholder notation example inside the Syntax Diagram Conventions table. Redundant, class B correct.
img-00126	B	match	image1.gif is a 'Reserved word' placeholder notation example inside the Syntax Diagram Conventions table. Redundant, class B correct.
img-00141	B	match	image1.gif is a 'Reserved word' placeholder notation example inside the Syntax Diagram Conventions table. Redundant, class B correct.
img-00005	B	match	image4.gif is a terminator notation example (arrow to ';' node) inside the Syntax Diagram Conventions table. Redundant, class B correct.
img-00026	B	match	image4.gif is a terminator notation example (arrow to ';' node) inside the Syntax Diagram Conventions table. Redundant, class B correct.
img-00039	B	match	image4.gif is a terminator notation example (arrow to ';' node) inside the Syntax Diagram Conventions table. Redundant, class B correct.
img-00053	B	match	image4.gif is a terminator notation example (arrow to ';' node) inside the Syntax Diagram Conventions table. Redundant, class B correct.
img-00129	B	match	image4.gif is a terminator notation example (arrow to ';' node) inside the Syntax Diagram Conventions table. Redundant, class B correct.
img-00144	B	match	image4.gif is a terminator notation example (arrow to ';' node) inside the Syntax Diagram Conventions table. Redundant, class B correct.
img-00220	B	match	image008.gif is a path/line notation example inside the Syntax Diagram Conventions table. Redundant, class B correct.
img-00251	B	match	image008.gif is a path/line notation example inside the Syntax Diagram Conventions table. Redundant, class B correct.
img-00351	B	match	image008.gif is a path/line notation example inside the Syntax Diagram Conventions table. Redundant, class B correct.
img-00446	B	match	image008.gif is a path/line notation example inside the Syntax Diagram Conventions table. Redundant, class B correct.
img-00465	B	match	image008.gif is a path/line notation example inside the Syntax Diagram Conventions table. Redundant, class B correct.
img-01150	B	match	image008.gif is a path/line notation example inside the Syntax Diagram Conventions table. Redundant, class B correct.
img-00226	B	match	image020.gif is an ASC/DESC choice-with-comma-loop notation example inside the Syntax Diagram Conventions table. Redundant, class B correct.
img-00257	B	match	image020.gif is an ASC/DESC choice-with-comma-loop notation example inside the Syntax Diagram Conventions table. Redundant, class B correct.
img-00357	B	match	image020.gif is an ASC/DESC choice-with-comma-loop notation example inside the Syntax Diagram Conventions table. Redundant, class B correct.
img-00452	B	match	image020.gif is an ASC/DESC choice-with-comma-loop notation example inside the Syntax Diagram Conventions table. Redundant, class B correct.
img-00471	B	match	image020.gif is an ASC/DESC choice-with-comma-loop notation example inside the Syntax Diagram Conventions table. Redundant, class B correct.
img-01156	B	match	image020.gif is an ASC/DESC choice-with-comma-loop notation example inside the Syntax Diagram Conventions table. Redundant, class B correct.
img-00219	B	match	image006.gif is a path/line notation example inside the Syntax Diagram Conventions table. Redundant, class B correct.
img-00250	B	match	image006.gif is a path/line notation example inside the Syntax Diagram Conventions table. Redundant, class B correct.
img-00350	B	match	image006.gif is a path/line notation example inside the Syntax Diagram Conventions table. Redundant, class B correct.
img-00445	B	match	image006.gif is a path/line notation example inside the Syntax Diagram Conventions table. Redundant, class B correct.
img-00464	B	match	image006.gif is a path/line notation example inside the Syntax Diagram Conventions table. Redundant, class B correct.
img-01149	B	match	image006.gif is a path/line notation example inside the Syntax Diagram Conventions table. Redundant, class B correct.
img-00221	B	match	image010.gif is a terminator notation example (arrow to ';' node) inside the Syntax Diagram Conventions table. Redundant, class B correct.
img-00252	B	match	image010.gif is a terminator notation example (arrow to ';' node) inside the Syntax Diagram Conventions table. Redundant, class B correct.
img-00352	B	match	image010.gif is a terminator notation example (arrow to ';' node) inside the Syntax Diagram Conventions table. Redundant, class B correct.
img-00447	B	match	image010.gif is a terminator notation example (arrow to ';' node) inside the Syntax Diagram Conventions table. Redundant, class B correct.
img-00466	B	match	image010.gif is a terminator notation example (arrow to ';' node) inside the Syntax Diagram Conventions table. Redundant, class B correct.
img-01151	B	match	image010.gif is a terminator notation example (arrow to ';' node) inside the Syntax Diagram Conventions table. Redundant, class B correct.
img-07017	B	match	button1.png is a small DBeaver toolbar button icon screenshot in a FAQ; redundant with surrounding step prose. No recoverable text. Class B correct.
img-07119	B	match	button1.png is a small DBeaver toolbar button icon screenshot in a FAQ; redundant with surrounding step prose. No recoverable text. Class B correct.
img-07221	B	match	button1.png is a small DBeaver toolbar button icon screenshot in a FAQ; redundant with surrounding step prose. No recoverable text. Class B correct.
img-07323	B	match	button1.png is a small DBeaver toolbar button icon screenshot in a FAQ; redundant with surrounding step prose. No recoverable text. Class B correct.
img-00066	B	match	6-2_Eng.png illustrates disk-tablespace structure (two Data File cylinders holding Table/Index Segment blocks). Conceptual structure illustration redundant with the adjacent prose ('physically organized into data files and logical structures'). Not a syntax diagram/table/process flowchart - correctly class B.
img-02383	B	match	6-2_Eng.png illustrates disk-tablespace structure (two Data File cylinders holding Table/Index Segment blocks). Conceptual structure illustration redundant with the adjacent prose ('physically organized into data files and logical structures'). Not a syntax diagram/table/process flowchart - correctly class B.
img-04713	B	match	6-2_Eng.png illustrates disk-tablespace structure (two Data File cylinders holding Table/Index Segment blocks). Conceptual structure illustration redundant with the adjacent prose ('physically organized into data files and logical structures'). Not a syntax diagram/table/process flowchart - correctly class B.
img-07123	B	match	commit4.png is a DBeaver Preferences screenshot showing the 'Auto-commit by default' checkbox; redundant with the prose step describing unchecking it. UI screenshot, no recoverable text. Class B correct.
img-07327	B	match	commit4.png is a DBeaver Preferences screenshot showing the 'Auto-commit by default' checkbox; redundant with the prose step describing unchecking it. UI screenshot, no recoverable text. Class B correct.
img-02072	B	match	944963501...jpg illustrates the hybrid-sharding architecture (applications connecting via a Coordinator/Connection Rules and directly to DBs). Conceptual architecture diagram redundant with the adjacent prose describing hybrid sharding. Not a process flowchart/table/syntax diagram - correctly class B.
img-01194	B	match	6-5.png illustrates page record storage (page header / data records / page footer, records filling bottom-to-top). Conceptual structure illustration redundant with the adjacent prose ('레코드는 페이지의 아래쪽에서 위쪽 방향으로 채워지며'). No branching logic - correctly class B.
img-03569	B	match	6-5.png illustrates page record storage (page header / data records / page footer, records filling bottom-to-top). Conceptual structure illustration redundant with the adjacent prose ('레코드는 페이지의 아래쪽에서 위쪽 방향으로 채워지며'). No branching logic - correctly class B.
img-05900	B	match	6-5.png illustrates page record storage (page header / data records / page footer, records filling bottom-to-top). Conceptual structure illustration redundant with the adjacent prose ('레코드는 페이지의 아래쪽에서 위쪽 방향으로 채워지며'). No branching logic - correctly class B.
img-00033	B	match	jdbcAdapter installer filename breakdown (version / OS / 32-64bit annotations). Annotated-example illustration redundant with the install prose. Not a syntax/table/flowchart diagram - correctly class B.
img-01158	B	match	jdbcAdapter installer filename breakdown (version / OS / 32-64bit annotations). Annotated-example illustration redundant with the install prose. Not a syntax/table/flowchart diagram - correctly class B.
img-02350	B	match	jdbcAdapter installer filename breakdown (version / OS / 32-64bit annotations). Annotated-example illustration redundant with the install prose. Not a syntax/table/flowchart diagram - correctly class B.
img-04680	B	match	jdbcAdapter installer filename breakdown (version / OS / 32-64bit annotations). Annotated-example illustration redundant with the install prose. Not a syntax/table/flowchart diagram - correctly class B.
img-05864	B	match	jdbcAdapter installer filename breakdown (version / OS / 32-64bit annotations). Annotated-example illustration redundant with the install prose. Not a syntax/table/flowchart diagram - correctly class B.
img-07009	B	match	dbeaver_jdbcdownload.png is a DBeaver 'Download driver files' dialog screenshot. UI screenshot redundant with the step prose. Class B correct.
img-07213	B	match	dbeaver_jdbcdownload.png is a DBeaver 'Download driver files' dialog screenshot. UI screenshot redundant with the step prose. Class B correct.
img-00138	B	match	5_eng.png illustrates Traditional Method vs Array Binding (individual vs batched inserts). Conceptual comparison illustration redundant with the Overview prose. No branching logic - correctly class B.
img-02455	B	match	5_eng.png illustrates Traditional Method vs Array Binding (individual vs batched inserts). Conceptual comparison illustration redundant with the Overview prose. No branching logic - correctly class B.
img-04785	B	match	5_eng.png illustrates Traditional Method vs Array Binding (individual vs batched inserts). Conceptual comparison illustration redundant with the Overview prose. No branching logic - correctly class B.
img-00346	B	match	ODBCDriver image3.png is the 'Altibase Connection Config' DSN dialog screenshot. UI screenshot redundant with the DSN-adding prose. Class B correct.
img-01481	B	match	ODBCDriver image3.png is the 'Altibase Connection Config' DSN dialog screenshot. UI screenshot redundant with the DSN-adding prose. Class B correct.
img-02662	B	match	ODBCDriver image3.png is the 'Altibase Connection Config' DSN dialog screenshot. UI screenshot redundant with the DSN-adding prose. Class B correct.
img-03855	B	match	ODBCDriver image3.png is the 'Altibase Connection Config' DSN dialog screenshot. UI screenshot redundant with the DSN-adding prose. Class B correct.
img-04992	B	match	ODBCDriver image3.png is the 'Altibase Connection Config' DSN dialog screenshot. UI screenshot redundant with the DSN-adding prose. Class B correct.
img-06188	B	match	ODBCDriver image3.png is the 'Altibase Connection Config' DSN dialog screenshot. UI screenshot redundant with the DSN-adding prose. Class B correct.
img-00415	B	match	trclog_detail_predicate.gif is an iSQL session screenshot showing an example explain-plan output with trclog_detail_predicate=1. Illustrative example output redundant with the explanatory prose. Not a syntax/table/process diagram - correctly class B.
img-01550	B	match	trclog_detail_predicate.gif is an iSQL session screenshot showing an example explain-plan output with trclog_detail_predicate=1. Illustrative example output redundant with the explanatory prose. Not a syntax/table/process diagram - correctly class B.
img-02731	B	match	trclog_detail_predicate.gif is an iSQL session screenshot showing an example explain-plan output with trclog_detail_predicate=1. Illustrative example output redundant with the explanatory prose. Not a syntax/table/process diagram - correctly class B.
img-03924	B	match	trclog_detail_predicate.gif is an iSQL session screenshot showing an example explain-plan output with trclog_detail_predicate=1. Illustrative example output redundant with the explanatory prose. Not a syntax/table/process diagram - correctly class B.
img-05061	B	match	trclog_detail_predicate.gif is an iSQL session screenshot showing an example explain-plan output with trclog_detail_predicate=1. Illustrative example output redundant with the explanatory prose. Not a syntax/table/process diagram - correctly class B.
img-06257	B	match	trclog_detail_predicate.gif is an iSQL session screenshot showing an example explain-plan output with trclog_detail_predicate=1. Illustrative example output redundant with the explanatory prose. Not a syntax/table/process diagram - correctly class B.
img-00270	B	match	image25.gif illustrates a database (US7ASCII) and client (MS949) with different character sets and the conversion between them. Conceptual illustration redundant with the prose. No branching logic - correctly class B.
img-01414	B	match	image25.gif illustrates a database (US7ASCII) and client (MS949) with different character sets and the conversion between them. Conceptual illustration redundant with the prose. No branching logic - correctly class B.
img-02587	B	match	image25.gif illustrates a database (US7ASCII) and client (MS949) with different character sets and the conversion between them. Conceptual illustration redundant with the prose. No branching logic - correctly class B.
img-03789	B	match	image25.gif illustrates a database (US7ASCII) and client (MS949) with different character sets and the conversion between them. Conceptual illustration redundant with the prose. No branching logic - correctly class B.
img-04917	B	match	image25.gif illustrates a database (US7ASCII) and client (MS949) with different character sets and the conversion between them. Conceptual illustration redundant with the prose. No branching logic - correctly class B.
img-06122	B	match	image25.gif illustrates a database (US7ASCII) and client (MS949) with different character sets and the conversion between them. Conceptual illustration redundant with the prose. No branching logic - correctly class B.
img-00966	B	match	image52_eng.gif is a 9-panel illustration of the DISJOINT topological predicate across geometry-type pairs. Conceptual illustrative figure redundant with the DISJOINT prose definition. Not a syntax/table/flowchart diagram - correctly class B.
img-03282	B	match	image52_eng.gif is a 9-panel illustration of the DISJOINT topological predicate across geometry-type pairs. Conceptual illustrative figure redundant with the DISJOINT prose definition. Not a syntax/table/flowchart diagram - correctly class B.
img-05613	B	match	image52_eng.gif is a 9-panel illustration of the DISJOINT topological predicate across geometry-type pairs. Conceptual illustrative figure redundant with the DISJOINT prose definition. Not a syntax/table/flowchart diagram - correctly class B.
img-00744	E	match	create_table_lob.gif (LOB/partition tablespace-precedence decision tree): re-audited as a class-E conversion. All 3 decision diamonds, 3 'Specified tablespace' outcomes, the final default rectangle and every YES/NO branch match the source raster. Prior B misclassification corrected by the IMG-03 re-run that reclassified it E and added the Mermaid conversion.
img-03060	E	match	create_table_lob.gif (LOB/partition tablespace-precedence decision tree): re-audited as a class-E conversion. All 3 decision diamonds, 3 'Specified tablespace' outcomes, the final default rectangle and every YES/NO branch match the source raster. Prior B misclassification corrected by the IMG-03 re-run that reclassified it E and added the Mermaid conversion.
img-05391	E	match	create_table_lob.gif (LOB/partition tablespace-precedence decision tree): re-audited as a class-E conversion. All 3 decision diamonds, 3 'Specified tablespace' outcomes, the final default rectangle and every YES/NO branch match the source raster. Prior B misclassification corrected by the IMG-03 re-run that reclassified it E and added the Mermaid conversion.
img-00278	B	match	96c02b73...png is the Altibase installer 'Step 1: Basic Database Operation Properties' screenshot. UI screenshot redundant with the bulleted property list in prose. Class B correct.
img-01422	B	match	96c02b73...png is the Altibase installer 'Step 1: Basic Database Operation Properties' screenshot. UI screenshot redundant with the bulleted property list in prose. Class B correct.
img-02595	B	match	96c02b73...png is the Altibase installer 'Step 1: Basic Database Operation Properties' screenshot. UI screenshot redundant with the bulleted property list in prose. Class B correct.
img-03797	B	match	96c02b73...png is the Altibase installer 'Step 1: Basic Database Operation Properties' screenshot. UI screenshot redundant with the bulleted property list in prose. Class B correct.
img-04925	B	match	96c02b73...png is the Altibase installer 'Step 1: Basic Database Operation Properties' screenshot. UI screenshot redundant with the bulleted property list in prose. Class B correct.
img-06130	B	match	96c02b73...png is the Altibase installer 'Step 1: Basic Database Operation Properties' screenshot. UI screenshot redundant with the bulleted property list in prose. Class B correct.
img-01076	B	match	si_policy_eng.png illustrates a synchronization-policy case (record present in Master DB is Inserted into Slave DB). Conceptual illustration redundant with the altiComp synchronization-policy prose (same family as the spec's class-B example su_policy_eng.png). Class B correct.
img-02274	B	match	aku_p_start_slave_pod.png is a StatefulSet/pod architecture diagram annotated with numbered steps for 'aku -p start'. The numbered steps are enumerated in the surrounding prose; the image is an architecture illustration with no decision branching unique to it. Redundant with prose - class B correct.
img-04604	B	match	aku_p_start_slave_pod.png is a StatefulSet/pod architecture diagram annotated with numbered steps for 'aku -p start'. The numbered steps are enumerated in the surrounding prose; the image is an architecture illustration with no decision branching unique to it. Redundant with prose - class B correct.
img-06960	B	match	aku_p_start_slave_pod.png is a StatefulSet/pod architecture diagram annotated with numbered steps for 'aku -p start'. The numbered steps are enumerated in the surrounding prose; the image is an architecture illustration with no decision branching unique to it. Redundant with prose - class B correct.
img-00163	B	match	CLI 9.jpg illustrates the row-wise parameter binding memory layout (columns A/B/C, array[0..3] rows). Conceptual memory-layout illustration redundant with the row-wise-binding prose. Not a data table (no actual data) - correctly class B.
img-01289	B	match	CLI 9.jpg illustrates the row-wise parameter binding memory layout (columns A/B/C, array[0..3] rows). Conceptual memory-layout illustration redundant with the row-wise-binding prose. Not a data table (no actual data) - correctly class B.
img-02480	B	match	CLI 9.jpg illustrates the row-wise parameter binding memory layout (columns A/B/C, array[0..3] rows). Conceptual memory-layout illustration redundant with the row-wise-binding prose. Not a data table (no actual data) - correctly class B.
img-03664	B	match	CLI 9.jpg illustrates the row-wise parameter binding memory layout (columns A/B/C, array[0..3] rows). Conceptual memory-layout illustration redundant with the row-wise-binding prose. Not a data table (no actual data) - correctly class B.
img-04810	B	match	CLI 9.jpg illustrates the row-wise parameter binding memory layout (columns A/B/C, array[0..3] rows). Conceptual memory-layout illustration redundant with the row-wise-binding prose. Not a data table (no actual data) - correctly class B.
img-05995	B	match	CLI 9.jpg illustrates the row-wise parameter binding memory layout (columns A/B/C, array[0..3] rows). Conceptual memory-layout illustration redundant with the row-wise-binding prose. Not a data table (no actual data) - correctly class B.
img-00048	B	match	start.gif is an annotated CREATE REPLICATION example (callouts naming ALA_REPLICATION_NAME, oraAdapter address, ALA_RECEIVER_PORT, table names). Annotated-example illustration redundant with the startup prose. Not a syntax/table/flowchart diagram - class B correct.
img-01173	B	match	start.gif is an annotated CREATE REPLICATION example (callouts naming ALA_REPLICATION_NAME, oraAdapter address, ALA_RECEIVER_PORT, table names). Annotated-example illustration redundant with the startup prose. Not a syntax/table/flowchart diagram - class B correct.
img-02365	B	match	start.gif is an annotated CREATE REPLICATION example (callouts naming ALA_REPLICATION_NAME, oraAdapter address, ALA_RECEIVER_PORT, table names). Annotated-example illustration redundant with the startup prose. Not a syntax/table/flowchart diagram - class B correct.
img-03548	B	match	start.gif is an annotated CREATE REPLICATION example (callouts naming ALA_REPLICATION_NAME, oraAdapter address, ALA_RECEIVER_PORT, table names). Annotated-example illustration redundant with the startup prose. Not a syntax/table/flowchart diagram - class B correct.
img-04695	B	match	start.gif is an annotated CREATE REPLICATION example (callouts naming ALA_REPLICATION_NAME, oraAdapter address, ALA_RECEIVER_PORT, table names). Annotated-example illustration redundant with the startup prose. Not a syntax/table/flowchart diagram - class B correct.
img-05879	B	match	start.gif is an annotated CREATE REPLICATION example (callouts naming ALA_REPLICATION_NAME, oraAdapter address, ALA_RECEIVER_PORT, table names). Annotated-example illustration redundant with the startup prose. Not a syntax/table/flowchart diagram - class B correct.
img-00020	B	match	adonet1.png is a Visual Studio 'Configure your new project' screenshot. UI screenshot redundant with the step prose. Class B correct.
img-02337	B	match	adonet1.png is a Visual Studio 'Configure your new project' screenshot. UI screenshot redundant with the step prose. Class B correct.
img-04667	B	match	adonet1.png is a Visual Studio 'Configure your new project' screenshot. UI screenshot redundant with the step prose. Class B correct.
img-00441	B	match	Precompiler image10.gif compares Array Insert vs Atomic Array Insert (atomic = rollback on any failure). Conceptual comparison illustration redundant with the ATOMIC FOR clause prose. No decision branching - class B correct.
img-01577	B	match	Precompiler image10.gif compares Array Insert vs Atomic Array Insert (atomic = rollback on any failure). Conceptual comparison illustration redundant with the ATOMIC FOR clause prose. No decision branching - class B correct.
img-02757	B	match	Precompiler image10.gif compares Array Insert vs Atomic Array Insert (atomic = rollback on any failure). Conceptual comparison illustration redundant with the ATOMIC FOR clause prose. No decision branching - class B correct.
img-03951	B	match	Precompiler image10.gif compares Array Insert vs Atomic Array Insert (atomic = rollback on any failure). Conceptual comparison illustration redundant with the ATOMIC FOR clause prose. No decision branching - class B correct.
img-05087	B	match	Precompiler image10.gif compares Array Insert vs Atomic Array Insert (atomic = rollback on any failure). Conceptual comparison illustration redundant with the ATOMIC FOR clause prose. No decision branching - class B correct.
img-06284	B	match	Precompiler image10.gif compares Array Insert vs Atomic Array Insert (atomic = rollback on any failure). Conceptual comparison illustration redundant with the ATOMIC FOR clause prose. No decision branching - class B correct.
img-01594	B	match	2-3.png illustrates replication failover between A Server and B Server (automatic switchover on network problem). Conceptual illustration redundant with the error-recovery prose. No decision branching - class B correct.
img-03968	B	match	2-3.png illustrates replication failover between A Server and B Server (automatic switchover on network problem). Conceptual illustration redundant with the error-recovery prose. No decision branching - class B correct.
img-06301	B	match	2-3.png illustrates replication failover between A Server and B Server (automatic switchover on network problem). Conceptual illustration redundant with the error-recovery prose. No decision branching - class B correct.
img-02254	B	match	file_control.gif (kor) is a conceptual overview of the file-control procedures (directory ops branch FCOPY/FREMOVE/FRENAME; file lifecycle FILE_TYPE->FOPEN->{FFLUSH/GET_LINE/IS_OPEN/NEW_LINE/PUT/PUT_LINE}->FCLOSE/FCLOSE_ALL). Each procedure and its purpose is in the adjacent procedure table; no decision branching, so not a class-E flowchart. Class B acceptable.
img-04584	B	match	file_control.gif (kor) is a conceptual overview of the file-control procedures (directory ops branch FCOPY/FREMOVE/FRENAME; file lifecycle FILE_TYPE->FOPEN->{FFLUSH/GET_LINE/IS_OPEN/NEW_LINE/PUT/PUT_LINE}->FCLOSE/FCLOSE_ALL). Each procedure and its purpose is in the adjacent procedure table; no decision branching, so not a class-E flowchart. Class B acceptable.
img-06940	B	match	file_control.gif (kor) is a conceptual overview of the file-control procedures (directory ops branch FCOPY/FREMOVE/FRENAME; file lifecycle FILE_TYPE->FOPEN->{FFLUSH/GET_LINE/IS_OPEN/NEW_LINE/PUT/PUT_LINE}->FCLOSE/FCLOSE_ALL). Each procedure and its purpose is in the adjacent procedure table; no decision branching, so not a class-E flowchart. Class B acceptable.
img-01579	B	match	selectlist.gif is a 4-panel illustration of the SQLDA structure state (after alloc / after SELECT LIST / before fetch / after fetch). Conceptual memory-state illustration redundant with the SQLDA prose. Not a data table - class B correct.
img-03953	B	match	selectlist.gif is a 4-panel illustration of the SQLDA structure state (after alloc / after SELECT LIST / before fetch / after fetch). Conceptual memory-state illustration redundant with the SQLDA prose. Not a data table - class B correct.
img-06286	B	match	selectlist.gif is a 4-panel illustration of the SQLDA structure state (after alloc / after SELECT LIST / before fetch / after fetch). Conceptual memory-state illustration redundant with the SQLDA prose. Not a data table - class B correct.
img-00474	B	match	diagram_snmp.jpg illustrates the SNMP architecture (Network Management Station with managed devices, agents, MIBs). Conceptual architecture diagram redundant with the SNMP terminology prose. Class B correct.
img-01611	B	match	diagram_snmp.jpg illustrates the SNMP architecture (Network Management Station with managed devices, agents, MIBs). Conceptual architecture diagram redundant with the SNMP terminology prose. Class B correct.
img-02790	B	match	diagram_snmp.jpg illustrates the SNMP architecture (Network Management Station with managed devices, agents, MIBs). Conceptual architecture diagram redundant with the SNMP terminology prose. Class B correct.
img-03985	B	match	diagram_snmp.jpg illustrates the SNMP architecture (Network Management Station with managed devices, agents, MIBs). Conceptual architecture diagram redundant with the SNMP terminology prose. Class B correct.
img-05120	B	match	diagram_snmp.jpg illustrates the SNMP architecture (Network Management Station with managed devices, agents, MIBs). Conceptual architecture diagram redundant with the SNMP terminology prose. Class B correct.
img-06318	B	match	diagram_snmp.jpg illustrates the SNMP architecture (Network Management Station with managed devices, agents, MIBs). Conceptual architecture diagram redundant with the SNMP terminology prose. Class B correct.
img-01063	B	match	file_control_eng.png is the English file-control procedures overview diagram (same content as B043). Conceptual overview; procedures and purposes are in the adjacent table; no decision branching. Class B acceptable.
img-03379	B	match	file_control_eng.png is the English file-control procedures overview diagram (same content as B043). Conceptual overview; procedures and purposes are in the adjacent table; no decision branching. Class B acceptable.
img-05710	B	match	file_control_eng.png is the English file-control procedures overview diagram (same content as B043). Conceptual overview; procedures and purposes are in the adjacent table; no decision branching. Class B acceptable.
img-00178	B	match	DBLink image12.gif illustrates the DB-Link linker session architecture (DK Module session manager, linker data sessions, AltiLinker process, remote servers). Conceptual architecture diagram redundant with the Linker Session Management prose/table. Class B correct.
img-01304	B	match	DBLink image12.gif illustrates the DB-Link linker session architecture (DK Module session manager, linker data sessions, AltiLinker process, remote servers). Conceptual architecture diagram redundant with the Linker Session Management prose/table. Class B correct.
img-02495	B	match	DBLink image12.gif illustrates the DB-Link linker session architecture (DK Module session manager, linker data sessions, AltiLinker process, remote servers). Conceptual architecture diagram redundant with the Linker Session Management prose/table. Class B correct.
img-03679	B	match	DBLink image12.gif illustrates the DB-Link linker session architecture (DK Module session manager, linker data sessions, AltiLinker process, remote servers). Conceptual architecture diagram redundant with the Linker Session Management prose/table. Class B correct.
img-04825	B	match	DBLink image12.gif illustrates the DB-Link linker session architecture (DK Module session manager, linker data sessions, AltiLinker process, remote servers). Conceptual architecture diagram redundant with the Linker Session Management prose/table. Class B correct.
img-06010	B	match	DBLink image12.gif illustrates the DB-Link linker session architecture (DK Module session manager, linker data sessions, AltiLinker process, remote servers). Conceptual architecture diagram redundant with the Linker Session Management prose/table. Class B correct.
img-01882	E	match	create_table_lob.gif (kor) (LOB/partition tablespace-precedence decision tree): re-audited as a class-E conversion. All 3 decision diamonds, 3 '지정한 테이블스페이스' outcomes, the final default rectangle and every YES/NO branch match the source raster. Prior B misclassification corrected by the IMG-03 re-run that reclassified it E and added the Mermaid conversion.
img-04257	E	match	create_table_lob.gif (kor) (LOB/partition tablespace-precedence decision tree): re-audited as a class-E conversion. All 3 decision diamonds, 3 '지정한 테이블스페이스' outcomes, the final default rectangle and every YES/NO branch match the source raster. Prior B misclassification corrected by the IMG-03 re-run that reclassified it E and added the Mermaid conversion.
img-06591	E	match	create_table_lob.gif (kor) (LOB/partition tablespace-precedence decision tree): re-audited as a class-E conversion. All 3 decision diamonds, 3 '지정한 테이블스페이스' outcomes, the final default rectangle and every YES/NO branch match the source raster. Prior B misclassification corrected by the IMG-03 re-run that reclassified it E and added the Mermaid conversion.
img-00196	B	match	image022_eng.png illustrates the external-procedure call flow (Client <-> ALTIBASE HDB Server session <-> Agent Process <-> User-defined Library). Conceptual architecture diagram with directional call arrows but no decision branching; the call flow is described in the adjacent prose. Class B correct.
img-02513	B	match	image022_eng.png illustrates the external-procedure call flow (Client <-> ALTIBASE HDB Server session <-> Agent Process <-> User-defined Library). Conceptual architecture diagram with directional call arrows but no decision branching; the call flow is described in the adjacent prose. Class B correct.
img-04843	B	match	image022_eng.png illustrates the external-procedure call flow (Client <-> ALTIBASE HDB Server session <-> Agent Process <-> User-defined Library). Conceptual architecture diagram with directional call arrows but no decision branching; the call flow is described in the adjacent prose. Class B correct.
img-01482	B	match	image4.png (kor ODBCDriver) is a console screenshot of an example program's output ('실행결과'). Example-output screenshot redundant with the example prose. Class B correct.
img-03856	B	match	image4.png (kor ODBCDriver) is a console screenshot of an example program's output ('실행결과'). Example-output screenshot redundant with the example prose. Class B correct.
img-06189	B	match	image4.png (kor ODBCDriver) is a console screenshot of an example program's output ('실행결과'). Example-output screenshot redundant with the example prose. Class B correct.
img-01146	B	match	adonet2.png (kor API) is a Visual Studio NuGet package-manager screenshot. UI screenshot redundant with the step prose. Class B correct.
img-03521	B	match	adonet2.png (kor API) is a Visual Studio NuGet package-manager screenshot. UI screenshot redundant with the step prose. Class B correct.
img-05852	B	match	adonet2.png (kor API) is a Visual Studio NuGet package-manager screenshot. UI screenshot redundant with the step prose. Class B correct.
img-02157	B	match	image52.gif (kor) is the 9-panel DISJOINT topological-predicate illustration (Korean version of B033). Conceptual illustrative figure redundant with the DISJOINT prose. Class B correct.
img-04486	B	match	image52.gif (kor) is the 9-panel DISJOINT topological-predicate illustration (Korean version of B033). Conceptual illustrative figure redundant with the DISJOINT prose. Class B correct.
img-06842	B	match	image52.gif (kor) is the 9-panel DISJOINT topological-predicate illustration (Korean version of B033). Conceptual illustrative figure redundant with the DISJOINT prose. Class B correct.
img-00457	B	match	Replication_eng.1.7.2.jpg illustrates automatic service takeover on failure between A Server and B Server (Replication Manager). Conceptual failover illustration redundant with the troubleshooting prose. No decision branching - class B correct.
img-02773	B	match	Replication_eng.1.7.2.jpg illustrates automatic service takeover on failure between A Server and B Server (Replication Manager). Conceptual failover illustration redundant with the troubleshooting prose. No decision branching - class B correct.
img-05103	B	match	Replication_eng.1.7.2.jpg illustrates automatic service takeover on failure between A Server and B Server (Replication Manager). Conceptual failover illustration redundant with the troubleshooting prose. No decision branching - class B correct.
img-02775	B	match	replication-figure-3-1.png is a worked-example timeline of the offline-replication procedure (Active/Standby with CREATE/ALTER REPLICATION example commands). Conceptual workflow illustration; example commands and procedure described in surrounding prose; linear, no decision branching - class B correct.
img-05105	B	match	replication-figure-3-1.png is a worked-example timeline of the offline-replication procedure (Active/Standby with CREATE/ALTER REPLICATION example commands). Conceptual workflow illustration; example commands and procedure described in surrounding prose; linear, no decision branching - class B correct.
img-01322	B	match	image022.png (kor) illustrates the external-procedure call flow (Client/Server session/Agent Process/User-defined Library) - Korean version of B049. Conceptual architecture diagram, no decision branching, flow described in prose. Class B correct.
img-03697	B	match	image022.png (kor) illustrates the external-procedure call flow (Client/Server session/Agent Process/User-defined Library) - Korean version of B049. Conceptual architecture diagram, no decision branching, flow described in prose. Class B correct.
img-06028	B	match	image022.png (kor) illustrates the external-procedure call flow (Client/Server session/Agent Process/User-defined Library) - Korean version of B049. Conceptual architecture diagram, no decision branching, flow described in prose. Class B correct.
img-01374	B	match	date1.png (kor) is the trivial DATE syntax diagram on the kor DATE page; redundant with the adjacent 구문 block 'DATE'. Classified rule-residual-conceptual rather than rule-syntax-textblock (A) but the skip decision is correct - a trivial syntax diagram with no unique content. Correctly not converted.
img-03749	B	match	date1.png (kor) is the trivial DATE syntax diagram on the kor DATE page; redundant with the adjacent 구문 block 'DATE'. Classified rule-residual-conceptual rather than rule-syntax-textblock (A) but the skip decision is correct - a trivial syntax diagram with no unique content. Correctly not converted.
img-06080	B	match	date1.png (kor) is the trivial DATE syntax diagram on the kor DATE page; redundant with the adjacent 구문 block 'DATE'. Classified rule-residual-conceptual rather than rule-syntax-textblock (A) but the skip decision is correct - a trivial syntax diagram with no unique content. Correctly not converted.
img-01264	B	match	5.png (kor ACI) is the Array Binding overview illustration (Korean version of B029). Conceptual comparison illustration redundant with the 개요 prose. Class B correct.
img-03639	B	match	5.png (kor ACI) is the Array Binding overview illustration (Korean version of B029). Conceptual comparison illustration redundant with the 개요 prose. Class B correct.
img-05970	B	match	5.png (kor ACI) is the Array Binding overview illustration (Korean version of B029). Conceptual comparison illustration redundant with the 개요 prose. Class B correct.
img-01277	B	match	CLI 2.jpg illustrates the CLI application's three-phase structure (초기설정/트랜잭션 처리/종료) with the SQLAllocEnv..SQLFreeEnv call sequence. Conceptual overview figure; linear sequence with no decision branching; the three-stage structure and function usage are covered by the CLI manual prose. Class B acceptable.
img-03652	B	match	CLI 2.jpg illustrates the CLI application's three-phase structure (초기설정/트랜잭션 처리/종료) with the SQLAllocEnv..SQLFreeEnv call sequence. Conceptual overview figure; linear sequence with no decision branching; the three-stage structure and function usage are covered by the CLI manual prose. Class B acceptable.
img-05983	B	match	CLI 2.jpg illustrates the CLI application's three-phase structure (초기설정/트랜잭션 처리/종료) with the SQLAllocEnv..SQLFreeEnv call sequence. Conceptual overview figure; linear sequence with no decision branching; the three-stage structure and function usage are covered by the CLI manual prose. Class B acceptable.
img-00331	B	match	0b0e8c63...png is an XLog Collector architecture/data-flow diagram (Meta Information, XLog Queue, Transaction Table, XLog Pool, Session). The numbered processing steps are enumerated in the adjacent 'How the Log Analyzer works' prose; no decision branching. Conceptual architecture diagram - class B correct.
img-01475	B	match	0b0e8c63...png is an XLog Collector architecture/data-flow diagram (Meta Information, XLog Queue, Transaction Table, XLog Pool, Session). The numbered processing steps are enumerated in the adjacent 'How the Log Analyzer works' prose; no decision branching. Conceptual architecture diagram - class B correct.
img-02648	B	match	0b0e8c63...png is an XLog Collector architecture/data-flow diagram (Meta Information, XLog Queue, Transaction Table, XLog Pool, Session). The numbered processing steps are enumerated in the adjacent 'How the Log Analyzer works' prose; no decision branching. Conceptual architecture diagram - class B correct.
img-03850	B	match	0b0e8c63...png is an XLog Collector architecture/data-flow diagram (Meta Information, XLog Queue, Transaction Table, XLog Pool, Session). The numbered processing steps are enumerated in the adjacent 'How the Log Analyzer works' prose; no decision branching. Conceptual architecture diagram - class B correct.
img-04978	B	match	0b0e8c63...png is an XLog Collector architecture/data-flow diagram (Meta Information, XLog Queue, Transaction Table, XLog Pool, Session). The numbered processing steps are enumerated in the adjacent 'How the Log Analyzer works' prose; no decision branching. Conceptual architecture diagram - class B correct.
img-06183	B	match	0b0e8c63...png is an XLog Collector architecture/data-flow diagram (Meta Information, XLog Queue, Transaction Table, XLog Pool, Session). The numbered processing steps are enumerated in the adjacent 'How the Log Analyzer works' prose; no decision branching. Conceptual architecture diagram - class B correct.
img-03970	B	match	replication-figure-3-1.png (7.3 kor) is the offline-replication workflow timeline (Korean version of B054). Conceptual workflow illustration redundant with prose; no decision branching. Class B correct.
img-06303	B	match	replication-figure-3-1.png (7.3 kor) is the offline-replication workflow timeline (Korean version of B054). Conceptual workflow illustration redundant with prose; no decision branching. Class B correct.
img-03533	B	match	11213ffd...png (7.3 kor) is the jdbcAdapter installer filename breakdown (same as B027). Annotated-example illustration redundant with the install prose. Class B correct.
img-01115	B	match	71b8cbe0...png illustrates the iLoader LOB data-file format (how %%offset:size locators map to .lob file regions). Conceptual data-format illustration redundant with the Data File Format prose/example. Not a data table - class B correct.
img-02307	B	match	71b8cbe0...png illustrates the iLoader LOB data-file format (how %%offset:size locators map to .lob file regions). Conceptual data-format illustration redundant with the Data File Format prose/example. Not a data table - class B correct.
img-03431	B	match	71b8cbe0...png illustrates the iLoader LOB data-file format (how %%offset:size locators map to .lob file regions). Conceptual data-format illustration redundant with the Data File Format prose/example. Not a data table - class B correct.
img-04637	B	match	71b8cbe0...png illustrates the iLoader LOB data-file format (how %%offset:size locators map to .lob file regions). Conceptual data-format illustration redundant with the Data File Format prose/example. Not a data table - class B correct.
img-05762	B	match	71b8cbe0...png illustrates the iLoader LOB data-file format (how %%offset:size locators map to .lob file regions). Conceptual data-format illustration redundant with the Data File Format prose/example. Not a data table - class B correct.
img-06993	B	match	71b8cbe0...png illustrates the iLoader LOB data-file format (how %%offset:size locators map to .lob file regions). Conceptual data-format illustration redundant with the Data File Format prose/example. Not a data table - class B correct.
img-00258	B	match	4-1.png is the sample-schema Entity-Relationship diagram (DEPARTMENTS/EMPLOYEES/ORDERS/CUSTOMERS/GOODS entities, attributes, WORKS_FOR/TAKE_ORDERS/ORDER_FOR/ORDER_GOODS relationships). An E-R diagram is not a syntax diagram, data table, or process/decision flowchart - it does not fit the convertible C/D/E taxonomy; the entity tables are documented as Markdown tables in the same section. Conceptual diagram - class B correct.
img-01402	B	match	4-1.png is the sample-schema Entity-Relationship diagram (DEPARTMENTS/EMPLOYEES/ORDERS/CUSTOMERS/GOODS entities, attributes, WORKS_FOR/TAKE_ORDERS/ORDER_FOR/ORDER_GOODS relationships). An E-R diagram is not a syntax diagram, data table, or process/decision flowchart - it does not fit the convertible C/D/E taxonomy; the entity tables are documented as Markdown tables in the same section. Conceptual diagram - class B correct.
img-02575	B	match	4-1.png is the sample-schema Entity-Relationship diagram (DEPARTMENTS/EMPLOYEES/ORDERS/CUSTOMERS/GOODS entities, attributes, WORKS_FOR/TAKE_ORDERS/ORDER_FOR/ORDER_GOODS relationships). An E-R diagram is not a syntax diagram, data table, or process/decision flowchart - it does not fit the convertible C/D/E taxonomy; the entity tables are documented as Markdown tables in the same section. Conceptual diagram - class B correct.
img-03777	B	match	4-1.png is the sample-schema Entity-Relationship diagram (DEPARTMENTS/EMPLOYEES/ORDERS/CUSTOMERS/GOODS entities, attributes, WORKS_FOR/TAKE_ORDERS/ORDER_FOR/ORDER_GOODS relationships). An E-R diagram is not a syntax diagram, data table, or process/decision flowchart - it does not fit the convertible C/D/E taxonomy; the entity tables are documented as Markdown tables in the same section. Conceptual diagram - class B correct.
img-04905	B	match	4-1.png is the sample-schema Entity-Relationship diagram (DEPARTMENTS/EMPLOYEES/ORDERS/CUSTOMERS/GOODS entities, attributes, WORKS_FOR/TAKE_ORDERS/ORDER_FOR/ORDER_GOODS relationships). An E-R diagram is not a syntax diagram, data table, or process/decision flowchart - it does not fit the convertible C/D/E taxonomy; the entity tables are documented as Markdown tables in the same section. Conceptual diagram - class B correct.
img-06110	B	match	4-1.png is the sample-schema Entity-Relationship diagram (DEPARTMENTS/EMPLOYEES/ORDERS/CUSTOMERS/GOODS entities, attributes, WORKS_FOR/TAKE_ORDERS/ORDER_FOR/ORDER_GOODS relationships). An E-R diagram is not a syntax diagram, data table, or process/decision flowchart - it does not fit the convertible C/D/E taxonomy; the entity tables are documented as Markdown tables in the same section. Conceptual diagram - class B correct.
img-00072	B	match	6-8_Eng.png illustrates the data-page structure (Physical Header / TTL / Slot Directory / Free Space / Row Data / Page Footer layout). Conceptual structure illustration redundant with the Data Page Structure prose. Not a flowchart/syntax/table - class B correct.
img-02389	B	match	6-8_Eng.png illustrates the data-page structure (Physical Header / TTL / Slot Directory / Free Space / Row Data / Page Footer layout). Conceptual structure illustration redundant with the Data Page Structure prose. Not a flowchart/syntax/table - class B correct.
img-04719	B	match	6-8_Eng.png illustrates the data-page structure (Physical Header / TTL / Slot Directory / Free Space / Row Data / Page Footer layout). Conceptual structure illustration redundant with the Data Page Structure prose. Not a flowchart/syntax/table - class B correct.
img-07111	B	match	dbeaver_jdbcdownload.png (kor) is a DBeaver 'Download driver files' dialog screenshot. UI screenshot redundant with the step prose. Class B correct.
img-07315	B	match	dbeaver_jdbcdownload.png (kor) is a DBeaver 'Download driver files' dialog screenshot. UI screenshot redundant with the step prose. Class B correct.
img-00102	B	match	7-23.png illustrates a MERGE PARTITION operation (before/after partition contents with an example ALTER TABLE ... MERGE PARTITION command). Conceptual before/after illustration redundant with the partition-merge prose; no decision branching. Class B correct.
img-01227	B	match	7-23.png illustrates a MERGE PARTITION operation (before/after partition contents with an example ALTER TABLE ... MERGE PARTITION command). Conceptual before/after illustration redundant with the partition-merge prose; no decision branching. Class B correct.
img-02419	B	match	7-23.png illustrates a MERGE PARTITION operation (before/after partition contents with an example ALTER TABLE ... MERGE PARTITION command). Conceptual before/after illustration redundant with the partition-merge prose; no decision branching. Class B correct.
img-03602	B	match	7-23.png illustrates a MERGE PARTITION operation (before/after partition contents with an example ALTER TABLE ... MERGE PARTITION command). Conceptual before/after illustration redundant with the partition-merge prose; no decision branching. Class B correct.
img-04749	B	match	7-23.png illustrates a MERGE PARTITION operation (before/after partition contents with an example ALTER TABLE ... MERGE PARTITION command). Conceptual before/after illustration redundant with the partition-merge prose; no decision branching. Class B correct.
img-05933	B	match	7-23.png illustrates a MERGE PARTITION operation (before/after partition contents with an example ALTER TABLE ... MERGE PARTITION command). Conceptual before/after illustration redundant with the partition-merge prose; no decision branching. Class B correct.
img-07126	B	match	sysschema2.png (kor) is a DBeaver 'Connection changed - reconnect?' dialog screenshot. UI screenshot redundant with the FAQ prose. Class B correct.
img-07330	B	match	sysschema2.png (kor) is a DBeaver 'Connection changed - reconnect?' dialog screenshot. UI screenshot redundant with the FAQ prose. Class B correct.
img-07155	B	match	binarytype6.png (kor) is a DBeaver Data editor screenshot showing a binary value in Hex. UI screenshot redundant with the FAQ prose. Class B correct.
img-07359	B	match	binarytype6.png (kor) is a DBeaver Data editor screenshot showing a binary value in Hex. UI screenshot redundant with the FAQ prose. Class B correct.
img-00107	B	match	7-28.png illustrates range-using-hash partition boundaries on a 0..999 number line (part_1/part_2/part_3/part_def at 250/500/750). Conceptual illustration redundant with the CREATE TABLE example that states the VALUES LESS THAN boundaries. No decision branching - class B correct.
img-01232	B	match	7-28.png illustrates range-using-hash partition boundaries on a 0..999 number line (part_1/part_2/part_3/part_def at 250/500/750). Conceptual illustration redundant with the CREATE TABLE example that states the VALUES LESS THAN boundaries. No decision branching - class B correct.
img-02424	B	match	7-28.png illustrates range-using-hash partition boundaries on a 0..999 number line (part_1/part_2/part_3/part_def at 250/500/750). Conceptual illustration redundant with the CREATE TABLE example that states the VALUES LESS THAN boundaries. No decision branching - class B correct.
img-03607	B	match	7-28.png illustrates range-using-hash partition boundaries on a 0..999 number line (part_1/part_2/part_3/part_def at 250/500/750). Conceptual illustration redundant with the CREATE TABLE example that states the VALUES LESS THAN boundaries. No decision branching - class B correct.
img-04754	B	match	7-28.png illustrates range-using-hash partition boundaries on a 0..999 number line (part_1/part_2/part_3/part_def at 250/500/750). Conceptual illustration redundant with the CREATE TABLE example that states the VALUES LESS THAN boundaries. No decision branching - class B correct.
img-05938	B	match	7-28.png illustrates range-using-hash partition boundaries on a 0..999 number line (part_1/part_2/part_3/part_def at 250/500/750). Conceptual illustration redundant with the CREATE TABLE example that states the VALUES LESS THAN boundaries. No decision branching - class B correct.
img-07015	B	match	connect10_eng.png is a DBeaver right-click context-menu screenshot. UI screenshot redundant with the step prose. Class B correct.
img-07219	B	match	connect10_eng.png is a DBeaver right-click context-menu screenshot. UI screenshot redundant with the step prose. Class B correct.
img-02073	B	match	098aaf2d...jpg illustrates a shard query over TB_USER_INFO distributed across DB Node #1/#2 with merged results. Conceptual illustration redundant with the shard-query terminology prose. Not a flowchart/syntax/table - class B correct.
img-00411	B	match	scan_access_method_2.gif is an iSQL screenshot of an example explain-plan output (RANGE SCAN on INDEX IDX1). Illustrative example output redundant with the access-method prose. Class B correct.
img-01546	B	match	scan_access_method_2.gif is an iSQL screenshot of an example explain-plan output (RANGE SCAN on INDEX IDX1). Illustrative example output redundant with the access-method prose. Class B correct.
img-02727	B	match	scan_access_method_2.gif is an iSQL screenshot of an example explain-plan output (RANGE SCAN on INDEX IDX1). Illustrative example output redundant with the access-method prose. Class B correct.
img-03920	B	match	scan_access_method_2.gif is an iSQL screenshot of an example explain-plan output (RANGE SCAN on INDEX IDX1). Illustrative example output redundant with the access-method prose. Class B correct.
img-05057	B	match	scan_access_method_2.gif is an iSQL screenshot of an example explain-plan output (RANGE SCAN on INDEX IDX1). Illustrative example output redundant with the access-method prose. Class B correct.
img-06253	B	match	scan_access_method_2.gif is an iSQL screenshot of an example explain-plan output (RANGE SCAN on INDEX IDX1). Illustrative example output redundant with the access-method prose. Class B correct.
img-07063	B	match	heartbeat_fail_0_existence.gif illustrates an aheartbeat network-failure scenario (External/Internal Network, Node A/B, failed links). Conceptual scenario illustration redundant with the prose. No decision branching - class B correct.
img-07165	B	match	heartbeat_fail_0_existence.gif illustrates an aheartbeat network-failure scenario (External/Internal Network, Node A/B, failed links). Conceptual scenario illustration redundant with the prose. No decision branching - class B correct.
img-07267	B	match	heartbeat_fail_0_existence.gif illustrates an aheartbeat network-failure scenario (External/Internal Network, Node A/B, failed links). Conceptual scenario illustration redundant with the prose. No decision branching - class B correct.
img-07369	B	match	heartbeat_fail_0_existence.gif illustrates an aheartbeat network-failure scenario (External/Internal Network, Node A/B, failed links). Conceptual scenario illustration redundant with the prose. No decision branching - class B correct.
img-07141	B	match	datetype1.png (kor) is a DBeaver Data-grid screenshot showing DATE column values. UI screenshot redundant with the FAQ prose. Class B correct.
img-07345	B	match	datetype1.png (kor) is a DBeaver Data-grid screenshot showing DATE column values. UI screenshot redundant with the FAQ prose. Class B correct.
img-00419	B	match	view_scan.gif is an iSQL screenshot of an example explain-plan output containing a VIEW-SCAN node. Illustrative example output redundant with the VIEW-SCAN description prose/table. Class B correct.
img-01554	B	match	view_scan.gif is an iSQL screenshot of an example explain-plan output containing a VIEW-SCAN node. Illustrative example output redundant with the VIEW-SCAN description prose/table. Class B correct.
img-02735	B	match	view_scan.gif is an iSQL screenshot of an example explain-plan output containing a VIEW-SCAN node. Illustrative example output redundant with the VIEW-SCAN description prose/table. Class B correct.
img-03928	B	match	view_scan.gif is an iSQL screenshot of an example explain-plan output containing a VIEW-SCAN node. Illustrative example output redundant with the VIEW-SCAN description prose/table. Class B correct.
img-05065	B	match	view_scan.gif is an iSQL screenshot of an example explain-plan output containing a VIEW-SCAN node. Illustrative example output redundant with the VIEW-SCAN description prose/table. Class B correct.
img-06261	B	match	view_scan.gif is an iSQL screenshot of an example explain-plan output containing a VIEW-SCAN node. Illustrative example output redundant with the VIEW-SCAN description prose/table. Class B correct.
img-07094	B	match	6e97d198...png is an Altibase Replication Manager application screenshot. UI screenshot redundant with the connection prose. Class B correct.
img-07187	B	match	6e97d198...png is an Altibase Replication Manager application screenshot. UI screenshot redundant with the connection prose. Class B correct.
img-07298	B	match	6e97d198...png is an Altibase Replication Manager application screenshot. UI screenshot redundant with the connection prose. Class B correct.
img-07391	B	match	6e97d198...png is an Altibase Replication Manager application screenshot. UI screenshot redundant with the connection prose. Class B correct.
img-02090	B	match	reshard_solo.png is a tiny Shard Manager GUI toolbar icon. UI icon with no recoverable content. Class B correct.
img-03304	B	match	storedprocedure_structure_eng.png (audited via byte-sibling copy in the 7.1 tree; raster absent at the 7.3 reference's own path) is an annotated stored-function code example labelling Header / Body(Block1) / Declare Part / Block2 / Exception-Handling. Conceptual annotated-example illustration redundant with the 'block-structured language' prose. Not a syntax/table/flowchart diagram - class B correct.
img-03391	B	match	su_policy_eng.png (audited via sibling copy at Manuals/Altibase_7.3/eng/media/; raster absent at the reference's media/Utilities/ path) illustrates a synchronization-policy case (record Changed in Master propagated to Slave DB). This is the spec section 4 class-B example. Conceptual illustration redundant with the synchronization-policy prose. Class B correct.
img-03392	B	match	si_policy_eng.png (audited via sibling copy at Manuals/Altibase_7.3/eng/media/; raster absent at the reference's media/Utilities/ path) illustrates a synchronization-policy case (record present in Master Inserted into Slave DB). Conceptual illustration redundant with the synchronization-policy prose (same family as B036). Class B correct.
