baseline_block_id	korean_source_id	korean_source_path	english_source_id	english_source_path	other_source_id	other_source_path	source_family	version_scope	authority_label	baseline_source_type	planned_downstream_use	alignment_status	source_block_refs	evidence_or_limitation_note	last_verified_job
KAE-BLOCK-000001	SRC-000049	Manuals/Altibase_7.1/kor/Administrator's Manual.md	SRC-000018	Manuals/Altibase_7.1/eng/Administrator's Manual.md			administrator_operations	7.1	Korean authoritative; English extraction aid	repo_paired_ko_en	primary_working_source_after_alignment	pending	SRC-000049/BLOCK-000002:lines=1-10426;SRC-000018/BLOCK-000001:lines=1-10503	Detected matched kor/eng source paths under selected roots; derived English baseline text is pending Korean-authority alignment.	S1-J006
KAE-BLOCK-000002	SRC-000046	Manuals/Altibase_7.1/kor/API User's Manual.md	SRC-000015	Manuals/Altibase_7.1/eng/API User's Manual.md			c_cli_odbc_precompiler	7.1	Korean authoritative; English extraction aid	repo_paired_ko_en	primary_working_source_after_alignment	pending	SRC-000046/BLOCK-000467:lines=1-4784;SRC-000015/BLOCK-000462:lines=1-4482	Detected matched kor/eng source paths under selected roots; derived English baseline text is pending Korean-authority alignment.	S1-J006
KAE-BLOCK-000003	SRC-000050	Manuals/Altibase_7.1/kor/Altibase C Interface Manual.md	SRC-000019	Manuals/Altibase_7.1/eng/Altibase C Interface Manual.md			c_cli_odbc_precompiler	7.1	Korean authoritative; English extraction aid	repo_paired_ko_en	primary_working_source_after_alignment	pending	SRC-000050/BLOCK-000468:lines=1-4355;SRC-000019/BLOCK-000463:lines=1-3820	Detected matched kor/eng source paths under selected roots; derived English baseline text is pending Korean-authority alignment.	S1-J006
KAE-BLOCK-000004	SRC-000052	Manuals/Altibase_7.1/kor/CLI User's Manual.md	SRC-000021	Manuals/Altibase_7.1/eng/CLI User's Manual.md			c_cli_odbc_precompiler	7.1	Korean authoritative; English extraction aid	repo_paired_ko_en	primary_working_source_after_alignment	pending	SRC-000052/BLOCK-000469:lines=1-11140;SRC-000021/BLOCK-000464:lines=1-10213	Detected matched kor/eng source paths under selected roots; derived English baseline text is pending Korean-authority alignment.	S1-J006
KAE-BLOCK-000005	SRC-000065	Manuals/Altibase_7.1/kor/ODBC User's Manual.md	SRC-000034	Manuals/Altibase_7.1/eng/ODBC User's Manual.md			c_cli_odbc_precompiler	7.1	Korean authoritative; English extraction aid	repo_paired_ko_en	primary_working_source_after_alignment	pending	SRC-000065/BLOCK-000470:lines=1-701;SRC-000034/BLOCK-000465:lines=1-631	Detected matched kor/eng source paths under selected roots; derived English baseline text is pending Korean-authority alignment.	S1-J006
KAE-BLOCK-000006	SRC-000068	Manuals/Altibase_7.1/kor/Precompiler User's Manual.md	SRC-000036	Manuals/Altibase_7.1/eng/Precompiler User’s Manual.md			c_cli_odbc_precompiler	7.1	Korean authoritative; English extraction aid	repo_paired_ko_en	primary_working_source_after_alignment	pending	SRC-000068/BLOCK-000471:lines=1-10518;SRC-000036/BLOCK-000466:lines=1-10203	Detected matched kor/eng source paths under selected roots; derived English baseline text is pending Korean-authority alignment.	S1-J006
KAE-BLOCK-000007	SRC-000053	Manuals/Altibase_7.1/kor/DB Link User's Manual.md	SRC-000022	Manuals/Altibase_7.1/eng/DB Link User's Manual.md			dblink_hadoop_external_connectors	7.1	Korean authoritative; English extraction aid	repo_paired_ko_en	primary_working_source_after_alignment	pending	SRC-000053/BLOCK-000494:lines=1-3070;SRC-000022/BLOCK-000492:lines=1-2696	Detected matched kor/eng source paths under selected roots; derived English baseline text is pending Korean-authority alignment.	S1-J006
KAE-BLOCK-000008	SRC-000059	Manuals/Altibase_7.1/kor/Hadoop Connector User's Manual.md	SRC-000028	Manuals/Altibase_7.1/eng/Hadoop Connector User's Manual.md			dblink_hadoop_external_connectors	7.1	Korean authoritative; English extraction aid	repo_paired_ko_en	primary_working_source_after_alignment	pending	SRC-000059/BLOCK-000495:lines=1-711;SRC-000028/BLOCK-000493:lines=1-607	Detected matched kor/eng source paths under selected roots; derived English baseline text is pending Korean-authority alignment.	S1-J006
KAE-BLOCK-000009	SRC-000054	Manuals/Altibase_7.1/kor/Error Message Reference.md	SRC-000023	Manuals/Altibase_7.1/eng/Error Message Reference.md			error_message_reference	7.1	Korean authoritative; English extraction aid	repo_paired_ko_en	primary_working_source_after_alignment	pending	SRC-000054/BLOCK-000509:lines=1-21375;SRC-000023/BLOCK-000508:lines=1-21071	Detected matched kor/eng source paths under selected roots; derived English baseline text is pending Korean-authority alignment.	S1-J006
KAE-BLOCK-000010	SRC-000056	Manuals/Altibase_7.1/kor/General Reference-1.Data Types & Altibase Properties.md	SRC-000025	Manuals/Altibase_7.1/eng/General Reference-1.Data Types & Altibase Properties.md			general_reference_1_datatypes_properties	7.1	Korean authoritative; English extraction aid	repo_paired_ko_en	primary_working_source_after_alignment	pending	SRC-000056/BLOCK-000515:lines=1-15737;SRC-000025/BLOCK-000514:lines=1-15313	Detected matched kor/eng source paths under selected roots; derived English baseline text is pending Korean-authority alignment.	S1-J006
KAE-BLOCK-000011	SRC-000057	Manuals/Altibase_7.1/kor/General Reference-2.The Data Dictionary.md	SRC-000026	Manuals/Altibase_7.1/eng/General Reference-2.The Data Dictionary.md			general_reference_2_dictionary_views	7.1	Korean authoritative; English extraction aid	repo_paired_ko_en	primary_working_source_after_alignment	pending	SRC-000057/BLOCK-000521:lines=1-12955;SRC-000026/BLOCK-000520:lines=1-12309	Detected matched kor/eng source paths under selected roots; derived English baseline text is pending Korean-authority alignment.	S1-J006
KAE-BLOCK-000012	SRC-000058	Manuals/Altibase_7.1/kor/Getting Started Guide.md	SRC-000027	Manuals/Altibase_7.1/eng/Getting Started Guide.md			getting_started_installation	7.1	Korean authoritative; English extraction aid	repo_paired_ko_en	primary_working_source_after_alignment	pending	SRC-000058/BLOCK-000528:lines=1-2241;SRC-000027/BLOCK-000526:lines=1-2284	Detected matched kor/eng source paths under selected roots; derived English baseline text is pending Korean-authority alignment.	S1-J006
KAE-BLOCK-000013	SRC-000060	Manuals/Altibase_7.1/kor/Installation Guide.md	SRC-000029	Manuals/Altibase_7.1/eng/Installation Guide.md			getting_started_installation	7.1	Korean authoritative; English extraction aid	repo_paired_ko_en	primary_working_source_after_alignment	pending	SRC-000060/BLOCK-000529:lines=1-1797;SRC-000029/BLOCK-000527:lines=1-1766	Detected matched kor/eng source paths under selected roots; derived English baseline text is pending Korean-authority alignment.	S1-J006
KAE-BLOCK-000014	SRC-000077	Manuals/Altibase_7.1/kor/iLoader User's Manual.md	SRC-000044	Manuals/Altibase_7.1/eng/iLoader User's Manual.md			isql_iloader	7.1	Korean authoritative; English extraction aid	repo_paired_ko_en	primary_working_source_after_alignment	pending	SRC-000077/BLOCK-000540:lines=1-3062;SRC-000044/BLOCK-000538:lines=1-2699	Detected matched kor/eng source paths under selected roots; derived English baseline text is pending Korean-authority alignment.	S1-J006
KAE-BLOCK-000015	SRC-000078	Manuals/Altibase_7.1/kor/iSQL User's Manual.md	SRC-000045	Manuals/Altibase_7.1/eng/iSQL User's Manual.md			isql_iloader	7.1	Korean authoritative; English extraction aid	repo_paired_ko_en	primary_working_source_after_alignment	pending	SRC-000078/BLOCK-000541:lines=1-3610;SRC-000045/BLOCK-000539:lines=1-3420	Detected matched kor/eng source paths under selected roots; derived English baseline text is pending Korean-authority alignment.	S1-J006
KAE-BLOCK-000016	SRC-000047	Manuals/Altibase_7.1/kor/Adapter for JDBC User's Manual.md	SRC-000016	Manuals/Altibase_7.1/eng/Adapter for JDBC User's Manual.md			jdbc_java	7.1	Korean authoritative; English extraction aid	repo_paired_ko_en	primary_working_source_after_alignment	pending	SRC-000047/BLOCK-000552:lines=1-1288;SRC-000016/BLOCK-000550:lines=1-1002	Detected matched kor/eng source paths under selected roots; derived English baseline text is pending Korean-authority alignment.	S1-J006
KAE-BLOCK-000017	SRC-000061	Manuals/Altibase_7.1/kor/JDBC User's Manual.md	SRC-000030	Manuals/Altibase_7.1/eng/JDBC User's Manual.md			jdbc_java	7.1	Korean authoritative; English extraction aid	repo_paired_ko_en	primary_working_source_after_alignment	pending	SRC-000061/BLOCK-000553:lines=1-4445;SRC-000030/BLOCK-000551:lines=1-3914	Detected matched kor/eng source paths under selected roots; derived English baseline text is pending Korean-authority alignment.	S1-J006
KAE-BLOCK-000018	SRC-000062	Manuals/Altibase_7.1/kor/Log Analyzer User's Manual.md	SRC-000031	Manuals/Altibase_7.1/eng/Log Analyzer User's Manual.md			log_analyzer	7.1	Korean authoritative; English extraction aid	repo_paired_ko_en	primary_working_source_after_alignment	pending	SRC-000062/BLOCK-000564:lines=1-6011;SRC-000031/BLOCK-000563:lines=1-5747	Detected matched kor/eng source paths under selected roots; derived English baseline text is pending Korean-authority alignment.	S1-J006
KAE-BLOCK-000019	SRC-000048	Manuals/Altibase_7.1/kor/Adapter for Oracle User's Manual.md	SRC-000017	Manuals/Altibase_7.1/eng/Adapter for Oracle User's Manual.md			migration_oracle	7.1	Korean authoritative; English extraction aid	repo_paired_ko_en	primary_working_source_after_alignment	pending	SRC-000048/BLOCK-000570:lines=1-1415;SRC-000017/BLOCK-000569:lines=1-1364	Detected matched kor/eng source paths under selected roots; derived English baseline text is pending Korean-authority alignment.	S1-J006
KAE-BLOCK-000020	SRC-000063	Manuals/Altibase_7.1/kor/Monitoring API Developer's Guide.md	SRC-000032	Manuals/Altibase_7.1/eng/Monitoring API Developer's Guide.md			monitoring_api_snmp	7.1	Korean authoritative; English extraction aid	repo_paired_ko_en	primary_working_source_after_alignment	pending	SRC-000063/BLOCK-000605:lines=1-2944;SRC-000032/BLOCK-000603:lines=1-2815	Detected matched kor/eng source paths under selected roots; derived English baseline text is pending Korean-authority alignment.	S1-J006
KAE-BLOCK-000021	SRC-000071	Manuals/Altibase_7.1/kor/SNMP Agent Guide.md	SRC-000039	Manuals/Altibase_7.1/eng/SNMP Agent Guide.md			monitoring_api_snmp	7.1	Korean authoritative; English extraction aid	repo_paired_ko_en	primary_working_source_after_alignment	pending	SRC-000071/BLOCK-000606:lines=1-1940;SRC-000039/BLOCK-000604:lines=1-1807	Detected matched kor/eng source paths under selected roots; derived English baseline text is pending Korean-authority alignment.	S1-J006
KAE-BLOCK-000022					SRC-000228	PatchNotes/Altibase_7.1/Altibase_7_1_Version_Histories.md	patch_notes	7.1	Repository source evidence	repo_no_language_tree	source_pack_only_not_korean_aligned	excluded	SRC-000228/BLOCK-000615:lines=1-27	Selected repository source has no kor/eng path segment; retained in the exact source pack and excluded from this Korean-English pairing inventory.	S1-J006
KAE-BLOCK-000023					SRC-000229	PatchNotes/Altibase_7.1/README.md	patch_notes	7.1	Repository source evidence	repo_no_language_tree	source_pack_only_not_korean_aligned	excluded	SRC-000229/BLOCK-000616:lines=1-194	Selected repository source has no kor/eng path segment; retained in the exact source pack and excluded from this Korean-English pairing inventory.	S1-J006
KAE-BLOCK-000024					SRC-000230	PatchNotes/Altibase_7.1/README_sample.md	patch_notes	7.1	Repository source evidence	repo_no_language_tree	source_pack_only_not_korean_aligned	excluded	SRC-000230/BLOCK-000617:lines=1-241	Selected repository source has no kor/eng path segment; retained in the exact source pack and excluded from this Korean-English pairing inventory.	S1-J006
KAE-BLOCK-000025			SRC-000300	PatchNotes/Altibase_7.1/eng/README.md			patch_notes	7.1	English extraction aid	repo_en_only	blocked_until_korean_authority_or_auxiliary_label	excluded	SRC-000300/BLOCK-000618:lines=1-139	No paired Korean authority source was selected; excluded from the Korean-aligned baseline until Korean authority or approved auxiliary use is recorded.	S1-J006
KAE-BLOCK-000026	SRC-000067	Manuals/Altibase_7.1/kor/Performance Tuning Guide.md	SRC-000035	Manuals/Altibase_7.1/eng/Performance Tuning Guide.md			performance_tuning	7.1	Korean authoritative; English extraction aid	repo_paired_ko_en	primary_working_source_after_alignment	pending	SRC-000067/BLOCK-000812:lines=1-6381;SRC-000035/BLOCK-000811:lines=1-6125	Detected matched kor/eng source paths under selected roots; derived English baseline text is pending Korean-authority alignment.	S1-J006
KAE-BLOCK-000027	SRC-000064	Manuals/Altibase_7.1/kor/New Features Guide.md	SRC-000033	Manuals/Altibase_7.1/eng/New Features Guide.md			release_notes_platform	7.1	Korean authoritative; English extraction aid	repo_paired_ko_en	primary_working_source_after_alignment	pending	SRC-000064/BLOCK-000818:lines=1-1626;SRC-000033/BLOCK-000817:lines=1-1454	Detected matched kor/eng source paths under selected roots; derived English baseline text is pending Korean-authority alignment.	S1-J006
KAE-BLOCK-000028					SRC-000424	ReleaseNotes/Altibase 7.1/README.md	release_notes_platform	7.1	Repository source evidence	repo_no_language_tree	source_pack_only_not_korean_aligned	excluded	SRC-000424/BLOCK-000819:lines=1-16	Selected repository source has no kor/eng path segment; retained in the exact source pack and excluded from this Korean-English pairing inventory.	S1-J006
KAE-BLOCK-000029	SRC-000070	Manuals/Altibase_7.1/kor/Replication Manual.md	SRC-000038	Manuals/Altibase_7.1/eng/Replication Manual.md			replication_manual	7.1	Korean authoritative; English extraction aid	repo_paired_ko_en	primary_working_source_after_alignment	pending	SRC-000070/BLOCK-000845:lines=1-5924;SRC-000038/BLOCK-000844:lines=1-5659	Detected matched kor/eng source paths under selected roots; derived English baseline text is pending Korean-authority alignment.	S1-J006
KAE-BLOCK-000030	SRC-000051	Manuals/Altibase_7.1/kor/Altibase SSL TLS User's Guide.md	SRC-000020	Manuals/Altibase_7.1/eng/Altibase SSL TLS User's Guide.md			security_ssl_tls	7.1	Korean authoritative; English extraction aid	repo_paired_ko_en	primary_working_source_after_alignment	pending	SRC-000051/BLOCK-000851:lines=1-1095;SRC-000020/BLOCK-000850:lines=1-921	Detected matched kor/eng source paths under selected roots; derived English baseline text is pending Korean-authority alignment.	S1-J006
KAE-BLOCK-000031	SRC-000069	Manuals/Altibase_7.1/kor/README.md	SRC-000037	Manuals/Altibase_7.1/eng/README.md			source_index	7.1	Korean authoritative; English extraction aid	repo_paired_ko_en	primary_working_source_after_alignment	pending	SRC-000069/BLOCK-000858:lines=1-88;SRC-000037/BLOCK-000856:lines=1-86	Detected matched kor/eng source paths under selected roots; derived English baseline text is pending Korean-authority alignment.	S1-J006
KAE-BLOCK-000032	SRC-000066	Manuals/Altibase_7.1/kor/PDF/README.md					source_index	7.1	Korean authoritative	repo_ko_only	translation_candidate_after_alignment	pending	SRC-000066/BLOCK-000857:lines=1-84	No paired English source was selected; preserve Korean authority for later English baseline translation.	S1-J006
KAE-BLOCK-000033	SRC-000073	Manuals/Altibase_7.1/kor/Sharding(deprecated).md					source_index	7.1	Korean authoritative	repo_ko_only	translation_candidate_after_alignment	pending	SRC-000073/BLOCK-000859:lines=1-6176	No paired English source was selected; preserve Korean authority for later English baseline translation.	S1-J006
KAE-BLOCK-000034	SRC-000074	Manuals/Altibase_7.1/kor/Spatial SQL Reference.md	SRC-000041	Manuals/Altibase_7.1/eng/Spatial SQL Reference.md			spatial_nifi_tableau	7.1	Korean authoritative; English extraction aid	repo_paired_ko_en	primary_working_source_after_alignment	pending	SRC-000074/BLOCK-000872:lines=1-7669;SRC-000041/BLOCK-000871:lines=1-7129	Detected matched kor/eng source paths under selected roots; derived English baseline text is pending Korean-authority alignment.	S1-J006
KAE-BLOCK-000035	SRC-000072	Manuals/Altibase_7.1/kor/SQL Reference.md	SRC-000040	Manuals/Altibase_7.1/eng/SQL Reference.md			sql_reference	7.1	Korean authoritative; English extraction aid	repo_paired_ko_en	primary_working_source_after_alignment	pending	SRC-000072/BLOCK-000884:lines=1-26565;SRC-000040/BLOCK-000883:lines=1-23580	Detected matched kor/eng source paths under selected roots; derived English baseline text is pending Korean-authority alignment.	S1-J006
KAE-BLOCK-000036	SRC-000055	Manuals/Altibase_7.1/kor/External Procedures Manual.md	SRC-000024	Manuals/Altibase_7.1/eng/External Procedures Manual.md			stored_external_procedures	7.1	Korean authoritative; English extraction aid	repo_paired_ko_en	primary_working_source_after_alignment	pending	SRC-000055/BLOCK-000896:lines=1-1061;SRC-000024/BLOCK-000894:lines=1-1061	Detected matched kor/eng source paths under selected roots; derived English baseline text is pending Korean-authority alignment.	S1-J006
KAE-BLOCK-000037	SRC-000075	Manuals/Altibase_7.1/kor/Stored Procedures Manual.md	SRC-000042	Manuals/Altibase_7.1/eng/Stored Procedures Manual.md			stored_external_procedures	7.1	Korean authoritative; English extraction aid	repo_paired_ko_en	primary_working_source_after_alignment	pending	SRC-000075/BLOCK-000897:lines=1-16814;SRC-000042/BLOCK-000895:lines=1-15920	Detected matched kor/eng source paths under selected roots; derived English baseline text is pending Korean-authority alignment.	S1-J006
KAE-BLOCK-000038	SRC-000076	Manuals/Altibase_7.1/kor/Utilities Manual.md	SRC-000043	Manuals/Altibase_7.1/eng/Utilities Manual.md			utilities_datacompj	7.1	Korean authoritative; English extraction aid	repo_paired_ko_en	primary_working_source_after_alignment	pending	SRC-000076/BLOCK-000927:lines=1-4787;SRC-000043/BLOCK-000926:lines=1-4470	Detected matched kor/eng source paths under selected roots; derived English baseline text is pending Korean-authority alignment.	S1-J006
KAE-BLOCK-000039	SRC-000450	ReleaseNotes/kor/Altibase_7_1_0_1_2_Release_Notes.md	SRC-000427	ReleaseNotes/eng/Altibase_7_1_0_1_2_Release_Notes.md			release_notes_platform	7.1.0.1.2	Korean authoritative; English extraction aid	repo_paired_ko_en	primary_working_source_after_alignment	pending	SRC-000450/BLOCK-000821:lines=1-1090;SRC-000427/BLOCK-000820:lines=1-905	Detected matched kor/eng source paths under selected roots; derived English baseline text is pending Korean-authority alignment.	S1-J006
KAE-BLOCK-000040	SRC-000310	PatchNotes/Altibase_7.1/kor/Altibase_7_1_0_1_3_Patch_Notes.md					patch_notes	7.1.0.1.3	Korean authoritative	repo_ko_only	translation_candidate_after_alignment	pending	SRC-000310/BLOCK-000619:lines=1-1301	No paired English source was selected; preserve Korean authority for later English baseline translation.	S1-J006
KAE-BLOCK-000041	SRC-000311	PatchNotes/Altibase_7.1/kor/Altibase_7_1_0_1_4_Patch_Notes.md					patch_notes	7.1.0.1.4	Korean authoritative	repo_ko_only	translation_candidate_after_alignment	pending	SRC-000311/BLOCK-000620:lines=1-2348	No paired English source was selected; preserve Korean authority for later English baseline translation.	S1-J006
KAE-BLOCK-000042	SRC-000312	PatchNotes/Altibase_7.1/kor/Altibase_7_1_0_1_5_Patch_Notes.md					patch_notes	7.1.0.1.5	Korean authoritative	repo_ko_only	translation_candidate_after_alignment	pending	SRC-000312/BLOCK-000621:lines=1-1653	No paired English source was selected; preserve Korean authority for later English baseline translation.	S1-J006
KAE-BLOCK-000043	SRC-000313	PatchNotes/Altibase_7.1/kor/Altibase_7_1_0_1_6_Patch_Notes.md					patch_notes	7.1.0.1.6	Korean authoritative	repo_ko_only	translation_candidate_after_alignment	pending	SRC-000313/BLOCK-000622:lines=1-469	No paired English source was selected; preserve Korean authority for later English baseline translation.	S1-J006
KAE-BLOCK-000044	SRC-000314	PatchNotes/Altibase_7.1/kor/Altibase_7_1_0_1_7_Patch_Notes.md					patch_notes	7.1.0.1.7	Korean authoritative	repo_ko_only	translation_candidate_after_alignment	pending	SRC-000314/BLOCK-000623:lines=1-189	No paired English source was selected; preserve Korean authority for later English baseline translation.	S1-J006
KAE-BLOCK-000045	SRC-000315	PatchNotes/Altibase_7.1/kor/Altibase_7_1_0_1_8_Patch_Notes.md					patch_notes	7.1.0.1.8	Korean authoritative	repo_ko_only	translation_candidate_after_alignment	pending	SRC-000315/BLOCK-000624:lines=1-611	No paired English source was selected; preserve Korean authority for later English baseline translation.	S1-J006
KAE-BLOCK-000046	SRC-000316	PatchNotes/Altibase_7.1/kor/Altibase_7_1_0_1_9_Patch_Notes.md					patch_notes	7.1.0.1.9	Korean authoritative	repo_ko_only	translation_candidate_after_alignment	pending	SRC-000316/BLOCK-000625:lines=1-364	No paired English source was selected; preserve Korean authority for later English baseline translation.	S1-J006
KAE-BLOCK-000047	SRC-000301	PatchNotes/Altibase_7.1/kor/Altibase_7_1_0_10_0_Patch_Notes.md	SRC-000231	PatchNotes/Altibase_7.1/eng/Altibase_7_1_0_10_0_Patch_Notes.md			patch_notes	7.1.0.10.0	Korean authoritative; English extraction aid	repo_paired_ko_en	primary_working_source_after_alignment	pending	SRC-000301/BLOCK-000627:lines=1-912;SRC-000231/BLOCK-000626:lines=1-872	Detected matched kor/eng source paths under selected roots; derived English baseline text is pending Korean-authority alignment.	S1-J006
KAE-BLOCK-000048	SRC-000302	PatchNotes/Altibase_7.1/kor/Altibase_7_1_0_10_1_Patch_Notes.md	SRC-000232	PatchNotes/Altibase_7.1/eng/Altibase_7_1_0_10_1_Patch_Notes.md			patch_notes	7.1.0.10.1	Korean authoritative; English extraction aid	repo_paired_ko_en	primary_working_source_after_alignment	pending	SRC-000302/BLOCK-000629:lines=1-146;SRC-000232/BLOCK-000628:lines=1-172	Detected matched kor/eng source paths under selected roots; derived English baseline text is pending Korean-authority alignment.	S1-J006
KAE-BLOCK-000049	SRC-000303	PatchNotes/Altibase_7.1/kor/Altibase_7_1_0_10_2_Patch_Notes.md	SRC-000233	PatchNotes/Altibase_7.1/eng/Altibase_7_1_0_10_2_Patch_Notes.md			patch_notes	7.1.0.10.2	Korean authoritative; English extraction aid	repo_paired_ko_en	primary_working_source_after_alignment	pending	SRC-000303/BLOCK-000631:lines=1-305;SRC-000233/BLOCK-000630:lines=1-300	Detected matched kor/eng source paths under selected roots; derived English baseline text is pending Korean-authority alignment.	S1-J006
KAE-BLOCK-000050	SRC-000304	PatchNotes/Altibase_7.1/kor/Altibase_7_1_0_10_3_Patch_Notes.md	SRC-000234	PatchNotes/Altibase_7.1/eng/Altibase_7_1_0_10_3_Patch_Notes.md			patch_notes	7.1.0.10.3	Korean authoritative; English extraction aid	repo_paired_ko_en	primary_working_source_after_alignment	pending	SRC-000304/BLOCK-000633:lines=1-277;SRC-000234/BLOCK-000632:lines=1-273	Detected matched kor/eng source paths under selected roots; derived English baseline text is pending Korean-authority alignment.	S1-J006
KAE-BLOCK-000051	SRC-000305	PatchNotes/Altibase_7.1/kor/Altibase_7_1_0_10_4_Patch_Notes.md	SRC-000235	PatchNotes/Altibase_7.1/eng/Altibase_7_1_0_10_4_Patch_Notes.md			patch_notes	7.1.0.10.4	Korean authoritative; English extraction aid	repo_paired_ko_en	primary_working_source_after_alignment	pending	SRC-000305/BLOCK-000635:lines=1-192;SRC-000235/BLOCK-000634:lines=1-189	Detected matched kor/eng source paths under selected roots; derived English baseline text is pending Korean-authority alignment.	S1-J006
KAE-BLOCK-000052	SRC-000306	PatchNotes/Altibase_7.1/kor/Altibase_7_1_0_10_5_Patch_Notes.md	SRC-000236	PatchNotes/Altibase_7.1/eng/Altibase_7_1_0_10_5_Patch_Notes.md			patch_notes	7.1.0.10.5	Korean authoritative; English extraction aid	repo_paired_ko_en	primary_working_source_after_alignment	pending	SRC-000306/BLOCK-000637:lines=1-909;SRC-000236/BLOCK-000636:lines=1-810	Detected matched kor/eng source paths under selected roots; derived English baseline text is pending Korean-authority alignment.	S1-J006
KAE-BLOCK-000053	SRC-000307	PatchNotes/Altibase_7.1/kor/Altibase_7_1_0_10_6_Patch_Notes.md	SRC-000237	PatchNotes/Altibase_7.1/eng/Altibase_7_1_0_10_6_Patch_Notes.md			patch_notes	7.1.0.10.6	Korean authoritative; English extraction aid	repo_paired_ko_en	primary_working_source_after_alignment	pending	SRC-000307/BLOCK-000639:lines=1-230;SRC-000237/BLOCK-000638:lines=1-229	Detected matched kor/eng source paths under selected roots; derived English baseline text is pending Korean-authority alignment.	S1-J006
KAE-BLOCK-000054	SRC-000308	PatchNotes/Altibase_7.1/kor/Altibase_7_1_0_10_7_Patch_Notes.md	SRC-000238	PatchNotes/Altibase_7.1/eng/Altibase_7_1_0_10_7_Patch_Notes.md			patch_notes	7.1.0.10.7	Korean authoritative; English extraction aid	repo_paired_ko_en	primary_working_source_after_alignment	pending	SRC-000308/BLOCK-000641:lines=1-289;SRC-000238/BLOCK-000640:lines=1-263	Detected matched kor/eng source paths under selected roots; derived English baseline text is pending Korean-authority alignment.	S1-J006
KAE-BLOCK-000055	SRC-000309	PatchNotes/Altibase_7.1/kor/Altibase_7_1_0_10_8_Patch_Notes.md	SRC-000239	PatchNotes/Altibase_7.1/eng/Altibase_7_1_0_10_8_Patch_Notes.md			patch_notes	7.1.0.10.8	Korean authoritative; English extraction aid	repo_paired_ko_en	primary_working_source_after_alignment	pending	SRC-000309/BLOCK-000643:lines=1-1085;SRC-000239/BLOCK-000642:lines=1-573	Detected matched kor/eng source paths under selected roots; derived English baseline text is pending Korean-authority alignment.	S1-J006
KAE-BLOCK-000056	SRC-000317	PatchNotes/Altibase_7.1/kor/Altibase_7_1_0_2_0_Patch_Notes.md					patch_notes	7.1.0.2.0	Korean authoritative	repo_ko_only	translation_candidate_after_alignment	pending	SRC-000317/BLOCK-000644:lines=1-445	No paired English source was selected; preserve Korean authority for later English baseline translation.	S1-J006
KAE-BLOCK-000057	SRC-000318	PatchNotes/Altibase_7.1/kor/Altibase_7_1_0_2_1_Patch_Notes.md					patch_notes	7.1.0.2.1	Korean authoritative	repo_ko_only	translation_candidate_after_alignment	pending	SRC-000318/BLOCK-000645:lines=1-1126	No paired English source was selected; preserve Korean authority for later English baseline translation.	S1-J006
KAE-BLOCK-000058	SRC-000319	PatchNotes/Altibase_7.1/kor/Altibase_7_1_0_2_2_Patch_Notes.md					patch_notes	7.1.0.2.2	Korean authoritative	repo_ko_only	translation_candidate_after_alignment	pending	SRC-000319/BLOCK-000646:lines=1-93	No paired English source was selected; preserve Korean authority for later English baseline translation.	S1-J006
KAE-BLOCK-000059	SRC-000320	PatchNotes/Altibase_7.1/kor/Altibase_7_1_0_2_3_Patch_Notes.md					patch_notes	7.1.0.2.3	Korean authoritative	repo_ko_only	translation_candidate_after_alignment	pending	SRC-000320/BLOCK-000647:lines=1-677	No paired English source was selected; preserve Korean authority for later English baseline translation.	S1-J006
KAE-BLOCK-000060	SRC-000321	PatchNotes/Altibase_7.1/kor/Altibase_7_1_0_2_4_Patch_Notes.md					patch_notes	7.1.0.2.4	Korean authoritative	repo_ko_only	translation_candidate_after_alignment	pending	SRC-000321/BLOCK-000648:lines=1-347	No paired English source was selected; preserve Korean authority for later English baseline translation.	S1-J006
KAE-BLOCK-000061	SRC-000322	PatchNotes/Altibase_7.1/kor/Altibase_7_1_0_2_5_Patch_Notes.md					patch_notes	7.1.0.2.5	Korean authoritative	repo_ko_only	translation_candidate_after_alignment	pending	SRC-000322/BLOCK-000649:lines=1-369	No paired English source was selected; preserve Korean authority for later English baseline translation.	S1-J006
KAE-BLOCK-000062	SRC-000323	PatchNotes/Altibase_7.1/kor/Altibase_7_1_0_2_6_Patch_Notes.md					patch_notes	7.1.0.2.6	Korean authoritative	repo_ko_only	translation_candidate_after_alignment	pending	SRC-000323/BLOCK-000650:lines=1-790	No paired English source was selected; preserve Korean authority for later English baseline translation.	S1-J006
KAE-BLOCK-000063	SRC-000324	PatchNotes/Altibase_7.1/kor/Altibase_7_1_0_2_7_Patch_Notes.md					patch_notes	7.1.0.2.7	Korean authoritative	repo_ko_only	translation_candidate_after_alignment	pending	SRC-000324/BLOCK-000651:lines=1-173	No paired English source was selected; preserve Korean authority for later English baseline translation.	S1-J006
KAE-BLOCK-000064	SRC-000325	PatchNotes/Altibase_7.1/kor/Altibase_7_1_0_2_8_Patch_Notes.md					patch_notes	7.1.0.2.8	Korean authoritative	repo_ko_only	translation_candidate_after_alignment	pending	SRC-000325/BLOCK-000652:lines=1-368	No paired English source was selected; preserve Korean authority for later English baseline translation.	S1-J006
KAE-BLOCK-000065	SRC-000326	PatchNotes/Altibase_7.1/kor/Altibase_7_1_0_2_9_Patch_Notes.md					patch_notes	7.1.0.2.9	Korean authoritative	repo_ko_only	translation_candidate_after_alignment	pending	SRC-000326/BLOCK-000653:lines=1-184	No paired English source was selected; preserve Korean authority for later English baseline translation.	S1-J006
KAE-BLOCK-000066	SRC-000327	PatchNotes/Altibase_7.1/kor/Altibase_7_1_0_3_0_Patch_Notes.md					patch_notes	7.1.0.3.0	Korean authoritative	repo_ko_only	translation_candidate_after_alignment	pending	SRC-000327/BLOCK-000654:lines=1-667	No paired English source was selected; preserve Korean authority for later English baseline translation.	S1-J006
KAE-BLOCK-000067	SRC-000328	PatchNotes/Altibase_7.1/kor/Altibase_7_1_0_3_1_Patch_Notes.md					patch_notes	7.1.0.3.1	Korean authoritative	repo_ko_only	translation_candidate_after_alignment	pending	SRC-000328/BLOCK-000655:lines=1-309	No paired English source was selected; preserve Korean authority for later English baseline translation.	S1-J006
KAE-BLOCK-000068	SRC-000329	PatchNotes/Altibase_7.1/kor/Altibase_7_1_0_3_2_Patch_Notes.md					patch_notes	7.1.0.3.2	Korean authoritative	repo_ko_only	translation_candidate_after_alignment	pending	SRC-000329/BLOCK-000656:lines=1-448	No paired English source was selected; preserve Korean authority for later English baseline translation.	S1-J006
KAE-BLOCK-000069	SRC-000330	PatchNotes/Altibase_7.1/kor/Altibase_7_1_0_3_3_Patch_Notes.md					patch_notes	7.1.0.3.3	Korean authoritative	repo_ko_only	translation_candidate_after_alignment	pending	SRC-000330/BLOCK-000657:lines=1-467	No paired English source was selected; preserve Korean authority for later English baseline translation.	S1-J006
KAE-BLOCK-000070	SRC-000331	PatchNotes/Altibase_7.1/kor/Altibase_7_1_0_3_4_Patch_Notes.md					patch_notes	7.1.0.3.4	Korean authoritative	repo_ko_only	translation_candidate_after_alignment	pending	SRC-000331/BLOCK-000658:lines=1-289	No paired English source was selected; preserve Korean authority for later English baseline translation.	S1-J006
KAE-BLOCK-000071	SRC-000332	PatchNotes/Altibase_7.1/kor/Altibase_7_1_0_3_5_Patch_Notes.md					patch_notes	7.1.0.3.5	Korean authoritative	repo_ko_only	translation_candidate_after_alignment	pending	SRC-000332/BLOCK-000659:lines=1-230	No paired English source was selected; preserve Korean authority for later English baseline translation.	S1-J006
KAE-BLOCK-000072	SRC-000333	PatchNotes/Altibase_7.1/kor/Altibase_7_1_0_3_6_Patch_Notes.md					patch_notes	7.1.0.3.6	Korean authoritative	repo_ko_only	translation_candidate_after_alignment	pending	SRC-000333/BLOCK-000660:lines=1-1472	No paired English source was selected; preserve Korean authority for later English baseline translation.	S1-J006
KAE-BLOCK-000073	SRC-000334	PatchNotes/Altibase_7.1/kor/Altibase_7_1_0_3_7_Patch_Notes.md					patch_notes	7.1.0.3.7	Korean authoritative	repo_ko_only	translation_candidate_after_alignment	pending	SRC-000334/BLOCK-000661:lines=1-365	No paired English source was selected; preserve Korean authority for later English baseline translation.	S1-J006
KAE-BLOCK-000074	SRC-000335	PatchNotes/Altibase_7.1/kor/Altibase_7_1_0_3_8_Patch_Notes.md					patch_notes	7.1.0.3.8	Korean authoritative	repo_ko_only	translation_candidate_after_alignment	pending	SRC-000335/BLOCK-000662:lines=1-517	No paired English source was selected; preserve Korean authority for later English baseline translation.	S1-J006
KAE-BLOCK-000075	SRC-000336	PatchNotes/Altibase_7.1/kor/Altibase_7_1_0_3_9_Patch_Notes.md					patch_notes	7.1.0.3.9	Korean authoritative	repo_ko_only	translation_candidate_after_alignment	pending	SRC-000336/BLOCK-000663:lines=1-242	No paired English source was selected; preserve Korean authority for later English baseline translation.	S1-J006
KAE-BLOCK-000076	SRC-000337	PatchNotes/Altibase_7.1/kor/Altibase_7_1_0_4_0_Patch_Notes.md	SRC-000240	PatchNotes/Altibase_7.1/eng/Altibase_7_1_0_4_0_Patch_Notes.md			patch_notes	7.1.0.4.0	Korean authoritative; English extraction aid	repo_paired_ko_en	primary_working_source_after_alignment	pending	SRC-000337/BLOCK-000665:lines=1-1492;SRC-000240/BLOCK-000664:lines=1-1395	Detected matched kor/eng source paths under selected roots; derived English baseline text is pending Korean-authority alignment.	S1-J006
KAE-BLOCK-000077	SRC-000338	PatchNotes/Altibase_7.1/kor/Altibase_7_1_0_4_1_Patch_Notes.md	SRC-000241	PatchNotes/Altibase_7.1/eng/Altibase_7_1_0_4_1_Patch_Notes.md			patch_notes	7.1.0.4.1	Korean authoritative; English extraction aid	repo_paired_ko_en	primary_working_source_after_alignment	pending	SRC-000338/BLOCK-000667:lines=1-489;SRC-000241/BLOCK-000666:lines=1-376	Detected matched kor/eng source paths under selected roots; derived English baseline text is pending Korean-authority alignment.	S1-J006
KAE-BLOCK-000078	SRC-000339	PatchNotes/Altibase_7.1/kor/Altibase_7_1_0_4_2_Patch_Notes.md	SRC-000242	PatchNotes/Altibase_7.1/eng/Altibase_7_1_0_4_2_Patch_Notes.md			patch_notes	7.1.0.4.2	Korean authoritative; English extraction aid	repo_paired_ko_en	primary_working_source_after_alignment	pending	SRC-000339/BLOCK-000669:lines=1-590;SRC-000242/BLOCK-000668:lines=1-545	Detected matched kor/eng source paths under selected roots; derived English baseline text is pending Korean-authority alignment.	S1-J006
KAE-BLOCK-000079	SRC-000340	PatchNotes/Altibase_7.1/kor/Altibase_7_1_0_4_3_Patch_Notes.md	SRC-000243	PatchNotes/Altibase_7.1/eng/Altibase_7_1_0_4_3_Patch_Notes.md			patch_notes	7.1.0.4.3	Korean authoritative; English extraction aid	repo_paired_ko_en	primary_working_source_after_alignment	pending	SRC-000340/BLOCK-000671:lines=1-395;SRC-000243/BLOCK-000670:lines=1-378	Detected matched kor/eng source paths under selected roots; derived English baseline text is pending Korean-authority alignment.	S1-J006
KAE-BLOCK-000080	SRC-000341	PatchNotes/Altibase_7.1/kor/Altibase_7_1_0_4_4_Patch_Notes.md	SRC-000244	PatchNotes/Altibase_7.1/eng/Altibase_7_1_0_4_4_Patch_Notes.md			patch_notes	7.1.0.4.4	Korean authoritative; English extraction aid	repo_paired_ko_en	primary_working_source_after_alignment	pending	SRC-000341/BLOCK-000673:lines=1-798;SRC-000244/BLOCK-000672:lines=1-683	Detected matched kor/eng source paths under selected roots; derived English baseline text is pending Korean-authority alignment.	S1-J006
KAE-BLOCK-000081	SRC-000342	PatchNotes/Altibase_7.1/kor/Altibase_7_1_0_4_5_Patch_Notes.md	SRC-000245	PatchNotes/Altibase_7.1/eng/Altibase_7_1_0_4_5_Patch_Notes.md			patch_notes	7.1.0.4.5	Korean authoritative; English extraction aid	repo_paired_ko_en	primary_working_source_after_alignment	pending	SRC-000342/BLOCK-000675:lines=1-377;SRC-000245/BLOCK-000674:lines=1-291	Detected matched kor/eng source paths under selected roots; derived English baseline text is pending Korean-authority alignment.	S1-J006
KAE-BLOCK-000082	SRC-000343	PatchNotes/Altibase_7.1/kor/Altibase_7_1_0_4_6_Patch_Notes.md	SRC-000246	PatchNotes/Altibase_7.1/eng/Altibase_7_1_0_4_6_Patch_Notes.md			patch_notes	7.1.0.4.6	Korean authoritative; English extraction aid	repo_paired_ko_en	primary_working_source_after_alignment	pending	SRC-000343/BLOCK-000677:lines=1-191;SRC-000246/BLOCK-000676:lines=1-188	Detected matched kor/eng source paths under selected roots; derived English baseline text is pending Korean-authority alignment.	S1-J006
KAE-BLOCK-000083	SRC-000344	PatchNotes/Altibase_7.1/kor/Altibase_7_1_0_4_7_Patch_Notes.md	SRC-000247	PatchNotes/Altibase_7.1/eng/Altibase_7_1_0_4_7_Patch_Notes.md			patch_notes	7.1.0.4.7	Korean authoritative; English extraction aid	repo_paired_ko_en	primary_working_source_after_alignment	pending	SRC-000344/BLOCK-000679:lines=1-226;SRC-000247/BLOCK-000678:lines=1-231	Detected matched kor/eng source paths under selected roots; derived English baseline text is pending Korean-authority alignment.	S1-J006
KAE-BLOCK-000084	SRC-000345	PatchNotes/Altibase_7.1/kor/Altibase_7_1_0_4_8_Patch_Notes.md	SRC-000248	PatchNotes/Altibase_7.1/eng/Altibase_7_1_0_4_8_Patch_Notes.md			patch_notes	7.1.0.4.8	Korean authoritative; English extraction aid	repo_paired_ko_en	primary_working_source_after_alignment	pending	SRC-000345/BLOCK-000681:lines=1-673;SRC-000248/BLOCK-000680:lines=1-643	Detected matched kor/eng source paths under selected roots; derived English baseline text is pending Korean-authority alignment.	S1-J006
KAE-BLOCK-000085	SRC-000346	PatchNotes/Altibase_7.1/kor/Altibase_7_1_0_4_9_Patch_Notes.md	SRC-000249	PatchNotes/Altibase_7.1/eng/Altibase_7_1_0_4_9_Patch_Notes.md			patch_notes	7.1.0.4.9	Korean authoritative; English extraction aid	repo_paired_ko_en	primary_working_source_after_alignment	pending	SRC-000346/BLOCK-000683:lines=1-952;SRC-000249/BLOCK-000682:lines=1-845	Detected matched kor/eng source paths under selected roots; derived English baseline text is pending Korean-authority alignment.	S1-J006
KAE-BLOCK-000086	SRC-000347	PatchNotes/Altibase_7.1/kor/Altibase_7_1_0_5_0_Patch_Notes.md	SRC-000250	PatchNotes/Altibase_7.1/eng/Altibase_7_1_0_5_0_Patch_Notes.md			patch_notes	7.1.0.5.0	Korean authoritative; English extraction aid	repo_paired_ko_en	primary_working_source_after_alignment	pending	SRC-000347/BLOCK-000685:lines=1-508;SRC-000250/BLOCK-000684:lines=1-457	Detected matched kor/eng source paths under selected roots; derived English baseline text is pending Korean-authority alignment.	S1-J006
KAE-BLOCK-000087	SRC-000348	PatchNotes/Altibase_7.1/kor/Altibase_7_1_0_5_1_Patch_Notes.md	SRC-000251	PatchNotes/Altibase_7.1/eng/Altibase_7_1_0_5_1_Patch_Notes.md			patch_notes	7.1.0.5.1	Korean authoritative; English extraction aid	repo_paired_ko_en	primary_working_source_after_alignment	pending	SRC-000348/BLOCK-000687:lines=1-394;SRC-000251/BLOCK-000686:lines=1-350	Detected matched kor/eng source paths under selected roots; derived English baseline text is pending Korean-authority alignment.	S1-J006
KAE-BLOCK-000088	SRC-000349	PatchNotes/Altibase_7.1/kor/Altibase_7_1_0_5_2_Patch_Notes.md	SRC-000252	PatchNotes/Altibase_7.1/eng/Altibase_7_1_0_5_2_Patch_Notes.md			patch_notes	7.1.0.5.2	Korean authoritative; English extraction aid	repo_paired_ko_en	primary_working_source_after_alignment	pending	SRC-000349/BLOCK-000689:lines=1-310;SRC-000252/BLOCK-000688:lines=1-317	Detected matched kor/eng source paths under selected roots; derived English baseline text is pending Korean-authority alignment.	S1-J006
KAE-BLOCK-000089	SRC-000350	PatchNotes/Altibase_7.1/kor/Altibase_7_1_0_5_3_Patch_Notes.md	SRC-000253	PatchNotes/Altibase_7.1/eng/Altibase_7_1_0_5_3_Patch_Notes.md			patch_notes	7.1.0.5.3	Korean authoritative; English extraction aid	repo_paired_ko_en	primary_working_source_after_alignment	pending	SRC-000350/BLOCK-000691:lines=1-95;SRC-000253/BLOCK-000690:lines=1-93	Detected matched kor/eng source paths under selected roots; derived English baseline text is pending Korean-authority alignment.	S1-J006
KAE-BLOCK-000090	SRC-000351	PatchNotes/Altibase_7.1/kor/Altibase_7_1_0_5_4_Patch_Notes.md	SRC-000254	PatchNotes/Altibase_7.1/eng/Altibase_7_1_0_5_4_Patch_Notes.md			patch_notes	7.1.0.5.4	Korean authoritative; English extraction aid	repo_paired_ko_en	primary_working_source_after_alignment	pending	SRC-000351/BLOCK-000693:lines=1-302;SRC-000254/BLOCK-000692:lines=1-289	Detected matched kor/eng source paths under selected roots; derived English baseline text is pending Korean-authority alignment.	S1-J006
KAE-BLOCK-000091	SRC-000352	PatchNotes/Altibase_7.1/kor/Altibase_7_1_0_5_5_Patch_Notes.md	SRC-000255	PatchNotes/Altibase_7.1/eng/Altibase_7_1_0_5_5_Patch_Notes.md			patch_notes	7.1.0.5.5	Korean authoritative; English extraction aid	repo_paired_ko_en	primary_working_source_after_alignment	pending	SRC-000352/BLOCK-000695:lines=1-324;SRC-000255/BLOCK-000694:lines=1-322	Detected matched kor/eng source paths under selected roots; derived English baseline text is pending Korean-authority alignment.	S1-J006
KAE-BLOCK-000092	SRC-000353	PatchNotes/Altibase_7.1/kor/Altibase_7_1_0_5_6_Patch_Notes.md	SRC-000256	PatchNotes/Altibase_7.1/eng/Altibase_7_1_0_5_6_Patch_Notes.md			patch_notes	7.1.0.5.6	Korean authoritative; English extraction aid	repo_paired_ko_en	primary_working_source_after_alignment	pending	SRC-000353/BLOCK-000697:lines=1-486;SRC-000256/BLOCK-000696:lines=1-451	Detected matched kor/eng source paths under selected roots; derived English baseline text is pending Korean-authority alignment.	S1-J006
KAE-BLOCK-000093	SRC-000354	PatchNotes/Altibase_7.1/kor/Altibase_7_1_0_5_7_Patch_Notes.md	SRC-000257	PatchNotes/Altibase_7.1/eng/Altibase_7_1_0_5_7_Patch_Notes.md			patch_notes	7.1.0.5.7	Korean authoritative; English extraction aid	repo_paired_ko_en	primary_working_source_after_alignment	pending	SRC-000354/BLOCK-000699:lines=1-923;SRC-000257/BLOCK-000698:lines=1-900	Detected matched kor/eng source paths under selected roots; derived English baseline text is pending Korean-authority alignment.	S1-J006
KAE-BLOCK-000094	SRC-000355	PatchNotes/Altibase_7.1/kor/Altibase_7_1_0_5_8_Patch_Notes.md	SRC-000258	PatchNotes/Altibase_7.1/eng/Altibase_7_1_0_5_8_Patch_Notes.md			patch_notes	7.1.0.5.8	Korean authoritative; English extraction aid	repo_paired_ko_en	primary_working_source_after_alignment	pending	SRC-000355/BLOCK-000701:lines=1-331;SRC-000258/BLOCK-000700:lines=1-331	Detected matched kor/eng source paths under selected roots; derived English baseline text is pending Korean-authority alignment.	S1-J006
KAE-BLOCK-000095	SRC-000356	PatchNotes/Altibase_7.1/kor/Altibase_7_1_0_5_9_Patch_Notes.md	SRC-000259	PatchNotes/Altibase_7.1/eng/Altibase_7_1_0_5_9_Patch_Notes.md			patch_notes	7.1.0.5.9	Korean authoritative; English extraction aid	repo_paired_ko_en	primary_working_source_after_alignment	pending	SRC-000356/BLOCK-000703:lines=1-430;SRC-000259/BLOCK-000702:lines=1-422	Detected matched kor/eng source paths under selected roots; derived English baseline text is pending Korean-authority alignment.	S1-J006
KAE-BLOCK-000096	SRC-000357	PatchNotes/Altibase_7.1/kor/Altibase_7_1_0_6_0_Patch_Notes.md	SRC-000260	PatchNotes/Altibase_7.1/eng/Altibase_7_1_0_6_0_Patch_Notes.md			patch_notes	7.1.0.6.0	Korean authoritative; English extraction aid	repo_paired_ko_en	primary_working_source_after_alignment	pending	SRC-000357/BLOCK-000705:lines=1-324;SRC-000260/BLOCK-000704:lines=1-314	Detected matched kor/eng source paths under selected roots; derived English baseline text is pending Korean-authority alignment.	S1-J006
KAE-BLOCK-000097	SRC-000358	PatchNotes/Altibase_7.1/kor/Altibase_7_1_0_6_1_Patch_Notes.md	SRC-000261	PatchNotes/Altibase_7.1/eng/Altibase_7_1_0_6_1_Patch_Notes.md			patch_notes	7.1.0.6.1	Korean authoritative; English extraction aid	repo_paired_ko_en	primary_working_source_after_alignment	pending	SRC-000358/BLOCK-000707:lines=1-639;SRC-000261/BLOCK-000706:lines=1-601	Detected matched kor/eng source paths under selected roots; derived English baseline text is pending Korean-authority alignment.	S1-J006
KAE-BLOCK-000098	SRC-000359	PatchNotes/Altibase_7.1/kor/Altibase_7_1_0_6_2_Patch_Notes.md	SRC-000262	PatchNotes/Altibase_7.1/eng/Altibase_7_1_0_6_2_Patch_Notes.md			patch_notes	7.1.0.6.2	Korean authoritative; English extraction aid	repo_paired_ko_en	primary_working_source_after_alignment	pending	SRC-000359/BLOCK-000709:lines=1-360;SRC-000262/BLOCK-000708:lines=1-362	Detected matched kor/eng source paths under selected roots; derived English baseline text is pending Korean-authority alignment.	S1-J006
KAE-BLOCK-000099	SRC-000360	PatchNotes/Altibase_7.1/kor/Altibase_7_1_0_6_3_Patch_Notes.md	SRC-000263	PatchNotes/Altibase_7.1/eng/Altibase_7_1_0_6_3_Patch_Notes.md			patch_notes	7.1.0.6.3	Korean authoritative; English extraction aid	repo_paired_ko_en	primary_working_source_after_alignment	pending	SRC-000360/BLOCK-000711:lines=1-302;SRC-000263/BLOCK-000710:lines=1-301	Detected matched kor/eng source paths under selected roots; derived English baseline text is pending Korean-authority alignment.	S1-J006
KAE-BLOCK-000100	SRC-000361	PatchNotes/Altibase_7.1/kor/Altibase_7_1_0_6_4_Patch_Notes.md	SRC-000264	PatchNotes/Altibase_7.1/eng/Altibase_7_1_0_6_4_Patch_Notes.md			patch_notes	7.1.0.6.4	Korean authoritative; English extraction aid	repo_paired_ko_en	primary_working_source_after_alignment	pending	SRC-000361/BLOCK-000713:lines=1-341;SRC-000264/BLOCK-000712:lines=1-361	Detected matched kor/eng source paths under selected roots; derived English baseline text is pending Korean-authority alignment.	S1-J006
KAE-BLOCK-000101	SRC-000362	PatchNotes/Altibase_7.1/kor/Altibase_7_1_0_6_5_Patch_Notes.md	SRC-000265	PatchNotes/Altibase_7.1/eng/Altibase_7_1_0_6_5_Patch_Notes.md			patch_notes	7.1.0.6.5	Korean authoritative; English extraction aid	repo_paired_ko_en	primary_working_source_after_alignment	pending	SRC-000362/BLOCK-000715:lines=1-420;SRC-000265/BLOCK-000714:lines=1-403	Detected matched kor/eng source paths under selected roots; derived English baseline text is pending Korean-authority alignment.	S1-J006
KAE-BLOCK-000102	SRC-000363	PatchNotes/Altibase_7.1/kor/Altibase_7_1_0_6_6_Patch_Notes.md	SRC-000266	PatchNotes/Altibase_7.1/eng/Altibase_7_1_0_6_6_Patch_Notes.md			patch_notes	7.1.0.6.6	Korean authoritative; English extraction aid	repo_paired_ko_en	primary_working_source_after_alignment	pending	SRC-000363/BLOCK-000717:lines=1-178;SRC-000266/BLOCK-000716:lines=1-182	Detected matched kor/eng source paths under selected roots; derived English baseline text is pending Korean-authority alignment.	S1-J006
KAE-BLOCK-000103	SRC-000364	PatchNotes/Altibase_7.1/kor/Altibase_7_1_0_6_7_Patch_Notes.md	SRC-000267	PatchNotes/Altibase_7.1/eng/Altibase_7_1_0_6_7_Patch_Notes.md			patch_notes	7.1.0.6.7	Korean authoritative; English extraction aid	repo_paired_ko_en	primary_working_source_after_alignment	pending	SRC-000364/BLOCK-000719:lines=1-222;SRC-000267/BLOCK-000718:lines=1-198	Detected matched kor/eng source paths under selected roots; derived English baseline text is pending Korean-authority alignment.	S1-J006
KAE-BLOCK-000104	SRC-000365	PatchNotes/Altibase_7.1/kor/Altibase_7_1_0_6_8_Patch_Notes.md	SRC-000268	PatchNotes/Altibase_7.1/eng/Altibase_7_1_0_6_8_Patch_Notes.md			patch_notes	7.1.0.6.8	Korean authoritative; English extraction aid	repo_paired_ko_en	primary_working_source_after_alignment	pending	SRC-000365/BLOCK-000721:lines=1-593;SRC-000268/BLOCK-000720:lines=1-574	Detected matched kor/eng source paths under selected roots; derived English baseline text is pending Korean-authority alignment.	S1-J006
KAE-BLOCK-000105	SRC-000366	PatchNotes/Altibase_7.1/kor/Altibase_7_1_0_6_9_Patch_Notes.md	SRC-000269	PatchNotes/Altibase_7.1/eng/Altibase_7_1_0_6_9_Patch_Notes.md			patch_notes	7.1.0.6.9	Korean authoritative; English extraction aid	repo_paired_ko_en	primary_working_source_after_alignment	pending	SRC-000366/BLOCK-000723:lines=1-457;SRC-000269/BLOCK-000722:lines=1-451	Detected matched kor/eng source paths under selected roots; derived English baseline text is pending Korean-authority alignment.	S1-J006
KAE-BLOCK-000106	SRC-000367	PatchNotes/Altibase_7.1/kor/Altibase_7_1_0_7_0_Patch_Notes.md	SRC-000270	PatchNotes/Altibase_7.1/eng/Altibase_7_1_0_7_0_Patch_Notes.md			patch_notes	7.1.0.7.0	Korean authoritative; English extraction aid	repo_paired_ko_en	primary_working_source_after_alignment	pending	SRC-000367/BLOCK-000725:lines=1-334;SRC-000270/BLOCK-000724:lines=1-336	Detected matched kor/eng source paths under selected roots; derived English baseline text is pending Korean-authority alignment.	S1-J006
KAE-BLOCK-000107	SRC-000368	PatchNotes/Altibase_7.1/kor/Altibase_7_1_0_7_1_Patch_Notes.md	SRC-000271	PatchNotes/Altibase_7.1/eng/Altibase_7_1_0_7_1_Patch_Notes.md			patch_notes	7.1.0.7.1	Korean authoritative; English extraction aid	repo_paired_ko_en	primary_working_source_after_alignment	pending	SRC-000368/BLOCK-000727:lines=1-227;SRC-000271/BLOCK-000726:lines=1-236	Detected matched kor/eng source paths under selected roots; derived English baseline text is pending Korean-authority alignment.	S1-J006
KAE-BLOCK-000108	SRC-000369	PatchNotes/Altibase_7.1/kor/Altibase_7_1_0_7_2_Patch_Notes.md	SRC-000272	PatchNotes/Altibase_7.1/eng/Altibase_7_1_0_7_2_Patch_Notes.md			patch_notes	7.1.0.7.2	Korean authoritative; English extraction aid	repo_paired_ko_en	primary_working_source_after_alignment	pending	SRC-000369/BLOCK-000729:lines=1-974;SRC-000272/BLOCK-000728:lines=1-930	Detected matched kor/eng source paths under selected roots; derived English baseline text is pending Korean-authority alignment.	S1-J006
KAE-BLOCK-000109	SRC-000370	PatchNotes/Altibase_7.1/kor/Altibase_7_1_0_7_3_Patch_Notes.md	SRC-000273	PatchNotes/Altibase_7.1/eng/Altibase_7_1_0_7_3_Patch_Notes.md			patch_notes	7.1.0.7.3	Korean authoritative; English extraction aid	repo_paired_ko_en	primary_working_source_after_alignment	pending	SRC-000370/BLOCK-000731:lines=1-513;SRC-000273/BLOCK-000730:lines=1-496	Detected matched kor/eng source paths under selected roots; derived English baseline text is pending Korean-authority alignment.	S1-J006
KAE-BLOCK-000110	SRC-000371	PatchNotes/Altibase_7.1/kor/Altibase_7_1_0_7_4_Patch_Notes.md	SRC-000274	PatchNotes/Altibase_7.1/eng/Altibase_7_1_0_7_4_Patch_Notes.md			patch_notes	7.1.0.7.4	Korean authoritative; English extraction aid	repo_paired_ko_en	primary_working_source_after_alignment	pending	SRC-000371/BLOCK-000733:lines=1-232;SRC-000274/BLOCK-000732:lines=1-233	Detected matched kor/eng source paths under selected roots; derived English baseline text is pending Korean-authority alignment.	S1-J006
KAE-BLOCK-000111	SRC-000372	PatchNotes/Altibase_7.1/kor/Altibase_7_1_0_7_5_Patch_Notes.md	SRC-000275	PatchNotes/Altibase_7.1/eng/Altibase_7_1_0_7_5_Patch_Notes.md			patch_notes	7.1.0.7.5	Korean authoritative; English extraction aid	repo_paired_ko_en	primary_working_source_after_alignment	pending	SRC-000372/BLOCK-000735:lines=1-607;SRC-000275/BLOCK-000734:lines=1-603	Detected matched kor/eng source paths under selected roots; derived English baseline text is pending Korean-authority alignment.	S1-J006
KAE-BLOCK-000112	SRC-000373	PatchNotes/Altibase_7.1/kor/Altibase_7_1_0_7_6_Patch_Notes.md	SRC-000276	PatchNotes/Altibase_7.1/eng/Altibase_7_1_0_7_6_Patch_Notes.md			patch_notes	7.1.0.7.6	Korean authoritative; English extraction aid	repo_paired_ko_en	primary_working_source_after_alignment	pending	SRC-000373/BLOCK-000737:lines=1-641;SRC-000276/BLOCK-000736:lines=1-639	Detected matched kor/eng source paths under selected roots; derived English baseline text is pending Korean-authority alignment.	S1-J006
KAE-BLOCK-000113	SRC-000374	PatchNotes/Altibase_7.1/kor/Altibase_7_1_0_7_7_Patch_Notes.md	SRC-000277	PatchNotes/Altibase_7.1/eng/Altibase_7_1_0_7_7_Patch_Notes.md			patch_notes	7.1.0.7.7	Korean authoritative; English extraction aid	repo_paired_ko_en	primary_working_source_after_alignment	pending	SRC-000374/BLOCK-000739:lines=1-289;SRC-000277/BLOCK-000738:lines=1-292	Detected matched kor/eng source paths under selected roots; derived English baseline text is pending Korean-authority alignment.	S1-J006
KAE-BLOCK-000114	SRC-000375	PatchNotes/Altibase_7.1/kor/Altibase_7_1_0_7_8_Patch_Notes.md	SRC-000278	PatchNotes/Altibase_7.1/eng/Altibase_7_1_0_7_8_Patch_Notes.md			patch_notes	7.1.0.7.8	Korean authoritative; English extraction aid	repo_paired_ko_en	primary_working_source_after_alignment	pending	SRC-000375/BLOCK-000741:lines=1-444;SRC-000278/BLOCK-000740:lines=1-440	Detected matched kor/eng source paths under selected roots; derived English baseline text is pending Korean-authority alignment.	S1-J006
KAE-BLOCK-000115	SRC-000376	PatchNotes/Altibase_7.1/kor/Altibase_7_1_0_7_9_Patch_Notes.md	SRC-000279	PatchNotes/Altibase_7.1/eng/Altibase_7_1_0_7_9_Patch_Notes.md			patch_notes	7.1.0.7.9	Korean authoritative; English extraction aid	repo_paired_ko_en	primary_working_source_after_alignment	pending	SRC-000376/BLOCK-000743:lines=1-808;SRC-000279/BLOCK-000742:lines=1-805	Detected matched kor/eng source paths under selected roots; derived English baseline text is pending Korean-authority alignment.	S1-J006
KAE-BLOCK-000116	SRC-000377	PatchNotes/Altibase_7.1/kor/Altibase_7_1_0_8_0_Patch_Notes.md	SRC-000280	PatchNotes/Altibase_7.1/eng/Altibase_7_1_0_8_0_Patch_Notes.md			patch_notes	7.1.0.8.0	Korean authoritative; English extraction aid	repo_paired_ko_en	primary_working_source_after_alignment	pending	SRC-000377/BLOCK-000745:lines=1-1011;SRC-000280/BLOCK-000744:lines=1-995	Detected matched kor/eng source paths under selected roots; derived English baseline text is pending Korean-authority alignment.	S1-J006
KAE-BLOCK-000117	SRC-000378	PatchNotes/Altibase_7.1/kor/Altibase_7_1_0_8_1_Patch_Notes.md	SRC-000281	PatchNotes/Altibase_7.1/eng/Altibase_7_1_0_8_1_Patch_Notes.md			patch_notes	7.1.0.8.1	Korean authoritative; English extraction aid	repo_paired_ko_en	primary_working_source_after_alignment	pending	SRC-000378/BLOCK-000747:lines=1-547;SRC-000281/BLOCK-000746:lines=1-545	Detected matched kor/eng source paths under selected roots; derived English baseline text is pending Korean-authority alignment.	S1-J006
KAE-BLOCK-000118	SRC-000379	PatchNotes/Altibase_7.1/kor/Altibase_7_1_0_8_2_Patch_Notes.md	SRC-000282	PatchNotes/Altibase_7.1/eng/Altibase_7_1_0_8_2_Patch_Notes.md			patch_notes	7.1.0.8.2	Korean authoritative; English extraction aid	repo_paired_ko_en	primary_working_source_after_alignment	pending	SRC-000379/BLOCK-000749:lines=1-1350;SRC-000282/BLOCK-000748:lines=1-1347	Detected matched kor/eng source paths under selected roots; derived English baseline text is pending Korean-authority alignment.	S1-J006
KAE-BLOCK-000119	SRC-000380	PatchNotes/Altibase_7.1/kor/Altibase_7_1_0_8_3_Patch_Notes.md	SRC-000283	PatchNotes/Altibase_7.1/eng/Altibase_7_1_0_8_3_Patch_Notes.md			patch_notes	7.1.0.8.3	Korean authoritative; English extraction aid	repo_paired_ko_en	primary_working_source_after_alignment	pending	SRC-000380/BLOCK-000751:lines=1-1173;SRC-000283/BLOCK-000750:lines=1-1148	Detected matched kor/eng source paths under selected roots; derived English baseline text is pending Korean-authority alignment.	S1-J006
KAE-BLOCK-000120	SRC-000381	PatchNotes/Altibase_7.1/kor/Altibase_7_1_0_8_4_Patch_Notes.md	SRC-000284	PatchNotes/Altibase_7.1/eng/Altibase_7_1_0_8_4_Patch_Notes.md			patch_notes	7.1.0.8.4	Korean authoritative; English extraction aid	repo_paired_ko_en	primary_working_source_after_alignment	pending	SRC-000381/BLOCK-000753:lines=1-602;SRC-000284/BLOCK-000752:lines=1-584	Detected matched kor/eng source paths under selected roots; derived English baseline text is pending Korean-authority alignment.	S1-J006
KAE-BLOCK-000121	SRC-000382	PatchNotes/Altibase_7.1/kor/Altibase_7_1_0_8_5_Patch_Notes.md	SRC-000285	PatchNotes/Altibase_7.1/eng/Altibase_7_1_0_8_5_Patch_Notes.md			patch_notes	7.1.0.8.5	Korean authoritative; English extraction aid	repo_paired_ko_en	primary_working_source_after_alignment	pending	SRC-000382/BLOCK-000755:lines=1-607;SRC-000285/BLOCK-000754:lines=1-602	Detected matched kor/eng source paths under selected roots; derived English baseline text is pending Korean-authority alignment.	S1-J006
KAE-BLOCK-000122	SRC-000383	PatchNotes/Altibase_7.1/kor/Altibase_7_1_0_8_6_Patch_Notes.md	SRC-000286	PatchNotes/Altibase_7.1/eng/Altibase_7_1_0_8_6_Patch_Notes.md			patch_notes	7.1.0.8.6	Korean authoritative; English extraction aid	repo_paired_ko_en	primary_working_source_after_alignment	pending	SRC-000383/BLOCK-000757:lines=1-558;SRC-000286/BLOCK-000756:lines=1-497	Detected matched kor/eng source paths under selected roots; derived English baseline text is pending Korean-authority alignment.	S1-J006
KAE-BLOCK-000123	SRC-000384	PatchNotes/Altibase_7.1/kor/Altibase_7_1_0_8_7_Patch_Notes.md	SRC-000287	PatchNotes/Altibase_7.1/eng/Altibase_7_1_0_8_7_Patch_Notes.md			patch_notes	7.1.0.8.7	Korean authoritative; English extraction aid	repo_paired_ko_en	primary_working_source_after_alignment	pending	SRC-000384/BLOCK-000759:lines=1-388;SRC-000287/BLOCK-000758:lines=1-356	Detected matched kor/eng source paths under selected roots; derived English baseline text is pending Korean-authority alignment.	S1-J006
KAE-BLOCK-000124	SRC-000385	PatchNotes/Altibase_7.1/kor/Altibase_7_1_0_8_8_Patch_Notes.md	SRC-000288	PatchNotes/Altibase_7.1/eng/Altibase_7_1_0_8_8_Patch_Notes.md			patch_notes	7.1.0.8.8	Korean authoritative; English extraction aid	repo_paired_ko_en	primary_working_source_after_alignment	pending	SRC-000385/BLOCK-000761:lines=1-437;SRC-000288/BLOCK-000760:lines=1-410	Detected matched kor/eng source paths under selected roots; derived English baseline text is pending Korean-authority alignment.	S1-J006
KAE-BLOCK-000125	SRC-000386	PatchNotes/Altibase_7.1/kor/Altibase_7_1_0_8_9_Patch_Notes.md	SRC-000289	PatchNotes/Altibase_7.1/eng/Altibase_7_1_0_8_9_Patch_Notes.md			patch_notes	7.1.0.8.9	Korean authoritative; English extraction aid	repo_paired_ko_en	primary_working_source_after_alignment	pending	SRC-000386/BLOCK-000763:lines=1-351;SRC-000289/BLOCK-000762:lines=1-331	Detected matched kor/eng source paths under selected roots; derived English baseline text is pending Korean-authority alignment.	S1-J006
KAE-BLOCK-000126	SRC-000387	PatchNotes/Altibase_7.1/kor/Altibase_7_1_0_9_0_Patch_Notes.md	SRC-000290	PatchNotes/Altibase_7.1/eng/Altibase_7_1_0_9_0_Patch_Notes.md			patch_notes	7.1.0.9.0	Korean authoritative; English extraction aid	repo_paired_ko_en	primary_working_source_after_alignment	pending	SRC-000387/BLOCK-000765:lines=1-1201;SRC-000290/BLOCK-000764:lines=1-1162	Detected matched kor/eng source paths under selected roots; derived English baseline text is pending Korean-authority alignment.	S1-J006
KAE-BLOCK-000127	SRC-000388	PatchNotes/Altibase_7.1/kor/Altibase_7_1_0_9_1_Patch_Notes.md	SRC-000291	PatchNotes/Altibase_7.1/eng/Altibase_7_1_0_9_1_Patch_Notes.md			patch_notes	7.1.0.9.1	Korean authoritative; English extraction aid	repo_paired_ko_en	primary_working_source_after_alignment	pending	SRC-000388/BLOCK-000767:lines=1-219;SRC-000291/BLOCK-000766:lines=1-208	Detected matched kor/eng source paths under selected roots; derived English baseline text is pending Korean-authority alignment.	S1-J006
KAE-BLOCK-000128	SRC-000389	PatchNotes/Altibase_7.1/kor/Altibase_7_1_0_9_2_Patch_Notes.md	SRC-000292	PatchNotes/Altibase_7.1/eng/Altibase_7_1_0_9_2_Patch_Notes.md			patch_notes	7.1.0.9.2	Korean authoritative; English extraction aid	repo_paired_ko_en	primary_working_source_after_alignment	pending	SRC-000389/BLOCK-000769:lines=1-361;SRC-000292/BLOCK-000768:lines=1-356	Detected matched kor/eng source paths under selected roots; derived English baseline text is pending Korean-authority alignment.	S1-J006
KAE-BLOCK-000129	SRC-000390	PatchNotes/Altibase_7.1/kor/Altibase_7_1_0_9_3_Patch_Notes.md	SRC-000293	PatchNotes/Altibase_7.1/eng/Altibase_7_1_0_9_3_Patch_Notes.md			patch_notes	7.1.0.9.3	Korean authoritative; English extraction aid	repo_paired_ko_en	primary_working_source_after_alignment	pending	SRC-000390/BLOCK-000771:lines=1-585;SRC-000293/BLOCK-000770:lines=1-585	Detected matched kor/eng source paths under selected roots; derived English baseline text is pending Korean-authority alignment.	S1-J006
KAE-BLOCK-000130	SRC-000391	PatchNotes/Altibase_7.1/kor/Altibase_7_1_0_9_4_Patch_Notes.md	SRC-000294	PatchNotes/Altibase_7.1/eng/Altibase_7_1_0_9_4_Patch_Notes.md			patch_notes	7.1.0.9.4	Korean authoritative; English extraction aid	repo_paired_ko_en	primary_working_source_after_alignment	pending	SRC-000391/BLOCK-000773:lines=1-295;SRC-000294/BLOCK-000772:lines=1-289	Detected matched kor/eng source paths under selected roots; derived English baseline text is pending Korean-authority alignment.	S1-J006
KAE-BLOCK-000131	SRC-000392	PatchNotes/Altibase_7.1/kor/Altibase_7_1_0_9_5_Patch_Notes.md	SRC-000295	PatchNotes/Altibase_7.1/eng/Altibase_7_1_0_9_5_Patch_Notes.md			patch_notes	7.1.0.9.5	Korean authoritative; English extraction aid	repo_paired_ko_en	primary_working_source_after_alignment	pending	SRC-000392/BLOCK-000775:lines=1-454;SRC-000295/BLOCK-000774:lines=1-441	Detected matched kor/eng source paths under selected roots; derived English baseline text is pending Korean-authority alignment.	S1-J006
KAE-BLOCK-000132	SRC-000393	PatchNotes/Altibase_7.1/kor/Altibase_7_1_0_9_6_Patch_Notes.md	SRC-000296	PatchNotes/Altibase_7.1/eng/Altibase_7_1_0_9_6_Patch_Notes.md			patch_notes	7.1.0.9.6	Korean authoritative; English extraction aid	repo_paired_ko_en	primary_working_source_after_alignment	pending	SRC-000393/BLOCK-000777:lines=1-332;SRC-000296/BLOCK-000776:lines=1-331	Detected matched kor/eng source paths under selected roots; derived English baseline text is pending Korean-authority alignment.	S1-J006
KAE-BLOCK-000133	SRC-000394	PatchNotes/Altibase_7.1/kor/Altibase_7_1_0_9_7_Patch_Notes.md	SRC-000297	PatchNotes/Altibase_7.1/eng/Altibase_7_1_0_9_7_Patch_Notes.md			patch_notes	7.1.0.9.7	Korean authoritative; English extraction aid	repo_paired_ko_en	primary_working_source_after_alignment	pending	SRC-000394/BLOCK-000779:lines=1-1019;SRC-000297/BLOCK-000778:lines=1-974	Detected matched kor/eng source paths under selected roots; derived English baseline text is pending Korean-authority alignment.	S1-J006
KAE-BLOCK-000134	SRC-000395	PatchNotes/Altibase_7.1/kor/Altibase_7_1_0_9_8_Patch_Notes.md	SRC-000298	PatchNotes/Altibase_7.1/eng/Altibase_7_1_0_9_8_Patch_Notes.md			patch_notes	7.1.0.9.8	Korean authoritative; English extraction aid	repo_paired_ko_en	primary_working_source_after_alignment	pending	SRC-000395/BLOCK-000781:lines=1-371;SRC-000298/BLOCK-000780:lines=1-357	Detected matched kor/eng source paths under selected roots; derived English baseline text is pending Korean-authority alignment.	S1-J006
KAE-BLOCK-000135	SRC-000396	PatchNotes/Altibase_7.1/kor/Altibase_7_1_0_9_9_Patch_Notes.md	SRC-000299	PatchNotes/Altibase_7.1/eng/Altibase_7_1_0_9_9_Patch_Notes.md			patch_notes	7.1.0.9.9	Korean authoritative; English extraction aid	repo_paired_ko_en	primary_working_source_after_alignment	pending	SRC-000396/BLOCK-000783:lines=1-275;SRC-000299/BLOCK-000782:lines=1-260	Detected matched kor/eng source paths under selected roots; derived English baseline text is pending Korean-authority alignment.	S1-J006
KAE-BLOCK-000136	SRC-000113	Manuals/Altibase_7.3/kor/Administrator's Manual.md	SRC-000082	Manuals/Altibase_7.3/eng/Administrator’s Manual.md			administrator_operations	7.3	Korean authoritative; English extraction aid	repo_paired_ko_en	primary_working_source_after_alignment	pending	SRC-000113/BLOCK-000004:lines=1-10416;SRC-000082/BLOCK-000003:lines=1-10508	Detected matched kor/eng source paths under selected roots; derived English baseline text is pending Korean-authority alignment.	S1-J006
KAE-BLOCK-000137	SRC-000110	Manuals/Altibase_7.3/kor/API User's Manual.md	SRC-000079	Manuals/Altibase_7.3/eng/API User's Manual.md			c_cli_odbc_precompiler	7.3	Korean authoritative; English extraction aid	repo_paired_ko_en	primary_working_source_after_alignment	pending	SRC-000110/BLOCK-000477:lines=1-4131;SRC-000079/BLOCK-000472:lines=1-3853	Detected matched kor/eng source paths under selected roots; derived English baseline text is pending Korean-authority alignment.	S1-J006
KAE-BLOCK-000138	SRC-000114	Manuals/Altibase_7.3/kor/Altibase C Interface Manual.md	SRC-000083	Manuals/Altibase_7.3/eng/Altibase C Interface Manual.md			c_cli_odbc_precompiler	7.3	Korean authoritative; English extraction aid	repo_paired_ko_en	primary_working_source_after_alignment	pending	SRC-000114/BLOCK-000478:lines=1-4343;SRC-000083/BLOCK-000473:lines=1-3812	Detected matched kor/eng source paths under selected roots; derived English baseline text is pending Korean-authority alignment.	S1-J006
KAE-BLOCK-000139	SRC-000116	Manuals/Altibase_7.3/kor/CLI User's Manual.md	SRC-000085	Manuals/Altibase_7.3/eng/CLI User's Manual.md			c_cli_odbc_precompiler	7.3	Korean authoritative; English extraction aid	repo_paired_ko_en	primary_working_source_after_alignment	pending	SRC-000116/BLOCK-000479:lines=1-11152;SRC-000085/BLOCK-000474:lines=1-10207	Detected matched kor/eng source paths under selected roots; derived English baseline text is pending Korean-authority alignment.	S1-J006
KAE-BLOCK-000140	SRC-000128	Manuals/Altibase_7.3/kor/ODBC User's Manual.md	SRC-000097	Manuals/Altibase_7.3/eng/ODBC User's Manual.md			c_cli_odbc_precompiler	7.3	Korean authoritative; English extraction aid	repo_paired_ko_en	primary_working_source_after_alignment	pending	SRC-000128/BLOCK-000480:lines=1-708;SRC-000097/BLOCK-000475:lines=1-628	Detected matched kor/eng source paths under selected roots; derived English baseline text is pending Korean-authority alignment.	S1-J006
KAE-BLOCK-000141	SRC-000130	Manuals/Altibase_7.3/kor/Precompiler User's Manual.md	SRC-000099	Manuals/Altibase_7.3/eng/Precompiler User's Manual.md			c_cli_odbc_precompiler	7.3	Korean authoritative; English extraction aid	repo_paired_ko_en	primary_working_source_after_alignment	pending	SRC-000130/BLOCK-000481:lines=1-10589;SRC-000099/BLOCK-000476:lines=1-10131	Detected matched kor/eng source paths under selected roots; derived English baseline text is pending Korean-authority alignment.	S1-J006
KAE-BLOCK-000142	SRC-000117	Manuals/Altibase_7.3/kor/DB Link User's Manual.md	SRC-000086	Manuals/Altibase_7.3/eng/DB Link User's Manual.md			dblink_hadoop_external_connectors	7.3	Korean authoritative; English extraction aid	repo_paired_ko_en	primary_working_source_after_alignment	pending	SRC-000117/BLOCK-000498:lines=1-3062;SRC-000086/BLOCK-000496:lines=1-2698	Detected matched kor/eng source paths under selected roots; derived English baseline text is pending Korean-authority alignment.	S1-J006
KAE-BLOCK-000143	SRC-000123	Manuals/Altibase_7.3/kor/Hadoop Connector User's Manual.md	SRC-000092	Manuals/Altibase_7.3/eng/Hadoop Connector User's Manual.md			dblink_hadoop_external_connectors	7.3	Korean authoritative; English extraction aid	repo_paired_ko_en	primary_working_source_after_alignment	pending	SRC-000123/BLOCK-000499:lines=1-717;SRC-000092/BLOCK-000497:lines=1-608	Detected matched kor/eng source paths under selected roots; derived English baseline text is pending Korean-authority alignment.	S1-J006
KAE-BLOCK-000144	SRC-000118	Manuals/Altibase_7.3/kor/Error Message Reference.md	SRC-000087	Manuals/Altibase_7.3/eng/Error Message Reference.md			error_message_reference	7.3	Korean authoritative; English extraction aid	repo_paired_ko_en	primary_working_source_after_alignment	pending	SRC-000118/BLOCK-000511:lines=1-22235;SRC-000087/BLOCK-000510:lines=1-18190	Detected matched kor/eng source paths under selected roots; derived English baseline text is pending Korean-authority alignment.	S1-J006
KAE-BLOCK-000145	SRC-000120	Manuals/Altibase_7.3/kor/General_Reference-1.Data Types & Altibase Properties.md	SRC-000089	Manuals/Altibase_7.3/eng/General Reference-1.Data Types & Altibase Properties.md			general_reference_1_datatypes_properties	7.3	Korean authoritative; English extraction aid	repo_paired_ko_en	primary_working_source_after_alignment	pending	SRC-000120/BLOCK-000517:lines=1-16290;SRC-000089/BLOCK-000516:lines=1-15435	Detected matched kor/eng source paths under selected roots; derived English baseline text is pending Korean-authority alignment.	S1-J006
KAE-BLOCK-000146	SRC-000121	Manuals/Altibase_7.3/kor/General_Reference-2.The Data Dictionary.md	SRC-000090	Manuals/Altibase_7.3/eng/General Reference-2.The Data Dictionary.md			general_reference_2_dictionary_views	7.3	Korean authoritative; English extraction aid	repo_paired_ko_en	primary_working_source_after_alignment	pending	SRC-000121/BLOCK-000523:lines=1-12908;SRC-000090/BLOCK-000522:lines=1-12295	Detected matched kor/eng source paths under selected roots; derived English baseline text is pending Korean-authority alignment.	S1-J006
KAE-BLOCK-000147	SRC-000122	Manuals/Altibase_7.3/kor/Getting Started Guide.md	SRC-000091	Manuals/Altibase_7.3/eng/Getting Started Guide.md			getting_started_installation	7.3	Korean authoritative; English extraction aid	repo_paired_ko_en	primary_working_source_after_alignment	pending	SRC-000122/BLOCK-000532:lines=1-2247;SRC-000091/BLOCK-000530:lines=1-2285	Detected matched kor/eng source paths under selected roots; derived English baseline text is pending Korean-authority alignment.	S1-J006
KAE-BLOCK-000148	SRC-000124	Manuals/Altibase_7.3/kor/Installation Guide.md	SRC-000093	Manuals/Altibase_7.3/eng/Installation Guide.md			getting_started_installation	7.3	Korean authoritative; English extraction aid	repo_paired_ko_en	primary_working_source_after_alignment	pending	SRC-000124/BLOCK-000533:lines=1-1734;SRC-000093/BLOCK-000531:lines=1-1708	Detected matched kor/eng source paths under selected roots; derived English baseline text is pending Korean-authority alignment.	S1-J006
KAE-BLOCK-000149	SRC-000138	Manuals/Altibase_7.3/kor/iLoader User's Manual.md	SRC-000107	Manuals/Altibase_7.3/eng/iLoader User's Manual.md			isql_iloader	7.3	Korean authoritative; English extraction aid	repo_paired_ko_en	primary_working_source_after_alignment	pending	SRC-000138/BLOCK-000544:lines=1-3091;SRC-000107/BLOCK-000542:lines=1-2734	Detected matched kor/eng source paths under selected roots; derived English baseline text is pending Korean-authority alignment.	S1-J006
KAE-BLOCK-000150	SRC-000139	Manuals/Altibase_7.3/kor/iSQL User's Manual.md	SRC-000108	Manuals/Altibase_7.3/eng/iSQL User's Manual.md			isql_iloader	7.3	Korean authoritative; English extraction aid	repo_paired_ko_en	primary_working_source_after_alignment	pending	SRC-000139/BLOCK-000545:lines=1-3630;SRC-000108/BLOCK-000543:lines=1-3467	Detected matched kor/eng source paths under selected roots; derived English baseline text is pending Korean-authority alignment.	S1-J006
KAE-BLOCK-000151	SRC-000111	Manuals/Altibase_7.3/kor/Adapter for JDBC User's Manual.md	SRC-000080	Manuals/Altibase_7.3/eng/Adapter for JDBC User's Manual.md			jdbc_java	7.3	Korean authoritative; English extraction aid	repo_paired_ko_en	primary_working_source_after_alignment	pending	SRC-000111/BLOCK-000556:lines=1-1287;SRC-000080/BLOCK-000554:lines=1-1042	Detected matched kor/eng source paths under selected roots; derived English baseline text is pending Korean-authority alignment.	S1-J006
KAE-BLOCK-000152	SRC-000125	Manuals/Altibase_7.3/kor/JDBC User's Manual.md	SRC-000094	Manuals/Altibase_7.3/eng/JDBC User's Manual.md			jdbc_java	7.3	Korean authoritative; English extraction aid	repo_paired_ko_en	primary_working_source_after_alignment	pending	SRC-000125/BLOCK-000557:lines=1-4380;SRC-000094/BLOCK-000555:lines=1-3916	Detected matched kor/eng source paths under selected roots; derived English baseline text is pending Korean-authority alignment.	S1-J006
KAE-BLOCK-000153	SRC-000126	Manuals/Altibase_7.3/kor/Log Analyzer User's Manual.md	SRC-000095	Manuals/Altibase_7.3/eng/Log Analyzer User's Manual.md			log_analyzer	7.3	Korean authoritative; English extraction aid	repo_paired_ko_en	primary_working_source_after_alignment	pending	SRC-000126/BLOCK-000566:lines=1-6014;SRC-000095/BLOCK-000565:lines=1-5747	Detected matched kor/eng source paths under selected roots; derived English baseline text is pending Korean-authority alignment.	S1-J006
KAE-BLOCK-000154	SRC-000112	Manuals/Altibase_7.3/kor/Adapter for Oracle User's Manual.md	SRC-000081	Manuals/Altibase_7.3/eng/Adapter for Oracle User's Manual.md			migration_oracle	7.3	Korean authoritative; English extraction aid	repo_paired_ko_en	primary_working_source_after_alignment	pending	SRC-000112/BLOCK-000572:lines=1-1423;SRC-000081/BLOCK-000571:lines=1-1400	Detected matched kor/eng source paths under selected roots; derived English baseline text is pending Korean-authority alignment.	S1-J006
KAE-BLOCK-000155	SRC-000127	Manuals/Altibase_7.3/kor/Monitoring API Developer's Guide.md	SRC-000096	Manuals/Altibase_7.3/eng/Monitoring API Developer's Guide.md			monitoring_api_snmp	7.3	Korean authoritative; English extraction aid	repo_paired_ko_en	primary_working_source_after_alignment	pending	SRC-000127/BLOCK-000609:lines=1-2950;SRC-000096/BLOCK-000607:lines=1-2817	Detected matched kor/eng source paths under selected roots; derived English baseline text is pending Korean-authority alignment.	S1-J006
KAE-BLOCK-000156	SRC-000133	Manuals/Altibase_7.3/kor/SNMP Agent Guide.md	SRC-000102	Manuals/Altibase_7.3/eng/SNMP Agent Guide.md			monitoring_api_snmp	7.3	Korean authoritative; English extraction aid	repo_paired_ko_en	primary_working_source_after_alignment	pending	SRC-000133/BLOCK-000610:lines=1-1959;SRC-000102/BLOCK-000608:lines=1-1809	Detected matched kor/eng source paths under selected roots; derived English baseline text is pending Korean-authority alignment.	S1-J006
KAE-BLOCK-000157					SRC-000397	PatchNotes/Altibase_7.3/Altibase_7_3_Version_Histories.md	patch_notes	7.3	Repository source evidence	repo_no_language_tree	source_pack_only_not_korean_aligned	excluded	SRC-000397/BLOCK-000784:lines=1-11	Selected repository source has no kor/eng path segment; retained in the exact source pack and excluded from this Korean-English pairing inventory.	S1-J006
KAE-BLOCK-000158					SRC-000398	PatchNotes/Altibase_7.3/README.md	patch_notes	7.3	Repository source evidence	repo_no_language_tree	source_pack_only_not_korean_aligned	excluded	SRC-000398/BLOCK-000785:lines=1-39	Selected repository source has no kor/eng path segment; retained in the exact source pack and excluded from this Korean-English pairing inventory.	S1-J006
KAE-BLOCK-000159			SRC-000404	PatchNotes/Altibase_7.3/eng/README.md			patch_notes	7.3	English extraction aid	repo_en_only	blocked_until_korean_authority_or_auxiliary_label	excluded	SRC-000404/BLOCK-000786:lines=1-11	No paired Korean authority source was selected; excluded from the Korean-aligned baseline until Korean authority or approved auxiliary use is recorded.	S1-J006
KAE-BLOCK-000160	SRC-000129	Manuals/Altibase_7.3/kor/Performance Tuning Guide.md	SRC-000098	Manuals/Altibase_7.3/eng/Performance Tuning Guide.md			performance_tuning	7.3	Korean authoritative; English extraction aid	repo_paired_ko_en	primary_working_source_after_alignment	pending	SRC-000129/BLOCK-000814:lines=1-6378;SRC-000098/BLOCK-000813:lines=1-6125	Detected matched kor/eng source paths under selected roots; derived English baseline text is pending Korean-authority alignment.	S1-J006
KAE-BLOCK-000161					SRC-000425	ReleaseNotes/Altibase 7.3/README.md	release_notes_platform	7.3	Repository source evidence	repo_no_language_tree	source_pack_only_not_korean_aligned	excluded	SRC-000425/BLOCK-000822:lines=1-16	Selected repository source has no kor/eng path segment; retained in the exact source pack and excluded from this Korean-English pairing inventory.	S1-J006
KAE-BLOCK-000162	SRC-000132	Manuals/Altibase_7.3/kor/Replication Manual.md	SRC-000101	Manuals/Altibase_7.3/eng/Replication Manual.md			replication_manual	7.3	Korean authoritative; English extraction aid	repo_paired_ko_en	primary_working_source_after_alignment	pending	SRC-000132/BLOCK-000847:lines=1-6054;SRC-000101/BLOCK-000846:lines=1-5732	Detected matched kor/eng source paths under selected roots; derived English baseline text is pending Korean-authority alignment.	S1-J006
KAE-BLOCK-000163	SRC-000115	Manuals/Altibase_7.3/kor/Altibase SSL TLS User's Guide.md	SRC-000084	Manuals/Altibase_7.3/eng/Altibase SSL TLS User's Guide.md			security_ssl_tls	7.3	Korean authoritative; English extraction aid	repo_paired_ko_en	primary_working_source_after_alignment	pending	SRC-000115/BLOCK-000853:lines=1-1099;SRC-000084/BLOCK-000852:lines=1-957	Detected matched kor/eng source paths under selected roots; derived English baseline text is pending Korean-authority alignment.	S1-J006
KAE-BLOCK-000164	SRC-000131	Manuals/Altibase_7.3/kor/README.md	SRC-000100	Manuals/Altibase_7.3/eng/README.md			source_index	7.3	Korean authoritative; English extraction aid	repo_paired_ko_en	primary_working_source_after_alignment	pending	SRC-000131/BLOCK-000861:lines=1-82;SRC-000100/BLOCK-000860:lines=1-82	Detected matched kor/eng source paths under selected roots; derived English baseline text is pending Korean-authority alignment.	S1-J006
KAE-BLOCK-000165	SRC-000135	Manuals/Altibase_7.3/kor/Spatial SQL Reference.md	SRC-000104	Manuals/Altibase_7.3/eng/Spatial SQL Reference.md			spatial_nifi_tableau	7.3	Korean authoritative; English extraction aid	repo_paired_ko_en	primary_working_source_after_alignment	pending	SRC-000135/BLOCK-000874:lines=1-7696;SRC-000104/BLOCK-000873:lines=1-7134	Detected matched kor/eng source paths under selected roots; derived English baseline text is pending Korean-authority alignment.	S1-J006
KAE-BLOCK-000166	SRC-000134	Manuals/Altibase_7.3/kor/SQL Reference.md	SRC-000103	Manuals/Altibase_7.3/eng/SQL Reference.md			sql_reference	7.3	Korean authoritative; English extraction aid	repo_paired_ko_en	primary_working_source_after_alignment	pending	SRC-000134/BLOCK-000886:lines=1-26707;SRC-000103/BLOCK-000885:lines=1-23437	Detected matched kor/eng source paths under selected roots; derived English baseline text is pending Korean-authority alignment.	S1-J006
KAE-BLOCK-000167	SRC-000119	Manuals/Altibase_7.3/kor/External Procedures Manual.md	SRC-000088	Manuals/Altibase_7.3/eng/External Procedures Manual.md			stored_external_procedures	7.3	Korean authoritative; English extraction aid	repo_paired_ko_en	primary_working_source_after_alignment	pending	SRC-000119/BLOCK-000901:lines=1-1234;SRC-000088/BLOCK-000898:lines=1-1068	Detected matched kor/eng source paths under selected roots; derived English baseline text is pending Korean-authority alignment.	S1-J006
KAE-BLOCK-000168	SRC-000136	Manuals/Altibase_7.3/kor/Stored Procedures Manual.md	SRC-000105	Manuals/Altibase_7.3/eng/Stored Procedures Manual.md			stored_external_procedures	7.3	Korean authoritative; English extraction aid	repo_paired_ko_en	primary_working_source_after_alignment	pending	SRC-000136/BLOCK-000902:lines=1-17149;SRC-000105/BLOCK-000899:lines=1-15919	Detected matched kor/eng source paths under selected roots; derived English baseline text is pending Korean-authority alignment.	S1-J006
KAE-BLOCK-000169			SRC-000109	Manuals/Altibase_7.3/eng/media/StoredProcedure/StoredProcedure1_Eng.md			stored_external_procedures	7.3	English extraction aid	repo_en_only	blocked_until_korean_authority_or_auxiliary_label	excluded	SRC-000109/BLOCK-000900:lines=1-6006	No paired Korean authority source was selected; excluded from the Korean-aligned baseline until Korean authority or approved auxiliary use is recorded.	S1-J006
KAE-BLOCK-000170	SRC-000137	Manuals/Altibase_7.3/kor/Utilities Manual.md	SRC-000106	Manuals/Altibase_7.3/eng/Utilities Manual.md			utilities_datacompj	7.3	Korean authoritative; English extraction aid	repo_paired_ko_en	primary_working_source_after_alignment	pending	SRC-000137/BLOCK-000929:lines=1-4811;SRC-000106/BLOCK-000928:lines=1-4481	Detected matched kor/eng source paths under selected roots; derived English baseline text is pending Korean-authority alignment.	S1-J006
KAE-BLOCK-000171	SRC-000451	ReleaseNotes/kor/Altibase_7_3_0_0_1_Release_Notes.md	SRC-000428	ReleaseNotes/eng/Altibase_7_3_0_0_1_Release_Notes.md			release_notes_platform	7.3.0.0.1	Korean authoritative; English extraction aid	repo_paired_ko_en	primary_working_source_after_alignment	pending	SRC-000451/BLOCK-000824:lines=1-859;SRC-000428/BLOCK-000823:lines=1-857	Detected matched kor/eng source paths under selected roots; derived English baseline text is pending Korean-authority alignment.	S1-J006
KAE-BLOCK-000172	SRC-000405	PatchNotes/Altibase_7.3/kor/Altibase_7_3_0_0_2_Patch_Notes.md					patch_notes	7.3.0.0.2	Korean authoritative	repo_ko_only	translation_candidate_after_alignment	pending	SRC-000405/BLOCK-000787:lines=1-1089	No paired English source was selected; preserve Korean authority for later English baseline translation.	S1-J006
KAE-BLOCK-000173	SRC-000406	PatchNotes/Altibase_7.3/kor/Altibase_7_3_0_0_3_Patch_Notes.md					patch_notes	7.3.0.0.3	Korean authoritative	repo_ko_only	translation_candidate_after_alignment	pending	SRC-000406/BLOCK-000788:lines=1-535	No paired English source was selected; preserve Korean authority for later English baseline translation.	S1-J006
KAE-BLOCK-000174	SRC-000407	PatchNotes/Altibase_7.3/kor/Altibase_7_3_0_0_4_Patch_Notes.md					patch_notes	7.3.0.0.4	Korean authoritative	repo_ko_only	translation_candidate_after_alignment	pending	SRC-000407/BLOCK-000789:lines=1-413	No paired English source was selected; preserve Korean authority for later English baseline translation.	S1-J006
KAE-BLOCK-000175	SRC-000408	PatchNotes/Altibase_7.3/kor/Altibase_7_3_0_0_5_Patch_Notes.md					patch_notes	7.3.0.0.5	Korean authoritative	repo_ko_only	translation_candidate_after_alignment	pending	SRC-000408/BLOCK-000790:lines=1-820	No paired English source was selected; preserve Korean authority for later English baseline translation.	S1-J006
KAE-BLOCK-000176	SRC-000409	PatchNotes/Altibase_7.3/kor/Altibase_7_3_0_0_6_Patch_Notes.md					patch_notes	7.3.0.0.6	Korean authoritative	repo_ko_only	translation_candidate_after_alignment	pending	SRC-000409/BLOCK-000791:lines=1-261	No paired English source was selected; preserve Korean authority for later English baseline translation.	S1-J006
KAE-BLOCK-000177	SRC-000410	PatchNotes/Altibase_7.3/kor/Altibase_7_3_0_0_7_Patch_Notes.md					patch_notes	7.3.0.0.7	Korean authoritative	repo_ko_only	translation_candidate_after_alignment	pending	SRC-000410/BLOCK-000792:lines=1-1746	No paired English source was selected; preserve Korean authority for later English baseline translation.	S1-J006
KAE-BLOCK-000178	SRC-000411	PatchNotes/Altibase_7.3/kor/Altibase_7_3_0_0_8_Patch_Notes.md					patch_notes	7.3.0.0.8	Korean authoritative	repo_ko_only	translation_candidate_after_alignment	pending	SRC-000411/BLOCK-000793:lines=1-179	No paired English source was selected; preserve Korean authority for later English baseline translation.	S1-J006
KAE-BLOCK-000179	SRC-000412	PatchNotes/Altibase_7.3/kor/Altibase_7_3_0_0_9_Patch_Notes.md					patch_notes	7.3.0.0.9	Korean authoritative	repo_ko_only	translation_candidate_after_alignment	pending	SRC-000412/BLOCK-000794:lines=1-874	No paired English source was selected; preserve Korean authority for later English baseline translation.	S1-J006
KAE-BLOCK-000180	SRC-000413	PatchNotes/Altibase_7.3/kor/Altibase_7_3_0_1_0_Patch_Notes.md					patch_notes	7.3.0.1.0	Korean authoritative	repo_ko_only	translation_candidate_after_alignment	pending	SRC-000413/BLOCK-000795:lines=1-344	No paired English source was selected; preserve Korean authority for later English baseline translation.	S1-J006
KAE-BLOCK-000181	SRC-000414	PatchNotes/Altibase_7.3/kor/Altibase_7_3_0_1_1_Patch_Notes.md					patch_notes	7.3.0.1.1	Korean authoritative	repo_ko_only	translation_candidate_after_alignment	pending	SRC-000414/BLOCK-000796:lines=1-537	No paired English source was selected; preserve Korean authority for later English baseline translation.	S1-J006
KAE-BLOCK-000182	SRC-000415	PatchNotes/Altibase_7.3/kor/Altibase_7_3_0_1_2_Patch_Notes.md					patch_notes	7.3.0.1.2	Korean authoritative	repo_ko_only	translation_candidate_after_alignment	pending	SRC-000415/BLOCK-000797:lines=1-902	No paired English source was selected; preserve Korean authority for later English baseline translation.	S1-J006
KAE-BLOCK-000183	SRC-000416	PatchNotes/Altibase_7.3/kor/Altibase_7_3_0_1_3_Patch_Notes.md	SRC-000399	PatchNotes/Altibase_7.3/eng/Altibase_7_3_0_1_3_Patch_Notes.md			patch_notes	7.3.0.1.3	Korean authoritative; English extraction aid	repo_paired_ko_en	primary_working_source_after_alignment	pending	SRC-000416/BLOCK-000799:lines=1-466;SRC-000399/BLOCK-000798:lines=1-301	Detected matched kor/eng source paths under selected roots; derived English baseline text is pending Korean-authority alignment.	S1-J006
KAE-BLOCK-000184	SRC-000417	PatchNotes/Altibase_7.3/kor/Altibase_7_3_0_1_4_Patch_Notes.md					patch_notes	7.3.0.1.4	Korean authoritative	repo_ko_only	translation_candidate_after_alignment	pending	SRC-000417/BLOCK-000800:lines=1-313	No paired English source was selected; preserve Korean authority for later English baseline translation.	S1-J006
KAE-BLOCK-000185	SRC-000418	PatchNotes/Altibase_7.3/kor/Altibase_7_3_0_1_5_Patch_Notes.md					patch_notes	7.3.0.1.5	Korean authoritative	repo_ko_only	translation_candidate_after_alignment	pending	SRC-000418/BLOCK-000801:lines=1-341	No paired English source was selected; preserve Korean authority for later English baseline translation.	S1-J006
KAE-BLOCK-000186	SRC-000419	PatchNotes/Altibase_7.3/kor/Altibase_7_3_0_1_6_Patch_Notes.md					patch_notes	7.3.0.1.6	Korean authoritative	repo_ko_only	translation_candidate_after_alignment	pending	SRC-000419/BLOCK-000802:lines=1-361	No paired English source was selected; preserve Korean authority for later English baseline translation.	S1-J006
KAE-BLOCK-000187	SRC-000420	PatchNotes/Altibase_7.3/kor/Altibase_7_3_0_1_7_Patch_Notes.md	SRC-000400	PatchNotes/Altibase_7.3/eng/Altibase_7_3_0_1_7_Patch_Notes.md			patch_notes	7.3.0.1.7	Korean authoritative; English extraction aid	repo_paired_ko_en	primary_working_source_after_alignment	pending	SRC-000420/BLOCK-000804:lines=1-197;SRC-000400/BLOCK-000803:lines=1-99	Detected matched kor/eng source paths under selected roots; derived English baseline text is pending Korean-authority alignment.	S1-J006
KAE-BLOCK-000188	SRC-000421	PatchNotes/Altibase_7.3/kor/Altibase_7_3_0_1_8_Patch_Notes.md	SRC-000401	PatchNotes/Altibase_7.3/eng/Altibase_7_3_0_1_8_Patch_Notes.md			patch_notes	7.3.0.1.8	Korean authoritative; English extraction aid	repo_paired_ko_en	primary_working_source_after_alignment	pending	SRC-000421/BLOCK-000806:lines=1-284;SRC-000401/BLOCK-000805:lines=1-158	Detected matched kor/eng source paths under selected roots; derived English baseline text is pending Korean-authority alignment.	S1-J006
KAE-BLOCK-000189	SRC-000422	PatchNotes/Altibase_7.3/kor/Altibase_7_3_0_1_9_Patch_Notes.md	SRC-000402	PatchNotes/Altibase_7.3/eng/Altibase_7_3_0_1_9_Patch_Notes.md			patch_notes	7.3.0.1.9	Korean authoritative; English extraction aid	repo_paired_ko_en	primary_working_source_after_alignment	pending	SRC-000422/BLOCK-000808:lines=1-357;SRC-000402/BLOCK-000807:lines=1-214	Detected matched kor/eng source paths under selected roots; derived English baseline text is pending Korean-authority alignment.	S1-J006
KAE-BLOCK-000190	SRC-000423	PatchNotes/Altibase_7.3/kor/Altibase_7_3_0_2_0_Patch_Notes.md	SRC-000403	PatchNotes/Altibase_7.3/eng/Altibase_7_3_0_2_0_Patch_Notes.md			patch_notes	7.3.0.2.0	Korean authoritative; English extraction aid	repo_paired_ko_en	primary_working_source_after_alignment	pending	SRC-000423/BLOCK-000810:lines=1-282;SRC-000403/BLOCK-000809:lines=1-126	Detected matched kor/eng source paths under selected roots; derived English baseline text is pending Korean-authority alignment.	S1-J006
KAE-BLOCK-000191	SRC-000173	Manuals/Altibase_trunk/kor/Administrator's Manual.md	SRC-000143	Manuals/Altibase_trunk/eng/Administrator’s Manual.md			administrator_operations	8.1_verified	Korean authoritative; Altibase 8.1 verified source; English extraction aid	repo_paired_ko_en	primary_working_source_after_alignment	pending	SRC-000173/BLOCK-000006:lines=1-10518;SRC-000143/BLOCK-000005:lines=1-10623	Detected matched kor/eng source paths under selected roots; derived English baseline text is pending Korean-authority alignment.	S1-J006
KAE-BLOCK-000192	SRC-000170	Manuals/Altibase_trunk/kor/API User's Manual.md	SRC-000140	Manuals/Altibase_trunk/eng/API User's Manual.md			c_cli_odbc_precompiler	8.1_verified	Korean authoritative; Altibase 8.1 verified source; English extraction aid	repo_paired_ko_en	primary_working_source_after_alignment	pending	SRC-000170/BLOCK-000487:lines=1-4122;SRC-000140/BLOCK-000482:lines=1-3850	Detected matched kor/eng source paths under selected roots; derived English baseline text is pending Korean-authority alignment.	S1-J006
KAE-BLOCK-000193	SRC-000174	Manuals/Altibase_trunk/kor/Altibase C Interface Manual.md	SRC-000144	Manuals/Altibase_trunk/eng/Altibase C Interface Manual.md			c_cli_odbc_precompiler	8.1_verified	Korean authoritative; Altibase 8.1 verified source; English extraction aid	repo_paired_ko_en	primary_working_source_after_alignment	pending	SRC-000174/BLOCK-000488:lines=1-4342;SRC-000144/BLOCK-000483:lines=1-3812	Detected matched kor/eng source paths under selected roots; derived English baseline text is pending Korean-authority alignment.	S1-J006
KAE-BLOCK-000194	SRC-000176	Manuals/Altibase_trunk/kor/CLI User's Manual.md	SRC-000146	Manuals/Altibase_trunk/eng/CLI User's Manual.md			c_cli_odbc_precompiler	8.1_verified	Korean authoritative; Altibase 8.1 verified source; English extraction aid	repo_paired_ko_en	primary_working_source_after_alignment	pending	SRC-000176/BLOCK-000489:lines=1-11203;SRC-000146/BLOCK-000484:lines=1-10206	Detected matched kor/eng source paths under selected roots; derived English baseline text is pending Korean-authority alignment.	S1-J006
KAE-BLOCK-000195	SRC-000188	Manuals/Altibase_trunk/kor/ODBC User's Manual.md	SRC-000158	Manuals/Altibase_trunk/eng/ODBC User's Manual.md			c_cli_odbc_precompiler	8.1_verified	Korean authoritative; Altibase 8.1 verified source; English extraction aid	repo_paired_ko_en	primary_working_source_after_alignment	pending	SRC-000188/BLOCK-000490:lines=1-707;SRC-000158/BLOCK-000485:lines=1-628	Detected matched kor/eng source paths under selected roots; derived English baseline text is pending Korean-authority alignment.	S1-J006
KAE-BLOCK-000196	SRC-000190	Manuals/Altibase_trunk/kor/Precompiler User's Manual.md	SRC-000160	Manuals/Altibase_trunk/eng/Precompiler User's Manual.md			c_cli_odbc_precompiler	8.1_verified	Korean authoritative; Altibase 8.1 verified source; English extraction aid	repo_paired_ko_en	primary_working_source_after_alignment	pending	SRC-000190/BLOCK-000491:lines=1-10585;SRC-000160/BLOCK-000486:lines=1-10132	Detected matched kor/eng source paths under selected roots; derived English baseline text is pending Korean-authority alignment.	S1-J006
KAE-BLOCK-000197	SRC-000177	Manuals/Altibase_trunk/kor/DB Link User's Manual.md	SRC-000147	Manuals/Altibase_trunk/eng/DB Link User's Manual.md			dblink_hadoop_external_connectors	8.1_verified	Korean authoritative; Altibase 8.1 verified source; English extraction aid	repo_paired_ko_en	primary_working_source_after_alignment	pending	SRC-000177/BLOCK-000502:lines=1-3070;SRC-000147/BLOCK-000500:lines=1-2705	Detected matched kor/eng source paths under selected roots; derived English baseline text is pending Korean-authority alignment.	S1-J006
KAE-BLOCK-000198	SRC-000183	Manuals/Altibase_trunk/kor/Hadoop Connector User's Manual.md	SRC-000153	Manuals/Altibase_trunk/eng/Hadoop Connector User's Manual.md			dblink_hadoop_external_connectors	8.1_verified	Korean authoritative; Altibase 8.1 verified source; English extraction aid	repo_paired_ko_en	primary_working_source_after_alignment	pending	SRC-000183/BLOCK-000503:lines=1-716;SRC-000153/BLOCK-000501:lines=1-607	Detected matched kor/eng source paths under selected roots; derived English baseline text is pending Korean-authority alignment.	S1-J006
KAE-BLOCK-000199	SRC-000221	Manuals/Tools/Altibase_trunk/kor/Altibase 3rd Party Connector Guide.md	SRC-000214	Manuals/Tools/Altibase_trunk/eng/Altibase 3rd Party Connector Guide.md			dblink_hadoop_external_connectors	8.1_verified	Korean authoritative; Altibase 8.1 verified source; English extraction aid	repo_paired_ko_en	primary_working_source_after_alignment	pending	SRC-000221/BLOCK-000505:lines=1-1101;SRC-000214/BLOCK-000504:lines=1-947	Detected matched kor/eng source paths under selected roots; derived English baseline text is pending Korean-authority alignment.	S1-J006
KAE-BLOCK-000200	SRC-000178	Manuals/Altibase_trunk/kor/Error Message Reference.md	SRC-000148	Manuals/Altibase_trunk/eng/Error Message Reference.md			error_message_reference	8.1_verified	Korean authoritative; Altibase 8.1 verified source; English extraction aid	repo_paired_ko_en	primary_working_source_after_alignment	pending	SRC-000178/BLOCK-000513:lines=1-22336;SRC-000148/BLOCK-000512:lines=1-23088	Detected matched kor/eng source paths under selected roots; derived English baseline text is pending Korean-authority alignment.	S1-J006
KAE-BLOCK-000201	SRC-000180	Manuals/Altibase_trunk/kor/General_Reference-1.Data Types & Altibase Properties.md	SRC-000150	Manuals/Altibase_trunk/eng/General Reference-1.Data Types & Altibase Properties.md			general_reference_1_datatypes_properties	8.1_verified	Korean authoritative; Altibase 8.1 verified source; English extraction aid	repo_paired_ko_en	primary_working_source_after_alignment	pending	SRC-000180/BLOCK-000519:lines=1-16623;SRC-000150/BLOCK-000518:lines=1-15462	Detected matched kor/eng source paths under selected roots; derived English baseline text is pending Korean-authority alignment.	S1-J006
KAE-BLOCK-000202	SRC-000181	Manuals/Altibase_trunk/kor/General_Reference-2.The Data Dictionary.md	SRC-000151	Manuals/Altibase_trunk/eng/General Reference-2.The Data Dictionary.md			general_reference_2_dictionary_views	8.1_verified	Korean authoritative; Altibase 8.1 verified source; English extraction aid	repo_paired_ko_en	primary_working_source_after_alignment	pending	SRC-000181/BLOCK-000525:lines=1-12957;SRC-000151/BLOCK-000524:lines=1-12310	Detected matched kor/eng source paths under selected roots; derived English baseline text is pending Korean-authority alignment.	S1-J006
KAE-BLOCK-000203	SRC-000182	Manuals/Altibase_trunk/kor/Getting Started Guide.md	SRC-000152	Manuals/Altibase_trunk/eng/Getting Started Guide.md			getting_started_installation	8.1_verified	Korean authoritative; Altibase 8.1 verified source; English extraction aid	repo_paired_ko_en	primary_working_source_after_alignment	pending	SRC-000182/BLOCK-000536:lines=1-2244;SRC-000152/BLOCK-000534:lines=1-2286	Detected matched kor/eng source paths under selected roots; derived English baseline text is pending Korean-authority alignment.	S1-J006
KAE-BLOCK-000204	SRC-000184	Manuals/Altibase_trunk/kor/Installation Guide.md	SRC-000154	Manuals/Altibase_trunk/eng/Installation Guide.md			getting_started_installation	8.1_verified	Korean authoritative; Altibase 8.1 verified source; English extraction aid	repo_paired_ko_en	primary_working_source_after_alignment	pending	SRC-000184/BLOCK-000537:lines=1-1730;SRC-000154/BLOCK-000535:lines=1-1703	Detected matched kor/eng source paths under selected roots; derived English baseline text is pending Korean-authority alignment.	S1-J006
KAE-BLOCK-000205	SRC-000198	Manuals/Altibase_trunk/kor/iLoader User's Manual.md	SRC-000167	Manuals/Altibase_trunk/eng/iLoader User's Manual.md			isql_iloader	8.1_verified	Korean authoritative; Altibase 8.1 verified source; English extraction aid	repo_paired_ko_en	primary_working_source_after_alignment	pending	SRC-000198/BLOCK-000548:lines=1-3090;SRC-000167/BLOCK-000546:lines=1-2734	Detected matched kor/eng source paths under selected roots; derived English baseline text is pending Korean-authority alignment.	S1-J006
KAE-BLOCK-000206	SRC-000199	Manuals/Altibase_trunk/kor/iSQL User's Manual.md	SRC-000168	Manuals/Altibase_trunk/eng/iSQL User's Manual.md			isql_iloader	8.1_verified	Korean authoritative; Altibase 8.1 verified source; English extraction aid	repo_paired_ko_en	primary_working_source_after_alignment	pending	SRC-000199/BLOCK-000549:lines=1-3629;SRC-000168/BLOCK-000547:lines=1-3469	Detected matched kor/eng source paths under selected roots; derived English baseline text is pending Korean-authority alignment.	S1-J006
KAE-BLOCK-000207	SRC-000171	Manuals/Altibase_trunk/kor/Adapter for JDBC User's Manual.md	SRC-000141	Manuals/Altibase_trunk/eng/Adapter for JDBC User's Manual.md			jdbc_java	8.1_verified	Korean authoritative; Altibase 8.1 verified source; English extraction aid	repo_paired_ko_en	primary_working_source_after_alignment	pending	SRC-000171/BLOCK-000560:lines=1-1310;SRC-000141/BLOCK-000558:lines=1-1059	Detected matched kor/eng source paths under selected roots; derived English baseline text is pending Korean-authority alignment.	S1-J006
KAE-BLOCK-000208	SRC-000185	Manuals/Altibase_trunk/kor/JDBC User's Manual.md	SRC-000155	Manuals/Altibase_trunk/eng/JDBC User's Manual.md			jdbc_java	8.1_verified	Korean authoritative; Altibase 8.1 verified source; English extraction aid	repo_paired_ko_en	primary_working_source_after_alignment	pending	SRC-000185/BLOCK-000561:lines=1-4494;SRC-000155/BLOCK-000559:lines=1-4027	Detected matched kor/eng source paths under selected roots; derived English baseline text is pending Korean-authority alignment.	S1-J006
KAE-BLOCK-000209	SRC-000186	Manuals/Altibase_trunk/kor/Log Analyzer User's Manual.md	SRC-000156	Manuals/Altibase_trunk/eng/Log Analyzer User's Manual.md			log_analyzer	8.1_verified	Korean authoritative; Altibase 8.1 verified source; English extraction aid	repo_paired_ko_en	primary_working_source_after_alignment	pending	SRC-000186/BLOCK-000568:lines=1-6020;SRC-000156/BLOCK-000567:lines=1-5746	Detected matched kor/eng source paths under selected roots; derived English baseline text is pending Korean-authority alignment.	S1-J006
KAE-BLOCK-000210	SRC-000172	Manuals/Altibase_trunk/kor/Adapter for Oracle User's Manual.md	SRC-000142	Manuals/Altibase_trunk/eng/Adapter for Oracle User's Manual.md			migration_oracle	8.1_verified	Korean authoritative; Altibase 8.1 verified source; English extraction aid	repo_paired_ko_en	primary_working_source_after_alignment	pending	SRC-000172/BLOCK-000574:lines=1-1432;SRC-000142/BLOCK-000573:lines=1-1400	Detected matched kor/eng source paths under selected roots; derived English baseline text is pending Korean-authority alignment.	S1-J006
KAE-BLOCK-000211	SRC-000223	Manuals/Tools/Altibase_trunk/kor/Migration Center User's Manual.md	SRC-000216	Manuals/Tools/Altibase_trunk/eng/Migration Center User's Manual.md			migration_oracle	8.1_verified	Korean authoritative; Altibase 8.1 verified source; English extraction aid	repo_paired_ko_en	primary_working_source_after_alignment	pending	SRC-000223/BLOCK-000576:lines=1-8365;SRC-000216/BLOCK-000575:lines=1-8345	Detected matched kor/eng source paths under selected roots; derived English baseline text is pending Korean-authority alignment.	S1-J006
KAE-BLOCK-000212	SRC-000187	Manuals/Altibase_trunk/kor/Monitoring API Developer's Guide.md	SRC-000157	Manuals/Altibase_trunk/eng/Monitoring API Developer's Guide.md			monitoring_api_snmp	8.1_verified	Korean authoritative; Altibase 8.1 verified source; English extraction aid	repo_paired_ko_en	primary_working_source_after_alignment	pending	SRC-000187/BLOCK-000613:lines=1-2949;SRC-000157/BLOCK-000611:lines=1-2816	Detected matched kor/eng source paths under selected roots; derived English baseline text is pending Korean-authority alignment.	S1-J006
KAE-BLOCK-000213	SRC-000193	Manuals/Altibase_trunk/kor/SNMP Agent Guide.md	SRC-000162	Manuals/Altibase_trunk/eng/SNMP Agent Guide.md			monitoring_api_snmp	8.1_verified	Korean authoritative; Altibase 8.1 verified source; English extraction aid	repo_paired_ko_en	primary_working_source_after_alignment	pending	SRC-000193/BLOCK-000614:lines=1-1958;SRC-000162/BLOCK-000612:lines=1-1809	Detected matched kor/eng source paths under selected roots; derived English baseline text is pending Korean-authority alignment.	S1-J006
KAE-BLOCK-000214	SRC-000189	Manuals/Altibase_trunk/kor/Performance Tuning Guide.md	SRC-000159	Manuals/Altibase_trunk/eng/Performance Tuning Guide.md			performance_tuning	8.1_verified	Korean authoritative; Altibase 8.1 verified source; English extraction aid	repo_paired_ko_en	primary_working_source_after_alignment	pending	SRC-000189/BLOCK-000816:lines=1-6377;SRC-000159/BLOCK-000815:lines=1-6126	Detected matched kor/eng source paths under selected roots; derived English baseline text is pending Korean-authority alignment.	S1-J006
KAE-BLOCK-000215					SRC-000426	ReleaseNotes/Altibase 8.1/README.md	release_notes_platform	8.1_verified	Altibase 8.1 verified source index	repo_no_language_tree	source_pack_only_not_korean_aligned	excluded	SRC-000426/BLOCK-000827:lines=1-16	Selected repository source has no kor/eng path segment; retained in the exact source pack and excluded from this Korean-English pairing inventory.	S1-J006
KAE-BLOCK-000216	SRC-000225	Manuals/Tools/Altibase_trunk/kor/Replication Manager User's Manual.md	SRC-000218	Manuals/Tools/Altibase_trunk/eng/Replication Manager User's Manual.md			replication_manager	8.1_verified	Korean authoritative; Altibase 8.1 verified source; English extraction aid	repo_paired_ko_en	primary_working_source_after_alignment	pending	SRC-000225/BLOCK-000835:lines=1-573;SRC-000218/BLOCK-000834:lines=1-575	Detected matched kor/eng source paths under selected roots; derived English baseline text is pending Korean-authority alignment.	S1-J006
KAE-BLOCK-000217	SRC-000192	Manuals/Altibase_trunk/kor/Replication Manual.md	SRC-000161	Manuals/Altibase_trunk/eng/Replication Manual.md			replication_manual	8.1_verified	Korean authoritative; Altibase 8.1 verified source; English extraction aid	repo_paired_ko_en	primary_working_source_after_alignment	pending	SRC-000192/BLOCK-000849:lines=1-6063;SRC-000161/BLOCK-000848:lines=1-5721	Detected matched kor/eng source paths under selected roots; derived English baseline text is pending Korean-authority alignment.	S1-J006
KAE-BLOCK-000218	SRC-000175	Manuals/Altibase_trunk/kor/Altibase SSL TLS User's Guide.md	SRC-000145	Manuals/Altibase_trunk/eng/Altibase SSL TLS User's Guide.md			security_ssl_tls	8.1_verified	Korean authoritative; Altibase 8.1 verified source; English extraction aid	repo_paired_ko_en	primary_working_source_after_alignment	pending	SRC-000175/BLOCK-000855:lines=1-1102;SRC-000145/BLOCK-000854:lines=1-947	Detected matched kor/eng source paths under selected roots; derived English baseline text is pending Korean-authority alignment.	S1-J006
KAE-BLOCK-000219	SRC-000191	Manuals/Altibase_trunk/kor/README.md					source_index	8.1_verified	Korean authoritative; Altibase 8.1 verified source	repo_ko_only	translation_candidate_after_alignment	pending	SRC-000191/BLOCK-000862:lines=1-82	No paired English source was selected; preserve Korean authority for later English baseline translation.	S1-J006
KAE-BLOCK-000220	SRC-000224	Manuals/Tools/Altibase_trunk/kor/README.md	SRC-000217	Manuals/Tools/Altibase_trunk/eng/README.md			source_index	8.1_verified	Korean authoritative; Altibase 8.1 verified source; English extraction aid	repo_paired_ko_en	primary_working_source_after_alignment	pending	SRC-000224/BLOCK-000864:lines=1-13;SRC-000217/BLOCK-000863:lines=1-13	Detected matched kor/eng source paths under selected roots; derived English baseline text is pending Korean-authority alignment.	S1-J006
KAE-BLOCK-000221	SRC-000195	Manuals/Altibase_trunk/kor/Spatial SQL Reference.md	SRC-000164	Manuals/Altibase_trunk/eng/Spatial SQL Reference.md			spatial_nifi_tableau	8.1_verified	Korean authoritative; Altibase 8.1 verified source; English extraction aid	repo_paired_ko_en	primary_working_source_after_alignment	pending	SRC-000195/BLOCK-000876:lines=1-7695;SRC-000164/BLOCK-000875:lines=1-7134	Detected matched kor/eng source paths under selected roots; derived English baseline text is pending Korean-authority alignment.	S1-J006
KAE-BLOCK-000222	SRC-000226	Manuals/Tools/Altibase_trunk/kor/altiShapeLoader User's Manual.md	SRC-000219	Manuals/Tools/Altibase_trunk/eng/altiShapeLoader User's Manual.md			spatial_nifi_tableau	8.1_verified	Korean authoritative; Altibase 8.1 verified source; English extraction aid	repo_paired_ko_en	primary_working_source_after_alignment	pending	SRC-000226/BLOCK-000878:lines=1-992;SRC-000219/BLOCK-000877:lines=1-957	Detected matched kor/eng source paths under selected roots; derived English baseline text is pending Korean-authority alignment.	S1-J006
KAE-BLOCK-000223	SRC-000194	Manuals/Altibase_trunk/kor/SQL Reference.md	SRC-000163	Manuals/Altibase_trunk/eng/SQL Reference.md			sql_reference	8.1_verified	Korean authoritative; Altibase 8.1 verified source; English extraction aid	repo_paired_ko_en	primary_working_source_after_alignment	pending	SRC-000194/BLOCK-000888:lines=1-27423;SRC-000163/BLOCK-000887:lines=1-23564	Detected matched kor/eng source paths under selected roots; derived English baseline text is pending Korean-authority alignment.	S1-J006
KAE-BLOCK-000224	SRC-000179	Manuals/Altibase_trunk/kor/External Procedures Manual.md	SRC-000149	Manuals/Altibase_trunk/eng/External Procedures Manual.md			stored_external_procedures	8.1_verified	Korean authoritative; Altibase 8.1 verified source; English extraction aid	repo_paired_ko_en	primary_working_source_after_alignment	pending	SRC-000179/BLOCK-000906:lines=1-1243;SRC-000149/BLOCK-000903:lines=1-1076	Detected matched kor/eng source paths under selected roots; derived English baseline text is pending Korean-authority alignment.	S1-J006
KAE-BLOCK-000225	SRC-000196	Manuals/Altibase_trunk/kor/Stored Procedures Manual.md	SRC-000165	Manuals/Altibase_trunk/eng/Stored Procedures Manual.md			stored_external_procedures	8.1_verified	Korean authoritative; Altibase 8.1 verified source; English extraction aid	repo_paired_ko_en	primary_working_source_after_alignment	pending	SRC-000196/BLOCK-000907:lines=1-17199;SRC-000165/BLOCK-000904:lines=1-15980	Detected matched kor/eng source paths under selected roots; derived English baseline text is pending Korean-authority alignment.	S1-J006
KAE-BLOCK-000226			SRC-000169	Manuals/Altibase_trunk/eng/media/StoredProcedure/StoredProcedure1_Eng.md			stored_external_procedures	8.1_verified	English extraction aid; Altibase 8.1 verified source	repo_en_only	blocked_until_korean_authority_or_auxiliary_label	excluded	SRC-000169/BLOCK-000905:lines=1-6006	No paired Korean authority source was selected; excluded from the Korean-aligned baseline until Korean authority or approved auxiliary use is recorded.	S1-J006
KAE-BLOCK-000227	SRC-000197	Manuals/Altibase_trunk/kor/Utilities Manual.md	SRC-000166	Manuals/Altibase_trunk/eng/Utilities Manual.md			utilities_datacompj	8.1_verified	Korean authoritative; Altibase 8.1 verified source; English extraction aid	repo_paired_ko_en	primary_working_source_after_alignment	pending	SRC-000197/BLOCK-000931:lines=1-4814;SRC-000166/BLOCK-000930:lines=1-4477	Detected matched kor/eng source paths under selected roots; derived English baseline text is pending Korean-authority alignment.	S1-J006
KAE-BLOCK-000228	SRC-000222	Manuals/Tools/Altibase_trunk/kor/Altibase Heartbeat User's Guide.md	SRC-000215	Manuals/Tools/Altibase_trunk/eng/Altibase Heartbeat User's Guide.md			utilities_datacompj	8.1_verified	Korean authoritative; Altibase 8.1 verified source; English extraction aid	repo_paired_ko_en	primary_working_source_after_alignment	pending	SRC-000222/BLOCK-000934:lines=1-850;SRC-000215/BLOCK-000932:lines=1-694	Detected matched kor/eng source paths under selected roots; derived English baseline text is pending Korean-authority alignment.	S1-J006
KAE-BLOCK-000229	SRC-000227	Manuals/Tools/Altibase_trunk/kor/dataCompJ User's Manual.md	SRC-000220	Manuals/Tools/Altibase_trunk/eng/dataCompJ User's Manual.md			utilities_datacompj	8.1_verified	Korean authoritative; Altibase 8.1 verified source; English extraction aid	repo_paired_ko_en	primary_working_source_after_alignment	pending	SRC-000227/BLOCK-000935:lines=1-1174;SRC-000220/BLOCK-000933:lines=1-1165	Detected matched kor/eng source paths under selected roots; derived English baseline text is pending Korean-authority alignment.	S1-J006
KAE-BLOCK-000230	SRC-000207	Manuals/Tools/Altibase_release/kor/Altibase 3rd Party Connector Guide.md	SRC-000200	Manuals/Tools/Altibase_release/eng/Altibase 3rd Party Connector Guide.md			dblink_hadoop_external_connectors	multi	Korean authoritative; English extraction aid	repo_paired_ko_en	primary_working_source_after_alignment	pending	SRC-000207/BLOCK-000507:lines=1-1072;SRC-000200/BLOCK-000506:lines=1-921	Detected matched kor/eng source paths under selected roots; derived English baseline text is pending Korean-authority alignment.	S1-J006
KAE-BLOCK-000231	SRC-000473	Technical Documents/kor/JavaCompatibility.md					jdbc_java	multi	Korean authoritative	repo_ko_only	translation_candidate_after_alignment	pending	SRC-000473/BLOCK-000562:lines=1-130	No paired English source was selected; preserve Korean authority for later English baseline translation.	S1-J006
KAE-BLOCK-000232	SRC-000209	Manuals/Tools/Altibase_release/kor/Migration Center User's Manual.md	SRC-000202	Manuals/Tools/Altibase_release/eng/Migration Center User's Manual.md			migration_oracle	multi	Korean authoritative; English extraction aid	repo_paired_ko_en	primary_working_source_after_alignment	pending	SRC-000209/BLOCK-000602:lines=1-8363;SRC-000202/BLOCK-000601:lines=1-8343	Detected matched kor/eng source paths under selected roots; derived English baseline text is pending Korean-authority alignment.	S1-J006
KAE-BLOCK-000233	SRC-000467	ReleaseNotes/kor/Altibase_ShardManager_v.3.2_Release_Notes.md	SRC-000447	ReleaseNotes/eng/Altibase_ShardManager_v.3.2_Release_Notes.md			release_notes_platform	multi	Korean authoritative; English extraction aid	repo_paired_ko_en	primary_working_source_after_alignment	pending	SRC-000467/BLOCK-000831:lines=1-120;SRC-000447/BLOCK-000830:lines=1-119	Detected matched kor/eng source paths under selected roots; derived English baseline text is pending Korean-authority alignment.	S1-J006
KAE-BLOCK-000234	SRC-000468	ReleaseNotes/kor/Altibase_Sharding3_3_2_0_0_1_Release_Notes.md					release_notes_platform	multi	Korean authoritative	repo_ko_only	translation_candidate_after_alignment	pending	SRC-000468/BLOCK-000832:lines=1-137	No paired English source was selected; preserve Korean authority for later English baseline translation.	S1-J006
KAE-BLOCK-000235	SRC-000469	ReleaseNotes/kor/Altibase_Windows2026_2_6_0_0_1_Release_Notes.md					release_notes_platform	multi	Korean authoritative	repo_ko_only	translation_candidate_after_alignment	pending	SRC-000469/BLOCK-000833:lines=1-119	No paired English source was selected; preserve Korean authority for later English baseline translation.	S1-J006
KAE-BLOCK-000236	SRC-000211	Manuals/Tools/Altibase_release/kor/Replication Manager User's Manual.md	SRC-000204	Manuals/Tools/Altibase_release/eng/Replication Manager User's Manual.md			replication_manager	multi	Korean authoritative; English extraction aid	repo_paired_ko_en	primary_working_source_after_alignment	pending	SRC-000211/BLOCK-000843:lines=1-613;SRC-000204/BLOCK-000842:lines=1-569	Detected matched kor/eng source paths under selected roots; derived English baseline text is pending Korean-authority alignment.	S1-J006
KAE-BLOCK-000237	SRC-000210	Manuals/Tools/Altibase_release/kor/README.md	SRC-000203	Manuals/Tools/Altibase_release/eng/README.md			source_index	multi	Korean authoritative; English extraction aid	repo_paired_ko_en	primary_working_source_after_alignment	pending	SRC-000210/BLOCK-000866:lines=1-13;SRC-000203/BLOCK-000865:lines=1-14	Detected matched kor/eng source paths under selected roots; derived English baseline text is pending Korean-authority alignment.	S1-J006
KAE-BLOCK-000238	SRC-000212	Manuals/Tools/Altibase_release/kor/altiShapeLoader User's Manual.md	SRC-000205	Manuals/Tools/Altibase_release/eng/altiShapeLoader User's Manual.md			spatial_nifi_tableau	multi	Korean authoritative; English extraction aid	repo_paired_ko_en	primary_working_source_after_alignment	pending	SRC-000212/BLOCK-000880:lines=1-994;SRC-000205/BLOCK-000879:lines=1-958	Detected matched kor/eng source paths under selected roots; derived English baseline text is pending Korean-authority alignment.	S1-J006
KAE-BLOCK-000239	SRC-000470	ReleaseNotes/kor/Altibase_altiShapeLoader_1_0_Release_Notes.md	SRC-000448	ReleaseNotes/eng/Altibase_altiShapeLoader_1_0_Release_Notes.md			spatial_nifi_tableau	multi	Korean authoritative; English extraction aid	repo_paired_ko_en	primary_working_source_after_alignment	pending	SRC-000470/BLOCK-000882:lines=1-210;SRC-000448/BLOCK-000881:lines=1-193	Detected matched kor/eng source paths under selected roots; derived English baseline text is pending Korean-authority alignment.	S1-J006
KAE-BLOCK-000240	SRC-000476	Technical Documents/kor/Supported Platforms.md	SRC-000472	Technical Documents/eng/Supported Platforms.md			technical_documents_support	multi	Korean authoritative; English extraction aid	repo_paired_ko_en	primary_working_source_after_alignment	pending	SRC-000476/BLOCK-000911:lines=1-235;SRC-000472/BLOCK-000908:lines=1-233	Detected matched kor/eng source paths under selected roots; derived English baseline text is pending Korean-authority alignment.	S1-J006
KAE-BLOCK-000241	SRC-000474	Technical Documents/kor/Replication network check.md					technical_documents_support	multi	Korean authoritative	repo_ko_only	translation_candidate_after_alignment	pending	SRC-000474/BLOCK-000909:lines=1-43	No paired English source was selected; preserve Korean authority for later English baseline translation.	S1-J006
KAE-BLOCK-000242	SRC-000475	Technical Documents/kor/ReplicationCompatibility.md					technical_documents_support	multi	Korean authoritative	repo_ko_only	translation_candidate_after_alignment	pending	SRC-000475/BLOCK-000910:lines=1-141	No paired English source was selected; preserve Korean authority for later English baseline translation.	S1-J006
KAE-BLOCK-000243					SRC-000001	3rd Party Guide for Altibase/README.md	third_party_guides	multi	Repository source evidence	repo_no_language_tree	source_pack_only_not_korean_aligned	excluded	SRC-000001/BLOCK-000912:lines=1-31	Selected repository source has no kor/eng path segment; retained in the exact source pack and excluded from this Korean-English pairing inventory.	S1-J006
KAE-BLOCK-000244	SRC-000008	3rd Party Guide for Altibase/kor/Altibase aku Sample Guide for Kubernetes.md	SRC-000002	3rd Party Guide for Altibase/eng/Altibase aku Sample Guide for Kubernetes.md			third_party_guides	multi	Korean authoritative; English extraction aid	repo_paired_ko_en	primary_working_source_after_alignment	pending	SRC-000008/BLOCK-000919:lines=1-580;SRC-000002/BLOCK-000913:lines=1-584	Detected matched kor/eng source paths under selected roots; derived English baseline text is pending Korean-authority alignment.	S1-J006
KAE-BLOCK-000245	SRC-000009	3rd Party Guide for Altibase/kor/Kubernetes User's Guide for Altibase.md	SRC-000003	3rd Party Guide for Altibase/eng/Kubernetes User's Guide for Altibase.md			third_party_guides	multi	Korean authoritative; English extraction aid	repo_paired_ko_en	primary_working_source_after_alignment	pending	SRC-000009/BLOCK-000920:lines=1-555;SRC-000003/BLOCK-000914:lines=1-545	Detected matched kor/eng source paths under selected roots; derived English baseline text is pending Korean-authority alignment.	S1-J006
KAE-BLOCK-000246	SRC-000010	3rd Party Guide for Altibase/kor/NiFi User's Guide for Altibase.md	SRC-000004	3rd Party Guide for Altibase/eng/NiFi User's Guide for Altibase.md			third_party_guides	multi	Korean authoritative; English extraction aid	repo_paired_ko_en	primary_working_source_after_alignment	pending	SRC-000010/BLOCK-000921:lines=1-203;SRC-000004/BLOCK-000915:lines=1-187	Detected matched kor/eng source paths under selected roots; derived English baseline text is pending Korean-authority alignment.	S1-J006
KAE-BLOCK-000247	SRC-000012	3rd Party Guide for Altibase/kor/Spring Data JPA User's Guide for Altibase.md	SRC-000005	3rd Party Guide for Altibase/eng/Spring Data JPA User's Guide for Altibase.md			third_party_guides	multi	Korean authoritative; English extraction aid	repo_paired_ko_en	primary_working_source_after_alignment	pending	SRC-000012/BLOCK-000923:lines=1-271;SRC-000005/BLOCK-000916:lines=1-276	Detected matched kor/eng source paths under selected roots; derived English baseline text is pending Korean-authority alignment.	S1-J006
KAE-BLOCK-000248	SRC-000013	3rd Party Guide for Altibase/kor/Spring Data JPA with Hibernate 6.4 User's Guide for Altibase.md	SRC-000006	3rd Party Guide for Altibase/eng/Spring Data JPA With Hibernate 6.4 User's Guide for Altibase.md			third_party_guides	multi	Korean authoritative; English extraction aid	repo_paired_ko_en	primary_working_source_after_alignment	pending	SRC-000013/BLOCK-000924:lines=1-236;SRC-000006/BLOCK-000917:lines=1-235	Detected matched kor/eng source paths under selected roots; derived English baseline text is pending Korean-authority alignment.	S1-J006
KAE-BLOCK-000249	SRC-000014	3rd Party Guide for Altibase/kor/Tableau User's Guide for Altibase/Tableau User's Guide for Altibase.md	SRC-000007	3rd Party Guide for Altibase/eng/Tableau User's Guide for Altibase/Tableau User's Guide for Altibase.md			third_party_guides	multi	Korean authoritative; English extraction aid	repo_paired_ko_en	primary_working_source_after_alignment	pending	SRC-000014/BLOCK-000925:lines=1-95;SRC-000007/BLOCK-000918:lines=1-86	Detected matched kor/eng source paths under selected roots; derived English baseline text is pending Korean-authority alignment.	S1-J006
KAE-BLOCK-000250	SRC-000011	3rd Party Guide for Altibase/kor/README.md					third_party_guides	multi	Korean authoritative	repo_ko_only	translation_candidate_after_alignment	pending	SRC-000011/BLOCK-000922:lines=1-15	No paired English source was selected; preserve Korean authority for later English baseline translation.	S1-J006
KAE-BLOCK-000251	SRC-000208	Manuals/Tools/Altibase_release/kor/Altibase Heartbeat User's Guide.md	SRC-000201	Manuals/Tools/Altibase_release/eng/Altibase Heartbeat User's Guide.md			utilities_datacompj	multi	Korean authoritative; English extraction aid	repo_paired_ko_en	primary_working_source_after_alignment	pending	SRC-000208/BLOCK-000940:lines=1-846;SRC-000201/BLOCK-000938:lines=1-692	Detected matched kor/eng source paths under selected roots; derived English baseline text is pending Korean-authority alignment.	S1-J006
KAE-BLOCK-000252	SRC-000213	Manuals/Tools/Altibase_release/kor/dataCompJ User's Manual.md	SRC-000206	Manuals/Tools/Altibase_release/eng/dataCompJ User's Manual.md			utilities_datacompj	multi	Korean authoritative; English extraction aid	repo_paired_ko_en	primary_working_source_after_alignment	pending	SRC-000213/BLOCK-000941:lines=1-1171;SRC-000206/BLOCK-000939:lines=1-1163	Detected matched kor/eng source paths under selected roots; derived English baseline text is pending Korean-authority alignment.	S1-J006
KAE-BLOCK-000253	SRC-000452	ReleaseNotes/kor/Altibase_8_1_0_0_1_Release_Notes.md	SRC-000429	ReleaseNotes/eng/Altibase_8_1_0_0_1_Release_Notes.md			release_notes_platform	8.1.0.0.1	Korean authoritative; Altibase 8.1 verified source; English extraction aid	repo_paired_ko_en	primary_working_source_after_alignment	pending	SRC-000452/BLOCK-000826:lines=1-378;SRC-000429/BLOCK-000825:lines=1-398	Detected matched kor/eng source paths under selected roots; derived English baseline text is pending Korean-authority alignment.	S1-J006
KAE-BLOCK-000254	SRC-000453	ReleaseNotes/kor/Altibase_Migration_Center_7_10_Release_Notes.md	SRC-000430	ReleaseNotes/eng/Altibase_Migration_Center_7_10_Release_Notes.md			migration_oracle	Migration Center 7.10	Korean authoritative; English extraction aid	repo_paired_ko_en	primary_working_source_after_alignment	pending	SRC-000453/BLOCK-000578:lines=1-157;SRC-000430/BLOCK-000577:lines=1-155	Detected matched kor/eng source paths under selected roots; derived English baseline text is pending Korean-authority alignment.	S1-J006
KAE-BLOCK-000255	SRC-000454	ReleaseNotes/kor/Altibase_Migration_Center_7_11_Release_Notes.md	SRC-000431	ReleaseNotes/eng/Altibase_Migration_Center_7_11_Release_Notes.md			migration_oracle	Migration Center 7.11	Korean authoritative; English extraction aid	repo_paired_ko_en	primary_working_source_after_alignment	pending	SRC-000454/BLOCK-000580:lines=1-161;SRC-000431/BLOCK-000579:lines=1-159	Detected matched kor/eng source paths under selected roots; derived English baseline text is pending Korean-authority alignment.	S1-J006
KAE-BLOCK-000256	SRC-000455	ReleaseNotes/kor/Altibase_Migration_Center_7_12_Release_Notes.md	SRC-000432	ReleaseNotes/eng/Altibase_Migration_Center_7_12_Release_Notes.md			migration_oracle	Migration Center 7.12	Korean authoritative; English extraction aid	repo_paired_ko_en	primary_working_source_after_alignment	pending	SRC-000455/BLOCK-000582:lines=1-246;SRC-000432/BLOCK-000581:lines=1-243	Detected matched kor/eng source paths under selected roots; derived English baseline text is pending Korean-authority alignment.	S1-J006
KAE-BLOCK-000257	SRC-000456	ReleaseNotes/kor/Altibase_Migration_Center_7_13_Release_Notes.md	SRC-000433	ReleaseNotes/eng/Altibase_Migration_Center_7_13_Release_Notes.md			migration_oracle	Migration Center 7.13	Korean authoritative; English extraction aid	repo_paired_ko_en	primary_working_source_after_alignment	pending	SRC-000456/BLOCK-000584:lines=1-256;SRC-000433/BLOCK-000583:lines=1-249	Detected matched kor/eng source paths under selected roots; derived English baseline text is pending Korean-authority alignment.	S1-J006
KAE-BLOCK-000258	SRC-000457	ReleaseNotes/kor/Altibase_Migration_Center_7_14_Release_Notes.md	SRC-000434	ReleaseNotes/eng/Altibase_Migration_Center_7_14_Release_Notes.md			migration_oracle	Migration Center 7.14	Korean authoritative; English extraction aid	repo_paired_ko_en	primary_working_source_after_alignment	pending	SRC-000457/BLOCK-000586:lines=1-267;SRC-000434/BLOCK-000585:lines=1-264	Detected matched kor/eng source paths under selected roots; derived English baseline text is pending Korean-authority alignment.	S1-J006
KAE-BLOCK-000259	SRC-000458	ReleaseNotes/kor/Altibase_Migration_Center_7_15_Release_Notes.md	SRC-000435	ReleaseNotes/eng/Altibase_Migration_Center_7_15_Release_Notes.md			migration_oracle	Migration Center 7.15	Korean authoritative; English extraction aid	repo_paired_ko_en	primary_working_source_after_alignment	pending	SRC-000458/BLOCK-000588:lines=1-277;SRC-000435/BLOCK-000587:lines=1-265	Detected matched kor/eng source paths under selected roots; derived English baseline text is pending Korean-authority alignment.	S1-J006
KAE-BLOCK-000260	SRC-000459	ReleaseNotes/kor/Altibase_Migration_Center_7_16_Release_Notes.md	SRC-000436	ReleaseNotes/eng/Altibase_Migration_Center_7_16_Release_Notes.md			migration_oracle	Migration Center 7.16	Korean authoritative; English extraction aid	repo_paired_ko_en	primary_working_source_after_alignment	pending	SRC-000459/BLOCK-000590:lines=1-279;SRC-000436/BLOCK-000589:lines=1-267	Detected matched kor/eng source paths under selected roots; derived English baseline text is pending Korean-authority alignment.	S1-J006
KAE-BLOCK-000261	SRC-000460	ReleaseNotes/kor/Altibase_Migration_Center_7_17_Release_Notes.md	SRC-000437	ReleaseNotes/eng/Altibase_Migration_Center_7_17_Release_Notes.md			migration_oracle	Migration Center 7.17	Korean authoritative; English extraction aid	repo_paired_ko_en	primary_working_source_after_alignment	pending	SRC-000460/BLOCK-000592:lines=1-243;SRC-000437/BLOCK-000591:lines=1-230	Detected matched kor/eng source paths under selected roots; derived English baseline text is pending Korean-authority alignment.	S1-J006
KAE-BLOCK-000262	SRC-000461	ReleaseNotes/kor/Altibase_Migration_Center_7_18_Release_Notes.md	SRC-000438	ReleaseNotes/eng/Altibase_Migration_Center_7_18_Release_Notes.md			migration_oracle	Migration Center 7.18	Korean authoritative; English extraction aid	repo_paired_ko_en	primary_working_source_after_alignment	pending	SRC-000461/BLOCK-000594:lines=1-244;SRC-000438/BLOCK-000593:lines=1-230	Detected matched kor/eng source paths under selected roots; derived English baseline text is pending Korean-authority alignment.	S1-J006
KAE-BLOCK-000263	SRC-000462	ReleaseNotes/kor/Altibase_Migration_Center_7_19_Release_Notes.md	SRC-000439	ReleaseNotes/eng/Altibase_Migration_Center_7_19_Release_Notes.md			migration_oracle	Migration Center 7.19	Korean authoritative; English extraction aid	repo_paired_ko_en	primary_working_source_after_alignment	pending	SRC-000462/BLOCK-000596:lines=1-250;SRC-000439/BLOCK-000595:lines=1-236	Detected matched kor/eng source paths under selected roots; derived English baseline text is pending Korean-authority alignment.	S1-J006
KAE-BLOCK-000264			SRC-000440	ReleaseNotes/eng/Altibase_Migration_Center_7_7_Release_Notes.md			migration_oracle	Migration Center 7.7	English extraction aid	repo_en_only	blocked_until_korean_authority_or_auxiliary_label	excluded	SRC-000440/BLOCK-000597:lines=1-184	No paired Korean authority source was selected; excluded from the Korean-aligned baseline until Korean authority or approved auxiliary use is recorded.	S1-J006
KAE-BLOCK-000265			SRC-000441	ReleaseNotes/eng/Altibase_Migration_Center_7_8_Release_Notes.md			migration_oracle	Migration Center 7.8	English extraction aid	repo_en_only	blocked_until_korean_authority_or_auxiliary_label	excluded	SRC-000441/BLOCK-000598:lines=1-178	No paired Korean authority source was selected; excluded from the Korean-aligned baseline until Korean authority or approved auxiliary use is recorded.	S1-J006
KAE-BLOCK-000266	SRC-000463	ReleaseNotes/kor/Altibase_Migration_Center_7_9_Release_Notes.md	SRC-000442	ReleaseNotes/eng/Altibase_Migration_Center_7_9_Release_Notes.md			migration_oracle	Migration Center 7.9	Korean authoritative; English extraction aid	repo_paired_ko_en	primary_working_source_after_alignment	pending	SRC-000463/BLOCK-000600:lines=1-161;SRC-000442/BLOCK-000599:lines=1-165	Detected matched kor/eng source paths under selected roots; derived English baseline text is pending Korean-authority alignment.	S1-J006
KAE-BLOCK-000267	SRC-000464	ReleaseNotes/kor/Altibase_Replication_Manager_1_2_Release_Notes.md	SRC-000443	ReleaseNotes/eng/Altibase_Replication_Manager_1_2_Release_Notes.md			replication_manager	Replication Manager 1.2	Korean authoritative; English extraction aid	repo_paired_ko_en	primary_working_source_after_alignment	pending	SRC-000464/BLOCK-000837:lines=1-111;SRC-000443/BLOCK-000836:lines=1-112	Detected matched kor/eng source paths under selected roots; derived English baseline text is pending Korean-authority alignment.	S1-J006
KAE-BLOCK-000268	SRC-000465	ReleaseNotes/kor/Altibase_Replication_Manager_1_3_Release_Notes.md	SRC-000444	ReleaseNotes/eng/Altibase_Replication_Manager_1_3_Release_Notes.md			replication_manager	Replication Manager 1.3	Korean authoritative; English extraction aid	repo_paired_ko_en	primary_working_source_after_alignment	pending	SRC-000465/BLOCK-000839:lines=1-236;SRC-000444/BLOCK-000838:lines=1-227	Detected matched kor/eng source paths under selected roots; derived English baseline text is pending Korean-authority alignment.	S1-J006
KAE-BLOCK-000269	SRC-000466	ReleaseNotes/kor/Altibase_Replication_Manager_1_4_Release_Notes.md	SRC-000445	ReleaseNotes/eng/Altibase_Replication_Manager_1_4_Release_Notes.md			replication_manager	Replication Manager 1.4	Korean authoritative; English extraction aid	repo_paired_ko_en	primary_working_source_after_alignment	pending	SRC-000466/BLOCK-000841:lines=1-219;SRC-000445/BLOCK-000840:lines=1-221	Detected matched kor/eng source paths under selected roots; derived English baseline text is pending Korean-authority alignment.	S1-J006
KAE-BLOCK-000270			SRC-000446	ReleaseNotes/eng/Altibase_ShardManager_7_2_Release_Notes_v1.0.md			release_notes_platform	ShardManager 7.2	English extraction aid	repo_en_only	blocked_until_korean_authority_or_auxiliary_label	excluded	SRC-000446/BLOCK-000828:lines=1-123	No paired Korean authority source was selected; excluded from the Korean-aligned baseline until Korean authority or approved auxiliary use is recorded.	S1-J006
KAE-BLOCK-000271	SRC-000471	ReleaseNotes/kor/Altibase_dataCompJ_7_2_Release_Notes.md	SRC-000449	ReleaseNotes/eng/Altibase_dataCompJ_7_2_Release_Notes.md			utilities_datacompj	dataCompJ 7.2	Korean authoritative; English extraction aid	repo_paired_ko_en	primary_working_source_after_alignment	pending	SRC-000471/BLOCK-000937:lines=1-213;SRC-000449/BLOCK-000936:lines=1-209	Detected matched kor/eng source paths under selected roots; derived English baseline text is pending Korean-authority alignment.	S1-J006
KAE-BLOCK-000272	SRC-000049;SRC-000056;SRC-000058;SRC-000060;SRC-000070;SRC-000051;SRC-000072;SRC-000113;SRC-000120;SRC-000122;SRC-000124;SRC-000132;SRC-000115;SRC-000134;SRC-000173;SRC-000180;SRC-000182;SRC-000184;SRC-000192;SRC-000175;SRC-000194	Manuals/Altibase_7.1/kor/Administrator's Manual.md;Manuals/Altibase_7.1/kor/General Reference-1.Data Types & Altibase Properties.md;Manuals/Altibase_7.1/kor/Getting Started Guide.md;Manuals/Altibase_7.1/kor/Installation Guide.md;Manuals/Altibase_7.1/kor/Replication Manual.md;Manuals/Altibase_7.1/kor/Altibase SSL TLS User's Guide.md;Manuals/Altibase_7.1/kor/SQL Reference.md;Manuals/Altibase_7.3/kor/Administrator's Manual.md;Manuals/Altibase_7.3/kor/General_Reference-1.Data Types & Altibase Properties.md;Manuals/Altibase_7.3/kor/Getting Started Guide.md;Manuals/Altibase_7.3/kor/Installation Guide.md;Manuals/Altibase_7.3/kor/Replication Manual.md;Manuals/Altibase_7.3/kor/Altibase SSL TLS User's Guide.md;Manuals/Altibase_7.3/kor/SQL Reference.md;Manuals/Altibase_trunk/kor/Administrator's Manual.md;Manuals/Altibase_trunk/kor/General_Reference-1.Data Types & Altibase Properties.md;Manuals/Altibase_trunk/kor/Getting Started Guide.md;Manuals/Altibase_trunk/kor/Installation Guide.md;Manuals/Altibase_trunk/kor/Replication Manual.md;Manuals/Altibase_trunk/kor/Altibase SSL TLS User's Guide.md;Manuals/Altibase_trunk/kor/SQL Reference.md	SRC-000018;SRC-000025;SRC-000027;SRC-000029;SRC-000038;SRC-000020;SRC-000040;SRC-000082;SRC-000089;SRC-000091;SRC-000093;SRC-000101;SRC-000084;SRC-000103;SRC-000143;SRC-000150;SRC-000152;SRC-000154;SRC-000161;SRC-000145;SRC-000163	Manuals/Altibase_7.1/eng/Administrator's Manual.md;Manuals/Altibase_7.1/eng/General Reference-1.Data Types & Altibase Properties.md;Manuals/Altibase_7.1/eng/Getting Started Guide.md;Manuals/Altibase_7.1/eng/Installation Guide.md;Manuals/Altibase_7.1/eng/Replication Manual.md;Manuals/Altibase_7.1/eng/Altibase SSL TLS User's Guide.md;Manuals/Altibase_7.1/eng/SQL Reference.md;Manuals/Altibase_7.3/eng/Administrator’s Manual.md;Manuals/Altibase_7.3/eng/General Reference-1.Data Types & Altibase Properties.md;Manuals/Altibase_7.3/eng/Getting Started Guide.md;Manuals/Altibase_7.3/eng/Installation Guide.md;Manuals/Altibase_7.3/eng/Replication Manual.md;Manuals/Altibase_7.3/eng/Altibase SSL TLS User's Guide.md;Manuals/Altibase_7.3/eng/SQL Reference.md;Manuals/Altibase_trunk/eng/Administrator’s Manual.md;Manuals/Altibase_trunk/eng/General Reference-1.Data Types & Altibase Properties.md;Manuals/Altibase_trunk/eng/Getting Started Guide.md;Manuals/Altibase_trunk/eng/Installation Guide.md;Manuals/Altibase_trunk/eng/Replication Manual.md;Manuals/Altibase_trunk/eng/Altibase SSL TLS User's Guide.md;Manuals/Altibase_trunk/eng/SQL Reference.md			administrator_operations;general_reference_1_datatypes_properties;getting_started_installation;replication_manual;security_ssl_tls;sql_reference	7.1;7.3;8.1_verified	Korean authoritative; English extraction aid; Altibase 8.1 verified source	hybrid	primary_working_source_after_alignment	aligned	SRC-000049/BLOCK-000002:lines=1-10426;SRC-000018/BLOCK-000001:lines=1-10503;SRC-000056/BLOCK-000515:lines=1-15737;SRC-000025/BLOCK-000514:lines=1-15313;SRC-000058/BLOCK-000528:lines=1-2241;SRC-000027/BLOCK-000526:lines=1-2284;SRC-000060/BLOCK-000529:lines=1-1797;SRC-000029/BLOCK-000527:lines=1-1766;SRC-000070/BLOCK-000845:lines=1-5924;SRC-000038/BLOCK-000844:lines=1-5659;SRC-000051/BLOCK-000851:lines=1-1095;SRC-000020/BLOCK-000850:lines=1-921;SRC-000072/BLOCK-000884:lines=1-26565;SRC-000040/BLOCK-000883:lines=1-23580;SRC-000113/BLOCK-000004:lines=1-10416;SRC-000082/BLOCK-000003:lines=1-10508;SRC-000120/BLOCK-000517:lines=1-16290;SRC-000089/BLOCK-000516:lines=1-15435;SRC-000122/BLOCK-000532:lines=1-2247;SRC-000091/BLOCK-000530:lines=1-2285;SRC-000124/BLOCK-000533:lines=1-1734;SRC-000093/BLOCK-000531:lines=1-1708;SRC-000132/BLOCK-000847:lines=1-6054;SRC-000101/BLOCK-000846:lines=1-5732;SRC-000115/BLOCK-000853:lines=1-1099;SRC-000084/BLOCK-000852:lines=1-957;SRC-000134/BLOCK-000886:lines=1-26707;SRC-000103/BLOCK-000885:lines=1-23437;SRC-000173/BLOCK-000006:lines=1-10518;SRC-000143/BLOCK-000005:lines=1-10623;SRC-000180/BLOCK-000519:lines=1-16623;SRC-000150/BLOCK-000518:lines=1-15462;SRC-000182/BLOCK-000536:lines=1-2244;SRC-000152/BLOCK-000534:lines=1-2286;SRC-000184/BLOCK-000537:lines=1-1730;SRC-000154/BLOCK-000535:lines=1-1703;SRC-000192/BLOCK-000849:lines=1-6063;SRC-000161/BLOCK-000848:lines=1-5721;SRC-000175/BLOCK-000855:lines=1-1102;SRC-000145/BLOCK-000854:lines=1-947;SRC-000194/BLOCK-000888:lines=1-27423;SRC-000163/BLOCK-000887:lines=1-23564	S1-J007 generated GPTs/korean_aligned_english/admin_operations_baseline.md for the admin operations batch. Use only with protected-operation guardrails and the not-ready gaps recorded in CONF-000003 and CONF-000004.	S1-J007
KAE-BLOCK-000273	SRC-000049;SRC-000054;SRC-000056;SRC-000057;SRC-000070;SRC-000072;SRC-000113;SRC-000118;SRC-000120;SRC-000121;SRC-000132;SRC-000134;SRC-000173;SRC-000178;SRC-000180;SRC-000181;SRC-000192;SRC-000194	Manuals/Altibase_7.1/kor/Administrator's Manual.md;Manuals/Altibase_7.1/kor/Error Message Reference.md;Manuals/Altibase_7.1/kor/General Reference-1.Data Types & Altibase Properties.md;Manuals/Altibase_7.1/kor/General Reference-2.The Data Dictionary.md;Manuals/Altibase_7.1/kor/Replication Manual.md;Manuals/Altibase_7.1/kor/SQL Reference.md;Manuals/Altibase_7.3/kor/Administrator's Manual.md;Manuals/Altibase_7.3/kor/Error Message Reference.md;Manuals/Altibase_7.3/kor/General_Reference-1.Data Types & Altibase Properties.md;Manuals/Altibase_7.3/kor/General_Reference-2.The Data Dictionary.md;Manuals/Altibase_7.3/kor/Replication Manual.md;Manuals/Altibase_7.3/kor/SQL Reference.md;Manuals/Altibase_trunk/kor/Administrator's Manual.md;Manuals/Altibase_trunk/kor/Error Message Reference.md;Manuals/Altibase_trunk/kor/General_Reference-1.Data Types & Altibase Properties.md;Manuals/Altibase_trunk/kor/General_Reference-2.The Data Dictionary.md;Manuals/Altibase_trunk/kor/Replication Manual.md;Manuals/Altibase_trunk/kor/SQL Reference.md	SRC-000018;SRC-000023;SRC-000025;SRC-000026;SRC-000038;SRC-000040;SRC-000082;SRC-000087;SRC-000089;SRC-000090;SRC-000101;SRC-000103;SRC-000143;SRC-000148;SRC-000150;SRC-000151;SRC-000161;SRC-000163	Manuals/Altibase_7.1/eng/Administrator's Manual.md;Manuals/Altibase_7.1/eng/Error Message Reference.md;Manuals/Altibase_7.1/eng/General Reference-1.Data Types & Altibase Properties.md;Manuals/Altibase_7.1/eng/General Reference-2.The Data Dictionary.md;Manuals/Altibase_7.1/eng/Replication Manual.md;Manuals/Altibase_7.1/eng/SQL Reference.md;Manuals/Altibase_7.3/eng/Administrator’s Manual.md;Manuals/Altibase_7.3/eng/Error Message Reference.md;Manuals/Altibase_7.3/eng/General Reference-1.Data Types & Altibase Properties.md;Manuals/Altibase_7.3/eng/General Reference-2.The Data Dictionary.md;Manuals/Altibase_7.3/eng/Replication Manual.md;Manuals/Altibase_7.3/eng/SQL Reference.md;Manuals/Altibase_trunk/eng/Administrator’s Manual.md;Manuals/Altibase_trunk/eng/Error Message Reference.md;Manuals/Altibase_trunk/eng/General Reference-1.Data Types & Altibase Properties.md;Manuals/Altibase_trunk/eng/General Reference-2.The Data Dictionary.md;Manuals/Altibase_trunk/eng/Replication Manual.md;Manuals/Altibase_trunk/eng/SQL Reference.md			administrator_operations;error_message_reference;general_reference_1_datatypes_properties;general_reference_2_dictionary_views;replication_manual;sql_reference	7.1;7.3;8.1_verified	Korean authoritative; English extraction aid; Altibase 8.1 verified source	hybrid	primary_working_source_after_alignment	aligned	SRC-000049/BLOCK-000002:lines=1-10426;SRC-000018/BLOCK-000001:lines=1-10503;SRC-000054/BLOCK-000509:lines=1-21375;SRC-000023/BLOCK-000508:lines=1-21071;SRC-000056/BLOCK-000515:lines=1-15737;SRC-000025/BLOCK-000514:lines=1-15313;SRC-000057/BLOCK-000521:lines=1-12955;SRC-000026/BLOCK-000520:lines=1-12309;SRC-000070/BLOCK-000845:lines=1-5924;SRC-000038/BLOCK-000844:lines=1-5659;SRC-000072/BLOCK-000884:lines=1-26565;SRC-000040/BLOCK-000883:lines=1-23580;SRC-000113/BLOCK-000004:lines=1-10416;SRC-000082/BLOCK-000003:lines=1-10508;SRC-000118/BLOCK-000511:lines=1-22235;SRC-000087/BLOCK-000510:lines=1-18190;SRC-000120/BLOCK-000517:lines=1-16290;SRC-000089/BLOCK-000516:lines=1-15435;SRC-000121/BLOCK-000523:lines=1-12908;SRC-000090/BLOCK-000522:lines=1-12295;SRC-000132/BLOCK-000847:lines=1-6054;SRC-000101/BLOCK-000846:lines=1-5732;SRC-000134/BLOCK-000886:lines=1-26707;SRC-000103/BLOCK-000885:lines=1-23437;SRC-000173/BLOCK-000006:lines=1-10518;SRC-000143/BLOCK-000005:lines=1-10623;SRC-000178/BLOCK-000513:lines=1-22336;SRC-000148/BLOCK-000512:lines=1-23088;SRC-000180/BLOCK-000519:lines=1-16623;SRC-000150/BLOCK-000518:lines=1-15462;SRC-000181/BLOCK-000525:lines=1-12957;SRC-000151/BLOCK-000524:lines=1-12310;SRC-000192/BLOCK-000849:lines=1-6063;SRC-000161/BLOCK-000848:lines=1-5721;SRC-000194/BLOCK-000888:lines=1-27423;SRC-000163/BLOCK-000887:lines=1-23564	S1-J008 generated GPTs/korean_aligned_english/sql_reference_baseline.md for the SQL reference baseline batch. Use with the source-backed version boundaries and not-ready gaps recorded in CONF-000005; exact SQL grammar, property defaults and ranges, view columns, and exact-code cause/action still require source recheck.	S1-J008
KAE-BLOCK-000274	SRC-000046;SRC-000050;SRC-000052;SRC-000065;SRC-000068;SRC-000053;SRC-000059;SRC-000077;SRC-000078;SRC-000047;SRC-000061;SRC-000048;SRC-000074;SRC-000076;SRC-000450;SRC-000110;SRC-000114;SRC-000116;SRC-000128;SRC-000130;SRC-000117;SRC-000123;SRC-000138;SRC-000139;SRC-000111;SRC-000125;SRC-000112;SRC-000135;SRC-000137;SRC-000451;SRC-000170;SRC-000174;SRC-000176;SRC-000188;SRC-000190;SRC-000177;SRC-000183;SRC-000221;SRC-000198;SRC-000199;SRC-000171;SRC-000185;SRC-000172;SRC-000223;SRC-000195;SRC-000226;SRC-000197;SRC-000222;SRC-000227;SRC-000207;SRC-000473;SRC-000209;SRC-000212;SRC-000470;SRC-000008;SRC-000009;SRC-000010;SRC-000012;SRC-000013;SRC-000014;SRC-000208;SRC-000213;SRC-000452;SRC-000453;SRC-000454;SRC-000455;SRC-000456;SRC-000457;SRC-000458;SRC-000459;SRC-000460;SRC-000461;SRC-000462;SRC-000463;SRC-000471	See inherited source paths in baseline manifest rows KAE-BLOCK-000002 through KAE-BLOCK-000008, KAE-BLOCK-000014 through KAE-BLOCK-000017, KAE-BLOCK-000019, KAE-BLOCK-000034, KAE-BLOCK-000038, KAE-BLOCK-000039, KAE-BLOCK-000137 through KAE-BLOCK-000143, KAE-BLOCK-000149 through KAE-BLOCK-000152, KAE-BLOCK-000154, KAE-BLOCK-000165, KAE-BLOCK-000170, KAE-BLOCK-000171, KAE-BLOCK-000192 through KAE-BLOCK-000199, KAE-BLOCK-000205 through KAE-BLOCK-000208, KAE-BLOCK-000210, KAE-BLOCK-000211, KAE-BLOCK-000221, KAE-BLOCK-000222, KAE-BLOCK-000227 through KAE-BLOCK-000232, KAE-BLOCK-000238, KAE-BLOCK-000239, KAE-BLOCK-000244 through KAE-BLOCK-000249, KAE-BLOCK-000251 through KAE-BLOCK-000263, KAE-BLOCK-000266, and KAE-BLOCK-000271.	SRC-000015;SRC-000019;SRC-000021;SRC-000034;SRC-000036;SRC-000022;SRC-000028;SRC-000044;SRC-000045;SRC-000016;SRC-000030;SRC-000017;SRC-000041;SRC-000043;SRC-000427;SRC-000079;SRC-000083;SRC-000085;SRC-000097;SRC-000099;SRC-000086;SRC-000092;SRC-000107;SRC-000108;SRC-000080;SRC-000094;SRC-000081;SRC-000104;SRC-000106;SRC-000428;SRC-000140;SRC-000144;SRC-000146;SRC-000158;SRC-000160;SRC-000147;SRC-000153;SRC-000214;SRC-000167;SRC-000168;SRC-000141;SRC-000155;SRC-000142;SRC-000216;SRC-000164;SRC-000219;SRC-000166;SRC-000215;SRC-000220;SRC-000200;SRC-000202;SRC-000205;SRC-000448;SRC-000002;SRC-000003;SRC-000004;SRC-000005;SRC-000006;SRC-000007;SRC-000201;SRC-000206;SRC-000429;SRC-000430;SRC-000431;SRC-000432;SRC-000433;SRC-000434;SRC-000435;SRC-000436;SRC-000437;SRC-000438;SRC-000439;SRC-000442;SRC-000449	See inherited source paths in the same baseline manifest rows listed for the Korean source paths.			c_cli_odbc_precompiler;dblink_hadoop_external_connectors;isql_iloader;jdbc_java;migration_oracle;spatial_nifi_tableau;utilities_datacompj;release_notes_platform;third_party_guides	7.1;7.1.0.1.2;7.3;7.3.0.0.1;8.1_verified;multi;8.1.0.0.1;Migration Center 7.10;Migration Center 7.11;Migration Center 7.12;Migration Center 7.13;Migration Center 7.14;Migration Center 7.15;Migration Center 7.16;Migration Center 7.17;Migration Center 7.18;Migration Center 7.19;Migration Center 7.9;dataCompJ 7.2	Korean authoritative; English extraction aid; Altibase 8.1 verified source	hybrid	primary_working_source_after_alignment	aligned	KAE-BLOCK-000002;KAE-BLOCK-000003;KAE-BLOCK-000004;KAE-BLOCK-000005;KAE-BLOCK-000006;KAE-BLOCK-000007;KAE-BLOCK-000008;KAE-BLOCK-000014;KAE-BLOCK-000015;KAE-BLOCK-000016;KAE-BLOCK-000017;KAE-BLOCK-000019;KAE-BLOCK-000034;KAE-BLOCK-000038;KAE-BLOCK-000039;KAE-BLOCK-000137;KAE-BLOCK-000138;KAE-BLOCK-000139;KAE-BLOCK-000140;KAE-BLOCK-000141;KAE-BLOCK-000142;KAE-BLOCK-000143;KAE-BLOCK-000149;KAE-BLOCK-000150;KAE-BLOCK-000151;KAE-BLOCK-000152;KAE-BLOCK-000154;KAE-BLOCK-000165;KAE-BLOCK-000170;KAE-BLOCK-000171;KAE-BLOCK-000192;KAE-BLOCK-000193;KAE-BLOCK-000194;KAE-BLOCK-000195;KAE-BLOCK-000196;KAE-BLOCK-000197;KAE-BLOCK-000198;KAE-BLOCK-000199;KAE-BLOCK-000205;KAE-BLOCK-000206;KAE-BLOCK-000207;KAE-BLOCK-000208;KAE-BLOCK-000210;KAE-BLOCK-000211;KAE-BLOCK-000221;KAE-BLOCK-000222;KAE-BLOCK-000227;KAE-BLOCK-000228;KAE-BLOCK-000229;KAE-BLOCK-000230;KAE-BLOCK-000231;KAE-BLOCK-000232;KAE-BLOCK-000238;KAE-BLOCK-000239;KAE-BLOCK-000244;KAE-BLOCK-000245;KAE-BLOCK-000246;KAE-BLOCK-000247;KAE-BLOCK-000248;KAE-BLOCK-000249;KAE-BLOCK-000251;KAE-BLOCK-000252;KAE-BLOCK-000253;KAE-BLOCK-000254;KAE-BLOCK-000255;KAE-BLOCK-000256;KAE-BLOCK-000257;KAE-BLOCK-000258;KAE-BLOCK-000259;KAE-BLOCK-000260;KAE-BLOCK-000261;KAE-BLOCK-000262;KAE-BLOCK-000263;KAE-BLOCK-000266;KAE-BLOCK-000271	S1-J009 generated GPTs/korean_aligned_english/client_tool_integration_baseline.md for the client tool integration batch. Use with command/API token preservation and the not-ready gaps recorded in CONF-000006; exact option tables, API signatures, live third-party support, patch-specific tool changes, and environment-specific runtime behavior still require source recheck or installed-tool validation.	S1-J009
KAE-BLOCK-000275	SRC-000008;SRC-000009;SRC-000010;SRC-000011;SRC-000012;SRC-000013;SRC-000014;SRC-000064;SRC-000301;SRC-000302;SRC-000303;SRC-000304;SRC-000305;SRC-000306;SRC-000307;SRC-000308;SRC-000309;SRC-000310;SRC-000311;SRC-000312;SRC-000313;SRC-000314;SRC-000315;SRC-000316;SRC-000317;SRC-000318;SRC-000319;SRC-000320;SRC-000321;SRC-000322;SRC-000323;SRC-000324;SRC-000325;SRC-000326;SRC-000327;SRC-000328;SRC-000329;SRC-000330;SRC-000331;SRC-000332;SRC-000333;SRC-000334;SRC-000335;SRC-000336;SRC-000337;SRC-000338;SRC-000339;SRC-000340;SRC-000341;SRC-000342;SRC-000343;SRC-000344;SRC-000345;SRC-000346;SRC-000347;SRC-000348;SRC-000349;SRC-000350;SRC-000351;SRC-000352;SRC-000353;SRC-000354;SRC-000355;SRC-000356;SRC-000357;SRC-000358;SRC-000359;SRC-000360;SRC-000361;SRC-000362;SRC-000363;SRC-000364;SRC-000365;SRC-000366;SRC-000367;SRC-000368;SRC-000369;SRC-000370;SRC-000371;SRC-000372;SRC-000373;SRC-000374;SRC-000375;SRC-000376;SRC-000377;SRC-000378;SRC-000379;SRC-000380;SRC-000381;SRC-000382;SRC-000383;SRC-000384;SRC-000385;SRC-000386;SRC-000387;SRC-000388;SRC-000389;SRC-000390;SRC-000391;SRC-000392;SRC-000393;SRC-000394;SRC-000395;SRC-000396;SRC-000405;SRC-000406;SRC-000407;SRC-000408;SRC-000409;SRC-000410;SRC-000411;SRC-000412;SRC-000413;SRC-000414;SRC-000415;SRC-000416;SRC-000417;SRC-000418;SRC-000419;SRC-000420;SRC-000421;SRC-000422;SRC-000423;SRC-000450;SRC-000451;SRC-000452;SRC-000453;SRC-000454;SRC-000455;SRC-000456;SRC-000457;SRC-000458;SRC-000459;SRC-000460;SRC-000461;SRC-000462;SRC-000463;SRC-000464;SRC-000465;SRC-000466;SRC-000467;SRC-000468;SRC-000469;SRC-000470;SRC-000471;SRC-000473;SRC-000474;SRC-000475;SRC-000476	See inherited source paths in baseline manifest rows KAE-BLOCK-000027, KAE-BLOCK-000039 through KAE-BLOCK-000190, KAE-BLOCK-000230 through KAE-BLOCK-000250, KAE-BLOCK-000253 through KAE-BLOCK-000271, and release_patch_technical_aid_baseline.md.	SRC-000002;SRC-000003;SRC-000004;SRC-000005;SRC-000006;SRC-000007;SRC-000033;SRC-000231;SRC-000232;SRC-000233;SRC-000234;SRC-000235;SRC-000236;SRC-000237;SRC-000238;SRC-000239;SRC-000240;SRC-000241;SRC-000242;SRC-000243;SRC-000244;SRC-000245;SRC-000246;SRC-000247;SRC-000248;SRC-000249;SRC-000250;SRC-000251;SRC-000252;SRC-000253;SRC-000254;SRC-000255;SRC-000256;SRC-000257;SRC-000258;SRC-000259;SRC-000260;SRC-000261;SRC-000262;SRC-000263;SRC-000264;SRC-000265;SRC-000266;SRC-000267;SRC-000268;SRC-000269;SRC-000270;SRC-000271;SRC-000272;SRC-000273;SRC-000274;SRC-000275;SRC-000276;SRC-000277;SRC-000278;SRC-000279;SRC-000280;SRC-000281;SRC-000282;SRC-000283;SRC-000284;SRC-000285;SRC-000286;SRC-000287;SRC-000288;SRC-000289;SRC-000290;SRC-000291;SRC-000292;SRC-000293;SRC-000294;SRC-000295;SRC-000296;SRC-000297;SRC-000298;SRC-000299;SRC-000300;SRC-000399;SRC-000400;SRC-000401;SRC-000402;SRC-000403;SRC-000404;SRC-000427;SRC-000428;SRC-000429;SRC-000430;SRC-000431;SRC-000432;SRC-000433;SRC-000434;SRC-000435;SRC-000436;SRC-000437;SRC-000438;SRC-000439;SRC-000440;SRC-000441;SRC-000442;SRC-000443;SRC-000444;SRC-000445;SRC-000446;SRC-000447;SRC-000448;SRC-000449;SRC-000472	See inherited source paths in the same baseline manifest rows listed for Korean paths, plus English-only extraction-aid and support rows recorded in release_patch_technical_aid_baseline.md.	SRC-000001;SRC-000228;SRC-000229;SRC-000230;SRC-000397;SRC-000398;SRC-000424;SRC-000425;SRC-000426;SRC-000477	See source-pack and baseline manifest index rows for no-language repository sources, release-note README rows, version-history rows, and 8.1 support evidence.	patch_notes;release_notes_platform;technical_documents_support;third_party_guides;migration_oracle;replication_manager;spatial_nifi_tableau;utilities_datacompj	7.1;7.3;8.1_verified;multi;selected release-note tool scopes	Korean authoritative; English extraction aid; Repository source evidence; Approved support evidence; Altibase 8.1 verified source	hybrid	primary_working_source_after_alignment	aligned	KAE-BLOCK-000022 through KAE-BLOCK-000190; KAE-BLOCK-000230 through KAE-BLOCK-000250; KAE-BLOCK-000253 through KAE-BLOCK-000271; GPTs/korean_aligned_english/release_patch_technical_aid_baseline.md	S1-J010 generated GPTs/korean_aligned_english/release_patch_technical_aid_baseline.md for release, patch, technical, and third-party baseline routing. Use with exact patch/version boundaries and the not-ready gaps recorded in CONF-000007; full token-specific patch translation, full platform/package table conversion, and live third-party compatibility remain source or environment recheck items.	S1-J010
KAE-BLOCK-000276					AID-000001;AID-000002;AID-000003;AID-000004;AID-000005;AID-000006;AID-000007;AID-000008;AID-000009;AID-000010;AID-000011;AID-000012;AID-000013;AID-000014;AID-000015;AID-000016;AID-000017;AID-000018;AID-000019;AID-000020;AID-000021;AID-000022;AID-000023;AID-000024;AID-000025;AID-000026;AID-000027;AID-000028;AID-SRC-000001;AID-SRC-000002;AID-SRC-000003;AID-SRC-000004;AID-SRC-000005;AID-SRC-000006;AID-SRC-000007;AID-SRC-000008;AID-SRC-000009;AID-SRC-000010;AID-SRC-000011;AID-SRC-000012;AID-SRC-000013;AID-SRC-000014;AID-SRC-000015;AID-SRC-000016;AID-SRC-000017;AID-SRC-000018;AID-SRC-000019;AID-SRC-000020;AID-SRC-000021;AID-SRC-000022;AID-SRC-000023;AID-SRC-000024;AID-SRC-000025;AID-SRC-000026;AID-SRC-000027;AID-SRC-000028;AID-SRC-000029;AID-SRC-000030;AID-SRC-000031;AID-SRC-000032;AID-SRC-000033;AID-SRC-000034;AID-SRC-000035;AID-SRC-000036;AID-SRC-000037;AID-SRC-000038;AID-SRC-000039;AID-SRC-000040;AID-SRC-000041;AID-SRC-000042;AID-SRC-000043;AID-SRC-000044;AID-SRC-000045;AID-SRC-000046;AID-SRC-000047;AID-SRC-000048;AID-SRC-000049;AID-SRC-000050;AID-SRC-000051;AID-SRC-000052;AID-SRC-000053;AID-SRC-000054;AID-SRC-000055;AID-SRC-000056;AID-SRC-000057;AID-SRC-000058;AID-SRC-000059;AID-SRC-000060;AID-SRC-000061;AID-SRC-000062;AID-SRC-000063;AID-SRC-000064;AID-SRC-000065;AID-SRC-000066;AID-SRC-000067;AID-SRC-000068;AID-SRC-000069;AID-SRC-000070;AID-SRC-000071;AID-SRC-000072;AID-SRC-000073;AID-SRC-000074;AID-SRC-000075;AID-SRC-000076;AID-SRC-000077;AID-SRC-000078;AID-SRC-000079;AID-SRC-000080;AID-SRC-000081;AID-SRC-000082;AID-SRC-000083;AID-SRC-000084;AID-SRC-000085;AID-SRC-000086;AID-SRC-000087;AID-SRC-000088;AID-SRC-000089;AID-SRC-000090;AID-SRC-000091;AID-SRC-000092;AID-SRC-000093;AID-SRC-000094;AID-SRC-000095;AID-SRC-000096;AID-SRC-000097;AID-SRC-000098;AID-SRC-000099;AID-SRC-000100;AID-SRC-000101;AID-SRC-000102;AID-SRC-000103;AID-SRC-000104;AID-SRC-000105;AID-SRC-000106;AID-SRC-000107;AID-SRC-000108;AID-SRC-000109;AID-SRC-000110;AID-SRC-000111;AID-SRC-000112;AID-SRC-000113;AID-SRC-000114;AID-SRC-000115;AID-SRC-000116;AID-SRC-000117;AID-SRC-000118;AID-SRC-000119;AID-SRC-000120;AID-SRC-000121;AID-SRC-000122;AID-SRC-000123;AID-SRC-000124;AID-SRC-000125;AID-SRC-000126;AID-SRC-000127;AID-SRC-000128;AID-SRC-000129;AID-SRC-000130;AID-SRC-000131;AID-SRC-000132;AID-SRC-000133;AID-SRC-000134;AID-SRC-000135;AID-SRC-000136;AID-SRC-000137;AID-SRC-000138;AID-SRC-000139;AID-SRC-000140;AID-SRC-000141;AID-SRC-000142;AID-SRC-000143;AID-SRC-000144;AID-SRC-000145;AID-SRC-000146;AID-SRC-000147;AID-SRC-000148;AID-SRC-000149;AID-SRC-000150;AID-SRC-000151;AID-SRC-000152;AID-SRC-000153;AID-SRC-000154;AID-SRC-000155;AID-SRC-000156;AID-SRC-000157;AID-SRC-000158;AID-SRC-000159;AID-SRC-000160;AID-SRC-000161;AID-SRC-000162;AID-SRC-000163;AID-SRC-000164;AID-SRC-000165;AID-SRC-000166;AID-SRC-000167;AID-SRC-000168;AID-SRC-000169;AID-SRC-000170;AID-SRC-000171;AID-SRC-000172;AID-SRC-000173;AID-SRC-000174;AID-SRC-000175;AID-SRC-000176;AID-SRC-000177;AID-SRC-000178;AID-SRC-000179;AID-SRC-000180;AID-SRC-000181;AID-SRC-000182;AID-SRC-000183;AID-SRC-000184;AID-SRC-000185;AID-SRC-000186;AID-SRC-000187;AID-SRC-000188;AID-SRC-000189;AID-SRC-000190;AID-SRC-000191;AID-SRC-000192;AID-SRC-000193;AID-SRC-000194;AID-SRC-000195;AID-SRC-000196;AID-SRC-000197;AID-SRC-000198;AID-SRC-000199;AID-SRC-000200;AID-SRC-000201;AID-SRC-000202;AID-SRC-000203;AID-SRC-000204;AID-SRC-000205;AID-SRC-000206;AID-SRC-000207;AID-SRC-000208;AID-SRC-000209;AID-SRC-000210;AID-SRC-000211;AID-SRC-000212;AID-SRC-000213;AID-SRC-000214;AID-SRC-000215;AID-SRC-000216;AID-SRC-000217;AID-SRC-000218;AID-SRC-000219;AID-SRC-000220;AID-SRC-000221;AID-SRC-000222;AID-SRC-000223;AID-SRC-000224;AID-SRC-000225;AID-SRC-000226;AID-SRC-000227;AID-SRC-000228;AID-SRC-000229;AID-SRC-000230;AID-SRC-000231;AID-SRC-000232;AID-SRC-000233;AID-SRC-000234;AID-SRC-000235;AID-SRC-000236;AID-SRC-000237;AID-SRC-000238;AID-SRC-000239;AID-SRC-000240;AID-SRC-000241;AID-SRC-000242;AID-SRC-000243;AID-SRC-000244;AID-SRC-000245;AID-SRC-000246;AID-SRC-000247;AID-SRC-000248;AID-SRC-000249;AID-SRC-000250;AID-SRC-000251;AID-SRC-000252;AID-SRC-000253;AID-SRC-000254;AID-SRC-000255;AID-SRC-000256;AID-SRC-000257;AID-SRC-000258;AID-SRC-000259;AID-SRC-000260;AID-SRC-000261;AID-SRC-000262;AID-SRC-000263;AID-SRC-000264;AID-SRC-000265;AID-SRC-000266;AID-SRC-000267;AID-SRC-000268;AID-SRC-000269;AID-SRC-000270;AID-SRC-000271;AID-SRC-000272;AID-SRC-000273;AID-SRC-000274;AID-SRC-000275;AID-SRC-000276;AID-SRC-000277;AID-SRC-000278;AID-SRC-000279;AID-SRC-000280;AID-SRC-000281;AID-SRC-000282;AID-SRC-000283;AID-SRC-000284;AID-SRC-000285;AID-SRC-000286;AID-SRC-000287;AID-SRC-000288;AID-SRC-000289;AID-SRC-000290;AID-SRC-000291;AID-SRC-000292;AID-SRC-000293;AID-SRC-000294;AID-SRC-000295;AID-SRC-000296;AID-SRC-000297;AID-SRC-000298;AID-SRC-000299;AID-SRC-000300;AID-SRC-000301;AID-SRC-000302;AID-SRC-000303;AID-SRC-000304;AID-SRC-000305;AID-SRC-000306;AID-SRC-000307;AID-SRC-000308;AID-SRC-000309;AID-SRC-000310;AID-SRC-000311;AID-SRC-000312;AID-SRC-000313;AID-SRC-000314;AID-SRC-000315;AID-SRC-000316;AID-SRC-000317;AID-SRC-000318;AID-SRC-000319;AID-SRC-000320;AID-SRC-000321;AID-SRC-000322;AID-SRC-000323;AID-SRC-000324;AID-SRC-000325;AID-SRC-000326;AID-SRC-000327;AID-SRC-000328;AID-SRC-000329;AID-SRC-000330;AID-SRC-000331;AID-SRC-000332;AID-SRC-000333;AID-SRC-000334;AID-SRC-000335;AID-SRC-000336;AID-SRC-000337;AID-SRC-000338;AID-SRC-000339;AID-SRC-000340;AID-SRC-000341;AID-SRC-000342;AID-SRC-000343;AID-SRC-000344;AID-SRC-000345;AID-SRC-000346;AID-SRC-000347;AID-SRC-000348;AID-SRC-000349;AID-SRC-000350;AID-SRC-000351;AID-SRC-000352;AID-SRC-000353;AID-SRC-000354;AID-SRC-000355;AID-SRC-000356;AID-SRC-000357;AID-SRC-000358;AID-SRC-000359;AID-SRC-000360;AID-SRC-000361;AID-SRC-000362;AID-SRC-000363;AID-SRC-000364;AID-SRC-000365;AID-SRC-000366;AID-SRC-000367;AID-SRC-000368;AID-SRC-000369;AID-SRC-000370;AID-SRC-000371;AID-SRC-000372;AID-SRC-000373;AID-SRC-000374;AID-SRC-000375;AID-SRC-000376;AID-SRC-000377;AID-SRC-000378;AID-SRC-000379;AID-SRC-000380;AID-SRC-000381;AID-SRC-000382;AID-SRC-000383;AID-SRC-000384;AID-SRC-000385;AID-SRC-000386;AID-SRC-000387;AID-SRC-000388;AID-SRC-000389;AID-SRC-000390;AID-SRC-000391;AID-SRC-000392;AID-SRC-000393;AID-SRC-000394;AID-SRC-000395;AID-SRC-000396;AID-SRC-000397;AID-SRC-000398;AID-SRC-000399;AID-SRC-000400;AID-SRC-000401;AID-SRC-000402;AID-SRC-000403;AID-SRC-000404;AID-SRC-000405;AID-SRC-000406;AID-SRC-000407;AID-SRC-000408;AID-SRC-000409;AID-SRC-000410;AID-SRC-000411;AID-SRC-000412;AID-SRC-000413;AID-SRC-000414;AID-SRC-000415;AID-SRC-000416;AID-SRC-000417;AID-SRC-000418;AID-SRC-000419;AID-SRC-000420;AID-SRC-000421;AID-SRC-000422;AID-SRC-000423;AID-SRC-000424;AID-SRC-000425;AID-SRC-000426;AID-SRC-000427;AID-SRC-000428;AID-SRC-000429;AID-SRC-000430;AID-SRC-000431;AID-SRC-000432;AID-SRC-000433;AID-SRC-000434;AID-SRC-000435;AID-SRC-000436;AID-SRC-000437;AID-SRC-000438	See GPTs/reports/aid_tier_manifest.tsv rows AID-000001 through AID-000028, GPTs/source_pack/source_manifest.tsv rows AID-SRC-000001 through AID-SRC-000438, and source-pack support rows AID-000009 through AID-000025.	aid_upload_content_candidates;aid_llm_reference;aid_evidence	aid	AID Korean-source-verified; AID Link-validated Korean-source-verified; AID English-only auxiliary; AID source-backed llm-reference; AID evidence-only authority; AID accepted limitation	aid_reuse	primary_working_source_after_classification_preservation	aid_reuse	AID tier rows AID-000001 through AID-000028; AID-SRC-000001 through AID-SRC-000438; source-pack support rows AID-000009 through AID-000025; GPTs/reports/aid_tier_manifest.tsv; GPTs/korean_aligned_english/release_patch_technical_aid_baseline.md	S1-J010 reuses AID upload-content candidates and source-backed llm-reference rows only with their preserved classifications. Evidence-only authority files and accepted source_limitation rows remain outside customer upload content by default unless a later upload-package job explicitly selects them.	S1-J010
KAE-BLOCK-000277	SRC-000075;SRC-000136;SRC-000196	Manuals/Altibase_7.1/kor/Stored Procedures Manual.md;Manuals/Altibase_7.3/kor/Stored Procedures Manual.md;Manuals/Altibase_trunk/kor/Stored Procedures Manual.md	SRC-000042;SRC-000105;SRC-000165	Manuals/Altibase_7.1/eng/Stored Procedures Manual.md;Manuals/Altibase_7.3/eng/Stored Procedures Manual.md;Manuals/Altibase_trunk/eng/Stored Procedures Manual.md			stored_external_procedures	7.1;7.3;8.1_verified	Korean authoritative; English extraction aid; Altibase 8.1 verified source	hybrid	primary_working_source_after_alignment	aligned	SRC-000075/BLOCK-000897;SRC-000042/BLOCK-000895;SRC-000136/BLOCK-000902;SRC-000105/BLOCK-000899;SRC-000196/BLOCK-000907;SRC-000165/BLOCK-000904	S1R-J002 generated GPTs/korean_aligned_english/stored_external_procedures_baseline.md for stored procedure and PSM routing. Use with exact target-version source checks; CONF-000008 remains only for other source families outside this job.	S1R-J002
KAE-BLOCK-000278	SRC-000055;SRC-000119;SRC-000179	Manuals/Altibase_7.1/kor/External Procedures Manual.md;Manuals/Altibase_7.3/kor/External Procedures Manual.md;Manuals/Altibase_trunk/kor/External Procedures Manual.md	SRC-000024;SRC-000088;SRC-000149	Manuals/Altibase_7.1/eng/External Procedures Manual.md;Manuals/Altibase_7.3/eng/External Procedures Manual.md;Manuals/Altibase_trunk/eng/External Procedures Manual.md			stored_external_procedures	7.1;7.3;8.1_verified	Korean authoritative; English extraction aid; Altibase 8.1 verified source	hybrid	primary_working_source_after_alignment	aligned	SRC-000055/BLOCK-000896;SRC-000024/BLOCK-000894;SRC-000119/BLOCK-000901;SRC-000088/BLOCK-000898;SRC-000179/BLOCK-000906;SRC-000149/BLOCK-000903	S1R-J002 generated GPTs/korean_aligned_english/stored_external_procedures_baseline.md for C/C++ external procedure routing. Use with native-code deployment guardrails and exact source checks; CONF-000008 remains only for other source families outside this job.	S1R-J002
KAE-BLOCK-000279			SRC-000109;SRC-000169	Manuals/Altibase_7.3/eng/media/StoredProcedure/StoredProcedure1_Eng.md;Manuals/Altibase_trunk/eng/media/StoredProcedure/StoredProcedure1_Eng.md			stored_external_procedures	7.3;8.1_verified	English extraction aid; Altibase 8.1 verified source; nonblocking exclusion	repo_en_only	nonblocking_exclusion	excluded	SRC-000109/BLOCK-000900;SRC-000169/BLOCK-000905	S1R-J002 records no selected Korean authority for the two English-only stored-procedure media rows in CONF-000009. Retain as exact source-pack evidence only; do not use as authoritative customer-facing baseline text unless a later job records Korean authority or approved auxiliary use.	S1R-J002
KAE-BLOCK-000280	SRC-000062;SRC-000126;SRC-000186	Manuals/Altibase_7.1/kor/Log Analyzer User's Manual.md;Manuals/Altibase_7.3/kor/Log Analyzer User's Manual.md;Manuals/Altibase_trunk/kor/Log Analyzer User's Manual.md	SRC-000031;SRC-000095;SRC-000156	Manuals/Altibase_7.1/eng/Log Analyzer User's Manual.md;Manuals/Altibase_7.3/eng/Log Analyzer User's Manual.md;Manuals/Altibase_trunk/eng/Log Analyzer User's Manual.md			log_analyzer	7.1;7.3;8.1_verified	Korean authoritative; English extraction aid; Altibase 8.1 verified source	hybrid	primary_working_source_after_alignment	aligned	SRC-000062/BLOCK-000564;SRC-000031/BLOCK-000563;SRC-000126/BLOCK-000566;SRC-000095/BLOCK-000565;SRC-000186/BLOCK-000568;SRC-000156/BLOCK-000567	S1R-J003 generated GPTs/korean_aligned_english/monitoring_log_analyzer_baseline.md for Log Analyzer routing. Use with exact target-version source checks; full C prototypes, structure members, error-code tables, sample programs, active-log state, and runtime sender behavior still require source-pack or environment validation.	S1R-J003
KAE-BLOCK-000281	SRC-000063;SRC-000127;SRC-000187	Manuals/Altibase_7.1/kor/Monitoring API Developer's Guide.md;Manuals/Altibase_7.3/kor/Monitoring API Developer's Guide.md;Manuals/Altibase_trunk/kor/Monitoring API Developer's Guide.md	SRC-000032;SRC-000096;SRC-000157	Manuals/Altibase_7.1/eng/Monitoring API Developer's Guide.md;Manuals/Altibase_7.3/eng/Monitoring API Developer's Guide.md;Manuals/Altibase_trunk/eng/Monitoring API Developer's Guide.md			monitoring_api_snmp	7.1;7.3;8.1_verified	Korean authoritative; English extraction aid; Altibase 8.1 verified source	hybrid	primary_working_source_after_alignment	aligned	SRC-000063/BLOCK-000605;SRC-000032/BLOCK-000603;SRC-000127/BLOCK-000609;SRC-000096/BLOCK-000607;SRC-000187/BLOCK-000613;SRC-000157/BLOCK-000611	S1R-J003 generated GPTs/korean_aligned_english/monitoring_log_analyzer_baseline.md for Monitoring API routing. Use with exact target-version source checks; full API signatures, structure members, installed header/library behavior, thread model, and live Unix-domain-socket state still require source-pack or environment validation.	S1R-J003
KAE-BLOCK-000282	SRC-000071;SRC-000133;SRC-000193	Manuals/Altibase_7.1/kor/SNMP Agent Guide.md;Manuals/Altibase_7.3/kor/SNMP Agent Guide.md;Manuals/Altibase_trunk/kor/SNMP Agent Guide.md	SRC-000039;SRC-000102;SRC-000162	Manuals/Altibase_7.1/eng/SNMP Agent Guide.md;Manuals/Altibase_7.3/eng/SNMP Agent Guide.md;Manuals/Altibase_trunk/eng/SNMP Agent Guide.md			monitoring_api_snmp	7.1;7.3;8.1_verified	Korean authoritative; English extraction aid; Altibase 8.1 verified source	hybrid	primary_working_source_after_alignment	aligned	SRC-000071/BLOCK-000606;SRC-000039/BLOCK-000604;SRC-000133/BLOCK-000610;SRC-000102/BLOCK-000608;SRC-000193/BLOCK-000614;SRC-000162/BLOCK-000612	S1R-J003 generated GPTs/korean_aligned_english/monitoring_log_analyzer_baseline.md for SNMP Agent routing. Use with exact target-version source checks; full MIB tables, daemon options, property ranges/defaults, security policy, and live NET-SNMP behavior still require source-pack or environment validation.	S1R-J003
KAE-BLOCK-000283	SRC-000067;SRC-000129;SRC-000189	Manuals/Altibase_7.1/kor/Performance Tuning Guide.md;Manuals/Altibase_7.3/kor/Performance Tuning Guide.md;Manuals/Altibase_trunk/kor/Performance Tuning Guide.md	SRC-000035;SRC-000098;SRC-000159	Manuals/Altibase_7.1/eng/Performance Tuning Guide.md;Manuals/Altibase_7.3/eng/Performance Tuning Guide.md;Manuals/Altibase_trunk/eng/Performance Tuning Guide.md			performance_tuning	7.1;7.3;8.1_verified	Korean authoritative; English extraction aid; Altibase 8.1 verified source	hybrid	primary_working_source_after_alignment	aligned	SRC-000067/BLOCK-000812;SRC-000035/BLOCK-000811;SRC-000129/BLOCK-000814;SRC-000098/BLOCK-000813;SRC-000189/BLOCK-000816;SRC-000159/BLOCK-000815	S1R-J004 generated GPTs/korean_aligned_english/performance_source_index_baseline.md for Performance Tuning Guide routing. Use with target-version source checks; exact property values, performance-view columns, plan-node formats, hint syntax, statistics procedures, and runtime tuning recommendations still require source-pack or environment validation.	S1R-J004
KAE-BLOCK-000284	SRC-000069;SRC-000066;SRC-000131;SRC-000191;SRC-000224;SRC-000210	Manuals/Altibase_7.1/kor/README.md;Manuals/Altibase_7.1/kor/PDF/README.md;Manuals/Altibase_7.3/kor/README.md;Manuals/Altibase_trunk/kor/README.md;Manuals/Tools/Altibase_trunk/kor/README.md;Manuals/Tools/Altibase_release/kor/README.md	SRC-000037;SRC-000100;SRC-000217;SRC-000203	Manuals/Altibase_7.1/eng/README.md;Manuals/Altibase_7.3/eng/README.md;Manuals/Tools/Altibase_trunk/eng/README.md;Manuals/Tools/Altibase_release/eng/README.md			source_index	7.1;7.3;8.1_verified;multi	Korean authoritative; English extraction aid; Altibase 8.1 verified source; source-index routing only	hybrid	exact_source_pack_route	aligned	SRC-000069/BLOCK-000858;SRC-000037/BLOCK-000856;SRC-000066/BLOCK-000857;SRC-000131/BLOCK-000861;SRC-000100/BLOCK-000860;SRC-000191/BLOCK-000862;SRC-000224/BLOCK-000864;SRC-000217/BLOCK-000863;SRC-000210/BLOCK-000866;SRC-000203/BLOCK-000865	S1R-J004 records manual and tool README rows as routing indexes or evidence-only selectors. Route to exact source-pack blocks and paired target manuals; do not convert README index labels into unsupported customer-facing facts.	S1R-J004
KAE-BLOCK-000285	SRC-000073	Manuals/Altibase_7.1/kor/Sharding(deprecated).md					source_index	7.1	Korean authoritative; exact source-pack route; deprecated Sharding source	repo_ko_only	exact_source_pack_route	aligned	SRC-000073/BLOCK-000859	S1R-J004 records the 7.1 Sharding(deprecated) Korean source as exact source-pack routing only. It is not an English working baseline and must not be promoted to customer-facing facts without explicit target-version and source-section recheck.	S1R-J004
KAE-BLOCK-000286	SRC-000211;SRC-000225	Manuals/Tools/Altibase_release/kor/Replication Manager User's Manual.md;Manuals/Tools/Altibase_trunk/kor/Replication Manager User's Manual.md	SRC-000204;SRC-000218	Manuals/Tools/Altibase_release/eng/Replication Manager User's Manual.md;Manuals/Tools/Altibase_trunk/eng/Replication Manager User's Manual.md			replication_manager	multi;8.1_verified	Korean authoritative; English extraction aid; Altibase 8.1 verified source	hybrid	primary_working_source_after_alignment	aligned	SRC-000211/BLOCK-000843;SRC-000204/BLOCK-000842;SRC-000225/BLOCK-000835;SRC-000218/BLOCK-000834	S1R-J005 generated GPTs/korean_aligned_english/replication_manager_baseline.md for Replication Manager manual routing. Use with exact release or 8.1 verified-source boundaries; Quick Start, Drop, Sync, full-mesh, topology, JDBC driver, generated DDL, and runtime state claims still require source-pack or environment validation.	S1R-J005
KAE-BLOCK-000287	SRC-000464;SRC-000465;SRC-000466	ReleaseNotes/kor/Altibase_Replication_Manager_1_2_Release_Notes.md;ReleaseNotes/kor/Altibase_Replication_Manager_1_3_Release_Notes.md;ReleaseNotes/kor/Altibase_Replication_Manager_1_4_Release_Notes.md	SRC-000443;SRC-000444;SRC-000445	ReleaseNotes/eng/Altibase_Replication_Manager_1_2_Release_Notes.md;ReleaseNotes/eng/Altibase_Replication_Manager_1_3_Release_Notes.md;ReleaseNotes/eng/Altibase_Replication_Manager_1_4_Release_Notes.md			replication_manager	Replication Manager 1.2;Replication Manager 1.3;Replication Manager 1.4	Korean authoritative; English extraction aid	hybrid	primary_working_source_after_alignment	aligned	SRC-000464/BLOCK-000837;SRC-000443/BLOCK-000836;SRC-000465/BLOCK-000839;SRC-000444/BLOCK-000838;SRC-000466/BLOCK-000841;SRC-000445/BLOCK-000840	S1R-J005 generated GPTs/korean_aligned_english/replication_manager_baseline.md for Replication Manager release-note routing. Preserve exact release-note versions, BUG tokens, package names, Java/JRE notes, and current-distribution recheck requirements.	S1R-J005
