scope_row_id	source_inventory_job_group	owning_stage3_job	attachment_path	attachment_title	baseline_block_id	baseline_source_type	planned_downstream_use	alignment_status	source_family	version_scope	authority_label	source_ids	source_pack_block_ids	question_ids	stage2_playbook_ids	protected_topic_flag	stage3_disposition	stage3_status	notes
S3-SCOPE-001	J004	S3-J003	GPTs/attachments/05_data_types_properties.md	05. Data Types and Properties	KAE-BLOCK-000010	repo_paired_ko_en	primary_working_source_after_alignment	pending	general_reference_1_datatypes_properties	7.1	Korean authoritative; English extraction aid	SRC-000056;SRC-000025	SRC-000056/BLOCK-000515;SRC-000120/BLOCK-000517;SRC-000121/BLOCK-000523;SRC-000180/BLOCK-000519;SRC-000181/BLOCK-000525;SRC-000452/BLOCK-000826	PROP-105;PROP-112;PROP-130;PROP-131;PROP-132;PROP-134;PROP-148;PROP-103;PROP-107;PROP-146;PROP-147;PROP-149	APB-000004;APB-000016;APB-000017	yes	attachment_update	done	Stage 3 attachment route generated from completed scope row; use exact source blocks and missing-input prompts before item-level production claims.
S3-SCOPE-001	J004	S3-J003	GPTs/attachments/05_data_types_properties.md	05. Data Types and Properties	KAE-BLOCK-000145	repo_paired_ko_en	primary_working_source_after_alignment	pending	general_reference_1_datatypes_properties	7.3	Korean authoritative; English extraction aid	SRC-000120;SRC-000089	SRC-000056/BLOCK-000515;SRC-000120/BLOCK-000517;SRC-000121/BLOCK-000523;SRC-000180/BLOCK-000519;SRC-000181/BLOCK-000525;SRC-000452/BLOCK-000826	PROP-105;PROP-112;PROP-130;PROP-131;PROP-132;PROP-134;PROP-148;PROP-103;PROP-107;PROP-146;PROP-147;PROP-149	APB-000004;APB-000016;APB-000017	yes	attachment_update	done	Stage 3 attachment route generated from completed scope row; use exact source blocks and missing-input prompts before item-level production claims.
S3-SCOPE-001	J004	S3-J003	GPTs/attachments/05_data_types_properties.md	05. Data Types and Properties	KAE-BLOCK-000146	repo_paired_ko_en	primary_working_source_after_alignment	pending	general_reference_2_dictionary_views	7.3	Korean authoritative; English extraction aid	SRC-000121;SRC-000090	SRC-000056/BLOCK-000515;SRC-000120/BLOCK-000517;SRC-000121/BLOCK-000523;SRC-000180/BLOCK-000519;SRC-000181/BLOCK-000525;SRC-000452/BLOCK-000826	PROP-105;PROP-112;PROP-130;PROP-131;PROP-132;PROP-134;PROP-148;PROP-103;PROP-107;PROP-146;PROP-147;PROP-149	APB-000004;APB-000016;APB-000017	yes	attachment_update	done	Stage 3 attachment route generated from completed scope row; use exact source blocks and missing-input prompts before item-level production claims.
S3-SCOPE-001	J004	S3-J003	GPTs/attachments/05_data_types_properties.md	05. Data Types and Properties	KAE-BLOCK-000201	repo_paired_ko_en	primary_working_source_after_alignment	pending	general_reference_1_datatypes_properties	8.1_verified	Korean authoritative; Altibase 8.1 verified source; English extraction aid	SRC-000180;SRC-000150	SRC-000056/BLOCK-000515;SRC-000120/BLOCK-000517;SRC-000121/BLOCK-000523;SRC-000180/BLOCK-000519;SRC-000181/BLOCK-000525;SRC-000452/BLOCK-000826	PROP-105;PROP-112;PROP-130;PROP-131;PROP-132;PROP-134;PROP-148;PROP-103;PROP-107;PROP-146;PROP-147;PROP-149	APB-000004;APB-000016;APB-000017	yes	attachment_update	done	Stage 3 attachment route generated from completed scope row; use exact source blocks and missing-input prompts before item-level production claims.
S3-SCOPE-001	J004	S3-J003	GPTs/attachments/05_data_types_properties.md	05. Data Types and Properties	KAE-BLOCK-000202	repo_paired_ko_en	primary_working_source_after_alignment	pending	general_reference_2_dictionary_views	8.1_verified	Korean authoritative; Altibase 8.1 verified source; English extraction aid	SRC-000181;SRC-000151	SRC-000056/BLOCK-000515;SRC-000120/BLOCK-000517;SRC-000121/BLOCK-000523;SRC-000180/BLOCK-000519;SRC-000181/BLOCK-000525;SRC-000452/BLOCK-000826	PROP-105;PROP-112;PROP-130;PROP-131;PROP-132;PROP-134;PROP-148;PROP-103;PROP-107;PROP-146;PROP-147;PROP-149	APB-000004;APB-000016;APB-000017	yes	attachment_update	done	Stage 3 attachment route generated from completed scope row; use exact source blocks and missing-input prompts before item-level production claims.
S3-SCOPE-001	J004	S3-J003	GPTs/attachments/05_data_types_properties.md	05. Data Types and Properties	KAE-BLOCK-000253	repo_paired_ko_en	primary_working_source_after_alignment	pending	release_notes_platform	8.1.0.0.1	Korean authoritative; Altibase 8.1 verified source; English extraction aid	SRC-000452;SRC-000429	SRC-000056/BLOCK-000515;SRC-000120/BLOCK-000517;SRC-000121/BLOCK-000523;SRC-000180/BLOCK-000519;SRC-000181/BLOCK-000525;SRC-000452/BLOCK-000826	PROP-105;PROP-112;PROP-130;PROP-131;PROP-132;PROP-134;PROP-148;PROP-103;PROP-107;PROP-146;PROP-147;PROP-149	APB-000004;APB-000016;APB-000017	yes	attachment_update	done	Stage 3 attachment route generated from completed scope row; use exact source blocks and missing-input prompts before item-level production claims.
S3-SCOPE-001	J004	S3-J003	GPTs/attachments/05_data_types_properties.md	05. Data Types and Properties	KAE-BLOCK-000272	hybrid	primary_working_source_after_alignment	aligned	administrator_operations;general_reference_1_datatypes_properties;getting_started_installation;replication_manual;security_ssl_tls;sql_reference	7.1;7.3;8.1_verified	Korean authoritative; English extraction aid; Altibase 8.1 verified source	SRC-000049;SRC-000056;SRC-000058;SRC-000060;SRC-000070;SRC-000051;SRC-000072;SRC-000113;SRC-000120;SRC-000122;SRC-000124;SRC-000132;SRC-000115;SRC-000134;SRC-000173;SRC-000180;SRC-000182;SRC-000184;SRC-000192;SRC-000175;SRC-000194;SRC-000018;SRC-000025;SRC-000027;SRC-000029;SRC-000038;SRC-000020;SRC-000040;SRC-000082;SRC-000089;SRC-000091;SRC-000093;SRC-000101;SRC-000084;SRC-000103;SRC-000143;SRC-000150;SRC-000152;SRC-000154;SRC-000161;SRC-000145;SRC-000163	SRC-000056/BLOCK-000515;SRC-000120/BLOCK-000517;SRC-000121/BLOCK-000523;SRC-000180/BLOCK-000519;SRC-000181/BLOCK-000525;SRC-000452/BLOCK-000826	PROP-105;PROP-112;PROP-130;PROP-131;PROP-132;PROP-134;PROP-148;PROP-103;PROP-107;PROP-146;PROP-147;PROP-149	APB-000004;APB-000016;APB-000017	yes	attachment_update	done	Stage 3 attachment route generated from completed scope row; use exact source blocks and missing-input prompts before item-level production claims.
S3-SCOPE-001	J004	S3-J003	GPTs/attachments/05_data_types_properties.md	05. Data Types and Properties	KAE-BLOCK-000273	hybrid	primary_working_source_after_alignment	aligned	administrator_operations;error_message_reference;general_reference_1_datatypes_properties;general_reference_2_dictionary_views;replication_manual;sql_reference	7.1;7.3;8.1_verified	Korean authoritative; English extraction aid; Altibase 8.1 verified source	SRC-000049;SRC-000054;SRC-000056;SRC-000057;SRC-000070;SRC-000072;SRC-000113;SRC-000118;SRC-000120;SRC-000121;SRC-000132;SRC-000134;SRC-000173;SRC-000178;SRC-000180;SRC-000181;SRC-000192;SRC-000194;SRC-000018;SRC-000023;SRC-000025;SRC-000026;SRC-000038;SRC-000040;SRC-000082;SRC-000087;SRC-000089;SRC-000090;SRC-000101;SRC-000103;SRC-000143;SRC-000148;SRC-000150;SRC-000151;SRC-000161;SRC-000163	SRC-000056/BLOCK-000515;SRC-000120/BLOCK-000517;SRC-000121/BLOCK-000523;SRC-000180/BLOCK-000519;SRC-000181/BLOCK-000525;SRC-000452/BLOCK-000826	PROP-105;PROP-112;PROP-130;PROP-131;PROP-132;PROP-134;PROP-148;PROP-103;PROP-107;PROP-146;PROP-147;PROP-149	APB-000004;APB-000016;APB-000017	yes	attachment_update	done	Stage 3 attachment route generated from completed scope row; use exact source blocks and missing-input prompts before item-level production claims.
S3-SCOPE-001	J004	S3-J003	GPTs/attachments/05_data_types_properties.md	05. Data Types and Properties	KAE-BLOCK-000274	hybrid	primary_working_source_after_alignment	aligned	c_cli_odbc_precompiler;dblink_hadoop_external_connectors;isql_iloader;jdbc_java;migration_oracle;spatial_nifi_tableau;utilities_datacompj;release_notes_platform;third_party_guides	7.1;7.1.0.1.2;7.3;7.3.0.0.1;8.1_verified;multi;8.1.0.0.1;Migration Center 7.10;Migration Center 7.11;Migration Center 7.12;Migration Center 7.13;Migration Center 7.14;Migration Center 7.15;Migration Center 7.16;Migration Center 7.17;Migration Center 7.18;Migration Center 7.19;Migration Center 7.9;dataCompJ 7.2	Korean authoritative; English extraction aid; Altibase 8.1 verified source	SRC-000046;SRC-000050;SRC-000052;SRC-000065;SRC-000068;SRC-000053;SRC-000059;SRC-000077;SRC-000078;SRC-000047;SRC-000061;SRC-000048;SRC-000074;SRC-000076;SRC-000450;SRC-000110;SRC-000114;SRC-000116;SRC-000128;SRC-000130;SRC-000117;SRC-000123;SRC-000138;SRC-000139;SRC-000111;SRC-000125;SRC-000112;SRC-000135;SRC-000137;SRC-000451;SRC-000170;SRC-000174;SRC-000176;SRC-000188;SRC-000190;SRC-000177;SRC-000183;SRC-000221;SRC-000198;SRC-000199;SRC-000171;SRC-000185;SRC-000172;SRC-000223;SRC-000195;SRC-000226;SRC-000197;SRC-000222;SRC-000227;SRC-000207;SRC-000473;SRC-000209;SRC-000212;SRC-000470;SRC-000008;SRC-000009;SRC-000010;SRC-000012;SRC-000013;SRC-000014;SRC-000208;SRC-000213;SRC-000452;SRC-000453;SRC-000454;SRC-000455;SRC-000456;SRC-000457;SRC-000458;SRC-000459;SRC-000460;SRC-000461;SRC-000462;SRC-000463;SRC-000471;SRC-000015;SRC-000019;SRC-000021;SRC-000034;SRC-000036;SRC-000022;SRC-000028;SRC-000044;SRC-000045;SRC-000016;SRC-000030;SRC-000017;SRC-000041;SRC-000043;SRC-000427;SRC-000079;SRC-000083;SRC-000085;SRC-000097;SRC-000099;SRC-000086;SRC-000092;SRC-000107;SRC-000108;SRC-000080;SRC-000094;SRC-000081;SRC-000104;SRC-000106;SRC-000428;SRC-000140;SRC-000144;SRC-000146;SRC-000158;SRC-000160;SRC-000147;SRC-000153;SRC-000214;SRC-000167;SRC-000168;SRC-000141;SRC-000155;SRC-000142;SRC-000216;SRC-000164;SRC-000219;SRC-000166;SRC-000215;SRC-000220;SRC-000200;SRC-000202;SRC-000205;SRC-000448;SRC-000002;SRC-000003;SRC-000004;SRC-000005;SRC-000006;SRC-000007;SRC-000201;SRC-000206;SRC-000429;SRC-000430;SRC-000431;SRC-000432;SRC-000433;SRC-000434;SRC-000435;SRC-000436;SRC-000437;SRC-000438;SRC-000439;SRC-000442;SRC-000449	SRC-000056/BLOCK-000515;SRC-000120/BLOCK-000517;SRC-000121/BLOCK-000523;SRC-000180/BLOCK-000519;SRC-000181/BLOCK-000525;SRC-000452/BLOCK-000826	PROP-105;PROP-112;PROP-130;PROP-131;PROP-132;PROP-134;PROP-148;PROP-103;PROP-107;PROP-146;PROP-147;PROP-149	APB-000004;APB-000016;APB-000017	yes	attachment_update	done	Stage 3 attachment route generated from completed scope row; use exact source blocks and missing-input prompts before item-level production claims.
S3-SCOPE-001	J004	S3-J003	GPTs/attachments/05_data_types_properties.md	05. Data Types and Properties	KAE-BLOCK-000275	hybrid	primary_working_source_after_alignment	aligned	patch_notes;release_notes_platform;technical_documents_support;third_party_guides;migration_oracle;replication_manager;spatial_nifi_tableau;utilities_datacompj	7.1;7.3;8.1_verified;multi;selected release-note tool scopes	Korean authoritative; English extraction aid; Repository source evidence; Approved support evidence; Altibase 8.1 verified source	SRC-000008;SRC-000009;SRC-000010;SRC-000011;SRC-000012;SRC-000013;SRC-000014;SRC-000064;SRC-000301;SRC-000302;SRC-000303;SRC-000304;SRC-000305;SRC-000306;SRC-000307;SRC-000308;SRC-000309;SRC-000310;SRC-000311;SRC-000312;SRC-000313;SRC-000314;SRC-000315;SRC-000316;SRC-000317;SRC-000318;SRC-000319;SRC-000320;SRC-000321;SRC-000322;SRC-000323;SRC-000324;SRC-000325;SRC-000326;SRC-000327;SRC-000328;SRC-000329;SRC-000330;SRC-000331;SRC-000332;SRC-000333;SRC-000334;SRC-000335;SRC-000336;SRC-000337;SRC-000338;SRC-000339;SRC-000340;SRC-000341;SRC-000342;SRC-000343;SRC-000344;SRC-000345;SRC-000346;SRC-000347;SRC-000348;SRC-000349;SRC-000350;SRC-000351;SRC-000352;SRC-000353;SRC-000354;SRC-000355;SRC-000356;SRC-000357;SRC-000358;SRC-000359;SRC-000360;SRC-000361;SRC-000362;SRC-000363;SRC-000364;SRC-000365;SRC-000366;SRC-000367;SRC-000368;SRC-000369;SRC-000370;SRC-000371;SRC-000372;SRC-000373;SRC-000374;SRC-000375;SRC-000376;SRC-000377;SRC-000378;SRC-000379;SRC-000380;SRC-000381;SRC-000382;SRC-000383;SRC-000384;SRC-000385;SRC-000386;SRC-000387;SRC-000388;SRC-000389;SRC-000390;SRC-000391;SRC-000392;SRC-000393;SRC-000394;SRC-000395;SRC-000396;SRC-000405;SRC-000406;SRC-000407;SRC-000408;SRC-000409;SRC-000410;SRC-000411;SRC-000412;SRC-000413;SRC-000414;SRC-000415;SRC-000416;SRC-000417;SRC-000418;SRC-000419;SRC-000420;SRC-000421;SRC-000422;SRC-000423;SRC-000450;SRC-000451;SRC-000452;SRC-000453;SRC-000454;SRC-000455;SRC-000456;SRC-000457;SRC-000458;SRC-000459;SRC-000460;SRC-000461;SRC-000462;SRC-000463;SRC-000464;SRC-000465;SRC-000466;SRC-000467;SRC-000468;SRC-000469;SRC-000470;SRC-000471;SRC-000473;SRC-000474;SRC-000475;SRC-000476;SRC-000002;SRC-000003;SRC-000004;SRC-000005;SRC-000006;SRC-000007;SRC-000033;SRC-000231;SRC-000232;SRC-000233;SRC-000234;SRC-000235;SRC-000236;SRC-000237;SRC-000238;SRC-000239;SRC-000240;SRC-000241;SRC-000242;SRC-000243;SRC-000244;SRC-000245;SRC-000246;SRC-000247;SRC-000248;SRC-000249;SRC-000250;SRC-000251;SRC-000252;SRC-000253;SRC-000254;SRC-000255;SRC-000256;SRC-000257;SRC-000258;SRC-000259;SRC-000260;SRC-000261;SRC-000262;SRC-000263;SRC-000264;SRC-000265;SRC-000266;SRC-000267;SRC-000268;SRC-000269;SRC-000270;SRC-000271;SRC-000272;SRC-000273;SRC-000274;SRC-000275;SRC-000276;SRC-000277;SRC-000278;SRC-000279;SRC-000280;SRC-000281;SRC-000282;SRC-000283;SRC-000284;SRC-000285;SRC-000286;SRC-000287;SRC-000288;SRC-000289;SRC-000290;SRC-000291;SRC-000292;SRC-000293;SRC-000294;SRC-000295;SRC-000296;SRC-000297;SRC-000298;SRC-000299;SRC-000300;SRC-000399;SRC-000400;SRC-000401;SRC-000402;SRC-000403;SRC-000404;SRC-000427;SRC-000428;SRC-000429;SRC-000430;SRC-000431;SRC-000432;SRC-000433;SRC-000434;SRC-000435;SRC-000436;SRC-000437;SRC-000438;SRC-000439;SRC-000440;SRC-000441;SRC-000442;SRC-000443;SRC-000444;SRC-000445;SRC-000446;SRC-000447;SRC-000448;SRC-000449;SRC-000472;SRC-000001;SRC-000228;SRC-000229;SRC-000230;SRC-000397;SRC-000398;SRC-000424;SRC-000425;SRC-000426;SRC-000477	SRC-000056/BLOCK-000515;SRC-000120/BLOCK-000517;SRC-000121/BLOCK-000523;SRC-000180/BLOCK-000519;SRC-000181/BLOCK-000525;SRC-000452/BLOCK-000826	PROP-105;PROP-112;PROP-130;PROP-131;PROP-132;PROP-134;PROP-148;PROP-103;PROP-107;PROP-146;PROP-147;PROP-149	APB-000004;APB-000016;APB-000017	yes	attachment_update	done	Stage 3 attachment route generated from completed scope row; use exact source blocks and missing-input prompts before item-level production claims.
S3-SCOPE-001	J004	S3-J003	GPTs/attachments/00_version_release_platform.md	00. Versions, Releases, and Supported Platforms	KAE-BLOCK-000010	repo_paired_ko_en	primary_working_source_after_alignment	pending	general_reference_1_datatypes_properties	7.1	Korean authoritative; English extraction aid	SRC-000056;SRC-000025	SRC-000056/BLOCK-000515;SRC-000120/BLOCK-000517;SRC-000121/BLOCK-000523;SRC-000180/BLOCK-000519;SRC-000181/BLOCK-000525;SRC-000452/BLOCK-000826	PROP-105;PROP-112;PROP-130;PROP-131;PROP-132;PROP-134;PROP-148;PROP-103;PROP-107;PROP-146;PROP-147;PROP-149	APB-000004;APB-000016;APB-000017	yes	attachment_update	done	Stage 3 attachment route generated from completed scope row; use exact source blocks and missing-input prompts before item-level production claims.
S3-SCOPE-001	J004	S3-J003	GPTs/attachments/00_version_release_platform.md	00. Versions, Releases, and Supported Platforms	KAE-BLOCK-000145	repo_paired_ko_en	primary_working_source_after_alignment	pending	general_reference_1_datatypes_properties	7.3	Korean authoritative; English extraction aid	SRC-000120;SRC-000089	SRC-000056/BLOCK-000515;SRC-000120/BLOCK-000517;SRC-000121/BLOCK-000523;SRC-000180/BLOCK-000519;SRC-000181/BLOCK-000525;SRC-000452/BLOCK-000826	PROP-105;PROP-112;PROP-130;PROP-131;PROP-132;PROP-134;PROP-148;PROP-103;PROP-107;PROP-146;PROP-147;PROP-149	APB-000004;APB-000016;APB-000017	yes	attachment_update	done	Stage 3 attachment route generated from completed scope row; use exact source blocks and missing-input prompts before item-level production claims.
S3-SCOPE-001	J004	S3-J003	GPTs/attachments/00_version_release_platform.md	00. Versions, Releases, and Supported Platforms	KAE-BLOCK-000146	repo_paired_ko_en	primary_working_source_after_alignment	pending	general_reference_2_dictionary_views	7.3	Korean authoritative; English extraction aid	SRC-000121;SRC-000090	SRC-000056/BLOCK-000515;SRC-000120/BLOCK-000517;SRC-000121/BLOCK-000523;SRC-000180/BLOCK-000519;SRC-000181/BLOCK-000525;SRC-000452/BLOCK-000826	PROP-105;PROP-112;PROP-130;PROP-131;PROP-132;PROP-134;PROP-148;PROP-103;PROP-107;PROP-146;PROP-147;PROP-149	APB-000004;APB-000016;APB-000017	yes	attachment_update	done	Stage 3 attachment route generated from completed scope row; use exact source blocks and missing-input prompts before item-level production claims.
S3-SCOPE-001	J004	S3-J003	GPTs/attachments/00_version_release_platform.md	00. Versions, Releases, and Supported Platforms	KAE-BLOCK-000201	repo_paired_ko_en	primary_working_source_after_alignment	pending	general_reference_1_datatypes_properties	8.1_verified	Korean authoritative; Altibase 8.1 verified source; English extraction aid	SRC-000180;SRC-000150	SRC-000056/BLOCK-000515;SRC-000120/BLOCK-000517;SRC-000121/BLOCK-000523;SRC-000180/BLOCK-000519;SRC-000181/BLOCK-000525;SRC-000452/BLOCK-000826	PROP-105;PROP-112;PROP-130;PROP-131;PROP-132;PROP-134;PROP-148;PROP-103;PROP-107;PROP-146;PROP-147;PROP-149	APB-000004;APB-000016;APB-000017	yes	attachment_update	done	Stage 3 attachment route generated from completed scope row; use exact source blocks and missing-input prompts before item-level production claims.
S3-SCOPE-001	J004	S3-J003	GPTs/attachments/00_version_release_platform.md	00. Versions, Releases, and Supported Platforms	KAE-BLOCK-000202	repo_paired_ko_en	primary_working_source_after_alignment	pending	general_reference_2_dictionary_views	8.1_verified	Korean authoritative; Altibase 8.1 verified source; English extraction aid	SRC-000181;SRC-000151	SRC-000056/BLOCK-000515;SRC-000120/BLOCK-000517;SRC-000121/BLOCK-000523;SRC-000180/BLOCK-000519;SRC-000181/BLOCK-000525;SRC-000452/BLOCK-000826	PROP-105;PROP-112;PROP-130;PROP-131;PROP-132;PROP-134;PROP-148;PROP-103;PROP-107;PROP-146;PROP-147;PROP-149	APB-000004;APB-000016;APB-000017	yes	attachment_update	done	Stage 3 attachment route generated from completed scope row; use exact source blocks and missing-input prompts before item-level production claims.
S3-SCOPE-001	J004	S3-J003	GPTs/attachments/00_version_release_platform.md	00. Versions, Releases, and Supported Platforms	KAE-BLOCK-000253	repo_paired_ko_en	primary_working_source_after_alignment	pending	release_notes_platform	8.1.0.0.1	Korean authoritative; Altibase 8.1 verified source; English extraction aid	SRC-000452;SRC-000429	SRC-000056/BLOCK-000515;SRC-000120/BLOCK-000517;SRC-000121/BLOCK-000523;SRC-000180/BLOCK-000519;SRC-000181/BLOCK-000525;SRC-000452/BLOCK-000826	PROP-105;PROP-112;PROP-130;PROP-131;PROP-132;PROP-134;PROP-148;PROP-103;PROP-107;PROP-146;PROP-147;PROP-149	APB-000004;APB-000016;APB-000017	yes	attachment_update	done	Stage 3 attachment route generated from completed scope row; use exact source blocks and missing-input prompts before item-level production claims.
S3-SCOPE-001	J004	S3-J003	GPTs/attachments/00_version_release_platform.md	00. Versions, Releases, and Supported Platforms	KAE-BLOCK-000272	hybrid	primary_working_source_after_alignment	aligned	administrator_operations;general_reference_1_datatypes_properties;getting_started_installation;replication_manual;security_ssl_tls;sql_reference	7.1;7.3;8.1_verified	Korean authoritative; English extraction aid; Altibase 8.1 verified source	SRC-000049;SRC-000056;SRC-000058;SRC-000060;SRC-000070;SRC-000051;SRC-000072;SRC-000113;SRC-000120;SRC-000122;SRC-000124;SRC-000132;SRC-000115;SRC-000134;SRC-000173;SRC-000180;SRC-000182;SRC-000184;SRC-000192;SRC-000175;SRC-000194;SRC-000018;SRC-000025;SRC-000027;SRC-000029;SRC-000038;SRC-000020;SRC-000040;SRC-000082;SRC-000089;SRC-000091;SRC-000093;SRC-000101;SRC-000084;SRC-000103;SRC-000143;SRC-000150;SRC-000152;SRC-000154;SRC-000161;SRC-000145;SRC-000163	SRC-000056/BLOCK-000515;SRC-000120/BLOCK-000517;SRC-000121/BLOCK-000523;SRC-000180/BLOCK-000519;SRC-000181/BLOCK-000525;SRC-000452/BLOCK-000826	PROP-105;PROP-112;PROP-130;PROP-131;PROP-132;PROP-134;PROP-148;PROP-103;PROP-107;PROP-146;PROP-147;PROP-149	APB-000004;APB-000016;APB-000017	yes	attachment_update	done	Stage 3 attachment route generated from completed scope row; use exact source blocks and missing-input prompts before item-level production claims.
S3-SCOPE-001	J004	S3-J003	GPTs/attachments/00_version_release_platform.md	00. Versions, Releases, and Supported Platforms	KAE-BLOCK-000273	hybrid	primary_working_source_after_alignment	aligned	administrator_operations;error_message_reference;general_reference_1_datatypes_properties;general_reference_2_dictionary_views;replication_manual;sql_reference	7.1;7.3;8.1_verified	Korean authoritative; English extraction aid; Altibase 8.1 verified source	SRC-000049;SRC-000054;SRC-000056;SRC-000057;SRC-000070;SRC-000072;SRC-000113;SRC-000118;SRC-000120;SRC-000121;SRC-000132;SRC-000134;SRC-000173;SRC-000178;SRC-000180;SRC-000181;SRC-000192;SRC-000194;SRC-000018;SRC-000023;SRC-000025;SRC-000026;SRC-000038;SRC-000040;SRC-000082;SRC-000087;SRC-000089;SRC-000090;SRC-000101;SRC-000103;SRC-000143;SRC-000148;SRC-000150;SRC-000151;SRC-000161;SRC-000163	SRC-000056/BLOCK-000515;SRC-000120/BLOCK-000517;SRC-000121/BLOCK-000523;SRC-000180/BLOCK-000519;SRC-000181/BLOCK-000525;SRC-000452/BLOCK-000826	PROP-105;PROP-112;PROP-130;PROP-131;PROP-132;PROP-134;PROP-148;PROP-103;PROP-107;PROP-146;PROP-147;PROP-149	APB-000004;APB-000016;APB-000017	yes	attachment_update	done	Stage 3 attachment route generated from completed scope row; use exact source blocks and missing-input prompts before item-level production claims.
S3-SCOPE-001	J004	S3-J003	GPTs/attachments/00_version_release_platform.md	00. Versions, Releases, and Supported Platforms	KAE-BLOCK-000274	hybrid	primary_working_source_after_alignment	aligned	c_cli_odbc_precompiler;dblink_hadoop_external_connectors;isql_iloader;jdbc_java;migration_oracle;spatial_nifi_tableau;utilities_datacompj;release_notes_platform;third_party_guides	7.1;7.1.0.1.2;7.3;7.3.0.0.1;8.1_verified;multi;8.1.0.0.1;Migration Center 7.10;Migration Center 7.11;Migration Center 7.12;Migration Center 7.13;Migration Center 7.14;Migration Center 7.15;Migration Center 7.16;Migration Center 7.17;Migration Center 7.18;Migration Center 7.19;Migration Center 7.9;dataCompJ 7.2	Korean authoritative; English extraction aid; Altibase 8.1 verified source	SRC-000046;SRC-000050;SRC-000052;SRC-000065;SRC-000068;SRC-000053;SRC-000059;SRC-000077;SRC-000078;SRC-000047;SRC-000061;SRC-000048;SRC-000074;SRC-000076;SRC-000450;SRC-000110;SRC-000114;SRC-000116;SRC-000128;SRC-000130;SRC-000117;SRC-000123;SRC-000138;SRC-000139;SRC-000111;SRC-000125;SRC-000112;SRC-000135;SRC-000137;SRC-000451;SRC-000170;SRC-000174;SRC-000176;SRC-000188;SRC-000190;SRC-000177;SRC-000183;SRC-000221;SRC-000198;SRC-000199;SRC-000171;SRC-000185;SRC-000172;SRC-000223;SRC-000195;SRC-000226;SRC-000197;SRC-000222;SRC-000227;SRC-000207;SRC-000473;SRC-000209;SRC-000212;SRC-000470;SRC-000008;SRC-000009;SRC-000010;SRC-000012;SRC-000013;SRC-000014;SRC-000208;SRC-000213;SRC-000452;SRC-000453;SRC-000454;SRC-000455;SRC-000456;SRC-000457;SRC-000458;SRC-000459;SRC-000460;SRC-000461;SRC-000462;SRC-000463;SRC-000471;SRC-000015;SRC-000019;SRC-000021;SRC-000034;SRC-000036;SRC-000022;SRC-000028;SRC-000044;SRC-000045;SRC-000016;SRC-000030;SRC-000017;SRC-000041;SRC-000043;SRC-000427;SRC-000079;SRC-000083;SRC-000085;SRC-000097;SRC-000099;SRC-000086;SRC-000092;SRC-000107;SRC-000108;SRC-000080;SRC-000094;SRC-000081;SRC-000104;SRC-000106;SRC-000428;SRC-000140;SRC-000144;SRC-000146;SRC-000158;SRC-000160;SRC-000147;SRC-000153;SRC-000214;SRC-000167;SRC-000168;SRC-000141;SRC-000155;SRC-000142;SRC-000216;SRC-000164;SRC-000219;SRC-000166;SRC-000215;SRC-000220;SRC-000200;SRC-000202;SRC-000205;SRC-000448;SRC-000002;SRC-000003;SRC-000004;SRC-000005;SRC-000006;SRC-000007;SRC-000201;SRC-000206;SRC-000429;SRC-000430;SRC-000431;SRC-000432;SRC-000433;SRC-000434;SRC-000435;SRC-000436;SRC-000437;SRC-000438;SRC-000439;SRC-000442;SRC-000449	SRC-000056/BLOCK-000515;SRC-000120/BLOCK-000517;SRC-000121/BLOCK-000523;SRC-000180/BLOCK-000519;SRC-000181/BLOCK-000525;SRC-000452/BLOCK-000826	PROP-105;PROP-112;PROP-130;PROP-131;PROP-132;PROP-134;PROP-148;PROP-103;PROP-107;PROP-146;PROP-147;PROP-149	APB-000004;APB-000016;APB-000017	yes	attachment_update	done	Stage 3 attachment route generated from completed scope row; use exact source blocks and missing-input prompts before item-level production claims.
S3-SCOPE-001	J004	S3-J003	GPTs/attachments/00_version_release_platform.md	00. Versions, Releases, and Supported Platforms	KAE-BLOCK-000275	hybrid	primary_working_source_after_alignment	aligned	patch_notes;release_notes_platform;technical_documents_support;third_party_guides;migration_oracle;replication_manager;spatial_nifi_tableau;utilities_datacompj	7.1;7.3;8.1_verified;multi;selected release-note tool scopes	Korean authoritative; English extraction aid; Repository source evidence; Approved support evidence; Altibase 8.1 verified source	SRC-000008;SRC-000009;SRC-000010;SRC-000011;SRC-000012;SRC-000013;SRC-000014;SRC-000064;SRC-000301;SRC-000302;SRC-000303;SRC-000304;SRC-000305;SRC-000306;SRC-000307;SRC-000308;SRC-000309;SRC-000310;SRC-000311;SRC-000312;SRC-000313;SRC-000314;SRC-000315;SRC-000316;SRC-000317;SRC-000318;SRC-000319;SRC-000320;SRC-000321;SRC-000322;SRC-000323;SRC-000324;SRC-000325;SRC-000326;SRC-000327;SRC-000328;SRC-000329;SRC-000330;SRC-000331;SRC-000332;SRC-000333;SRC-000334;SRC-000335;SRC-000336;SRC-000337;SRC-000338;SRC-000339;SRC-000340;SRC-000341;SRC-000342;SRC-000343;SRC-000344;SRC-000345;SRC-000346;SRC-000347;SRC-000348;SRC-000349;SRC-000350;SRC-000351;SRC-000352;SRC-000353;SRC-000354;SRC-000355;SRC-000356;SRC-000357;SRC-000358;SRC-000359;SRC-000360;SRC-000361;SRC-000362;SRC-000363;SRC-000364;SRC-000365;SRC-000366;SRC-000367;SRC-000368;SRC-000369;SRC-000370;SRC-000371;SRC-000372;SRC-000373;SRC-000374;SRC-000375;SRC-000376;SRC-000377;SRC-000378;SRC-000379;SRC-000380;SRC-000381;SRC-000382;SRC-000383;SRC-000384;SRC-000385;SRC-000386;SRC-000387;SRC-000388;SRC-000389;SRC-000390;SRC-000391;SRC-000392;SRC-000393;SRC-000394;SRC-000395;SRC-000396;SRC-000405;SRC-000406;SRC-000407;SRC-000408;SRC-000409;SRC-000410;SRC-000411;SRC-000412;SRC-000413;SRC-000414;SRC-000415;SRC-000416;SRC-000417;SRC-000418;SRC-000419;SRC-000420;SRC-000421;SRC-000422;SRC-000423;SRC-000450;SRC-000451;SRC-000452;SRC-000453;SRC-000454;SRC-000455;SRC-000456;SRC-000457;SRC-000458;SRC-000459;SRC-000460;SRC-000461;SRC-000462;SRC-000463;SRC-000464;SRC-000465;SRC-000466;SRC-000467;SRC-000468;SRC-000469;SRC-000470;SRC-000471;SRC-000473;SRC-000474;SRC-000475;SRC-000476;SRC-000002;SRC-000003;SRC-000004;SRC-000005;SRC-000006;SRC-000007;SRC-000033;SRC-000231;SRC-000232;SRC-000233;SRC-000234;SRC-000235;SRC-000236;SRC-000237;SRC-000238;SRC-000239;SRC-000240;SRC-000241;SRC-000242;SRC-000243;SRC-000244;SRC-000245;SRC-000246;SRC-000247;SRC-000248;SRC-000249;SRC-000250;SRC-000251;SRC-000252;SRC-000253;SRC-000254;SRC-000255;SRC-000256;SRC-000257;SRC-000258;SRC-000259;SRC-000260;SRC-000261;SRC-000262;SRC-000263;SRC-000264;SRC-000265;SRC-000266;SRC-000267;SRC-000268;SRC-000269;SRC-000270;SRC-000271;SRC-000272;SRC-000273;SRC-000274;SRC-000275;SRC-000276;SRC-000277;SRC-000278;SRC-000279;SRC-000280;SRC-000281;SRC-000282;SRC-000283;SRC-000284;SRC-000285;SRC-000286;SRC-000287;SRC-000288;SRC-000289;SRC-000290;SRC-000291;SRC-000292;SRC-000293;SRC-000294;SRC-000295;SRC-000296;SRC-000297;SRC-000298;SRC-000299;SRC-000300;SRC-000399;SRC-000400;SRC-000401;SRC-000402;SRC-000403;SRC-000404;SRC-000427;SRC-000428;SRC-000429;SRC-000430;SRC-000431;SRC-000432;SRC-000433;SRC-000434;SRC-000435;SRC-000436;SRC-000437;SRC-000438;SRC-000439;SRC-000440;SRC-000441;SRC-000442;SRC-000443;SRC-000444;SRC-000445;SRC-000446;SRC-000447;SRC-000448;SRC-000449;SRC-000472;SRC-000001;SRC-000228;SRC-000229;SRC-000230;SRC-000397;SRC-000398;SRC-000424;SRC-000425;SRC-000426;SRC-000477	SRC-000056/BLOCK-000515;SRC-000120/BLOCK-000517;SRC-000121/BLOCK-000523;SRC-000180/BLOCK-000519;SRC-000181/BLOCK-000525;SRC-000452/BLOCK-000826	PROP-105;PROP-112;PROP-130;PROP-131;PROP-132;PROP-134;PROP-148;PROP-103;PROP-107;PROP-146;PROP-147;PROP-149	APB-000004;APB-000016;APB-000017	yes	attachment_update	done	Stage 3 attachment route generated from completed scope row; use exact source blocks and missing-input prompts before item-level production claims.
S3-SCOPE-001	J004	S3-J003	GPTs/attachments/01_getting_started_installation.md	01. Getting Started and Installation	KAE-BLOCK-000010	repo_paired_ko_en	primary_working_source_after_alignment	pending	general_reference_1_datatypes_properties	7.1	Korean authoritative; English extraction aid	SRC-000056;SRC-000025	SRC-000056/BLOCK-000515;SRC-000120/BLOCK-000517;SRC-000121/BLOCK-000523;SRC-000180/BLOCK-000519;SRC-000181/BLOCK-000525;SRC-000452/BLOCK-000826	PROP-105;PROP-112;PROP-130;PROP-131;PROP-132;PROP-134;PROP-148;PROP-103;PROP-107;PROP-146;PROP-147;PROP-149	APB-000004;APB-000016;APB-000017	yes	attachment_update	done	Stage 3 attachment route generated from completed scope row; use exact source blocks and missing-input prompts before item-level production claims.
S3-SCOPE-001	J004	S3-J003	GPTs/attachments/01_getting_started_installation.md	01. Getting Started and Installation	KAE-BLOCK-000145	repo_paired_ko_en	primary_working_source_after_alignment	pending	general_reference_1_datatypes_properties	7.3	Korean authoritative; English extraction aid	SRC-000120;SRC-000089	SRC-000056/BLOCK-000515;SRC-000120/BLOCK-000517;SRC-000121/BLOCK-000523;SRC-000180/BLOCK-000519;SRC-000181/BLOCK-000525;SRC-000452/BLOCK-000826	PROP-105;PROP-112;PROP-130;PROP-131;PROP-132;PROP-134;PROP-148;PROP-103;PROP-107;PROP-146;PROP-147;PROP-149	APB-000004;APB-000016;APB-000017	yes	attachment_update	done	Stage 3 attachment route generated from completed scope row; use exact source blocks and missing-input prompts before item-level production claims.
S3-SCOPE-001	J004	S3-J003	GPTs/attachments/01_getting_started_installation.md	01. Getting Started and Installation	KAE-BLOCK-000146	repo_paired_ko_en	primary_working_source_after_alignment	pending	general_reference_2_dictionary_views	7.3	Korean authoritative; English extraction aid	SRC-000121;SRC-000090	SRC-000056/BLOCK-000515;SRC-000120/BLOCK-000517;SRC-000121/BLOCK-000523;SRC-000180/BLOCK-000519;SRC-000181/BLOCK-000525;SRC-000452/BLOCK-000826	PROP-105;PROP-112;PROP-130;PROP-131;PROP-132;PROP-134;PROP-148;PROP-103;PROP-107;PROP-146;PROP-147;PROP-149	APB-000004;APB-000016;APB-000017	yes	attachment_update	done	Stage 3 attachment route generated from completed scope row; use exact source blocks and missing-input prompts before item-level production claims.
S3-SCOPE-001	J004	S3-J003	GPTs/attachments/01_getting_started_installation.md	01. Getting Started and Installation	KAE-BLOCK-000201	repo_paired_ko_en	primary_working_source_after_alignment	pending	general_reference_1_datatypes_properties	8.1_verified	Korean authoritative; Altibase 8.1 verified source; English extraction aid	SRC-000180;SRC-000150	SRC-000056/BLOCK-000515;SRC-000120/BLOCK-000517;SRC-000121/BLOCK-000523;SRC-000180/BLOCK-000519;SRC-000181/BLOCK-000525;SRC-000452/BLOCK-000826	PROP-105;PROP-112;PROP-130;PROP-131;PROP-132;PROP-134;PROP-148;PROP-103;PROP-107;PROP-146;PROP-147;PROP-149	APB-000004;APB-000016;APB-000017	yes	attachment_update	done	Stage 3 attachment route generated from completed scope row; use exact source blocks and missing-input prompts before item-level production claims.
S3-SCOPE-001	J004	S3-J003	GPTs/attachments/01_getting_started_installation.md	01. Getting Started and Installation	KAE-BLOCK-000202	repo_paired_ko_en	primary_working_source_after_alignment	pending	general_reference_2_dictionary_views	8.1_verified	Korean authoritative; Altibase 8.1 verified source; English extraction aid	SRC-000181;SRC-000151	SRC-000056/BLOCK-000515;SRC-000120/BLOCK-000517;SRC-000121/BLOCK-000523;SRC-000180/BLOCK-000519;SRC-000181/BLOCK-000525;SRC-000452/BLOCK-000826	PROP-105;PROP-112;PROP-130;PROP-131;PROP-132;PROP-134;PROP-148;PROP-103;PROP-107;PROP-146;PROP-147;PROP-149	APB-000004;APB-000016;APB-000017	yes	attachment_update	done	Stage 3 attachment route generated from completed scope row; use exact source blocks and missing-input prompts before item-level production claims.
S3-SCOPE-001	J004	S3-J003	GPTs/attachments/01_getting_started_installation.md	01. Getting Started and Installation	KAE-BLOCK-000253	repo_paired_ko_en	primary_working_source_after_alignment	pending	release_notes_platform	8.1.0.0.1	Korean authoritative; Altibase 8.1 verified source; English extraction aid	SRC-000452;SRC-000429	SRC-000056/BLOCK-000515;SRC-000120/BLOCK-000517;SRC-000121/BLOCK-000523;SRC-000180/BLOCK-000519;SRC-000181/BLOCK-000525;SRC-000452/BLOCK-000826	PROP-105;PROP-112;PROP-130;PROP-131;PROP-132;PROP-134;PROP-148;PROP-103;PROP-107;PROP-146;PROP-147;PROP-149	APB-000004;APB-000016;APB-000017	yes	attachment_update	done	Stage 3 attachment route generated from completed scope row; use exact source blocks and missing-input prompts before item-level production claims.
S3-SCOPE-001	J004	S3-J003	GPTs/attachments/01_getting_started_installation.md	01. Getting Started and Installation	KAE-BLOCK-000272	hybrid	primary_working_source_after_alignment	aligned	administrator_operations;general_reference_1_datatypes_properties;getting_started_installation;replication_manual;security_ssl_tls;sql_reference	7.1;7.3;8.1_verified	Korean authoritative; English extraction aid; Altibase 8.1 verified source	SRC-000049;SRC-000056;SRC-000058;SRC-000060;SRC-000070;SRC-000051;SRC-000072;SRC-000113;SRC-000120;SRC-000122;SRC-000124;SRC-000132;SRC-000115;SRC-000134;SRC-000173;SRC-000180;SRC-000182;SRC-000184;SRC-000192;SRC-000175;SRC-000194;SRC-000018;SRC-000025;SRC-000027;SRC-000029;SRC-000038;SRC-000020;SRC-000040;SRC-000082;SRC-000089;SRC-000091;SRC-000093;SRC-000101;SRC-000084;SRC-000103;SRC-000143;SRC-000150;SRC-000152;SRC-000154;SRC-000161;SRC-000145;SRC-000163	SRC-000056/BLOCK-000515;SRC-000120/BLOCK-000517;SRC-000121/BLOCK-000523;SRC-000180/BLOCK-000519;SRC-000181/BLOCK-000525;SRC-000452/BLOCK-000826	PROP-105;PROP-112;PROP-130;PROP-131;PROP-132;PROP-134;PROP-148;PROP-103;PROP-107;PROP-146;PROP-147;PROP-149	APB-000004;APB-000016;APB-000017	yes	attachment_update	done	Stage 3 attachment route generated from completed scope row; use exact source blocks and missing-input prompts before item-level production claims.
S3-SCOPE-001	J004	S3-J003	GPTs/attachments/01_getting_started_installation.md	01. Getting Started and Installation	KAE-BLOCK-000273	hybrid	primary_working_source_after_alignment	aligned	administrator_operations;error_message_reference;general_reference_1_datatypes_properties;general_reference_2_dictionary_views;replication_manual;sql_reference	7.1;7.3;8.1_verified	Korean authoritative; English extraction aid; Altibase 8.1 verified source	SRC-000049;SRC-000054;SRC-000056;SRC-000057;SRC-000070;SRC-000072;SRC-000113;SRC-000118;SRC-000120;SRC-000121;SRC-000132;SRC-000134;SRC-000173;SRC-000178;SRC-000180;SRC-000181;SRC-000192;SRC-000194;SRC-000018;SRC-000023;SRC-000025;SRC-000026;SRC-000038;SRC-000040;SRC-000082;SRC-000087;SRC-000089;SRC-000090;SRC-000101;SRC-000103;SRC-000143;SRC-000148;SRC-000150;SRC-000151;SRC-000161;SRC-000163	SRC-000056/BLOCK-000515;SRC-000120/BLOCK-000517;SRC-000121/BLOCK-000523;SRC-000180/BLOCK-000519;SRC-000181/BLOCK-000525;SRC-000452/BLOCK-000826	PROP-105;PROP-112;PROP-130;PROP-131;PROP-132;PROP-134;PROP-148;PROP-103;PROP-107;PROP-146;PROP-147;PROP-149	APB-000004;APB-000016;APB-000017	yes	attachment_update	done	Stage 3 attachment route generated from completed scope row; use exact source blocks and missing-input prompts before item-level production claims.
S3-SCOPE-001	J004	S3-J003	GPTs/attachments/01_getting_started_installation.md	01. Getting Started and Installation	KAE-BLOCK-000274	hybrid	primary_working_source_after_alignment	aligned	c_cli_odbc_precompiler;dblink_hadoop_external_connectors;isql_iloader;jdbc_java;migration_oracle;spatial_nifi_tableau;utilities_datacompj;release_notes_platform;third_party_guides	7.1;7.1.0.1.2;7.3;7.3.0.0.1;8.1_verified;multi;8.1.0.0.1;Migration Center 7.10;Migration Center 7.11;Migration Center 7.12;Migration Center 7.13;Migration Center 7.14;Migration Center 7.15;Migration Center 7.16;Migration Center 7.17;Migration Center 7.18;Migration Center 7.19;Migration Center 7.9;dataCompJ 7.2	Korean authoritative; English extraction aid; Altibase 8.1 verified source	SRC-000046;SRC-000050;SRC-000052;SRC-000065;SRC-000068;SRC-000053;SRC-000059;SRC-000077;SRC-000078;SRC-000047;SRC-000061;SRC-000048;SRC-000074;SRC-000076;SRC-000450;SRC-000110;SRC-000114;SRC-000116;SRC-000128;SRC-000130;SRC-000117;SRC-000123;SRC-000138;SRC-000139;SRC-000111;SRC-000125;SRC-000112;SRC-000135;SRC-000137;SRC-000451;SRC-000170;SRC-000174;SRC-000176;SRC-000188;SRC-000190;SRC-000177;SRC-000183;SRC-000221;SRC-000198;SRC-000199;SRC-000171;SRC-000185;SRC-000172;SRC-000223;SRC-000195;SRC-000226;SRC-000197;SRC-000222;SRC-000227;SRC-000207;SRC-000473;SRC-000209;SRC-000212;SRC-000470;SRC-000008;SRC-000009;SRC-000010;SRC-000012;SRC-000013;SRC-000014;SRC-000208;SRC-000213;SRC-000452;SRC-000453;SRC-000454;SRC-000455;SRC-000456;SRC-000457;SRC-000458;SRC-000459;SRC-000460;SRC-000461;SRC-000462;SRC-000463;SRC-000471;SRC-000015;SRC-000019;SRC-000021;SRC-000034;SRC-000036;SRC-000022;SRC-000028;SRC-000044;SRC-000045;SRC-000016;SRC-000030;SRC-000017;SRC-000041;SRC-000043;SRC-000427;SRC-000079;SRC-000083;SRC-000085;SRC-000097;SRC-000099;SRC-000086;SRC-000092;SRC-000107;SRC-000108;SRC-000080;SRC-000094;SRC-000081;SRC-000104;SRC-000106;SRC-000428;SRC-000140;SRC-000144;SRC-000146;SRC-000158;SRC-000160;SRC-000147;SRC-000153;SRC-000214;SRC-000167;SRC-000168;SRC-000141;SRC-000155;SRC-000142;SRC-000216;SRC-000164;SRC-000219;SRC-000166;SRC-000215;SRC-000220;SRC-000200;SRC-000202;SRC-000205;SRC-000448;SRC-000002;SRC-000003;SRC-000004;SRC-000005;SRC-000006;SRC-000007;SRC-000201;SRC-000206;SRC-000429;SRC-000430;SRC-000431;SRC-000432;SRC-000433;SRC-000434;SRC-000435;SRC-000436;SRC-000437;SRC-000438;SRC-000439;SRC-000442;SRC-000449	SRC-000056/BLOCK-000515;SRC-000120/BLOCK-000517;SRC-000121/BLOCK-000523;SRC-000180/BLOCK-000519;SRC-000181/BLOCK-000525;SRC-000452/BLOCK-000826	PROP-105;PROP-112;PROP-130;PROP-131;PROP-132;PROP-134;PROP-148;PROP-103;PROP-107;PROP-146;PROP-147;PROP-149	APB-000004;APB-000016;APB-000017	yes	attachment_update	done	Stage 3 attachment route generated from completed scope row; use exact source blocks and missing-input prompts before item-level production claims.
S3-SCOPE-001	J004	S3-J003	GPTs/attachments/01_getting_started_installation.md	01. Getting Started and Installation	KAE-BLOCK-000275	hybrid	primary_working_source_after_alignment	aligned	patch_notes;release_notes_platform;technical_documents_support;third_party_guides;migration_oracle;replication_manager;spatial_nifi_tableau;utilities_datacompj	7.1;7.3;8.1_verified;multi;selected release-note tool scopes	Korean authoritative; English extraction aid; Repository source evidence; Approved support evidence; Altibase 8.1 verified source	SRC-000008;SRC-000009;SRC-000010;SRC-000011;SRC-000012;SRC-000013;SRC-000014;SRC-000064;SRC-000301;SRC-000302;SRC-000303;SRC-000304;SRC-000305;SRC-000306;SRC-000307;SRC-000308;SRC-000309;SRC-000310;SRC-000311;SRC-000312;SRC-000313;SRC-000314;SRC-000315;SRC-000316;SRC-000317;SRC-000318;SRC-000319;SRC-000320;SRC-000321;SRC-000322;SRC-000323;SRC-000324;SRC-000325;SRC-000326;SRC-000327;SRC-000328;SRC-000329;SRC-000330;SRC-000331;SRC-000332;SRC-000333;SRC-000334;SRC-000335;SRC-000336;SRC-000337;SRC-000338;SRC-000339;SRC-000340;SRC-000341;SRC-000342;SRC-000343;SRC-000344;SRC-000345;SRC-000346;SRC-000347;SRC-000348;SRC-000349;SRC-000350;SRC-000351;SRC-000352;SRC-000353;SRC-000354;SRC-000355;SRC-000356;SRC-000357;SRC-000358;SRC-000359;SRC-000360;SRC-000361;SRC-000362;SRC-000363;SRC-000364;SRC-000365;SRC-000366;SRC-000367;SRC-000368;SRC-000369;SRC-000370;SRC-000371;SRC-000372;SRC-000373;SRC-000374;SRC-000375;SRC-000376;SRC-000377;SRC-000378;SRC-000379;SRC-000380;SRC-000381;SRC-000382;SRC-000383;SRC-000384;SRC-000385;SRC-000386;SRC-000387;SRC-000388;SRC-000389;SRC-000390;SRC-000391;SRC-000392;SRC-000393;SRC-000394;SRC-000395;SRC-000396;SRC-000405;SRC-000406;SRC-000407;SRC-000408;SRC-000409;SRC-000410;SRC-000411;SRC-000412;SRC-000413;SRC-000414;SRC-000415;SRC-000416;SRC-000417;SRC-000418;SRC-000419;SRC-000420;SRC-000421;SRC-000422;SRC-000423;SRC-000450;SRC-000451;SRC-000452;SRC-000453;SRC-000454;SRC-000455;SRC-000456;SRC-000457;SRC-000458;SRC-000459;SRC-000460;SRC-000461;SRC-000462;SRC-000463;SRC-000464;SRC-000465;SRC-000466;SRC-000467;SRC-000468;SRC-000469;SRC-000470;SRC-000471;SRC-000473;SRC-000474;SRC-000475;SRC-000476;SRC-000002;SRC-000003;SRC-000004;SRC-000005;SRC-000006;SRC-000007;SRC-000033;SRC-000231;SRC-000232;SRC-000233;SRC-000234;SRC-000235;SRC-000236;SRC-000237;SRC-000238;SRC-000239;SRC-000240;SRC-000241;SRC-000242;SRC-000243;SRC-000244;SRC-000245;SRC-000246;SRC-000247;SRC-000248;SRC-000249;SRC-000250;SRC-000251;SRC-000252;SRC-000253;SRC-000254;SRC-000255;SRC-000256;SRC-000257;SRC-000258;SRC-000259;SRC-000260;SRC-000261;SRC-000262;SRC-000263;SRC-000264;SRC-000265;SRC-000266;SRC-000267;SRC-000268;SRC-000269;SRC-000270;SRC-000271;SRC-000272;SRC-000273;SRC-000274;SRC-000275;SRC-000276;SRC-000277;SRC-000278;SRC-000279;SRC-000280;SRC-000281;SRC-000282;SRC-000283;SRC-000284;SRC-000285;SRC-000286;SRC-000287;SRC-000288;SRC-000289;SRC-000290;SRC-000291;SRC-000292;SRC-000293;SRC-000294;SRC-000295;SRC-000296;SRC-000297;SRC-000298;SRC-000299;SRC-000300;SRC-000399;SRC-000400;SRC-000401;SRC-000402;SRC-000403;SRC-000404;SRC-000427;SRC-000428;SRC-000429;SRC-000430;SRC-000431;SRC-000432;SRC-000433;SRC-000434;SRC-000435;SRC-000436;SRC-000437;SRC-000438;SRC-000439;SRC-000440;SRC-000441;SRC-000442;SRC-000443;SRC-000444;SRC-000445;SRC-000446;SRC-000447;SRC-000448;SRC-000449;SRC-000472;SRC-000001;SRC-000228;SRC-000229;SRC-000230;SRC-000397;SRC-000398;SRC-000424;SRC-000425;SRC-000426;SRC-000477	SRC-000056/BLOCK-000515;SRC-000120/BLOCK-000517;SRC-000121/BLOCK-000523;SRC-000180/BLOCK-000519;SRC-000181/BLOCK-000525;SRC-000452/BLOCK-000826	PROP-105;PROP-112;PROP-130;PROP-131;PROP-132;PROP-134;PROP-148;PROP-103;PROP-107;PROP-146;PROP-147;PROP-149	APB-000004;APB-000016;APB-000017	yes	attachment_update	done	Stage 3 attachment route generated from completed scope row; use exact source blocks and missing-input prompts before item-level production claims.
S3-SCOPE-001	J004	S3-J003	GPTs/attachments/02_administration_operations.md	02. Administration and Operations	KAE-BLOCK-000010	repo_paired_ko_en	primary_working_source_after_alignment	pending	general_reference_1_datatypes_properties	7.1	Korean authoritative; English extraction aid	SRC-000056;SRC-000025	SRC-000056/BLOCK-000515;SRC-000120/BLOCK-000517;SRC-000121/BLOCK-000523;SRC-000180/BLOCK-000519;SRC-000181/BLOCK-000525;SRC-000452/BLOCK-000826	PROP-105;PROP-112;PROP-130;PROP-131;PROP-132;PROP-134;PROP-148;PROP-103;PROP-107;PROP-146;PROP-147;PROP-149	APB-000004;APB-000016;APB-000017	yes	attachment_update	done	Stage 3 attachment route generated from completed scope row; use exact source blocks and missing-input prompts before item-level production claims.
S3-SCOPE-001	J004	S3-J003	GPTs/attachments/02_administration_operations.md	02. Administration and Operations	KAE-BLOCK-000145	repo_paired_ko_en	primary_working_source_after_alignment	pending	general_reference_1_datatypes_properties	7.3	Korean authoritative; English extraction aid	SRC-000120;SRC-000089	SRC-000056/BLOCK-000515;SRC-000120/BLOCK-000517;SRC-000121/BLOCK-000523;SRC-000180/BLOCK-000519;SRC-000181/BLOCK-000525;SRC-000452/BLOCK-000826	PROP-105;PROP-112;PROP-130;PROP-131;PROP-132;PROP-134;PROP-148;PROP-103;PROP-107;PROP-146;PROP-147;PROP-149	APB-000004;APB-000016;APB-000017	yes	attachment_update	done	Stage 3 attachment route generated from completed scope row; use exact source blocks and missing-input prompts before item-level production claims.
S3-SCOPE-001	J004	S3-J003	GPTs/attachments/02_administration_operations.md	02. Administration and Operations	KAE-BLOCK-000146	repo_paired_ko_en	primary_working_source_after_alignment	pending	general_reference_2_dictionary_views	7.3	Korean authoritative; English extraction aid	SRC-000121;SRC-000090	SRC-000056/BLOCK-000515;SRC-000120/BLOCK-000517;SRC-000121/BLOCK-000523;SRC-000180/BLOCK-000519;SRC-000181/BLOCK-000525;SRC-000452/BLOCK-000826	PROP-105;PROP-112;PROP-130;PROP-131;PROP-132;PROP-134;PROP-148;PROP-103;PROP-107;PROP-146;PROP-147;PROP-149	APB-000004;APB-000016;APB-000017	yes	attachment_update	done	Stage 3 attachment route generated from completed scope row; use exact source blocks and missing-input prompts before item-level production claims.
S3-SCOPE-001	J004	S3-J003	GPTs/attachments/02_administration_operations.md	02. Administration and Operations	KAE-BLOCK-000201	repo_paired_ko_en	primary_working_source_after_alignment	pending	general_reference_1_datatypes_properties	8.1_verified	Korean authoritative; Altibase 8.1 verified source; English extraction aid	SRC-000180;SRC-000150	SRC-000056/BLOCK-000515;SRC-000120/BLOCK-000517;SRC-000121/BLOCK-000523;SRC-000180/BLOCK-000519;SRC-000181/BLOCK-000525;SRC-000452/BLOCK-000826	PROP-105;PROP-112;PROP-130;PROP-131;PROP-132;PROP-134;PROP-148;PROP-103;PROP-107;PROP-146;PROP-147;PROP-149	APB-000004;APB-000016;APB-000017	yes	attachment_update	done	Stage 3 attachment route generated from completed scope row; use exact source blocks and missing-input prompts before item-level production claims.
S3-SCOPE-001	J004	S3-J003	GPTs/attachments/02_administration_operations.md	02. Administration and Operations	KAE-BLOCK-000202	repo_paired_ko_en	primary_working_source_after_alignment	pending	general_reference_2_dictionary_views	8.1_verified	Korean authoritative; Altibase 8.1 verified source; English extraction aid	SRC-000181;SRC-000151	SRC-000056/BLOCK-000515;SRC-000120/BLOCK-000517;SRC-000121/BLOCK-000523;SRC-000180/BLOCK-000519;SRC-000181/BLOCK-000525;SRC-000452/BLOCK-000826	PROP-105;PROP-112;PROP-130;PROP-131;PROP-132;PROP-134;PROP-148;PROP-103;PROP-107;PROP-146;PROP-147;PROP-149	APB-000004;APB-000016;APB-000017	yes	attachment_update	done	Stage 3 attachment route generated from completed scope row; use exact source blocks and missing-input prompts before item-level production claims.
S3-SCOPE-001	J004	S3-J003	GPTs/attachments/02_administration_operations.md	02. Administration and Operations	KAE-BLOCK-000253	repo_paired_ko_en	primary_working_source_after_alignment	pending	release_notes_platform	8.1.0.0.1	Korean authoritative; Altibase 8.1 verified source; English extraction aid	SRC-000452;SRC-000429	SRC-000056/BLOCK-000515;SRC-000120/BLOCK-000517;SRC-000121/BLOCK-000523;SRC-000180/BLOCK-000519;SRC-000181/BLOCK-000525;SRC-000452/BLOCK-000826	PROP-105;PROP-112;PROP-130;PROP-131;PROP-132;PROP-134;PROP-148;PROP-103;PROP-107;PROP-146;PROP-147;PROP-149	APB-000004;APB-000016;APB-000017	yes	attachment_update	done	Stage 3 attachment route generated from completed scope row; use exact source blocks and missing-input prompts before item-level production claims.
S3-SCOPE-001	J004	S3-J003	GPTs/attachments/02_administration_operations.md	02. Administration and Operations	KAE-BLOCK-000272	hybrid	primary_working_source_after_alignment	aligned	administrator_operations;general_reference_1_datatypes_properties;getting_started_installation;replication_manual;security_ssl_tls;sql_reference	7.1;7.3;8.1_verified	Korean authoritative; English extraction aid; Altibase 8.1 verified source	SRC-000049;SRC-000056;SRC-000058;SRC-000060;SRC-000070;SRC-000051;SRC-000072;SRC-000113;SRC-000120;SRC-000122;SRC-000124;SRC-000132;SRC-000115;SRC-000134;SRC-000173;SRC-000180;SRC-000182;SRC-000184;SRC-000192;SRC-000175;SRC-000194;SRC-000018;SRC-000025;SRC-000027;SRC-000029;SRC-000038;SRC-000020;SRC-000040;SRC-000082;SRC-000089;SRC-000091;SRC-000093;SRC-000101;SRC-000084;SRC-000103;SRC-000143;SRC-000150;SRC-000152;SRC-000154;SRC-000161;SRC-000145;SRC-000163	SRC-000056/BLOCK-000515;SRC-000120/BLOCK-000517;SRC-000121/BLOCK-000523;SRC-000180/BLOCK-000519;SRC-000181/BLOCK-000525;SRC-000452/BLOCK-000826	PROP-105;PROP-112;PROP-130;PROP-131;PROP-132;PROP-134;PROP-148;PROP-103;PROP-107;PROP-146;PROP-147;PROP-149	APB-000004;APB-000016;APB-000017	yes	attachment_update	done	Stage 3 attachment route generated from completed scope row; use exact source blocks and missing-input prompts before item-level production claims.
S3-SCOPE-001	J004	S3-J003	GPTs/attachments/02_administration_operations.md	02. Administration and Operations	KAE-BLOCK-000273	hybrid	primary_working_source_after_alignment	aligned	administrator_operations;error_message_reference;general_reference_1_datatypes_properties;general_reference_2_dictionary_views;replication_manual;sql_reference	7.1;7.3;8.1_verified	Korean authoritative; English extraction aid; Altibase 8.1 verified source	SRC-000049;SRC-000054;SRC-000056;SRC-000057;SRC-000070;SRC-000072;SRC-000113;SRC-000118;SRC-000120;SRC-000121;SRC-000132;SRC-000134;SRC-000173;SRC-000178;SRC-000180;SRC-000181;SRC-000192;SRC-000194;SRC-000018;SRC-000023;SRC-000025;SRC-000026;SRC-000038;SRC-000040;SRC-000082;SRC-000087;SRC-000089;SRC-000090;SRC-000101;SRC-000103;SRC-000143;SRC-000148;SRC-000150;SRC-000151;SRC-000161;SRC-000163	SRC-000056/BLOCK-000515;SRC-000120/BLOCK-000517;SRC-000121/BLOCK-000523;SRC-000180/BLOCK-000519;SRC-000181/BLOCK-000525;SRC-000452/BLOCK-000826	PROP-105;PROP-112;PROP-130;PROP-131;PROP-132;PROP-134;PROP-148;PROP-103;PROP-107;PROP-146;PROP-147;PROP-149	APB-000004;APB-000016;APB-000017	yes	attachment_update	done	Stage 3 attachment route generated from completed scope row; use exact source blocks and missing-input prompts before item-level production claims.
S3-SCOPE-001	J004	S3-J003	GPTs/attachments/02_administration_operations.md	02. Administration and Operations	KAE-BLOCK-000274	hybrid	primary_working_source_after_alignment	aligned	c_cli_odbc_precompiler;dblink_hadoop_external_connectors;isql_iloader;jdbc_java;migration_oracle;spatial_nifi_tableau;utilities_datacompj;release_notes_platform;third_party_guides	7.1;7.1.0.1.2;7.3;7.3.0.0.1;8.1_verified;multi;8.1.0.0.1;Migration Center 7.10;Migration Center 7.11;Migration Center 7.12;Migration Center 7.13;Migration Center 7.14;Migration Center 7.15;Migration Center 7.16;Migration Center 7.17;Migration Center 7.18;Migration Center 7.19;Migration Center 7.9;dataCompJ 7.2	Korean authoritative; English extraction aid; Altibase 8.1 verified source	SRC-000046;SRC-000050;SRC-000052;SRC-000065;SRC-000068;SRC-000053;SRC-000059;SRC-000077;SRC-000078;SRC-000047;SRC-000061;SRC-000048;SRC-000074;SRC-000076;SRC-000450;SRC-000110;SRC-000114;SRC-000116;SRC-000128;SRC-000130;SRC-000117;SRC-000123;SRC-000138;SRC-000139;SRC-000111;SRC-000125;SRC-000112;SRC-000135;SRC-000137;SRC-000451;SRC-000170;SRC-000174;SRC-000176;SRC-000188;SRC-000190;SRC-000177;SRC-000183;SRC-000221;SRC-000198;SRC-000199;SRC-000171;SRC-000185;SRC-000172;SRC-000223;SRC-000195;SRC-000226;SRC-000197;SRC-000222;SRC-000227;SRC-000207;SRC-000473;SRC-000209;SRC-000212;SRC-000470;SRC-000008;SRC-000009;SRC-000010;SRC-000012;SRC-000013;SRC-000014;SRC-000208;SRC-000213;SRC-000452;SRC-000453;SRC-000454;SRC-000455;SRC-000456;SRC-000457;SRC-000458;SRC-000459;SRC-000460;SRC-000461;SRC-000462;SRC-000463;SRC-000471;SRC-000015;SRC-000019;SRC-000021;SRC-000034;SRC-000036;SRC-000022;SRC-000028;SRC-000044;SRC-000045;SRC-000016;SRC-000030;SRC-000017;SRC-000041;SRC-000043;SRC-000427;SRC-000079;SRC-000083;SRC-000085;SRC-000097;SRC-000099;SRC-000086;SRC-000092;SRC-000107;SRC-000108;SRC-000080;SRC-000094;SRC-000081;SRC-000104;SRC-000106;SRC-000428;SRC-000140;SRC-000144;SRC-000146;SRC-000158;SRC-000160;SRC-000147;SRC-000153;SRC-000214;SRC-000167;SRC-000168;SRC-000141;SRC-000155;SRC-000142;SRC-000216;SRC-000164;SRC-000219;SRC-000166;SRC-000215;SRC-000220;SRC-000200;SRC-000202;SRC-000205;SRC-000448;SRC-000002;SRC-000003;SRC-000004;SRC-000005;SRC-000006;SRC-000007;SRC-000201;SRC-000206;SRC-000429;SRC-000430;SRC-000431;SRC-000432;SRC-000433;SRC-000434;SRC-000435;SRC-000436;SRC-000437;SRC-000438;SRC-000439;SRC-000442;SRC-000449	SRC-000056/BLOCK-000515;SRC-000120/BLOCK-000517;SRC-000121/BLOCK-000523;SRC-000180/BLOCK-000519;SRC-000181/BLOCK-000525;SRC-000452/BLOCK-000826	PROP-105;PROP-112;PROP-130;PROP-131;PROP-132;PROP-134;PROP-148;PROP-103;PROP-107;PROP-146;PROP-147;PROP-149	APB-000004;APB-000016;APB-000017	yes	attachment_update	done	Stage 3 attachment route generated from completed scope row; use exact source blocks and missing-input prompts before item-level production claims.
S3-SCOPE-001	J004	S3-J003	GPTs/attachments/02_administration_operations.md	02. Administration and Operations	KAE-BLOCK-000275	hybrid	primary_working_source_after_alignment	aligned	patch_notes;release_notes_platform;technical_documents_support;third_party_guides;migration_oracle;replication_manager;spatial_nifi_tableau;utilities_datacompj	7.1;7.3;8.1_verified;multi;selected release-note tool scopes	Korean authoritative; English extraction aid; Repository source evidence; Approved support evidence; Altibase 8.1 verified source	SRC-000008;SRC-000009;SRC-000010;SRC-000011;SRC-000012;SRC-000013;SRC-000014;SRC-000064;SRC-000301;SRC-000302;SRC-000303;SRC-000304;SRC-000305;SRC-000306;SRC-000307;SRC-000308;SRC-000309;SRC-000310;SRC-000311;SRC-000312;SRC-000313;SRC-000314;SRC-000315;SRC-000316;SRC-000317;SRC-000318;SRC-000319;SRC-000320;SRC-000321;SRC-000322;SRC-000323;SRC-000324;SRC-000325;SRC-000326;SRC-000327;SRC-000328;SRC-000329;SRC-000330;SRC-000331;SRC-000332;SRC-000333;SRC-000334;SRC-000335;SRC-000336;SRC-000337;SRC-000338;SRC-000339;SRC-000340;SRC-000341;SRC-000342;SRC-000343;SRC-000344;SRC-000345;SRC-000346;SRC-000347;SRC-000348;SRC-000349;SRC-000350;SRC-000351;SRC-000352;SRC-000353;SRC-000354;SRC-000355;SRC-000356;SRC-000357;SRC-000358;SRC-000359;SRC-000360;SRC-000361;SRC-000362;SRC-000363;SRC-000364;SRC-000365;SRC-000366;SRC-000367;SRC-000368;SRC-000369;SRC-000370;SRC-000371;SRC-000372;SRC-000373;SRC-000374;SRC-000375;SRC-000376;SRC-000377;SRC-000378;SRC-000379;SRC-000380;SRC-000381;SRC-000382;SRC-000383;SRC-000384;SRC-000385;SRC-000386;SRC-000387;SRC-000388;SRC-000389;SRC-000390;SRC-000391;SRC-000392;SRC-000393;SRC-000394;SRC-000395;SRC-000396;SRC-000405;SRC-000406;SRC-000407;SRC-000408;SRC-000409;SRC-000410;SRC-000411;SRC-000412;SRC-000413;SRC-000414;SRC-000415;SRC-000416;SRC-000417;SRC-000418;SRC-000419;SRC-000420;SRC-000421;SRC-000422;SRC-000423;SRC-000450;SRC-000451;SRC-000452;SRC-000453;SRC-000454;SRC-000455;SRC-000456;SRC-000457;SRC-000458;SRC-000459;SRC-000460;SRC-000461;SRC-000462;SRC-000463;SRC-000464;SRC-000465;SRC-000466;SRC-000467;SRC-000468;SRC-000469;SRC-000470;SRC-000471;SRC-000473;SRC-000474;SRC-000475;SRC-000476;SRC-000002;SRC-000003;SRC-000004;SRC-000005;SRC-000006;SRC-000007;SRC-000033;SRC-000231;SRC-000232;SRC-000233;SRC-000234;SRC-000235;SRC-000236;SRC-000237;SRC-000238;SRC-000239;SRC-000240;SRC-000241;SRC-000242;SRC-000243;SRC-000244;SRC-000245;SRC-000246;SRC-000247;SRC-000248;SRC-000249;SRC-000250;SRC-000251;SRC-000252;SRC-000253;SRC-000254;SRC-000255;SRC-000256;SRC-000257;SRC-000258;SRC-000259;SRC-000260;SRC-000261;SRC-000262;SRC-000263;SRC-000264;SRC-000265;SRC-000266;SRC-000267;SRC-000268;SRC-000269;SRC-000270;SRC-000271;SRC-000272;SRC-000273;SRC-000274;SRC-000275;SRC-000276;SRC-000277;SRC-000278;SRC-000279;SRC-000280;SRC-000281;SRC-000282;SRC-000283;SRC-000284;SRC-000285;SRC-000286;SRC-000287;SRC-000288;SRC-000289;SRC-000290;SRC-000291;SRC-000292;SRC-000293;SRC-000294;SRC-000295;SRC-000296;SRC-000297;SRC-000298;SRC-000299;SRC-000300;SRC-000399;SRC-000400;SRC-000401;SRC-000402;SRC-000403;SRC-000404;SRC-000427;SRC-000428;SRC-000429;SRC-000430;SRC-000431;SRC-000432;SRC-000433;SRC-000434;SRC-000435;SRC-000436;SRC-000437;SRC-000438;SRC-000439;SRC-000440;SRC-000441;SRC-000442;SRC-000443;SRC-000444;SRC-000445;SRC-000446;SRC-000447;SRC-000448;SRC-000449;SRC-000472;SRC-000001;SRC-000228;SRC-000229;SRC-000230;SRC-000397;SRC-000398;SRC-000424;SRC-000425;SRC-000426;SRC-000477	SRC-000056/BLOCK-000515;SRC-000120/BLOCK-000517;SRC-000121/BLOCK-000523;SRC-000180/BLOCK-000519;SRC-000181/BLOCK-000525;SRC-000452/BLOCK-000826	PROP-105;PROP-112;PROP-130;PROP-131;PROP-132;PROP-134;PROP-148;PROP-103;PROP-107;PROP-146;PROP-147;PROP-149	APB-000004;APB-000016;APB-000017	yes	attachment_update	done	Stage 3 attachment route generated from completed scope row; use exact source blocks and missing-input prompts before item-level production claims.
S3-SCOPE-001	J004	S3-J003	GPTs/attachments/06_data_dictionary_performance_views.md	06. Data Dictionary and Performance Views	KAE-BLOCK-000010	repo_paired_ko_en	primary_working_source_after_alignment	pending	general_reference_1_datatypes_properties	7.1	Korean authoritative; English extraction aid	SRC-000056;SRC-000025	SRC-000056/BLOCK-000515;SRC-000120/BLOCK-000517;SRC-000121/BLOCK-000523;SRC-000180/BLOCK-000519;SRC-000181/BLOCK-000525;SRC-000452/BLOCK-000826	PROP-105;PROP-112;PROP-130;PROP-131;PROP-132;PROP-134;PROP-148;PROP-103;PROP-107;PROP-146;PROP-147;PROP-149	APB-000004;APB-000016;APB-000017	yes	attachment_update	done	Stage 3 attachment route generated from completed scope row; use exact source blocks and missing-input prompts before item-level production claims.
S3-SCOPE-001	J004	S3-J003	GPTs/attachments/06_data_dictionary_performance_views.md	06. Data Dictionary and Performance Views	KAE-BLOCK-000145	repo_paired_ko_en	primary_working_source_after_alignment	pending	general_reference_1_datatypes_properties	7.3	Korean authoritative; English extraction aid	SRC-000120;SRC-000089	SRC-000056/BLOCK-000515;SRC-000120/BLOCK-000517;SRC-000121/BLOCK-000523;SRC-000180/BLOCK-000519;SRC-000181/BLOCK-000525;SRC-000452/BLOCK-000826	PROP-105;PROP-112;PROP-130;PROP-131;PROP-132;PROP-134;PROP-148;PROP-103;PROP-107;PROP-146;PROP-147;PROP-149	APB-000004;APB-000016;APB-000017	yes	attachment_update	done	Stage 3 attachment route generated from completed scope row; use exact source blocks and missing-input prompts before item-level production claims.
S3-SCOPE-001	J004	S3-J003	GPTs/attachments/06_data_dictionary_performance_views.md	06. Data Dictionary and Performance Views	KAE-BLOCK-000146	repo_paired_ko_en	primary_working_source_after_alignment	pending	general_reference_2_dictionary_views	7.3	Korean authoritative; English extraction aid	SRC-000121;SRC-000090	SRC-000056/BLOCK-000515;SRC-000120/BLOCK-000517;SRC-000121/BLOCK-000523;SRC-000180/BLOCK-000519;SRC-000181/BLOCK-000525;SRC-000452/BLOCK-000826	PROP-105;PROP-112;PROP-130;PROP-131;PROP-132;PROP-134;PROP-148;PROP-103;PROP-107;PROP-146;PROP-147;PROP-149	APB-000004;APB-000016;APB-000017	yes	attachment_update	done	Stage 3 attachment route generated from completed scope row; use exact source blocks and missing-input prompts before item-level production claims.
S3-SCOPE-001	J004	S3-J003	GPTs/attachments/06_data_dictionary_performance_views.md	06. Data Dictionary and Performance Views	KAE-BLOCK-000201	repo_paired_ko_en	primary_working_source_after_alignment	pending	general_reference_1_datatypes_properties	8.1_verified	Korean authoritative; Altibase 8.1 verified source; English extraction aid	SRC-000180;SRC-000150	SRC-000056/BLOCK-000515;SRC-000120/BLOCK-000517;SRC-000121/BLOCK-000523;SRC-000180/BLOCK-000519;SRC-000181/BLOCK-000525;SRC-000452/BLOCK-000826	PROP-105;PROP-112;PROP-130;PROP-131;PROP-132;PROP-134;PROP-148;PROP-103;PROP-107;PROP-146;PROP-147;PROP-149	APB-000004;APB-000016;APB-000017	yes	attachment_update	done	Stage 3 attachment route generated from completed scope row; use exact source blocks and missing-input prompts before item-level production claims.
S3-SCOPE-001	J004	S3-J003	GPTs/attachments/06_data_dictionary_performance_views.md	06. Data Dictionary and Performance Views	KAE-BLOCK-000202	repo_paired_ko_en	primary_working_source_after_alignment	pending	general_reference_2_dictionary_views	8.1_verified	Korean authoritative; Altibase 8.1 verified source; English extraction aid	SRC-000181;SRC-000151	SRC-000056/BLOCK-000515;SRC-000120/BLOCK-000517;SRC-000121/BLOCK-000523;SRC-000180/BLOCK-000519;SRC-000181/BLOCK-000525;SRC-000452/BLOCK-000826	PROP-105;PROP-112;PROP-130;PROP-131;PROP-132;PROP-134;PROP-148;PROP-103;PROP-107;PROP-146;PROP-147;PROP-149	APB-000004;APB-000016;APB-000017	yes	attachment_update	done	Stage 3 attachment route generated from completed scope row; use exact source blocks and missing-input prompts before item-level production claims.
S3-SCOPE-001	J004	S3-J003	GPTs/attachments/06_data_dictionary_performance_views.md	06. Data Dictionary and Performance Views	KAE-BLOCK-000253	repo_paired_ko_en	primary_working_source_after_alignment	pending	release_notes_platform	8.1.0.0.1	Korean authoritative; Altibase 8.1 verified source; English extraction aid	SRC-000452;SRC-000429	SRC-000056/BLOCK-000515;SRC-000120/BLOCK-000517;SRC-000121/BLOCK-000523;SRC-000180/BLOCK-000519;SRC-000181/BLOCK-000525;SRC-000452/BLOCK-000826	PROP-105;PROP-112;PROP-130;PROP-131;PROP-132;PROP-134;PROP-148;PROP-103;PROP-107;PROP-146;PROP-147;PROP-149	APB-000004;APB-000016;APB-000017	yes	attachment_update	done	Stage 3 attachment route generated from completed scope row; use exact source blocks and missing-input prompts before item-level production claims.
S3-SCOPE-001	J004	S3-J003	GPTs/attachments/06_data_dictionary_performance_views.md	06. Data Dictionary and Performance Views	KAE-BLOCK-000272	hybrid	primary_working_source_after_alignment	aligned	administrator_operations;general_reference_1_datatypes_properties;getting_started_installation;replication_manual;security_ssl_tls;sql_reference	7.1;7.3;8.1_verified	Korean authoritative; English extraction aid; Altibase 8.1 verified source	SRC-000049;SRC-000056;SRC-000058;SRC-000060;SRC-000070;SRC-000051;SRC-000072;SRC-000113;SRC-000120;SRC-000122;SRC-000124;SRC-000132;SRC-000115;SRC-000134;SRC-000173;SRC-000180;SRC-000182;SRC-000184;SRC-000192;SRC-000175;SRC-000194;SRC-000018;SRC-000025;SRC-000027;SRC-000029;SRC-000038;SRC-000020;SRC-000040;SRC-000082;SRC-000089;SRC-000091;SRC-000093;SRC-000101;SRC-000084;SRC-000103;SRC-000143;SRC-000150;SRC-000152;SRC-000154;SRC-000161;SRC-000145;SRC-000163	SRC-000056/BLOCK-000515;SRC-000120/BLOCK-000517;SRC-000121/BLOCK-000523;SRC-000180/BLOCK-000519;SRC-000181/BLOCK-000525;SRC-000452/BLOCK-000826	PROP-105;PROP-112;PROP-130;PROP-131;PROP-132;PROP-134;PROP-148;PROP-103;PROP-107;PROP-146;PROP-147;PROP-149	APB-000004;APB-000016;APB-000017	yes	attachment_update	done	Stage 3 attachment route generated from completed scope row; use exact source blocks and missing-input prompts before item-level production claims.
S3-SCOPE-001	J004	S3-J003	GPTs/attachments/06_data_dictionary_performance_views.md	06. Data Dictionary and Performance Views	KAE-BLOCK-000273	hybrid	primary_working_source_after_alignment	aligned	administrator_operations;error_message_reference;general_reference_1_datatypes_properties;general_reference_2_dictionary_views;replication_manual;sql_reference	7.1;7.3;8.1_verified	Korean authoritative; English extraction aid; Altibase 8.1 verified source	SRC-000049;SRC-000054;SRC-000056;SRC-000057;SRC-000070;SRC-000072;SRC-000113;SRC-000118;SRC-000120;SRC-000121;SRC-000132;SRC-000134;SRC-000173;SRC-000178;SRC-000180;SRC-000181;SRC-000192;SRC-000194;SRC-000018;SRC-000023;SRC-000025;SRC-000026;SRC-000038;SRC-000040;SRC-000082;SRC-000087;SRC-000089;SRC-000090;SRC-000101;SRC-000103;SRC-000143;SRC-000148;SRC-000150;SRC-000151;SRC-000161;SRC-000163	SRC-000056/BLOCK-000515;SRC-000120/BLOCK-000517;SRC-000121/BLOCK-000523;SRC-000180/BLOCK-000519;SRC-000181/BLOCK-000525;SRC-000452/BLOCK-000826	PROP-105;PROP-112;PROP-130;PROP-131;PROP-132;PROP-134;PROP-148;PROP-103;PROP-107;PROP-146;PROP-147;PROP-149	APB-000004;APB-000016;APB-000017	yes	attachment_update	done	Stage 3 attachment route generated from completed scope row; use exact source blocks and missing-input prompts before item-level production claims.
S3-SCOPE-001	J004	S3-J003	GPTs/attachments/06_data_dictionary_performance_views.md	06. Data Dictionary and Performance Views	KAE-BLOCK-000274	hybrid	primary_working_source_after_alignment	aligned	c_cli_odbc_precompiler;dblink_hadoop_external_connectors;isql_iloader;jdbc_java;migration_oracle;spatial_nifi_tableau;utilities_datacompj;release_notes_platform;third_party_guides	7.1;7.1.0.1.2;7.3;7.3.0.0.1;8.1_verified;multi;8.1.0.0.1;Migration Center 7.10;Migration Center 7.11;Migration Center 7.12;Migration Center 7.13;Migration Center 7.14;Migration Center 7.15;Migration Center 7.16;Migration Center 7.17;Migration Center 7.18;Migration Center 7.19;Migration Center 7.9;dataCompJ 7.2	Korean authoritative; English extraction aid; Altibase 8.1 verified source	SRC-000046;SRC-000050;SRC-000052;SRC-000065;SRC-000068;SRC-000053;SRC-000059;SRC-000077;SRC-000078;SRC-000047;SRC-000061;SRC-000048;SRC-000074;SRC-000076;SRC-000450;SRC-000110;SRC-000114;SRC-000116;SRC-000128;SRC-000130;SRC-000117;SRC-000123;SRC-000138;SRC-000139;SRC-000111;SRC-000125;SRC-000112;SRC-000135;SRC-000137;SRC-000451;SRC-000170;SRC-000174;SRC-000176;SRC-000188;SRC-000190;SRC-000177;SRC-000183;SRC-000221;SRC-000198;SRC-000199;SRC-000171;SRC-000185;SRC-000172;SRC-000223;SRC-000195;SRC-000226;SRC-000197;SRC-000222;SRC-000227;SRC-000207;SRC-000473;SRC-000209;SRC-000212;SRC-000470;SRC-000008;SRC-000009;SRC-000010;SRC-000012;SRC-000013;SRC-000014;SRC-000208;SRC-000213;SRC-000452;SRC-000453;SRC-000454;SRC-000455;SRC-000456;SRC-000457;SRC-000458;SRC-000459;SRC-000460;SRC-000461;SRC-000462;SRC-000463;SRC-000471;SRC-000015;SRC-000019;SRC-000021;SRC-000034;SRC-000036;SRC-000022;SRC-000028;SRC-000044;SRC-000045;SRC-000016;SRC-000030;SRC-000017;SRC-000041;SRC-000043;SRC-000427;SRC-000079;SRC-000083;SRC-000085;SRC-000097;SRC-000099;SRC-000086;SRC-000092;SRC-000107;SRC-000108;SRC-000080;SRC-000094;SRC-000081;SRC-000104;SRC-000106;SRC-000428;SRC-000140;SRC-000144;SRC-000146;SRC-000158;SRC-000160;SRC-000147;SRC-000153;SRC-000214;SRC-000167;SRC-000168;SRC-000141;SRC-000155;SRC-000142;SRC-000216;SRC-000164;SRC-000219;SRC-000166;SRC-000215;SRC-000220;SRC-000200;SRC-000202;SRC-000205;SRC-000448;SRC-000002;SRC-000003;SRC-000004;SRC-000005;SRC-000006;SRC-000007;SRC-000201;SRC-000206;SRC-000429;SRC-000430;SRC-000431;SRC-000432;SRC-000433;SRC-000434;SRC-000435;SRC-000436;SRC-000437;SRC-000438;SRC-000439;SRC-000442;SRC-000449	SRC-000056/BLOCK-000515;SRC-000120/BLOCK-000517;SRC-000121/BLOCK-000523;SRC-000180/BLOCK-000519;SRC-000181/BLOCK-000525;SRC-000452/BLOCK-000826	PROP-105;PROP-112;PROP-130;PROP-131;PROP-132;PROP-134;PROP-148;PROP-103;PROP-107;PROP-146;PROP-147;PROP-149	APB-000004;APB-000016;APB-000017	yes	attachment_update	done	Stage 3 attachment route generated from completed scope row; use exact source blocks and missing-input prompts before item-level production claims.
S3-SCOPE-001	J004	S3-J003	GPTs/attachments/06_data_dictionary_performance_views.md	06. Data Dictionary and Performance Views	KAE-BLOCK-000275	hybrid	primary_working_source_after_alignment	aligned	patch_notes;release_notes_platform;technical_documents_support;third_party_guides;migration_oracle;replication_manager;spatial_nifi_tableau;utilities_datacompj	7.1;7.3;8.1_verified;multi;selected release-note tool scopes	Korean authoritative; English extraction aid; Repository source evidence; Approved support evidence; Altibase 8.1 verified source	SRC-000008;SRC-000009;SRC-000010;SRC-000011;SRC-000012;SRC-000013;SRC-000014;SRC-000064;SRC-000301;SRC-000302;SRC-000303;SRC-000304;SRC-000305;SRC-000306;SRC-000307;SRC-000308;SRC-000309;SRC-000310;SRC-000311;SRC-000312;SRC-000313;SRC-000314;SRC-000315;SRC-000316;SRC-000317;SRC-000318;SRC-000319;SRC-000320;SRC-000321;SRC-000322;SRC-000323;SRC-000324;SRC-000325;SRC-000326;SRC-000327;SRC-000328;SRC-000329;SRC-000330;SRC-000331;SRC-000332;SRC-000333;SRC-000334;SRC-000335;SRC-000336;SRC-000337;SRC-000338;SRC-000339;SRC-000340;SRC-000341;SRC-000342;SRC-000343;SRC-000344;SRC-000345;SRC-000346;SRC-000347;SRC-000348;SRC-000349;SRC-000350;SRC-000351;SRC-000352;SRC-000353;SRC-000354;SRC-000355;SRC-000356;SRC-000357;SRC-000358;SRC-000359;SRC-000360;SRC-000361;SRC-000362;SRC-000363;SRC-000364;SRC-000365;SRC-000366;SRC-000367;SRC-000368;SRC-000369;SRC-000370;SRC-000371;SRC-000372;SRC-000373;SRC-000374;SRC-000375;SRC-000376;SRC-000377;SRC-000378;SRC-000379;SRC-000380;SRC-000381;SRC-000382;SRC-000383;SRC-000384;SRC-000385;SRC-000386;SRC-000387;SRC-000388;SRC-000389;SRC-000390;SRC-000391;SRC-000392;SRC-000393;SRC-000394;SRC-000395;SRC-000396;SRC-000405;SRC-000406;SRC-000407;SRC-000408;SRC-000409;SRC-000410;SRC-000411;SRC-000412;SRC-000413;SRC-000414;SRC-000415;SRC-000416;SRC-000417;SRC-000418;SRC-000419;SRC-000420;SRC-000421;SRC-000422;SRC-000423;SRC-000450;SRC-000451;SRC-000452;SRC-000453;SRC-000454;SRC-000455;SRC-000456;SRC-000457;SRC-000458;SRC-000459;SRC-000460;SRC-000461;SRC-000462;SRC-000463;SRC-000464;SRC-000465;SRC-000466;SRC-000467;SRC-000468;SRC-000469;SRC-000470;SRC-000471;SRC-000473;SRC-000474;SRC-000475;SRC-000476;SRC-000002;SRC-000003;SRC-000004;SRC-000005;SRC-000006;SRC-000007;SRC-000033;SRC-000231;SRC-000232;SRC-000233;SRC-000234;SRC-000235;SRC-000236;SRC-000237;SRC-000238;SRC-000239;SRC-000240;SRC-000241;SRC-000242;SRC-000243;SRC-000244;SRC-000245;SRC-000246;SRC-000247;SRC-000248;SRC-000249;SRC-000250;SRC-000251;SRC-000252;SRC-000253;SRC-000254;SRC-000255;SRC-000256;SRC-000257;SRC-000258;SRC-000259;SRC-000260;SRC-000261;SRC-000262;SRC-000263;SRC-000264;SRC-000265;SRC-000266;SRC-000267;SRC-000268;SRC-000269;SRC-000270;SRC-000271;SRC-000272;SRC-000273;SRC-000274;SRC-000275;SRC-000276;SRC-000277;SRC-000278;SRC-000279;SRC-000280;SRC-000281;SRC-000282;SRC-000283;SRC-000284;SRC-000285;SRC-000286;SRC-000287;SRC-000288;SRC-000289;SRC-000290;SRC-000291;SRC-000292;SRC-000293;SRC-000294;SRC-000295;SRC-000296;SRC-000297;SRC-000298;SRC-000299;SRC-000300;SRC-000399;SRC-000400;SRC-000401;SRC-000402;SRC-000403;SRC-000404;SRC-000427;SRC-000428;SRC-000429;SRC-000430;SRC-000431;SRC-000432;SRC-000433;SRC-000434;SRC-000435;SRC-000436;SRC-000437;SRC-000438;SRC-000439;SRC-000440;SRC-000441;SRC-000442;SRC-000443;SRC-000444;SRC-000445;SRC-000446;SRC-000447;SRC-000448;SRC-000449;SRC-000472;SRC-000001;SRC-000228;SRC-000229;SRC-000230;SRC-000397;SRC-000398;SRC-000424;SRC-000425;SRC-000426;SRC-000477	SRC-000056/BLOCK-000515;SRC-000120/BLOCK-000517;SRC-000121/BLOCK-000523;SRC-000180/BLOCK-000519;SRC-000181/BLOCK-000525;SRC-000452/BLOCK-000826	PROP-105;PROP-112;PROP-130;PROP-131;PROP-132;PROP-134;PROP-148;PROP-103;PROP-107;PROP-146;PROP-147;PROP-149	APB-000004;APB-000016;APB-000017	yes	attachment_update	done	Stage 3 attachment route generated from completed scope row; use exact source blocks and missing-input prompts before item-level production claims.
S3-SCOPE-002	J005	S3-J004	GPTs/attachments/05_data_types_properties.md	05. Data Types and Properties	KAE-BLOCK-000145	repo_paired_ko_en	primary_working_source_after_alignment	pending	general_reference_1_datatypes_properties	7.3	Korean authoritative; English extraction aid	SRC-000120;SRC-000089	SRC-000120/BLOCK-000517;SRC-000121/BLOCK-000523;SRC-000180/BLOCK-000519;SRC-000181/BLOCK-000525;SRC-000452/BLOCK-000826	PROP-104;PROP-108;PROP-109;PROP-110;PROP-111;PROP-117;PROP-133;PROP-144	APB-000004;APB-000005;APB-000016;APB-000017	yes	attachment_update	done	Stage 3 attachment route generated from completed scope row; use exact source blocks and missing-input prompts before item-level production claims.
S3-SCOPE-002	J005	S3-J004	GPTs/attachments/05_data_types_properties.md	05. Data Types and Properties	KAE-BLOCK-000146	repo_paired_ko_en	primary_working_source_after_alignment	pending	general_reference_2_dictionary_views	7.3	Korean authoritative; English extraction aid	SRC-000121;SRC-000090	SRC-000120/BLOCK-000517;SRC-000121/BLOCK-000523;SRC-000180/BLOCK-000519;SRC-000181/BLOCK-000525;SRC-000452/BLOCK-000826	PROP-104;PROP-108;PROP-109;PROP-110;PROP-111;PROP-117;PROP-133;PROP-144	APB-000004;APB-000005;APB-000016;APB-000017	yes	attachment_update	done	Stage 3 attachment route generated from completed scope row; use exact source blocks and missing-input prompts before item-level production claims.
S3-SCOPE-002	J005	S3-J004	GPTs/attachments/05_data_types_properties.md	05. Data Types and Properties	KAE-BLOCK-000201	repo_paired_ko_en	primary_working_source_after_alignment	pending	general_reference_1_datatypes_properties	8.1_verified	Korean authoritative; Altibase 8.1 verified source; English extraction aid	SRC-000180;SRC-000150	SRC-000120/BLOCK-000517;SRC-000121/BLOCK-000523;SRC-000180/BLOCK-000519;SRC-000181/BLOCK-000525;SRC-000452/BLOCK-000826	PROP-104;PROP-108;PROP-109;PROP-110;PROP-111;PROP-117;PROP-133;PROP-144	APB-000004;APB-000005;APB-000016;APB-000017	yes	attachment_update	done	Stage 3 attachment route generated from completed scope row; use exact source blocks and missing-input prompts before item-level production claims.
S3-SCOPE-002	J005	S3-J004	GPTs/attachments/05_data_types_properties.md	05. Data Types and Properties	KAE-BLOCK-000202	repo_paired_ko_en	primary_working_source_after_alignment	pending	general_reference_2_dictionary_views	8.1_verified	Korean authoritative; Altibase 8.1 verified source; English extraction aid	SRC-000181;SRC-000151	SRC-000120/BLOCK-000517;SRC-000121/BLOCK-000523;SRC-000180/BLOCK-000519;SRC-000181/BLOCK-000525;SRC-000452/BLOCK-000826	PROP-104;PROP-108;PROP-109;PROP-110;PROP-111;PROP-117;PROP-133;PROP-144	APB-000004;APB-000005;APB-000016;APB-000017	yes	attachment_update	done	Stage 3 attachment route generated from completed scope row; use exact source blocks and missing-input prompts before item-level production claims.
S3-SCOPE-002	J005	S3-J004	GPTs/attachments/05_data_types_properties.md	05. Data Types and Properties	KAE-BLOCK-000253	repo_paired_ko_en	primary_working_source_after_alignment	pending	release_notes_platform	8.1.0.0.1	Korean authoritative; Altibase 8.1 verified source; English extraction aid	SRC-000452;SRC-000429	SRC-000120/BLOCK-000517;SRC-000121/BLOCK-000523;SRC-000180/BLOCK-000519;SRC-000181/BLOCK-000525;SRC-000452/BLOCK-000826	PROP-104;PROP-108;PROP-109;PROP-110;PROP-111;PROP-117;PROP-133;PROP-144	APB-000004;APB-000005;APB-000016;APB-000017	yes	attachment_update	done	Stage 3 attachment route generated from completed scope row; use exact source blocks and missing-input prompts before item-level production claims.
S3-SCOPE-002	J005	S3-J004	GPTs/attachments/05_data_types_properties.md	05. Data Types and Properties	KAE-BLOCK-000272	hybrid	primary_working_source_after_alignment	aligned	administrator_operations;general_reference_1_datatypes_properties;getting_started_installation;replication_manual;security_ssl_tls;sql_reference	7.1;7.3;8.1_verified	Korean authoritative; English extraction aid; Altibase 8.1 verified source	SRC-000049;SRC-000056;SRC-000058;SRC-000060;SRC-000070;SRC-000051;SRC-000072;SRC-000113;SRC-000120;SRC-000122;SRC-000124;SRC-000132;SRC-000115;SRC-000134;SRC-000173;SRC-000180;SRC-000182;SRC-000184;SRC-000192;SRC-000175;SRC-000194;SRC-000018;SRC-000025;SRC-000027;SRC-000029;SRC-000038;SRC-000020;SRC-000040;SRC-000082;SRC-000089;SRC-000091;SRC-000093;SRC-000101;SRC-000084;SRC-000103;SRC-000143;SRC-000150;SRC-000152;SRC-000154;SRC-000161;SRC-000145;SRC-000163	SRC-000120/BLOCK-000517;SRC-000121/BLOCK-000523;SRC-000180/BLOCK-000519;SRC-000181/BLOCK-000525;SRC-000452/BLOCK-000826	PROP-104;PROP-108;PROP-109;PROP-110;PROP-111;PROP-117;PROP-133;PROP-144	APB-000004;APB-000005;APB-000016;APB-000017	yes	attachment_update	done	Stage 3 attachment route generated from completed scope row; use exact source blocks and missing-input prompts before item-level production claims.
S3-SCOPE-002	J005	S3-J004	GPTs/attachments/05_data_types_properties.md	05. Data Types and Properties	KAE-BLOCK-000273	hybrid	primary_working_source_after_alignment	aligned	administrator_operations;error_message_reference;general_reference_1_datatypes_properties;general_reference_2_dictionary_views;replication_manual;sql_reference	7.1;7.3;8.1_verified	Korean authoritative; English extraction aid; Altibase 8.1 verified source	SRC-000049;SRC-000054;SRC-000056;SRC-000057;SRC-000070;SRC-000072;SRC-000113;SRC-000118;SRC-000120;SRC-000121;SRC-000132;SRC-000134;SRC-000173;SRC-000178;SRC-000180;SRC-000181;SRC-000192;SRC-000194;SRC-000018;SRC-000023;SRC-000025;SRC-000026;SRC-000038;SRC-000040;SRC-000082;SRC-000087;SRC-000089;SRC-000090;SRC-000101;SRC-000103;SRC-000143;SRC-000148;SRC-000150;SRC-000151;SRC-000161;SRC-000163	SRC-000120/BLOCK-000517;SRC-000121/BLOCK-000523;SRC-000180/BLOCK-000519;SRC-000181/BLOCK-000525;SRC-000452/BLOCK-000826	PROP-104;PROP-108;PROP-109;PROP-110;PROP-111;PROP-117;PROP-133;PROP-144	APB-000004;APB-000005;APB-000016;APB-000017	yes	attachment_update	done	Stage 3 attachment route generated from completed scope row; use exact source blocks and missing-input prompts before item-level production claims.
S3-SCOPE-002	J005	S3-J004	GPTs/attachments/05_data_types_properties.md	05. Data Types and Properties	KAE-BLOCK-000274	hybrid	primary_working_source_after_alignment	aligned	c_cli_odbc_precompiler;dblink_hadoop_external_connectors;isql_iloader;jdbc_java;migration_oracle;spatial_nifi_tableau;utilities_datacompj;release_notes_platform;third_party_guides	7.1;7.1.0.1.2;7.3;7.3.0.0.1;8.1_verified;multi;8.1.0.0.1;Migration Center 7.10;Migration Center 7.11;Migration Center 7.12;Migration Center 7.13;Migration Center 7.14;Migration Center 7.15;Migration Center 7.16;Migration Center 7.17;Migration Center 7.18;Migration Center 7.19;Migration Center 7.9;dataCompJ 7.2	Korean authoritative; English extraction aid; Altibase 8.1 verified source	SRC-000046;SRC-000050;SRC-000052;SRC-000065;SRC-000068;SRC-000053;SRC-000059;SRC-000077;SRC-000078;SRC-000047;SRC-000061;SRC-000048;SRC-000074;SRC-000076;SRC-000450;SRC-000110;SRC-000114;SRC-000116;SRC-000128;SRC-000130;SRC-000117;SRC-000123;SRC-000138;SRC-000139;SRC-000111;SRC-000125;SRC-000112;SRC-000135;SRC-000137;SRC-000451;SRC-000170;SRC-000174;SRC-000176;SRC-000188;SRC-000190;SRC-000177;SRC-000183;SRC-000221;SRC-000198;SRC-000199;SRC-000171;SRC-000185;SRC-000172;SRC-000223;SRC-000195;SRC-000226;SRC-000197;SRC-000222;SRC-000227;SRC-000207;SRC-000473;SRC-000209;SRC-000212;SRC-000470;SRC-000008;SRC-000009;SRC-000010;SRC-000012;SRC-000013;SRC-000014;SRC-000208;SRC-000213;SRC-000452;SRC-000453;SRC-000454;SRC-000455;SRC-000456;SRC-000457;SRC-000458;SRC-000459;SRC-000460;SRC-000461;SRC-000462;SRC-000463;SRC-000471;SRC-000015;SRC-000019;SRC-000021;SRC-000034;SRC-000036;SRC-000022;SRC-000028;SRC-000044;SRC-000045;SRC-000016;SRC-000030;SRC-000017;SRC-000041;SRC-000043;SRC-000427;SRC-000079;SRC-000083;SRC-000085;SRC-000097;SRC-000099;SRC-000086;SRC-000092;SRC-000107;SRC-000108;SRC-000080;SRC-000094;SRC-000081;SRC-000104;SRC-000106;SRC-000428;SRC-000140;SRC-000144;SRC-000146;SRC-000158;SRC-000160;SRC-000147;SRC-000153;SRC-000214;SRC-000167;SRC-000168;SRC-000141;SRC-000155;SRC-000142;SRC-000216;SRC-000164;SRC-000219;SRC-000166;SRC-000215;SRC-000220;SRC-000200;SRC-000202;SRC-000205;SRC-000448;SRC-000002;SRC-000003;SRC-000004;SRC-000005;SRC-000006;SRC-000007;SRC-000201;SRC-000206;SRC-000429;SRC-000430;SRC-000431;SRC-000432;SRC-000433;SRC-000434;SRC-000435;SRC-000436;SRC-000437;SRC-000438;SRC-000439;SRC-000442;SRC-000449	SRC-000120/BLOCK-000517;SRC-000121/BLOCK-000523;SRC-000180/BLOCK-000519;SRC-000181/BLOCK-000525;SRC-000452/BLOCK-000826	PROP-104;PROP-108;PROP-109;PROP-110;PROP-111;PROP-117;PROP-133;PROP-144	APB-000004;APB-000005;APB-000016;APB-000017	yes	attachment_update	done	Stage 3 attachment route generated from completed scope row; use exact source blocks and missing-input prompts before item-level production claims.
S3-SCOPE-002	J005	S3-J004	GPTs/attachments/05_data_types_properties.md	05. Data Types and Properties	KAE-BLOCK-000275	hybrid	primary_working_source_after_alignment	aligned	patch_notes;release_notes_platform;technical_documents_support;third_party_guides;migration_oracle;replication_manager;spatial_nifi_tableau;utilities_datacompj	7.1;7.3;8.1_verified;multi;selected release-note tool scopes	Korean authoritative; English extraction aid; Repository source evidence; Approved support evidence; Altibase 8.1 verified source	SRC-000008;SRC-000009;SRC-000010;SRC-000011;SRC-000012;SRC-000013;SRC-000014;SRC-000064;SRC-000301;SRC-000302;SRC-000303;SRC-000304;SRC-000305;SRC-000306;SRC-000307;SRC-000308;SRC-000309;SRC-000310;SRC-000311;SRC-000312;SRC-000313;SRC-000314;SRC-000315;SRC-000316;SRC-000317;SRC-000318;SRC-000319;SRC-000320;SRC-000321;SRC-000322;SRC-000323;SRC-000324;SRC-000325;SRC-000326;SRC-000327;SRC-000328;SRC-000329;SRC-000330;SRC-000331;SRC-000332;SRC-000333;SRC-000334;SRC-000335;SRC-000336;SRC-000337;SRC-000338;SRC-000339;SRC-000340;SRC-000341;SRC-000342;SRC-000343;SRC-000344;SRC-000345;SRC-000346;SRC-000347;SRC-000348;SRC-000349;SRC-000350;SRC-000351;SRC-000352;SRC-000353;SRC-000354;SRC-000355;SRC-000356;SRC-000357;SRC-000358;SRC-000359;SRC-000360;SRC-000361;SRC-000362;SRC-000363;SRC-000364;SRC-000365;SRC-000366;SRC-000367;SRC-000368;SRC-000369;SRC-000370;SRC-000371;SRC-000372;SRC-000373;SRC-000374;SRC-000375;SRC-000376;SRC-000377;SRC-000378;SRC-000379;SRC-000380;SRC-000381;SRC-000382;SRC-000383;SRC-000384;SRC-000385;SRC-000386;SRC-000387;SRC-000388;SRC-000389;SRC-000390;SRC-000391;SRC-000392;SRC-000393;SRC-000394;SRC-000395;SRC-000396;SRC-000405;SRC-000406;SRC-000407;SRC-000408;SRC-000409;SRC-000410;SRC-000411;SRC-000412;SRC-000413;SRC-000414;SRC-000415;SRC-000416;SRC-000417;SRC-000418;SRC-000419;SRC-000420;SRC-000421;SRC-000422;SRC-000423;SRC-000450;SRC-000451;SRC-000452;SRC-000453;SRC-000454;SRC-000455;SRC-000456;SRC-000457;SRC-000458;SRC-000459;SRC-000460;SRC-000461;SRC-000462;SRC-000463;SRC-000464;SRC-000465;SRC-000466;SRC-000467;SRC-000468;SRC-000469;SRC-000470;SRC-000471;SRC-000473;SRC-000474;SRC-000475;SRC-000476;SRC-000002;SRC-000003;SRC-000004;SRC-000005;SRC-000006;SRC-000007;SRC-000033;SRC-000231;SRC-000232;SRC-000233;SRC-000234;SRC-000235;SRC-000236;SRC-000237;SRC-000238;SRC-000239;SRC-000240;SRC-000241;SRC-000242;SRC-000243;SRC-000244;SRC-000245;SRC-000246;SRC-000247;SRC-000248;SRC-000249;SRC-000250;SRC-000251;SRC-000252;SRC-000253;SRC-000254;SRC-000255;SRC-000256;SRC-000257;SRC-000258;SRC-000259;SRC-000260;SRC-000261;SRC-000262;SRC-000263;SRC-000264;SRC-000265;SRC-000266;SRC-000267;SRC-000268;SRC-000269;SRC-000270;SRC-000271;SRC-000272;SRC-000273;SRC-000274;SRC-000275;SRC-000276;SRC-000277;SRC-000278;SRC-000279;SRC-000280;SRC-000281;SRC-000282;SRC-000283;SRC-000284;SRC-000285;SRC-000286;SRC-000287;SRC-000288;SRC-000289;SRC-000290;SRC-000291;SRC-000292;SRC-000293;SRC-000294;SRC-000295;SRC-000296;SRC-000297;SRC-000298;SRC-000299;SRC-000300;SRC-000399;SRC-000400;SRC-000401;SRC-000402;SRC-000403;SRC-000404;SRC-000427;SRC-000428;SRC-000429;SRC-000430;SRC-000431;SRC-000432;SRC-000433;SRC-000434;SRC-000435;SRC-000436;SRC-000437;SRC-000438;SRC-000439;SRC-000440;SRC-000441;SRC-000442;SRC-000443;SRC-000444;SRC-000445;SRC-000446;SRC-000447;SRC-000448;SRC-000449;SRC-000472;SRC-000001;SRC-000228;SRC-000229;SRC-000230;SRC-000397;SRC-000398;SRC-000424;SRC-000425;SRC-000426;SRC-000477	SRC-000120/BLOCK-000517;SRC-000121/BLOCK-000523;SRC-000180/BLOCK-000519;SRC-000181/BLOCK-000525;SRC-000452/BLOCK-000826	PROP-104;PROP-108;PROP-109;PROP-110;PROP-111;PROP-117;PROP-133;PROP-144	APB-000004;APB-000005;APB-000016;APB-000017	yes	attachment_update	done	Stage 3 attachment route generated from completed scope row; use exact source blocks and missing-input prompts before item-level production claims.
S3-SCOPE-002	J005	S3-J004	GPTs/attachments/00_version_release_platform.md	00. Versions, Releases, and Supported Platforms	KAE-BLOCK-000145	repo_paired_ko_en	primary_working_source_after_alignment	pending	general_reference_1_datatypes_properties	7.3	Korean authoritative; English extraction aid	SRC-000120;SRC-000089	SRC-000120/BLOCK-000517;SRC-000121/BLOCK-000523;SRC-000180/BLOCK-000519;SRC-000181/BLOCK-000525;SRC-000452/BLOCK-000826	PROP-104;PROP-108;PROP-109;PROP-110;PROP-111;PROP-117;PROP-133;PROP-144	APB-000004;APB-000005;APB-000016;APB-000017	yes	attachment_update	done	Stage 3 attachment route generated from completed scope row; use exact source blocks and missing-input prompts before item-level production claims.
S3-SCOPE-002	J005	S3-J004	GPTs/attachments/00_version_release_platform.md	00. Versions, Releases, and Supported Platforms	KAE-BLOCK-000146	repo_paired_ko_en	primary_working_source_after_alignment	pending	general_reference_2_dictionary_views	7.3	Korean authoritative; English extraction aid	SRC-000121;SRC-000090	SRC-000120/BLOCK-000517;SRC-000121/BLOCK-000523;SRC-000180/BLOCK-000519;SRC-000181/BLOCK-000525;SRC-000452/BLOCK-000826	PROP-104;PROP-108;PROP-109;PROP-110;PROP-111;PROP-117;PROP-133;PROP-144	APB-000004;APB-000005;APB-000016;APB-000017	yes	attachment_update	done	Stage 3 attachment route generated from completed scope row; use exact source blocks and missing-input prompts before item-level production claims.
S3-SCOPE-002	J005	S3-J004	GPTs/attachments/00_version_release_platform.md	00. Versions, Releases, and Supported Platforms	KAE-BLOCK-000201	repo_paired_ko_en	primary_working_source_after_alignment	pending	general_reference_1_datatypes_properties	8.1_verified	Korean authoritative; Altibase 8.1 verified source; English extraction aid	SRC-000180;SRC-000150	SRC-000120/BLOCK-000517;SRC-000121/BLOCK-000523;SRC-000180/BLOCK-000519;SRC-000181/BLOCK-000525;SRC-000452/BLOCK-000826	PROP-104;PROP-108;PROP-109;PROP-110;PROP-111;PROP-117;PROP-133;PROP-144	APB-000004;APB-000005;APB-000016;APB-000017	yes	attachment_update	done	Stage 3 attachment route generated from completed scope row; use exact source blocks and missing-input prompts before item-level production claims.
S3-SCOPE-002	J005	S3-J004	GPTs/attachments/00_version_release_platform.md	00. Versions, Releases, and Supported Platforms	KAE-BLOCK-000202	repo_paired_ko_en	primary_working_source_after_alignment	pending	general_reference_2_dictionary_views	8.1_verified	Korean authoritative; Altibase 8.1 verified source; English extraction aid	SRC-000181;SRC-000151	SRC-000120/BLOCK-000517;SRC-000121/BLOCK-000523;SRC-000180/BLOCK-000519;SRC-000181/BLOCK-000525;SRC-000452/BLOCK-000826	PROP-104;PROP-108;PROP-109;PROP-110;PROP-111;PROP-117;PROP-133;PROP-144	APB-000004;APB-000005;APB-000016;APB-000017	yes	attachment_update	done	Stage 3 attachment route generated from completed scope row; use exact source blocks and missing-input prompts before item-level production claims.
S3-SCOPE-002	J005	S3-J004	GPTs/attachments/00_version_release_platform.md	00. Versions, Releases, and Supported Platforms	KAE-BLOCK-000253	repo_paired_ko_en	primary_working_source_after_alignment	pending	release_notes_platform	8.1.0.0.1	Korean authoritative; Altibase 8.1 verified source; English extraction aid	SRC-000452;SRC-000429	SRC-000120/BLOCK-000517;SRC-000121/BLOCK-000523;SRC-000180/BLOCK-000519;SRC-000181/BLOCK-000525;SRC-000452/BLOCK-000826	PROP-104;PROP-108;PROP-109;PROP-110;PROP-111;PROP-117;PROP-133;PROP-144	APB-000004;APB-000005;APB-000016;APB-000017	yes	attachment_update	done	Stage 3 attachment route generated from completed scope row; use exact source blocks and missing-input prompts before item-level production claims.
S3-SCOPE-002	J005	S3-J004	GPTs/attachments/00_version_release_platform.md	00. Versions, Releases, and Supported Platforms	KAE-BLOCK-000272	hybrid	primary_working_source_after_alignment	aligned	administrator_operations;general_reference_1_datatypes_properties;getting_started_installation;replication_manual;security_ssl_tls;sql_reference	7.1;7.3;8.1_verified	Korean authoritative; English extraction aid; Altibase 8.1 verified source	SRC-000049;SRC-000056;SRC-000058;SRC-000060;SRC-000070;SRC-000051;SRC-000072;SRC-000113;SRC-000120;SRC-000122;SRC-000124;SRC-000132;SRC-000115;SRC-000134;SRC-000173;SRC-000180;SRC-000182;SRC-000184;SRC-000192;SRC-000175;SRC-000194;SRC-000018;SRC-000025;SRC-000027;SRC-000029;SRC-000038;SRC-000020;SRC-000040;SRC-000082;SRC-000089;SRC-000091;SRC-000093;SRC-000101;SRC-000084;SRC-000103;SRC-000143;SRC-000150;SRC-000152;SRC-000154;SRC-000161;SRC-000145;SRC-000163	SRC-000120/BLOCK-000517;SRC-000121/BLOCK-000523;SRC-000180/BLOCK-000519;SRC-000181/BLOCK-000525;SRC-000452/BLOCK-000826	PROP-104;PROP-108;PROP-109;PROP-110;PROP-111;PROP-117;PROP-133;PROP-144	APB-000004;APB-000005;APB-000016;APB-000017	yes	attachment_update	done	Stage 3 attachment route generated from completed scope row; use exact source blocks and missing-input prompts before item-level production claims.
S3-SCOPE-002	J005	S3-J004	GPTs/attachments/00_version_release_platform.md	00. Versions, Releases, and Supported Platforms	KAE-BLOCK-000273	hybrid	primary_working_source_after_alignment	aligned	administrator_operations;error_message_reference;general_reference_1_datatypes_properties;general_reference_2_dictionary_views;replication_manual;sql_reference	7.1;7.3;8.1_verified	Korean authoritative; English extraction aid; Altibase 8.1 verified source	SRC-000049;SRC-000054;SRC-000056;SRC-000057;SRC-000070;SRC-000072;SRC-000113;SRC-000118;SRC-000120;SRC-000121;SRC-000132;SRC-000134;SRC-000173;SRC-000178;SRC-000180;SRC-000181;SRC-000192;SRC-000194;SRC-000018;SRC-000023;SRC-000025;SRC-000026;SRC-000038;SRC-000040;SRC-000082;SRC-000087;SRC-000089;SRC-000090;SRC-000101;SRC-000103;SRC-000143;SRC-000148;SRC-000150;SRC-000151;SRC-000161;SRC-000163	SRC-000120/BLOCK-000517;SRC-000121/BLOCK-000523;SRC-000180/BLOCK-000519;SRC-000181/BLOCK-000525;SRC-000452/BLOCK-000826	PROP-104;PROP-108;PROP-109;PROP-110;PROP-111;PROP-117;PROP-133;PROP-144	APB-000004;APB-000005;APB-000016;APB-000017	yes	attachment_update	done	Stage 3 attachment route generated from completed scope row; use exact source blocks and missing-input prompts before item-level production claims.
S3-SCOPE-002	J005	S3-J004	GPTs/attachments/00_version_release_platform.md	00. Versions, Releases, and Supported Platforms	KAE-BLOCK-000274	hybrid	primary_working_source_after_alignment	aligned	c_cli_odbc_precompiler;dblink_hadoop_external_connectors;isql_iloader;jdbc_java;migration_oracle;spatial_nifi_tableau;utilities_datacompj;release_notes_platform;third_party_guides	7.1;7.1.0.1.2;7.3;7.3.0.0.1;8.1_verified;multi;8.1.0.0.1;Migration Center 7.10;Migration Center 7.11;Migration Center 7.12;Migration Center 7.13;Migration Center 7.14;Migration Center 7.15;Migration Center 7.16;Migration Center 7.17;Migration Center 7.18;Migration Center 7.19;Migration Center 7.9;dataCompJ 7.2	Korean authoritative; English extraction aid; Altibase 8.1 verified source	SRC-000046;SRC-000050;SRC-000052;SRC-000065;SRC-000068;SRC-000053;SRC-000059;SRC-000077;SRC-000078;SRC-000047;SRC-000061;SRC-000048;SRC-000074;SRC-000076;SRC-000450;SRC-000110;SRC-000114;SRC-000116;SRC-000128;SRC-000130;SRC-000117;SRC-000123;SRC-000138;SRC-000139;SRC-000111;SRC-000125;SRC-000112;SRC-000135;SRC-000137;SRC-000451;SRC-000170;SRC-000174;SRC-000176;SRC-000188;SRC-000190;SRC-000177;SRC-000183;SRC-000221;SRC-000198;SRC-000199;SRC-000171;SRC-000185;SRC-000172;SRC-000223;SRC-000195;SRC-000226;SRC-000197;SRC-000222;SRC-000227;SRC-000207;SRC-000473;SRC-000209;SRC-000212;SRC-000470;SRC-000008;SRC-000009;SRC-000010;SRC-000012;SRC-000013;SRC-000014;SRC-000208;SRC-000213;SRC-000452;SRC-000453;SRC-000454;SRC-000455;SRC-000456;SRC-000457;SRC-000458;SRC-000459;SRC-000460;SRC-000461;SRC-000462;SRC-000463;SRC-000471;SRC-000015;SRC-000019;SRC-000021;SRC-000034;SRC-000036;SRC-000022;SRC-000028;SRC-000044;SRC-000045;SRC-000016;SRC-000030;SRC-000017;SRC-000041;SRC-000043;SRC-000427;SRC-000079;SRC-000083;SRC-000085;SRC-000097;SRC-000099;SRC-000086;SRC-000092;SRC-000107;SRC-000108;SRC-000080;SRC-000094;SRC-000081;SRC-000104;SRC-000106;SRC-000428;SRC-000140;SRC-000144;SRC-000146;SRC-000158;SRC-000160;SRC-000147;SRC-000153;SRC-000214;SRC-000167;SRC-000168;SRC-000141;SRC-000155;SRC-000142;SRC-000216;SRC-000164;SRC-000219;SRC-000166;SRC-000215;SRC-000220;SRC-000200;SRC-000202;SRC-000205;SRC-000448;SRC-000002;SRC-000003;SRC-000004;SRC-000005;SRC-000006;SRC-000007;SRC-000201;SRC-000206;SRC-000429;SRC-000430;SRC-000431;SRC-000432;SRC-000433;SRC-000434;SRC-000435;SRC-000436;SRC-000437;SRC-000438;SRC-000439;SRC-000442;SRC-000449	SRC-000120/BLOCK-000517;SRC-000121/BLOCK-000523;SRC-000180/BLOCK-000519;SRC-000181/BLOCK-000525;SRC-000452/BLOCK-000826	PROP-104;PROP-108;PROP-109;PROP-110;PROP-111;PROP-117;PROP-133;PROP-144	APB-000004;APB-000005;APB-000016;APB-000017	yes	attachment_update	done	Stage 3 attachment route generated from completed scope row; use exact source blocks and missing-input prompts before item-level production claims.
S3-SCOPE-002	J005	S3-J004	GPTs/attachments/00_version_release_platform.md	00. Versions, Releases, and Supported Platforms	KAE-BLOCK-000275	hybrid	primary_working_source_after_alignment	aligned	patch_notes;release_notes_platform;technical_documents_support;third_party_guides;migration_oracle;replication_manager;spatial_nifi_tableau;utilities_datacompj	7.1;7.3;8.1_verified;multi;selected release-note tool scopes	Korean authoritative; English extraction aid; Repository source evidence; Approved support evidence; Altibase 8.1 verified source	SRC-000008;SRC-000009;SRC-000010;SRC-000011;SRC-000012;SRC-000013;SRC-000014;SRC-000064;SRC-000301;SRC-000302;SRC-000303;SRC-000304;SRC-000305;SRC-000306;SRC-000307;SRC-000308;SRC-000309;SRC-000310;SRC-000311;SRC-000312;SRC-000313;SRC-000314;SRC-000315;SRC-000316;SRC-000317;SRC-000318;SRC-000319;SRC-000320;SRC-000321;SRC-000322;SRC-000323;SRC-000324;SRC-000325;SRC-000326;SRC-000327;SRC-000328;SRC-000329;SRC-000330;SRC-000331;SRC-000332;SRC-000333;SRC-000334;SRC-000335;SRC-000336;SRC-000337;SRC-000338;SRC-000339;SRC-000340;SRC-000341;SRC-000342;SRC-000343;SRC-000344;SRC-000345;SRC-000346;SRC-000347;SRC-000348;SRC-000349;SRC-000350;SRC-000351;SRC-000352;SRC-000353;SRC-000354;SRC-000355;SRC-000356;SRC-000357;SRC-000358;SRC-000359;SRC-000360;SRC-000361;SRC-000362;SRC-000363;SRC-000364;SRC-000365;SRC-000366;SRC-000367;SRC-000368;SRC-000369;SRC-000370;SRC-000371;SRC-000372;SRC-000373;SRC-000374;SRC-000375;SRC-000376;SRC-000377;SRC-000378;SRC-000379;SRC-000380;SRC-000381;SRC-000382;SRC-000383;SRC-000384;SRC-000385;SRC-000386;SRC-000387;SRC-000388;SRC-000389;SRC-000390;SRC-000391;SRC-000392;SRC-000393;SRC-000394;SRC-000395;SRC-000396;SRC-000405;SRC-000406;SRC-000407;SRC-000408;SRC-000409;SRC-000410;SRC-000411;SRC-000412;SRC-000413;SRC-000414;SRC-000415;SRC-000416;SRC-000417;SRC-000418;SRC-000419;SRC-000420;SRC-000421;SRC-000422;SRC-000423;SRC-000450;SRC-000451;SRC-000452;SRC-000453;SRC-000454;SRC-000455;SRC-000456;SRC-000457;SRC-000458;SRC-000459;SRC-000460;SRC-000461;SRC-000462;SRC-000463;SRC-000464;SRC-000465;SRC-000466;SRC-000467;SRC-000468;SRC-000469;SRC-000470;SRC-000471;SRC-000473;SRC-000474;SRC-000475;SRC-000476;SRC-000002;SRC-000003;SRC-000004;SRC-000005;SRC-000006;SRC-000007;SRC-000033;SRC-000231;SRC-000232;SRC-000233;SRC-000234;SRC-000235;SRC-000236;SRC-000237;SRC-000238;SRC-000239;SRC-000240;SRC-000241;SRC-000242;SRC-000243;SRC-000244;SRC-000245;SRC-000246;SRC-000247;SRC-000248;SRC-000249;SRC-000250;SRC-000251;SRC-000252;SRC-000253;SRC-000254;SRC-000255;SRC-000256;SRC-000257;SRC-000258;SRC-000259;SRC-000260;SRC-000261;SRC-000262;SRC-000263;SRC-000264;SRC-000265;SRC-000266;SRC-000267;SRC-000268;SRC-000269;SRC-000270;SRC-000271;SRC-000272;SRC-000273;SRC-000274;SRC-000275;SRC-000276;SRC-000277;SRC-000278;SRC-000279;SRC-000280;SRC-000281;SRC-000282;SRC-000283;SRC-000284;SRC-000285;SRC-000286;SRC-000287;SRC-000288;SRC-000289;SRC-000290;SRC-000291;SRC-000292;SRC-000293;SRC-000294;SRC-000295;SRC-000296;SRC-000297;SRC-000298;SRC-000299;SRC-000300;SRC-000399;SRC-000400;SRC-000401;SRC-000402;SRC-000403;SRC-000404;SRC-000427;SRC-000428;SRC-000429;SRC-000430;SRC-000431;SRC-000432;SRC-000433;SRC-000434;SRC-000435;SRC-000436;SRC-000437;SRC-000438;SRC-000439;SRC-000440;SRC-000441;SRC-000442;SRC-000443;SRC-000444;SRC-000445;SRC-000446;SRC-000447;SRC-000448;SRC-000449;SRC-000472;SRC-000001;SRC-000228;SRC-000229;SRC-000230;SRC-000397;SRC-000398;SRC-000424;SRC-000425;SRC-000426;SRC-000477	SRC-000120/BLOCK-000517;SRC-000121/BLOCK-000523;SRC-000180/BLOCK-000519;SRC-000181/BLOCK-000525;SRC-000452/BLOCK-000826	PROP-104;PROP-108;PROP-109;PROP-110;PROP-111;PROP-117;PROP-133;PROP-144	APB-000004;APB-000005;APB-000016;APB-000017	yes	attachment_update	done	Stage 3 attachment route generated from completed scope row; use exact source blocks and missing-input prompts before item-level production claims.
S3-SCOPE-002	J005	S3-J004	GPTs/attachments/02_administration_operations.md	02. Administration and Operations	KAE-BLOCK-000145	repo_paired_ko_en	primary_working_source_after_alignment	pending	general_reference_1_datatypes_properties	7.3	Korean authoritative; English extraction aid	SRC-000120;SRC-000089	SRC-000120/BLOCK-000517;SRC-000121/BLOCK-000523;SRC-000180/BLOCK-000519;SRC-000181/BLOCK-000525;SRC-000452/BLOCK-000826	PROP-104;PROP-108;PROP-109;PROP-110;PROP-111;PROP-117;PROP-133;PROP-144	APB-000004;APB-000005;APB-000016;APB-000017	yes	attachment_update	done	Stage 3 attachment route generated from completed scope row; use exact source blocks and missing-input prompts before item-level production claims.
S3-SCOPE-002	J005	S3-J004	GPTs/attachments/02_administration_operations.md	02. Administration and Operations	KAE-BLOCK-000146	repo_paired_ko_en	primary_working_source_after_alignment	pending	general_reference_2_dictionary_views	7.3	Korean authoritative; English extraction aid	SRC-000121;SRC-000090	SRC-000120/BLOCK-000517;SRC-000121/BLOCK-000523;SRC-000180/BLOCK-000519;SRC-000181/BLOCK-000525;SRC-000452/BLOCK-000826	PROP-104;PROP-108;PROP-109;PROP-110;PROP-111;PROP-117;PROP-133;PROP-144	APB-000004;APB-000005;APB-000016;APB-000017	yes	attachment_update	done	Stage 3 attachment route generated from completed scope row; use exact source blocks and missing-input prompts before item-level production claims.
S3-SCOPE-002	J005	S3-J004	GPTs/attachments/02_administration_operations.md	02. Administration and Operations	KAE-BLOCK-000201	repo_paired_ko_en	primary_working_source_after_alignment	pending	general_reference_1_datatypes_properties	8.1_verified	Korean authoritative; Altibase 8.1 verified source; English extraction aid	SRC-000180;SRC-000150	SRC-000120/BLOCK-000517;SRC-000121/BLOCK-000523;SRC-000180/BLOCK-000519;SRC-000181/BLOCK-000525;SRC-000452/BLOCK-000826	PROP-104;PROP-108;PROP-109;PROP-110;PROP-111;PROP-117;PROP-133;PROP-144	APB-000004;APB-000005;APB-000016;APB-000017	yes	attachment_update	done	Stage 3 attachment route generated from completed scope row; use exact source blocks and missing-input prompts before item-level production claims.
S3-SCOPE-002	J005	S3-J004	GPTs/attachments/02_administration_operations.md	02. Administration and Operations	KAE-BLOCK-000202	repo_paired_ko_en	primary_working_source_after_alignment	pending	general_reference_2_dictionary_views	8.1_verified	Korean authoritative; Altibase 8.1 verified source; English extraction aid	SRC-000181;SRC-000151	SRC-000120/BLOCK-000517;SRC-000121/BLOCK-000523;SRC-000180/BLOCK-000519;SRC-000181/BLOCK-000525;SRC-000452/BLOCK-000826	PROP-104;PROP-108;PROP-109;PROP-110;PROP-111;PROP-117;PROP-133;PROP-144	APB-000004;APB-000005;APB-000016;APB-000017	yes	attachment_update	done	Stage 3 attachment route generated from completed scope row; use exact source blocks and missing-input prompts before item-level production claims.
S3-SCOPE-002	J005	S3-J004	GPTs/attachments/02_administration_operations.md	02. Administration and Operations	KAE-BLOCK-000253	repo_paired_ko_en	primary_working_source_after_alignment	pending	release_notes_platform	8.1.0.0.1	Korean authoritative; Altibase 8.1 verified source; English extraction aid	SRC-000452;SRC-000429	SRC-000120/BLOCK-000517;SRC-000121/BLOCK-000523;SRC-000180/BLOCK-000519;SRC-000181/BLOCK-000525;SRC-000452/BLOCK-000826	PROP-104;PROP-108;PROP-109;PROP-110;PROP-111;PROP-117;PROP-133;PROP-144	APB-000004;APB-000005;APB-000016;APB-000017	yes	attachment_update	done	Stage 3 attachment route generated from completed scope row; use exact source blocks and missing-input prompts before item-level production claims.
S3-SCOPE-002	J005	S3-J004	GPTs/attachments/02_administration_operations.md	02. Administration and Operations	KAE-BLOCK-000272	hybrid	primary_working_source_after_alignment	aligned	administrator_operations;general_reference_1_datatypes_properties;getting_started_installation;replication_manual;security_ssl_tls;sql_reference	7.1;7.3;8.1_verified	Korean authoritative; English extraction aid; Altibase 8.1 verified source	SRC-000049;SRC-000056;SRC-000058;SRC-000060;SRC-000070;SRC-000051;SRC-000072;SRC-000113;SRC-000120;SRC-000122;SRC-000124;SRC-000132;SRC-000115;SRC-000134;SRC-000173;SRC-000180;SRC-000182;SRC-000184;SRC-000192;SRC-000175;SRC-000194;SRC-000018;SRC-000025;SRC-000027;SRC-000029;SRC-000038;SRC-000020;SRC-000040;SRC-000082;SRC-000089;SRC-000091;SRC-000093;SRC-000101;SRC-000084;SRC-000103;SRC-000143;SRC-000150;SRC-000152;SRC-000154;SRC-000161;SRC-000145;SRC-000163	SRC-000120/BLOCK-000517;SRC-000121/BLOCK-000523;SRC-000180/BLOCK-000519;SRC-000181/BLOCK-000525;SRC-000452/BLOCK-000826	PROP-104;PROP-108;PROP-109;PROP-110;PROP-111;PROP-117;PROP-133;PROP-144	APB-000004;APB-000005;APB-000016;APB-000017	yes	attachment_update	done	Stage 3 attachment route generated from completed scope row; use exact source blocks and missing-input prompts before item-level production claims.
S3-SCOPE-002	J005	S3-J004	GPTs/attachments/02_administration_operations.md	02. Administration and Operations	KAE-BLOCK-000273	hybrid	primary_working_source_after_alignment	aligned	administrator_operations;error_message_reference;general_reference_1_datatypes_properties;general_reference_2_dictionary_views;replication_manual;sql_reference	7.1;7.3;8.1_verified	Korean authoritative; English extraction aid; Altibase 8.1 verified source	SRC-000049;SRC-000054;SRC-000056;SRC-000057;SRC-000070;SRC-000072;SRC-000113;SRC-000118;SRC-000120;SRC-000121;SRC-000132;SRC-000134;SRC-000173;SRC-000178;SRC-000180;SRC-000181;SRC-000192;SRC-000194;SRC-000018;SRC-000023;SRC-000025;SRC-000026;SRC-000038;SRC-000040;SRC-000082;SRC-000087;SRC-000089;SRC-000090;SRC-000101;SRC-000103;SRC-000143;SRC-000148;SRC-000150;SRC-000151;SRC-000161;SRC-000163	SRC-000120/BLOCK-000517;SRC-000121/BLOCK-000523;SRC-000180/BLOCK-000519;SRC-000181/BLOCK-000525;SRC-000452/BLOCK-000826	PROP-104;PROP-108;PROP-109;PROP-110;PROP-111;PROP-117;PROP-133;PROP-144	APB-000004;APB-000005;APB-000016;APB-000017	yes	attachment_update	done	Stage 3 attachment route generated from completed scope row; use exact source blocks and missing-input prompts before item-level production claims.
S3-SCOPE-002	J005	S3-J004	GPTs/attachments/02_administration_operations.md	02. Administration and Operations	KAE-BLOCK-000274	hybrid	primary_working_source_after_alignment	aligned	c_cli_odbc_precompiler;dblink_hadoop_external_connectors;isql_iloader;jdbc_java;migration_oracle;spatial_nifi_tableau;utilities_datacompj;release_notes_platform;third_party_guides	7.1;7.1.0.1.2;7.3;7.3.0.0.1;8.1_verified;multi;8.1.0.0.1;Migration Center 7.10;Migration Center 7.11;Migration Center 7.12;Migration Center 7.13;Migration Center 7.14;Migration Center 7.15;Migration Center 7.16;Migration Center 7.17;Migration Center 7.18;Migration Center 7.19;Migration Center 7.9;dataCompJ 7.2	Korean authoritative; English extraction aid; Altibase 8.1 verified source	SRC-000046;SRC-000050;SRC-000052;SRC-000065;SRC-000068;SRC-000053;SRC-000059;SRC-000077;SRC-000078;SRC-000047;SRC-000061;SRC-000048;SRC-000074;SRC-000076;SRC-000450;SRC-000110;SRC-000114;SRC-000116;SRC-000128;SRC-000130;SRC-000117;SRC-000123;SRC-000138;SRC-000139;SRC-000111;SRC-000125;SRC-000112;SRC-000135;SRC-000137;SRC-000451;SRC-000170;SRC-000174;SRC-000176;SRC-000188;SRC-000190;SRC-000177;SRC-000183;SRC-000221;SRC-000198;SRC-000199;SRC-000171;SRC-000185;SRC-000172;SRC-000223;SRC-000195;SRC-000226;SRC-000197;SRC-000222;SRC-000227;SRC-000207;SRC-000473;SRC-000209;SRC-000212;SRC-000470;SRC-000008;SRC-000009;SRC-000010;SRC-000012;SRC-000013;SRC-000014;SRC-000208;SRC-000213;SRC-000452;SRC-000453;SRC-000454;SRC-000455;SRC-000456;SRC-000457;SRC-000458;SRC-000459;SRC-000460;SRC-000461;SRC-000462;SRC-000463;SRC-000471;SRC-000015;SRC-000019;SRC-000021;SRC-000034;SRC-000036;SRC-000022;SRC-000028;SRC-000044;SRC-000045;SRC-000016;SRC-000030;SRC-000017;SRC-000041;SRC-000043;SRC-000427;SRC-000079;SRC-000083;SRC-000085;SRC-000097;SRC-000099;SRC-000086;SRC-000092;SRC-000107;SRC-000108;SRC-000080;SRC-000094;SRC-000081;SRC-000104;SRC-000106;SRC-000428;SRC-000140;SRC-000144;SRC-000146;SRC-000158;SRC-000160;SRC-000147;SRC-000153;SRC-000214;SRC-000167;SRC-000168;SRC-000141;SRC-000155;SRC-000142;SRC-000216;SRC-000164;SRC-000219;SRC-000166;SRC-000215;SRC-000220;SRC-000200;SRC-000202;SRC-000205;SRC-000448;SRC-000002;SRC-000003;SRC-000004;SRC-000005;SRC-000006;SRC-000007;SRC-000201;SRC-000206;SRC-000429;SRC-000430;SRC-000431;SRC-000432;SRC-000433;SRC-000434;SRC-000435;SRC-000436;SRC-000437;SRC-000438;SRC-000439;SRC-000442;SRC-000449	SRC-000120/BLOCK-000517;SRC-000121/BLOCK-000523;SRC-000180/BLOCK-000519;SRC-000181/BLOCK-000525;SRC-000452/BLOCK-000826	PROP-104;PROP-108;PROP-109;PROP-110;PROP-111;PROP-117;PROP-133;PROP-144	APB-000004;APB-000005;APB-000016;APB-000017	yes	attachment_update	done	Stage 3 attachment route generated from completed scope row; use exact source blocks and missing-input prompts before item-level production claims.
S3-SCOPE-002	J005	S3-J004	GPTs/attachments/02_administration_operations.md	02. Administration and Operations	KAE-BLOCK-000275	hybrid	primary_working_source_after_alignment	aligned	patch_notes;release_notes_platform;technical_documents_support;third_party_guides;migration_oracle;replication_manager;spatial_nifi_tableau;utilities_datacompj	7.1;7.3;8.1_verified;multi;selected release-note tool scopes	Korean authoritative; English extraction aid; Repository source evidence; Approved support evidence; Altibase 8.1 verified source	SRC-000008;SRC-000009;SRC-000010;SRC-000011;SRC-000012;SRC-000013;SRC-000014;SRC-000064;SRC-000301;SRC-000302;SRC-000303;SRC-000304;SRC-000305;SRC-000306;SRC-000307;SRC-000308;SRC-000309;SRC-000310;SRC-000311;SRC-000312;SRC-000313;SRC-000314;SRC-000315;SRC-000316;SRC-000317;SRC-000318;SRC-000319;SRC-000320;SRC-000321;SRC-000322;SRC-000323;SRC-000324;SRC-000325;SRC-000326;SRC-000327;SRC-000328;SRC-000329;SRC-000330;SRC-000331;SRC-000332;SRC-000333;SRC-000334;SRC-000335;SRC-000336;SRC-000337;SRC-000338;SRC-000339;SRC-000340;SRC-000341;SRC-000342;SRC-000343;SRC-000344;SRC-000345;SRC-000346;SRC-000347;SRC-000348;SRC-000349;SRC-000350;SRC-000351;SRC-000352;SRC-000353;SRC-000354;SRC-000355;SRC-000356;SRC-000357;SRC-000358;SRC-000359;SRC-000360;SRC-000361;SRC-000362;SRC-000363;SRC-000364;SRC-000365;SRC-000366;SRC-000367;SRC-000368;SRC-000369;SRC-000370;SRC-000371;SRC-000372;SRC-000373;SRC-000374;SRC-000375;SRC-000376;SRC-000377;SRC-000378;SRC-000379;SRC-000380;SRC-000381;SRC-000382;SRC-000383;SRC-000384;SRC-000385;SRC-000386;SRC-000387;SRC-000388;SRC-000389;SRC-000390;SRC-000391;SRC-000392;SRC-000393;SRC-000394;SRC-000395;SRC-000396;SRC-000405;SRC-000406;SRC-000407;SRC-000408;SRC-000409;SRC-000410;SRC-000411;SRC-000412;SRC-000413;SRC-000414;SRC-000415;SRC-000416;SRC-000417;SRC-000418;SRC-000419;SRC-000420;SRC-000421;SRC-000422;SRC-000423;SRC-000450;SRC-000451;SRC-000452;SRC-000453;SRC-000454;SRC-000455;SRC-000456;SRC-000457;SRC-000458;SRC-000459;SRC-000460;SRC-000461;SRC-000462;SRC-000463;SRC-000464;SRC-000465;SRC-000466;SRC-000467;SRC-000468;SRC-000469;SRC-000470;SRC-000471;SRC-000473;SRC-000474;SRC-000475;SRC-000476;SRC-000002;SRC-000003;SRC-000004;SRC-000005;SRC-000006;SRC-000007;SRC-000033;SRC-000231;SRC-000232;SRC-000233;SRC-000234;SRC-000235;SRC-000236;SRC-000237;SRC-000238;SRC-000239;SRC-000240;SRC-000241;SRC-000242;SRC-000243;SRC-000244;SRC-000245;SRC-000246;SRC-000247;SRC-000248;SRC-000249;SRC-000250;SRC-000251;SRC-000252;SRC-000253;SRC-000254;SRC-000255;SRC-000256;SRC-000257;SRC-000258;SRC-000259;SRC-000260;SRC-000261;SRC-000262;SRC-000263;SRC-000264;SRC-000265;SRC-000266;SRC-000267;SRC-000268;SRC-000269;SRC-000270;SRC-000271;SRC-000272;SRC-000273;SRC-000274;SRC-000275;SRC-000276;SRC-000277;SRC-000278;SRC-000279;SRC-000280;SRC-000281;SRC-000282;SRC-000283;SRC-000284;SRC-000285;SRC-000286;SRC-000287;SRC-000288;SRC-000289;SRC-000290;SRC-000291;SRC-000292;SRC-000293;SRC-000294;SRC-000295;SRC-000296;SRC-000297;SRC-000298;SRC-000299;SRC-000300;SRC-000399;SRC-000400;SRC-000401;SRC-000402;SRC-000403;SRC-000404;SRC-000427;SRC-000428;SRC-000429;SRC-000430;SRC-000431;SRC-000432;SRC-000433;SRC-000434;SRC-000435;SRC-000436;SRC-000437;SRC-000438;SRC-000439;SRC-000440;SRC-000441;SRC-000442;SRC-000443;SRC-000444;SRC-000445;SRC-000446;SRC-000447;SRC-000448;SRC-000449;SRC-000472;SRC-000001;SRC-000228;SRC-000229;SRC-000230;SRC-000397;SRC-000398;SRC-000424;SRC-000425;SRC-000426;SRC-000477	SRC-000120/BLOCK-000517;SRC-000121/BLOCK-000523;SRC-000180/BLOCK-000519;SRC-000181/BLOCK-000525;SRC-000452/BLOCK-000826	PROP-104;PROP-108;PROP-109;PROP-110;PROP-111;PROP-117;PROP-133;PROP-144	APB-000004;APB-000005;APB-000016;APB-000017	yes	attachment_update	done	Stage 3 attachment route generated from completed scope row; use exact source blocks and missing-input prompts before item-level production claims.
S3-SCOPE-002	J005	S3-J004	GPTs/attachments/08_performance_tuning_monitoring.md	08. Performance Tuning and Monitoring	KAE-BLOCK-000145	repo_paired_ko_en	primary_working_source_after_alignment	pending	general_reference_1_datatypes_properties	7.3	Korean authoritative; English extraction aid	SRC-000120;SRC-000089	SRC-000120/BLOCK-000517;SRC-000121/BLOCK-000523;SRC-000180/BLOCK-000519;SRC-000181/BLOCK-000525;SRC-000452/BLOCK-000826	PROP-104;PROP-108;PROP-109;PROP-110;PROP-111;PROP-117;PROP-133;PROP-144	APB-000004;APB-000005;APB-000016;APB-000017	yes	attachment_update	done	Stage 3 attachment route generated from completed scope row; use exact source blocks and missing-input prompts before item-level production claims.
S3-SCOPE-002	J005	S3-J004	GPTs/attachments/08_performance_tuning_monitoring.md	08. Performance Tuning and Monitoring	KAE-BLOCK-000146	repo_paired_ko_en	primary_working_source_after_alignment	pending	general_reference_2_dictionary_views	7.3	Korean authoritative; English extraction aid	SRC-000121;SRC-000090	SRC-000120/BLOCK-000517;SRC-000121/BLOCK-000523;SRC-000180/BLOCK-000519;SRC-000181/BLOCK-000525;SRC-000452/BLOCK-000826	PROP-104;PROP-108;PROP-109;PROP-110;PROP-111;PROP-117;PROP-133;PROP-144	APB-000004;APB-000005;APB-000016;APB-000017	yes	attachment_update	done	Stage 3 attachment route generated from completed scope row; use exact source blocks and missing-input prompts before item-level production claims.
S3-SCOPE-002	J005	S3-J004	GPTs/attachments/08_performance_tuning_monitoring.md	08. Performance Tuning and Monitoring	KAE-BLOCK-000201	repo_paired_ko_en	primary_working_source_after_alignment	pending	general_reference_1_datatypes_properties	8.1_verified	Korean authoritative; Altibase 8.1 verified source; English extraction aid	SRC-000180;SRC-000150	SRC-000120/BLOCK-000517;SRC-000121/BLOCK-000523;SRC-000180/BLOCK-000519;SRC-000181/BLOCK-000525;SRC-000452/BLOCK-000826	PROP-104;PROP-108;PROP-109;PROP-110;PROP-111;PROP-117;PROP-133;PROP-144	APB-000004;APB-000005;APB-000016;APB-000017	yes	attachment_update	done	Stage 3 attachment route generated from completed scope row; use exact source blocks and missing-input prompts before item-level production claims.
S3-SCOPE-002	J005	S3-J004	GPTs/attachments/08_performance_tuning_monitoring.md	08. Performance Tuning and Monitoring	KAE-BLOCK-000202	repo_paired_ko_en	primary_working_source_after_alignment	pending	general_reference_2_dictionary_views	8.1_verified	Korean authoritative; Altibase 8.1 verified source; English extraction aid	SRC-000181;SRC-000151	SRC-000120/BLOCK-000517;SRC-000121/BLOCK-000523;SRC-000180/BLOCK-000519;SRC-000181/BLOCK-000525;SRC-000452/BLOCK-000826	PROP-104;PROP-108;PROP-109;PROP-110;PROP-111;PROP-117;PROP-133;PROP-144	APB-000004;APB-000005;APB-000016;APB-000017	yes	attachment_update	done	Stage 3 attachment route generated from completed scope row; use exact source blocks and missing-input prompts before item-level production claims.
S3-SCOPE-002	J005	S3-J004	GPTs/attachments/08_performance_tuning_monitoring.md	08. Performance Tuning and Monitoring	KAE-BLOCK-000253	repo_paired_ko_en	primary_working_source_after_alignment	pending	release_notes_platform	8.1.0.0.1	Korean authoritative; Altibase 8.1 verified source; English extraction aid	SRC-000452;SRC-000429	SRC-000120/BLOCK-000517;SRC-000121/BLOCK-000523;SRC-000180/BLOCK-000519;SRC-000181/BLOCK-000525;SRC-000452/BLOCK-000826	PROP-104;PROP-108;PROP-109;PROP-110;PROP-111;PROP-117;PROP-133;PROP-144	APB-000004;APB-000005;APB-000016;APB-000017	yes	attachment_update	done	Stage 3 attachment route generated from completed scope row; use exact source blocks and missing-input prompts before item-level production claims.
S3-SCOPE-002	J005	S3-J004	GPTs/attachments/08_performance_tuning_monitoring.md	08. Performance Tuning and Monitoring	KAE-BLOCK-000272	hybrid	primary_working_source_after_alignment	aligned	administrator_operations;general_reference_1_datatypes_properties;getting_started_installation;replication_manual;security_ssl_tls;sql_reference	7.1;7.3;8.1_verified	Korean authoritative; English extraction aid; Altibase 8.1 verified source	SRC-000049;SRC-000056;SRC-000058;SRC-000060;SRC-000070;SRC-000051;SRC-000072;SRC-000113;SRC-000120;SRC-000122;SRC-000124;SRC-000132;SRC-000115;SRC-000134;SRC-000173;SRC-000180;SRC-000182;SRC-000184;SRC-000192;SRC-000175;SRC-000194;SRC-000018;SRC-000025;SRC-000027;SRC-000029;SRC-000038;SRC-000020;SRC-000040;SRC-000082;SRC-000089;SRC-000091;SRC-000093;SRC-000101;SRC-000084;SRC-000103;SRC-000143;SRC-000150;SRC-000152;SRC-000154;SRC-000161;SRC-000145;SRC-000163	SRC-000120/BLOCK-000517;SRC-000121/BLOCK-000523;SRC-000180/BLOCK-000519;SRC-000181/BLOCK-000525;SRC-000452/BLOCK-000826	PROP-104;PROP-108;PROP-109;PROP-110;PROP-111;PROP-117;PROP-133;PROP-144	APB-000004;APB-000005;APB-000016;APB-000017	yes	attachment_update	done	Stage 3 attachment route generated from completed scope row; use exact source blocks and missing-input prompts before item-level production claims.
S3-SCOPE-002	J005	S3-J004	GPTs/attachments/08_performance_tuning_monitoring.md	08. Performance Tuning and Monitoring	KAE-BLOCK-000273	hybrid	primary_working_source_after_alignment	aligned	administrator_operations;error_message_reference;general_reference_1_datatypes_properties;general_reference_2_dictionary_views;replication_manual;sql_reference	7.1;7.3;8.1_verified	Korean authoritative; English extraction aid; Altibase 8.1 verified source	SRC-000049;SRC-000054;SRC-000056;SRC-000057;SRC-000070;SRC-000072;SRC-000113;SRC-000118;SRC-000120;SRC-000121;SRC-000132;SRC-000134;SRC-000173;SRC-000178;SRC-000180;SRC-000181;SRC-000192;SRC-000194;SRC-000018;SRC-000023;SRC-000025;SRC-000026;SRC-000038;SRC-000040;SRC-000082;SRC-000087;SRC-000089;SRC-000090;SRC-000101;SRC-000103;SRC-000143;SRC-000148;SRC-000150;SRC-000151;SRC-000161;SRC-000163	SRC-000120/BLOCK-000517;SRC-000121/BLOCK-000523;SRC-000180/BLOCK-000519;SRC-000181/BLOCK-000525;SRC-000452/BLOCK-000826	PROP-104;PROP-108;PROP-109;PROP-110;PROP-111;PROP-117;PROP-133;PROP-144	APB-000004;APB-000005;APB-000016;APB-000017	yes	attachment_update	done	Stage 3 attachment route generated from completed scope row; use exact source blocks and missing-input prompts before item-level production claims.
S3-SCOPE-002	J005	S3-J004	GPTs/attachments/08_performance_tuning_monitoring.md	08. Performance Tuning and Monitoring	KAE-BLOCK-000274	hybrid	primary_working_source_after_alignment	aligned	c_cli_odbc_precompiler;dblink_hadoop_external_connectors;isql_iloader;jdbc_java;migration_oracle;spatial_nifi_tableau;utilities_datacompj;release_notes_platform;third_party_guides	7.1;7.1.0.1.2;7.3;7.3.0.0.1;8.1_verified;multi;8.1.0.0.1;Migration Center 7.10;Migration Center 7.11;Migration Center 7.12;Migration Center 7.13;Migration Center 7.14;Migration Center 7.15;Migration Center 7.16;Migration Center 7.17;Migration Center 7.18;Migration Center 7.19;Migration Center 7.9;dataCompJ 7.2	Korean authoritative; English extraction aid; Altibase 8.1 verified source	SRC-000046;SRC-000050;SRC-000052;SRC-000065;SRC-000068;SRC-000053;SRC-000059;SRC-000077;SRC-000078;SRC-000047;SRC-000061;SRC-000048;SRC-000074;SRC-000076;SRC-000450;SRC-000110;SRC-000114;SRC-000116;SRC-000128;SRC-000130;SRC-000117;SRC-000123;SRC-000138;SRC-000139;SRC-000111;SRC-000125;SRC-000112;SRC-000135;SRC-000137;SRC-000451;SRC-000170;SRC-000174;SRC-000176;SRC-000188;SRC-000190;SRC-000177;SRC-000183;SRC-000221;SRC-000198;SRC-000199;SRC-000171;SRC-000185;SRC-000172;SRC-000223;SRC-000195;SRC-000226;SRC-000197;SRC-000222;SRC-000227;SRC-000207;SRC-000473;SRC-000209;SRC-000212;SRC-000470;SRC-000008;SRC-000009;SRC-000010;SRC-000012;SRC-000013;SRC-000014;SRC-000208;SRC-000213;SRC-000452;SRC-000453;SRC-000454;SRC-000455;SRC-000456;SRC-000457;SRC-000458;SRC-000459;SRC-000460;SRC-000461;SRC-000462;SRC-000463;SRC-000471;SRC-000015;SRC-000019;SRC-000021;SRC-000034;SRC-000036;SRC-000022;SRC-000028;SRC-000044;SRC-000045;SRC-000016;SRC-000030;SRC-000017;SRC-000041;SRC-000043;SRC-000427;SRC-000079;SRC-000083;SRC-000085;SRC-000097;SRC-000099;SRC-000086;SRC-000092;SRC-000107;SRC-000108;SRC-000080;SRC-000094;SRC-000081;SRC-000104;SRC-000106;SRC-000428;SRC-000140;SRC-000144;SRC-000146;SRC-000158;SRC-000160;SRC-000147;SRC-000153;SRC-000214;SRC-000167;SRC-000168;SRC-000141;SRC-000155;SRC-000142;SRC-000216;SRC-000164;SRC-000219;SRC-000166;SRC-000215;SRC-000220;SRC-000200;SRC-000202;SRC-000205;SRC-000448;SRC-000002;SRC-000003;SRC-000004;SRC-000005;SRC-000006;SRC-000007;SRC-000201;SRC-000206;SRC-000429;SRC-000430;SRC-000431;SRC-000432;SRC-000433;SRC-000434;SRC-000435;SRC-000436;SRC-000437;SRC-000438;SRC-000439;SRC-000442;SRC-000449	SRC-000120/BLOCK-000517;SRC-000121/BLOCK-000523;SRC-000180/BLOCK-000519;SRC-000181/BLOCK-000525;SRC-000452/BLOCK-000826	PROP-104;PROP-108;PROP-109;PROP-110;PROP-111;PROP-117;PROP-133;PROP-144	APB-000004;APB-000005;APB-000016;APB-000017	yes	attachment_update	done	Stage 3 attachment route generated from completed scope row; use exact source blocks and missing-input prompts before item-level production claims.
S3-SCOPE-002	J005	S3-J004	GPTs/attachments/08_performance_tuning_monitoring.md	08. Performance Tuning and Monitoring	KAE-BLOCK-000275	hybrid	primary_working_source_after_alignment	aligned	patch_notes;release_notes_platform;technical_documents_support;third_party_guides;migration_oracle;replication_manager;spatial_nifi_tableau;utilities_datacompj	7.1;7.3;8.1_verified;multi;selected release-note tool scopes	Korean authoritative; English extraction aid; Repository source evidence; Approved support evidence; Altibase 8.1 verified source	SRC-000008;SRC-000009;SRC-000010;SRC-000011;SRC-000012;SRC-000013;SRC-000014;SRC-000064;SRC-000301;SRC-000302;SRC-000303;SRC-000304;SRC-000305;SRC-000306;SRC-000307;SRC-000308;SRC-000309;SRC-000310;SRC-000311;SRC-000312;SRC-000313;SRC-000314;SRC-000315;SRC-000316;SRC-000317;SRC-000318;SRC-000319;SRC-000320;SRC-000321;SRC-000322;SRC-000323;SRC-000324;SRC-000325;SRC-000326;SRC-000327;SRC-000328;SRC-000329;SRC-000330;SRC-000331;SRC-000332;SRC-000333;SRC-000334;SRC-000335;SRC-000336;SRC-000337;SRC-000338;SRC-000339;SRC-000340;SRC-000341;SRC-000342;SRC-000343;SRC-000344;SRC-000345;SRC-000346;SRC-000347;SRC-000348;SRC-000349;SRC-000350;SRC-000351;SRC-000352;SRC-000353;SRC-000354;SRC-000355;SRC-000356;SRC-000357;SRC-000358;SRC-000359;SRC-000360;SRC-000361;SRC-000362;SRC-000363;SRC-000364;SRC-000365;SRC-000366;SRC-000367;SRC-000368;SRC-000369;SRC-000370;SRC-000371;SRC-000372;SRC-000373;SRC-000374;SRC-000375;SRC-000376;SRC-000377;SRC-000378;SRC-000379;SRC-000380;SRC-000381;SRC-000382;SRC-000383;SRC-000384;SRC-000385;SRC-000386;SRC-000387;SRC-000388;SRC-000389;SRC-000390;SRC-000391;SRC-000392;SRC-000393;SRC-000394;SRC-000395;SRC-000396;SRC-000405;SRC-000406;SRC-000407;SRC-000408;SRC-000409;SRC-000410;SRC-000411;SRC-000412;SRC-000413;SRC-000414;SRC-000415;SRC-000416;SRC-000417;SRC-000418;SRC-000419;SRC-000420;SRC-000421;SRC-000422;SRC-000423;SRC-000450;SRC-000451;SRC-000452;SRC-000453;SRC-000454;SRC-000455;SRC-000456;SRC-000457;SRC-000458;SRC-000459;SRC-000460;SRC-000461;SRC-000462;SRC-000463;SRC-000464;SRC-000465;SRC-000466;SRC-000467;SRC-000468;SRC-000469;SRC-000470;SRC-000471;SRC-000473;SRC-000474;SRC-000475;SRC-000476;SRC-000002;SRC-000003;SRC-000004;SRC-000005;SRC-000006;SRC-000007;SRC-000033;SRC-000231;SRC-000232;SRC-000233;SRC-000234;SRC-000235;SRC-000236;SRC-000237;SRC-000238;SRC-000239;SRC-000240;SRC-000241;SRC-000242;SRC-000243;SRC-000244;SRC-000245;SRC-000246;SRC-000247;SRC-000248;SRC-000249;SRC-000250;SRC-000251;SRC-000252;SRC-000253;SRC-000254;SRC-000255;SRC-000256;SRC-000257;SRC-000258;SRC-000259;SRC-000260;SRC-000261;SRC-000262;SRC-000263;SRC-000264;SRC-000265;SRC-000266;SRC-000267;SRC-000268;SRC-000269;SRC-000270;SRC-000271;SRC-000272;SRC-000273;SRC-000274;SRC-000275;SRC-000276;SRC-000277;SRC-000278;SRC-000279;SRC-000280;SRC-000281;SRC-000282;SRC-000283;SRC-000284;SRC-000285;SRC-000286;SRC-000287;SRC-000288;SRC-000289;SRC-000290;SRC-000291;SRC-000292;SRC-000293;SRC-000294;SRC-000295;SRC-000296;SRC-000297;SRC-000298;SRC-000299;SRC-000300;SRC-000399;SRC-000400;SRC-000401;SRC-000402;SRC-000403;SRC-000404;SRC-000427;SRC-000428;SRC-000429;SRC-000430;SRC-000431;SRC-000432;SRC-000433;SRC-000434;SRC-000435;SRC-000436;SRC-000437;SRC-000438;SRC-000439;SRC-000440;SRC-000441;SRC-000442;SRC-000443;SRC-000444;SRC-000445;SRC-000446;SRC-000447;SRC-000448;SRC-000449;SRC-000472;SRC-000001;SRC-000228;SRC-000229;SRC-000230;SRC-000397;SRC-000398;SRC-000424;SRC-000425;SRC-000426;SRC-000477	SRC-000120/BLOCK-000517;SRC-000121/BLOCK-000523;SRC-000180/BLOCK-000519;SRC-000181/BLOCK-000525;SRC-000452/BLOCK-000826	PROP-104;PROP-108;PROP-109;PROP-110;PROP-111;PROP-117;PROP-133;PROP-144	APB-000004;APB-000005;APB-000016;APB-000017	yes	attachment_update	done	Stage 3 attachment route generated from completed scope row; use exact source blocks and missing-input prompts before item-level production claims.
S3-SCOPE-003	J006	S3-J005	GPTs/attachments/05_data_types_properties.md	05. Data Types and Properties	KAE-BLOCK-000010	repo_paired_ko_en	primary_working_source_after_alignment	pending	general_reference_1_datatypes_properties	7.1	Korean authoritative; English extraction aid	SRC-000056;SRC-000025	SRC-000056/BLOCK-000515;SRC-000057/BLOCK-000521;SRC-000120/BLOCK-000517;SRC-000121/BLOCK-000523;SRC-000180/BLOCK-000519;SRC-000181/BLOCK-000525;SRC-000452/BLOCK-000826	PROP-101;PROP-115;PROP-120;PROP-122;PROP-124;PROP-126;PROP-127;PROP-128;PROP-129;PROP-150;PROP-116;PROP-125;PROP-143;PROP-102	APB-000004;APB-000005;APB-000015;APB-000017	yes	attachment_update	done	Stage 3 attachment route generated from completed scope row; use exact source blocks and missing-input prompts before item-level production claims.
S3-SCOPE-003	J006	S3-J005	GPTs/attachments/05_data_types_properties.md	05. Data Types and Properties	KAE-BLOCK-000011	repo_paired_ko_en	primary_working_source_after_alignment	pending	general_reference_2_dictionary_views	7.1	Korean authoritative; English extraction aid	SRC-000057;SRC-000026	SRC-000056/BLOCK-000515;SRC-000057/BLOCK-000521;SRC-000120/BLOCK-000517;SRC-000121/BLOCK-000523;SRC-000180/BLOCK-000519;SRC-000181/BLOCK-000525;SRC-000452/BLOCK-000826	PROP-101;PROP-115;PROP-120;PROP-122;PROP-124;PROP-126;PROP-127;PROP-128;PROP-129;PROP-150;PROP-116;PROP-125;PROP-143;PROP-102	APB-000004;APB-000005;APB-000015;APB-000017	yes	attachment_update	done	Stage 3 attachment route generated from completed scope row; use exact source blocks and missing-input prompts before item-level production claims.
S3-SCOPE-003	J006	S3-J005	GPTs/attachments/05_data_types_properties.md	05. Data Types and Properties	KAE-BLOCK-000145	repo_paired_ko_en	primary_working_source_after_alignment	pending	general_reference_1_datatypes_properties	7.3	Korean authoritative; English extraction aid	SRC-000120;SRC-000089	SRC-000056/BLOCK-000515;SRC-000057/BLOCK-000521;SRC-000120/BLOCK-000517;SRC-000121/BLOCK-000523;SRC-000180/BLOCK-000519;SRC-000181/BLOCK-000525;SRC-000452/BLOCK-000826	PROP-101;PROP-115;PROP-120;PROP-122;PROP-124;PROP-126;PROP-127;PROP-128;PROP-129;PROP-150;PROP-116;PROP-125;PROP-143;PROP-102	APB-000004;APB-000005;APB-000015;APB-000017	yes	attachment_update	done	Stage 3 attachment route generated from completed scope row; use exact source blocks and missing-input prompts before item-level production claims.
S3-SCOPE-003	J006	S3-J005	GPTs/attachments/05_data_types_properties.md	05. Data Types and Properties	KAE-BLOCK-000146	repo_paired_ko_en	primary_working_source_after_alignment	pending	general_reference_2_dictionary_views	7.3	Korean authoritative; English extraction aid	SRC-000121;SRC-000090	SRC-000056/BLOCK-000515;SRC-000057/BLOCK-000521;SRC-000120/BLOCK-000517;SRC-000121/BLOCK-000523;SRC-000180/BLOCK-000519;SRC-000181/BLOCK-000525;SRC-000452/BLOCK-000826	PROP-101;PROP-115;PROP-120;PROP-122;PROP-124;PROP-126;PROP-127;PROP-128;PROP-129;PROP-150;PROP-116;PROP-125;PROP-143;PROP-102	APB-000004;APB-000005;APB-000015;APB-000017	yes	attachment_update	done	Stage 3 attachment route generated from completed scope row; use exact source blocks and missing-input prompts before item-level production claims.
S3-SCOPE-003	J006	S3-J005	GPTs/attachments/05_data_types_properties.md	05. Data Types and Properties	KAE-BLOCK-000201	repo_paired_ko_en	primary_working_source_after_alignment	pending	general_reference_1_datatypes_properties	8.1_verified	Korean authoritative; Altibase 8.1 verified source; English extraction aid	SRC-000180;SRC-000150	SRC-000056/BLOCK-000515;SRC-000057/BLOCK-000521;SRC-000120/BLOCK-000517;SRC-000121/BLOCK-000523;SRC-000180/BLOCK-000519;SRC-000181/BLOCK-000525;SRC-000452/BLOCK-000826	PROP-101;PROP-115;PROP-120;PROP-122;PROP-124;PROP-126;PROP-127;PROP-128;PROP-129;PROP-150;PROP-116;PROP-125;PROP-143;PROP-102	APB-000004;APB-000005;APB-000015;APB-000017	yes	attachment_update	done	Stage 3 attachment route generated from completed scope row; use exact source blocks and missing-input prompts before item-level production claims.
S3-SCOPE-003	J006	S3-J005	GPTs/attachments/05_data_types_properties.md	05. Data Types and Properties	KAE-BLOCK-000202	repo_paired_ko_en	primary_working_source_after_alignment	pending	general_reference_2_dictionary_views	8.1_verified	Korean authoritative; Altibase 8.1 verified source; English extraction aid	SRC-000181;SRC-000151	SRC-000056/BLOCK-000515;SRC-000057/BLOCK-000521;SRC-000120/BLOCK-000517;SRC-000121/BLOCK-000523;SRC-000180/BLOCK-000519;SRC-000181/BLOCK-000525;SRC-000452/BLOCK-000826	PROP-101;PROP-115;PROP-120;PROP-122;PROP-124;PROP-126;PROP-127;PROP-128;PROP-129;PROP-150;PROP-116;PROP-125;PROP-143;PROP-102	APB-000004;APB-000005;APB-000015;APB-000017	yes	attachment_update	done	Stage 3 attachment route generated from completed scope row; use exact source blocks and missing-input prompts before item-level production claims.
S3-SCOPE-003	J006	S3-J005	GPTs/attachments/05_data_types_properties.md	05. Data Types and Properties	KAE-BLOCK-000253	repo_paired_ko_en	primary_working_source_after_alignment	pending	release_notes_platform	8.1.0.0.1	Korean authoritative; Altibase 8.1 verified source; English extraction aid	SRC-000452;SRC-000429	SRC-000056/BLOCK-000515;SRC-000057/BLOCK-000521;SRC-000120/BLOCK-000517;SRC-000121/BLOCK-000523;SRC-000180/BLOCK-000519;SRC-000181/BLOCK-000525;SRC-000452/BLOCK-000826	PROP-101;PROP-115;PROP-120;PROP-122;PROP-124;PROP-126;PROP-127;PROP-128;PROP-129;PROP-150;PROP-116;PROP-125;PROP-143;PROP-102	APB-000004;APB-000005;APB-000015;APB-000017	yes	attachment_update	done	Stage 3 attachment route generated from completed scope row; use exact source blocks and missing-input prompts before item-level production claims.
S3-SCOPE-003	J006	S3-J005	GPTs/attachments/05_data_types_properties.md	05. Data Types and Properties	KAE-BLOCK-000272	hybrid	primary_working_source_after_alignment	aligned	administrator_operations;general_reference_1_datatypes_properties;getting_started_installation;replication_manual;security_ssl_tls;sql_reference	7.1;7.3;8.1_verified	Korean authoritative; English extraction aid; Altibase 8.1 verified source	SRC-000049;SRC-000056;SRC-000058;SRC-000060;SRC-000070;SRC-000051;SRC-000072;SRC-000113;SRC-000120;SRC-000122;SRC-000124;SRC-000132;SRC-000115;SRC-000134;SRC-000173;SRC-000180;SRC-000182;SRC-000184;SRC-000192;SRC-000175;SRC-000194;SRC-000018;SRC-000025;SRC-000027;SRC-000029;SRC-000038;SRC-000020;SRC-000040;SRC-000082;SRC-000089;SRC-000091;SRC-000093;SRC-000101;SRC-000084;SRC-000103;SRC-000143;SRC-000150;SRC-000152;SRC-000154;SRC-000161;SRC-000145;SRC-000163	SRC-000056/BLOCK-000515;SRC-000057/BLOCK-000521;SRC-000120/BLOCK-000517;SRC-000121/BLOCK-000523;SRC-000180/BLOCK-000519;SRC-000181/BLOCK-000525;SRC-000452/BLOCK-000826	PROP-101;PROP-115;PROP-120;PROP-122;PROP-124;PROP-126;PROP-127;PROP-128;PROP-129;PROP-150;PROP-116;PROP-125;PROP-143;PROP-102	APB-000004;APB-000005;APB-000015;APB-000017	yes	attachment_update	done	Stage 3 attachment route generated from completed scope row; use exact source blocks and missing-input prompts before item-level production claims.
S3-SCOPE-003	J006	S3-J005	GPTs/attachments/05_data_types_properties.md	05. Data Types and Properties	KAE-BLOCK-000273	hybrid	primary_working_source_after_alignment	aligned	administrator_operations;error_message_reference;general_reference_1_datatypes_properties;general_reference_2_dictionary_views;replication_manual;sql_reference	7.1;7.3;8.1_verified	Korean authoritative; English extraction aid; Altibase 8.1 verified source	SRC-000049;SRC-000054;SRC-000056;SRC-000057;SRC-000070;SRC-000072;SRC-000113;SRC-000118;SRC-000120;SRC-000121;SRC-000132;SRC-000134;SRC-000173;SRC-000178;SRC-000180;SRC-000181;SRC-000192;SRC-000194;SRC-000018;SRC-000023;SRC-000025;SRC-000026;SRC-000038;SRC-000040;SRC-000082;SRC-000087;SRC-000089;SRC-000090;SRC-000101;SRC-000103;SRC-000143;SRC-000148;SRC-000150;SRC-000151;SRC-000161;SRC-000163	SRC-000056/BLOCK-000515;SRC-000057/BLOCK-000521;SRC-000120/BLOCK-000517;SRC-000121/BLOCK-000523;SRC-000180/BLOCK-000519;SRC-000181/BLOCK-000525;SRC-000452/BLOCK-000826	PROP-101;PROP-115;PROP-120;PROP-122;PROP-124;PROP-126;PROP-127;PROP-128;PROP-129;PROP-150;PROP-116;PROP-125;PROP-143;PROP-102	APB-000004;APB-000005;APB-000015;APB-000017	yes	attachment_update	done	Stage 3 attachment route generated from completed scope row; use exact source blocks and missing-input prompts before item-level production claims.
S3-SCOPE-003	J006	S3-J005	GPTs/attachments/05_data_types_properties.md	05. Data Types and Properties	KAE-BLOCK-000274	hybrid	primary_working_source_after_alignment	aligned	c_cli_odbc_precompiler;dblink_hadoop_external_connectors;isql_iloader;jdbc_java;migration_oracle;spatial_nifi_tableau;utilities_datacompj;release_notes_platform;third_party_guides	7.1;7.1.0.1.2;7.3;7.3.0.0.1;8.1_verified;multi;8.1.0.0.1;Migration Center 7.10;Migration Center 7.11;Migration Center 7.12;Migration Center 7.13;Migration Center 7.14;Migration Center 7.15;Migration Center 7.16;Migration Center 7.17;Migration Center 7.18;Migration Center 7.19;Migration Center 7.9;dataCompJ 7.2	Korean authoritative; English extraction aid; Altibase 8.1 verified source	SRC-000046;SRC-000050;SRC-000052;SRC-000065;SRC-000068;SRC-000053;SRC-000059;SRC-000077;SRC-000078;SRC-000047;SRC-000061;SRC-000048;SRC-000074;SRC-000076;SRC-000450;SRC-000110;SRC-000114;SRC-000116;SRC-000128;SRC-000130;SRC-000117;SRC-000123;SRC-000138;SRC-000139;SRC-000111;SRC-000125;SRC-000112;SRC-000135;SRC-000137;SRC-000451;SRC-000170;SRC-000174;SRC-000176;SRC-000188;SRC-000190;SRC-000177;SRC-000183;SRC-000221;SRC-000198;SRC-000199;SRC-000171;SRC-000185;SRC-000172;SRC-000223;SRC-000195;SRC-000226;SRC-000197;SRC-000222;SRC-000227;SRC-000207;SRC-000473;SRC-000209;SRC-000212;SRC-000470;SRC-000008;SRC-000009;SRC-000010;SRC-000012;SRC-000013;SRC-000014;SRC-000208;SRC-000213;SRC-000452;SRC-000453;SRC-000454;SRC-000455;SRC-000456;SRC-000457;SRC-000458;SRC-000459;SRC-000460;SRC-000461;SRC-000462;SRC-000463;SRC-000471;SRC-000015;SRC-000019;SRC-000021;SRC-000034;SRC-000036;SRC-000022;SRC-000028;SRC-000044;SRC-000045;SRC-000016;SRC-000030;SRC-000017;SRC-000041;SRC-000043;SRC-000427;SRC-000079;SRC-000083;SRC-000085;SRC-000097;SRC-000099;SRC-000086;SRC-000092;SRC-000107;SRC-000108;SRC-000080;SRC-000094;SRC-000081;SRC-000104;SRC-000106;SRC-000428;SRC-000140;SRC-000144;SRC-000146;SRC-000158;SRC-000160;SRC-000147;SRC-000153;SRC-000214;SRC-000167;SRC-000168;SRC-000141;SRC-000155;SRC-000142;SRC-000216;SRC-000164;SRC-000219;SRC-000166;SRC-000215;SRC-000220;SRC-000200;SRC-000202;SRC-000205;SRC-000448;SRC-000002;SRC-000003;SRC-000004;SRC-000005;SRC-000006;SRC-000007;SRC-000201;SRC-000206;SRC-000429;SRC-000430;SRC-000431;SRC-000432;SRC-000433;SRC-000434;SRC-000435;SRC-000436;SRC-000437;SRC-000438;SRC-000439;SRC-000442;SRC-000449	SRC-000056/BLOCK-000515;SRC-000057/BLOCK-000521;SRC-000120/BLOCK-000517;SRC-000121/BLOCK-000523;SRC-000180/BLOCK-000519;SRC-000181/BLOCK-000525;SRC-000452/BLOCK-000826	PROP-101;PROP-115;PROP-120;PROP-122;PROP-124;PROP-126;PROP-127;PROP-128;PROP-129;PROP-150;PROP-116;PROP-125;PROP-143;PROP-102	APB-000004;APB-000005;APB-000015;APB-000017	yes	attachment_update	done	Stage 3 attachment route generated from completed scope row; use exact source blocks and missing-input prompts before item-level production claims.
S3-SCOPE-003	J006	S3-J005	GPTs/attachments/05_data_types_properties.md	05. Data Types and Properties	KAE-BLOCK-000275	hybrid	primary_working_source_after_alignment	aligned	patch_notes;release_notes_platform;technical_documents_support;third_party_guides;migration_oracle;replication_manager;spatial_nifi_tableau;utilities_datacompj	7.1;7.3;8.1_verified;multi;selected release-note tool scopes	Korean authoritative; English extraction aid; Repository source evidence; Approved support evidence; Altibase 8.1 verified source	SRC-000008;SRC-000009;SRC-000010;SRC-000011;SRC-000012;SRC-000013;SRC-000014;SRC-000064;SRC-000301;SRC-000302;SRC-000303;SRC-000304;SRC-000305;SRC-000306;SRC-000307;SRC-000308;SRC-000309;SRC-000310;SRC-000311;SRC-000312;SRC-000313;SRC-000314;SRC-000315;SRC-000316;SRC-000317;SRC-000318;SRC-000319;SRC-000320;SRC-000321;SRC-000322;SRC-000323;SRC-000324;SRC-000325;SRC-000326;SRC-000327;SRC-000328;SRC-000329;SRC-000330;SRC-000331;SRC-000332;SRC-000333;SRC-000334;SRC-000335;SRC-000336;SRC-000337;SRC-000338;SRC-000339;SRC-000340;SRC-000341;SRC-000342;SRC-000343;SRC-000344;SRC-000345;SRC-000346;SRC-000347;SRC-000348;SRC-000349;SRC-000350;SRC-000351;SRC-000352;SRC-000353;SRC-000354;SRC-000355;SRC-000356;SRC-000357;SRC-000358;SRC-000359;SRC-000360;SRC-000361;SRC-000362;SRC-000363;SRC-000364;SRC-000365;SRC-000366;SRC-000367;SRC-000368;SRC-000369;SRC-000370;SRC-000371;SRC-000372;SRC-000373;SRC-000374;SRC-000375;SRC-000376;SRC-000377;SRC-000378;SRC-000379;SRC-000380;SRC-000381;SRC-000382;SRC-000383;SRC-000384;SRC-000385;SRC-000386;SRC-000387;SRC-000388;SRC-000389;SRC-000390;SRC-000391;SRC-000392;SRC-000393;SRC-000394;SRC-000395;SRC-000396;SRC-000405;SRC-000406;SRC-000407;SRC-000408;SRC-000409;SRC-000410;SRC-000411;SRC-000412;SRC-000413;SRC-000414;SRC-000415;SRC-000416;SRC-000417;SRC-000418;SRC-000419;SRC-000420;SRC-000421;SRC-000422;SRC-000423;SRC-000450;SRC-000451;SRC-000452;SRC-000453;SRC-000454;SRC-000455;SRC-000456;SRC-000457;SRC-000458;SRC-000459;SRC-000460;SRC-000461;SRC-000462;SRC-000463;SRC-000464;SRC-000465;SRC-000466;SRC-000467;SRC-000468;SRC-000469;SRC-000470;SRC-000471;SRC-000473;SRC-000474;SRC-000475;SRC-000476;SRC-000002;SRC-000003;SRC-000004;SRC-000005;SRC-000006;SRC-000007;SRC-000033;SRC-000231;SRC-000232;SRC-000233;SRC-000234;SRC-000235;SRC-000236;SRC-000237;SRC-000238;SRC-000239;SRC-000240;SRC-000241;SRC-000242;SRC-000243;SRC-000244;SRC-000245;SRC-000246;SRC-000247;SRC-000248;SRC-000249;SRC-000250;SRC-000251;SRC-000252;SRC-000253;SRC-000254;SRC-000255;SRC-000256;SRC-000257;SRC-000258;SRC-000259;SRC-000260;SRC-000261;SRC-000262;SRC-000263;SRC-000264;SRC-000265;SRC-000266;SRC-000267;SRC-000268;SRC-000269;SRC-000270;SRC-000271;SRC-000272;SRC-000273;SRC-000274;SRC-000275;SRC-000276;SRC-000277;SRC-000278;SRC-000279;SRC-000280;SRC-000281;SRC-000282;SRC-000283;SRC-000284;SRC-000285;SRC-000286;SRC-000287;SRC-000288;SRC-000289;SRC-000290;SRC-000291;SRC-000292;SRC-000293;SRC-000294;SRC-000295;SRC-000296;SRC-000297;SRC-000298;SRC-000299;SRC-000300;SRC-000399;SRC-000400;SRC-000401;SRC-000402;SRC-000403;SRC-000404;SRC-000427;SRC-000428;SRC-000429;SRC-000430;SRC-000431;SRC-000432;SRC-000433;SRC-000434;SRC-000435;SRC-000436;SRC-000437;SRC-000438;SRC-000439;SRC-000440;SRC-000441;SRC-000442;SRC-000443;SRC-000444;SRC-000445;SRC-000446;SRC-000447;SRC-000448;SRC-000449;SRC-000472;SRC-000001;SRC-000228;SRC-000229;SRC-000230;SRC-000397;SRC-000398;SRC-000424;SRC-000425;SRC-000426;SRC-000477	SRC-000056/BLOCK-000515;SRC-000057/BLOCK-000521;SRC-000120/BLOCK-000517;SRC-000121/BLOCK-000523;SRC-000180/BLOCK-000519;SRC-000181/BLOCK-000525;SRC-000452/BLOCK-000826	PROP-101;PROP-115;PROP-120;PROP-122;PROP-124;PROP-126;PROP-127;PROP-128;PROP-129;PROP-150;PROP-116;PROP-125;PROP-143;PROP-102	APB-000004;APB-000005;APB-000015;APB-000017	yes	attachment_update	done	Stage 3 attachment route generated from completed scope row; use exact source blocks and missing-input prompts before item-level production claims.
S3-SCOPE-003	J006	S3-J005	GPTs/attachments/08_performance_tuning_monitoring.md	08. Performance Tuning and Monitoring	KAE-BLOCK-000010	repo_paired_ko_en	primary_working_source_after_alignment	pending	general_reference_1_datatypes_properties	7.1	Korean authoritative; English extraction aid	SRC-000056;SRC-000025	SRC-000056/BLOCK-000515;SRC-000057/BLOCK-000521;SRC-000120/BLOCK-000517;SRC-000121/BLOCK-000523;SRC-000180/BLOCK-000519;SRC-000181/BLOCK-000525;SRC-000452/BLOCK-000826	PROP-101;PROP-115;PROP-120;PROP-122;PROP-124;PROP-126;PROP-127;PROP-128;PROP-129;PROP-150;PROP-116;PROP-125;PROP-143;PROP-102	APB-000004;APB-000005;APB-000015;APB-000017	yes	attachment_update	done	Stage 3 attachment route generated from completed scope row; use exact source blocks and missing-input prompts before item-level production claims.
S3-SCOPE-003	J006	S3-J005	GPTs/attachments/08_performance_tuning_monitoring.md	08. Performance Tuning and Monitoring	KAE-BLOCK-000011	repo_paired_ko_en	primary_working_source_after_alignment	pending	general_reference_2_dictionary_views	7.1	Korean authoritative; English extraction aid	SRC-000057;SRC-000026	SRC-000056/BLOCK-000515;SRC-000057/BLOCK-000521;SRC-000120/BLOCK-000517;SRC-000121/BLOCK-000523;SRC-000180/BLOCK-000519;SRC-000181/BLOCK-000525;SRC-000452/BLOCK-000826	PROP-101;PROP-115;PROP-120;PROP-122;PROP-124;PROP-126;PROP-127;PROP-128;PROP-129;PROP-150;PROP-116;PROP-125;PROP-143;PROP-102	APB-000004;APB-000005;APB-000015;APB-000017	yes	attachment_update	done	Stage 3 attachment route generated from completed scope row; use exact source blocks and missing-input prompts before item-level production claims.
S3-SCOPE-003	J006	S3-J005	GPTs/attachments/08_performance_tuning_monitoring.md	08. Performance Tuning and Monitoring	KAE-BLOCK-000145	repo_paired_ko_en	primary_working_source_after_alignment	pending	general_reference_1_datatypes_properties	7.3	Korean authoritative; English extraction aid	SRC-000120;SRC-000089	SRC-000056/BLOCK-000515;SRC-000057/BLOCK-000521;SRC-000120/BLOCK-000517;SRC-000121/BLOCK-000523;SRC-000180/BLOCK-000519;SRC-000181/BLOCK-000525;SRC-000452/BLOCK-000826	PROP-101;PROP-115;PROP-120;PROP-122;PROP-124;PROP-126;PROP-127;PROP-128;PROP-129;PROP-150;PROP-116;PROP-125;PROP-143;PROP-102	APB-000004;APB-000005;APB-000015;APB-000017	yes	attachment_update	done	Stage 3 attachment route generated from completed scope row; use exact source blocks and missing-input prompts before item-level production claims.
S3-SCOPE-003	J006	S3-J005	GPTs/attachments/08_performance_tuning_monitoring.md	08. Performance Tuning and Monitoring	KAE-BLOCK-000146	repo_paired_ko_en	primary_working_source_after_alignment	pending	general_reference_2_dictionary_views	7.3	Korean authoritative; English extraction aid	SRC-000121;SRC-000090	SRC-000056/BLOCK-000515;SRC-000057/BLOCK-000521;SRC-000120/BLOCK-000517;SRC-000121/BLOCK-000523;SRC-000180/BLOCK-000519;SRC-000181/BLOCK-000525;SRC-000452/BLOCK-000826	PROP-101;PROP-115;PROP-120;PROP-122;PROP-124;PROP-126;PROP-127;PROP-128;PROP-129;PROP-150;PROP-116;PROP-125;PROP-143;PROP-102	APB-000004;APB-000005;APB-000015;APB-000017	yes	attachment_update	done	Stage 3 attachment route generated from completed scope row; use exact source blocks and missing-input prompts before item-level production claims.
S3-SCOPE-003	J006	S3-J005	GPTs/attachments/08_performance_tuning_monitoring.md	08. Performance Tuning and Monitoring	KAE-BLOCK-000201	repo_paired_ko_en	primary_working_source_after_alignment	pending	general_reference_1_datatypes_properties	8.1_verified	Korean authoritative; Altibase 8.1 verified source; English extraction aid	SRC-000180;SRC-000150	SRC-000056/BLOCK-000515;SRC-000057/BLOCK-000521;SRC-000120/BLOCK-000517;SRC-000121/BLOCK-000523;SRC-000180/BLOCK-000519;SRC-000181/BLOCK-000525;SRC-000452/BLOCK-000826	PROP-101;PROP-115;PROP-120;PROP-122;PROP-124;PROP-126;PROP-127;PROP-128;PROP-129;PROP-150;PROP-116;PROP-125;PROP-143;PROP-102	APB-000004;APB-000005;APB-000015;APB-000017	yes	attachment_update	done	Stage 3 attachment route generated from completed scope row; use exact source blocks and missing-input prompts before item-level production claims.
S3-SCOPE-003	J006	S3-J005	GPTs/attachments/08_performance_tuning_monitoring.md	08. Performance Tuning and Monitoring	KAE-BLOCK-000202	repo_paired_ko_en	primary_working_source_after_alignment	pending	general_reference_2_dictionary_views	8.1_verified	Korean authoritative; Altibase 8.1 verified source; English extraction aid	SRC-000181;SRC-000151	SRC-000056/BLOCK-000515;SRC-000057/BLOCK-000521;SRC-000120/BLOCK-000517;SRC-000121/BLOCK-000523;SRC-000180/BLOCK-000519;SRC-000181/BLOCK-000525;SRC-000452/BLOCK-000826	PROP-101;PROP-115;PROP-120;PROP-122;PROP-124;PROP-126;PROP-127;PROP-128;PROP-129;PROP-150;PROP-116;PROP-125;PROP-143;PROP-102	APB-000004;APB-000005;APB-000015;APB-000017	yes	attachment_update	done	Stage 3 attachment route generated from completed scope row; use exact source blocks and missing-input prompts before item-level production claims.
S3-SCOPE-003	J006	S3-J005	GPTs/attachments/08_performance_tuning_monitoring.md	08. Performance Tuning and Monitoring	KAE-BLOCK-000253	repo_paired_ko_en	primary_working_source_after_alignment	pending	release_notes_platform	8.1.0.0.1	Korean authoritative; Altibase 8.1 verified source; English extraction aid	SRC-000452;SRC-000429	SRC-000056/BLOCK-000515;SRC-000057/BLOCK-000521;SRC-000120/BLOCK-000517;SRC-000121/BLOCK-000523;SRC-000180/BLOCK-000519;SRC-000181/BLOCK-000525;SRC-000452/BLOCK-000826	PROP-101;PROP-115;PROP-120;PROP-122;PROP-124;PROP-126;PROP-127;PROP-128;PROP-129;PROP-150;PROP-116;PROP-125;PROP-143;PROP-102	APB-000004;APB-000005;APB-000015;APB-000017	yes	attachment_update	done	Stage 3 attachment route generated from completed scope row; use exact source blocks and missing-input prompts before item-level production claims.
S3-SCOPE-003	J006	S3-J005	GPTs/attachments/08_performance_tuning_monitoring.md	08. Performance Tuning and Monitoring	KAE-BLOCK-000272	hybrid	primary_working_source_after_alignment	aligned	administrator_operations;general_reference_1_datatypes_properties;getting_started_installation;replication_manual;security_ssl_tls;sql_reference	7.1;7.3;8.1_verified	Korean authoritative; English extraction aid; Altibase 8.1 verified source	SRC-000049;SRC-000056;SRC-000058;SRC-000060;SRC-000070;SRC-000051;SRC-000072;SRC-000113;SRC-000120;SRC-000122;SRC-000124;SRC-000132;SRC-000115;SRC-000134;SRC-000173;SRC-000180;SRC-000182;SRC-000184;SRC-000192;SRC-000175;SRC-000194;SRC-000018;SRC-000025;SRC-000027;SRC-000029;SRC-000038;SRC-000020;SRC-000040;SRC-000082;SRC-000089;SRC-000091;SRC-000093;SRC-000101;SRC-000084;SRC-000103;SRC-000143;SRC-000150;SRC-000152;SRC-000154;SRC-000161;SRC-000145;SRC-000163	SRC-000056/BLOCK-000515;SRC-000057/BLOCK-000521;SRC-000120/BLOCK-000517;SRC-000121/BLOCK-000523;SRC-000180/BLOCK-000519;SRC-000181/BLOCK-000525;SRC-000452/BLOCK-000826	PROP-101;PROP-115;PROP-120;PROP-122;PROP-124;PROP-126;PROP-127;PROP-128;PROP-129;PROP-150;PROP-116;PROP-125;PROP-143;PROP-102	APB-000004;APB-000005;APB-000015;APB-000017	yes	attachment_update	done	Stage 3 attachment route generated from completed scope row; use exact source blocks and missing-input prompts before item-level production claims.
S3-SCOPE-003	J006	S3-J005	GPTs/attachments/08_performance_tuning_monitoring.md	08. Performance Tuning and Monitoring	KAE-BLOCK-000273	hybrid	primary_working_source_after_alignment	aligned	administrator_operations;error_message_reference;general_reference_1_datatypes_properties;general_reference_2_dictionary_views;replication_manual;sql_reference	7.1;7.3;8.1_verified	Korean authoritative; English extraction aid; Altibase 8.1 verified source	SRC-000049;SRC-000054;SRC-000056;SRC-000057;SRC-000070;SRC-000072;SRC-000113;SRC-000118;SRC-000120;SRC-000121;SRC-000132;SRC-000134;SRC-000173;SRC-000178;SRC-000180;SRC-000181;SRC-000192;SRC-000194;SRC-000018;SRC-000023;SRC-000025;SRC-000026;SRC-000038;SRC-000040;SRC-000082;SRC-000087;SRC-000089;SRC-000090;SRC-000101;SRC-000103;SRC-000143;SRC-000148;SRC-000150;SRC-000151;SRC-000161;SRC-000163	SRC-000056/BLOCK-000515;SRC-000057/BLOCK-000521;SRC-000120/BLOCK-000517;SRC-000121/BLOCK-000523;SRC-000180/BLOCK-000519;SRC-000181/BLOCK-000525;SRC-000452/BLOCK-000826	PROP-101;PROP-115;PROP-120;PROP-122;PROP-124;PROP-126;PROP-127;PROP-128;PROP-129;PROP-150;PROP-116;PROP-125;PROP-143;PROP-102	APB-000004;APB-000005;APB-000015;APB-000017	yes	attachment_update	done	Stage 3 attachment route generated from completed scope row; use exact source blocks and missing-input prompts before item-level production claims.
S3-SCOPE-003	J006	S3-J005	GPTs/attachments/08_performance_tuning_monitoring.md	08. Performance Tuning and Monitoring	KAE-BLOCK-000274	hybrid	primary_working_source_after_alignment	aligned	c_cli_odbc_precompiler;dblink_hadoop_external_connectors;isql_iloader;jdbc_java;migration_oracle;spatial_nifi_tableau;utilities_datacompj;release_notes_platform;third_party_guides	7.1;7.1.0.1.2;7.3;7.3.0.0.1;8.1_verified;multi;8.1.0.0.1;Migration Center 7.10;Migration Center 7.11;Migration Center 7.12;Migration Center 7.13;Migration Center 7.14;Migration Center 7.15;Migration Center 7.16;Migration Center 7.17;Migration Center 7.18;Migration Center 7.19;Migration Center 7.9;dataCompJ 7.2	Korean authoritative; English extraction aid; Altibase 8.1 verified source	SRC-000046;SRC-000050;SRC-000052;SRC-000065;SRC-000068;SRC-000053;SRC-000059;SRC-000077;SRC-000078;SRC-000047;SRC-000061;SRC-000048;SRC-000074;SRC-000076;SRC-000450;SRC-000110;SRC-000114;SRC-000116;SRC-000128;SRC-000130;SRC-000117;SRC-000123;SRC-000138;SRC-000139;SRC-000111;SRC-000125;SRC-000112;SRC-000135;SRC-000137;SRC-000451;SRC-000170;SRC-000174;SRC-000176;SRC-000188;SRC-000190;SRC-000177;SRC-000183;SRC-000221;SRC-000198;SRC-000199;SRC-000171;SRC-000185;SRC-000172;SRC-000223;SRC-000195;SRC-000226;SRC-000197;SRC-000222;SRC-000227;SRC-000207;SRC-000473;SRC-000209;SRC-000212;SRC-000470;SRC-000008;SRC-000009;SRC-000010;SRC-000012;SRC-000013;SRC-000014;SRC-000208;SRC-000213;SRC-000452;SRC-000453;SRC-000454;SRC-000455;SRC-000456;SRC-000457;SRC-000458;SRC-000459;SRC-000460;SRC-000461;SRC-000462;SRC-000463;SRC-000471;SRC-000015;SRC-000019;SRC-000021;SRC-000034;SRC-000036;SRC-000022;SRC-000028;SRC-000044;SRC-000045;SRC-000016;SRC-000030;SRC-000017;SRC-000041;SRC-000043;SRC-000427;SRC-000079;SRC-000083;SRC-000085;SRC-000097;SRC-000099;SRC-000086;SRC-000092;SRC-000107;SRC-000108;SRC-000080;SRC-000094;SRC-000081;SRC-000104;SRC-000106;SRC-000428;SRC-000140;SRC-000144;SRC-000146;SRC-000158;SRC-000160;SRC-000147;SRC-000153;SRC-000214;SRC-000167;SRC-000168;SRC-000141;SRC-000155;SRC-000142;SRC-000216;SRC-000164;SRC-000219;SRC-000166;SRC-000215;SRC-000220;SRC-000200;SRC-000202;SRC-000205;SRC-000448;SRC-000002;SRC-000003;SRC-000004;SRC-000005;SRC-000006;SRC-000007;SRC-000201;SRC-000206;SRC-000429;SRC-000430;SRC-000431;SRC-000432;SRC-000433;SRC-000434;SRC-000435;SRC-000436;SRC-000437;SRC-000438;SRC-000439;SRC-000442;SRC-000449	SRC-000056/BLOCK-000515;SRC-000057/BLOCK-000521;SRC-000120/BLOCK-000517;SRC-000121/BLOCK-000523;SRC-000180/BLOCK-000519;SRC-000181/BLOCK-000525;SRC-000452/BLOCK-000826	PROP-101;PROP-115;PROP-120;PROP-122;PROP-124;PROP-126;PROP-127;PROP-128;PROP-129;PROP-150;PROP-116;PROP-125;PROP-143;PROP-102	APB-000004;APB-000005;APB-000015;APB-000017	yes	attachment_update	done	Stage 3 attachment route generated from completed scope row; use exact source blocks and missing-input prompts before item-level production claims.
S3-SCOPE-003	J006	S3-J005	GPTs/attachments/08_performance_tuning_monitoring.md	08. Performance Tuning and Monitoring	KAE-BLOCK-000275	hybrid	primary_working_source_after_alignment	aligned	patch_notes;release_notes_platform;technical_documents_support;third_party_guides;migration_oracle;replication_manager;spatial_nifi_tableau;utilities_datacompj	7.1;7.3;8.1_verified;multi;selected release-note tool scopes	Korean authoritative; English extraction aid; Repository source evidence; Approved support evidence; Altibase 8.1 verified source	SRC-000008;SRC-000009;SRC-000010;SRC-000011;SRC-000012;SRC-000013;SRC-000014;SRC-000064;SRC-000301;SRC-000302;SRC-000303;SRC-000304;SRC-000305;SRC-000306;SRC-000307;SRC-000308;SRC-000309;SRC-000310;SRC-000311;SRC-000312;SRC-000313;SRC-000314;SRC-000315;SRC-000316;SRC-000317;SRC-000318;SRC-000319;SRC-000320;SRC-000321;SRC-000322;SRC-000323;SRC-000324;SRC-000325;SRC-000326;SRC-000327;SRC-000328;SRC-000329;SRC-000330;SRC-000331;SRC-000332;SRC-000333;SRC-000334;SRC-000335;SRC-000336;SRC-000337;SRC-000338;SRC-000339;SRC-000340;SRC-000341;SRC-000342;SRC-000343;SRC-000344;SRC-000345;SRC-000346;SRC-000347;SRC-000348;SRC-000349;SRC-000350;SRC-000351;SRC-000352;SRC-000353;SRC-000354;SRC-000355;SRC-000356;SRC-000357;SRC-000358;SRC-000359;SRC-000360;SRC-000361;SRC-000362;SRC-000363;SRC-000364;SRC-000365;SRC-000366;SRC-000367;SRC-000368;SRC-000369;SRC-000370;SRC-000371;SRC-000372;SRC-000373;SRC-000374;SRC-000375;SRC-000376;SRC-000377;SRC-000378;SRC-000379;SRC-000380;SRC-000381;SRC-000382;SRC-000383;SRC-000384;SRC-000385;SRC-000386;SRC-000387;SRC-000388;SRC-000389;SRC-000390;SRC-000391;SRC-000392;SRC-000393;SRC-000394;SRC-000395;SRC-000396;SRC-000405;SRC-000406;SRC-000407;SRC-000408;SRC-000409;SRC-000410;SRC-000411;SRC-000412;SRC-000413;SRC-000414;SRC-000415;SRC-000416;SRC-000417;SRC-000418;SRC-000419;SRC-000420;SRC-000421;SRC-000422;SRC-000423;SRC-000450;SRC-000451;SRC-000452;SRC-000453;SRC-000454;SRC-000455;SRC-000456;SRC-000457;SRC-000458;SRC-000459;SRC-000460;SRC-000461;SRC-000462;SRC-000463;SRC-000464;SRC-000465;SRC-000466;SRC-000467;SRC-000468;SRC-000469;SRC-000470;SRC-000471;SRC-000473;SRC-000474;SRC-000475;SRC-000476;SRC-000002;SRC-000003;SRC-000004;SRC-000005;SRC-000006;SRC-000007;SRC-000033;SRC-000231;SRC-000232;SRC-000233;SRC-000234;SRC-000235;SRC-000236;SRC-000237;SRC-000238;SRC-000239;SRC-000240;SRC-000241;SRC-000242;SRC-000243;SRC-000244;SRC-000245;SRC-000246;SRC-000247;SRC-000248;SRC-000249;SRC-000250;SRC-000251;SRC-000252;SRC-000253;SRC-000254;SRC-000255;SRC-000256;SRC-000257;SRC-000258;SRC-000259;SRC-000260;SRC-000261;SRC-000262;SRC-000263;SRC-000264;SRC-000265;SRC-000266;SRC-000267;SRC-000268;SRC-000269;SRC-000270;SRC-000271;SRC-000272;SRC-000273;SRC-000274;SRC-000275;SRC-000276;SRC-000277;SRC-000278;SRC-000279;SRC-000280;SRC-000281;SRC-000282;SRC-000283;SRC-000284;SRC-000285;SRC-000286;SRC-000287;SRC-000288;SRC-000289;SRC-000290;SRC-000291;SRC-000292;SRC-000293;SRC-000294;SRC-000295;SRC-000296;SRC-000297;SRC-000298;SRC-000299;SRC-000300;SRC-000399;SRC-000400;SRC-000401;SRC-000402;SRC-000403;SRC-000404;SRC-000427;SRC-000428;SRC-000429;SRC-000430;SRC-000431;SRC-000432;SRC-000433;SRC-000434;SRC-000435;SRC-000436;SRC-000437;SRC-000438;SRC-000439;SRC-000440;SRC-000441;SRC-000442;SRC-000443;SRC-000444;SRC-000445;SRC-000446;SRC-000447;SRC-000448;SRC-000449;SRC-000472;SRC-000001;SRC-000228;SRC-000229;SRC-000230;SRC-000397;SRC-000398;SRC-000424;SRC-000425;SRC-000426;SRC-000477	SRC-000056/BLOCK-000515;SRC-000057/BLOCK-000521;SRC-000120/BLOCK-000517;SRC-000121/BLOCK-000523;SRC-000180/BLOCK-000519;SRC-000181/BLOCK-000525;SRC-000452/BLOCK-000826	PROP-101;PROP-115;PROP-120;PROP-122;PROP-124;PROP-126;PROP-127;PROP-128;PROP-129;PROP-150;PROP-116;PROP-125;PROP-143;PROP-102	APB-000004;APB-000005;APB-000015;APB-000017	yes	attachment_update	done	Stage 3 attachment route generated from completed scope row; use exact source blocks and missing-input prompts before item-level production claims.
S3-SCOPE-003	J006	S3-J005	GPTs/attachments/06_data_dictionary_performance_views.md	06. Data Dictionary and Performance Views	KAE-BLOCK-000010	repo_paired_ko_en	primary_working_source_after_alignment	pending	general_reference_1_datatypes_properties	7.1	Korean authoritative; English extraction aid	SRC-000056;SRC-000025	SRC-000056/BLOCK-000515;SRC-000057/BLOCK-000521;SRC-000120/BLOCK-000517;SRC-000121/BLOCK-000523;SRC-000180/BLOCK-000519;SRC-000181/BLOCK-000525;SRC-000452/BLOCK-000826	PROP-101;PROP-115;PROP-120;PROP-122;PROP-124;PROP-126;PROP-127;PROP-128;PROP-129;PROP-150;PROP-116;PROP-125;PROP-143;PROP-102	APB-000004;APB-000005;APB-000015;APB-000017	yes	attachment_update	done	Stage 3 attachment route generated from completed scope row; use exact source blocks and missing-input prompts before item-level production claims.
S3-SCOPE-003	J006	S3-J005	GPTs/attachments/06_data_dictionary_performance_views.md	06. Data Dictionary and Performance Views	KAE-BLOCK-000011	repo_paired_ko_en	primary_working_source_after_alignment	pending	general_reference_2_dictionary_views	7.1	Korean authoritative; English extraction aid	SRC-000057;SRC-000026	SRC-000056/BLOCK-000515;SRC-000057/BLOCK-000521;SRC-000120/BLOCK-000517;SRC-000121/BLOCK-000523;SRC-000180/BLOCK-000519;SRC-000181/BLOCK-000525;SRC-000452/BLOCK-000826	PROP-101;PROP-115;PROP-120;PROP-122;PROP-124;PROP-126;PROP-127;PROP-128;PROP-129;PROP-150;PROP-116;PROP-125;PROP-143;PROP-102	APB-000004;APB-000005;APB-000015;APB-000017	yes	attachment_update	done	Stage 3 attachment route generated from completed scope row; use exact source blocks and missing-input prompts before item-level production claims.
S3-SCOPE-003	J006	S3-J005	GPTs/attachments/06_data_dictionary_performance_views.md	06. Data Dictionary and Performance Views	KAE-BLOCK-000145	repo_paired_ko_en	primary_working_source_after_alignment	pending	general_reference_1_datatypes_properties	7.3	Korean authoritative; English extraction aid	SRC-000120;SRC-000089	SRC-000056/BLOCK-000515;SRC-000057/BLOCK-000521;SRC-000120/BLOCK-000517;SRC-000121/BLOCK-000523;SRC-000180/BLOCK-000519;SRC-000181/BLOCK-000525;SRC-000452/BLOCK-000826	PROP-101;PROP-115;PROP-120;PROP-122;PROP-124;PROP-126;PROP-127;PROP-128;PROP-129;PROP-150;PROP-116;PROP-125;PROP-143;PROP-102	APB-000004;APB-000005;APB-000015;APB-000017	yes	attachment_update	done	Stage 3 attachment route generated from completed scope row; use exact source blocks and missing-input prompts before item-level production claims.
S3-SCOPE-003	J006	S3-J005	GPTs/attachments/06_data_dictionary_performance_views.md	06. Data Dictionary and Performance Views	KAE-BLOCK-000146	repo_paired_ko_en	primary_working_source_after_alignment	pending	general_reference_2_dictionary_views	7.3	Korean authoritative; English extraction aid	SRC-000121;SRC-000090	SRC-000056/BLOCK-000515;SRC-000057/BLOCK-000521;SRC-000120/BLOCK-000517;SRC-000121/BLOCK-000523;SRC-000180/BLOCK-000519;SRC-000181/BLOCK-000525;SRC-000452/BLOCK-000826	PROP-101;PROP-115;PROP-120;PROP-122;PROP-124;PROP-126;PROP-127;PROP-128;PROP-129;PROP-150;PROP-116;PROP-125;PROP-143;PROP-102	APB-000004;APB-000005;APB-000015;APB-000017	yes	attachment_update	done	Stage 3 attachment route generated from completed scope row; use exact source blocks and missing-input prompts before item-level production claims.
S3-SCOPE-003	J006	S3-J005	GPTs/attachments/06_data_dictionary_performance_views.md	06. Data Dictionary and Performance Views	KAE-BLOCK-000201	repo_paired_ko_en	primary_working_source_after_alignment	pending	general_reference_1_datatypes_properties	8.1_verified	Korean authoritative; Altibase 8.1 verified source; English extraction aid	SRC-000180;SRC-000150	SRC-000056/BLOCK-000515;SRC-000057/BLOCK-000521;SRC-000120/BLOCK-000517;SRC-000121/BLOCK-000523;SRC-000180/BLOCK-000519;SRC-000181/BLOCK-000525;SRC-000452/BLOCK-000826	PROP-101;PROP-115;PROP-120;PROP-122;PROP-124;PROP-126;PROP-127;PROP-128;PROP-129;PROP-150;PROP-116;PROP-125;PROP-143;PROP-102	APB-000004;APB-000005;APB-000015;APB-000017	yes	attachment_update	done	Stage 3 attachment route generated from completed scope row; use exact source blocks and missing-input prompts before item-level production claims.
S3-SCOPE-003	J006	S3-J005	GPTs/attachments/06_data_dictionary_performance_views.md	06. Data Dictionary and Performance Views	KAE-BLOCK-000202	repo_paired_ko_en	primary_working_source_after_alignment	pending	general_reference_2_dictionary_views	8.1_verified	Korean authoritative; Altibase 8.1 verified source; English extraction aid	SRC-000181;SRC-000151	SRC-000056/BLOCK-000515;SRC-000057/BLOCK-000521;SRC-000120/BLOCK-000517;SRC-000121/BLOCK-000523;SRC-000180/BLOCK-000519;SRC-000181/BLOCK-000525;SRC-000452/BLOCK-000826	PROP-101;PROP-115;PROP-120;PROP-122;PROP-124;PROP-126;PROP-127;PROP-128;PROP-129;PROP-150;PROP-116;PROP-125;PROP-143;PROP-102	APB-000004;APB-000005;APB-000015;APB-000017	yes	attachment_update	done	Stage 3 attachment route generated from completed scope row; use exact source blocks and missing-input prompts before item-level production claims.
S3-SCOPE-003	J006	S3-J005	GPTs/attachments/06_data_dictionary_performance_views.md	06. Data Dictionary and Performance Views	KAE-BLOCK-000253	repo_paired_ko_en	primary_working_source_after_alignment	pending	release_notes_platform	8.1.0.0.1	Korean authoritative; Altibase 8.1 verified source; English extraction aid	SRC-000452;SRC-000429	SRC-000056/BLOCK-000515;SRC-000057/BLOCK-000521;SRC-000120/BLOCK-000517;SRC-000121/BLOCK-000523;SRC-000180/BLOCK-000519;SRC-000181/BLOCK-000525;SRC-000452/BLOCK-000826	PROP-101;PROP-115;PROP-120;PROP-122;PROP-124;PROP-126;PROP-127;PROP-128;PROP-129;PROP-150;PROP-116;PROP-125;PROP-143;PROP-102	APB-000004;APB-000005;APB-000015;APB-000017	yes	attachment_update	done	Stage 3 attachment route generated from completed scope row; use exact source blocks and missing-input prompts before item-level production claims.
S3-SCOPE-003	J006	S3-J005	GPTs/attachments/06_data_dictionary_performance_views.md	06. Data Dictionary and Performance Views	KAE-BLOCK-000272	hybrid	primary_working_source_after_alignment	aligned	administrator_operations;general_reference_1_datatypes_properties;getting_started_installation;replication_manual;security_ssl_tls;sql_reference	7.1;7.3;8.1_verified	Korean authoritative; English extraction aid; Altibase 8.1 verified source	SRC-000049;SRC-000056;SRC-000058;SRC-000060;SRC-000070;SRC-000051;SRC-000072;SRC-000113;SRC-000120;SRC-000122;SRC-000124;SRC-000132;SRC-000115;SRC-000134;SRC-000173;SRC-000180;SRC-000182;SRC-000184;SRC-000192;SRC-000175;SRC-000194;SRC-000018;SRC-000025;SRC-000027;SRC-000029;SRC-000038;SRC-000020;SRC-000040;SRC-000082;SRC-000089;SRC-000091;SRC-000093;SRC-000101;SRC-000084;SRC-000103;SRC-000143;SRC-000150;SRC-000152;SRC-000154;SRC-000161;SRC-000145;SRC-000163	SRC-000056/BLOCK-000515;SRC-000057/BLOCK-000521;SRC-000120/BLOCK-000517;SRC-000121/BLOCK-000523;SRC-000180/BLOCK-000519;SRC-000181/BLOCK-000525;SRC-000452/BLOCK-000826	PROP-101;PROP-115;PROP-120;PROP-122;PROP-124;PROP-126;PROP-127;PROP-128;PROP-129;PROP-150;PROP-116;PROP-125;PROP-143;PROP-102	APB-000004;APB-000005;APB-000015;APB-000017	yes	attachment_update	done	Stage 3 attachment route generated from completed scope row; use exact source blocks and missing-input prompts before item-level production claims.
S3-SCOPE-003	J006	S3-J005	GPTs/attachments/06_data_dictionary_performance_views.md	06. Data Dictionary and Performance Views	KAE-BLOCK-000273	hybrid	primary_working_source_after_alignment	aligned	administrator_operations;error_message_reference;general_reference_1_datatypes_properties;general_reference_2_dictionary_views;replication_manual;sql_reference	7.1;7.3;8.1_verified	Korean authoritative; English extraction aid; Altibase 8.1 verified source	SRC-000049;SRC-000054;SRC-000056;SRC-000057;SRC-000070;SRC-000072;SRC-000113;SRC-000118;SRC-000120;SRC-000121;SRC-000132;SRC-000134;SRC-000173;SRC-000178;SRC-000180;SRC-000181;SRC-000192;SRC-000194;SRC-000018;SRC-000023;SRC-000025;SRC-000026;SRC-000038;SRC-000040;SRC-000082;SRC-000087;SRC-000089;SRC-000090;SRC-000101;SRC-000103;SRC-000143;SRC-000148;SRC-000150;SRC-000151;SRC-000161;SRC-000163	SRC-000056/BLOCK-000515;SRC-000057/BLOCK-000521;SRC-000120/BLOCK-000517;SRC-000121/BLOCK-000523;SRC-000180/BLOCK-000519;SRC-000181/BLOCK-000525;SRC-000452/BLOCK-000826	PROP-101;PROP-115;PROP-120;PROP-122;PROP-124;PROP-126;PROP-127;PROP-128;PROP-129;PROP-150;PROP-116;PROP-125;PROP-143;PROP-102	APB-000004;APB-000005;APB-000015;APB-000017	yes	attachment_update	done	Stage 3 attachment route generated from completed scope row; use exact source blocks and missing-input prompts before item-level production claims.
S3-SCOPE-003	J006	S3-J005	GPTs/attachments/06_data_dictionary_performance_views.md	06. Data Dictionary and Performance Views	KAE-BLOCK-000274	hybrid	primary_working_source_after_alignment	aligned	c_cli_odbc_precompiler;dblink_hadoop_external_connectors;isql_iloader;jdbc_java;migration_oracle;spatial_nifi_tableau;utilities_datacompj;release_notes_platform;third_party_guides	7.1;7.1.0.1.2;7.3;7.3.0.0.1;8.1_verified;multi;8.1.0.0.1;Migration Center 7.10;Migration Center 7.11;Migration Center 7.12;Migration Center 7.13;Migration Center 7.14;Migration Center 7.15;Migration Center 7.16;Migration Center 7.17;Migration Center 7.18;Migration Center 7.19;Migration Center 7.9;dataCompJ 7.2	Korean authoritative; English extraction aid; Altibase 8.1 verified source	SRC-000046;SRC-000050;SRC-000052;SRC-000065;SRC-000068;SRC-000053;SRC-000059;SRC-000077;SRC-000078;SRC-000047;SRC-000061;SRC-000048;SRC-000074;SRC-000076;SRC-000450;SRC-000110;SRC-000114;SRC-000116;SRC-000128;SRC-000130;SRC-000117;SRC-000123;SRC-000138;SRC-000139;SRC-000111;SRC-000125;SRC-000112;SRC-000135;SRC-000137;SRC-000451;SRC-000170;SRC-000174;SRC-000176;SRC-000188;SRC-000190;SRC-000177;SRC-000183;SRC-000221;SRC-000198;SRC-000199;SRC-000171;SRC-000185;SRC-000172;SRC-000223;SRC-000195;SRC-000226;SRC-000197;SRC-000222;SRC-000227;SRC-000207;SRC-000473;SRC-000209;SRC-000212;SRC-000470;SRC-000008;SRC-000009;SRC-000010;SRC-000012;SRC-000013;SRC-000014;SRC-000208;SRC-000213;SRC-000452;SRC-000453;SRC-000454;SRC-000455;SRC-000456;SRC-000457;SRC-000458;SRC-000459;SRC-000460;SRC-000461;SRC-000462;SRC-000463;SRC-000471;SRC-000015;SRC-000019;SRC-000021;SRC-000034;SRC-000036;SRC-000022;SRC-000028;SRC-000044;SRC-000045;SRC-000016;SRC-000030;SRC-000017;SRC-000041;SRC-000043;SRC-000427;SRC-000079;SRC-000083;SRC-000085;SRC-000097;SRC-000099;SRC-000086;SRC-000092;SRC-000107;SRC-000108;SRC-000080;SRC-000094;SRC-000081;SRC-000104;SRC-000106;SRC-000428;SRC-000140;SRC-000144;SRC-000146;SRC-000158;SRC-000160;SRC-000147;SRC-000153;SRC-000214;SRC-000167;SRC-000168;SRC-000141;SRC-000155;SRC-000142;SRC-000216;SRC-000164;SRC-000219;SRC-000166;SRC-000215;SRC-000220;SRC-000200;SRC-000202;SRC-000205;SRC-000448;SRC-000002;SRC-000003;SRC-000004;SRC-000005;SRC-000006;SRC-000007;SRC-000201;SRC-000206;SRC-000429;SRC-000430;SRC-000431;SRC-000432;SRC-000433;SRC-000434;SRC-000435;SRC-000436;SRC-000437;SRC-000438;SRC-000439;SRC-000442;SRC-000449	SRC-000056/BLOCK-000515;SRC-000057/BLOCK-000521;SRC-000120/BLOCK-000517;SRC-000121/BLOCK-000523;SRC-000180/BLOCK-000519;SRC-000181/BLOCK-000525;SRC-000452/BLOCK-000826	PROP-101;PROP-115;PROP-120;PROP-122;PROP-124;PROP-126;PROP-127;PROP-128;PROP-129;PROP-150;PROP-116;PROP-125;PROP-143;PROP-102	APB-000004;APB-000005;APB-000015;APB-000017	yes	attachment_update	done	Stage 3 attachment route generated from completed scope row; use exact source blocks and missing-input prompts before item-level production claims.
S3-SCOPE-003	J006	S3-J005	GPTs/attachments/06_data_dictionary_performance_views.md	06. Data Dictionary and Performance Views	KAE-BLOCK-000275	hybrid	primary_working_source_after_alignment	aligned	patch_notes;release_notes_platform;technical_documents_support;third_party_guides;migration_oracle;replication_manager;spatial_nifi_tableau;utilities_datacompj	7.1;7.3;8.1_verified;multi;selected release-note tool scopes	Korean authoritative; English extraction aid; Repository source evidence; Approved support evidence; Altibase 8.1 verified source	SRC-000008;SRC-000009;SRC-000010;SRC-000011;SRC-000012;SRC-000013;SRC-000014;SRC-000064;SRC-000301;SRC-000302;SRC-000303;SRC-000304;SRC-000305;SRC-000306;SRC-000307;SRC-000308;SRC-000309;SRC-000310;SRC-000311;SRC-000312;SRC-000313;SRC-000314;SRC-000315;SRC-000316;SRC-000317;SRC-000318;SRC-000319;SRC-000320;SRC-000321;SRC-000322;SRC-000323;SRC-000324;SRC-000325;SRC-000326;SRC-000327;SRC-000328;SRC-000329;SRC-000330;SRC-000331;SRC-000332;SRC-000333;SRC-000334;SRC-000335;SRC-000336;SRC-000337;SRC-000338;SRC-000339;SRC-000340;SRC-000341;SRC-000342;SRC-000343;SRC-000344;SRC-000345;SRC-000346;SRC-000347;SRC-000348;SRC-000349;SRC-000350;SRC-000351;SRC-000352;SRC-000353;SRC-000354;SRC-000355;SRC-000356;SRC-000357;SRC-000358;SRC-000359;SRC-000360;SRC-000361;SRC-000362;SRC-000363;SRC-000364;SRC-000365;SRC-000366;SRC-000367;SRC-000368;SRC-000369;SRC-000370;SRC-000371;SRC-000372;SRC-000373;SRC-000374;SRC-000375;SRC-000376;SRC-000377;SRC-000378;SRC-000379;SRC-000380;SRC-000381;SRC-000382;SRC-000383;SRC-000384;SRC-000385;SRC-000386;SRC-000387;SRC-000388;SRC-000389;SRC-000390;SRC-000391;SRC-000392;SRC-000393;SRC-000394;SRC-000395;SRC-000396;SRC-000405;SRC-000406;SRC-000407;SRC-000408;SRC-000409;SRC-000410;SRC-000411;SRC-000412;SRC-000413;SRC-000414;SRC-000415;SRC-000416;SRC-000417;SRC-000418;SRC-000419;SRC-000420;SRC-000421;SRC-000422;SRC-000423;SRC-000450;SRC-000451;SRC-000452;SRC-000453;SRC-000454;SRC-000455;SRC-000456;SRC-000457;SRC-000458;SRC-000459;SRC-000460;SRC-000461;SRC-000462;SRC-000463;SRC-000464;SRC-000465;SRC-000466;SRC-000467;SRC-000468;SRC-000469;SRC-000470;SRC-000471;SRC-000473;SRC-000474;SRC-000475;SRC-000476;SRC-000002;SRC-000003;SRC-000004;SRC-000005;SRC-000006;SRC-000007;SRC-000033;SRC-000231;SRC-000232;SRC-000233;SRC-000234;SRC-000235;SRC-000236;SRC-000237;SRC-000238;SRC-000239;SRC-000240;SRC-000241;SRC-000242;SRC-000243;SRC-000244;SRC-000245;SRC-000246;SRC-000247;SRC-000248;SRC-000249;SRC-000250;SRC-000251;SRC-000252;SRC-000253;SRC-000254;SRC-000255;SRC-000256;SRC-000257;SRC-000258;SRC-000259;SRC-000260;SRC-000261;SRC-000262;SRC-000263;SRC-000264;SRC-000265;SRC-000266;SRC-000267;SRC-000268;SRC-000269;SRC-000270;SRC-000271;SRC-000272;SRC-000273;SRC-000274;SRC-000275;SRC-000276;SRC-000277;SRC-000278;SRC-000279;SRC-000280;SRC-000281;SRC-000282;SRC-000283;SRC-000284;SRC-000285;SRC-000286;SRC-000287;SRC-000288;SRC-000289;SRC-000290;SRC-000291;SRC-000292;SRC-000293;SRC-000294;SRC-000295;SRC-000296;SRC-000297;SRC-000298;SRC-000299;SRC-000300;SRC-000399;SRC-000400;SRC-000401;SRC-000402;SRC-000403;SRC-000404;SRC-000427;SRC-000428;SRC-000429;SRC-000430;SRC-000431;SRC-000432;SRC-000433;SRC-000434;SRC-000435;SRC-000436;SRC-000437;SRC-000438;SRC-000439;SRC-000440;SRC-000441;SRC-000442;SRC-000443;SRC-000444;SRC-000445;SRC-000446;SRC-000447;SRC-000448;SRC-000449;SRC-000472;SRC-000001;SRC-000228;SRC-000229;SRC-000230;SRC-000397;SRC-000398;SRC-000424;SRC-000425;SRC-000426;SRC-000477	SRC-000056/BLOCK-000515;SRC-000057/BLOCK-000521;SRC-000120/BLOCK-000517;SRC-000121/BLOCK-000523;SRC-000180/BLOCK-000519;SRC-000181/BLOCK-000525;SRC-000452/BLOCK-000826	PROP-101;PROP-115;PROP-120;PROP-122;PROP-124;PROP-126;PROP-127;PROP-128;PROP-129;PROP-150;PROP-116;PROP-125;PROP-143;PROP-102	APB-000004;APB-000005;APB-000015;APB-000017	yes	attachment_update	done	Stage 3 attachment route generated from completed scope row; use exact source blocks and missing-input prompts before item-level production claims.
S3-SCOPE-004	J007	S3-J006	GPTs/attachments/05_data_types_properties.md	05. Data Types and Properties	KAE-BLOCK-000145	repo_paired_ko_en	primary_working_source_after_alignment	pending	general_reference_1_datatypes_properties	7.3	Korean authoritative; English extraction aid	SRC-000120;SRC-000089	SRC-000120/BLOCK-000517;SRC-000121/BLOCK-000523;SRC-000180/BLOCK-000519;SRC-000181/BLOCK-000525;SRC-000452/BLOCK-000826	PROP-137;PROP-138;PROP-140;PROP-141;PROP-142;PROP-118;PROP-135;PROP-136;PROP-139;PROP-113	APB-000004;APB-000007;APB-000008;APB-000017	yes	attachment_update	done	Stage 3 attachment route generated from completed scope row; use exact source blocks and missing-input prompts before item-level production claims.
S3-SCOPE-004	J007	S3-J006	GPTs/attachments/05_data_types_properties.md	05. Data Types and Properties	KAE-BLOCK-000146	repo_paired_ko_en	primary_working_source_after_alignment	pending	general_reference_2_dictionary_views	7.3	Korean authoritative; English extraction aid	SRC-000121;SRC-000090	SRC-000120/BLOCK-000517;SRC-000121/BLOCK-000523;SRC-000180/BLOCK-000519;SRC-000181/BLOCK-000525;SRC-000452/BLOCK-000826	PROP-137;PROP-138;PROP-140;PROP-141;PROP-142;PROP-118;PROP-135;PROP-136;PROP-139;PROP-113	APB-000004;APB-000007;APB-000008;APB-000017	yes	attachment_update	done	Stage 3 attachment route generated from completed scope row; use exact source blocks and missing-input prompts before item-level production claims.
S3-SCOPE-004	J007	S3-J006	GPTs/attachments/05_data_types_properties.md	05. Data Types and Properties	KAE-BLOCK-000201	repo_paired_ko_en	primary_working_source_after_alignment	pending	general_reference_1_datatypes_properties	8.1_verified	Korean authoritative; Altibase 8.1 verified source; English extraction aid	SRC-000180;SRC-000150	SRC-000120/BLOCK-000517;SRC-000121/BLOCK-000523;SRC-000180/BLOCK-000519;SRC-000181/BLOCK-000525;SRC-000452/BLOCK-000826	PROP-137;PROP-138;PROP-140;PROP-141;PROP-142;PROP-118;PROP-135;PROP-136;PROP-139;PROP-113	APB-000004;APB-000007;APB-000008;APB-000017	yes	attachment_update	done	Stage 3 attachment route generated from completed scope row; use exact source blocks and missing-input prompts before item-level production claims.
S3-SCOPE-004	J007	S3-J006	GPTs/attachments/05_data_types_properties.md	05. Data Types and Properties	KAE-BLOCK-000202	repo_paired_ko_en	primary_working_source_after_alignment	pending	general_reference_2_dictionary_views	8.1_verified	Korean authoritative; Altibase 8.1 verified source; English extraction aid	SRC-000181;SRC-000151	SRC-000120/BLOCK-000517;SRC-000121/BLOCK-000523;SRC-000180/BLOCK-000519;SRC-000181/BLOCK-000525;SRC-000452/BLOCK-000826	PROP-137;PROP-138;PROP-140;PROP-141;PROP-142;PROP-118;PROP-135;PROP-136;PROP-139;PROP-113	APB-000004;APB-000007;APB-000008;APB-000017	yes	attachment_update	done	Stage 3 attachment route generated from completed scope row; use exact source blocks and missing-input prompts before item-level production claims.
S3-SCOPE-004	J007	S3-J006	GPTs/attachments/05_data_types_properties.md	05. Data Types and Properties	KAE-BLOCK-000253	repo_paired_ko_en	primary_working_source_after_alignment	pending	release_notes_platform	8.1.0.0.1	Korean authoritative; Altibase 8.1 verified source; English extraction aid	SRC-000452;SRC-000429	SRC-000120/BLOCK-000517;SRC-000121/BLOCK-000523;SRC-000180/BLOCK-000519;SRC-000181/BLOCK-000525;SRC-000452/BLOCK-000826	PROP-137;PROP-138;PROP-140;PROP-141;PROP-142;PROP-118;PROP-135;PROP-136;PROP-139;PROP-113	APB-000004;APB-000007;APB-000008;APB-000017	yes	attachment_update	done	Stage 3 attachment route generated from completed scope row; use exact source blocks and missing-input prompts before item-level production claims.
S3-SCOPE-004	J007	S3-J006	GPTs/attachments/05_data_types_properties.md	05. Data Types and Properties	KAE-BLOCK-000272	hybrid	primary_working_source_after_alignment	aligned	administrator_operations;general_reference_1_datatypes_properties;getting_started_installation;replication_manual;security_ssl_tls;sql_reference	7.1;7.3;8.1_verified	Korean authoritative; English extraction aid; Altibase 8.1 verified source	SRC-000049;SRC-000056;SRC-000058;SRC-000060;SRC-000070;SRC-000051;SRC-000072;SRC-000113;SRC-000120;SRC-000122;SRC-000124;SRC-000132;SRC-000115;SRC-000134;SRC-000173;SRC-000180;SRC-000182;SRC-000184;SRC-000192;SRC-000175;SRC-000194;SRC-000018;SRC-000025;SRC-000027;SRC-000029;SRC-000038;SRC-000020;SRC-000040;SRC-000082;SRC-000089;SRC-000091;SRC-000093;SRC-000101;SRC-000084;SRC-000103;SRC-000143;SRC-000150;SRC-000152;SRC-000154;SRC-000161;SRC-000145;SRC-000163	SRC-000120/BLOCK-000517;SRC-000121/BLOCK-000523;SRC-000180/BLOCK-000519;SRC-000181/BLOCK-000525;SRC-000452/BLOCK-000826	PROP-137;PROP-138;PROP-140;PROP-141;PROP-142;PROP-118;PROP-135;PROP-136;PROP-139;PROP-113	APB-000004;APB-000007;APB-000008;APB-000017	yes	attachment_update	done	Stage 3 attachment route generated from completed scope row; use exact source blocks and missing-input prompts before item-level production claims.
S3-SCOPE-004	J007	S3-J006	GPTs/attachments/05_data_types_properties.md	05. Data Types and Properties	KAE-BLOCK-000273	hybrid	primary_working_source_after_alignment	aligned	administrator_operations;error_message_reference;general_reference_1_datatypes_properties;general_reference_2_dictionary_views;replication_manual;sql_reference	7.1;7.3;8.1_verified	Korean authoritative; English extraction aid; Altibase 8.1 verified source	SRC-000049;SRC-000054;SRC-000056;SRC-000057;SRC-000070;SRC-000072;SRC-000113;SRC-000118;SRC-000120;SRC-000121;SRC-000132;SRC-000134;SRC-000173;SRC-000178;SRC-000180;SRC-000181;SRC-000192;SRC-000194;SRC-000018;SRC-000023;SRC-000025;SRC-000026;SRC-000038;SRC-000040;SRC-000082;SRC-000087;SRC-000089;SRC-000090;SRC-000101;SRC-000103;SRC-000143;SRC-000148;SRC-000150;SRC-000151;SRC-000161;SRC-000163	SRC-000120/BLOCK-000517;SRC-000121/BLOCK-000523;SRC-000180/BLOCK-000519;SRC-000181/BLOCK-000525;SRC-000452/BLOCK-000826	PROP-137;PROP-138;PROP-140;PROP-141;PROP-142;PROP-118;PROP-135;PROP-136;PROP-139;PROP-113	APB-000004;APB-000007;APB-000008;APB-000017	yes	attachment_update	done	Stage 3 attachment route generated from completed scope row; use exact source blocks and missing-input prompts before item-level production claims.
S3-SCOPE-004	J007	S3-J006	GPTs/attachments/05_data_types_properties.md	05. Data Types and Properties	KAE-BLOCK-000274	hybrid	primary_working_source_after_alignment	aligned	c_cli_odbc_precompiler;dblink_hadoop_external_connectors;isql_iloader;jdbc_java;migration_oracle;spatial_nifi_tableau;utilities_datacompj;release_notes_platform;third_party_guides	7.1;7.1.0.1.2;7.3;7.3.0.0.1;8.1_verified;multi;8.1.0.0.1;Migration Center 7.10;Migration Center 7.11;Migration Center 7.12;Migration Center 7.13;Migration Center 7.14;Migration Center 7.15;Migration Center 7.16;Migration Center 7.17;Migration Center 7.18;Migration Center 7.19;Migration Center 7.9;dataCompJ 7.2	Korean authoritative; English extraction aid; Altibase 8.1 verified source	SRC-000046;SRC-000050;SRC-000052;SRC-000065;SRC-000068;SRC-000053;SRC-000059;SRC-000077;SRC-000078;SRC-000047;SRC-000061;SRC-000048;SRC-000074;SRC-000076;SRC-000450;SRC-000110;SRC-000114;SRC-000116;SRC-000128;SRC-000130;SRC-000117;SRC-000123;SRC-000138;SRC-000139;SRC-000111;SRC-000125;SRC-000112;SRC-000135;SRC-000137;SRC-000451;SRC-000170;SRC-000174;SRC-000176;SRC-000188;SRC-000190;SRC-000177;SRC-000183;SRC-000221;SRC-000198;SRC-000199;SRC-000171;SRC-000185;SRC-000172;SRC-000223;SRC-000195;SRC-000226;SRC-000197;SRC-000222;SRC-000227;SRC-000207;SRC-000473;SRC-000209;SRC-000212;SRC-000470;SRC-000008;SRC-000009;SRC-000010;SRC-000012;SRC-000013;SRC-000014;SRC-000208;SRC-000213;SRC-000452;SRC-000453;SRC-000454;SRC-000455;SRC-000456;SRC-000457;SRC-000458;SRC-000459;SRC-000460;SRC-000461;SRC-000462;SRC-000463;SRC-000471;SRC-000015;SRC-000019;SRC-000021;SRC-000034;SRC-000036;SRC-000022;SRC-000028;SRC-000044;SRC-000045;SRC-000016;SRC-000030;SRC-000017;SRC-000041;SRC-000043;SRC-000427;SRC-000079;SRC-000083;SRC-000085;SRC-000097;SRC-000099;SRC-000086;SRC-000092;SRC-000107;SRC-000108;SRC-000080;SRC-000094;SRC-000081;SRC-000104;SRC-000106;SRC-000428;SRC-000140;SRC-000144;SRC-000146;SRC-000158;SRC-000160;SRC-000147;SRC-000153;SRC-000214;SRC-000167;SRC-000168;SRC-000141;SRC-000155;SRC-000142;SRC-000216;SRC-000164;SRC-000219;SRC-000166;SRC-000215;SRC-000220;SRC-000200;SRC-000202;SRC-000205;SRC-000448;SRC-000002;SRC-000003;SRC-000004;SRC-000005;SRC-000006;SRC-000007;SRC-000201;SRC-000206;SRC-000429;SRC-000430;SRC-000431;SRC-000432;SRC-000433;SRC-000434;SRC-000435;SRC-000436;SRC-000437;SRC-000438;SRC-000439;SRC-000442;SRC-000449	SRC-000120/BLOCK-000517;SRC-000121/BLOCK-000523;SRC-000180/BLOCK-000519;SRC-000181/BLOCK-000525;SRC-000452/BLOCK-000826	PROP-137;PROP-138;PROP-140;PROP-141;PROP-142;PROP-118;PROP-135;PROP-136;PROP-139;PROP-113	APB-000004;APB-000007;APB-000008;APB-000017	yes	attachment_update	done	Stage 3 attachment route generated from completed scope row; use exact source blocks and missing-input prompts before item-level production claims.
S3-SCOPE-004	J007	S3-J006	GPTs/attachments/05_data_types_properties.md	05. Data Types and Properties	KAE-BLOCK-000275	hybrid	primary_working_source_after_alignment	aligned	patch_notes;release_notes_platform;technical_documents_support;third_party_guides;migration_oracle;replication_manager;spatial_nifi_tableau;utilities_datacompj	7.1;7.3;8.1_verified;multi;selected release-note tool scopes	Korean authoritative; English extraction aid; Repository source evidence; Approved support evidence; Altibase 8.1 verified source	SRC-000008;SRC-000009;SRC-000010;SRC-000011;SRC-000012;SRC-000013;SRC-000014;SRC-000064;SRC-000301;SRC-000302;SRC-000303;SRC-000304;SRC-000305;SRC-000306;SRC-000307;SRC-000308;SRC-000309;SRC-000310;SRC-000311;SRC-000312;SRC-000313;SRC-000314;SRC-000315;SRC-000316;SRC-000317;SRC-000318;SRC-000319;SRC-000320;SRC-000321;SRC-000322;SRC-000323;SRC-000324;SRC-000325;SRC-000326;SRC-000327;SRC-000328;SRC-000329;SRC-000330;SRC-000331;SRC-000332;SRC-000333;SRC-000334;SRC-000335;SRC-000336;SRC-000337;SRC-000338;SRC-000339;SRC-000340;SRC-000341;SRC-000342;SRC-000343;SRC-000344;SRC-000345;SRC-000346;SRC-000347;SRC-000348;SRC-000349;SRC-000350;SRC-000351;SRC-000352;SRC-000353;SRC-000354;SRC-000355;SRC-000356;SRC-000357;SRC-000358;SRC-000359;SRC-000360;SRC-000361;SRC-000362;SRC-000363;SRC-000364;SRC-000365;SRC-000366;SRC-000367;SRC-000368;SRC-000369;SRC-000370;SRC-000371;SRC-000372;SRC-000373;SRC-000374;SRC-000375;SRC-000376;SRC-000377;SRC-000378;SRC-000379;SRC-000380;SRC-000381;SRC-000382;SRC-000383;SRC-000384;SRC-000385;SRC-000386;SRC-000387;SRC-000388;SRC-000389;SRC-000390;SRC-000391;SRC-000392;SRC-000393;SRC-000394;SRC-000395;SRC-000396;SRC-000405;SRC-000406;SRC-000407;SRC-000408;SRC-000409;SRC-000410;SRC-000411;SRC-000412;SRC-000413;SRC-000414;SRC-000415;SRC-000416;SRC-000417;SRC-000418;SRC-000419;SRC-000420;SRC-000421;SRC-000422;SRC-000423;SRC-000450;SRC-000451;SRC-000452;SRC-000453;SRC-000454;SRC-000455;SRC-000456;SRC-000457;SRC-000458;SRC-000459;SRC-000460;SRC-000461;SRC-000462;SRC-000463;SRC-000464;SRC-000465;SRC-000466;SRC-000467;SRC-000468;SRC-000469;SRC-000470;SRC-000471;SRC-000473;SRC-000474;SRC-000475;SRC-000476;SRC-000002;SRC-000003;SRC-000004;SRC-000005;SRC-000006;SRC-000007;SRC-000033;SRC-000231;SRC-000232;SRC-000233;SRC-000234;SRC-000235;SRC-000236;SRC-000237;SRC-000238;SRC-000239;SRC-000240;SRC-000241;SRC-000242;SRC-000243;SRC-000244;SRC-000245;SRC-000246;SRC-000247;SRC-000248;SRC-000249;SRC-000250;SRC-000251;SRC-000252;SRC-000253;SRC-000254;SRC-000255;SRC-000256;SRC-000257;SRC-000258;SRC-000259;SRC-000260;SRC-000261;SRC-000262;SRC-000263;SRC-000264;SRC-000265;SRC-000266;SRC-000267;SRC-000268;SRC-000269;SRC-000270;SRC-000271;SRC-000272;SRC-000273;SRC-000274;SRC-000275;SRC-000276;SRC-000277;SRC-000278;SRC-000279;SRC-000280;SRC-000281;SRC-000282;SRC-000283;SRC-000284;SRC-000285;SRC-000286;SRC-000287;SRC-000288;SRC-000289;SRC-000290;SRC-000291;SRC-000292;SRC-000293;SRC-000294;SRC-000295;SRC-000296;SRC-000297;SRC-000298;SRC-000299;SRC-000300;SRC-000399;SRC-000400;SRC-000401;SRC-000402;SRC-000403;SRC-000404;SRC-000427;SRC-000428;SRC-000429;SRC-000430;SRC-000431;SRC-000432;SRC-000433;SRC-000434;SRC-000435;SRC-000436;SRC-000437;SRC-000438;SRC-000439;SRC-000440;SRC-000441;SRC-000442;SRC-000443;SRC-000444;SRC-000445;SRC-000446;SRC-000447;SRC-000448;SRC-000449;SRC-000472;SRC-000001;SRC-000228;SRC-000229;SRC-000230;SRC-000397;SRC-000398;SRC-000424;SRC-000425;SRC-000426;SRC-000477	SRC-000120/BLOCK-000517;SRC-000121/BLOCK-000523;SRC-000180/BLOCK-000519;SRC-000181/BLOCK-000525;SRC-000452/BLOCK-000826	PROP-137;PROP-138;PROP-140;PROP-141;PROP-142;PROP-118;PROP-135;PROP-136;PROP-139;PROP-113	APB-000004;APB-000007;APB-000008;APB-000017	yes	attachment_update	done	Stage 3 attachment route generated from completed scope row; use exact source blocks and missing-input prompts before item-level production claims.
S3-SCOPE-004	J007	S3-J006	GPTs/attachments/09_replication_ha_cdc.md	09. Replication, HA, and CDC	KAE-BLOCK-000145	repo_paired_ko_en	primary_working_source_after_alignment	pending	general_reference_1_datatypes_properties	7.3	Korean authoritative; English extraction aid	SRC-000120;SRC-000089	SRC-000120/BLOCK-000517;SRC-000121/BLOCK-000523;SRC-000180/BLOCK-000519;SRC-000181/BLOCK-000525;SRC-000452/BLOCK-000826	PROP-137;PROP-138;PROP-140;PROP-141;PROP-142;PROP-118;PROP-135;PROP-136;PROP-139;PROP-113	APB-000004;APB-000007;APB-000008;APB-000017	yes	attachment_update	done	Stage 3 attachment route generated from completed scope row; use exact source blocks and missing-input prompts before item-level production claims.
S3-SCOPE-004	J007	S3-J006	GPTs/attachments/09_replication_ha_cdc.md	09. Replication, HA, and CDC	KAE-BLOCK-000146	repo_paired_ko_en	primary_working_source_after_alignment	pending	general_reference_2_dictionary_views	7.3	Korean authoritative; English extraction aid	SRC-000121;SRC-000090	SRC-000120/BLOCK-000517;SRC-000121/BLOCK-000523;SRC-000180/BLOCK-000519;SRC-000181/BLOCK-000525;SRC-000452/BLOCK-000826	PROP-137;PROP-138;PROP-140;PROP-141;PROP-142;PROP-118;PROP-135;PROP-136;PROP-139;PROP-113	APB-000004;APB-000007;APB-000008;APB-000017	yes	attachment_update	done	Stage 3 attachment route generated from completed scope row; use exact source blocks and missing-input prompts before item-level production claims.
S3-SCOPE-004	J007	S3-J006	GPTs/attachments/09_replication_ha_cdc.md	09. Replication, HA, and CDC	KAE-BLOCK-000201	repo_paired_ko_en	primary_working_source_after_alignment	pending	general_reference_1_datatypes_properties	8.1_verified	Korean authoritative; Altibase 8.1 verified source; English extraction aid	SRC-000180;SRC-000150	SRC-000120/BLOCK-000517;SRC-000121/BLOCK-000523;SRC-000180/BLOCK-000519;SRC-000181/BLOCK-000525;SRC-000452/BLOCK-000826	PROP-137;PROP-138;PROP-140;PROP-141;PROP-142;PROP-118;PROP-135;PROP-136;PROP-139;PROP-113	APB-000004;APB-000007;APB-000008;APB-000017	yes	attachment_update	done	Stage 3 attachment route generated from completed scope row; use exact source blocks and missing-input prompts before item-level production claims.
S3-SCOPE-004	J007	S3-J006	GPTs/attachments/09_replication_ha_cdc.md	09. Replication, HA, and CDC	KAE-BLOCK-000202	repo_paired_ko_en	primary_working_source_after_alignment	pending	general_reference_2_dictionary_views	8.1_verified	Korean authoritative; Altibase 8.1 verified source; English extraction aid	SRC-000181;SRC-000151	SRC-000120/BLOCK-000517;SRC-000121/BLOCK-000523;SRC-000180/BLOCK-000519;SRC-000181/BLOCK-000525;SRC-000452/BLOCK-000826	PROP-137;PROP-138;PROP-140;PROP-141;PROP-142;PROP-118;PROP-135;PROP-136;PROP-139;PROP-113	APB-000004;APB-000007;APB-000008;APB-000017	yes	attachment_update	done	Stage 3 attachment route generated from completed scope row; use exact source blocks and missing-input prompts before item-level production claims.
S3-SCOPE-004	J007	S3-J006	GPTs/attachments/09_replication_ha_cdc.md	09. Replication, HA, and CDC	KAE-BLOCK-000253	repo_paired_ko_en	primary_working_source_after_alignment	pending	release_notes_platform	8.1.0.0.1	Korean authoritative; Altibase 8.1 verified source; English extraction aid	SRC-000452;SRC-000429	SRC-000120/BLOCK-000517;SRC-000121/BLOCK-000523;SRC-000180/BLOCK-000519;SRC-000181/BLOCK-000525;SRC-000452/BLOCK-000826	PROP-137;PROP-138;PROP-140;PROP-141;PROP-142;PROP-118;PROP-135;PROP-136;PROP-139;PROP-113	APB-000004;APB-000007;APB-000008;APB-000017	yes	attachment_update	done	Stage 3 attachment route generated from completed scope row; use exact source blocks and missing-input prompts before item-level production claims.
S3-SCOPE-004	J007	S3-J006	GPTs/attachments/09_replication_ha_cdc.md	09. Replication, HA, and CDC	KAE-BLOCK-000272	hybrid	primary_working_source_after_alignment	aligned	administrator_operations;general_reference_1_datatypes_properties;getting_started_installation;replication_manual;security_ssl_tls;sql_reference	7.1;7.3;8.1_verified	Korean authoritative; English extraction aid; Altibase 8.1 verified source	SRC-000049;SRC-000056;SRC-000058;SRC-000060;SRC-000070;SRC-000051;SRC-000072;SRC-000113;SRC-000120;SRC-000122;SRC-000124;SRC-000132;SRC-000115;SRC-000134;SRC-000173;SRC-000180;SRC-000182;SRC-000184;SRC-000192;SRC-000175;SRC-000194;SRC-000018;SRC-000025;SRC-000027;SRC-000029;SRC-000038;SRC-000020;SRC-000040;SRC-000082;SRC-000089;SRC-000091;SRC-000093;SRC-000101;SRC-000084;SRC-000103;SRC-000143;SRC-000150;SRC-000152;SRC-000154;SRC-000161;SRC-000145;SRC-000163	SRC-000120/BLOCK-000517;SRC-000121/BLOCK-000523;SRC-000180/BLOCK-000519;SRC-000181/BLOCK-000525;SRC-000452/BLOCK-000826	PROP-137;PROP-138;PROP-140;PROP-141;PROP-142;PROP-118;PROP-135;PROP-136;PROP-139;PROP-113	APB-000004;APB-000007;APB-000008;APB-000017	yes	attachment_update	done	Stage 3 attachment route generated from completed scope row; use exact source blocks and missing-input prompts before item-level production claims.
S3-SCOPE-004	J007	S3-J006	GPTs/attachments/09_replication_ha_cdc.md	09. Replication, HA, and CDC	KAE-BLOCK-000273	hybrid	primary_working_source_after_alignment	aligned	administrator_operations;error_message_reference;general_reference_1_datatypes_properties;general_reference_2_dictionary_views;replication_manual;sql_reference	7.1;7.3;8.1_verified	Korean authoritative; English extraction aid; Altibase 8.1 verified source	SRC-000049;SRC-000054;SRC-000056;SRC-000057;SRC-000070;SRC-000072;SRC-000113;SRC-000118;SRC-000120;SRC-000121;SRC-000132;SRC-000134;SRC-000173;SRC-000178;SRC-000180;SRC-000181;SRC-000192;SRC-000194;SRC-000018;SRC-000023;SRC-000025;SRC-000026;SRC-000038;SRC-000040;SRC-000082;SRC-000087;SRC-000089;SRC-000090;SRC-000101;SRC-000103;SRC-000143;SRC-000148;SRC-000150;SRC-000151;SRC-000161;SRC-000163	SRC-000120/BLOCK-000517;SRC-000121/BLOCK-000523;SRC-000180/BLOCK-000519;SRC-000181/BLOCK-000525;SRC-000452/BLOCK-000826	PROP-137;PROP-138;PROP-140;PROP-141;PROP-142;PROP-118;PROP-135;PROP-136;PROP-139;PROP-113	APB-000004;APB-000007;APB-000008;APB-000017	yes	attachment_update	done	Stage 3 attachment route generated from completed scope row; use exact source blocks and missing-input prompts before item-level production claims.
S3-SCOPE-004	J007	S3-J006	GPTs/attachments/09_replication_ha_cdc.md	09. Replication, HA, and CDC	KAE-BLOCK-000274	hybrid	primary_working_source_after_alignment	aligned	c_cli_odbc_precompiler;dblink_hadoop_external_connectors;isql_iloader;jdbc_java;migration_oracle;spatial_nifi_tableau;utilities_datacompj;release_notes_platform;third_party_guides	7.1;7.1.0.1.2;7.3;7.3.0.0.1;8.1_verified;multi;8.1.0.0.1;Migration Center 7.10;Migration Center 7.11;Migration Center 7.12;Migration Center 7.13;Migration Center 7.14;Migration Center 7.15;Migration Center 7.16;Migration Center 7.17;Migration Center 7.18;Migration Center 7.19;Migration Center 7.9;dataCompJ 7.2	Korean authoritative; English extraction aid; Altibase 8.1 verified source	SRC-000046;SRC-000050;SRC-000052;SRC-000065;SRC-000068;SRC-000053;SRC-000059;SRC-000077;SRC-000078;SRC-000047;SRC-000061;SRC-000048;SRC-000074;SRC-000076;SRC-000450;SRC-000110;SRC-000114;SRC-000116;SRC-000128;SRC-000130;SRC-000117;SRC-000123;SRC-000138;SRC-000139;SRC-000111;SRC-000125;SRC-000112;SRC-000135;SRC-000137;SRC-000451;SRC-000170;SRC-000174;SRC-000176;SRC-000188;SRC-000190;SRC-000177;SRC-000183;SRC-000221;SRC-000198;SRC-000199;SRC-000171;SRC-000185;SRC-000172;SRC-000223;SRC-000195;SRC-000226;SRC-000197;SRC-000222;SRC-000227;SRC-000207;SRC-000473;SRC-000209;SRC-000212;SRC-000470;SRC-000008;SRC-000009;SRC-000010;SRC-000012;SRC-000013;SRC-000014;SRC-000208;SRC-000213;SRC-000452;SRC-000453;SRC-000454;SRC-000455;SRC-000456;SRC-000457;SRC-000458;SRC-000459;SRC-000460;SRC-000461;SRC-000462;SRC-000463;SRC-000471;SRC-000015;SRC-000019;SRC-000021;SRC-000034;SRC-000036;SRC-000022;SRC-000028;SRC-000044;SRC-000045;SRC-000016;SRC-000030;SRC-000017;SRC-000041;SRC-000043;SRC-000427;SRC-000079;SRC-000083;SRC-000085;SRC-000097;SRC-000099;SRC-000086;SRC-000092;SRC-000107;SRC-000108;SRC-000080;SRC-000094;SRC-000081;SRC-000104;SRC-000106;SRC-000428;SRC-000140;SRC-000144;SRC-000146;SRC-000158;SRC-000160;SRC-000147;SRC-000153;SRC-000214;SRC-000167;SRC-000168;SRC-000141;SRC-000155;SRC-000142;SRC-000216;SRC-000164;SRC-000219;SRC-000166;SRC-000215;SRC-000220;SRC-000200;SRC-000202;SRC-000205;SRC-000448;SRC-000002;SRC-000003;SRC-000004;SRC-000005;SRC-000006;SRC-000007;SRC-000201;SRC-000206;SRC-000429;SRC-000430;SRC-000431;SRC-000432;SRC-000433;SRC-000434;SRC-000435;SRC-000436;SRC-000437;SRC-000438;SRC-000439;SRC-000442;SRC-000449	SRC-000120/BLOCK-000517;SRC-000121/BLOCK-000523;SRC-000180/BLOCK-000519;SRC-000181/BLOCK-000525;SRC-000452/BLOCK-000826	PROP-137;PROP-138;PROP-140;PROP-141;PROP-142;PROP-118;PROP-135;PROP-136;PROP-139;PROP-113	APB-000004;APB-000007;APB-000008;APB-000017	yes	attachment_update	done	Stage 3 attachment route generated from completed scope row; use exact source blocks and missing-input prompts before item-level production claims.
S3-SCOPE-004	J007	S3-J006	GPTs/attachments/09_replication_ha_cdc.md	09. Replication, HA, and CDC	KAE-BLOCK-000275	hybrid	primary_working_source_after_alignment	aligned	patch_notes;release_notes_platform;technical_documents_support;third_party_guides;migration_oracle;replication_manager;spatial_nifi_tableau;utilities_datacompj	7.1;7.3;8.1_verified;multi;selected release-note tool scopes	Korean authoritative; English extraction aid; Repository source evidence; Approved support evidence; Altibase 8.1 verified source	SRC-000008;SRC-000009;SRC-000010;SRC-000011;SRC-000012;SRC-000013;SRC-000014;SRC-000064;SRC-000301;SRC-000302;SRC-000303;SRC-000304;SRC-000305;SRC-000306;SRC-000307;SRC-000308;SRC-000309;SRC-000310;SRC-000311;SRC-000312;SRC-000313;SRC-000314;SRC-000315;SRC-000316;SRC-000317;SRC-000318;SRC-000319;SRC-000320;SRC-000321;SRC-000322;SRC-000323;SRC-000324;SRC-000325;SRC-000326;SRC-000327;SRC-000328;SRC-000329;SRC-000330;SRC-000331;SRC-000332;SRC-000333;SRC-000334;SRC-000335;SRC-000336;SRC-000337;SRC-000338;SRC-000339;SRC-000340;SRC-000341;SRC-000342;SRC-000343;SRC-000344;SRC-000345;SRC-000346;SRC-000347;SRC-000348;SRC-000349;SRC-000350;SRC-000351;SRC-000352;SRC-000353;SRC-000354;SRC-000355;SRC-000356;SRC-000357;SRC-000358;SRC-000359;SRC-000360;SRC-000361;SRC-000362;SRC-000363;SRC-000364;SRC-000365;SRC-000366;SRC-000367;SRC-000368;SRC-000369;SRC-000370;SRC-000371;SRC-000372;SRC-000373;SRC-000374;SRC-000375;SRC-000376;SRC-000377;SRC-000378;SRC-000379;SRC-000380;SRC-000381;SRC-000382;SRC-000383;SRC-000384;SRC-000385;SRC-000386;SRC-000387;SRC-000388;SRC-000389;SRC-000390;SRC-000391;SRC-000392;SRC-000393;SRC-000394;SRC-000395;SRC-000396;SRC-000405;SRC-000406;SRC-000407;SRC-000408;SRC-000409;SRC-000410;SRC-000411;SRC-000412;SRC-000413;SRC-000414;SRC-000415;SRC-000416;SRC-000417;SRC-000418;SRC-000419;SRC-000420;SRC-000421;SRC-000422;SRC-000423;SRC-000450;SRC-000451;SRC-000452;SRC-000453;SRC-000454;SRC-000455;SRC-000456;SRC-000457;SRC-000458;SRC-000459;SRC-000460;SRC-000461;SRC-000462;SRC-000463;SRC-000464;SRC-000465;SRC-000466;SRC-000467;SRC-000468;SRC-000469;SRC-000470;SRC-000471;SRC-000473;SRC-000474;SRC-000475;SRC-000476;SRC-000002;SRC-000003;SRC-000004;SRC-000005;SRC-000006;SRC-000007;SRC-000033;SRC-000231;SRC-000232;SRC-000233;SRC-000234;SRC-000235;SRC-000236;SRC-000237;SRC-000238;SRC-000239;SRC-000240;SRC-000241;SRC-000242;SRC-000243;SRC-000244;SRC-000245;SRC-000246;SRC-000247;SRC-000248;SRC-000249;SRC-000250;SRC-000251;SRC-000252;SRC-000253;SRC-000254;SRC-000255;SRC-000256;SRC-000257;SRC-000258;SRC-000259;SRC-000260;SRC-000261;SRC-000262;SRC-000263;SRC-000264;SRC-000265;SRC-000266;SRC-000267;SRC-000268;SRC-000269;SRC-000270;SRC-000271;SRC-000272;SRC-000273;SRC-000274;SRC-000275;SRC-000276;SRC-000277;SRC-000278;SRC-000279;SRC-000280;SRC-000281;SRC-000282;SRC-000283;SRC-000284;SRC-000285;SRC-000286;SRC-000287;SRC-000288;SRC-000289;SRC-000290;SRC-000291;SRC-000292;SRC-000293;SRC-000294;SRC-000295;SRC-000296;SRC-000297;SRC-000298;SRC-000299;SRC-000300;SRC-000399;SRC-000400;SRC-000401;SRC-000402;SRC-000403;SRC-000404;SRC-000427;SRC-000428;SRC-000429;SRC-000430;SRC-000431;SRC-000432;SRC-000433;SRC-000434;SRC-000435;SRC-000436;SRC-000437;SRC-000438;SRC-000439;SRC-000440;SRC-000441;SRC-000442;SRC-000443;SRC-000444;SRC-000445;SRC-000446;SRC-000447;SRC-000448;SRC-000449;SRC-000472;SRC-000001;SRC-000228;SRC-000229;SRC-000230;SRC-000397;SRC-000398;SRC-000424;SRC-000425;SRC-000426;SRC-000477	SRC-000120/BLOCK-000517;SRC-000121/BLOCK-000523;SRC-000180/BLOCK-000519;SRC-000181/BLOCK-000525;SRC-000452/BLOCK-000826	PROP-137;PROP-138;PROP-140;PROP-141;PROP-142;PROP-118;PROP-135;PROP-136;PROP-139;PROP-113	APB-000004;APB-000007;APB-000008;APB-000017	yes	attachment_update	done	Stage 3 attachment route generated from completed scope row; use exact source blocks and missing-input prompts before item-level production claims.
S3-SCOPE-004	J007	S3-J006	GPTs/attachments/18_security_ssl_tls.md	18. Security and SSL/TLS	KAE-BLOCK-000145	repo_paired_ko_en	primary_working_source_after_alignment	pending	general_reference_1_datatypes_properties	7.3	Korean authoritative; English extraction aid	SRC-000120;SRC-000089	SRC-000120/BLOCK-000517;SRC-000121/BLOCK-000523;SRC-000180/BLOCK-000519;SRC-000181/BLOCK-000525;SRC-000452/BLOCK-000826	PROP-137;PROP-138;PROP-140;PROP-141;PROP-142;PROP-118;PROP-135;PROP-136;PROP-139;PROP-113	APB-000004;APB-000007;APB-000008;APB-000017	yes	attachment_update	done	Stage 3 attachment route generated from completed scope row; use exact source blocks and missing-input prompts before item-level production claims.
S3-SCOPE-004	J007	S3-J006	GPTs/attachments/18_security_ssl_tls.md	18. Security and SSL/TLS	KAE-BLOCK-000146	repo_paired_ko_en	primary_working_source_after_alignment	pending	general_reference_2_dictionary_views	7.3	Korean authoritative; English extraction aid	SRC-000121;SRC-000090	SRC-000120/BLOCK-000517;SRC-000121/BLOCK-000523;SRC-000180/BLOCK-000519;SRC-000181/BLOCK-000525;SRC-000452/BLOCK-000826	PROP-137;PROP-138;PROP-140;PROP-141;PROP-142;PROP-118;PROP-135;PROP-136;PROP-139;PROP-113	APB-000004;APB-000007;APB-000008;APB-000017	yes	attachment_update	done	Stage 3 attachment route generated from completed scope row; use exact source blocks and missing-input prompts before item-level production claims.
S3-SCOPE-004	J007	S3-J006	GPTs/attachments/18_security_ssl_tls.md	18. Security and SSL/TLS	KAE-BLOCK-000201	repo_paired_ko_en	primary_working_source_after_alignment	pending	general_reference_1_datatypes_properties	8.1_verified	Korean authoritative; Altibase 8.1 verified source; English extraction aid	SRC-000180;SRC-000150	SRC-000120/BLOCK-000517;SRC-000121/BLOCK-000523;SRC-000180/BLOCK-000519;SRC-000181/BLOCK-000525;SRC-000452/BLOCK-000826	PROP-137;PROP-138;PROP-140;PROP-141;PROP-142;PROP-118;PROP-135;PROP-136;PROP-139;PROP-113	APB-000004;APB-000007;APB-000008;APB-000017	yes	attachment_update	done	Stage 3 attachment route generated from completed scope row; use exact source blocks and missing-input prompts before item-level production claims.
S3-SCOPE-004	J007	S3-J006	GPTs/attachments/18_security_ssl_tls.md	18. Security and SSL/TLS	KAE-BLOCK-000202	repo_paired_ko_en	primary_working_source_after_alignment	pending	general_reference_2_dictionary_views	8.1_verified	Korean authoritative; Altibase 8.1 verified source; English extraction aid	SRC-000181;SRC-000151	SRC-000120/BLOCK-000517;SRC-000121/BLOCK-000523;SRC-000180/BLOCK-000519;SRC-000181/BLOCK-000525;SRC-000452/BLOCK-000826	PROP-137;PROP-138;PROP-140;PROP-141;PROP-142;PROP-118;PROP-135;PROP-136;PROP-139;PROP-113	APB-000004;APB-000007;APB-000008;APB-000017	yes	attachment_update	done	Stage 3 attachment route generated from completed scope row; use exact source blocks and missing-input prompts before item-level production claims.
S3-SCOPE-004	J007	S3-J006	GPTs/attachments/18_security_ssl_tls.md	18. Security and SSL/TLS	KAE-BLOCK-000253	repo_paired_ko_en	primary_working_source_after_alignment	pending	release_notes_platform	8.1.0.0.1	Korean authoritative; Altibase 8.1 verified source; English extraction aid	SRC-000452;SRC-000429	SRC-000120/BLOCK-000517;SRC-000121/BLOCK-000523;SRC-000180/BLOCK-000519;SRC-000181/BLOCK-000525;SRC-000452/BLOCK-000826	PROP-137;PROP-138;PROP-140;PROP-141;PROP-142;PROP-118;PROP-135;PROP-136;PROP-139;PROP-113	APB-000004;APB-000007;APB-000008;APB-000017	yes	attachment_update	done	Stage 3 attachment route generated from completed scope row; use exact source blocks and missing-input prompts before item-level production claims.
S3-SCOPE-004	J007	S3-J006	GPTs/attachments/18_security_ssl_tls.md	18. Security and SSL/TLS	KAE-BLOCK-000272	hybrid	primary_working_source_after_alignment	aligned	administrator_operations;general_reference_1_datatypes_properties;getting_started_installation;replication_manual;security_ssl_tls;sql_reference	7.1;7.3;8.1_verified	Korean authoritative; English extraction aid; Altibase 8.1 verified source	SRC-000049;SRC-000056;SRC-000058;SRC-000060;SRC-000070;SRC-000051;SRC-000072;SRC-000113;SRC-000120;SRC-000122;SRC-000124;SRC-000132;SRC-000115;SRC-000134;SRC-000173;SRC-000180;SRC-000182;SRC-000184;SRC-000192;SRC-000175;SRC-000194;SRC-000018;SRC-000025;SRC-000027;SRC-000029;SRC-000038;SRC-000020;SRC-000040;SRC-000082;SRC-000089;SRC-000091;SRC-000093;SRC-000101;SRC-000084;SRC-000103;SRC-000143;SRC-000150;SRC-000152;SRC-000154;SRC-000161;SRC-000145;SRC-000163	SRC-000120/BLOCK-000517;SRC-000121/BLOCK-000523;SRC-000180/BLOCK-000519;SRC-000181/BLOCK-000525;SRC-000452/BLOCK-000826	PROP-137;PROP-138;PROP-140;PROP-141;PROP-142;PROP-118;PROP-135;PROP-136;PROP-139;PROP-113	APB-000004;APB-000007;APB-000008;APB-000017	yes	attachment_update	done	Stage 3 attachment route generated from completed scope row; use exact source blocks and missing-input prompts before item-level production claims.
S3-SCOPE-004	J007	S3-J006	GPTs/attachments/18_security_ssl_tls.md	18. Security and SSL/TLS	KAE-BLOCK-000273	hybrid	primary_working_source_after_alignment	aligned	administrator_operations;error_message_reference;general_reference_1_datatypes_properties;general_reference_2_dictionary_views;replication_manual;sql_reference	7.1;7.3;8.1_verified	Korean authoritative; English extraction aid; Altibase 8.1 verified source	SRC-000049;SRC-000054;SRC-000056;SRC-000057;SRC-000070;SRC-000072;SRC-000113;SRC-000118;SRC-000120;SRC-000121;SRC-000132;SRC-000134;SRC-000173;SRC-000178;SRC-000180;SRC-000181;SRC-000192;SRC-000194;SRC-000018;SRC-000023;SRC-000025;SRC-000026;SRC-000038;SRC-000040;SRC-000082;SRC-000087;SRC-000089;SRC-000090;SRC-000101;SRC-000103;SRC-000143;SRC-000148;SRC-000150;SRC-000151;SRC-000161;SRC-000163	SRC-000120/BLOCK-000517;SRC-000121/BLOCK-000523;SRC-000180/BLOCK-000519;SRC-000181/BLOCK-000525;SRC-000452/BLOCK-000826	PROP-137;PROP-138;PROP-140;PROP-141;PROP-142;PROP-118;PROP-135;PROP-136;PROP-139;PROP-113	APB-000004;APB-000007;APB-000008;APB-000017	yes	attachment_update	done	Stage 3 attachment route generated from completed scope row; use exact source blocks and missing-input prompts before item-level production claims.
S3-SCOPE-004	J007	S3-J006	GPTs/attachments/18_security_ssl_tls.md	18. Security and SSL/TLS	KAE-BLOCK-000274	hybrid	primary_working_source_after_alignment	aligned	c_cli_odbc_precompiler;dblink_hadoop_external_connectors;isql_iloader;jdbc_java;migration_oracle;spatial_nifi_tableau;utilities_datacompj;release_notes_platform;third_party_guides	7.1;7.1.0.1.2;7.3;7.3.0.0.1;8.1_verified;multi;8.1.0.0.1;Migration Center 7.10;Migration Center 7.11;Migration Center 7.12;Migration Center 7.13;Migration Center 7.14;Migration Center 7.15;Migration Center 7.16;Migration Center 7.17;Migration Center 7.18;Migration Center 7.19;Migration Center 7.9;dataCompJ 7.2	Korean authoritative; English extraction aid; Altibase 8.1 verified source	SRC-000046;SRC-000050;SRC-000052;SRC-000065;SRC-000068;SRC-000053;SRC-000059;SRC-000077;SRC-000078;SRC-000047;SRC-000061;SRC-000048;SRC-000074;SRC-000076;SRC-000450;SRC-000110;SRC-000114;SRC-000116;SRC-000128;SRC-000130;SRC-000117;SRC-000123;SRC-000138;SRC-000139;SRC-000111;SRC-000125;SRC-000112;SRC-000135;SRC-000137;SRC-000451;SRC-000170;SRC-000174;SRC-000176;SRC-000188;SRC-000190;SRC-000177;SRC-000183;SRC-000221;SRC-000198;SRC-000199;SRC-000171;SRC-000185;SRC-000172;SRC-000223;SRC-000195;SRC-000226;SRC-000197;SRC-000222;SRC-000227;SRC-000207;SRC-000473;SRC-000209;SRC-000212;SRC-000470;SRC-000008;SRC-000009;SRC-000010;SRC-000012;SRC-000013;SRC-000014;SRC-000208;SRC-000213;SRC-000452;SRC-000453;SRC-000454;SRC-000455;SRC-000456;SRC-000457;SRC-000458;SRC-000459;SRC-000460;SRC-000461;SRC-000462;SRC-000463;SRC-000471;SRC-000015;SRC-000019;SRC-000021;SRC-000034;SRC-000036;SRC-000022;SRC-000028;SRC-000044;SRC-000045;SRC-000016;SRC-000030;SRC-000017;SRC-000041;SRC-000043;SRC-000427;SRC-000079;SRC-000083;SRC-000085;SRC-000097;SRC-000099;SRC-000086;SRC-000092;SRC-000107;SRC-000108;SRC-000080;SRC-000094;SRC-000081;SRC-000104;SRC-000106;SRC-000428;SRC-000140;SRC-000144;SRC-000146;SRC-000158;SRC-000160;SRC-000147;SRC-000153;SRC-000214;SRC-000167;SRC-000168;SRC-000141;SRC-000155;SRC-000142;SRC-000216;SRC-000164;SRC-000219;SRC-000166;SRC-000215;SRC-000220;SRC-000200;SRC-000202;SRC-000205;SRC-000448;SRC-000002;SRC-000003;SRC-000004;SRC-000005;SRC-000006;SRC-000007;SRC-000201;SRC-000206;SRC-000429;SRC-000430;SRC-000431;SRC-000432;SRC-000433;SRC-000434;SRC-000435;SRC-000436;SRC-000437;SRC-000438;SRC-000439;SRC-000442;SRC-000449	SRC-000120/BLOCK-000517;SRC-000121/BLOCK-000523;SRC-000180/BLOCK-000519;SRC-000181/BLOCK-000525;SRC-000452/BLOCK-000826	PROP-137;PROP-138;PROP-140;PROP-141;PROP-142;PROP-118;PROP-135;PROP-136;PROP-139;PROP-113	APB-000004;APB-000007;APB-000008;APB-000017	yes	attachment_update	done	Stage 3 attachment route generated from completed scope row; use exact source blocks and missing-input prompts before item-level production claims.
S3-SCOPE-004	J007	S3-J006	GPTs/attachments/18_security_ssl_tls.md	18. Security and SSL/TLS	KAE-BLOCK-000275	hybrid	primary_working_source_after_alignment	aligned	patch_notes;release_notes_platform;technical_documents_support;third_party_guides;migration_oracle;replication_manager;spatial_nifi_tableau;utilities_datacompj	7.1;7.3;8.1_verified;multi;selected release-note tool scopes	Korean authoritative; English extraction aid; Repository source evidence; Approved support evidence; Altibase 8.1 verified source	SRC-000008;SRC-000009;SRC-000010;SRC-000011;SRC-000012;SRC-000013;SRC-000014;SRC-000064;SRC-000301;SRC-000302;SRC-000303;SRC-000304;SRC-000305;SRC-000306;SRC-000307;SRC-000308;SRC-000309;SRC-000310;SRC-000311;SRC-000312;SRC-000313;SRC-000314;SRC-000315;SRC-000316;SRC-000317;SRC-000318;SRC-000319;SRC-000320;SRC-000321;SRC-000322;SRC-000323;SRC-000324;SRC-000325;SRC-000326;SRC-000327;SRC-000328;SRC-000329;SRC-000330;SRC-000331;SRC-000332;SRC-000333;SRC-000334;SRC-000335;SRC-000336;SRC-000337;SRC-000338;SRC-000339;SRC-000340;SRC-000341;SRC-000342;SRC-000343;SRC-000344;SRC-000345;SRC-000346;SRC-000347;SRC-000348;SRC-000349;SRC-000350;SRC-000351;SRC-000352;SRC-000353;SRC-000354;SRC-000355;SRC-000356;SRC-000357;SRC-000358;SRC-000359;SRC-000360;SRC-000361;SRC-000362;SRC-000363;SRC-000364;SRC-000365;SRC-000366;SRC-000367;SRC-000368;SRC-000369;SRC-000370;SRC-000371;SRC-000372;SRC-000373;SRC-000374;SRC-000375;SRC-000376;SRC-000377;SRC-000378;SRC-000379;SRC-000380;SRC-000381;SRC-000382;SRC-000383;SRC-000384;SRC-000385;SRC-000386;SRC-000387;SRC-000388;SRC-000389;SRC-000390;SRC-000391;SRC-000392;SRC-000393;SRC-000394;SRC-000395;SRC-000396;SRC-000405;SRC-000406;SRC-000407;SRC-000408;SRC-000409;SRC-000410;SRC-000411;SRC-000412;SRC-000413;SRC-000414;SRC-000415;SRC-000416;SRC-000417;SRC-000418;SRC-000419;SRC-000420;SRC-000421;SRC-000422;SRC-000423;SRC-000450;SRC-000451;SRC-000452;SRC-000453;SRC-000454;SRC-000455;SRC-000456;SRC-000457;SRC-000458;SRC-000459;SRC-000460;SRC-000461;SRC-000462;SRC-000463;SRC-000464;SRC-000465;SRC-000466;SRC-000467;SRC-000468;SRC-000469;SRC-000470;SRC-000471;SRC-000473;SRC-000474;SRC-000475;SRC-000476;SRC-000002;SRC-000003;SRC-000004;SRC-000005;SRC-000006;SRC-000007;SRC-000033;SRC-000231;SRC-000232;SRC-000233;SRC-000234;SRC-000235;SRC-000236;SRC-000237;SRC-000238;SRC-000239;SRC-000240;SRC-000241;SRC-000242;SRC-000243;SRC-000244;SRC-000245;SRC-000246;SRC-000247;SRC-000248;SRC-000249;SRC-000250;SRC-000251;SRC-000252;SRC-000253;SRC-000254;SRC-000255;SRC-000256;SRC-000257;SRC-000258;SRC-000259;SRC-000260;SRC-000261;SRC-000262;SRC-000263;SRC-000264;SRC-000265;SRC-000266;SRC-000267;SRC-000268;SRC-000269;SRC-000270;SRC-000271;SRC-000272;SRC-000273;SRC-000274;SRC-000275;SRC-000276;SRC-000277;SRC-000278;SRC-000279;SRC-000280;SRC-000281;SRC-000282;SRC-000283;SRC-000284;SRC-000285;SRC-000286;SRC-000287;SRC-000288;SRC-000289;SRC-000290;SRC-000291;SRC-000292;SRC-000293;SRC-000294;SRC-000295;SRC-000296;SRC-000297;SRC-000298;SRC-000299;SRC-000300;SRC-000399;SRC-000400;SRC-000401;SRC-000402;SRC-000403;SRC-000404;SRC-000427;SRC-000428;SRC-000429;SRC-000430;SRC-000431;SRC-000432;SRC-000433;SRC-000434;SRC-000435;SRC-000436;SRC-000437;SRC-000438;SRC-000439;SRC-000440;SRC-000441;SRC-000442;SRC-000443;SRC-000444;SRC-000445;SRC-000446;SRC-000447;SRC-000448;SRC-000449;SRC-000472;SRC-000001;SRC-000228;SRC-000229;SRC-000230;SRC-000397;SRC-000398;SRC-000424;SRC-000425;SRC-000426;SRC-000477	SRC-000120/BLOCK-000517;SRC-000121/BLOCK-000523;SRC-000180/BLOCK-000519;SRC-000181/BLOCK-000525;SRC-000452/BLOCK-000826	PROP-137;PROP-138;PROP-140;PROP-141;PROP-142;PROP-118;PROP-135;PROP-136;PROP-139;PROP-113	APB-000004;APB-000007;APB-000008;APB-000017	yes	attachment_update	done	Stage 3 attachment route generated from completed scope row; use exact source blocks and missing-input prompts before item-level production claims.
S3-SCOPE-005	J008	S3-J007	GPTs/attachments/03_sql_ddl_generation.md	03. SQL DDL Generation	KAE-BLOCK-000035	repo_paired_ko_en	primary_working_source_after_alignment	pending	sql_reference	7.1	Korean authoritative; English extraction aid	SRC-000072;SRC-000040	SRC-000072/BLOCK-000884;SRC-000134/BLOCK-000886;SRC-000180/BLOCK-000519;SRC-000194/BLOCK-000888;SRC-000450/BLOCK-000821;SRC-000451/BLOCK-000824;SRC-000452/BLOCK-000826	SQL-105;SQL-114;SQL-129;SQL-140;SQL-101;SQL-102;SQL-103;SQL-104;SQL-106;SQL-108;SQL-109;SQL-110;SQL-111;SQL-113;SQL-117;SQL-121;SQL-122;SQL-124;SQL-145;SQL-107;SQL-112	APB-000002;APB-000016;APB-000017	yes	attachment_update	done	Stage 3 attachment route generated from completed scope row; use exact source blocks and missing-input prompts before item-level production claims.
S3-SCOPE-005	J008	S3-J007	GPTs/attachments/03_sql_ddl_generation.md	03. SQL DDL Generation	KAE-BLOCK-000039	repo_paired_ko_en	primary_working_source_after_alignment	pending	release_notes_platform	7.1.0.1.2	Korean authoritative; English extraction aid	SRC-000450;SRC-000427	SRC-000072/BLOCK-000884;SRC-000134/BLOCK-000886;SRC-000180/BLOCK-000519;SRC-000194/BLOCK-000888;SRC-000450/BLOCK-000821;SRC-000451/BLOCK-000824;SRC-000452/BLOCK-000826	SQL-105;SQL-114;SQL-129;SQL-140;SQL-101;SQL-102;SQL-103;SQL-104;SQL-106;SQL-108;SQL-109;SQL-110;SQL-111;SQL-113;SQL-117;SQL-121;SQL-122;SQL-124;SQL-145;SQL-107;SQL-112	APB-000002;APB-000016;APB-000017	yes	attachment_update	done	Stage 3 attachment route generated from completed scope row; use exact source blocks and missing-input prompts before item-level production claims.
S3-SCOPE-005	J008	S3-J007	GPTs/attachments/03_sql_ddl_generation.md	03. SQL DDL Generation	KAE-BLOCK-000166	repo_paired_ko_en	primary_working_source_after_alignment	pending	sql_reference	7.3	Korean authoritative; English extraction aid	SRC-000134;SRC-000103	SRC-000072/BLOCK-000884;SRC-000134/BLOCK-000886;SRC-000180/BLOCK-000519;SRC-000194/BLOCK-000888;SRC-000450/BLOCK-000821;SRC-000451/BLOCK-000824;SRC-000452/BLOCK-000826	SQL-105;SQL-114;SQL-129;SQL-140;SQL-101;SQL-102;SQL-103;SQL-104;SQL-106;SQL-108;SQL-109;SQL-110;SQL-111;SQL-113;SQL-117;SQL-121;SQL-122;SQL-124;SQL-145;SQL-107;SQL-112	APB-000002;APB-000016;APB-000017	yes	attachment_update	done	Stage 3 attachment route generated from completed scope row; use exact source blocks and missing-input prompts before item-level production claims.
S3-SCOPE-005	J008	S3-J007	GPTs/attachments/03_sql_ddl_generation.md	03. SQL DDL Generation	KAE-BLOCK-000171	repo_paired_ko_en	primary_working_source_after_alignment	pending	release_notes_platform	7.3.0.0.1	Korean authoritative; English extraction aid	SRC-000451;SRC-000428	SRC-000072/BLOCK-000884;SRC-000134/BLOCK-000886;SRC-000180/BLOCK-000519;SRC-000194/BLOCK-000888;SRC-000450/BLOCK-000821;SRC-000451/BLOCK-000824;SRC-000452/BLOCK-000826	SQL-105;SQL-114;SQL-129;SQL-140;SQL-101;SQL-102;SQL-103;SQL-104;SQL-106;SQL-108;SQL-109;SQL-110;SQL-111;SQL-113;SQL-117;SQL-121;SQL-122;SQL-124;SQL-145;SQL-107;SQL-112	APB-000002;APB-000016;APB-000017	yes	attachment_update	done	Stage 3 attachment route generated from completed scope row; use exact source blocks and missing-input prompts before item-level production claims.
S3-SCOPE-005	J008	S3-J007	GPTs/attachments/03_sql_ddl_generation.md	03. SQL DDL Generation	KAE-BLOCK-000201	repo_paired_ko_en	primary_working_source_after_alignment	pending	general_reference_1_datatypes_properties	8.1_verified	Korean authoritative; Altibase 8.1 verified source; English extraction aid	SRC-000180;SRC-000150	SRC-000072/BLOCK-000884;SRC-000134/BLOCK-000886;SRC-000180/BLOCK-000519;SRC-000194/BLOCK-000888;SRC-000450/BLOCK-000821;SRC-000451/BLOCK-000824;SRC-000452/BLOCK-000826	SQL-105;SQL-114;SQL-129;SQL-140;SQL-101;SQL-102;SQL-103;SQL-104;SQL-106;SQL-108;SQL-109;SQL-110;SQL-111;SQL-113;SQL-117;SQL-121;SQL-122;SQL-124;SQL-145;SQL-107;SQL-112	APB-000002;APB-000016;APB-000017	yes	attachment_update	done	Stage 3 attachment route generated from completed scope row; use exact source blocks and missing-input prompts before item-level production claims.
S3-SCOPE-005	J008	S3-J007	GPTs/attachments/03_sql_ddl_generation.md	03. SQL DDL Generation	KAE-BLOCK-000223	repo_paired_ko_en	primary_working_source_after_alignment	pending	sql_reference	8.1_verified	Korean authoritative; Altibase 8.1 verified source; English extraction aid	SRC-000194;SRC-000163	SRC-000072/BLOCK-000884;SRC-000134/BLOCK-000886;SRC-000180/BLOCK-000519;SRC-000194/BLOCK-000888;SRC-000450/BLOCK-000821;SRC-000451/BLOCK-000824;SRC-000452/BLOCK-000826	SQL-105;SQL-114;SQL-129;SQL-140;SQL-101;SQL-102;SQL-103;SQL-104;SQL-106;SQL-108;SQL-109;SQL-110;SQL-111;SQL-113;SQL-117;SQL-121;SQL-122;SQL-124;SQL-145;SQL-107;SQL-112	APB-000002;APB-000016;APB-000017	yes	attachment_update	done	Stage 3 attachment route generated from completed scope row; use exact source blocks and missing-input prompts before item-level production claims.
S3-SCOPE-005	J008	S3-J007	GPTs/attachments/03_sql_ddl_generation.md	03. SQL DDL Generation	KAE-BLOCK-000253	repo_paired_ko_en	primary_working_source_after_alignment	pending	release_notes_platform	8.1.0.0.1	Korean authoritative; Altibase 8.1 verified source; English extraction aid	SRC-000452;SRC-000429	SRC-000072/BLOCK-000884;SRC-000134/BLOCK-000886;SRC-000180/BLOCK-000519;SRC-000194/BLOCK-000888;SRC-000450/BLOCK-000821;SRC-000451/BLOCK-000824;SRC-000452/BLOCK-000826	SQL-105;SQL-114;SQL-129;SQL-140;SQL-101;SQL-102;SQL-103;SQL-104;SQL-106;SQL-108;SQL-109;SQL-110;SQL-111;SQL-113;SQL-117;SQL-121;SQL-122;SQL-124;SQL-145;SQL-107;SQL-112	APB-000002;APB-000016;APB-000017	yes	attachment_update	done	Stage 3 attachment route generated from completed scope row; use exact source blocks and missing-input prompts before item-level production claims.
S3-SCOPE-005	J008	S3-J007	GPTs/attachments/03_sql_ddl_generation.md	03. SQL DDL Generation	KAE-BLOCK-000272	hybrid	primary_working_source_after_alignment	aligned	administrator_operations;general_reference_1_datatypes_properties;getting_started_installation;replication_manual;security_ssl_tls;sql_reference	7.1;7.3;8.1_verified	Korean authoritative; English extraction aid; Altibase 8.1 verified source	SRC-000049;SRC-000056;SRC-000058;SRC-000060;SRC-000070;SRC-000051;SRC-000072;SRC-000113;SRC-000120;SRC-000122;SRC-000124;SRC-000132;SRC-000115;SRC-000134;SRC-000173;SRC-000180;SRC-000182;SRC-000184;SRC-000192;SRC-000175;SRC-000194;SRC-000018;SRC-000025;SRC-000027;SRC-000029;SRC-000038;SRC-000020;SRC-000040;SRC-000082;SRC-000089;SRC-000091;SRC-000093;SRC-000101;SRC-000084;SRC-000103;SRC-000143;SRC-000150;SRC-000152;SRC-000154;SRC-000161;SRC-000145;SRC-000163	SRC-000072/BLOCK-000884;SRC-000134/BLOCK-000886;SRC-000180/BLOCK-000519;SRC-000194/BLOCK-000888;SRC-000450/BLOCK-000821;SRC-000451/BLOCK-000824;SRC-000452/BLOCK-000826	SQL-105;SQL-114;SQL-129;SQL-140;SQL-101;SQL-102;SQL-103;SQL-104;SQL-106;SQL-108;SQL-109;SQL-110;SQL-111;SQL-113;SQL-117;SQL-121;SQL-122;SQL-124;SQL-145;SQL-107;SQL-112	APB-000002;APB-000016;APB-000017	yes	attachment_update	done	Stage 3 attachment route generated from completed scope row; use exact source blocks and missing-input prompts before item-level production claims.
S3-SCOPE-005	J008	S3-J007	GPTs/attachments/03_sql_ddl_generation.md	03. SQL DDL Generation	KAE-BLOCK-000273	hybrid	primary_working_source_after_alignment	aligned	administrator_operations;error_message_reference;general_reference_1_datatypes_properties;general_reference_2_dictionary_views;replication_manual;sql_reference	7.1;7.3;8.1_verified	Korean authoritative; English extraction aid; Altibase 8.1 verified source	SRC-000049;SRC-000054;SRC-000056;SRC-000057;SRC-000070;SRC-000072;SRC-000113;SRC-000118;SRC-000120;SRC-000121;SRC-000132;SRC-000134;SRC-000173;SRC-000178;SRC-000180;SRC-000181;SRC-000192;SRC-000194;SRC-000018;SRC-000023;SRC-000025;SRC-000026;SRC-000038;SRC-000040;SRC-000082;SRC-000087;SRC-000089;SRC-000090;SRC-000101;SRC-000103;SRC-000143;SRC-000148;SRC-000150;SRC-000151;SRC-000161;SRC-000163	SRC-000072/BLOCK-000884;SRC-000134/BLOCK-000886;SRC-000180/BLOCK-000519;SRC-000194/BLOCK-000888;SRC-000450/BLOCK-000821;SRC-000451/BLOCK-000824;SRC-000452/BLOCK-000826	SQL-105;SQL-114;SQL-129;SQL-140;SQL-101;SQL-102;SQL-103;SQL-104;SQL-106;SQL-108;SQL-109;SQL-110;SQL-111;SQL-113;SQL-117;SQL-121;SQL-122;SQL-124;SQL-145;SQL-107;SQL-112	APB-000002;APB-000016;APB-000017	yes	attachment_update	done	Stage 3 attachment route generated from completed scope row; use exact source blocks and missing-input prompts before item-level production claims.
S3-SCOPE-005	J008	S3-J007	GPTs/attachments/03_sql_ddl_generation.md	03. SQL DDL Generation	KAE-BLOCK-000274	hybrid	primary_working_source_after_alignment	aligned	c_cli_odbc_precompiler;dblink_hadoop_external_connectors;isql_iloader;jdbc_java;migration_oracle;spatial_nifi_tableau;utilities_datacompj;release_notes_platform;third_party_guides	7.1;7.1.0.1.2;7.3;7.3.0.0.1;8.1_verified;multi;8.1.0.0.1;Migration Center 7.10;Migration Center 7.11;Migration Center 7.12;Migration Center 7.13;Migration Center 7.14;Migration Center 7.15;Migration Center 7.16;Migration Center 7.17;Migration Center 7.18;Migration Center 7.19;Migration Center 7.9;dataCompJ 7.2	Korean authoritative; English extraction aid; Altibase 8.1 verified source	SRC-000046;SRC-000050;SRC-000052;SRC-000065;SRC-000068;SRC-000053;SRC-000059;SRC-000077;SRC-000078;SRC-000047;SRC-000061;SRC-000048;SRC-000074;SRC-000076;SRC-000450;SRC-000110;SRC-000114;SRC-000116;SRC-000128;SRC-000130;SRC-000117;SRC-000123;SRC-000138;SRC-000139;SRC-000111;SRC-000125;SRC-000112;SRC-000135;SRC-000137;SRC-000451;SRC-000170;SRC-000174;SRC-000176;SRC-000188;SRC-000190;SRC-000177;SRC-000183;SRC-000221;SRC-000198;SRC-000199;SRC-000171;SRC-000185;SRC-000172;SRC-000223;SRC-000195;SRC-000226;SRC-000197;SRC-000222;SRC-000227;SRC-000207;SRC-000473;SRC-000209;SRC-000212;SRC-000470;SRC-000008;SRC-000009;SRC-000010;SRC-000012;SRC-000013;SRC-000014;SRC-000208;SRC-000213;SRC-000452;SRC-000453;SRC-000454;SRC-000455;SRC-000456;SRC-000457;SRC-000458;SRC-000459;SRC-000460;SRC-000461;SRC-000462;SRC-000463;SRC-000471;SRC-000015;SRC-000019;SRC-000021;SRC-000034;SRC-000036;SRC-000022;SRC-000028;SRC-000044;SRC-000045;SRC-000016;SRC-000030;SRC-000017;SRC-000041;SRC-000043;SRC-000427;SRC-000079;SRC-000083;SRC-000085;SRC-000097;SRC-000099;SRC-000086;SRC-000092;SRC-000107;SRC-000108;SRC-000080;SRC-000094;SRC-000081;SRC-000104;SRC-000106;SRC-000428;SRC-000140;SRC-000144;SRC-000146;SRC-000158;SRC-000160;SRC-000147;SRC-000153;SRC-000214;SRC-000167;SRC-000168;SRC-000141;SRC-000155;SRC-000142;SRC-000216;SRC-000164;SRC-000219;SRC-000166;SRC-000215;SRC-000220;SRC-000200;SRC-000202;SRC-000205;SRC-000448;SRC-000002;SRC-000003;SRC-000004;SRC-000005;SRC-000006;SRC-000007;SRC-000201;SRC-000206;SRC-000429;SRC-000430;SRC-000431;SRC-000432;SRC-000433;SRC-000434;SRC-000435;SRC-000436;SRC-000437;SRC-000438;SRC-000439;SRC-000442;SRC-000449	SRC-000072/BLOCK-000884;SRC-000134/BLOCK-000886;SRC-000180/BLOCK-000519;SRC-000194/BLOCK-000888;SRC-000450/BLOCK-000821;SRC-000451/BLOCK-000824;SRC-000452/BLOCK-000826	SQL-105;SQL-114;SQL-129;SQL-140;SQL-101;SQL-102;SQL-103;SQL-104;SQL-106;SQL-108;SQL-109;SQL-110;SQL-111;SQL-113;SQL-117;SQL-121;SQL-122;SQL-124;SQL-145;SQL-107;SQL-112	APB-000002;APB-000016;APB-000017	yes	attachment_update	done	Stage 3 attachment route generated from completed scope row; use exact source blocks and missing-input prompts before item-level production claims.
S3-SCOPE-005	J008	S3-J007	GPTs/attachments/03_sql_ddl_generation.md	03. SQL DDL Generation	KAE-BLOCK-000275	hybrid	primary_working_source_after_alignment	aligned	patch_notes;release_notes_platform;technical_documents_support;third_party_guides;migration_oracle;replication_manager;spatial_nifi_tableau;utilities_datacompj	7.1;7.3;8.1_verified;multi;selected release-note tool scopes	Korean authoritative; English extraction aid; Repository source evidence; Approved support evidence; Altibase 8.1 verified source	SRC-000008;SRC-000009;SRC-000010;SRC-000011;SRC-000012;SRC-000013;SRC-000014;SRC-000064;SRC-000301;SRC-000302;SRC-000303;SRC-000304;SRC-000305;SRC-000306;SRC-000307;SRC-000308;SRC-000309;SRC-000310;SRC-000311;SRC-000312;SRC-000313;SRC-000314;SRC-000315;SRC-000316;SRC-000317;SRC-000318;SRC-000319;SRC-000320;SRC-000321;SRC-000322;SRC-000323;SRC-000324;SRC-000325;SRC-000326;SRC-000327;SRC-000328;SRC-000329;SRC-000330;SRC-000331;SRC-000332;SRC-000333;SRC-000334;SRC-000335;SRC-000336;SRC-000337;SRC-000338;SRC-000339;SRC-000340;SRC-000341;SRC-000342;SRC-000343;SRC-000344;SRC-000345;SRC-000346;SRC-000347;SRC-000348;SRC-000349;SRC-000350;SRC-000351;SRC-000352;SRC-000353;SRC-000354;SRC-000355;SRC-000356;SRC-000357;SRC-000358;SRC-000359;SRC-000360;SRC-000361;SRC-000362;SRC-000363;SRC-000364;SRC-000365;SRC-000366;SRC-000367;SRC-000368;SRC-000369;SRC-000370;SRC-000371;SRC-000372;SRC-000373;SRC-000374;SRC-000375;SRC-000376;SRC-000377;SRC-000378;SRC-000379;SRC-000380;SRC-000381;SRC-000382;SRC-000383;SRC-000384;SRC-000385;SRC-000386;SRC-000387;SRC-000388;SRC-000389;SRC-000390;SRC-000391;SRC-000392;SRC-000393;SRC-000394;SRC-000395;SRC-000396;SRC-000405;SRC-000406;SRC-000407;SRC-000408;SRC-000409;SRC-000410;SRC-000411;SRC-000412;SRC-000413;SRC-000414;SRC-000415;SRC-000416;SRC-000417;SRC-000418;SRC-000419;SRC-000420;SRC-000421;SRC-000422;SRC-000423;SRC-000450;SRC-000451;SRC-000452;SRC-000453;SRC-000454;SRC-000455;SRC-000456;SRC-000457;SRC-000458;SRC-000459;SRC-000460;SRC-000461;SRC-000462;SRC-000463;SRC-000464;SRC-000465;SRC-000466;SRC-000467;SRC-000468;SRC-000469;SRC-000470;SRC-000471;SRC-000473;SRC-000474;SRC-000475;SRC-000476;SRC-000002;SRC-000003;SRC-000004;SRC-000005;SRC-000006;SRC-000007;SRC-000033;SRC-000231;SRC-000232;SRC-000233;SRC-000234;SRC-000235;SRC-000236;SRC-000237;SRC-000238;SRC-000239;SRC-000240;SRC-000241;SRC-000242;SRC-000243;SRC-000244;SRC-000245;SRC-000246;SRC-000247;SRC-000248;SRC-000249;SRC-000250;SRC-000251;SRC-000252;SRC-000253;SRC-000254;SRC-000255;SRC-000256;SRC-000257;SRC-000258;SRC-000259;SRC-000260;SRC-000261;SRC-000262;SRC-000263;SRC-000264;SRC-000265;SRC-000266;SRC-000267;SRC-000268;SRC-000269;SRC-000270;SRC-000271;SRC-000272;SRC-000273;SRC-000274;SRC-000275;SRC-000276;SRC-000277;SRC-000278;SRC-000279;SRC-000280;SRC-000281;SRC-000282;SRC-000283;SRC-000284;SRC-000285;SRC-000286;SRC-000287;SRC-000288;SRC-000289;SRC-000290;SRC-000291;SRC-000292;SRC-000293;SRC-000294;SRC-000295;SRC-000296;SRC-000297;SRC-000298;SRC-000299;SRC-000300;SRC-000399;SRC-000400;SRC-000401;SRC-000402;SRC-000403;SRC-000404;SRC-000427;SRC-000428;SRC-000429;SRC-000430;SRC-000431;SRC-000432;SRC-000433;SRC-000434;SRC-000435;SRC-000436;SRC-000437;SRC-000438;SRC-000439;SRC-000440;SRC-000441;SRC-000442;SRC-000443;SRC-000444;SRC-000445;SRC-000446;SRC-000447;SRC-000448;SRC-000449;SRC-000472;SRC-000001;SRC-000228;SRC-000229;SRC-000230;SRC-000397;SRC-000398;SRC-000424;SRC-000425;SRC-000426;SRC-000477	SRC-000072/BLOCK-000884;SRC-000134/BLOCK-000886;SRC-000180/BLOCK-000519;SRC-000194/BLOCK-000888;SRC-000450/BLOCK-000821;SRC-000451/BLOCK-000824;SRC-000452/BLOCK-000826	SQL-105;SQL-114;SQL-129;SQL-140;SQL-101;SQL-102;SQL-103;SQL-104;SQL-106;SQL-108;SQL-109;SQL-110;SQL-111;SQL-113;SQL-117;SQL-121;SQL-122;SQL-124;SQL-145;SQL-107;SQL-112	APB-000002;APB-000016;APB-000017	yes	attachment_update	done	Stage 3 attachment route generated from completed scope row; use exact source blocks and missing-input prompts before item-level production claims.
S3-SCOPE-005	J008	S3-J007	GPTs/attachments/02_administration_operations.md	02. Administration and Operations	KAE-BLOCK-000035	repo_paired_ko_en	primary_working_source_after_alignment	pending	sql_reference	7.1	Korean authoritative; English extraction aid	SRC-000072;SRC-000040	SRC-000072/BLOCK-000884;SRC-000134/BLOCK-000886;SRC-000180/BLOCK-000519;SRC-000194/BLOCK-000888;SRC-000450/BLOCK-000821;SRC-000451/BLOCK-000824;SRC-000452/BLOCK-000826	SQL-105;SQL-114;SQL-129;SQL-140;SQL-101;SQL-102;SQL-103;SQL-104;SQL-106;SQL-108;SQL-109;SQL-110;SQL-111;SQL-113;SQL-117;SQL-121;SQL-122;SQL-124;SQL-145;SQL-107;SQL-112	APB-000002;APB-000016;APB-000017	yes	attachment_update	done	Stage 3 attachment route generated from completed scope row; use exact source blocks and missing-input prompts before item-level production claims.
S3-SCOPE-005	J008	S3-J007	GPTs/attachments/02_administration_operations.md	02. Administration and Operations	KAE-BLOCK-000039	repo_paired_ko_en	primary_working_source_after_alignment	pending	release_notes_platform	7.1.0.1.2	Korean authoritative; English extraction aid	SRC-000450;SRC-000427	SRC-000072/BLOCK-000884;SRC-000134/BLOCK-000886;SRC-000180/BLOCK-000519;SRC-000194/BLOCK-000888;SRC-000450/BLOCK-000821;SRC-000451/BLOCK-000824;SRC-000452/BLOCK-000826	SQL-105;SQL-114;SQL-129;SQL-140;SQL-101;SQL-102;SQL-103;SQL-104;SQL-106;SQL-108;SQL-109;SQL-110;SQL-111;SQL-113;SQL-117;SQL-121;SQL-122;SQL-124;SQL-145;SQL-107;SQL-112	APB-000002;APB-000016;APB-000017	yes	attachment_update	done	Stage 3 attachment route generated from completed scope row; use exact source blocks and missing-input prompts before item-level production claims.
S3-SCOPE-005	J008	S3-J007	GPTs/attachments/02_administration_operations.md	02. Administration and Operations	KAE-BLOCK-000166	repo_paired_ko_en	primary_working_source_after_alignment	pending	sql_reference	7.3	Korean authoritative; English extraction aid	SRC-000134;SRC-000103	SRC-000072/BLOCK-000884;SRC-000134/BLOCK-000886;SRC-000180/BLOCK-000519;SRC-000194/BLOCK-000888;SRC-000450/BLOCK-000821;SRC-000451/BLOCK-000824;SRC-000452/BLOCK-000826	SQL-105;SQL-114;SQL-129;SQL-140;SQL-101;SQL-102;SQL-103;SQL-104;SQL-106;SQL-108;SQL-109;SQL-110;SQL-111;SQL-113;SQL-117;SQL-121;SQL-122;SQL-124;SQL-145;SQL-107;SQL-112	APB-000002;APB-000016;APB-000017	yes	attachment_update	done	Stage 3 attachment route generated from completed scope row; use exact source blocks and missing-input prompts before item-level production claims.
S3-SCOPE-005	J008	S3-J007	GPTs/attachments/02_administration_operations.md	02. Administration and Operations	KAE-BLOCK-000171	repo_paired_ko_en	primary_working_source_after_alignment	pending	release_notes_platform	7.3.0.0.1	Korean authoritative; English extraction aid	SRC-000451;SRC-000428	SRC-000072/BLOCK-000884;SRC-000134/BLOCK-000886;SRC-000180/BLOCK-000519;SRC-000194/BLOCK-000888;SRC-000450/BLOCK-000821;SRC-000451/BLOCK-000824;SRC-000452/BLOCK-000826	SQL-105;SQL-114;SQL-129;SQL-140;SQL-101;SQL-102;SQL-103;SQL-104;SQL-106;SQL-108;SQL-109;SQL-110;SQL-111;SQL-113;SQL-117;SQL-121;SQL-122;SQL-124;SQL-145;SQL-107;SQL-112	APB-000002;APB-000016;APB-000017	yes	attachment_update	done	Stage 3 attachment route generated from completed scope row; use exact source blocks and missing-input prompts before item-level production claims.
S3-SCOPE-005	J008	S3-J007	GPTs/attachments/02_administration_operations.md	02. Administration and Operations	KAE-BLOCK-000201	repo_paired_ko_en	primary_working_source_after_alignment	pending	general_reference_1_datatypes_properties	8.1_verified	Korean authoritative; Altibase 8.1 verified source; English extraction aid	SRC-000180;SRC-000150	SRC-000072/BLOCK-000884;SRC-000134/BLOCK-000886;SRC-000180/BLOCK-000519;SRC-000194/BLOCK-000888;SRC-000450/BLOCK-000821;SRC-000451/BLOCK-000824;SRC-000452/BLOCK-000826	SQL-105;SQL-114;SQL-129;SQL-140;SQL-101;SQL-102;SQL-103;SQL-104;SQL-106;SQL-108;SQL-109;SQL-110;SQL-111;SQL-113;SQL-117;SQL-121;SQL-122;SQL-124;SQL-145;SQL-107;SQL-112	APB-000002;APB-000016;APB-000017	yes	attachment_update	done	Stage 3 attachment route generated from completed scope row; use exact source blocks and missing-input prompts before item-level production claims.
S3-SCOPE-005	J008	S3-J007	GPTs/attachments/02_administration_operations.md	02. Administration and Operations	KAE-BLOCK-000223	repo_paired_ko_en	primary_working_source_after_alignment	pending	sql_reference	8.1_verified	Korean authoritative; Altibase 8.1 verified source; English extraction aid	SRC-000194;SRC-000163	SRC-000072/BLOCK-000884;SRC-000134/BLOCK-000886;SRC-000180/BLOCK-000519;SRC-000194/BLOCK-000888;SRC-000450/BLOCK-000821;SRC-000451/BLOCK-000824;SRC-000452/BLOCK-000826	SQL-105;SQL-114;SQL-129;SQL-140;SQL-101;SQL-102;SQL-103;SQL-104;SQL-106;SQL-108;SQL-109;SQL-110;SQL-111;SQL-113;SQL-117;SQL-121;SQL-122;SQL-124;SQL-145;SQL-107;SQL-112	APB-000002;APB-000016;APB-000017	yes	attachment_update	done	Stage 3 attachment route generated from completed scope row; use exact source blocks and missing-input prompts before item-level production claims.
S3-SCOPE-005	J008	S3-J007	GPTs/attachments/02_administration_operations.md	02. Administration and Operations	KAE-BLOCK-000253	repo_paired_ko_en	primary_working_source_after_alignment	pending	release_notes_platform	8.1.0.0.1	Korean authoritative; Altibase 8.1 verified source; English extraction aid	SRC-000452;SRC-000429	SRC-000072/BLOCK-000884;SRC-000134/BLOCK-000886;SRC-000180/BLOCK-000519;SRC-000194/BLOCK-000888;SRC-000450/BLOCK-000821;SRC-000451/BLOCK-000824;SRC-000452/BLOCK-000826	SQL-105;SQL-114;SQL-129;SQL-140;SQL-101;SQL-102;SQL-103;SQL-104;SQL-106;SQL-108;SQL-109;SQL-110;SQL-111;SQL-113;SQL-117;SQL-121;SQL-122;SQL-124;SQL-145;SQL-107;SQL-112	APB-000002;APB-000016;APB-000017	yes	attachment_update	done	Stage 3 attachment route generated from completed scope row; use exact source blocks and missing-input prompts before item-level production claims.
S3-SCOPE-005	J008	S3-J007	GPTs/attachments/02_administration_operations.md	02. Administration and Operations	KAE-BLOCK-000272	hybrid	primary_working_source_after_alignment	aligned	administrator_operations;general_reference_1_datatypes_properties;getting_started_installation;replication_manual;security_ssl_tls;sql_reference	7.1;7.3;8.1_verified	Korean authoritative; English extraction aid; Altibase 8.1 verified source	SRC-000049;SRC-000056;SRC-000058;SRC-000060;SRC-000070;SRC-000051;SRC-000072;SRC-000113;SRC-000120;SRC-000122;SRC-000124;SRC-000132;SRC-000115;SRC-000134;SRC-000173;SRC-000180;SRC-000182;SRC-000184;SRC-000192;SRC-000175;SRC-000194;SRC-000018;SRC-000025;SRC-000027;SRC-000029;SRC-000038;SRC-000020;SRC-000040;SRC-000082;SRC-000089;SRC-000091;SRC-000093;SRC-000101;SRC-000084;SRC-000103;SRC-000143;SRC-000150;SRC-000152;SRC-000154;SRC-000161;SRC-000145;SRC-000163	SRC-000072/BLOCK-000884;SRC-000134/BLOCK-000886;SRC-000180/BLOCK-000519;SRC-000194/BLOCK-000888;SRC-000450/BLOCK-000821;SRC-000451/BLOCK-000824;SRC-000452/BLOCK-000826	SQL-105;SQL-114;SQL-129;SQL-140;SQL-101;SQL-102;SQL-103;SQL-104;SQL-106;SQL-108;SQL-109;SQL-110;SQL-111;SQL-113;SQL-117;SQL-121;SQL-122;SQL-124;SQL-145;SQL-107;SQL-112	APB-000002;APB-000016;APB-000017	yes	attachment_update	done	Stage 3 attachment route generated from completed scope row; use exact source blocks and missing-input prompts before item-level production claims.
S3-SCOPE-005	J008	S3-J007	GPTs/attachments/02_administration_operations.md	02. Administration and Operations	KAE-BLOCK-000273	hybrid	primary_working_source_after_alignment	aligned	administrator_operations;error_message_reference;general_reference_1_datatypes_properties;general_reference_2_dictionary_views;replication_manual;sql_reference	7.1;7.3;8.1_verified	Korean authoritative; English extraction aid; Altibase 8.1 verified source	SRC-000049;SRC-000054;SRC-000056;SRC-000057;SRC-000070;SRC-000072;SRC-000113;SRC-000118;SRC-000120;SRC-000121;SRC-000132;SRC-000134;SRC-000173;SRC-000178;SRC-000180;SRC-000181;SRC-000192;SRC-000194;SRC-000018;SRC-000023;SRC-000025;SRC-000026;SRC-000038;SRC-000040;SRC-000082;SRC-000087;SRC-000089;SRC-000090;SRC-000101;SRC-000103;SRC-000143;SRC-000148;SRC-000150;SRC-000151;SRC-000161;SRC-000163	SRC-000072/BLOCK-000884;SRC-000134/BLOCK-000886;SRC-000180/BLOCK-000519;SRC-000194/BLOCK-000888;SRC-000450/BLOCK-000821;SRC-000451/BLOCK-000824;SRC-000452/BLOCK-000826	SQL-105;SQL-114;SQL-129;SQL-140;SQL-101;SQL-102;SQL-103;SQL-104;SQL-106;SQL-108;SQL-109;SQL-110;SQL-111;SQL-113;SQL-117;SQL-121;SQL-122;SQL-124;SQL-145;SQL-107;SQL-112	APB-000002;APB-000016;APB-000017	yes	attachment_update	done	Stage 3 attachment route generated from completed scope row; use exact source blocks and missing-input prompts before item-level production claims.
S3-SCOPE-005	J008	S3-J007	GPTs/attachments/02_administration_operations.md	02. Administration and Operations	KAE-BLOCK-000274	hybrid	primary_working_source_after_alignment	aligned	c_cli_odbc_precompiler;dblink_hadoop_external_connectors;isql_iloader;jdbc_java;migration_oracle;spatial_nifi_tableau;utilities_datacompj;release_notes_platform;third_party_guides	7.1;7.1.0.1.2;7.3;7.3.0.0.1;8.1_verified;multi;8.1.0.0.1;Migration Center 7.10;Migration Center 7.11;Migration Center 7.12;Migration Center 7.13;Migration Center 7.14;Migration Center 7.15;Migration Center 7.16;Migration Center 7.17;Migration Center 7.18;Migration Center 7.19;Migration Center 7.9;dataCompJ 7.2	Korean authoritative; English extraction aid; Altibase 8.1 verified source	SRC-000046;SRC-000050;SRC-000052;SRC-000065;SRC-000068;SRC-000053;SRC-000059;SRC-000077;SRC-000078;SRC-000047;SRC-000061;SRC-000048;SRC-000074;SRC-000076;SRC-000450;SRC-000110;SRC-000114;SRC-000116;SRC-000128;SRC-000130;SRC-000117;SRC-000123;SRC-000138;SRC-000139;SRC-000111;SRC-000125;SRC-000112;SRC-000135;SRC-000137;SRC-000451;SRC-000170;SRC-000174;SRC-000176;SRC-000188;SRC-000190;SRC-000177;SRC-000183;SRC-000221;SRC-000198;SRC-000199;SRC-000171;SRC-000185;SRC-000172;SRC-000223;SRC-000195;SRC-000226;SRC-000197;SRC-000222;SRC-000227;SRC-000207;SRC-000473;SRC-000209;SRC-000212;SRC-000470;SRC-000008;SRC-000009;SRC-000010;SRC-000012;SRC-000013;SRC-000014;SRC-000208;SRC-000213;SRC-000452;SRC-000453;SRC-000454;SRC-000455;SRC-000456;SRC-000457;SRC-000458;SRC-000459;SRC-000460;SRC-000461;SRC-000462;SRC-000463;SRC-000471;SRC-000015;SRC-000019;SRC-000021;SRC-000034;SRC-000036;SRC-000022;SRC-000028;SRC-000044;SRC-000045;SRC-000016;SRC-000030;SRC-000017;SRC-000041;SRC-000043;SRC-000427;SRC-000079;SRC-000083;SRC-000085;SRC-000097;SRC-000099;SRC-000086;SRC-000092;SRC-000107;SRC-000108;SRC-000080;SRC-000094;SRC-000081;SRC-000104;SRC-000106;SRC-000428;SRC-000140;SRC-000144;SRC-000146;SRC-000158;SRC-000160;SRC-000147;SRC-000153;SRC-000214;SRC-000167;SRC-000168;SRC-000141;SRC-000155;SRC-000142;SRC-000216;SRC-000164;SRC-000219;SRC-000166;SRC-000215;SRC-000220;SRC-000200;SRC-000202;SRC-000205;SRC-000448;SRC-000002;SRC-000003;SRC-000004;SRC-000005;SRC-000006;SRC-000007;SRC-000201;SRC-000206;SRC-000429;SRC-000430;SRC-000431;SRC-000432;SRC-000433;SRC-000434;SRC-000435;SRC-000436;SRC-000437;SRC-000438;SRC-000439;SRC-000442;SRC-000449	SRC-000072/BLOCK-000884;SRC-000134/BLOCK-000886;SRC-000180/BLOCK-000519;SRC-000194/BLOCK-000888;SRC-000450/BLOCK-000821;SRC-000451/BLOCK-000824;SRC-000452/BLOCK-000826	SQL-105;SQL-114;SQL-129;SQL-140;SQL-101;SQL-102;SQL-103;SQL-104;SQL-106;SQL-108;SQL-109;SQL-110;SQL-111;SQL-113;SQL-117;SQL-121;SQL-122;SQL-124;SQL-145;SQL-107;SQL-112	APB-000002;APB-000016;APB-000017	yes	attachment_update	done	Stage 3 attachment route generated from completed scope row; use exact source blocks and missing-input prompts before item-level production claims.
S3-SCOPE-005	J008	S3-J007	GPTs/attachments/02_administration_operations.md	02. Administration and Operations	KAE-BLOCK-000275	hybrid	primary_working_source_after_alignment	aligned	patch_notes;release_notes_platform;technical_documents_support;third_party_guides;migration_oracle;replication_manager;spatial_nifi_tableau;utilities_datacompj	7.1;7.3;8.1_verified;multi;selected release-note tool scopes	Korean authoritative; English extraction aid; Repository source evidence; Approved support evidence; Altibase 8.1 verified source	SRC-000008;SRC-000009;SRC-000010;SRC-000011;SRC-000012;SRC-000013;SRC-000014;SRC-000064;SRC-000301;SRC-000302;SRC-000303;SRC-000304;SRC-000305;SRC-000306;SRC-000307;SRC-000308;SRC-000309;SRC-000310;SRC-000311;SRC-000312;SRC-000313;SRC-000314;SRC-000315;SRC-000316;SRC-000317;SRC-000318;SRC-000319;SRC-000320;SRC-000321;SRC-000322;SRC-000323;SRC-000324;SRC-000325;SRC-000326;SRC-000327;SRC-000328;SRC-000329;SRC-000330;SRC-000331;SRC-000332;SRC-000333;SRC-000334;SRC-000335;SRC-000336;SRC-000337;SRC-000338;SRC-000339;SRC-000340;SRC-000341;SRC-000342;SRC-000343;SRC-000344;SRC-000345;SRC-000346;SRC-000347;SRC-000348;SRC-000349;SRC-000350;SRC-000351;SRC-000352;SRC-000353;SRC-000354;SRC-000355;SRC-000356;SRC-000357;SRC-000358;SRC-000359;SRC-000360;SRC-000361;SRC-000362;SRC-000363;SRC-000364;SRC-000365;SRC-000366;SRC-000367;SRC-000368;SRC-000369;SRC-000370;SRC-000371;SRC-000372;SRC-000373;SRC-000374;SRC-000375;SRC-000376;SRC-000377;SRC-000378;SRC-000379;SRC-000380;SRC-000381;SRC-000382;SRC-000383;SRC-000384;SRC-000385;SRC-000386;SRC-000387;SRC-000388;SRC-000389;SRC-000390;SRC-000391;SRC-000392;SRC-000393;SRC-000394;SRC-000395;SRC-000396;SRC-000405;SRC-000406;SRC-000407;SRC-000408;SRC-000409;SRC-000410;SRC-000411;SRC-000412;SRC-000413;SRC-000414;SRC-000415;SRC-000416;SRC-000417;SRC-000418;SRC-000419;SRC-000420;SRC-000421;SRC-000422;SRC-000423;SRC-000450;SRC-000451;SRC-000452;SRC-000453;SRC-000454;SRC-000455;SRC-000456;SRC-000457;SRC-000458;SRC-000459;SRC-000460;SRC-000461;SRC-000462;SRC-000463;SRC-000464;SRC-000465;SRC-000466;SRC-000467;SRC-000468;SRC-000469;SRC-000470;SRC-000471;SRC-000473;SRC-000474;SRC-000475;SRC-000476;SRC-000002;SRC-000003;SRC-000004;SRC-000005;SRC-000006;SRC-000007;SRC-000033;SRC-000231;SRC-000232;SRC-000233;SRC-000234;SRC-000235;SRC-000236;SRC-000237;SRC-000238;SRC-000239;SRC-000240;SRC-000241;SRC-000242;SRC-000243;SRC-000244;SRC-000245;SRC-000246;SRC-000247;SRC-000248;SRC-000249;SRC-000250;SRC-000251;SRC-000252;SRC-000253;SRC-000254;SRC-000255;SRC-000256;SRC-000257;SRC-000258;SRC-000259;SRC-000260;SRC-000261;SRC-000262;SRC-000263;SRC-000264;SRC-000265;SRC-000266;SRC-000267;SRC-000268;SRC-000269;SRC-000270;SRC-000271;SRC-000272;SRC-000273;SRC-000274;SRC-000275;SRC-000276;SRC-000277;SRC-000278;SRC-000279;SRC-000280;SRC-000281;SRC-000282;SRC-000283;SRC-000284;SRC-000285;SRC-000286;SRC-000287;SRC-000288;SRC-000289;SRC-000290;SRC-000291;SRC-000292;SRC-000293;SRC-000294;SRC-000295;SRC-000296;SRC-000297;SRC-000298;SRC-000299;SRC-000300;SRC-000399;SRC-000400;SRC-000401;SRC-000402;SRC-000403;SRC-000404;SRC-000427;SRC-000428;SRC-000429;SRC-000430;SRC-000431;SRC-000432;SRC-000433;SRC-000434;SRC-000435;SRC-000436;SRC-000437;SRC-000438;SRC-000439;SRC-000440;SRC-000441;SRC-000442;SRC-000443;SRC-000444;SRC-000445;SRC-000446;SRC-000447;SRC-000448;SRC-000449;SRC-000472;SRC-000001;SRC-000228;SRC-000229;SRC-000230;SRC-000397;SRC-000398;SRC-000424;SRC-000425;SRC-000426;SRC-000477	SRC-000072/BLOCK-000884;SRC-000134/BLOCK-000886;SRC-000180/BLOCK-000519;SRC-000194/BLOCK-000888;SRC-000450/BLOCK-000821;SRC-000451/BLOCK-000824;SRC-000452/BLOCK-000826	SQL-105;SQL-114;SQL-129;SQL-140;SQL-101;SQL-102;SQL-103;SQL-104;SQL-106;SQL-108;SQL-109;SQL-110;SQL-111;SQL-113;SQL-117;SQL-121;SQL-122;SQL-124;SQL-145;SQL-107;SQL-112	APB-000002;APB-000016;APB-000017	yes	attachment_update	done	Stage 3 attachment route generated from completed scope row; use exact source blocks and missing-input prompts before item-level production claims.
S3-SCOPE-005	J008	S3-J007	GPTs/attachments/05_data_types_properties.md	05. Data Types and Properties	KAE-BLOCK-000035	repo_paired_ko_en	primary_working_source_after_alignment	pending	sql_reference	7.1	Korean authoritative; English extraction aid	SRC-000072;SRC-000040	SRC-000072/BLOCK-000884;SRC-000134/BLOCK-000886;SRC-000180/BLOCK-000519;SRC-000194/BLOCK-000888;SRC-000450/BLOCK-000821;SRC-000451/BLOCK-000824;SRC-000452/BLOCK-000826	SQL-105;SQL-114;SQL-129;SQL-140;SQL-101;SQL-102;SQL-103;SQL-104;SQL-106;SQL-108;SQL-109;SQL-110;SQL-111;SQL-113;SQL-117;SQL-121;SQL-122;SQL-124;SQL-145;SQL-107;SQL-112	APB-000002;APB-000016;APB-000017	yes	attachment_update	done	Stage 3 attachment route generated from completed scope row; use exact source blocks and missing-input prompts before item-level production claims.
S3-SCOPE-005	J008	S3-J007	GPTs/attachments/05_data_types_properties.md	05. Data Types and Properties	KAE-BLOCK-000039	repo_paired_ko_en	primary_working_source_after_alignment	pending	release_notes_platform	7.1.0.1.2	Korean authoritative; English extraction aid	SRC-000450;SRC-000427	SRC-000072/BLOCK-000884;SRC-000134/BLOCK-000886;SRC-000180/BLOCK-000519;SRC-000194/BLOCK-000888;SRC-000450/BLOCK-000821;SRC-000451/BLOCK-000824;SRC-000452/BLOCK-000826	SQL-105;SQL-114;SQL-129;SQL-140;SQL-101;SQL-102;SQL-103;SQL-104;SQL-106;SQL-108;SQL-109;SQL-110;SQL-111;SQL-113;SQL-117;SQL-121;SQL-122;SQL-124;SQL-145;SQL-107;SQL-112	APB-000002;APB-000016;APB-000017	yes	attachment_update	done	Stage 3 attachment route generated from completed scope row; use exact source blocks and missing-input prompts before item-level production claims.
S3-SCOPE-005	J008	S3-J007	GPTs/attachments/05_data_types_properties.md	05. Data Types and Properties	KAE-BLOCK-000166	repo_paired_ko_en	primary_working_source_after_alignment	pending	sql_reference	7.3	Korean authoritative; English extraction aid	SRC-000134;SRC-000103	SRC-000072/BLOCK-000884;SRC-000134/BLOCK-000886;SRC-000180/BLOCK-000519;SRC-000194/BLOCK-000888;SRC-000450/BLOCK-000821;SRC-000451/BLOCK-000824;SRC-000452/BLOCK-000826	SQL-105;SQL-114;SQL-129;SQL-140;SQL-101;SQL-102;SQL-103;SQL-104;SQL-106;SQL-108;SQL-109;SQL-110;SQL-111;SQL-113;SQL-117;SQL-121;SQL-122;SQL-124;SQL-145;SQL-107;SQL-112	APB-000002;APB-000016;APB-000017	yes	attachment_update	done	Stage 3 attachment route generated from completed scope row; use exact source blocks and missing-input prompts before item-level production claims.
S3-SCOPE-005	J008	S3-J007	GPTs/attachments/05_data_types_properties.md	05. Data Types and Properties	KAE-BLOCK-000171	repo_paired_ko_en	primary_working_source_after_alignment	pending	release_notes_platform	7.3.0.0.1	Korean authoritative; English extraction aid	SRC-000451;SRC-000428	SRC-000072/BLOCK-000884;SRC-000134/BLOCK-000886;SRC-000180/BLOCK-000519;SRC-000194/BLOCK-000888;SRC-000450/BLOCK-000821;SRC-000451/BLOCK-000824;SRC-000452/BLOCK-000826	SQL-105;SQL-114;SQL-129;SQL-140;SQL-101;SQL-102;SQL-103;SQL-104;SQL-106;SQL-108;SQL-109;SQL-110;SQL-111;SQL-113;SQL-117;SQL-121;SQL-122;SQL-124;SQL-145;SQL-107;SQL-112	APB-000002;APB-000016;APB-000017	yes	attachment_update	done	Stage 3 attachment route generated from completed scope row; use exact source blocks and missing-input prompts before item-level production claims.
S3-SCOPE-005	J008	S3-J007	GPTs/attachments/05_data_types_properties.md	05. Data Types and Properties	KAE-BLOCK-000201	repo_paired_ko_en	primary_working_source_after_alignment	pending	general_reference_1_datatypes_properties	8.1_verified	Korean authoritative; Altibase 8.1 verified source; English extraction aid	SRC-000180;SRC-000150	SRC-000072/BLOCK-000884;SRC-000134/BLOCK-000886;SRC-000180/BLOCK-000519;SRC-000194/BLOCK-000888;SRC-000450/BLOCK-000821;SRC-000451/BLOCK-000824;SRC-000452/BLOCK-000826	SQL-105;SQL-114;SQL-129;SQL-140;SQL-101;SQL-102;SQL-103;SQL-104;SQL-106;SQL-108;SQL-109;SQL-110;SQL-111;SQL-113;SQL-117;SQL-121;SQL-122;SQL-124;SQL-145;SQL-107;SQL-112	APB-000002;APB-000016;APB-000017	yes	attachment_update	done	Stage 3 attachment route generated from completed scope row; use exact source blocks and missing-input prompts before item-level production claims.
S3-SCOPE-005	J008	S3-J007	GPTs/attachments/05_data_types_properties.md	05. Data Types and Properties	KAE-BLOCK-000223	repo_paired_ko_en	primary_working_source_after_alignment	pending	sql_reference	8.1_verified	Korean authoritative; Altibase 8.1 verified source; English extraction aid	SRC-000194;SRC-000163	SRC-000072/BLOCK-000884;SRC-000134/BLOCK-000886;SRC-000180/BLOCK-000519;SRC-000194/BLOCK-000888;SRC-000450/BLOCK-000821;SRC-000451/BLOCK-000824;SRC-000452/BLOCK-000826	SQL-105;SQL-114;SQL-129;SQL-140;SQL-101;SQL-102;SQL-103;SQL-104;SQL-106;SQL-108;SQL-109;SQL-110;SQL-111;SQL-113;SQL-117;SQL-121;SQL-122;SQL-124;SQL-145;SQL-107;SQL-112	APB-000002;APB-000016;APB-000017	yes	attachment_update	done	Stage 3 attachment route generated from completed scope row; use exact source blocks and missing-input prompts before item-level production claims.
S3-SCOPE-005	J008	S3-J007	GPTs/attachments/05_data_types_properties.md	05. Data Types and Properties	KAE-BLOCK-000253	repo_paired_ko_en	primary_working_source_after_alignment	pending	release_notes_platform	8.1.0.0.1	Korean authoritative; Altibase 8.1 verified source; English extraction aid	SRC-000452;SRC-000429	SRC-000072/BLOCK-000884;SRC-000134/BLOCK-000886;SRC-000180/BLOCK-000519;SRC-000194/BLOCK-000888;SRC-000450/BLOCK-000821;SRC-000451/BLOCK-000824;SRC-000452/BLOCK-000826	SQL-105;SQL-114;SQL-129;SQL-140;SQL-101;SQL-102;SQL-103;SQL-104;SQL-106;SQL-108;SQL-109;SQL-110;SQL-111;SQL-113;SQL-117;SQL-121;SQL-122;SQL-124;SQL-145;SQL-107;SQL-112	APB-000002;APB-000016;APB-000017	yes	attachment_update	done	Stage 3 attachment route generated from completed scope row; use exact source blocks and missing-input prompts before item-level production claims.
S3-SCOPE-005	J008	S3-J007	GPTs/attachments/05_data_types_properties.md	05. Data Types and Properties	KAE-BLOCK-000272	hybrid	primary_working_source_after_alignment	aligned	administrator_operations;general_reference_1_datatypes_properties;getting_started_installation;replication_manual;security_ssl_tls;sql_reference	7.1;7.3;8.1_verified	Korean authoritative; English extraction aid; Altibase 8.1 verified source	SRC-000049;SRC-000056;SRC-000058;SRC-000060;SRC-000070;SRC-000051;SRC-000072;SRC-000113;SRC-000120;SRC-000122;SRC-000124;SRC-000132;SRC-000115;SRC-000134;SRC-000173;SRC-000180;SRC-000182;SRC-000184;SRC-000192;SRC-000175;SRC-000194;SRC-000018;SRC-000025;SRC-000027;SRC-000029;SRC-000038;SRC-000020;SRC-000040;SRC-000082;SRC-000089;SRC-000091;SRC-000093;SRC-000101;SRC-000084;SRC-000103;SRC-000143;SRC-000150;SRC-000152;SRC-000154;SRC-000161;SRC-000145;SRC-000163	SRC-000072/BLOCK-000884;SRC-000134/BLOCK-000886;SRC-000180/BLOCK-000519;SRC-000194/BLOCK-000888;SRC-000450/BLOCK-000821;SRC-000451/BLOCK-000824;SRC-000452/BLOCK-000826	SQL-105;SQL-114;SQL-129;SQL-140;SQL-101;SQL-102;SQL-103;SQL-104;SQL-106;SQL-108;SQL-109;SQL-110;SQL-111;SQL-113;SQL-117;SQL-121;SQL-122;SQL-124;SQL-145;SQL-107;SQL-112	APB-000002;APB-000016;APB-000017	yes	attachment_update	done	Stage 3 attachment route generated from completed scope row; use exact source blocks and missing-input prompts before item-level production claims.
S3-SCOPE-005	J008	S3-J007	GPTs/attachments/05_data_types_properties.md	05. Data Types and Properties	KAE-BLOCK-000273	hybrid	primary_working_source_after_alignment	aligned	administrator_operations;error_message_reference;general_reference_1_datatypes_properties;general_reference_2_dictionary_views;replication_manual;sql_reference	7.1;7.3;8.1_verified	Korean authoritative; English extraction aid; Altibase 8.1 verified source	SRC-000049;SRC-000054;SRC-000056;SRC-000057;SRC-000070;SRC-000072;SRC-000113;SRC-000118;SRC-000120;SRC-000121;SRC-000132;SRC-000134;SRC-000173;SRC-000178;SRC-000180;SRC-000181;SRC-000192;SRC-000194;SRC-000018;SRC-000023;SRC-000025;SRC-000026;SRC-000038;SRC-000040;SRC-000082;SRC-000087;SRC-000089;SRC-000090;SRC-000101;SRC-000103;SRC-000143;SRC-000148;SRC-000150;SRC-000151;SRC-000161;SRC-000163	SRC-000072/BLOCK-000884;SRC-000134/BLOCK-000886;SRC-000180/BLOCK-000519;SRC-000194/BLOCK-000888;SRC-000450/BLOCK-000821;SRC-000451/BLOCK-000824;SRC-000452/BLOCK-000826	SQL-105;SQL-114;SQL-129;SQL-140;SQL-101;SQL-102;SQL-103;SQL-104;SQL-106;SQL-108;SQL-109;SQL-110;SQL-111;SQL-113;SQL-117;SQL-121;SQL-122;SQL-124;SQL-145;SQL-107;SQL-112	APB-000002;APB-000016;APB-000017	yes	attachment_update	done	Stage 3 attachment route generated from completed scope row; use exact source blocks and missing-input prompts before item-level production claims.
S3-SCOPE-005	J008	S3-J007	GPTs/attachments/05_data_types_properties.md	05. Data Types and Properties	KAE-BLOCK-000274	hybrid	primary_working_source_after_alignment	aligned	c_cli_odbc_precompiler;dblink_hadoop_external_connectors;isql_iloader;jdbc_java;migration_oracle;spatial_nifi_tableau;utilities_datacompj;release_notes_platform;third_party_guides	7.1;7.1.0.1.2;7.3;7.3.0.0.1;8.1_verified;multi;8.1.0.0.1;Migration Center 7.10;Migration Center 7.11;Migration Center 7.12;Migration Center 7.13;Migration Center 7.14;Migration Center 7.15;Migration Center 7.16;Migration Center 7.17;Migration Center 7.18;Migration Center 7.19;Migration Center 7.9;dataCompJ 7.2	Korean authoritative; English extraction aid; Altibase 8.1 verified source	SRC-000046;SRC-000050;SRC-000052;SRC-000065;SRC-000068;SRC-000053;SRC-000059;SRC-000077;SRC-000078;SRC-000047;SRC-000061;SRC-000048;SRC-000074;SRC-000076;SRC-000450;SRC-000110;SRC-000114;SRC-000116;SRC-000128;SRC-000130;SRC-000117;SRC-000123;SRC-000138;SRC-000139;SRC-000111;SRC-000125;SRC-000112;SRC-000135;SRC-000137;SRC-000451;SRC-000170;SRC-000174;SRC-000176;SRC-000188;SRC-000190;SRC-000177;SRC-000183;SRC-000221;SRC-000198;SRC-000199;SRC-000171;SRC-000185;SRC-000172;SRC-000223;SRC-000195;SRC-000226;SRC-000197;SRC-000222;SRC-000227;SRC-000207;SRC-000473;SRC-000209;SRC-000212;SRC-000470;SRC-000008;SRC-000009;SRC-000010;SRC-000012;SRC-000013;SRC-000014;SRC-000208;SRC-000213;SRC-000452;SRC-000453;SRC-000454;SRC-000455;SRC-000456;SRC-000457;SRC-000458;SRC-000459;SRC-000460;SRC-000461;SRC-000462;SRC-000463;SRC-000471;SRC-000015;SRC-000019;SRC-000021;SRC-000034;SRC-000036;SRC-000022;SRC-000028;SRC-000044;SRC-000045;SRC-000016;SRC-000030;SRC-000017;SRC-000041;SRC-000043;SRC-000427;SRC-000079;SRC-000083;SRC-000085;SRC-000097;SRC-000099;SRC-000086;SRC-000092;SRC-000107;SRC-000108;SRC-000080;SRC-000094;SRC-000081;SRC-000104;SRC-000106;SRC-000428;SRC-000140;SRC-000144;SRC-000146;SRC-000158;SRC-000160;SRC-000147;SRC-000153;SRC-000214;SRC-000167;SRC-000168;SRC-000141;SRC-000155;SRC-000142;SRC-000216;SRC-000164;SRC-000219;SRC-000166;SRC-000215;SRC-000220;SRC-000200;SRC-000202;SRC-000205;SRC-000448;SRC-000002;SRC-000003;SRC-000004;SRC-000005;SRC-000006;SRC-000007;SRC-000201;SRC-000206;SRC-000429;SRC-000430;SRC-000431;SRC-000432;SRC-000433;SRC-000434;SRC-000435;SRC-000436;SRC-000437;SRC-000438;SRC-000439;SRC-000442;SRC-000449	SRC-000072/BLOCK-000884;SRC-000134/BLOCK-000886;SRC-000180/BLOCK-000519;SRC-000194/BLOCK-000888;SRC-000450/BLOCK-000821;SRC-000451/BLOCK-000824;SRC-000452/BLOCK-000826	SQL-105;SQL-114;SQL-129;SQL-140;SQL-101;SQL-102;SQL-103;SQL-104;SQL-106;SQL-108;SQL-109;SQL-110;SQL-111;SQL-113;SQL-117;SQL-121;SQL-122;SQL-124;SQL-145;SQL-107;SQL-112	APB-000002;APB-000016;APB-000017	yes	attachment_update	done	Stage 3 attachment route generated from completed scope row; use exact source blocks and missing-input prompts before item-level production claims.
S3-SCOPE-005	J008	S3-J007	GPTs/attachments/05_data_types_properties.md	05. Data Types and Properties	KAE-BLOCK-000275	hybrid	primary_working_source_after_alignment	aligned	patch_notes;release_notes_platform;technical_documents_support;third_party_guides;migration_oracle;replication_manager;spatial_nifi_tableau;utilities_datacompj	7.1;7.3;8.1_verified;multi;selected release-note tool scopes	Korean authoritative; English extraction aid; Repository source evidence; Approved support evidence; Altibase 8.1 verified source	SRC-000008;SRC-000009;SRC-000010;SRC-000011;SRC-000012;SRC-000013;SRC-000014;SRC-000064;SRC-000301;SRC-000302;SRC-000303;SRC-000304;SRC-000305;SRC-000306;SRC-000307;SRC-000308;SRC-000309;SRC-000310;SRC-000311;SRC-000312;SRC-000313;SRC-000314;SRC-000315;SRC-000316;SRC-000317;SRC-000318;SRC-000319;SRC-000320;SRC-000321;SRC-000322;SRC-000323;SRC-000324;SRC-000325;SRC-000326;SRC-000327;SRC-000328;SRC-000329;SRC-000330;SRC-000331;SRC-000332;SRC-000333;SRC-000334;SRC-000335;SRC-000336;SRC-000337;SRC-000338;SRC-000339;SRC-000340;SRC-000341;SRC-000342;SRC-000343;SRC-000344;SRC-000345;SRC-000346;SRC-000347;SRC-000348;SRC-000349;SRC-000350;SRC-000351;SRC-000352;SRC-000353;SRC-000354;SRC-000355;SRC-000356;SRC-000357;SRC-000358;SRC-000359;SRC-000360;SRC-000361;SRC-000362;SRC-000363;SRC-000364;SRC-000365;SRC-000366;SRC-000367;SRC-000368;SRC-000369;SRC-000370;SRC-000371;SRC-000372;SRC-000373;SRC-000374;SRC-000375;SRC-000376;SRC-000377;SRC-000378;SRC-000379;SRC-000380;SRC-000381;SRC-000382;SRC-000383;SRC-000384;SRC-000385;SRC-000386;SRC-000387;SRC-000388;SRC-000389;SRC-000390;SRC-000391;SRC-000392;SRC-000393;SRC-000394;SRC-000395;SRC-000396;SRC-000405;SRC-000406;SRC-000407;SRC-000408;SRC-000409;SRC-000410;SRC-000411;SRC-000412;SRC-000413;SRC-000414;SRC-000415;SRC-000416;SRC-000417;SRC-000418;SRC-000419;SRC-000420;SRC-000421;SRC-000422;SRC-000423;SRC-000450;SRC-000451;SRC-000452;SRC-000453;SRC-000454;SRC-000455;SRC-000456;SRC-000457;SRC-000458;SRC-000459;SRC-000460;SRC-000461;SRC-000462;SRC-000463;SRC-000464;SRC-000465;SRC-000466;SRC-000467;SRC-000468;SRC-000469;SRC-000470;SRC-000471;SRC-000473;SRC-000474;SRC-000475;SRC-000476;SRC-000002;SRC-000003;SRC-000004;SRC-000005;SRC-000006;SRC-000007;SRC-000033;SRC-000231;SRC-000232;SRC-000233;SRC-000234;SRC-000235;SRC-000236;SRC-000237;SRC-000238;SRC-000239;SRC-000240;SRC-000241;SRC-000242;SRC-000243;SRC-000244;SRC-000245;SRC-000246;SRC-000247;SRC-000248;SRC-000249;SRC-000250;SRC-000251;SRC-000252;SRC-000253;SRC-000254;SRC-000255;SRC-000256;SRC-000257;SRC-000258;SRC-000259;SRC-000260;SRC-000261;SRC-000262;SRC-000263;SRC-000264;SRC-000265;SRC-000266;SRC-000267;SRC-000268;SRC-000269;SRC-000270;SRC-000271;SRC-000272;SRC-000273;SRC-000274;SRC-000275;SRC-000276;SRC-000277;SRC-000278;SRC-000279;SRC-000280;SRC-000281;SRC-000282;SRC-000283;SRC-000284;SRC-000285;SRC-000286;SRC-000287;SRC-000288;SRC-000289;SRC-000290;SRC-000291;SRC-000292;SRC-000293;SRC-000294;SRC-000295;SRC-000296;SRC-000297;SRC-000298;SRC-000299;SRC-000300;SRC-000399;SRC-000400;SRC-000401;SRC-000402;SRC-000403;SRC-000404;SRC-000427;SRC-000428;SRC-000429;SRC-000430;SRC-000431;SRC-000432;SRC-000433;SRC-000434;SRC-000435;SRC-000436;SRC-000437;SRC-000438;SRC-000439;SRC-000440;SRC-000441;SRC-000442;SRC-000443;SRC-000444;SRC-000445;SRC-000446;SRC-000447;SRC-000448;SRC-000449;SRC-000472;SRC-000001;SRC-000228;SRC-000229;SRC-000230;SRC-000397;SRC-000398;SRC-000424;SRC-000425;SRC-000426;SRC-000477	SRC-000072/BLOCK-000884;SRC-000134/BLOCK-000886;SRC-000180/BLOCK-000519;SRC-000194/BLOCK-000888;SRC-000450/BLOCK-000821;SRC-000451/BLOCK-000824;SRC-000452/BLOCK-000826	SQL-105;SQL-114;SQL-129;SQL-140;SQL-101;SQL-102;SQL-103;SQL-104;SQL-106;SQL-108;SQL-109;SQL-110;SQL-111;SQL-113;SQL-117;SQL-121;SQL-122;SQL-124;SQL-145;SQL-107;SQL-112	APB-000002;APB-000016;APB-000017	yes	attachment_update	done	Stage 3 attachment route generated from completed scope row; use exact source blocks and missing-input prompts before item-level production claims.
S3-SCOPE-006	J009	S3-J008	GPTs/attachments/04_sql_dml_oracle_compatibility.md	04. SQL DML and Oracle Compatibility	KAE-BLOCK-000035	repo_paired_ko_en	primary_working_source_after_alignment	pending	sql_reference	7.1	Korean authoritative; English extraction aid	SRC-000072;SRC-000040	SRC-000072/BLOCK-000884;SRC-000120/BLOCK-000517;SRC-000134/BLOCK-000886;SRC-000172/BLOCK-000574;SRC-000180/BLOCK-000519;SRC-000194/BLOCK-000888;SRC-000452/BLOCK-000826	SQL-141;SQL-115;SQL-118;SQL-120;SQL-123;SQL-125;SQL-130;SQL-131;SQL-132;SQL-133;SQL-134;SQL-135;SQL-136;SQL-137;SQL-138;SQL-139;SQL-142;SQL-143;SQL-144;SQL-116;SQL-119;SQL-126	APB-000003;APB-000015;APB-000017	yes	attachment_update	done	Stage 3 attachment route generated from completed scope row; use exact source blocks and missing-input prompts before item-level production claims.
S3-SCOPE-006	J009	S3-J008	GPTs/attachments/04_sql_dml_oracle_compatibility.md	04. SQL DML and Oracle Compatibility	KAE-BLOCK-000145	repo_paired_ko_en	primary_working_source_after_alignment	pending	general_reference_1_datatypes_properties	7.3	Korean authoritative; English extraction aid	SRC-000120;SRC-000089	SRC-000072/BLOCK-000884;SRC-000120/BLOCK-000517;SRC-000134/BLOCK-000886;SRC-000172/BLOCK-000574;SRC-000180/BLOCK-000519;SRC-000194/BLOCK-000888;SRC-000452/BLOCK-000826	SQL-141;SQL-115;SQL-118;SQL-120;SQL-123;SQL-125;SQL-130;SQL-131;SQL-132;SQL-133;SQL-134;SQL-135;SQL-136;SQL-137;SQL-138;SQL-139;SQL-142;SQL-143;SQL-144;SQL-116;SQL-119;SQL-126	APB-000003;APB-000015;APB-000017	yes	attachment_update	done	Stage 3 attachment route generated from completed scope row; use exact source blocks and missing-input prompts before item-level production claims.
S3-SCOPE-006	J009	S3-J008	GPTs/attachments/04_sql_dml_oracle_compatibility.md	04. SQL DML and Oracle Compatibility	KAE-BLOCK-000166	repo_paired_ko_en	primary_working_source_after_alignment	pending	sql_reference	7.3	Korean authoritative; English extraction aid	SRC-000134;SRC-000103	SRC-000072/BLOCK-000884;SRC-000120/BLOCK-000517;SRC-000134/BLOCK-000886;SRC-000172/BLOCK-000574;SRC-000180/BLOCK-000519;SRC-000194/BLOCK-000888;SRC-000452/BLOCK-000826	SQL-141;SQL-115;SQL-118;SQL-120;SQL-123;SQL-125;SQL-130;SQL-131;SQL-132;SQL-133;SQL-134;SQL-135;SQL-136;SQL-137;SQL-138;SQL-139;SQL-142;SQL-143;SQL-144;SQL-116;SQL-119;SQL-126	APB-000003;APB-000015;APB-000017	yes	attachment_update	done	Stage 3 attachment route generated from completed scope row; use exact source blocks and missing-input prompts before item-level production claims.
S3-SCOPE-006	J009	S3-J008	GPTs/attachments/04_sql_dml_oracle_compatibility.md	04. SQL DML and Oracle Compatibility	KAE-BLOCK-000201	repo_paired_ko_en	primary_working_source_after_alignment	pending	general_reference_1_datatypes_properties	8.1_verified	Korean authoritative; Altibase 8.1 verified source; English extraction aid	SRC-000180;SRC-000150	SRC-000072/BLOCK-000884;SRC-000120/BLOCK-000517;SRC-000134/BLOCK-000886;SRC-000172/BLOCK-000574;SRC-000180/BLOCK-000519;SRC-000194/BLOCK-000888;SRC-000452/BLOCK-000826	SQL-141;SQL-115;SQL-118;SQL-120;SQL-123;SQL-125;SQL-130;SQL-131;SQL-132;SQL-133;SQL-134;SQL-135;SQL-136;SQL-137;SQL-138;SQL-139;SQL-142;SQL-143;SQL-144;SQL-116;SQL-119;SQL-126	APB-000003;APB-000015;APB-000017	yes	attachment_update	done	Stage 3 attachment route generated from completed scope row; use exact source blocks and missing-input prompts before item-level production claims.
S3-SCOPE-006	J009	S3-J008	GPTs/attachments/04_sql_dml_oracle_compatibility.md	04. SQL DML and Oracle Compatibility	KAE-BLOCK-000210	repo_paired_ko_en	primary_working_source_after_alignment	pending	migration_oracle	8.1_verified	Korean authoritative; Altibase 8.1 verified source; English extraction aid	SRC-000172;SRC-000142	SRC-000072/BLOCK-000884;SRC-000120/BLOCK-000517;SRC-000134/BLOCK-000886;SRC-000172/BLOCK-000574;SRC-000180/BLOCK-000519;SRC-000194/BLOCK-000888;SRC-000452/BLOCK-000826	SQL-141;SQL-115;SQL-118;SQL-120;SQL-123;SQL-125;SQL-130;SQL-131;SQL-132;SQL-133;SQL-134;SQL-135;SQL-136;SQL-137;SQL-138;SQL-139;SQL-142;SQL-143;SQL-144;SQL-116;SQL-119;SQL-126	APB-000003;APB-000015;APB-000017	yes	attachment_update	done	Stage 3 attachment route generated from completed scope row; use exact source blocks and missing-input prompts before item-level production claims.
S3-SCOPE-006	J009	S3-J008	GPTs/attachments/04_sql_dml_oracle_compatibility.md	04. SQL DML and Oracle Compatibility	KAE-BLOCK-000223	repo_paired_ko_en	primary_working_source_after_alignment	pending	sql_reference	8.1_verified	Korean authoritative; Altibase 8.1 verified source; English extraction aid	SRC-000194;SRC-000163	SRC-000072/BLOCK-000884;SRC-000120/BLOCK-000517;SRC-000134/BLOCK-000886;SRC-000172/BLOCK-000574;SRC-000180/BLOCK-000519;SRC-000194/BLOCK-000888;SRC-000452/BLOCK-000826	SQL-141;SQL-115;SQL-118;SQL-120;SQL-123;SQL-125;SQL-130;SQL-131;SQL-132;SQL-133;SQL-134;SQL-135;SQL-136;SQL-137;SQL-138;SQL-139;SQL-142;SQL-143;SQL-144;SQL-116;SQL-119;SQL-126	APB-000003;APB-000015;APB-000017	yes	attachment_update	done	Stage 3 attachment route generated from completed scope row; use exact source blocks and missing-input prompts before item-level production claims.
S3-SCOPE-006	J009	S3-J008	GPTs/attachments/04_sql_dml_oracle_compatibility.md	04. SQL DML and Oracle Compatibility	KAE-BLOCK-000253	repo_paired_ko_en	primary_working_source_after_alignment	pending	release_notes_platform	8.1.0.0.1	Korean authoritative; Altibase 8.1 verified source; English extraction aid	SRC-000452;SRC-000429	SRC-000072/BLOCK-000884;SRC-000120/BLOCK-000517;SRC-000134/BLOCK-000886;SRC-000172/BLOCK-000574;SRC-000180/BLOCK-000519;SRC-000194/BLOCK-000888;SRC-000452/BLOCK-000826	SQL-141;SQL-115;SQL-118;SQL-120;SQL-123;SQL-125;SQL-130;SQL-131;SQL-132;SQL-133;SQL-134;SQL-135;SQL-136;SQL-137;SQL-138;SQL-139;SQL-142;SQL-143;SQL-144;SQL-116;SQL-119;SQL-126	APB-000003;APB-000015;APB-000017	yes	attachment_update	done	Stage 3 attachment route generated from completed scope row; use exact source blocks and missing-input prompts before item-level production claims.
S3-SCOPE-006	J009	S3-J008	GPTs/attachments/04_sql_dml_oracle_compatibility.md	04. SQL DML and Oracle Compatibility	KAE-BLOCK-000272	hybrid	primary_working_source_after_alignment	aligned	administrator_operations;general_reference_1_datatypes_properties;getting_started_installation;replication_manual;security_ssl_tls;sql_reference	7.1;7.3;8.1_verified	Korean authoritative; English extraction aid; Altibase 8.1 verified source	SRC-000049;SRC-000056;SRC-000058;SRC-000060;SRC-000070;SRC-000051;SRC-000072;SRC-000113;SRC-000120;SRC-000122;SRC-000124;SRC-000132;SRC-000115;SRC-000134;SRC-000173;SRC-000180;SRC-000182;SRC-000184;SRC-000192;SRC-000175;SRC-000194;SRC-000018;SRC-000025;SRC-000027;SRC-000029;SRC-000038;SRC-000020;SRC-000040;SRC-000082;SRC-000089;SRC-000091;SRC-000093;SRC-000101;SRC-000084;SRC-000103;SRC-000143;SRC-000150;SRC-000152;SRC-000154;SRC-000161;SRC-000145;SRC-000163	SRC-000072/BLOCK-000884;SRC-000120/BLOCK-000517;SRC-000134/BLOCK-000886;SRC-000172/BLOCK-000574;SRC-000180/BLOCK-000519;SRC-000194/BLOCK-000888;SRC-000452/BLOCK-000826	SQL-141;SQL-115;SQL-118;SQL-120;SQL-123;SQL-125;SQL-130;SQL-131;SQL-132;SQL-133;SQL-134;SQL-135;SQL-136;SQL-137;SQL-138;SQL-139;SQL-142;SQL-143;SQL-144;SQL-116;SQL-119;SQL-126	APB-000003;APB-000015;APB-000017	yes	attachment_update	done	Stage 3 attachment route generated from completed scope row; use exact source blocks and missing-input prompts before item-level production claims.
S3-SCOPE-006	J009	S3-J008	GPTs/attachments/04_sql_dml_oracle_compatibility.md	04. SQL DML and Oracle Compatibility	KAE-BLOCK-000273	hybrid	primary_working_source_after_alignment	aligned	administrator_operations;error_message_reference;general_reference_1_datatypes_properties;general_reference_2_dictionary_views;replication_manual;sql_reference	7.1;7.3;8.1_verified	Korean authoritative; English extraction aid; Altibase 8.1 verified source	SRC-000049;SRC-000054;SRC-000056;SRC-000057;SRC-000070;SRC-000072;SRC-000113;SRC-000118;SRC-000120;SRC-000121;SRC-000132;SRC-000134;SRC-000173;SRC-000178;SRC-000180;SRC-000181;SRC-000192;SRC-000194;SRC-000018;SRC-000023;SRC-000025;SRC-000026;SRC-000038;SRC-000040;SRC-000082;SRC-000087;SRC-000089;SRC-000090;SRC-000101;SRC-000103;SRC-000143;SRC-000148;SRC-000150;SRC-000151;SRC-000161;SRC-000163	SRC-000072/BLOCK-000884;SRC-000120/BLOCK-000517;SRC-000134/BLOCK-000886;SRC-000172/BLOCK-000574;SRC-000180/BLOCK-000519;SRC-000194/BLOCK-000888;SRC-000452/BLOCK-000826	SQL-141;SQL-115;SQL-118;SQL-120;SQL-123;SQL-125;SQL-130;SQL-131;SQL-132;SQL-133;SQL-134;SQL-135;SQL-136;SQL-137;SQL-138;SQL-139;SQL-142;SQL-143;SQL-144;SQL-116;SQL-119;SQL-126	APB-000003;APB-000015;APB-000017	yes	attachment_update	done	Stage 3 attachment route generated from completed scope row; use exact source blocks and missing-input prompts before item-level production claims.
S3-SCOPE-006	J009	S3-J008	GPTs/attachments/04_sql_dml_oracle_compatibility.md	04. SQL DML and Oracle Compatibility	KAE-BLOCK-000274	hybrid	primary_working_source_after_alignment	aligned	c_cli_odbc_precompiler;dblink_hadoop_external_connectors;isql_iloader;jdbc_java;migration_oracle;spatial_nifi_tableau;utilities_datacompj;release_notes_platform;third_party_guides	7.1;7.1.0.1.2;7.3;7.3.0.0.1;8.1_verified;multi;8.1.0.0.1;Migration Center 7.10;Migration Center 7.11;Migration Center 7.12;Migration Center 7.13;Migration Center 7.14;Migration Center 7.15;Migration Center 7.16;Migration Center 7.17;Migration Center 7.18;Migration Center 7.19;Migration Center 7.9;dataCompJ 7.2	Korean authoritative; English extraction aid; Altibase 8.1 verified source	SRC-000046;SRC-000050;SRC-000052;SRC-000065;SRC-000068;SRC-000053;SRC-000059;SRC-000077;SRC-000078;SRC-000047;SRC-000061;SRC-000048;SRC-000074;SRC-000076;SRC-000450;SRC-000110;SRC-000114;SRC-000116;SRC-000128;SRC-000130;SRC-000117;SRC-000123;SRC-000138;SRC-000139;SRC-000111;SRC-000125;SRC-000112;SRC-000135;SRC-000137;SRC-000451;SRC-000170;SRC-000174;SRC-000176;SRC-000188;SRC-000190;SRC-000177;SRC-000183;SRC-000221;SRC-000198;SRC-000199;SRC-000171;SRC-000185;SRC-000172;SRC-000223;SRC-000195;SRC-000226;SRC-000197;SRC-000222;SRC-000227;SRC-000207;SRC-000473;SRC-000209;SRC-000212;SRC-000470;SRC-000008;SRC-000009;SRC-000010;SRC-000012;SRC-000013;SRC-000014;SRC-000208;SRC-000213;SRC-000452;SRC-000453;SRC-000454;SRC-000455;SRC-000456;SRC-000457;SRC-000458;SRC-000459;SRC-000460;SRC-000461;SRC-000462;SRC-000463;SRC-000471;SRC-000015;SRC-000019;SRC-000021;SRC-000034;SRC-000036;SRC-000022;SRC-000028;SRC-000044;SRC-000045;SRC-000016;SRC-000030;SRC-000017;SRC-000041;SRC-000043;SRC-000427;SRC-000079;SRC-000083;SRC-000085;SRC-000097;SRC-000099;SRC-000086;SRC-000092;SRC-000107;SRC-000108;SRC-000080;SRC-000094;SRC-000081;SRC-000104;SRC-000106;SRC-000428;SRC-000140;SRC-000144;SRC-000146;SRC-000158;SRC-000160;SRC-000147;SRC-000153;SRC-000214;SRC-000167;SRC-000168;SRC-000141;SRC-000155;SRC-000142;SRC-000216;SRC-000164;SRC-000219;SRC-000166;SRC-000215;SRC-000220;SRC-000200;SRC-000202;SRC-000205;SRC-000448;SRC-000002;SRC-000003;SRC-000004;SRC-000005;SRC-000006;SRC-000007;SRC-000201;SRC-000206;SRC-000429;SRC-000430;SRC-000431;SRC-000432;SRC-000433;SRC-000434;SRC-000435;SRC-000436;SRC-000437;SRC-000438;SRC-000439;SRC-000442;SRC-000449	SRC-000072/BLOCK-000884;SRC-000120/BLOCK-000517;SRC-000134/BLOCK-000886;SRC-000172/BLOCK-000574;SRC-000180/BLOCK-000519;SRC-000194/BLOCK-000888;SRC-000452/BLOCK-000826	SQL-141;SQL-115;SQL-118;SQL-120;SQL-123;SQL-125;SQL-130;SQL-131;SQL-132;SQL-133;SQL-134;SQL-135;SQL-136;SQL-137;SQL-138;SQL-139;SQL-142;SQL-143;SQL-144;SQL-116;SQL-119;SQL-126	APB-000003;APB-000015;APB-000017	yes	attachment_update	done	Stage 3 attachment route generated from completed scope row; use exact source blocks and missing-input prompts before item-level production claims.
S3-SCOPE-006	J009	S3-J008	GPTs/attachments/04_sql_dml_oracle_compatibility.md	04. SQL DML and Oracle Compatibility	KAE-BLOCK-000275	hybrid	primary_working_source_after_alignment	aligned	patch_notes;release_notes_platform;technical_documents_support;third_party_guides;migration_oracle;replication_manager;spatial_nifi_tableau;utilities_datacompj	7.1;7.3;8.1_verified;multi;selected release-note tool scopes	Korean authoritative; English extraction aid; Repository source evidence; Approved support evidence; Altibase 8.1 verified source	SRC-000008;SRC-000009;SRC-000010;SRC-000011;SRC-000012;SRC-000013;SRC-000014;SRC-000064;SRC-000301;SRC-000302;SRC-000303;SRC-000304;SRC-000305;SRC-000306;SRC-000307;SRC-000308;SRC-000309;SRC-000310;SRC-000311;SRC-000312;SRC-000313;SRC-000314;SRC-000315;SRC-000316;SRC-000317;SRC-000318;SRC-000319;SRC-000320;SRC-000321;SRC-000322;SRC-000323;SRC-000324;SRC-000325;SRC-000326;SRC-000327;SRC-000328;SRC-000329;SRC-000330;SRC-000331;SRC-000332;SRC-000333;SRC-000334;SRC-000335;SRC-000336;SRC-000337;SRC-000338;SRC-000339;SRC-000340;SRC-000341;SRC-000342;SRC-000343;SRC-000344;SRC-000345;SRC-000346;SRC-000347;SRC-000348;SRC-000349;SRC-000350;SRC-000351;SRC-000352;SRC-000353;SRC-000354;SRC-000355;SRC-000356;SRC-000357;SRC-000358;SRC-000359;SRC-000360;SRC-000361;SRC-000362;SRC-000363;SRC-000364;SRC-000365;SRC-000366;SRC-000367;SRC-000368;SRC-000369;SRC-000370;SRC-000371;SRC-000372;SRC-000373;SRC-000374;SRC-000375;SRC-000376;SRC-000377;SRC-000378;SRC-000379;SRC-000380;SRC-000381;SRC-000382;SRC-000383;SRC-000384;SRC-000385;SRC-000386;SRC-000387;SRC-000388;SRC-000389;SRC-000390;SRC-000391;SRC-000392;SRC-000393;SRC-000394;SRC-000395;SRC-000396;SRC-000405;SRC-000406;SRC-000407;SRC-000408;SRC-000409;SRC-000410;SRC-000411;SRC-000412;SRC-000413;SRC-000414;SRC-000415;SRC-000416;SRC-000417;SRC-000418;SRC-000419;SRC-000420;SRC-000421;SRC-000422;SRC-000423;SRC-000450;SRC-000451;SRC-000452;SRC-000453;SRC-000454;SRC-000455;SRC-000456;SRC-000457;SRC-000458;SRC-000459;SRC-000460;SRC-000461;SRC-000462;SRC-000463;SRC-000464;SRC-000465;SRC-000466;SRC-000467;SRC-000468;SRC-000469;SRC-000470;SRC-000471;SRC-000473;SRC-000474;SRC-000475;SRC-000476;SRC-000002;SRC-000003;SRC-000004;SRC-000005;SRC-000006;SRC-000007;SRC-000033;SRC-000231;SRC-000232;SRC-000233;SRC-000234;SRC-000235;SRC-000236;SRC-000237;SRC-000238;SRC-000239;SRC-000240;SRC-000241;SRC-000242;SRC-000243;SRC-000244;SRC-000245;SRC-000246;SRC-000247;SRC-000248;SRC-000249;SRC-000250;SRC-000251;SRC-000252;SRC-000253;SRC-000254;SRC-000255;SRC-000256;SRC-000257;SRC-000258;SRC-000259;SRC-000260;SRC-000261;SRC-000262;SRC-000263;SRC-000264;SRC-000265;SRC-000266;SRC-000267;SRC-000268;SRC-000269;SRC-000270;SRC-000271;SRC-000272;SRC-000273;SRC-000274;SRC-000275;SRC-000276;SRC-000277;SRC-000278;SRC-000279;SRC-000280;SRC-000281;SRC-000282;SRC-000283;SRC-000284;SRC-000285;SRC-000286;SRC-000287;SRC-000288;SRC-000289;SRC-000290;SRC-000291;SRC-000292;SRC-000293;SRC-000294;SRC-000295;SRC-000296;SRC-000297;SRC-000298;SRC-000299;SRC-000300;SRC-000399;SRC-000400;SRC-000401;SRC-000402;SRC-000403;SRC-000404;SRC-000427;SRC-000428;SRC-000429;SRC-000430;SRC-000431;SRC-000432;SRC-000433;SRC-000434;SRC-000435;SRC-000436;SRC-000437;SRC-000438;SRC-000439;SRC-000440;SRC-000441;SRC-000442;SRC-000443;SRC-000444;SRC-000445;SRC-000446;SRC-000447;SRC-000448;SRC-000449;SRC-000472;SRC-000001;SRC-000228;SRC-000229;SRC-000230;SRC-000397;SRC-000398;SRC-000424;SRC-000425;SRC-000426;SRC-000477	SRC-000072/BLOCK-000884;SRC-000120/BLOCK-000517;SRC-000134/BLOCK-000886;SRC-000172/BLOCK-000574;SRC-000180/BLOCK-000519;SRC-000194/BLOCK-000888;SRC-000452/BLOCK-000826	SQL-141;SQL-115;SQL-118;SQL-120;SQL-123;SQL-125;SQL-130;SQL-131;SQL-132;SQL-133;SQL-134;SQL-135;SQL-136;SQL-137;SQL-138;SQL-139;SQL-142;SQL-143;SQL-144;SQL-116;SQL-119;SQL-126	APB-000003;APB-000015;APB-000017	yes	attachment_update	done	Stage 3 attachment route generated from completed scope row; use exact source blocks and missing-input prompts before item-level production claims.
S3-SCOPE-006	J009	S3-J008	GPTs/attachments/05_data_types_properties.md	05. Data Types and Properties	KAE-BLOCK-000035	repo_paired_ko_en	primary_working_source_after_alignment	pending	sql_reference	7.1	Korean authoritative; English extraction aid	SRC-000072;SRC-000040	SRC-000072/BLOCK-000884;SRC-000120/BLOCK-000517;SRC-000134/BLOCK-000886;SRC-000172/BLOCK-000574;SRC-000180/BLOCK-000519;SRC-000194/BLOCK-000888;SRC-000452/BLOCK-000826	SQL-141;SQL-115;SQL-118;SQL-120;SQL-123;SQL-125;SQL-130;SQL-131;SQL-132;SQL-133;SQL-134;SQL-135;SQL-136;SQL-137;SQL-138;SQL-139;SQL-142;SQL-143;SQL-144;SQL-116;SQL-119;SQL-126	APB-000003;APB-000015;APB-000017	yes	attachment_update	done	Stage 3 attachment route generated from completed scope row; use exact source blocks and missing-input prompts before item-level production claims.
S3-SCOPE-006	J009	S3-J008	GPTs/attachments/05_data_types_properties.md	05. Data Types and Properties	KAE-BLOCK-000145	repo_paired_ko_en	primary_working_source_after_alignment	pending	general_reference_1_datatypes_properties	7.3	Korean authoritative; English extraction aid	SRC-000120;SRC-000089	SRC-000072/BLOCK-000884;SRC-000120/BLOCK-000517;SRC-000134/BLOCK-000886;SRC-000172/BLOCK-000574;SRC-000180/BLOCK-000519;SRC-000194/BLOCK-000888;SRC-000452/BLOCK-000826	SQL-141;SQL-115;SQL-118;SQL-120;SQL-123;SQL-125;SQL-130;SQL-131;SQL-132;SQL-133;SQL-134;SQL-135;SQL-136;SQL-137;SQL-138;SQL-139;SQL-142;SQL-143;SQL-144;SQL-116;SQL-119;SQL-126	APB-000003;APB-000015;APB-000017	yes	attachment_update	done	Stage 3 attachment route generated from completed scope row; use exact source blocks and missing-input prompts before item-level production claims.
S3-SCOPE-006	J009	S3-J008	GPTs/attachments/05_data_types_properties.md	05. Data Types and Properties	KAE-BLOCK-000166	repo_paired_ko_en	primary_working_source_after_alignment	pending	sql_reference	7.3	Korean authoritative; English extraction aid	SRC-000134;SRC-000103	SRC-000072/BLOCK-000884;SRC-000120/BLOCK-000517;SRC-000134/BLOCK-000886;SRC-000172/BLOCK-000574;SRC-000180/BLOCK-000519;SRC-000194/BLOCK-000888;SRC-000452/BLOCK-000826	SQL-141;SQL-115;SQL-118;SQL-120;SQL-123;SQL-125;SQL-130;SQL-131;SQL-132;SQL-133;SQL-134;SQL-135;SQL-136;SQL-137;SQL-138;SQL-139;SQL-142;SQL-143;SQL-144;SQL-116;SQL-119;SQL-126	APB-000003;APB-000015;APB-000017	yes	attachment_update	done	Stage 3 attachment route generated from completed scope row; use exact source blocks and missing-input prompts before item-level production claims.
S3-SCOPE-006	J009	S3-J008	GPTs/attachments/05_data_types_properties.md	05. Data Types and Properties	KAE-BLOCK-000201	repo_paired_ko_en	primary_working_source_after_alignment	pending	general_reference_1_datatypes_properties	8.1_verified	Korean authoritative; Altibase 8.1 verified source; English extraction aid	SRC-000180;SRC-000150	SRC-000072/BLOCK-000884;SRC-000120/BLOCK-000517;SRC-000134/BLOCK-000886;SRC-000172/BLOCK-000574;SRC-000180/BLOCK-000519;SRC-000194/BLOCK-000888;SRC-000452/BLOCK-000826	SQL-141;SQL-115;SQL-118;SQL-120;SQL-123;SQL-125;SQL-130;SQL-131;SQL-132;SQL-133;SQL-134;SQL-135;SQL-136;SQL-137;SQL-138;SQL-139;SQL-142;SQL-143;SQL-144;SQL-116;SQL-119;SQL-126	APB-000003;APB-000015;APB-000017	yes	attachment_update	done	Stage 3 attachment route generated from completed scope row; use exact source blocks and missing-input prompts before item-level production claims.
S3-SCOPE-006	J009	S3-J008	GPTs/attachments/05_data_types_properties.md	05. Data Types and Properties	KAE-BLOCK-000210	repo_paired_ko_en	primary_working_source_after_alignment	pending	migration_oracle	8.1_verified	Korean authoritative; Altibase 8.1 verified source; English extraction aid	SRC-000172;SRC-000142	SRC-000072/BLOCK-000884;SRC-000120/BLOCK-000517;SRC-000134/BLOCK-000886;SRC-000172/BLOCK-000574;SRC-000180/BLOCK-000519;SRC-000194/BLOCK-000888;SRC-000452/BLOCK-000826	SQL-141;SQL-115;SQL-118;SQL-120;SQL-123;SQL-125;SQL-130;SQL-131;SQL-132;SQL-133;SQL-134;SQL-135;SQL-136;SQL-137;SQL-138;SQL-139;SQL-142;SQL-143;SQL-144;SQL-116;SQL-119;SQL-126	APB-000003;APB-000015;APB-000017	yes	attachment_update	done	Stage 3 attachment route generated from completed scope row; use exact source blocks and missing-input prompts before item-level production claims.
S3-SCOPE-006	J009	S3-J008	GPTs/attachments/05_data_types_properties.md	05. Data Types and Properties	KAE-BLOCK-000223	repo_paired_ko_en	primary_working_source_after_alignment	pending	sql_reference	8.1_verified	Korean authoritative; Altibase 8.1 verified source; English extraction aid	SRC-000194;SRC-000163	SRC-000072/BLOCK-000884;SRC-000120/BLOCK-000517;SRC-000134/BLOCK-000886;SRC-000172/BLOCK-000574;SRC-000180/BLOCK-000519;SRC-000194/BLOCK-000888;SRC-000452/BLOCK-000826	SQL-141;SQL-115;SQL-118;SQL-120;SQL-123;SQL-125;SQL-130;SQL-131;SQL-132;SQL-133;SQL-134;SQL-135;SQL-136;SQL-137;SQL-138;SQL-139;SQL-142;SQL-143;SQL-144;SQL-116;SQL-119;SQL-126	APB-000003;APB-000015;APB-000017	yes	attachment_update	done	Stage 3 attachment route generated from completed scope row; use exact source blocks and missing-input prompts before item-level production claims.
S3-SCOPE-006	J009	S3-J008	GPTs/attachments/05_data_types_properties.md	05. Data Types and Properties	KAE-BLOCK-000253	repo_paired_ko_en	primary_working_source_after_alignment	pending	release_notes_platform	8.1.0.0.1	Korean authoritative; Altibase 8.1 verified source; English extraction aid	SRC-000452;SRC-000429	SRC-000072/BLOCK-000884;SRC-000120/BLOCK-000517;SRC-000134/BLOCK-000886;SRC-000172/BLOCK-000574;SRC-000180/BLOCK-000519;SRC-000194/BLOCK-000888;SRC-000452/BLOCK-000826	SQL-141;SQL-115;SQL-118;SQL-120;SQL-123;SQL-125;SQL-130;SQL-131;SQL-132;SQL-133;SQL-134;SQL-135;SQL-136;SQL-137;SQL-138;SQL-139;SQL-142;SQL-143;SQL-144;SQL-116;SQL-119;SQL-126	APB-000003;APB-000015;APB-000017	yes	attachment_update	done	Stage 3 attachment route generated from completed scope row; use exact source blocks and missing-input prompts before item-level production claims.
S3-SCOPE-006	J009	S3-J008	GPTs/attachments/05_data_types_properties.md	05. Data Types and Properties	KAE-BLOCK-000272	hybrid	primary_working_source_after_alignment	aligned	administrator_operations;general_reference_1_datatypes_properties;getting_started_installation;replication_manual;security_ssl_tls;sql_reference	7.1;7.3;8.1_verified	Korean authoritative; English extraction aid; Altibase 8.1 verified source	SRC-000049;SRC-000056;SRC-000058;SRC-000060;SRC-000070;SRC-000051;SRC-000072;SRC-000113;SRC-000120;SRC-000122;SRC-000124;SRC-000132;SRC-000115;SRC-000134;SRC-000173;SRC-000180;SRC-000182;SRC-000184;SRC-000192;SRC-000175;SRC-000194;SRC-000018;SRC-000025;SRC-000027;SRC-000029;SRC-000038;SRC-000020;SRC-000040;SRC-000082;SRC-000089;SRC-000091;SRC-000093;SRC-000101;SRC-000084;SRC-000103;SRC-000143;SRC-000150;SRC-000152;SRC-000154;SRC-000161;SRC-000145;SRC-000163	SRC-000072/BLOCK-000884;SRC-000120/BLOCK-000517;SRC-000134/BLOCK-000886;SRC-000172/BLOCK-000574;SRC-000180/BLOCK-000519;SRC-000194/BLOCK-000888;SRC-000452/BLOCK-000826	SQL-141;SQL-115;SQL-118;SQL-120;SQL-123;SQL-125;SQL-130;SQL-131;SQL-132;SQL-133;SQL-134;SQL-135;SQL-136;SQL-137;SQL-138;SQL-139;SQL-142;SQL-143;SQL-144;SQL-116;SQL-119;SQL-126	APB-000003;APB-000015;APB-000017	yes	attachment_update	done	Stage 3 attachment route generated from completed scope row; use exact source blocks and missing-input prompts before item-level production claims.
S3-SCOPE-006	J009	S3-J008	GPTs/attachments/05_data_types_properties.md	05. Data Types and Properties	KAE-BLOCK-000273	hybrid	primary_working_source_after_alignment	aligned	administrator_operations;error_message_reference;general_reference_1_datatypes_properties;general_reference_2_dictionary_views;replication_manual;sql_reference	7.1;7.3;8.1_verified	Korean authoritative; English extraction aid; Altibase 8.1 verified source	SRC-000049;SRC-000054;SRC-000056;SRC-000057;SRC-000070;SRC-000072;SRC-000113;SRC-000118;SRC-000120;SRC-000121;SRC-000132;SRC-000134;SRC-000173;SRC-000178;SRC-000180;SRC-000181;SRC-000192;SRC-000194;SRC-000018;SRC-000023;SRC-000025;SRC-000026;SRC-000038;SRC-000040;SRC-000082;SRC-000087;SRC-000089;SRC-000090;SRC-000101;SRC-000103;SRC-000143;SRC-000148;SRC-000150;SRC-000151;SRC-000161;SRC-000163	SRC-000072/BLOCK-000884;SRC-000120/BLOCK-000517;SRC-000134/BLOCK-000886;SRC-000172/BLOCK-000574;SRC-000180/BLOCK-000519;SRC-000194/BLOCK-000888;SRC-000452/BLOCK-000826	SQL-141;SQL-115;SQL-118;SQL-120;SQL-123;SQL-125;SQL-130;SQL-131;SQL-132;SQL-133;SQL-134;SQL-135;SQL-136;SQL-137;SQL-138;SQL-139;SQL-142;SQL-143;SQL-144;SQL-116;SQL-119;SQL-126	APB-000003;APB-000015;APB-000017	yes	attachment_update	done	Stage 3 attachment route generated from completed scope row; use exact source blocks and missing-input prompts before item-level production claims.
S3-SCOPE-006	J009	S3-J008	GPTs/attachments/05_data_types_properties.md	05. Data Types and Properties	KAE-BLOCK-000274	hybrid	primary_working_source_after_alignment	aligned	c_cli_odbc_precompiler;dblink_hadoop_external_connectors;isql_iloader;jdbc_java;migration_oracle;spatial_nifi_tableau;utilities_datacompj;release_notes_platform;third_party_guides	7.1;7.1.0.1.2;7.3;7.3.0.0.1;8.1_verified;multi;8.1.0.0.1;Migration Center 7.10;Migration Center 7.11;Migration Center 7.12;Migration Center 7.13;Migration Center 7.14;Migration Center 7.15;Migration Center 7.16;Migration Center 7.17;Migration Center 7.18;Migration Center 7.19;Migration Center 7.9;dataCompJ 7.2	Korean authoritative; English extraction aid; Altibase 8.1 verified source	SRC-000046;SRC-000050;SRC-000052;SRC-000065;SRC-000068;SRC-000053;SRC-000059;SRC-000077;SRC-000078;SRC-000047;SRC-000061;SRC-000048;SRC-000074;SRC-000076;SRC-000450;SRC-000110;SRC-000114;SRC-000116;SRC-000128;SRC-000130;SRC-000117;SRC-000123;SRC-000138;SRC-000139;SRC-000111;SRC-000125;SRC-000112;SRC-000135;SRC-000137;SRC-000451;SRC-000170;SRC-000174;SRC-000176;SRC-000188;SRC-000190;SRC-000177;SRC-000183;SRC-000221;SRC-000198;SRC-000199;SRC-000171;SRC-000185;SRC-000172;SRC-000223;SRC-000195;SRC-000226;SRC-000197;SRC-000222;SRC-000227;SRC-000207;SRC-000473;SRC-000209;SRC-000212;SRC-000470;SRC-000008;SRC-000009;SRC-000010;SRC-000012;SRC-000013;SRC-000014;SRC-000208;SRC-000213;SRC-000452;SRC-000453;SRC-000454;SRC-000455;SRC-000456;SRC-000457;SRC-000458;SRC-000459;SRC-000460;SRC-000461;SRC-000462;SRC-000463;SRC-000471;SRC-000015;SRC-000019;SRC-000021;SRC-000034;SRC-000036;SRC-000022;SRC-000028;SRC-000044;SRC-000045;SRC-000016;SRC-000030;SRC-000017;SRC-000041;SRC-000043;SRC-000427;SRC-000079;SRC-000083;SRC-000085;SRC-000097;SRC-000099;SRC-000086;SRC-000092;SRC-000107;SRC-000108;SRC-000080;SRC-000094;SRC-000081;SRC-000104;SRC-000106;SRC-000428;SRC-000140;SRC-000144;SRC-000146;SRC-000158;SRC-000160;SRC-000147;SRC-000153;SRC-000214;SRC-000167;SRC-000168;SRC-000141;SRC-000155;SRC-000142;SRC-000216;SRC-000164;SRC-000219;SRC-000166;SRC-000215;SRC-000220;SRC-000200;SRC-000202;SRC-000205;SRC-000448;SRC-000002;SRC-000003;SRC-000004;SRC-000005;SRC-000006;SRC-000007;SRC-000201;SRC-000206;SRC-000429;SRC-000430;SRC-000431;SRC-000432;SRC-000433;SRC-000434;SRC-000435;SRC-000436;SRC-000437;SRC-000438;SRC-000439;SRC-000442;SRC-000449	SRC-000072/BLOCK-000884;SRC-000120/BLOCK-000517;SRC-000134/BLOCK-000886;SRC-000172/BLOCK-000574;SRC-000180/BLOCK-000519;SRC-000194/BLOCK-000888;SRC-000452/BLOCK-000826	SQL-141;SQL-115;SQL-118;SQL-120;SQL-123;SQL-125;SQL-130;SQL-131;SQL-132;SQL-133;SQL-134;SQL-135;SQL-136;SQL-137;SQL-138;SQL-139;SQL-142;SQL-143;SQL-144;SQL-116;SQL-119;SQL-126	APB-000003;APB-000015;APB-000017	yes	attachment_update	done	Stage 3 attachment route generated from completed scope row; use exact source blocks and missing-input prompts before item-level production claims.
S3-SCOPE-006	J009	S3-J008	GPTs/attachments/05_data_types_properties.md	05. Data Types and Properties	KAE-BLOCK-000275	hybrid	primary_working_source_after_alignment	aligned	patch_notes;release_notes_platform;technical_documents_support;third_party_guides;migration_oracle;replication_manager;spatial_nifi_tableau;utilities_datacompj	7.1;7.3;8.1_verified;multi;selected release-note tool scopes	Korean authoritative; English extraction aid; Repository source evidence; Approved support evidence; Altibase 8.1 verified source	SRC-000008;SRC-000009;SRC-000010;SRC-000011;SRC-000012;SRC-000013;SRC-000014;SRC-000064;SRC-000301;SRC-000302;SRC-000303;SRC-000304;SRC-000305;SRC-000306;SRC-000307;SRC-000308;SRC-000309;SRC-000310;SRC-000311;SRC-000312;SRC-000313;SRC-000314;SRC-000315;SRC-000316;SRC-000317;SRC-000318;SRC-000319;SRC-000320;SRC-000321;SRC-000322;SRC-000323;SRC-000324;SRC-000325;SRC-000326;SRC-000327;SRC-000328;SRC-000329;SRC-000330;SRC-000331;SRC-000332;SRC-000333;SRC-000334;SRC-000335;SRC-000336;SRC-000337;SRC-000338;SRC-000339;SRC-000340;SRC-000341;SRC-000342;SRC-000343;SRC-000344;SRC-000345;SRC-000346;SRC-000347;SRC-000348;SRC-000349;SRC-000350;SRC-000351;SRC-000352;SRC-000353;SRC-000354;SRC-000355;SRC-000356;SRC-000357;SRC-000358;SRC-000359;SRC-000360;SRC-000361;SRC-000362;SRC-000363;SRC-000364;SRC-000365;SRC-000366;SRC-000367;SRC-000368;SRC-000369;SRC-000370;SRC-000371;SRC-000372;SRC-000373;SRC-000374;SRC-000375;SRC-000376;SRC-000377;SRC-000378;SRC-000379;SRC-000380;SRC-000381;SRC-000382;SRC-000383;SRC-000384;SRC-000385;SRC-000386;SRC-000387;SRC-000388;SRC-000389;SRC-000390;SRC-000391;SRC-000392;SRC-000393;SRC-000394;SRC-000395;SRC-000396;SRC-000405;SRC-000406;SRC-000407;SRC-000408;SRC-000409;SRC-000410;SRC-000411;SRC-000412;SRC-000413;SRC-000414;SRC-000415;SRC-000416;SRC-000417;SRC-000418;SRC-000419;SRC-000420;SRC-000421;SRC-000422;SRC-000423;SRC-000450;SRC-000451;SRC-000452;SRC-000453;SRC-000454;SRC-000455;SRC-000456;SRC-000457;SRC-000458;SRC-000459;SRC-000460;SRC-000461;SRC-000462;SRC-000463;SRC-000464;SRC-000465;SRC-000466;SRC-000467;SRC-000468;SRC-000469;SRC-000470;SRC-000471;SRC-000473;SRC-000474;SRC-000475;SRC-000476;SRC-000002;SRC-000003;SRC-000004;SRC-000005;SRC-000006;SRC-000007;SRC-000033;SRC-000231;SRC-000232;SRC-000233;SRC-000234;SRC-000235;SRC-000236;SRC-000237;SRC-000238;SRC-000239;SRC-000240;SRC-000241;SRC-000242;SRC-000243;SRC-000244;SRC-000245;SRC-000246;SRC-000247;SRC-000248;SRC-000249;SRC-000250;SRC-000251;SRC-000252;SRC-000253;SRC-000254;SRC-000255;SRC-000256;SRC-000257;SRC-000258;SRC-000259;SRC-000260;SRC-000261;SRC-000262;SRC-000263;SRC-000264;SRC-000265;SRC-000266;SRC-000267;SRC-000268;SRC-000269;SRC-000270;SRC-000271;SRC-000272;SRC-000273;SRC-000274;SRC-000275;SRC-000276;SRC-000277;SRC-000278;SRC-000279;SRC-000280;SRC-000281;SRC-000282;SRC-000283;SRC-000284;SRC-000285;SRC-000286;SRC-000287;SRC-000288;SRC-000289;SRC-000290;SRC-000291;SRC-000292;SRC-000293;SRC-000294;SRC-000295;SRC-000296;SRC-000297;SRC-000298;SRC-000299;SRC-000300;SRC-000399;SRC-000400;SRC-000401;SRC-000402;SRC-000403;SRC-000404;SRC-000427;SRC-000428;SRC-000429;SRC-000430;SRC-000431;SRC-000432;SRC-000433;SRC-000434;SRC-000435;SRC-000436;SRC-000437;SRC-000438;SRC-000439;SRC-000440;SRC-000441;SRC-000442;SRC-000443;SRC-000444;SRC-000445;SRC-000446;SRC-000447;SRC-000448;SRC-000449;SRC-000472;SRC-000001;SRC-000228;SRC-000229;SRC-000230;SRC-000397;SRC-000398;SRC-000424;SRC-000425;SRC-000426;SRC-000477	SRC-000072/BLOCK-000884;SRC-000120/BLOCK-000517;SRC-000134/BLOCK-000886;SRC-000172/BLOCK-000574;SRC-000180/BLOCK-000519;SRC-000194/BLOCK-000888;SRC-000452/BLOCK-000826	SQL-141;SQL-115;SQL-118;SQL-120;SQL-123;SQL-125;SQL-130;SQL-131;SQL-132;SQL-133;SQL-134;SQL-135;SQL-136;SQL-137;SQL-138;SQL-139;SQL-142;SQL-143;SQL-144;SQL-116;SQL-119;SQL-126	APB-000003;APB-000015;APB-000017	yes	attachment_update	done	Stage 3 attachment route generated from completed scope row; use exact source blocks and missing-input prompts before item-level production claims.
S3-SCOPE-006	J009	S3-J008	GPTs/attachments/15_migration_oracle_compatibility.md	15. Migration and Oracle Compatibility	KAE-BLOCK-000035	repo_paired_ko_en	primary_working_source_after_alignment	pending	sql_reference	7.1	Korean authoritative; English extraction aid	SRC-000072;SRC-000040	SRC-000072/BLOCK-000884;SRC-000120/BLOCK-000517;SRC-000134/BLOCK-000886;SRC-000172/BLOCK-000574;SRC-000180/BLOCK-000519;SRC-000194/BLOCK-000888;SRC-000452/BLOCK-000826	SQL-141;SQL-115;SQL-118;SQL-120;SQL-123;SQL-125;SQL-130;SQL-131;SQL-132;SQL-133;SQL-134;SQL-135;SQL-136;SQL-137;SQL-138;SQL-139;SQL-142;SQL-143;SQL-144;SQL-116;SQL-119;SQL-126	APB-000003;APB-000015;APB-000017	yes	attachment_update	done	Stage 3 attachment route generated from completed scope row; use exact source blocks and missing-input prompts before item-level production claims.
S3-SCOPE-006	J009	S3-J008	GPTs/attachments/15_migration_oracle_compatibility.md	15. Migration and Oracle Compatibility	KAE-BLOCK-000145	repo_paired_ko_en	primary_working_source_after_alignment	pending	general_reference_1_datatypes_properties	7.3	Korean authoritative; English extraction aid	SRC-000120;SRC-000089	SRC-000072/BLOCK-000884;SRC-000120/BLOCK-000517;SRC-000134/BLOCK-000886;SRC-000172/BLOCK-000574;SRC-000180/BLOCK-000519;SRC-000194/BLOCK-000888;SRC-000452/BLOCK-000826	SQL-141;SQL-115;SQL-118;SQL-120;SQL-123;SQL-125;SQL-130;SQL-131;SQL-132;SQL-133;SQL-134;SQL-135;SQL-136;SQL-137;SQL-138;SQL-139;SQL-142;SQL-143;SQL-144;SQL-116;SQL-119;SQL-126	APB-000003;APB-000015;APB-000017	yes	attachment_update	done	Stage 3 attachment route generated from completed scope row; use exact source blocks and missing-input prompts before item-level production claims.
S3-SCOPE-006	J009	S3-J008	GPTs/attachments/15_migration_oracle_compatibility.md	15. Migration and Oracle Compatibility	KAE-BLOCK-000166	repo_paired_ko_en	primary_working_source_after_alignment	pending	sql_reference	7.3	Korean authoritative; English extraction aid	SRC-000134;SRC-000103	SRC-000072/BLOCK-000884;SRC-000120/BLOCK-000517;SRC-000134/BLOCK-000886;SRC-000172/BLOCK-000574;SRC-000180/BLOCK-000519;SRC-000194/BLOCK-000888;SRC-000452/BLOCK-000826	SQL-141;SQL-115;SQL-118;SQL-120;SQL-123;SQL-125;SQL-130;SQL-131;SQL-132;SQL-133;SQL-134;SQL-135;SQL-136;SQL-137;SQL-138;SQL-139;SQL-142;SQL-143;SQL-144;SQL-116;SQL-119;SQL-126	APB-000003;APB-000015;APB-000017	yes	attachment_update	done	Stage 3 attachment route generated from completed scope row; use exact source blocks and missing-input prompts before item-level production claims.
S3-SCOPE-006	J009	S3-J008	GPTs/attachments/15_migration_oracle_compatibility.md	15. Migration and Oracle Compatibility	KAE-BLOCK-000201	repo_paired_ko_en	primary_working_source_after_alignment	pending	general_reference_1_datatypes_properties	8.1_verified	Korean authoritative; Altibase 8.1 verified source; English extraction aid	SRC-000180;SRC-000150	SRC-000072/BLOCK-000884;SRC-000120/BLOCK-000517;SRC-000134/BLOCK-000886;SRC-000172/BLOCK-000574;SRC-000180/BLOCK-000519;SRC-000194/BLOCK-000888;SRC-000452/BLOCK-000826	SQL-141;SQL-115;SQL-118;SQL-120;SQL-123;SQL-125;SQL-130;SQL-131;SQL-132;SQL-133;SQL-134;SQL-135;SQL-136;SQL-137;SQL-138;SQL-139;SQL-142;SQL-143;SQL-144;SQL-116;SQL-119;SQL-126	APB-000003;APB-000015;APB-000017	yes	attachment_update	done	Stage 3 attachment route generated from completed scope row; use exact source blocks and missing-input prompts before item-level production claims.
S3-SCOPE-006	J009	S3-J008	GPTs/attachments/15_migration_oracle_compatibility.md	15. Migration and Oracle Compatibility	KAE-BLOCK-000210	repo_paired_ko_en	primary_working_source_after_alignment	pending	migration_oracle	8.1_verified	Korean authoritative; Altibase 8.1 verified source; English extraction aid	SRC-000172;SRC-000142	SRC-000072/BLOCK-000884;SRC-000120/BLOCK-000517;SRC-000134/BLOCK-000886;SRC-000172/BLOCK-000574;SRC-000180/BLOCK-000519;SRC-000194/BLOCK-000888;SRC-000452/BLOCK-000826	SQL-141;SQL-115;SQL-118;SQL-120;SQL-123;SQL-125;SQL-130;SQL-131;SQL-132;SQL-133;SQL-134;SQL-135;SQL-136;SQL-137;SQL-138;SQL-139;SQL-142;SQL-143;SQL-144;SQL-116;SQL-119;SQL-126	APB-000003;APB-000015;APB-000017	yes	attachment_update	done	Stage 3 attachment route generated from completed scope row; use exact source blocks and missing-input prompts before item-level production claims.
S3-SCOPE-006	J009	S3-J008	GPTs/attachments/15_migration_oracle_compatibility.md	15. Migration and Oracle Compatibility	KAE-BLOCK-000223	repo_paired_ko_en	primary_working_source_after_alignment	pending	sql_reference	8.1_verified	Korean authoritative; Altibase 8.1 verified source; English extraction aid	SRC-000194;SRC-000163	SRC-000072/BLOCK-000884;SRC-000120/BLOCK-000517;SRC-000134/BLOCK-000886;SRC-000172/BLOCK-000574;SRC-000180/BLOCK-000519;SRC-000194/BLOCK-000888;SRC-000452/BLOCK-000826	SQL-141;SQL-115;SQL-118;SQL-120;SQL-123;SQL-125;SQL-130;SQL-131;SQL-132;SQL-133;SQL-134;SQL-135;SQL-136;SQL-137;SQL-138;SQL-139;SQL-142;SQL-143;SQL-144;SQL-116;SQL-119;SQL-126	APB-000003;APB-000015;APB-000017	yes	attachment_update	done	Stage 3 attachment route generated from completed scope row; use exact source blocks and missing-input prompts before item-level production claims.
S3-SCOPE-006	J009	S3-J008	GPTs/attachments/15_migration_oracle_compatibility.md	15. Migration and Oracle Compatibility	KAE-BLOCK-000253	repo_paired_ko_en	primary_working_source_after_alignment	pending	release_notes_platform	8.1.0.0.1	Korean authoritative; Altibase 8.1 verified source; English extraction aid	SRC-000452;SRC-000429	SRC-000072/BLOCK-000884;SRC-000120/BLOCK-000517;SRC-000134/BLOCK-000886;SRC-000172/BLOCK-000574;SRC-000180/BLOCK-000519;SRC-000194/BLOCK-000888;SRC-000452/BLOCK-000826	SQL-141;SQL-115;SQL-118;SQL-120;SQL-123;SQL-125;SQL-130;SQL-131;SQL-132;SQL-133;SQL-134;SQL-135;SQL-136;SQL-137;SQL-138;SQL-139;SQL-142;SQL-143;SQL-144;SQL-116;SQL-119;SQL-126	APB-000003;APB-000015;APB-000017	yes	attachment_update	done	Stage 3 attachment route generated from completed scope row; use exact source blocks and missing-input prompts before item-level production claims.
S3-SCOPE-006	J009	S3-J008	GPTs/attachments/15_migration_oracle_compatibility.md	15. Migration and Oracle Compatibility	KAE-BLOCK-000272	hybrid	primary_working_source_after_alignment	aligned	administrator_operations;general_reference_1_datatypes_properties;getting_started_installation;replication_manual;security_ssl_tls;sql_reference	7.1;7.3;8.1_verified	Korean authoritative; English extraction aid; Altibase 8.1 verified source	SRC-000049;SRC-000056;SRC-000058;SRC-000060;SRC-000070;SRC-000051;SRC-000072;SRC-000113;SRC-000120;SRC-000122;SRC-000124;SRC-000132;SRC-000115;SRC-000134;SRC-000173;SRC-000180;SRC-000182;SRC-000184;SRC-000192;SRC-000175;SRC-000194;SRC-000018;SRC-000025;SRC-000027;SRC-000029;SRC-000038;SRC-000020;SRC-000040;SRC-000082;SRC-000089;SRC-000091;SRC-000093;SRC-000101;SRC-000084;SRC-000103;SRC-000143;SRC-000150;SRC-000152;SRC-000154;SRC-000161;SRC-000145;SRC-000163	SRC-000072/BLOCK-000884;SRC-000120/BLOCK-000517;SRC-000134/BLOCK-000886;SRC-000172/BLOCK-000574;SRC-000180/BLOCK-000519;SRC-000194/BLOCK-000888;SRC-000452/BLOCK-000826	SQL-141;SQL-115;SQL-118;SQL-120;SQL-123;SQL-125;SQL-130;SQL-131;SQL-132;SQL-133;SQL-134;SQL-135;SQL-136;SQL-137;SQL-138;SQL-139;SQL-142;SQL-143;SQL-144;SQL-116;SQL-119;SQL-126	APB-000003;APB-000015;APB-000017	yes	attachment_update	done	Stage 3 attachment route generated from completed scope row; use exact source blocks and missing-input prompts before item-level production claims.
S3-SCOPE-006	J009	S3-J008	GPTs/attachments/15_migration_oracle_compatibility.md	15. Migration and Oracle Compatibility	KAE-BLOCK-000273	hybrid	primary_working_source_after_alignment	aligned	administrator_operations;error_message_reference;general_reference_1_datatypes_properties;general_reference_2_dictionary_views;replication_manual;sql_reference	7.1;7.3;8.1_verified	Korean authoritative; English extraction aid; Altibase 8.1 verified source	SRC-000049;SRC-000054;SRC-000056;SRC-000057;SRC-000070;SRC-000072;SRC-000113;SRC-000118;SRC-000120;SRC-000121;SRC-000132;SRC-000134;SRC-000173;SRC-000178;SRC-000180;SRC-000181;SRC-000192;SRC-000194;SRC-000018;SRC-000023;SRC-000025;SRC-000026;SRC-000038;SRC-000040;SRC-000082;SRC-000087;SRC-000089;SRC-000090;SRC-000101;SRC-000103;SRC-000143;SRC-000148;SRC-000150;SRC-000151;SRC-000161;SRC-000163	SRC-000072/BLOCK-000884;SRC-000120/BLOCK-000517;SRC-000134/BLOCK-000886;SRC-000172/BLOCK-000574;SRC-000180/BLOCK-000519;SRC-000194/BLOCK-000888;SRC-000452/BLOCK-000826	SQL-141;SQL-115;SQL-118;SQL-120;SQL-123;SQL-125;SQL-130;SQL-131;SQL-132;SQL-133;SQL-134;SQL-135;SQL-136;SQL-137;SQL-138;SQL-139;SQL-142;SQL-143;SQL-144;SQL-116;SQL-119;SQL-126	APB-000003;APB-000015;APB-000017	yes	attachment_update	done	Stage 3 attachment route generated from completed scope row; use exact source blocks and missing-input prompts before item-level production claims.
S3-SCOPE-006	J009	S3-J008	GPTs/attachments/15_migration_oracle_compatibility.md	15. Migration and Oracle Compatibility	KAE-BLOCK-000274	hybrid	primary_working_source_after_alignment	aligned	c_cli_odbc_precompiler;dblink_hadoop_external_connectors;isql_iloader;jdbc_java;migration_oracle;spatial_nifi_tableau;utilities_datacompj;release_notes_platform;third_party_guides	7.1;7.1.0.1.2;7.3;7.3.0.0.1;8.1_verified;multi;8.1.0.0.1;Migration Center 7.10;Migration Center 7.11;Migration Center 7.12;Migration Center 7.13;Migration Center 7.14;Migration Center 7.15;Migration Center 7.16;Migration Center 7.17;Migration Center 7.18;Migration Center 7.19;Migration Center 7.9;dataCompJ 7.2	Korean authoritative; English extraction aid; Altibase 8.1 verified source	SRC-000046;SRC-000050;SRC-000052;SRC-000065;SRC-000068;SRC-000053;SRC-000059;SRC-000077;SRC-000078;SRC-000047;SRC-000061;SRC-000048;SRC-000074;SRC-000076;SRC-000450;SRC-000110;SRC-000114;SRC-000116;SRC-000128;SRC-000130;SRC-000117;SRC-000123;SRC-000138;SRC-000139;SRC-000111;SRC-000125;SRC-000112;SRC-000135;SRC-000137;SRC-000451;SRC-000170;SRC-000174;SRC-000176;SRC-000188;SRC-000190;SRC-000177;SRC-000183;SRC-000221;SRC-000198;SRC-000199;SRC-000171;SRC-000185;SRC-000172;SRC-000223;SRC-000195;SRC-000226;SRC-000197;SRC-000222;SRC-000227;SRC-000207;SRC-000473;SRC-000209;SRC-000212;SRC-000470;SRC-000008;SRC-000009;SRC-000010;SRC-000012;SRC-000013;SRC-000014;SRC-000208;SRC-000213;SRC-000452;SRC-000453;SRC-000454;SRC-000455;SRC-000456;SRC-000457;SRC-000458;SRC-000459;SRC-000460;SRC-000461;SRC-000462;SRC-000463;SRC-000471;SRC-000015;SRC-000019;SRC-000021;SRC-000034;SRC-000036;SRC-000022;SRC-000028;SRC-000044;SRC-000045;SRC-000016;SRC-000030;SRC-000017;SRC-000041;SRC-000043;SRC-000427;SRC-000079;SRC-000083;SRC-000085;SRC-000097;SRC-000099;SRC-000086;SRC-000092;SRC-000107;SRC-000108;SRC-000080;SRC-000094;SRC-000081;SRC-000104;SRC-000106;SRC-000428;SRC-000140;SRC-000144;SRC-000146;SRC-000158;SRC-000160;SRC-000147;SRC-000153;SRC-000214;SRC-000167;SRC-000168;SRC-000141;SRC-000155;SRC-000142;SRC-000216;SRC-000164;SRC-000219;SRC-000166;SRC-000215;SRC-000220;SRC-000200;SRC-000202;SRC-000205;SRC-000448;SRC-000002;SRC-000003;SRC-000004;SRC-000005;SRC-000006;SRC-000007;SRC-000201;SRC-000206;SRC-000429;SRC-000430;SRC-000431;SRC-000432;SRC-000433;SRC-000434;SRC-000435;SRC-000436;SRC-000437;SRC-000438;SRC-000439;SRC-000442;SRC-000449	SRC-000072/BLOCK-000884;SRC-000120/BLOCK-000517;SRC-000134/BLOCK-000886;SRC-000172/BLOCK-000574;SRC-000180/BLOCK-000519;SRC-000194/BLOCK-000888;SRC-000452/BLOCK-000826	SQL-141;SQL-115;SQL-118;SQL-120;SQL-123;SQL-125;SQL-130;SQL-131;SQL-132;SQL-133;SQL-134;SQL-135;SQL-136;SQL-137;SQL-138;SQL-139;SQL-142;SQL-143;SQL-144;SQL-116;SQL-119;SQL-126	APB-000003;APB-000015;APB-000017	yes	attachment_update	done	Stage 3 attachment route generated from completed scope row; use exact source blocks and missing-input prompts before item-level production claims.
S3-SCOPE-006	J009	S3-J008	GPTs/attachments/15_migration_oracle_compatibility.md	15. Migration and Oracle Compatibility	KAE-BLOCK-000275	hybrid	primary_working_source_after_alignment	aligned	patch_notes;release_notes_platform;technical_documents_support;third_party_guides;migration_oracle;replication_manager;spatial_nifi_tableau;utilities_datacompj	7.1;7.3;8.1_verified;multi;selected release-note tool scopes	Korean authoritative; English extraction aid; Repository source evidence; Approved support evidence; Altibase 8.1 verified source	SRC-000008;SRC-000009;SRC-000010;SRC-000011;SRC-000012;SRC-000013;SRC-000014;SRC-000064;SRC-000301;SRC-000302;SRC-000303;SRC-000304;SRC-000305;SRC-000306;SRC-000307;SRC-000308;SRC-000309;SRC-000310;SRC-000311;SRC-000312;SRC-000313;SRC-000314;SRC-000315;SRC-000316;SRC-000317;SRC-000318;SRC-000319;SRC-000320;SRC-000321;SRC-000322;SRC-000323;SRC-000324;SRC-000325;SRC-000326;SRC-000327;SRC-000328;SRC-000329;SRC-000330;SRC-000331;SRC-000332;SRC-000333;SRC-000334;SRC-000335;SRC-000336;SRC-000337;SRC-000338;SRC-000339;SRC-000340;SRC-000341;SRC-000342;SRC-000343;SRC-000344;SRC-000345;SRC-000346;SRC-000347;SRC-000348;SRC-000349;SRC-000350;SRC-000351;SRC-000352;SRC-000353;SRC-000354;SRC-000355;SRC-000356;SRC-000357;SRC-000358;SRC-000359;SRC-000360;SRC-000361;SRC-000362;SRC-000363;SRC-000364;SRC-000365;SRC-000366;SRC-000367;SRC-000368;SRC-000369;SRC-000370;SRC-000371;SRC-000372;SRC-000373;SRC-000374;SRC-000375;SRC-000376;SRC-000377;SRC-000378;SRC-000379;SRC-000380;SRC-000381;SRC-000382;SRC-000383;SRC-000384;SRC-000385;SRC-000386;SRC-000387;SRC-000388;SRC-000389;SRC-000390;SRC-000391;SRC-000392;SRC-000393;SRC-000394;SRC-000395;SRC-000396;SRC-000405;SRC-000406;SRC-000407;SRC-000408;SRC-000409;SRC-000410;SRC-000411;SRC-000412;SRC-000413;SRC-000414;SRC-000415;SRC-000416;SRC-000417;SRC-000418;SRC-000419;SRC-000420;SRC-000421;SRC-000422;SRC-000423;SRC-000450;SRC-000451;SRC-000452;SRC-000453;SRC-000454;SRC-000455;SRC-000456;SRC-000457;SRC-000458;SRC-000459;SRC-000460;SRC-000461;SRC-000462;SRC-000463;SRC-000464;SRC-000465;SRC-000466;SRC-000467;SRC-000468;SRC-000469;SRC-000470;SRC-000471;SRC-000473;SRC-000474;SRC-000475;SRC-000476;SRC-000002;SRC-000003;SRC-000004;SRC-000005;SRC-000006;SRC-000007;SRC-000033;SRC-000231;SRC-000232;SRC-000233;SRC-000234;SRC-000235;SRC-000236;SRC-000237;SRC-000238;SRC-000239;SRC-000240;SRC-000241;SRC-000242;SRC-000243;SRC-000244;SRC-000245;SRC-000246;SRC-000247;SRC-000248;SRC-000249;SRC-000250;SRC-000251;SRC-000252;SRC-000253;SRC-000254;SRC-000255;SRC-000256;SRC-000257;SRC-000258;SRC-000259;SRC-000260;SRC-000261;SRC-000262;SRC-000263;SRC-000264;SRC-000265;SRC-000266;SRC-000267;SRC-000268;SRC-000269;SRC-000270;SRC-000271;SRC-000272;SRC-000273;SRC-000274;SRC-000275;SRC-000276;SRC-000277;SRC-000278;SRC-000279;SRC-000280;SRC-000281;SRC-000282;SRC-000283;SRC-000284;SRC-000285;SRC-000286;SRC-000287;SRC-000288;SRC-000289;SRC-000290;SRC-000291;SRC-000292;SRC-000293;SRC-000294;SRC-000295;SRC-000296;SRC-000297;SRC-000298;SRC-000299;SRC-000300;SRC-000399;SRC-000400;SRC-000401;SRC-000402;SRC-000403;SRC-000404;SRC-000427;SRC-000428;SRC-000429;SRC-000430;SRC-000431;SRC-000432;SRC-000433;SRC-000434;SRC-000435;SRC-000436;SRC-000437;SRC-000438;SRC-000439;SRC-000440;SRC-000441;SRC-000442;SRC-000443;SRC-000444;SRC-000445;SRC-000446;SRC-000447;SRC-000448;SRC-000449;SRC-000472;SRC-000001;SRC-000228;SRC-000229;SRC-000230;SRC-000397;SRC-000398;SRC-000424;SRC-000425;SRC-000426;SRC-000477	SRC-000072/BLOCK-000884;SRC-000120/BLOCK-000517;SRC-000134/BLOCK-000886;SRC-000172/BLOCK-000574;SRC-000180/BLOCK-000519;SRC-000194/BLOCK-000888;SRC-000452/BLOCK-000826	SQL-141;SQL-115;SQL-118;SQL-120;SQL-123;SQL-125;SQL-130;SQL-131;SQL-132;SQL-133;SQL-134;SQL-135;SQL-136;SQL-137;SQL-138;SQL-139;SQL-142;SQL-143;SQL-144;SQL-116;SQL-119;SQL-126	APB-000003;APB-000015;APB-000017	yes	attachment_update	done	Stage 3 attachment route generated from completed scope row; use exact source blocks and missing-input prompts before item-level production claims.
S3-SCOPE-007	J010	S3-J009	GPTs/attachments/07_error_messages_troubleshooting.md	07. Error Messages and Troubleshooting	KAE-BLOCK-000144	repo_paired_ko_en	primary_working_source_after_alignment	pending	error_message_reference	7.3	Korean authoritative; English extraction aid	SRC-000118;SRC-000087	SRC-000087/BLOCK-000510;SRC-000106/BLOCK-000928;SRC-000107/BLOCK-000542;SRC-000118/BLOCK-000511;SRC-000137/BLOCK-000929;SRC-000138/BLOCK-000544;SRC-000178/BLOCK-000513	ERR-104;ERR-110;ERR-113;ERR-120;ERR-122;ERR-127;ERR-128;ERR-130;ERR-103;ERR-106;ERR-107;ERR-108;ERR-112;ERR-114;ERR-115;ERR-116;ERR-117;ERR-119;ERR-121;ERR-124;ERR-125;ERR-101;ERR-102;ERR-105;ERR-109;ERR-111;ERR-118;ERR-123;ERR-129	APB-000013;APB-000017	yes	attachment_update	done	Stage 3 attachment route generated from completed scope row; use exact source blocks and missing-input prompts before item-level production claims.
S3-SCOPE-007	J010	S3-J009	GPTs/attachments/07_error_messages_troubleshooting.md	07. Error Messages and Troubleshooting	KAE-BLOCK-000149	repo_paired_ko_en	primary_working_source_after_alignment	pending	isql_iloader	7.3	Korean authoritative; English extraction aid	SRC-000138;SRC-000107	SRC-000087/BLOCK-000510;SRC-000106/BLOCK-000928;SRC-000107/BLOCK-000542;SRC-000118/BLOCK-000511;SRC-000137/BLOCK-000929;SRC-000138/BLOCK-000544;SRC-000178/BLOCK-000513	ERR-104;ERR-110;ERR-113;ERR-120;ERR-122;ERR-127;ERR-128;ERR-130;ERR-103;ERR-106;ERR-107;ERR-108;ERR-112;ERR-114;ERR-115;ERR-116;ERR-117;ERR-119;ERR-121;ERR-124;ERR-125;ERR-101;ERR-102;ERR-105;ERR-109;ERR-111;ERR-118;ERR-123;ERR-129	APB-000013;APB-000017	yes	attachment_update	done	Stage 3 attachment route generated from completed scope row; use exact source blocks and missing-input prompts before item-level production claims.
S3-SCOPE-007	J010	S3-J009	GPTs/attachments/07_error_messages_troubleshooting.md	07. Error Messages and Troubleshooting	KAE-BLOCK-000170	repo_paired_ko_en	primary_working_source_after_alignment	pending	utilities_datacompj	7.3	Korean authoritative; English extraction aid	SRC-000137;SRC-000106	SRC-000087/BLOCK-000510;SRC-000106/BLOCK-000928;SRC-000107/BLOCK-000542;SRC-000118/BLOCK-000511;SRC-000137/BLOCK-000929;SRC-000138/BLOCK-000544;SRC-000178/BLOCK-000513	ERR-104;ERR-110;ERR-113;ERR-120;ERR-122;ERR-127;ERR-128;ERR-130;ERR-103;ERR-106;ERR-107;ERR-108;ERR-112;ERR-114;ERR-115;ERR-116;ERR-117;ERR-119;ERR-121;ERR-124;ERR-125;ERR-101;ERR-102;ERR-105;ERR-109;ERR-111;ERR-118;ERR-123;ERR-129	APB-000013;APB-000017	yes	attachment_update	done	Stage 3 attachment route generated from completed scope row; use exact source blocks and missing-input prompts before item-level production claims.
S3-SCOPE-007	J010	S3-J009	GPTs/attachments/07_error_messages_troubleshooting.md	07. Error Messages and Troubleshooting	KAE-BLOCK-000200	repo_paired_ko_en	primary_working_source_after_alignment	pending	error_message_reference	8.1_verified	Korean authoritative; Altibase 8.1 verified source; English extraction aid	SRC-000178;SRC-000148	SRC-000087/BLOCK-000510;SRC-000106/BLOCK-000928;SRC-000107/BLOCK-000542;SRC-000118/BLOCK-000511;SRC-000137/BLOCK-000929;SRC-000138/BLOCK-000544;SRC-000178/BLOCK-000513	ERR-104;ERR-110;ERR-113;ERR-120;ERR-122;ERR-127;ERR-128;ERR-130;ERR-103;ERR-106;ERR-107;ERR-108;ERR-112;ERR-114;ERR-115;ERR-116;ERR-117;ERR-119;ERR-121;ERR-124;ERR-125;ERR-101;ERR-102;ERR-105;ERR-109;ERR-111;ERR-118;ERR-123;ERR-129	APB-000013;APB-000017	yes	attachment_update	done	Stage 3 attachment route generated from completed scope row; use exact source blocks and missing-input prompts before item-level production claims.
S3-SCOPE-007	J010	S3-J009	GPTs/attachments/07_error_messages_troubleshooting.md	07. Error Messages and Troubleshooting	KAE-BLOCK-000273	hybrid	primary_working_source_after_alignment	aligned	administrator_operations;error_message_reference;general_reference_1_datatypes_properties;general_reference_2_dictionary_views;replication_manual;sql_reference	7.1;7.3;8.1_verified	Korean authoritative; English extraction aid; Altibase 8.1 verified source	SRC-000049;SRC-000054;SRC-000056;SRC-000057;SRC-000070;SRC-000072;SRC-000113;SRC-000118;SRC-000120;SRC-000121;SRC-000132;SRC-000134;SRC-000173;SRC-000178;SRC-000180;SRC-000181;SRC-000192;SRC-000194;SRC-000018;SRC-000023;SRC-000025;SRC-000026;SRC-000038;SRC-000040;SRC-000082;SRC-000087;SRC-000089;SRC-000090;SRC-000101;SRC-000103;SRC-000143;SRC-000148;SRC-000150;SRC-000151;SRC-000161;SRC-000163	SRC-000087/BLOCK-000510;SRC-000106/BLOCK-000928;SRC-000107/BLOCK-000542;SRC-000118/BLOCK-000511;SRC-000137/BLOCK-000929;SRC-000138/BLOCK-000544;SRC-000178/BLOCK-000513	ERR-104;ERR-110;ERR-113;ERR-120;ERR-122;ERR-127;ERR-128;ERR-130;ERR-103;ERR-106;ERR-107;ERR-108;ERR-112;ERR-114;ERR-115;ERR-116;ERR-117;ERR-119;ERR-121;ERR-124;ERR-125;ERR-101;ERR-102;ERR-105;ERR-109;ERR-111;ERR-118;ERR-123;ERR-129	APB-000013;APB-000017	yes	attachment_update	done	Stage 3 attachment route generated from completed scope row; use exact source blocks and missing-input prompts before item-level production claims.
S3-SCOPE-007	J010	S3-J009	GPTs/attachments/07_error_messages_troubleshooting.md	07. Error Messages and Troubleshooting	KAE-BLOCK-000274	hybrid	primary_working_source_after_alignment	aligned	c_cli_odbc_precompiler;dblink_hadoop_external_connectors;isql_iloader;jdbc_java;migration_oracle;spatial_nifi_tableau;utilities_datacompj;release_notes_platform;third_party_guides	7.1;7.1.0.1.2;7.3;7.3.0.0.1;8.1_verified;multi;8.1.0.0.1;Migration Center 7.10;Migration Center 7.11;Migration Center 7.12;Migration Center 7.13;Migration Center 7.14;Migration Center 7.15;Migration Center 7.16;Migration Center 7.17;Migration Center 7.18;Migration Center 7.19;Migration Center 7.9;dataCompJ 7.2	Korean authoritative; English extraction aid; Altibase 8.1 verified source	SRC-000046;SRC-000050;SRC-000052;SRC-000065;SRC-000068;SRC-000053;SRC-000059;SRC-000077;SRC-000078;SRC-000047;SRC-000061;SRC-000048;SRC-000074;SRC-000076;SRC-000450;SRC-000110;SRC-000114;SRC-000116;SRC-000128;SRC-000130;SRC-000117;SRC-000123;SRC-000138;SRC-000139;SRC-000111;SRC-000125;SRC-000112;SRC-000135;SRC-000137;SRC-000451;SRC-000170;SRC-000174;SRC-000176;SRC-000188;SRC-000190;SRC-000177;SRC-000183;SRC-000221;SRC-000198;SRC-000199;SRC-000171;SRC-000185;SRC-000172;SRC-000223;SRC-000195;SRC-000226;SRC-000197;SRC-000222;SRC-000227;SRC-000207;SRC-000473;SRC-000209;SRC-000212;SRC-000470;SRC-000008;SRC-000009;SRC-000010;SRC-000012;SRC-000013;SRC-000014;SRC-000208;SRC-000213;SRC-000452;SRC-000453;SRC-000454;SRC-000455;SRC-000456;SRC-000457;SRC-000458;SRC-000459;SRC-000460;SRC-000461;SRC-000462;SRC-000463;SRC-000471;SRC-000015;SRC-000019;SRC-000021;SRC-000034;SRC-000036;SRC-000022;SRC-000028;SRC-000044;SRC-000045;SRC-000016;SRC-000030;SRC-000017;SRC-000041;SRC-000043;SRC-000427;SRC-000079;SRC-000083;SRC-000085;SRC-000097;SRC-000099;SRC-000086;SRC-000092;SRC-000107;SRC-000108;SRC-000080;SRC-000094;SRC-000081;SRC-000104;SRC-000106;SRC-000428;SRC-000140;SRC-000144;SRC-000146;SRC-000158;SRC-000160;SRC-000147;SRC-000153;SRC-000214;SRC-000167;SRC-000168;SRC-000141;SRC-000155;SRC-000142;SRC-000216;SRC-000164;SRC-000219;SRC-000166;SRC-000215;SRC-000220;SRC-000200;SRC-000202;SRC-000205;SRC-000448;SRC-000002;SRC-000003;SRC-000004;SRC-000005;SRC-000006;SRC-000007;SRC-000201;SRC-000206;SRC-000429;SRC-000430;SRC-000431;SRC-000432;SRC-000433;SRC-000434;SRC-000435;SRC-000436;SRC-000437;SRC-000438;SRC-000439;SRC-000442;SRC-000449	SRC-000087/BLOCK-000510;SRC-000106/BLOCK-000928;SRC-000107/BLOCK-000542;SRC-000118/BLOCK-000511;SRC-000137/BLOCK-000929;SRC-000138/BLOCK-000544;SRC-000178/BLOCK-000513	ERR-104;ERR-110;ERR-113;ERR-120;ERR-122;ERR-127;ERR-128;ERR-130;ERR-103;ERR-106;ERR-107;ERR-108;ERR-112;ERR-114;ERR-115;ERR-116;ERR-117;ERR-119;ERR-121;ERR-124;ERR-125;ERR-101;ERR-102;ERR-105;ERR-109;ERR-111;ERR-118;ERR-123;ERR-129	APB-000013;APB-000017	yes	attachment_update	done	Stage 3 attachment route generated from completed scope row; use exact source blocks and missing-input prompts before item-level production claims.
S3-SCOPE-007	J010	S3-J009	GPTs/attachments/13_isql_iloader_basic_tools.md	13. iSQL, iLoader, and Basic Tools	KAE-BLOCK-000144	repo_paired_ko_en	primary_working_source_after_alignment	pending	error_message_reference	7.3	Korean authoritative; English extraction aid	SRC-000118;SRC-000087	SRC-000087/BLOCK-000510;SRC-000106/BLOCK-000928;SRC-000107/BLOCK-000542;SRC-000118/BLOCK-000511;SRC-000137/BLOCK-000929;SRC-000138/BLOCK-000544;SRC-000178/BLOCK-000513	ERR-104;ERR-110;ERR-113;ERR-120;ERR-122;ERR-127;ERR-128;ERR-130;ERR-103;ERR-106;ERR-107;ERR-108;ERR-112;ERR-114;ERR-115;ERR-116;ERR-117;ERR-119;ERR-121;ERR-124;ERR-125;ERR-101;ERR-102;ERR-105;ERR-109;ERR-111;ERR-118;ERR-123;ERR-129	APB-000013;APB-000017	yes	attachment_update	done	Stage 3 attachment route generated from completed scope row; use exact source blocks and missing-input prompts before item-level production claims.
S3-SCOPE-007	J010	S3-J009	GPTs/attachments/13_isql_iloader_basic_tools.md	13. iSQL, iLoader, and Basic Tools	KAE-BLOCK-000149	repo_paired_ko_en	primary_working_source_after_alignment	pending	isql_iloader	7.3	Korean authoritative; English extraction aid	SRC-000138;SRC-000107	SRC-000087/BLOCK-000510;SRC-000106/BLOCK-000928;SRC-000107/BLOCK-000542;SRC-000118/BLOCK-000511;SRC-000137/BLOCK-000929;SRC-000138/BLOCK-000544;SRC-000178/BLOCK-000513	ERR-104;ERR-110;ERR-113;ERR-120;ERR-122;ERR-127;ERR-128;ERR-130;ERR-103;ERR-106;ERR-107;ERR-108;ERR-112;ERR-114;ERR-115;ERR-116;ERR-117;ERR-119;ERR-121;ERR-124;ERR-125;ERR-101;ERR-102;ERR-105;ERR-109;ERR-111;ERR-118;ERR-123;ERR-129	APB-000013;APB-000017	yes	attachment_update	done	Stage 3 attachment route generated from completed scope row; use exact source blocks and missing-input prompts before item-level production claims.
S3-SCOPE-007	J010	S3-J009	GPTs/attachments/13_isql_iloader_basic_tools.md	13. iSQL, iLoader, and Basic Tools	KAE-BLOCK-000170	repo_paired_ko_en	primary_working_source_after_alignment	pending	utilities_datacompj	7.3	Korean authoritative; English extraction aid	SRC-000137;SRC-000106	SRC-000087/BLOCK-000510;SRC-000106/BLOCK-000928;SRC-000107/BLOCK-000542;SRC-000118/BLOCK-000511;SRC-000137/BLOCK-000929;SRC-000138/BLOCK-000544;SRC-000178/BLOCK-000513	ERR-104;ERR-110;ERR-113;ERR-120;ERR-122;ERR-127;ERR-128;ERR-130;ERR-103;ERR-106;ERR-107;ERR-108;ERR-112;ERR-114;ERR-115;ERR-116;ERR-117;ERR-119;ERR-121;ERR-124;ERR-125;ERR-101;ERR-102;ERR-105;ERR-109;ERR-111;ERR-118;ERR-123;ERR-129	APB-000013;APB-000017	yes	attachment_update	done	Stage 3 attachment route generated from completed scope row; use exact source blocks and missing-input prompts before item-level production claims.
S3-SCOPE-007	J010	S3-J009	GPTs/attachments/13_isql_iloader_basic_tools.md	13. iSQL, iLoader, and Basic Tools	KAE-BLOCK-000200	repo_paired_ko_en	primary_working_source_after_alignment	pending	error_message_reference	8.1_verified	Korean authoritative; Altibase 8.1 verified source; English extraction aid	SRC-000178;SRC-000148	SRC-000087/BLOCK-000510;SRC-000106/BLOCK-000928;SRC-000107/BLOCK-000542;SRC-000118/BLOCK-000511;SRC-000137/BLOCK-000929;SRC-000138/BLOCK-000544;SRC-000178/BLOCK-000513	ERR-104;ERR-110;ERR-113;ERR-120;ERR-122;ERR-127;ERR-128;ERR-130;ERR-103;ERR-106;ERR-107;ERR-108;ERR-112;ERR-114;ERR-115;ERR-116;ERR-117;ERR-119;ERR-121;ERR-124;ERR-125;ERR-101;ERR-102;ERR-105;ERR-109;ERR-111;ERR-118;ERR-123;ERR-129	APB-000013;APB-000017	yes	attachment_update	done	Stage 3 attachment route generated from completed scope row; use exact source blocks and missing-input prompts before item-level production claims.
S3-SCOPE-007	J010	S3-J009	GPTs/attachments/13_isql_iloader_basic_tools.md	13. iSQL, iLoader, and Basic Tools	KAE-BLOCK-000273	hybrid	primary_working_source_after_alignment	aligned	administrator_operations;error_message_reference;general_reference_1_datatypes_properties;general_reference_2_dictionary_views;replication_manual;sql_reference	7.1;7.3;8.1_verified	Korean authoritative; English extraction aid; Altibase 8.1 verified source	SRC-000049;SRC-000054;SRC-000056;SRC-000057;SRC-000070;SRC-000072;SRC-000113;SRC-000118;SRC-000120;SRC-000121;SRC-000132;SRC-000134;SRC-000173;SRC-000178;SRC-000180;SRC-000181;SRC-000192;SRC-000194;SRC-000018;SRC-000023;SRC-000025;SRC-000026;SRC-000038;SRC-000040;SRC-000082;SRC-000087;SRC-000089;SRC-000090;SRC-000101;SRC-000103;SRC-000143;SRC-000148;SRC-000150;SRC-000151;SRC-000161;SRC-000163	SRC-000087/BLOCK-000510;SRC-000106/BLOCK-000928;SRC-000107/BLOCK-000542;SRC-000118/BLOCK-000511;SRC-000137/BLOCK-000929;SRC-000138/BLOCK-000544;SRC-000178/BLOCK-000513	ERR-104;ERR-110;ERR-113;ERR-120;ERR-122;ERR-127;ERR-128;ERR-130;ERR-103;ERR-106;ERR-107;ERR-108;ERR-112;ERR-114;ERR-115;ERR-116;ERR-117;ERR-119;ERR-121;ERR-124;ERR-125;ERR-101;ERR-102;ERR-105;ERR-109;ERR-111;ERR-118;ERR-123;ERR-129	APB-000013;APB-000017	yes	attachment_update	done	Stage 3 attachment route generated from completed scope row; use exact source blocks and missing-input prompts before item-level production claims.
S3-SCOPE-007	J010	S3-J009	GPTs/attachments/13_isql_iloader_basic_tools.md	13. iSQL, iLoader, and Basic Tools	KAE-BLOCK-000274	hybrid	primary_working_source_after_alignment	aligned	c_cli_odbc_precompiler;dblink_hadoop_external_connectors;isql_iloader;jdbc_java;migration_oracle;spatial_nifi_tableau;utilities_datacompj;release_notes_platform;third_party_guides	7.1;7.1.0.1.2;7.3;7.3.0.0.1;8.1_verified;multi;8.1.0.0.1;Migration Center 7.10;Migration Center 7.11;Migration Center 7.12;Migration Center 7.13;Migration Center 7.14;Migration Center 7.15;Migration Center 7.16;Migration Center 7.17;Migration Center 7.18;Migration Center 7.19;Migration Center 7.9;dataCompJ 7.2	Korean authoritative; English extraction aid; Altibase 8.1 verified source	SRC-000046;SRC-000050;SRC-000052;SRC-000065;SRC-000068;SRC-000053;SRC-000059;SRC-000077;SRC-000078;SRC-000047;SRC-000061;SRC-000048;SRC-000074;SRC-000076;SRC-000450;SRC-000110;SRC-000114;SRC-000116;SRC-000128;SRC-000130;SRC-000117;SRC-000123;SRC-000138;SRC-000139;SRC-000111;SRC-000125;SRC-000112;SRC-000135;SRC-000137;SRC-000451;SRC-000170;SRC-000174;SRC-000176;SRC-000188;SRC-000190;SRC-000177;SRC-000183;SRC-000221;SRC-000198;SRC-000199;SRC-000171;SRC-000185;SRC-000172;SRC-000223;SRC-000195;SRC-000226;SRC-000197;SRC-000222;SRC-000227;SRC-000207;SRC-000473;SRC-000209;SRC-000212;SRC-000470;SRC-000008;SRC-000009;SRC-000010;SRC-000012;SRC-000013;SRC-000014;SRC-000208;SRC-000213;SRC-000452;SRC-000453;SRC-000454;SRC-000455;SRC-000456;SRC-000457;SRC-000458;SRC-000459;SRC-000460;SRC-000461;SRC-000462;SRC-000463;SRC-000471;SRC-000015;SRC-000019;SRC-000021;SRC-000034;SRC-000036;SRC-000022;SRC-000028;SRC-000044;SRC-000045;SRC-000016;SRC-000030;SRC-000017;SRC-000041;SRC-000043;SRC-000427;SRC-000079;SRC-000083;SRC-000085;SRC-000097;SRC-000099;SRC-000086;SRC-000092;SRC-000107;SRC-000108;SRC-000080;SRC-000094;SRC-000081;SRC-000104;SRC-000106;SRC-000428;SRC-000140;SRC-000144;SRC-000146;SRC-000158;SRC-000160;SRC-000147;SRC-000153;SRC-000214;SRC-000167;SRC-000168;SRC-000141;SRC-000155;SRC-000142;SRC-000216;SRC-000164;SRC-000219;SRC-000166;SRC-000215;SRC-000220;SRC-000200;SRC-000202;SRC-000205;SRC-000448;SRC-000002;SRC-000003;SRC-000004;SRC-000005;SRC-000006;SRC-000007;SRC-000201;SRC-000206;SRC-000429;SRC-000430;SRC-000431;SRC-000432;SRC-000433;SRC-000434;SRC-000435;SRC-000436;SRC-000437;SRC-000438;SRC-000439;SRC-000442;SRC-000449	SRC-000087/BLOCK-000510;SRC-000106/BLOCK-000928;SRC-000107/BLOCK-000542;SRC-000118/BLOCK-000511;SRC-000137/BLOCK-000929;SRC-000138/BLOCK-000544;SRC-000178/BLOCK-000513	ERR-104;ERR-110;ERR-113;ERR-120;ERR-122;ERR-127;ERR-128;ERR-130;ERR-103;ERR-106;ERR-107;ERR-108;ERR-112;ERR-114;ERR-115;ERR-116;ERR-117;ERR-119;ERR-121;ERR-124;ERR-125;ERR-101;ERR-102;ERR-105;ERR-109;ERR-111;ERR-118;ERR-123;ERR-129	APB-000013;APB-000017	yes	attachment_update	done	Stage 3 attachment route generated from completed scope row; use exact source blocks and missing-input prompts before item-level production claims.
S3-SCOPE-007	J010	S3-J009	GPTs/attachments/14_utilities_operation_tools.md	14. Operations Utilities	KAE-BLOCK-000144	repo_paired_ko_en	primary_working_source_after_alignment	pending	error_message_reference	7.3	Korean authoritative; English extraction aid	SRC-000118;SRC-000087	SRC-000087/BLOCK-000510;SRC-000106/BLOCK-000928;SRC-000107/BLOCK-000542;SRC-000118/BLOCK-000511;SRC-000137/BLOCK-000929;SRC-000138/BLOCK-000544;SRC-000178/BLOCK-000513	ERR-104;ERR-110;ERR-113;ERR-120;ERR-122;ERR-127;ERR-128;ERR-130;ERR-103;ERR-106;ERR-107;ERR-108;ERR-112;ERR-114;ERR-115;ERR-116;ERR-117;ERR-119;ERR-121;ERR-124;ERR-125;ERR-101;ERR-102;ERR-105;ERR-109;ERR-111;ERR-118;ERR-123;ERR-129	APB-000013;APB-000017	yes	attachment_update	done	Stage 3 attachment route generated from completed scope row; use exact source blocks and missing-input prompts before item-level production claims.
S3-SCOPE-007	J010	S3-J009	GPTs/attachments/14_utilities_operation_tools.md	14. Operations Utilities	KAE-BLOCK-000149	repo_paired_ko_en	primary_working_source_after_alignment	pending	isql_iloader	7.3	Korean authoritative; English extraction aid	SRC-000138;SRC-000107	SRC-000087/BLOCK-000510;SRC-000106/BLOCK-000928;SRC-000107/BLOCK-000542;SRC-000118/BLOCK-000511;SRC-000137/BLOCK-000929;SRC-000138/BLOCK-000544;SRC-000178/BLOCK-000513	ERR-104;ERR-110;ERR-113;ERR-120;ERR-122;ERR-127;ERR-128;ERR-130;ERR-103;ERR-106;ERR-107;ERR-108;ERR-112;ERR-114;ERR-115;ERR-116;ERR-117;ERR-119;ERR-121;ERR-124;ERR-125;ERR-101;ERR-102;ERR-105;ERR-109;ERR-111;ERR-118;ERR-123;ERR-129	APB-000013;APB-000017	yes	attachment_update	done	Stage 3 attachment route generated from completed scope row; use exact source blocks and missing-input prompts before item-level production claims.
S3-SCOPE-007	J010	S3-J009	GPTs/attachments/14_utilities_operation_tools.md	14. Operations Utilities	KAE-BLOCK-000170	repo_paired_ko_en	primary_working_source_after_alignment	pending	utilities_datacompj	7.3	Korean authoritative; English extraction aid	SRC-000137;SRC-000106	SRC-000087/BLOCK-000510;SRC-000106/BLOCK-000928;SRC-000107/BLOCK-000542;SRC-000118/BLOCK-000511;SRC-000137/BLOCK-000929;SRC-000138/BLOCK-000544;SRC-000178/BLOCK-000513	ERR-104;ERR-110;ERR-113;ERR-120;ERR-122;ERR-127;ERR-128;ERR-130;ERR-103;ERR-106;ERR-107;ERR-108;ERR-112;ERR-114;ERR-115;ERR-116;ERR-117;ERR-119;ERR-121;ERR-124;ERR-125;ERR-101;ERR-102;ERR-105;ERR-109;ERR-111;ERR-118;ERR-123;ERR-129	APB-000013;APB-000017	yes	attachment_update	done	Stage 3 attachment route generated from completed scope row; use exact source blocks and missing-input prompts before item-level production claims.
S3-SCOPE-007	J010	S3-J009	GPTs/attachments/14_utilities_operation_tools.md	14. Operations Utilities	KAE-BLOCK-000200	repo_paired_ko_en	primary_working_source_after_alignment	pending	error_message_reference	8.1_verified	Korean authoritative; Altibase 8.1 verified source; English extraction aid	SRC-000178;SRC-000148	SRC-000087/BLOCK-000510;SRC-000106/BLOCK-000928;SRC-000107/BLOCK-000542;SRC-000118/BLOCK-000511;SRC-000137/BLOCK-000929;SRC-000138/BLOCK-000544;SRC-000178/BLOCK-000513	ERR-104;ERR-110;ERR-113;ERR-120;ERR-122;ERR-127;ERR-128;ERR-130;ERR-103;ERR-106;ERR-107;ERR-108;ERR-112;ERR-114;ERR-115;ERR-116;ERR-117;ERR-119;ERR-121;ERR-124;ERR-125;ERR-101;ERR-102;ERR-105;ERR-109;ERR-111;ERR-118;ERR-123;ERR-129	APB-000013;APB-000017	yes	attachment_update	done	Stage 3 attachment route generated from completed scope row; use exact source blocks and missing-input prompts before item-level production claims.
S3-SCOPE-007	J010	S3-J009	GPTs/attachments/14_utilities_operation_tools.md	14. Operations Utilities	KAE-BLOCK-000273	hybrid	primary_working_source_after_alignment	aligned	administrator_operations;error_message_reference;general_reference_1_datatypes_properties;general_reference_2_dictionary_views;replication_manual;sql_reference	7.1;7.3;8.1_verified	Korean authoritative; English extraction aid; Altibase 8.1 verified source	SRC-000049;SRC-000054;SRC-000056;SRC-000057;SRC-000070;SRC-000072;SRC-000113;SRC-000118;SRC-000120;SRC-000121;SRC-000132;SRC-000134;SRC-000173;SRC-000178;SRC-000180;SRC-000181;SRC-000192;SRC-000194;SRC-000018;SRC-000023;SRC-000025;SRC-000026;SRC-000038;SRC-000040;SRC-000082;SRC-000087;SRC-000089;SRC-000090;SRC-000101;SRC-000103;SRC-000143;SRC-000148;SRC-000150;SRC-000151;SRC-000161;SRC-000163	SRC-000087/BLOCK-000510;SRC-000106/BLOCK-000928;SRC-000107/BLOCK-000542;SRC-000118/BLOCK-000511;SRC-000137/BLOCK-000929;SRC-000138/BLOCK-000544;SRC-000178/BLOCK-000513	ERR-104;ERR-110;ERR-113;ERR-120;ERR-122;ERR-127;ERR-128;ERR-130;ERR-103;ERR-106;ERR-107;ERR-108;ERR-112;ERR-114;ERR-115;ERR-116;ERR-117;ERR-119;ERR-121;ERR-124;ERR-125;ERR-101;ERR-102;ERR-105;ERR-109;ERR-111;ERR-118;ERR-123;ERR-129	APB-000013;APB-000017	yes	attachment_update	done	Stage 3 attachment route generated from completed scope row; use exact source blocks and missing-input prompts before item-level production claims.
S3-SCOPE-007	J010	S3-J009	GPTs/attachments/14_utilities_operation_tools.md	14. Operations Utilities	KAE-BLOCK-000274	hybrid	primary_working_source_after_alignment	aligned	c_cli_odbc_precompiler;dblink_hadoop_external_connectors;isql_iloader;jdbc_java;migration_oracle;spatial_nifi_tableau;utilities_datacompj;release_notes_platform;third_party_guides	7.1;7.1.0.1.2;7.3;7.3.0.0.1;8.1_verified;multi;8.1.0.0.1;Migration Center 7.10;Migration Center 7.11;Migration Center 7.12;Migration Center 7.13;Migration Center 7.14;Migration Center 7.15;Migration Center 7.16;Migration Center 7.17;Migration Center 7.18;Migration Center 7.19;Migration Center 7.9;dataCompJ 7.2	Korean authoritative; English extraction aid; Altibase 8.1 verified source	SRC-000046;SRC-000050;SRC-000052;SRC-000065;SRC-000068;SRC-000053;SRC-000059;SRC-000077;SRC-000078;SRC-000047;SRC-000061;SRC-000048;SRC-000074;SRC-000076;SRC-000450;SRC-000110;SRC-000114;SRC-000116;SRC-000128;SRC-000130;SRC-000117;SRC-000123;SRC-000138;SRC-000139;SRC-000111;SRC-000125;SRC-000112;SRC-000135;SRC-000137;SRC-000451;SRC-000170;SRC-000174;SRC-000176;SRC-000188;SRC-000190;SRC-000177;SRC-000183;SRC-000221;SRC-000198;SRC-000199;SRC-000171;SRC-000185;SRC-000172;SRC-000223;SRC-000195;SRC-000226;SRC-000197;SRC-000222;SRC-000227;SRC-000207;SRC-000473;SRC-000209;SRC-000212;SRC-000470;SRC-000008;SRC-000009;SRC-000010;SRC-000012;SRC-000013;SRC-000014;SRC-000208;SRC-000213;SRC-000452;SRC-000453;SRC-000454;SRC-000455;SRC-000456;SRC-000457;SRC-000458;SRC-000459;SRC-000460;SRC-000461;SRC-000462;SRC-000463;SRC-000471;SRC-000015;SRC-000019;SRC-000021;SRC-000034;SRC-000036;SRC-000022;SRC-000028;SRC-000044;SRC-000045;SRC-000016;SRC-000030;SRC-000017;SRC-000041;SRC-000043;SRC-000427;SRC-000079;SRC-000083;SRC-000085;SRC-000097;SRC-000099;SRC-000086;SRC-000092;SRC-000107;SRC-000108;SRC-000080;SRC-000094;SRC-000081;SRC-000104;SRC-000106;SRC-000428;SRC-000140;SRC-000144;SRC-000146;SRC-000158;SRC-000160;SRC-000147;SRC-000153;SRC-000214;SRC-000167;SRC-000168;SRC-000141;SRC-000155;SRC-000142;SRC-000216;SRC-000164;SRC-000219;SRC-000166;SRC-000215;SRC-000220;SRC-000200;SRC-000202;SRC-000205;SRC-000448;SRC-000002;SRC-000003;SRC-000004;SRC-000005;SRC-000006;SRC-000007;SRC-000201;SRC-000206;SRC-000429;SRC-000430;SRC-000431;SRC-000432;SRC-000433;SRC-000434;SRC-000435;SRC-000436;SRC-000437;SRC-000438;SRC-000439;SRC-000442;SRC-000449	SRC-000087/BLOCK-000510;SRC-000106/BLOCK-000928;SRC-000107/BLOCK-000542;SRC-000118/BLOCK-000511;SRC-000137/BLOCK-000929;SRC-000138/BLOCK-000544;SRC-000178/BLOCK-000513	ERR-104;ERR-110;ERR-113;ERR-120;ERR-122;ERR-127;ERR-128;ERR-130;ERR-103;ERR-106;ERR-107;ERR-108;ERR-112;ERR-114;ERR-115;ERR-116;ERR-117;ERR-119;ERR-121;ERR-124;ERR-125;ERR-101;ERR-102;ERR-105;ERR-109;ERR-111;ERR-118;ERR-123;ERR-129	APB-000013;APB-000017	yes	attachment_update	done	Stage 3 attachment route generated from completed scope row; use exact source blocks and missing-input prompts before item-level production claims.
S3-SCOPE-008	J011	S3-J010	GPTs/attachments/01_getting_started_installation.md	01. Getting Started and Installation	KAE-BLOCK-000001	repo_paired_ko_en	primary_working_source_after_alignment	pending	administrator_operations	7.1	Korean authoritative; English extraction aid	SRC-000049;SRC-000018	SRC-000049/BLOCK-000002;SRC-000060/BLOCK-000529;SRC-000113/BLOCK-000004;SRC-000124/BLOCK-000533;SRC-000173/BLOCK-000006;SRC-000181/BLOCK-000525;SRC-000194/BLOCK-000888	OPS-102;OPS-105;OPS-126;OPS-128;OPS-130;OPS-131;OPS-101;OPS-107;OPS-108	APB-000001;APB-000011;APB-000016;APB-000017	no	attachment_update	done	Stage 3 attachment route generated from completed scope row; use exact source blocks and missing-input prompts before item-level production claims.
S3-SCOPE-008	J011	S3-J010	GPTs/attachments/01_getting_started_installation.md	01. Getting Started and Installation	KAE-BLOCK-000013	repo_paired_ko_en	primary_working_source_after_alignment	pending	getting_started_installation	7.1	Korean authoritative; English extraction aid	SRC-000060;SRC-000029	SRC-000049/BLOCK-000002;SRC-000060/BLOCK-000529;SRC-000113/BLOCK-000004;SRC-000124/BLOCK-000533;SRC-000173/BLOCK-000006;SRC-000181/BLOCK-000525;SRC-000194/BLOCK-000888	OPS-102;OPS-105;OPS-126;OPS-128;OPS-130;OPS-131;OPS-101;OPS-107;OPS-108	APB-000001;APB-000011;APB-000016;APB-000017	no	attachment_update	done	Stage 3 attachment route generated from completed scope row; use exact source blocks and missing-input prompts before item-level production claims.
S3-SCOPE-008	J011	S3-J010	GPTs/attachments/01_getting_started_installation.md	01. Getting Started and Installation	KAE-BLOCK-000136	repo_paired_ko_en	primary_working_source_after_alignment	pending	administrator_operations	7.3	Korean authoritative; English extraction aid	SRC-000113;SRC-000082	SRC-000049/BLOCK-000002;SRC-000060/BLOCK-000529;SRC-000113/BLOCK-000004;SRC-000124/BLOCK-000533;SRC-000173/BLOCK-000006;SRC-000181/BLOCK-000525;SRC-000194/BLOCK-000888	OPS-102;OPS-105;OPS-126;OPS-128;OPS-130;OPS-131;OPS-101;OPS-107;OPS-108	APB-000001;APB-000011;APB-000016;APB-000017	no	attachment_update	done	Stage 3 attachment route generated from completed scope row; use exact source blocks and missing-input prompts before item-level production claims.
S3-SCOPE-008	J011	S3-J010	GPTs/attachments/01_getting_started_installation.md	01. Getting Started and Installation	KAE-BLOCK-000148	repo_paired_ko_en	primary_working_source_after_alignment	pending	getting_started_installation	7.3	Korean authoritative; English extraction aid	SRC-000124;SRC-000093	SRC-000049/BLOCK-000002;SRC-000060/BLOCK-000529;SRC-000113/BLOCK-000004;SRC-000124/BLOCK-000533;SRC-000173/BLOCK-000006;SRC-000181/BLOCK-000525;SRC-000194/BLOCK-000888	OPS-102;OPS-105;OPS-126;OPS-128;OPS-130;OPS-131;OPS-101;OPS-107;OPS-108	APB-000001;APB-000011;APB-000016;APB-000017	no	attachment_update	done	Stage 3 attachment route generated from completed scope row; use exact source blocks and missing-input prompts before item-level production claims.
S3-SCOPE-008	J011	S3-J010	GPTs/attachments/01_getting_started_installation.md	01. Getting Started and Installation	KAE-BLOCK-000191	repo_paired_ko_en	primary_working_source_after_alignment	pending	administrator_operations	8.1_verified	Korean authoritative; Altibase 8.1 verified source; English extraction aid	SRC-000173;SRC-000143	SRC-000049/BLOCK-000002;SRC-000060/BLOCK-000529;SRC-000113/BLOCK-000004;SRC-000124/BLOCK-000533;SRC-000173/BLOCK-000006;SRC-000181/BLOCK-000525;SRC-000194/BLOCK-000888	OPS-102;OPS-105;OPS-126;OPS-128;OPS-130;OPS-131;OPS-101;OPS-107;OPS-108	APB-000001;APB-000011;APB-000016;APB-000017	no	attachment_update	done	Stage 3 attachment route generated from completed scope row; use exact source blocks and missing-input prompts before item-level production claims.
S3-SCOPE-008	J011	S3-J010	GPTs/attachments/01_getting_started_installation.md	01. Getting Started and Installation	KAE-BLOCK-000202	repo_paired_ko_en	primary_working_source_after_alignment	pending	general_reference_2_dictionary_views	8.1_verified	Korean authoritative; Altibase 8.1 verified source; English extraction aid	SRC-000181;SRC-000151	SRC-000049/BLOCK-000002;SRC-000060/BLOCK-000529;SRC-000113/BLOCK-000004;SRC-000124/BLOCK-000533;SRC-000173/BLOCK-000006;SRC-000181/BLOCK-000525;SRC-000194/BLOCK-000888	OPS-102;OPS-105;OPS-126;OPS-128;OPS-130;OPS-131;OPS-101;OPS-107;OPS-108	APB-000001;APB-000011;APB-000016;APB-000017	no	attachment_update	done	Stage 3 attachment route generated from completed scope row; use exact source blocks and missing-input prompts before item-level production claims.
S3-SCOPE-008	J011	S3-J010	GPTs/attachments/01_getting_started_installation.md	01. Getting Started and Installation	KAE-BLOCK-000223	repo_paired_ko_en	primary_working_source_after_alignment	pending	sql_reference	8.1_verified	Korean authoritative; Altibase 8.1 verified source; English extraction aid	SRC-000194;SRC-000163	SRC-000049/BLOCK-000002;SRC-000060/BLOCK-000529;SRC-000113/BLOCK-000004;SRC-000124/BLOCK-000533;SRC-000173/BLOCK-000006;SRC-000181/BLOCK-000525;SRC-000194/BLOCK-000888	OPS-102;OPS-105;OPS-126;OPS-128;OPS-130;OPS-131;OPS-101;OPS-107;OPS-108	APB-000001;APB-000011;APB-000016;APB-000017	no	attachment_update	done	Stage 3 attachment route generated from completed scope row; use exact source blocks and missing-input prompts before item-level production claims.
S3-SCOPE-008	J011	S3-J010	GPTs/attachments/01_getting_started_installation.md	01. Getting Started and Installation	KAE-BLOCK-000272	hybrid	primary_working_source_after_alignment	aligned	administrator_operations;general_reference_1_datatypes_properties;getting_started_installation;replication_manual;security_ssl_tls;sql_reference	7.1;7.3;8.1_verified	Korean authoritative; English extraction aid; Altibase 8.1 verified source	SRC-000049;SRC-000056;SRC-000058;SRC-000060;SRC-000070;SRC-000051;SRC-000072;SRC-000113;SRC-000120;SRC-000122;SRC-000124;SRC-000132;SRC-000115;SRC-000134;SRC-000173;SRC-000180;SRC-000182;SRC-000184;SRC-000192;SRC-000175;SRC-000194;SRC-000018;SRC-000025;SRC-000027;SRC-000029;SRC-000038;SRC-000020;SRC-000040;SRC-000082;SRC-000089;SRC-000091;SRC-000093;SRC-000101;SRC-000084;SRC-000103;SRC-000143;SRC-000150;SRC-000152;SRC-000154;SRC-000161;SRC-000145;SRC-000163	SRC-000049/BLOCK-000002;SRC-000060/BLOCK-000529;SRC-000113/BLOCK-000004;SRC-000124/BLOCK-000533;SRC-000173/BLOCK-000006;SRC-000181/BLOCK-000525;SRC-000194/BLOCK-000888	OPS-102;OPS-105;OPS-126;OPS-128;OPS-130;OPS-131;OPS-101;OPS-107;OPS-108	APB-000001;APB-000011;APB-000016;APB-000017	no	attachment_update	done	Stage 3 attachment route generated from completed scope row; use exact source blocks and missing-input prompts before item-level production claims.
S3-SCOPE-008	J011	S3-J010	GPTs/attachments/01_getting_started_installation.md	01. Getting Started and Installation	KAE-BLOCK-000273	hybrid	primary_working_source_after_alignment	aligned	administrator_operations;error_message_reference;general_reference_1_datatypes_properties;general_reference_2_dictionary_views;replication_manual;sql_reference	7.1;7.3;8.1_verified	Korean authoritative; English extraction aid; Altibase 8.1 verified source	SRC-000049;SRC-000054;SRC-000056;SRC-000057;SRC-000070;SRC-000072;SRC-000113;SRC-000118;SRC-000120;SRC-000121;SRC-000132;SRC-000134;SRC-000173;SRC-000178;SRC-000180;SRC-000181;SRC-000192;SRC-000194;SRC-000018;SRC-000023;SRC-000025;SRC-000026;SRC-000038;SRC-000040;SRC-000082;SRC-000087;SRC-000089;SRC-000090;SRC-000101;SRC-000103;SRC-000143;SRC-000148;SRC-000150;SRC-000151;SRC-000161;SRC-000163	SRC-000049/BLOCK-000002;SRC-000060/BLOCK-000529;SRC-000113/BLOCK-000004;SRC-000124/BLOCK-000533;SRC-000173/BLOCK-000006;SRC-000181/BLOCK-000525;SRC-000194/BLOCK-000888	OPS-102;OPS-105;OPS-126;OPS-128;OPS-130;OPS-131;OPS-101;OPS-107;OPS-108	APB-000001;APB-000011;APB-000016;APB-000017	no	attachment_update	done	Stage 3 attachment route generated from completed scope row; use exact source blocks and missing-input prompts before item-level production claims.
S3-SCOPE-008	J011	S3-J010	GPTs/attachments/02_administration_operations.md	02. Administration and Operations	KAE-BLOCK-000001	repo_paired_ko_en	primary_working_source_after_alignment	pending	administrator_operations	7.1	Korean authoritative; English extraction aid	SRC-000049;SRC-000018	SRC-000049/BLOCK-000002;SRC-000060/BLOCK-000529;SRC-000113/BLOCK-000004;SRC-000124/BLOCK-000533;SRC-000173/BLOCK-000006;SRC-000181/BLOCK-000525;SRC-000194/BLOCK-000888	OPS-102;OPS-105;OPS-126;OPS-128;OPS-130;OPS-131;OPS-101;OPS-107;OPS-108	APB-000001;APB-000011;APB-000016;APB-000017	no	attachment_update	done	Stage 3 attachment route generated from completed scope row; use exact source blocks and missing-input prompts before item-level production claims.
S3-SCOPE-008	J011	S3-J010	GPTs/attachments/02_administration_operations.md	02. Administration and Operations	KAE-BLOCK-000013	repo_paired_ko_en	primary_working_source_after_alignment	pending	getting_started_installation	7.1	Korean authoritative; English extraction aid	SRC-000060;SRC-000029	SRC-000049/BLOCK-000002;SRC-000060/BLOCK-000529;SRC-000113/BLOCK-000004;SRC-000124/BLOCK-000533;SRC-000173/BLOCK-000006;SRC-000181/BLOCK-000525;SRC-000194/BLOCK-000888	OPS-102;OPS-105;OPS-126;OPS-128;OPS-130;OPS-131;OPS-101;OPS-107;OPS-108	APB-000001;APB-000011;APB-000016;APB-000017	no	attachment_update	done	Stage 3 attachment route generated from completed scope row; use exact source blocks and missing-input prompts before item-level production claims.
S3-SCOPE-008	J011	S3-J010	GPTs/attachments/02_administration_operations.md	02. Administration and Operations	KAE-BLOCK-000136	repo_paired_ko_en	primary_working_source_after_alignment	pending	administrator_operations	7.3	Korean authoritative; English extraction aid	SRC-000113;SRC-000082	SRC-000049/BLOCK-000002;SRC-000060/BLOCK-000529;SRC-000113/BLOCK-000004;SRC-000124/BLOCK-000533;SRC-000173/BLOCK-000006;SRC-000181/BLOCK-000525;SRC-000194/BLOCK-000888	OPS-102;OPS-105;OPS-126;OPS-128;OPS-130;OPS-131;OPS-101;OPS-107;OPS-108	APB-000001;APB-000011;APB-000016;APB-000017	no	attachment_update	done	Stage 3 attachment route generated from completed scope row; use exact source blocks and missing-input prompts before item-level production claims.
S3-SCOPE-008	J011	S3-J010	GPTs/attachments/02_administration_operations.md	02. Administration and Operations	KAE-BLOCK-000148	repo_paired_ko_en	primary_working_source_after_alignment	pending	getting_started_installation	7.3	Korean authoritative; English extraction aid	SRC-000124;SRC-000093	SRC-000049/BLOCK-000002;SRC-000060/BLOCK-000529;SRC-000113/BLOCK-000004;SRC-000124/BLOCK-000533;SRC-000173/BLOCK-000006;SRC-000181/BLOCK-000525;SRC-000194/BLOCK-000888	OPS-102;OPS-105;OPS-126;OPS-128;OPS-130;OPS-131;OPS-101;OPS-107;OPS-108	APB-000001;APB-000011;APB-000016;APB-000017	no	attachment_update	done	Stage 3 attachment route generated from completed scope row; use exact source blocks and missing-input prompts before item-level production claims.
S3-SCOPE-008	J011	S3-J010	GPTs/attachments/02_administration_operations.md	02. Administration and Operations	KAE-BLOCK-000191	repo_paired_ko_en	primary_working_source_after_alignment	pending	administrator_operations	8.1_verified	Korean authoritative; Altibase 8.1 verified source; English extraction aid	SRC-000173;SRC-000143	SRC-000049/BLOCK-000002;SRC-000060/BLOCK-000529;SRC-000113/BLOCK-000004;SRC-000124/BLOCK-000533;SRC-000173/BLOCK-000006;SRC-000181/BLOCK-000525;SRC-000194/BLOCK-000888	OPS-102;OPS-105;OPS-126;OPS-128;OPS-130;OPS-131;OPS-101;OPS-107;OPS-108	APB-000001;APB-000011;APB-000016;APB-000017	no	attachment_update	done	Stage 3 attachment route generated from completed scope row; use exact source blocks and missing-input prompts before item-level production claims.
S3-SCOPE-008	J011	S3-J010	GPTs/attachments/02_administration_operations.md	02. Administration and Operations	KAE-BLOCK-000202	repo_paired_ko_en	primary_working_source_after_alignment	pending	general_reference_2_dictionary_views	8.1_verified	Korean authoritative; Altibase 8.1 verified source; English extraction aid	SRC-000181;SRC-000151	SRC-000049/BLOCK-000002;SRC-000060/BLOCK-000529;SRC-000113/BLOCK-000004;SRC-000124/BLOCK-000533;SRC-000173/BLOCK-000006;SRC-000181/BLOCK-000525;SRC-000194/BLOCK-000888	OPS-102;OPS-105;OPS-126;OPS-128;OPS-130;OPS-131;OPS-101;OPS-107;OPS-108	APB-000001;APB-000011;APB-000016;APB-000017	no	attachment_update	done	Stage 3 attachment route generated from completed scope row; use exact source blocks and missing-input prompts before item-level production claims.
S3-SCOPE-008	J011	S3-J010	GPTs/attachments/02_administration_operations.md	02. Administration and Operations	KAE-BLOCK-000223	repo_paired_ko_en	primary_working_source_after_alignment	pending	sql_reference	8.1_verified	Korean authoritative; Altibase 8.1 verified source; English extraction aid	SRC-000194;SRC-000163	SRC-000049/BLOCK-000002;SRC-000060/BLOCK-000529;SRC-000113/BLOCK-000004;SRC-000124/BLOCK-000533;SRC-000173/BLOCK-000006;SRC-000181/BLOCK-000525;SRC-000194/BLOCK-000888	OPS-102;OPS-105;OPS-126;OPS-128;OPS-130;OPS-131;OPS-101;OPS-107;OPS-108	APB-000001;APB-000011;APB-000016;APB-000017	no	attachment_update	done	Stage 3 attachment route generated from completed scope row; use exact source blocks and missing-input prompts before item-level production claims.
S3-SCOPE-008	J011	S3-J010	GPTs/attachments/02_administration_operations.md	02. Administration and Operations	KAE-BLOCK-000272	hybrid	primary_working_source_after_alignment	aligned	administrator_operations;general_reference_1_datatypes_properties;getting_started_installation;replication_manual;security_ssl_tls;sql_reference	7.1;7.3;8.1_verified	Korean authoritative; English extraction aid; Altibase 8.1 verified source	SRC-000049;SRC-000056;SRC-000058;SRC-000060;SRC-000070;SRC-000051;SRC-000072;SRC-000113;SRC-000120;SRC-000122;SRC-000124;SRC-000132;SRC-000115;SRC-000134;SRC-000173;SRC-000180;SRC-000182;SRC-000184;SRC-000192;SRC-000175;SRC-000194;SRC-000018;SRC-000025;SRC-000027;SRC-000029;SRC-000038;SRC-000020;SRC-000040;SRC-000082;SRC-000089;SRC-000091;SRC-000093;SRC-000101;SRC-000084;SRC-000103;SRC-000143;SRC-000150;SRC-000152;SRC-000154;SRC-000161;SRC-000145;SRC-000163	SRC-000049/BLOCK-000002;SRC-000060/BLOCK-000529;SRC-000113/BLOCK-000004;SRC-000124/BLOCK-000533;SRC-000173/BLOCK-000006;SRC-000181/BLOCK-000525;SRC-000194/BLOCK-000888	OPS-102;OPS-105;OPS-126;OPS-128;OPS-130;OPS-131;OPS-101;OPS-107;OPS-108	APB-000001;APB-000011;APB-000016;APB-000017	no	attachment_update	done	Stage 3 attachment route generated from completed scope row; use exact source blocks and missing-input prompts before item-level production claims.
S3-SCOPE-008	J011	S3-J010	GPTs/attachments/02_administration_operations.md	02. Administration and Operations	KAE-BLOCK-000273	hybrid	primary_working_source_after_alignment	aligned	administrator_operations;error_message_reference;general_reference_1_datatypes_properties;general_reference_2_dictionary_views;replication_manual;sql_reference	7.1;7.3;8.1_verified	Korean authoritative; English extraction aid; Altibase 8.1 verified source	SRC-000049;SRC-000054;SRC-000056;SRC-000057;SRC-000070;SRC-000072;SRC-000113;SRC-000118;SRC-000120;SRC-000121;SRC-000132;SRC-000134;SRC-000173;SRC-000178;SRC-000180;SRC-000181;SRC-000192;SRC-000194;SRC-000018;SRC-000023;SRC-000025;SRC-000026;SRC-000038;SRC-000040;SRC-000082;SRC-000087;SRC-000089;SRC-000090;SRC-000101;SRC-000103;SRC-000143;SRC-000148;SRC-000150;SRC-000151;SRC-000161;SRC-000163	SRC-000049/BLOCK-000002;SRC-000060/BLOCK-000529;SRC-000113/BLOCK-000004;SRC-000124/BLOCK-000533;SRC-000173/BLOCK-000006;SRC-000181/BLOCK-000525;SRC-000194/BLOCK-000888	OPS-102;OPS-105;OPS-126;OPS-128;OPS-130;OPS-131;OPS-101;OPS-107;OPS-108	APB-000001;APB-000011;APB-000016;APB-000017	no	attachment_update	done	Stage 3 attachment route generated from completed scope row; use exact source blocks and missing-input prompts before item-level production claims.
S3-SCOPE-008	J011	S3-J010	GPTs/attachments/13_isql_iloader_basic_tools.md	13. iSQL, iLoader, and Basic Tools	KAE-BLOCK-000001	repo_paired_ko_en	primary_working_source_after_alignment	pending	administrator_operations	7.1	Korean authoritative; English extraction aid	SRC-000049;SRC-000018	SRC-000049/BLOCK-000002;SRC-000060/BLOCK-000529;SRC-000113/BLOCK-000004;SRC-000124/BLOCK-000533;SRC-000173/BLOCK-000006;SRC-000181/BLOCK-000525;SRC-000194/BLOCK-000888	OPS-102;OPS-105;OPS-126;OPS-128;OPS-130;OPS-131;OPS-101;OPS-107;OPS-108	APB-000001;APB-000011;APB-000016;APB-000017	no	attachment_update	done	Stage 3 attachment route generated from completed scope row; use exact source blocks and missing-input prompts before item-level production claims.
S3-SCOPE-008	J011	S3-J010	GPTs/attachments/13_isql_iloader_basic_tools.md	13. iSQL, iLoader, and Basic Tools	KAE-BLOCK-000013	repo_paired_ko_en	primary_working_source_after_alignment	pending	getting_started_installation	7.1	Korean authoritative; English extraction aid	SRC-000060;SRC-000029	SRC-000049/BLOCK-000002;SRC-000060/BLOCK-000529;SRC-000113/BLOCK-000004;SRC-000124/BLOCK-000533;SRC-000173/BLOCK-000006;SRC-000181/BLOCK-000525;SRC-000194/BLOCK-000888	OPS-102;OPS-105;OPS-126;OPS-128;OPS-130;OPS-131;OPS-101;OPS-107;OPS-108	APB-000001;APB-000011;APB-000016;APB-000017	no	attachment_update	done	Stage 3 attachment route generated from completed scope row; use exact source blocks and missing-input prompts before item-level production claims.
S3-SCOPE-008	J011	S3-J010	GPTs/attachments/13_isql_iloader_basic_tools.md	13. iSQL, iLoader, and Basic Tools	KAE-BLOCK-000136	repo_paired_ko_en	primary_working_source_after_alignment	pending	administrator_operations	7.3	Korean authoritative; English extraction aid	SRC-000113;SRC-000082	SRC-000049/BLOCK-000002;SRC-000060/BLOCK-000529;SRC-000113/BLOCK-000004;SRC-000124/BLOCK-000533;SRC-000173/BLOCK-000006;SRC-000181/BLOCK-000525;SRC-000194/BLOCK-000888	OPS-102;OPS-105;OPS-126;OPS-128;OPS-130;OPS-131;OPS-101;OPS-107;OPS-108	APB-000001;APB-000011;APB-000016;APB-000017	no	attachment_update	done	Stage 3 attachment route generated from completed scope row; use exact source blocks and missing-input prompts before item-level production claims.
S3-SCOPE-008	J011	S3-J010	GPTs/attachments/13_isql_iloader_basic_tools.md	13. iSQL, iLoader, and Basic Tools	KAE-BLOCK-000148	repo_paired_ko_en	primary_working_source_after_alignment	pending	getting_started_installation	7.3	Korean authoritative; English extraction aid	SRC-000124;SRC-000093	SRC-000049/BLOCK-000002;SRC-000060/BLOCK-000529;SRC-000113/BLOCK-000004;SRC-000124/BLOCK-000533;SRC-000173/BLOCK-000006;SRC-000181/BLOCK-000525;SRC-000194/BLOCK-000888	OPS-102;OPS-105;OPS-126;OPS-128;OPS-130;OPS-131;OPS-101;OPS-107;OPS-108	APB-000001;APB-000011;APB-000016;APB-000017	no	attachment_update	done	Stage 3 attachment route generated from completed scope row; use exact source blocks and missing-input prompts before item-level production claims.
S3-SCOPE-008	J011	S3-J010	GPTs/attachments/13_isql_iloader_basic_tools.md	13. iSQL, iLoader, and Basic Tools	KAE-BLOCK-000191	repo_paired_ko_en	primary_working_source_after_alignment	pending	administrator_operations	8.1_verified	Korean authoritative; Altibase 8.1 verified source; English extraction aid	SRC-000173;SRC-000143	SRC-000049/BLOCK-000002;SRC-000060/BLOCK-000529;SRC-000113/BLOCK-000004;SRC-000124/BLOCK-000533;SRC-000173/BLOCK-000006;SRC-000181/BLOCK-000525;SRC-000194/BLOCK-000888	OPS-102;OPS-105;OPS-126;OPS-128;OPS-130;OPS-131;OPS-101;OPS-107;OPS-108	APB-000001;APB-000011;APB-000016;APB-000017	no	attachment_update	done	Stage 3 attachment route generated from completed scope row; use exact source blocks and missing-input prompts before item-level production claims.
S3-SCOPE-008	J011	S3-J010	GPTs/attachments/13_isql_iloader_basic_tools.md	13. iSQL, iLoader, and Basic Tools	KAE-BLOCK-000202	repo_paired_ko_en	primary_working_source_after_alignment	pending	general_reference_2_dictionary_views	8.1_verified	Korean authoritative; Altibase 8.1 verified source; English extraction aid	SRC-000181;SRC-000151	SRC-000049/BLOCK-000002;SRC-000060/BLOCK-000529;SRC-000113/BLOCK-000004;SRC-000124/BLOCK-000533;SRC-000173/BLOCK-000006;SRC-000181/BLOCK-000525;SRC-000194/BLOCK-000888	OPS-102;OPS-105;OPS-126;OPS-128;OPS-130;OPS-131;OPS-101;OPS-107;OPS-108	APB-000001;APB-000011;APB-000016;APB-000017	no	attachment_update	done	Stage 3 attachment route generated from completed scope row; use exact source blocks and missing-input prompts before item-level production claims.
S3-SCOPE-008	J011	S3-J010	GPTs/attachments/13_isql_iloader_basic_tools.md	13. iSQL, iLoader, and Basic Tools	KAE-BLOCK-000223	repo_paired_ko_en	primary_working_source_after_alignment	pending	sql_reference	8.1_verified	Korean authoritative; Altibase 8.1 verified source; English extraction aid	SRC-000194;SRC-000163	SRC-000049/BLOCK-000002;SRC-000060/BLOCK-000529;SRC-000113/BLOCK-000004;SRC-000124/BLOCK-000533;SRC-000173/BLOCK-000006;SRC-000181/BLOCK-000525;SRC-000194/BLOCK-000888	OPS-102;OPS-105;OPS-126;OPS-128;OPS-130;OPS-131;OPS-101;OPS-107;OPS-108	APB-000001;APB-000011;APB-000016;APB-000017	no	attachment_update	done	Stage 3 attachment route generated from completed scope row; use exact source blocks and missing-input prompts before item-level production claims.
S3-SCOPE-008	J011	S3-J010	GPTs/attachments/13_isql_iloader_basic_tools.md	13. iSQL, iLoader, and Basic Tools	KAE-BLOCK-000272	hybrid	primary_working_source_after_alignment	aligned	administrator_operations;general_reference_1_datatypes_properties;getting_started_installation;replication_manual;security_ssl_tls;sql_reference	7.1;7.3;8.1_verified	Korean authoritative; English extraction aid; Altibase 8.1 verified source	SRC-000049;SRC-000056;SRC-000058;SRC-000060;SRC-000070;SRC-000051;SRC-000072;SRC-000113;SRC-000120;SRC-000122;SRC-000124;SRC-000132;SRC-000115;SRC-000134;SRC-000173;SRC-000180;SRC-000182;SRC-000184;SRC-000192;SRC-000175;SRC-000194;SRC-000018;SRC-000025;SRC-000027;SRC-000029;SRC-000038;SRC-000020;SRC-000040;SRC-000082;SRC-000089;SRC-000091;SRC-000093;SRC-000101;SRC-000084;SRC-000103;SRC-000143;SRC-000150;SRC-000152;SRC-000154;SRC-000161;SRC-000145;SRC-000163	SRC-000049/BLOCK-000002;SRC-000060/BLOCK-000529;SRC-000113/BLOCK-000004;SRC-000124/BLOCK-000533;SRC-000173/BLOCK-000006;SRC-000181/BLOCK-000525;SRC-000194/BLOCK-000888	OPS-102;OPS-105;OPS-126;OPS-128;OPS-130;OPS-131;OPS-101;OPS-107;OPS-108	APB-000001;APB-000011;APB-000016;APB-000017	no	attachment_update	done	Stage 3 attachment route generated from completed scope row; use exact source blocks and missing-input prompts before item-level production claims.
S3-SCOPE-008	J011	S3-J010	GPTs/attachments/13_isql_iloader_basic_tools.md	13. iSQL, iLoader, and Basic Tools	KAE-BLOCK-000273	hybrid	primary_working_source_after_alignment	aligned	administrator_operations;error_message_reference;general_reference_1_datatypes_properties;general_reference_2_dictionary_views;replication_manual;sql_reference	7.1;7.3;8.1_verified	Korean authoritative; English extraction aid; Altibase 8.1 verified source	SRC-000049;SRC-000054;SRC-000056;SRC-000057;SRC-000070;SRC-000072;SRC-000113;SRC-000118;SRC-000120;SRC-000121;SRC-000132;SRC-000134;SRC-000173;SRC-000178;SRC-000180;SRC-000181;SRC-000192;SRC-000194;SRC-000018;SRC-000023;SRC-000025;SRC-000026;SRC-000038;SRC-000040;SRC-000082;SRC-000087;SRC-000089;SRC-000090;SRC-000101;SRC-000103;SRC-000143;SRC-000148;SRC-000150;SRC-000151;SRC-000161;SRC-000163	SRC-000049/BLOCK-000002;SRC-000060/BLOCK-000529;SRC-000113/BLOCK-000004;SRC-000124/BLOCK-000533;SRC-000173/BLOCK-000006;SRC-000181/BLOCK-000525;SRC-000194/BLOCK-000888	OPS-102;OPS-105;OPS-126;OPS-128;OPS-130;OPS-131;OPS-101;OPS-107;OPS-108	APB-000001;APB-000011;APB-000016;APB-000017	no	attachment_update	done	Stage 3 attachment route generated from completed scope row; use exact source blocks and missing-input prompts before item-level production claims.
S3-SCOPE-009	J012	S3-J011	GPTs/attachments/02_administration_operations.md	02. Administration and Operations	KAE-BLOCK-000001	repo_paired_ko_en	primary_working_source_after_alignment	pending	administrator_operations	7.1	Korean authoritative; English extraction aid	SRC-000049;SRC-000018	SRC-000049/BLOCK-000002;SRC-000113/BLOCK-000004;SRC-000124/BLOCK-000533;SRC-000173/BLOCK-000006;SRC-000181/BLOCK-000525;SRC-000194/BLOCK-000888	OPS-103;OPS-104;OPS-111;OPS-112;OPS-113;OPS-114;OPS-116;OPS-117;OPS-118;OPS-123;OPS-124;OPS-125;OPS-127;OPS-129;OPS-133;OPS-134;OPS-109;OPS-110;OPS-115;OPS-119;OPS-121;OPS-122;OPS-135	APB-000006;APB-000016;APB-000017	yes	attachment_update	done	Stage 3 attachment route generated from completed scope row; use exact source blocks and missing-input prompts before item-level production claims.
S3-SCOPE-009	J012	S3-J011	GPTs/attachments/02_administration_operations.md	02. Administration and Operations	KAE-BLOCK-000136	repo_paired_ko_en	primary_working_source_after_alignment	pending	administrator_operations	7.3	Korean authoritative; English extraction aid	SRC-000113;SRC-000082	SRC-000049/BLOCK-000002;SRC-000113/BLOCK-000004;SRC-000124/BLOCK-000533;SRC-000173/BLOCK-000006;SRC-000181/BLOCK-000525;SRC-000194/BLOCK-000888	OPS-103;OPS-104;OPS-111;OPS-112;OPS-113;OPS-114;OPS-116;OPS-117;OPS-118;OPS-123;OPS-124;OPS-125;OPS-127;OPS-129;OPS-133;OPS-134;OPS-109;OPS-110;OPS-115;OPS-119;OPS-121;OPS-122;OPS-135	APB-000006;APB-000016;APB-000017	yes	attachment_update	done	Stage 3 attachment route generated from completed scope row; use exact source blocks and missing-input prompts before item-level production claims.
S3-SCOPE-009	J012	S3-J011	GPTs/attachments/02_administration_operations.md	02. Administration and Operations	KAE-BLOCK-000148	repo_paired_ko_en	primary_working_source_after_alignment	pending	getting_started_installation	7.3	Korean authoritative; English extraction aid	SRC-000124;SRC-000093	SRC-000049/BLOCK-000002;SRC-000113/BLOCK-000004;SRC-000124/BLOCK-000533;SRC-000173/BLOCK-000006;SRC-000181/BLOCK-000525;SRC-000194/BLOCK-000888	OPS-103;OPS-104;OPS-111;OPS-112;OPS-113;OPS-114;OPS-116;OPS-117;OPS-118;OPS-123;OPS-124;OPS-125;OPS-127;OPS-129;OPS-133;OPS-134;OPS-109;OPS-110;OPS-115;OPS-119;OPS-121;OPS-122;OPS-135	APB-000006;APB-000016;APB-000017	yes	attachment_update	done	Stage 3 attachment route generated from completed scope row; use exact source blocks and missing-input prompts before item-level production claims.
S3-SCOPE-009	J012	S3-J011	GPTs/attachments/02_administration_operations.md	02. Administration and Operations	KAE-BLOCK-000191	repo_paired_ko_en	primary_working_source_after_alignment	pending	administrator_operations	8.1_verified	Korean authoritative; Altibase 8.1 verified source; English extraction aid	SRC-000173;SRC-000143	SRC-000049/BLOCK-000002;SRC-000113/BLOCK-000004;SRC-000124/BLOCK-000533;SRC-000173/BLOCK-000006;SRC-000181/BLOCK-000525;SRC-000194/BLOCK-000888	OPS-103;OPS-104;OPS-111;OPS-112;OPS-113;OPS-114;OPS-116;OPS-117;OPS-118;OPS-123;OPS-124;OPS-125;OPS-127;OPS-129;OPS-133;OPS-134;OPS-109;OPS-110;OPS-115;OPS-119;OPS-121;OPS-122;OPS-135	APB-000006;APB-000016;APB-000017	yes	attachment_update	done	Stage 3 attachment route generated from completed scope row; use exact source blocks and missing-input prompts before item-level production claims.
S3-SCOPE-009	J012	S3-J011	GPTs/attachments/02_administration_operations.md	02. Administration and Operations	KAE-BLOCK-000202	repo_paired_ko_en	primary_working_source_after_alignment	pending	general_reference_2_dictionary_views	8.1_verified	Korean authoritative; Altibase 8.1 verified source; English extraction aid	SRC-000181;SRC-000151	SRC-000049/BLOCK-000002;SRC-000113/BLOCK-000004;SRC-000124/BLOCK-000533;SRC-000173/BLOCK-000006;SRC-000181/BLOCK-000525;SRC-000194/BLOCK-000888	OPS-103;OPS-104;OPS-111;OPS-112;OPS-113;OPS-114;OPS-116;OPS-117;OPS-118;OPS-123;OPS-124;OPS-125;OPS-127;OPS-129;OPS-133;OPS-134;OPS-109;OPS-110;OPS-115;OPS-119;OPS-121;OPS-122;OPS-135	APB-000006;APB-000016;APB-000017	yes	attachment_update	done	Stage 3 attachment route generated from completed scope row; use exact source blocks and missing-input prompts before item-level production claims.
S3-SCOPE-009	J012	S3-J011	GPTs/attachments/02_administration_operations.md	02. Administration and Operations	KAE-BLOCK-000223	repo_paired_ko_en	primary_working_source_after_alignment	pending	sql_reference	8.1_verified	Korean authoritative; Altibase 8.1 verified source; English extraction aid	SRC-000194;SRC-000163	SRC-000049/BLOCK-000002;SRC-000113/BLOCK-000004;SRC-000124/BLOCK-000533;SRC-000173/BLOCK-000006;SRC-000181/BLOCK-000525;SRC-000194/BLOCK-000888	OPS-103;OPS-104;OPS-111;OPS-112;OPS-113;OPS-114;OPS-116;OPS-117;OPS-118;OPS-123;OPS-124;OPS-125;OPS-127;OPS-129;OPS-133;OPS-134;OPS-109;OPS-110;OPS-115;OPS-119;OPS-121;OPS-122;OPS-135	APB-000006;APB-000016;APB-000017	yes	attachment_update	done	Stage 3 attachment route generated from completed scope row; use exact source blocks and missing-input prompts before item-level production claims.
S3-SCOPE-009	J012	S3-J011	GPTs/attachments/02_administration_operations.md	02. Administration and Operations	KAE-BLOCK-000272	hybrid	primary_working_source_after_alignment	aligned	administrator_operations;general_reference_1_datatypes_properties;getting_started_installation;replication_manual;security_ssl_tls;sql_reference	7.1;7.3;8.1_verified	Korean authoritative; English extraction aid; Altibase 8.1 verified source	SRC-000049;SRC-000056;SRC-000058;SRC-000060;SRC-000070;SRC-000051;SRC-000072;SRC-000113;SRC-000120;SRC-000122;SRC-000124;SRC-000132;SRC-000115;SRC-000134;SRC-000173;SRC-000180;SRC-000182;SRC-000184;SRC-000192;SRC-000175;SRC-000194;SRC-000018;SRC-000025;SRC-000027;SRC-000029;SRC-000038;SRC-000020;SRC-000040;SRC-000082;SRC-000089;SRC-000091;SRC-000093;SRC-000101;SRC-000084;SRC-000103;SRC-000143;SRC-000150;SRC-000152;SRC-000154;SRC-000161;SRC-000145;SRC-000163	SRC-000049/BLOCK-000002;SRC-000113/BLOCK-000004;SRC-000124/BLOCK-000533;SRC-000173/BLOCK-000006;SRC-000181/BLOCK-000525;SRC-000194/BLOCK-000888	OPS-103;OPS-104;OPS-111;OPS-112;OPS-113;OPS-114;OPS-116;OPS-117;OPS-118;OPS-123;OPS-124;OPS-125;OPS-127;OPS-129;OPS-133;OPS-134;OPS-109;OPS-110;OPS-115;OPS-119;OPS-121;OPS-122;OPS-135	APB-000006;APB-000016;APB-000017	yes	attachment_update	done	Stage 3 attachment route generated from completed scope row; use exact source blocks and missing-input prompts before item-level production claims.
S3-SCOPE-009	J012	S3-J011	GPTs/attachments/02_administration_operations.md	02. Administration and Operations	KAE-BLOCK-000273	hybrid	primary_working_source_after_alignment	aligned	administrator_operations;error_message_reference;general_reference_1_datatypes_properties;general_reference_2_dictionary_views;replication_manual;sql_reference	7.1;7.3;8.1_verified	Korean authoritative; English extraction aid; Altibase 8.1 verified source	SRC-000049;SRC-000054;SRC-000056;SRC-000057;SRC-000070;SRC-000072;SRC-000113;SRC-000118;SRC-000120;SRC-000121;SRC-000132;SRC-000134;SRC-000173;SRC-000178;SRC-000180;SRC-000181;SRC-000192;SRC-000194;SRC-000018;SRC-000023;SRC-000025;SRC-000026;SRC-000038;SRC-000040;SRC-000082;SRC-000087;SRC-000089;SRC-000090;SRC-000101;SRC-000103;SRC-000143;SRC-000148;SRC-000150;SRC-000151;SRC-000161;SRC-000163	SRC-000049/BLOCK-000002;SRC-000113/BLOCK-000004;SRC-000124/BLOCK-000533;SRC-000173/BLOCK-000006;SRC-000181/BLOCK-000525;SRC-000194/BLOCK-000888	OPS-103;OPS-104;OPS-111;OPS-112;OPS-113;OPS-114;OPS-116;OPS-117;OPS-118;OPS-123;OPS-124;OPS-125;OPS-127;OPS-129;OPS-133;OPS-134;OPS-109;OPS-110;OPS-115;OPS-119;OPS-121;OPS-122;OPS-135	APB-000006;APB-000016;APB-000017	yes	attachment_update	done	Stage 3 attachment route generated from completed scope row; use exact source blocks and missing-input prompts before item-level production claims.
S3-SCOPE-009	J012	S3-J011	GPTs/attachments/03_sql_ddl_generation.md	03. SQL DDL Generation	KAE-BLOCK-000001	repo_paired_ko_en	primary_working_source_after_alignment	pending	administrator_operations	7.1	Korean authoritative; English extraction aid	SRC-000049;SRC-000018	SRC-000049/BLOCK-000002;SRC-000113/BLOCK-000004;SRC-000124/BLOCK-000533;SRC-000173/BLOCK-000006;SRC-000181/BLOCK-000525;SRC-000194/BLOCK-000888	OPS-103;OPS-104;OPS-111;OPS-112;OPS-113;OPS-114;OPS-116;OPS-117;OPS-118;OPS-123;OPS-124;OPS-125;OPS-127;OPS-129;OPS-133;OPS-134;OPS-109;OPS-110;OPS-115;OPS-119;OPS-121;OPS-122;OPS-135	APB-000006;APB-000016;APB-000017	yes	attachment_update	done	Stage 3 attachment route generated from completed scope row; use exact source blocks and missing-input prompts before item-level production claims.
S3-SCOPE-009	J012	S3-J011	GPTs/attachments/03_sql_ddl_generation.md	03. SQL DDL Generation	KAE-BLOCK-000136	repo_paired_ko_en	primary_working_source_after_alignment	pending	administrator_operations	7.3	Korean authoritative; English extraction aid	SRC-000113;SRC-000082	SRC-000049/BLOCK-000002;SRC-000113/BLOCK-000004;SRC-000124/BLOCK-000533;SRC-000173/BLOCK-000006;SRC-000181/BLOCK-000525;SRC-000194/BLOCK-000888	OPS-103;OPS-104;OPS-111;OPS-112;OPS-113;OPS-114;OPS-116;OPS-117;OPS-118;OPS-123;OPS-124;OPS-125;OPS-127;OPS-129;OPS-133;OPS-134;OPS-109;OPS-110;OPS-115;OPS-119;OPS-121;OPS-122;OPS-135	APB-000006;APB-000016;APB-000017	yes	attachment_update	done	Stage 3 attachment route generated from completed scope row; use exact source blocks and missing-input prompts before item-level production claims.
S3-SCOPE-009	J012	S3-J011	GPTs/attachments/03_sql_ddl_generation.md	03. SQL DDL Generation	KAE-BLOCK-000148	repo_paired_ko_en	primary_working_source_after_alignment	pending	getting_started_installation	7.3	Korean authoritative; English extraction aid	SRC-000124;SRC-000093	SRC-000049/BLOCK-000002;SRC-000113/BLOCK-000004;SRC-000124/BLOCK-000533;SRC-000173/BLOCK-000006;SRC-000181/BLOCK-000525;SRC-000194/BLOCK-000888	OPS-103;OPS-104;OPS-111;OPS-112;OPS-113;OPS-114;OPS-116;OPS-117;OPS-118;OPS-123;OPS-124;OPS-125;OPS-127;OPS-129;OPS-133;OPS-134;OPS-109;OPS-110;OPS-115;OPS-119;OPS-121;OPS-122;OPS-135	APB-000006;APB-000016;APB-000017	yes	attachment_update	done	Stage 3 attachment route generated from completed scope row; use exact source blocks and missing-input prompts before item-level production claims.
S3-SCOPE-009	J012	S3-J011	GPTs/attachments/03_sql_ddl_generation.md	03. SQL DDL Generation	KAE-BLOCK-000191	repo_paired_ko_en	primary_working_source_after_alignment	pending	administrator_operations	8.1_verified	Korean authoritative; Altibase 8.1 verified source; English extraction aid	SRC-000173;SRC-000143	SRC-000049/BLOCK-000002;SRC-000113/BLOCK-000004;SRC-000124/BLOCK-000533;SRC-000173/BLOCK-000006;SRC-000181/BLOCK-000525;SRC-000194/BLOCK-000888	OPS-103;OPS-104;OPS-111;OPS-112;OPS-113;OPS-114;OPS-116;OPS-117;OPS-118;OPS-123;OPS-124;OPS-125;OPS-127;OPS-129;OPS-133;OPS-134;OPS-109;OPS-110;OPS-115;OPS-119;OPS-121;OPS-122;OPS-135	APB-000006;APB-000016;APB-000017	yes	attachment_update	done	Stage 3 attachment route generated from completed scope row; use exact source blocks and missing-input prompts before item-level production claims.
S3-SCOPE-009	J012	S3-J011	GPTs/attachments/03_sql_ddl_generation.md	03. SQL DDL Generation	KAE-BLOCK-000202	repo_paired_ko_en	primary_working_source_after_alignment	pending	general_reference_2_dictionary_views	8.1_verified	Korean authoritative; Altibase 8.1 verified source; English extraction aid	SRC-000181;SRC-000151	SRC-000049/BLOCK-000002;SRC-000113/BLOCK-000004;SRC-000124/BLOCK-000533;SRC-000173/BLOCK-000006;SRC-000181/BLOCK-000525;SRC-000194/BLOCK-000888	OPS-103;OPS-104;OPS-111;OPS-112;OPS-113;OPS-114;OPS-116;OPS-117;OPS-118;OPS-123;OPS-124;OPS-125;OPS-127;OPS-129;OPS-133;OPS-134;OPS-109;OPS-110;OPS-115;OPS-119;OPS-121;OPS-122;OPS-135	APB-000006;APB-000016;APB-000017	yes	attachment_update	done	Stage 3 attachment route generated from completed scope row; use exact source blocks and missing-input prompts before item-level production claims.
S3-SCOPE-009	J012	S3-J011	GPTs/attachments/03_sql_ddl_generation.md	03. SQL DDL Generation	KAE-BLOCK-000223	repo_paired_ko_en	primary_working_source_after_alignment	pending	sql_reference	8.1_verified	Korean authoritative; Altibase 8.1 verified source; English extraction aid	SRC-000194;SRC-000163	SRC-000049/BLOCK-000002;SRC-000113/BLOCK-000004;SRC-000124/BLOCK-000533;SRC-000173/BLOCK-000006;SRC-000181/BLOCK-000525;SRC-000194/BLOCK-000888	OPS-103;OPS-104;OPS-111;OPS-112;OPS-113;OPS-114;OPS-116;OPS-117;OPS-118;OPS-123;OPS-124;OPS-125;OPS-127;OPS-129;OPS-133;OPS-134;OPS-109;OPS-110;OPS-115;OPS-119;OPS-121;OPS-122;OPS-135	APB-000006;APB-000016;APB-000017	yes	attachment_update	done	Stage 3 attachment route generated from completed scope row; use exact source blocks and missing-input prompts before item-level production claims.
S3-SCOPE-009	J012	S3-J011	GPTs/attachments/03_sql_ddl_generation.md	03. SQL DDL Generation	KAE-BLOCK-000272	hybrid	primary_working_source_after_alignment	aligned	administrator_operations;general_reference_1_datatypes_properties;getting_started_installation;replication_manual;security_ssl_tls;sql_reference	7.1;7.3;8.1_verified	Korean authoritative; English extraction aid; Altibase 8.1 verified source	SRC-000049;SRC-000056;SRC-000058;SRC-000060;SRC-000070;SRC-000051;SRC-000072;SRC-000113;SRC-000120;SRC-000122;SRC-000124;SRC-000132;SRC-000115;SRC-000134;SRC-000173;SRC-000180;SRC-000182;SRC-000184;SRC-000192;SRC-000175;SRC-000194;SRC-000018;SRC-000025;SRC-000027;SRC-000029;SRC-000038;SRC-000020;SRC-000040;SRC-000082;SRC-000089;SRC-000091;SRC-000093;SRC-000101;SRC-000084;SRC-000103;SRC-000143;SRC-000150;SRC-000152;SRC-000154;SRC-000161;SRC-000145;SRC-000163	SRC-000049/BLOCK-000002;SRC-000113/BLOCK-000004;SRC-000124/BLOCK-000533;SRC-000173/BLOCK-000006;SRC-000181/BLOCK-000525;SRC-000194/BLOCK-000888	OPS-103;OPS-104;OPS-111;OPS-112;OPS-113;OPS-114;OPS-116;OPS-117;OPS-118;OPS-123;OPS-124;OPS-125;OPS-127;OPS-129;OPS-133;OPS-134;OPS-109;OPS-110;OPS-115;OPS-119;OPS-121;OPS-122;OPS-135	APB-000006;APB-000016;APB-000017	yes	attachment_update	done	Stage 3 attachment route generated from completed scope row; use exact source blocks and missing-input prompts before item-level production claims.
S3-SCOPE-009	J012	S3-J011	GPTs/attachments/03_sql_ddl_generation.md	03. SQL DDL Generation	KAE-BLOCK-000273	hybrid	primary_working_source_after_alignment	aligned	administrator_operations;error_message_reference;general_reference_1_datatypes_properties;general_reference_2_dictionary_views;replication_manual;sql_reference	7.1;7.3;8.1_verified	Korean authoritative; English extraction aid; Altibase 8.1 verified source	SRC-000049;SRC-000054;SRC-000056;SRC-000057;SRC-000070;SRC-000072;SRC-000113;SRC-000118;SRC-000120;SRC-000121;SRC-000132;SRC-000134;SRC-000173;SRC-000178;SRC-000180;SRC-000181;SRC-000192;SRC-000194;SRC-000018;SRC-000023;SRC-000025;SRC-000026;SRC-000038;SRC-000040;SRC-000082;SRC-000087;SRC-000089;SRC-000090;SRC-000101;SRC-000103;SRC-000143;SRC-000148;SRC-000150;SRC-000151;SRC-000161;SRC-000163	SRC-000049/BLOCK-000002;SRC-000113/BLOCK-000004;SRC-000124/BLOCK-000533;SRC-000173/BLOCK-000006;SRC-000181/BLOCK-000525;SRC-000194/BLOCK-000888	OPS-103;OPS-104;OPS-111;OPS-112;OPS-113;OPS-114;OPS-116;OPS-117;OPS-118;OPS-123;OPS-124;OPS-125;OPS-127;OPS-129;OPS-133;OPS-134;OPS-109;OPS-110;OPS-115;OPS-119;OPS-121;OPS-122;OPS-135	APB-000006;APB-000016;APB-000017	yes	attachment_update	done	Stage 3 attachment route generated from completed scope row; use exact source blocks and missing-input prompts before item-level production claims.
S3-SCOPE-009	J012	S3-J011	GPTs/attachments/07_error_messages_troubleshooting.md	07. Error Messages and Troubleshooting	KAE-BLOCK-000001	repo_paired_ko_en	primary_working_source_after_alignment	pending	administrator_operations	7.1	Korean authoritative; English extraction aid	SRC-000049;SRC-000018	SRC-000049/BLOCK-000002;SRC-000113/BLOCK-000004;SRC-000124/BLOCK-000533;SRC-000173/BLOCK-000006;SRC-000181/BLOCK-000525;SRC-000194/BLOCK-000888	OPS-103;OPS-104;OPS-111;OPS-112;OPS-113;OPS-114;OPS-116;OPS-117;OPS-118;OPS-123;OPS-124;OPS-125;OPS-127;OPS-129;OPS-133;OPS-134;OPS-109;OPS-110;OPS-115;OPS-119;OPS-121;OPS-122;OPS-135	APB-000006;APB-000016;APB-000017	yes	attachment_update	done	Stage 3 attachment route generated from completed scope row; use exact source blocks and missing-input prompts before item-level production claims.
S3-SCOPE-009	J012	S3-J011	GPTs/attachments/07_error_messages_troubleshooting.md	07. Error Messages and Troubleshooting	KAE-BLOCK-000136	repo_paired_ko_en	primary_working_source_after_alignment	pending	administrator_operations	7.3	Korean authoritative; English extraction aid	SRC-000113;SRC-000082	SRC-000049/BLOCK-000002;SRC-000113/BLOCK-000004;SRC-000124/BLOCK-000533;SRC-000173/BLOCK-000006;SRC-000181/BLOCK-000525;SRC-000194/BLOCK-000888	OPS-103;OPS-104;OPS-111;OPS-112;OPS-113;OPS-114;OPS-116;OPS-117;OPS-118;OPS-123;OPS-124;OPS-125;OPS-127;OPS-129;OPS-133;OPS-134;OPS-109;OPS-110;OPS-115;OPS-119;OPS-121;OPS-122;OPS-135	APB-000006;APB-000016;APB-000017	yes	attachment_update	done	Stage 3 attachment route generated from completed scope row; use exact source blocks and missing-input prompts before item-level production claims.
S3-SCOPE-009	J012	S3-J011	GPTs/attachments/07_error_messages_troubleshooting.md	07. Error Messages and Troubleshooting	KAE-BLOCK-000148	repo_paired_ko_en	primary_working_source_after_alignment	pending	getting_started_installation	7.3	Korean authoritative; English extraction aid	SRC-000124;SRC-000093	SRC-000049/BLOCK-000002;SRC-000113/BLOCK-000004;SRC-000124/BLOCK-000533;SRC-000173/BLOCK-000006;SRC-000181/BLOCK-000525;SRC-000194/BLOCK-000888	OPS-103;OPS-104;OPS-111;OPS-112;OPS-113;OPS-114;OPS-116;OPS-117;OPS-118;OPS-123;OPS-124;OPS-125;OPS-127;OPS-129;OPS-133;OPS-134;OPS-109;OPS-110;OPS-115;OPS-119;OPS-121;OPS-122;OPS-135	APB-000006;APB-000016;APB-000017	yes	attachment_update	done	Stage 3 attachment route generated from completed scope row; use exact source blocks and missing-input prompts before item-level production claims.
S3-SCOPE-009	J012	S3-J011	GPTs/attachments/07_error_messages_troubleshooting.md	07. Error Messages and Troubleshooting	KAE-BLOCK-000191	repo_paired_ko_en	primary_working_source_after_alignment	pending	administrator_operations	8.1_verified	Korean authoritative; Altibase 8.1 verified source; English extraction aid	SRC-000173;SRC-000143	SRC-000049/BLOCK-000002;SRC-000113/BLOCK-000004;SRC-000124/BLOCK-000533;SRC-000173/BLOCK-000006;SRC-000181/BLOCK-000525;SRC-000194/BLOCK-000888	OPS-103;OPS-104;OPS-111;OPS-112;OPS-113;OPS-114;OPS-116;OPS-117;OPS-118;OPS-123;OPS-124;OPS-125;OPS-127;OPS-129;OPS-133;OPS-134;OPS-109;OPS-110;OPS-115;OPS-119;OPS-121;OPS-122;OPS-135	APB-000006;APB-000016;APB-000017	yes	attachment_update	done	Stage 3 attachment route generated from completed scope row; use exact source blocks and missing-input prompts before item-level production claims.
S3-SCOPE-009	J012	S3-J011	GPTs/attachments/07_error_messages_troubleshooting.md	07. Error Messages and Troubleshooting	KAE-BLOCK-000202	repo_paired_ko_en	primary_working_source_after_alignment	pending	general_reference_2_dictionary_views	8.1_verified	Korean authoritative; Altibase 8.1 verified source; English extraction aid	SRC-000181;SRC-000151	SRC-000049/BLOCK-000002;SRC-000113/BLOCK-000004;SRC-000124/BLOCK-000533;SRC-000173/BLOCK-000006;SRC-000181/BLOCK-000525;SRC-000194/BLOCK-000888	OPS-103;OPS-104;OPS-111;OPS-112;OPS-113;OPS-114;OPS-116;OPS-117;OPS-118;OPS-123;OPS-124;OPS-125;OPS-127;OPS-129;OPS-133;OPS-134;OPS-109;OPS-110;OPS-115;OPS-119;OPS-121;OPS-122;OPS-135	APB-000006;APB-000016;APB-000017	yes	attachment_update	done	Stage 3 attachment route generated from completed scope row; use exact source blocks and missing-input prompts before item-level production claims.
S3-SCOPE-009	J012	S3-J011	GPTs/attachments/07_error_messages_troubleshooting.md	07. Error Messages and Troubleshooting	KAE-BLOCK-000223	repo_paired_ko_en	primary_working_source_after_alignment	pending	sql_reference	8.1_verified	Korean authoritative; Altibase 8.1 verified source; English extraction aid	SRC-000194;SRC-000163	SRC-000049/BLOCK-000002;SRC-000113/BLOCK-000004;SRC-000124/BLOCK-000533;SRC-000173/BLOCK-000006;SRC-000181/BLOCK-000525;SRC-000194/BLOCK-000888	OPS-103;OPS-104;OPS-111;OPS-112;OPS-113;OPS-114;OPS-116;OPS-117;OPS-118;OPS-123;OPS-124;OPS-125;OPS-127;OPS-129;OPS-133;OPS-134;OPS-109;OPS-110;OPS-115;OPS-119;OPS-121;OPS-122;OPS-135	APB-000006;APB-000016;APB-000017	yes	attachment_update	done	Stage 3 attachment route generated from completed scope row; use exact source blocks and missing-input prompts before item-level production claims.
S3-SCOPE-009	J012	S3-J011	GPTs/attachments/07_error_messages_troubleshooting.md	07. Error Messages and Troubleshooting	KAE-BLOCK-000272	hybrid	primary_working_source_after_alignment	aligned	administrator_operations;general_reference_1_datatypes_properties;getting_started_installation;replication_manual;security_ssl_tls;sql_reference	7.1;7.3;8.1_verified	Korean authoritative; English extraction aid; Altibase 8.1 verified source	SRC-000049;SRC-000056;SRC-000058;SRC-000060;SRC-000070;SRC-000051;SRC-000072;SRC-000113;SRC-000120;SRC-000122;SRC-000124;SRC-000132;SRC-000115;SRC-000134;SRC-000173;SRC-000180;SRC-000182;SRC-000184;SRC-000192;SRC-000175;SRC-000194;SRC-000018;SRC-000025;SRC-000027;SRC-000029;SRC-000038;SRC-000020;SRC-000040;SRC-000082;SRC-000089;SRC-000091;SRC-000093;SRC-000101;SRC-000084;SRC-000103;SRC-000143;SRC-000150;SRC-000152;SRC-000154;SRC-000161;SRC-000145;SRC-000163	SRC-000049/BLOCK-000002;SRC-000113/BLOCK-000004;SRC-000124/BLOCK-000533;SRC-000173/BLOCK-000006;SRC-000181/BLOCK-000525;SRC-000194/BLOCK-000888	OPS-103;OPS-104;OPS-111;OPS-112;OPS-113;OPS-114;OPS-116;OPS-117;OPS-118;OPS-123;OPS-124;OPS-125;OPS-127;OPS-129;OPS-133;OPS-134;OPS-109;OPS-110;OPS-115;OPS-119;OPS-121;OPS-122;OPS-135	APB-000006;APB-000016;APB-000017	yes	attachment_update	done	Stage 3 attachment route generated from completed scope row; use exact source blocks and missing-input prompts before item-level production claims.
S3-SCOPE-009	J012	S3-J011	GPTs/attachments/07_error_messages_troubleshooting.md	07. Error Messages and Troubleshooting	KAE-BLOCK-000273	hybrid	primary_working_source_after_alignment	aligned	administrator_operations;error_message_reference;general_reference_1_datatypes_properties;general_reference_2_dictionary_views;replication_manual;sql_reference	7.1;7.3;8.1_verified	Korean authoritative; English extraction aid; Altibase 8.1 verified source	SRC-000049;SRC-000054;SRC-000056;SRC-000057;SRC-000070;SRC-000072;SRC-000113;SRC-000118;SRC-000120;SRC-000121;SRC-000132;SRC-000134;SRC-000173;SRC-000178;SRC-000180;SRC-000181;SRC-000192;SRC-000194;SRC-000018;SRC-000023;SRC-000025;SRC-000026;SRC-000038;SRC-000040;SRC-000082;SRC-000087;SRC-000089;SRC-000090;SRC-000101;SRC-000103;SRC-000143;SRC-000148;SRC-000150;SRC-000151;SRC-000161;SRC-000163	SRC-000049/BLOCK-000002;SRC-000113/BLOCK-000004;SRC-000124/BLOCK-000533;SRC-000173/BLOCK-000006;SRC-000181/BLOCK-000525;SRC-000194/BLOCK-000888	OPS-103;OPS-104;OPS-111;OPS-112;OPS-113;OPS-114;OPS-116;OPS-117;OPS-118;OPS-123;OPS-124;OPS-125;OPS-127;OPS-129;OPS-133;OPS-134;OPS-109;OPS-110;OPS-115;OPS-119;OPS-121;OPS-122;OPS-135	APB-000006;APB-000016;APB-000017	yes	attachment_update	done	Stage 3 attachment route generated from completed scope row; use exact source blocks and missing-input prompts before item-level production claims.
S3-SCOPE-010	J013	S3-J012	GPTs/attachments/09_replication_ha_cdc.md	09. Replication, HA, and CDC	KAE-BLOCK-000041	repo_ko_only	translation_candidate_after_alignment	pending	patch_notes	7.1.0.1.4	Korean authoritative	SRC-000311	SRC-000121/BLOCK-000523;SRC-000132/BLOCK-000847;SRC-000311/BLOCK-000620;SRC-000321/BLOCK-000648;SRC-000362/BLOCK-000715	REPL-102;REPL-103;REPL-104;REPL-126;REPL-127;REPL-129;REPL-108;REPL-109;REPL-101;REPL-106;REPL-107	APB-000002;APB-000005;APB-000007;APB-000017	yes	attachment_update	done	Stage 3 attachment route generated from completed scope row; use exact source blocks and missing-input prompts before item-level production claims.
S3-SCOPE-010	J013	S3-J012	GPTs/attachments/09_replication_ha_cdc.md	09. Replication, HA, and CDC	KAE-BLOCK-000060	repo_ko_only	translation_candidate_after_alignment	pending	patch_notes	7.1.0.2.4	Korean authoritative	SRC-000321	SRC-000121/BLOCK-000523;SRC-000132/BLOCK-000847;SRC-000311/BLOCK-000620;SRC-000321/BLOCK-000648;SRC-000362/BLOCK-000715	REPL-102;REPL-103;REPL-104;REPL-126;REPL-127;REPL-129;REPL-108;REPL-109;REPL-101;REPL-106;REPL-107	APB-000002;APB-000005;APB-000007;APB-000017	yes	attachment_update	done	Stage 3 attachment route generated from completed scope row; use exact source blocks and missing-input prompts before item-level production claims.
S3-SCOPE-010	J013	S3-J012	GPTs/attachments/09_replication_ha_cdc.md	09. Replication, HA, and CDC	KAE-BLOCK-000101	repo_paired_ko_en	primary_working_source_after_alignment	pending	patch_notes	7.1.0.6.5	Korean authoritative; English extraction aid	SRC-000362;SRC-000265	SRC-000121/BLOCK-000523;SRC-000132/BLOCK-000847;SRC-000311/BLOCK-000620;SRC-000321/BLOCK-000648;SRC-000362/BLOCK-000715	REPL-102;REPL-103;REPL-104;REPL-126;REPL-127;REPL-129;REPL-108;REPL-109;REPL-101;REPL-106;REPL-107	APB-000002;APB-000005;APB-000007;APB-000017	yes	attachment_update	done	Stage 3 attachment route generated from completed scope row; use exact source blocks and missing-input prompts before item-level production claims.
S3-SCOPE-010	J013	S3-J012	GPTs/attachments/09_replication_ha_cdc.md	09. Replication, HA, and CDC	KAE-BLOCK-000146	repo_paired_ko_en	primary_working_source_after_alignment	pending	general_reference_2_dictionary_views	7.3	Korean authoritative; English extraction aid	SRC-000121;SRC-000090	SRC-000121/BLOCK-000523;SRC-000132/BLOCK-000847;SRC-000311/BLOCK-000620;SRC-000321/BLOCK-000648;SRC-000362/BLOCK-000715	REPL-102;REPL-103;REPL-104;REPL-126;REPL-127;REPL-129;REPL-108;REPL-109;REPL-101;REPL-106;REPL-107	APB-000002;APB-000005;APB-000007;APB-000017	yes	attachment_update	done	Stage 3 attachment route generated from completed scope row; use exact source blocks and missing-input prompts before item-level production claims.
S3-SCOPE-010	J013	S3-J012	GPTs/attachments/09_replication_ha_cdc.md	09. Replication, HA, and CDC	KAE-BLOCK-000162	repo_paired_ko_en	primary_working_source_after_alignment	pending	replication_manual	7.3	Korean authoritative; English extraction aid	SRC-000132;SRC-000101	SRC-000121/BLOCK-000523;SRC-000132/BLOCK-000847;SRC-000311/BLOCK-000620;SRC-000321/BLOCK-000648;SRC-000362/BLOCK-000715	REPL-102;REPL-103;REPL-104;REPL-126;REPL-127;REPL-129;REPL-108;REPL-109;REPL-101;REPL-106;REPL-107	APB-000002;APB-000005;APB-000007;APB-000017	yes	attachment_update	done	Stage 3 attachment route generated from completed scope row; use exact source blocks and missing-input prompts before item-level production claims.
S3-SCOPE-010	J013	S3-J012	GPTs/attachments/09_replication_ha_cdc.md	09. Replication, HA, and CDC	KAE-BLOCK-000272	hybrid	primary_working_source_after_alignment	aligned	administrator_operations;general_reference_1_datatypes_properties;getting_started_installation;replication_manual;security_ssl_tls;sql_reference	7.1;7.3;8.1_verified	Korean authoritative; English extraction aid; Altibase 8.1 verified source	SRC-000049;SRC-000056;SRC-000058;SRC-000060;SRC-000070;SRC-000051;SRC-000072;SRC-000113;SRC-000120;SRC-000122;SRC-000124;SRC-000132;SRC-000115;SRC-000134;SRC-000173;SRC-000180;SRC-000182;SRC-000184;SRC-000192;SRC-000175;SRC-000194;SRC-000018;SRC-000025;SRC-000027;SRC-000029;SRC-000038;SRC-000020;SRC-000040;SRC-000082;SRC-000089;SRC-000091;SRC-000093;SRC-000101;SRC-000084;SRC-000103;SRC-000143;SRC-000150;SRC-000152;SRC-000154;SRC-000161;SRC-000145;SRC-000163	SRC-000121/BLOCK-000523;SRC-000132/BLOCK-000847;SRC-000311/BLOCK-000620;SRC-000321/BLOCK-000648;SRC-000362/BLOCK-000715	REPL-102;REPL-103;REPL-104;REPL-126;REPL-127;REPL-129;REPL-108;REPL-109;REPL-101;REPL-106;REPL-107	APB-000002;APB-000005;APB-000007;APB-000017	yes	attachment_update	done	Stage 3 attachment route generated from completed scope row; use exact source blocks and missing-input prompts before item-level production claims.
S3-SCOPE-010	J013	S3-J012	GPTs/attachments/09_replication_ha_cdc.md	09. Replication, HA, and CDC	KAE-BLOCK-000273	hybrid	primary_working_source_after_alignment	aligned	administrator_operations;error_message_reference;general_reference_1_datatypes_properties;general_reference_2_dictionary_views;replication_manual;sql_reference	7.1;7.3;8.1_verified	Korean authoritative; English extraction aid; Altibase 8.1 verified source	SRC-000049;SRC-000054;SRC-000056;SRC-000057;SRC-000070;SRC-000072;SRC-000113;SRC-000118;SRC-000120;SRC-000121;SRC-000132;SRC-000134;SRC-000173;SRC-000178;SRC-000180;SRC-000181;SRC-000192;SRC-000194;SRC-000018;SRC-000023;SRC-000025;SRC-000026;SRC-000038;SRC-000040;SRC-000082;SRC-000087;SRC-000089;SRC-000090;SRC-000101;SRC-000103;SRC-000143;SRC-000148;SRC-000150;SRC-000151;SRC-000161;SRC-000163	SRC-000121/BLOCK-000523;SRC-000132/BLOCK-000847;SRC-000311/BLOCK-000620;SRC-000321/BLOCK-000648;SRC-000362/BLOCK-000715	REPL-102;REPL-103;REPL-104;REPL-126;REPL-127;REPL-129;REPL-108;REPL-109;REPL-101;REPL-106;REPL-107	APB-000002;APB-000005;APB-000007;APB-000017	yes	attachment_update	done	Stage 3 attachment route generated from completed scope row; use exact source blocks and missing-input prompts before item-level production claims.
S3-SCOPE-010	J013	S3-J012	GPTs/attachments/09_replication_ha_cdc.md	09. Replication, HA, and CDC	KAE-BLOCK-000275	hybrid	primary_working_source_after_alignment	aligned	patch_notes;release_notes_platform;technical_documents_support;third_party_guides;migration_oracle;replication_manager;spatial_nifi_tableau;utilities_datacompj	7.1;7.3;8.1_verified;multi;selected release-note tool scopes	Korean authoritative; English extraction aid; Repository source evidence; Approved support evidence; Altibase 8.1 verified source	SRC-000008;SRC-000009;SRC-000010;SRC-000011;SRC-000012;SRC-000013;SRC-000014;SRC-000064;SRC-000301;SRC-000302;SRC-000303;SRC-000304;SRC-000305;SRC-000306;SRC-000307;SRC-000308;SRC-000309;SRC-000310;SRC-000311;SRC-000312;SRC-000313;SRC-000314;SRC-000315;SRC-000316;SRC-000317;SRC-000318;SRC-000319;SRC-000320;SRC-000321;SRC-000322;SRC-000323;SRC-000324;SRC-000325;SRC-000326;SRC-000327;SRC-000328;SRC-000329;SRC-000330;SRC-000331;SRC-000332;SRC-000333;SRC-000334;SRC-000335;SRC-000336;SRC-000337;SRC-000338;SRC-000339;SRC-000340;SRC-000341;SRC-000342;SRC-000343;SRC-000344;SRC-000345;SRC-000346;SRC-000347;SRC-000348;SRC-000349;SRC-000350;SRC-000351;SRC-000352;SRC-000353;SRC-000354;SRC-000355;SRC-000356;SRC-000357;SRC-000358;SRC-000359;SRC-000360;SRC-000361;SRC-000362;SRC-000363;SRC-000364;SRC-000365;SRC-000366;SRC-000367;SRC-000368;SRC-000369;SRC-000370;SRC-000371;SRC-000372;SRC-000373;SRC-000374;SRC-000375;SRC-000376;SRC-000377;SRC-000378;SRC-000379;SRC-000380;SRC-000381;SRC-000382;SRC-000383;SRC-000384;SRC-000385;SRC-000386;SRC-000387;SRC-000388;SRC-000389;SRC-000390;SRC-000391;SRC-000392;SRC-000393;SRC-000394;SRC-000395;SRC-000396;SRC-000405;SRC-000406;SRC-000407;SRC-000408;SRC-000409;SRC-000410;SRC-000411;SRC-000412;SRC-000413;SRC-000414;SRC-000415;SRC-000416;SRC-000417;SRC-000418;SRC-000419;SRC-000420;SRC-000421;SRC-000422;SRC-000423;SRC-000450;SRC-000451;SRC-000452;SRC-000453;SRC-000454;SRC-000455;SRC-000456;SRC-000457;SRC-000458;SRC-000459;SRC-000460;SRC-000461;SRC-000462;SRC-000463;SRC-000464;SRC-000465;SRC-000466;SRC-000467;SRC-000468;SRC-000469;SRC-000470;SRC-000471;SRC-000473;SRC-000474;SRC-000475;SRC-000476;SRC-000002;SRC-000003;SRC-000004;SRC-000005;SRC-000006;SRC-000007;SRC-000033;SRC-000231;SRC-000232;SRC-000233;SRC-000234;SRC-000235;SRC-000236;SRC-000237;SRC-000238;SRC-000239;SRC-000240;SRC-000241;SRC-000242;SRC-000243;SRC-000244;SRC-000245;SRC-000246;SRC-000247;SRC-000248;SRC-000249;SRC-000250;SRC-000251;SRC-000252;SRC-000253;SRC-000254;SRC-000255;SRC-000256;SRC-000257;SRC-000258;SRC-000259;SRC-000260;SRC-000261;SRC-000262;SRC-000263;SRC-000264;SRC-000265;SRC-000266;SRC-000267;SRC-000268;SRC-000269;SRC-000270;SRC-000271;SRC-000272;SRC-000273;SRC-000274;SRC-000275;SRC-000276;SRC-000277;SRC-000278;SRC-000279;SRC-000280;SRC-000281;SRC-000282;SRC-000283;SRC-000284;SRC-000285;SRC-000286;SRC-000287;SRC-000288;SRC-000289;SRC-000290;SRC-000291;SRC-000292;SRC-000293;SRC-000294;SRC-000295;SRC-000296;SRC-000297;SRC-000298;SRC-000299;SRC-000300;SRC-000399;SRC-000400;SRC-000401;SRC-000402;SRC-000403;SRC-000404;SRC-000427;SRC-000428;SRC-000429;SRC-000430;SRC-000431;SRC-000432;SRC-000433;SRC-000434;SRC-000435;SRC-000436;SRC-000437;SRC-000438;SRC-000439;SRC-000440;SRC-000441;SRC-000442;SRC-000443;SRC-000444;SRC-000445;SRC-000446;SRC-000447;SRC-000448;SRC-000449;SRC-000472;SRC-000001;SRC-000228;SRC-000229;SRC-000230;SRC-000397;SRC-000398;SRC-000424;SRC-000425;SRC-000426;SRC-000477	SRC-000121/BLOCK-000523;SRC-000132/BLOCK-000847;SRC-000311/BLOCK-000620;SRC-000321/BLOCK-000648;SRC-000362/BLOCK-000715	REPL-102;REPL-103;REPL-104;REPL-126;REPL-127;REPL-129;REPL-108;REPL-109;REPL-101;REPL-106;REPL-107	APB-000002;APB-000005;APB-000007;APB-000017	yes	attachment_update	done	Stage 3 attachment route generated from completed scope row; use exact source blocks and missing-input prompts before item-level production claims.
S3-SCOPE-010	J013	S3-J012	GPTs/attachments/03_sql_ddl_generation.md	03. SQL DDL Generation	KAE-BLOCK-000041	repo_ko_only	translation_candidate_after_alignment	pending	patch_notes	7.1.0.1.4	Korean authoritative	SRC-000311	SRC-000121/BLOCK-000523;SRC-000132/BLOCK-000847;SRC-000311/BLOCK-000620;SRC-000321/BLOCK-000648;SRC-000362/BLOCK-000715	REPL-102;REPL-103;REPL-104;REPL-126;REPL-127;REPL-129;REPL-108;REPL-109;REPL-101;REPL-106;REPL-107	APB-000002;APB-000005;APB-000007;APB-000017	yes	attachment_update	done	Stage 3 attachment route generated from completed scope row; use exact source blocks and missing-input prompts before item-level production claims.
S3-SCOPE-010	J013	S3-J012	GPTs/attachments/03_sql_ddl_generation.md	03. SQL DDL Generation	KAE-BLOCK-000060	repo_ko_only	translation_candidate_after_alignment	pending	patch_notes	7.1.0.2.4	Korean authoritative	SRC-000321	SRC-000121/BLOCK-000523;SRC-000132/BLOCK-000847;SRC-000311/BLOCK-000620;SRC-000321/BLOCK-000648;SRC-000362/BLOCK-000715	REPL-102;REPL-103;REPL-104;REPL-126;REPL-127;REPL-129;REPL-108;REPL-109;REPL-101;REPL-106;REPL-107	APB-000002;APB-000005;APB-000007;APB-000017	yes	attachment_update	done	Stage 3 attachment route generated from completed scope row; use exact source blocks and missing-input prompts before item-level production claims.
S3-SCOPE-010	J013	S3-J012	GPTs/attachments/03_sql_ddl_generation.md	03. SQL DDL Generation	KAE-BLOCK-000101	repo_paired_ko_en	primary_working_source_after_alignment	pending	patch_notes	7.1.0.6.5	Korean authoritative; English extraction aid	SRC-000362;SRC-000265	SRC-000121/BLOCK-000523;SRC-000132/BLOCK-000847;SRC-000311/BLOCK-000620;SRC-000321/BLOCK-000648;SRC-000362/BLOCK-000715	REPL-102;REPL-103;REPL-104;REPL-126;REPL-127;REPL-129;REPL-108;REPL-109;REPL-101;REPL-106;REPL-107	APB-000002;APB-000005;APB-000007;APB-000017	yes	attachment_update	done	Stage 3 attachment route generated from completed scope row; use exact source blocks and missing-input prompts before item-level production claims.
S3-SCOPE-010	J013	S3-J012	GPTs/attachments/03_sql_ddl_generation.md	03. SQL DDL Generation	KAE-BLOCK-000146	repo_paired_ko_en	primary_working_source_after_alignment	pending	general_reference_2_dictionary_views	7.3	Korean authoritative; English extraction aid	SRC-000121;SRC-000090	SRC-000121/BLOCK-000523;SRC-000132/BLOCK-000847;SRC-000311/BLOCK-000620;SRC-000321/BLOCK-000648;SRC-000362/BLOCK-000715	REPL-102;REPL-103;REPL-104;REPL-126;REPL-127;REPL-129;REPL-108;REPL-109;REPL-101;REPL-106;REPL-107	APB-000002;APB-000005;APB-000007;APB-000017	yes	attachment_update	done	Stage 3 attachment route generated from completed scope row; use exact source blocks and missing-input prompts before item-level production claims.
S3-SCOPE-010	J013	S3-J012	GPTs/attachments/03_sql_ddl_generation.md	03. SQL DDL Generation	KAE-BLOCK-000162	repo_paired_ko_en	primary_working_source_after_alignment	pending	replication_manual	7.3	Korean authoritative; English extraction aid	SRC-000132;SRC-000101	SRC-000121/BLOCK-000523;SRC-000132/BLOCK-000847;SRC-000311/BLOCK-000620;SRC-000321/BLOCK-000648;SRC-000362/BLOCK-000715	REPL-102;REPL-103;REPL-104;REPL-126;REPL-127;REPL-129;REPL-108;REPL-109;REPL-101;REPL-106;REPL-107	APB-000002;APB-000005;APB-000007;APB-000017	yes	attachment_update	done	Stage 3 attachment route generated from completed scope row; use exact source blocks and missing-input prompts before item-level production claims.
S3-SCOPE-010	J013	S3-J012	GPTs/attachments/03_sql_ddl_generation.md	03. SQL DDL Generation	KAE-BLOCK-000272	hybrid	primary_working_source_after_alignment	aligned	administrator_operations;general_reference_1_datatypes_properties;getting_started_installation;replication_manual;security_ssl_tls;sql_reference	7.1;7.3;8.1_verified	Korean authoritative; English extraction aid; Altibase 8.1 verified source	SRC-000049;SRC-000056;SRC-000058;SRC-000060;SRC-000070;SRC-000051;SRC-000072;SRC-000113;SRC-000120;SRC-000122;SRC-000124;SRC-000132;SRC-000115;SRC-000134;SRC-000173;SRC-000180;SRC-000182;SRC-000184;SRC-000192;SRC-000175;SRC-000194;SRC-000018;SRC-000025;SRC-000027;SRC-000029;SRC-000038;SRC-000020;SRC-000040;SRC-000082;SRC-000089;SRC-000091;SRC-000093;SRC-000101;SRC-000084;SRC-000103;SRC-000143;SRC-000150;SRC-000152;SRC-000154;SRC-000161;SRC-000145;SRC-000163	SRC-000121/BLOCK-000523;SRC-000132/BLOCK-000847;SRC-000311/BLOCK-000620;SRC-000321/BLOCK-000648;SRC-000362/BLOCK-000715	REPL-102;REPL-103;REPL-104;REPL-126;REPL-127;REPL-129;REPL-108;REPL-109;REPL-101;REPL-106;REPL-107	APB-000002;APB-000005;APB-000007;APB-000017	yes	attachment_update	done	Stage 3 attachment route generated from completed scope row; use exact source blocks and missing-input prompts before item-level production claims.
S3-SCOPE-010	J013	S3-J012	GPTs/attachments/03_sql_ddl_generation.md	03. SQL DDL Generation	KAE-BLOCK-000273	hybrid	primary_working_source_after_alignment	aligned	administrator_operations;error_message_reference;general_reference_1_datatypes_properties;general_reference_2_dictionary_views;replication_manual;sql_reference	7.1;7.3;8.1_verified	Korean authoritative; English extraction aid; Altibase 8.1 verified source	SRC-000049;SRC-000054;SRC-000056;SRC-000057;SRC-000070;SRC-000072;SRC-000113;SRC-000118;SRC-000120;SRC-000121;SRC-000132;SRC-000134;SRC-000173;SRC-000178;SRC-000180;SRC-000181;SRC-000192;SRC-000194;SRC-000018;SRC-000023;SRC-000025;SRC-000026;SRC-000038;SRC-000040;SRC-000082;SRC-000087;SRC-000089;SRC-000090;SRC-000101;SRC-000103;SRC-000143;SRC-000148;SRC-000150;SRC-000151;SRC-000161;SRC-000163	SRC-000121/BLOCK-000523;SRC-000132/BLOCK-000847;SRC-000311/BLOCK-000620;SRC-000321/BLOCK-000648;SRC-000362/BLOCK-000715	REPL-102;REPL-103;REPL-104;REPL-126;REPL-127;REPL-129;REPL-108;REPL-109;REPL-101;REPL-106;REPL-107	APB-000002;APB-000005;APB-000007;APB-000017	yes	attachment_update	done	Stage 3 attachment route generated from completed scope row; use exact source blocks and missing-input prompts before item-level production claims.
S3-SCOPE-010	J013	S3-J012	GPTs/attachments/03_sql_ddl_generation.md	03. SQL DDL Generation	KAE-BLOCK-000275	hybrid	primary_working_source_after_alignment	aligned	patch_notes;release_notes_platform;technical_documents_support;third_party_guides;migration_oracle;replication_manager;spatial_nifi_tableau;utilities_datacompj	7.1;7.3;8.1_verified;multi;selected release-note tool scopes	Korean authoritative; English extraction aid; Repository source evidence; Approved support evidence; Altibase 8.1 verified source	SRC-000008;SRC-000009;SRC-000010;SRC-000011;SRC-000012;SRC-000013;SRC-000014;SRC-000064;SRC-000301;SRC-000302;SRC-000303;SRC-000304;SRC-000305;SRC-000306;SRC-000307;SRC-000308;SRC-000309;SRC-000310;SRC-000311;SRC-000312;SRC-000313;SRC-000314;SRC-000315;SRC-000316;SRC-000317;SRC-000318;SRC-000319;SRC-000320;SRC-000321;SRC-000322;SRC-000323;SRC-000324;SRC-000325;SRC-000326;SRC-000327;SRC-000328;SRC-000329;SRC-000330;SRC-000331;SRC-000332;SRC-000333;SRC-000334;SRC-000335;SRC-000336;SRC-000337;SRC-000338;SRC-000339;SRC-000340;SRC-000341;SRC-000342;SRC-000343;SRC-000344;SRC-000345;SRC-000346;SRC-000347;SRC-000348;SRC-000349;SRC-000350;SRC-000351;SRC-000352;SRC-000353;SRC-000354;SRC-000355;SRC-000356;SRC-000357;SRC-000358;SRC-000359;SRC-000360;SRC-000361;SRC-000362;SRC-000363;SRC-000364;SRC-000365;SRC-000366;SRC-000367;SRC-000368;SRC-000369;SRC-000370;SRC-000371;SRC-000372;SRC-000373;SRC-000374;SRC-000375;SRC-000376;SRC-000377;SRC-000378;SRC-000379;SRC-000380;SRC-000381;SRC-000382;SRC-000383;SRC-000384;SRC-000385;SRC-000386;SRC-000387;SRC-000388;SRC-000389;SRC-000390;SRC-000391;SRC-000392;SRC-000393;SRC-000394;SRC-000395;SRC-000396;SRC-000405;SRC-000406;SRC-000407;SRC-000408;SRC-000409;SRC-000410;SRC-000411;SRC-000412;SRC-000413;SRC-000414;SRC-000415;SRC-000416;SRC-000417;SRC-000418;SRC-000419;SRC-000420;SRC-000421;SRC-000422;SRC-000423;SRC-000450;SRC-000451;SRC-000452;SRC-000453;SRC-000454;SRC-000455;SRC-000456;SRC-000457;SRC-000458;SRC-000459;SRC-000460;SRC-000461;SRC-000462;SRC-000463;SRC-000464;SRC-000465;SRC-000466;SRC-000467;SRC-000468;SRC-000469;SRC-000470;SRC-000471;SRC-000473;SRC-000474;SRC-000475;SRC-000476;SRC-000002;SRC-000003;SRC-000004;SRC-000005;SRC-000006;SRC-000007;SRC-000033;SRC-000231;SRC-000232;SRC-000233;SRC-000234;SRC-000235;SRC-000236;SRC-000237;SRC-000238;SRC-000239;SRC-000240;SRC-000241;SRC-000242;SRC-000243;SRC-000244;SRC-000245;SRC-000246;SRC-000247;SRC-000248;SRC-000249;SRC-000250;SRC-000251;SRC-000252;SRC-000253;SRC-000254;SRC-000255;SRC-000256;SRC-000257;SRC-000258;SRC-000259;SRC-000260;SRC-000261;SRC-000262;SRC-000263;SRC-000264;SRC-000265;SRC-000266;SRC-000267;SRC-000268;SRC-000269;SRC-000270;SRC-000271;SRC-000272;SRC-000273;SRC-000274;SRC-000275;SRC-000276;SRC-000277;SRC-000278;SRC-000279;SRC-000280;SRC-000281;SRC-000282;SRC-000283;SRC-000284;SRC-000285;SRC-000286;SRC-000287;SRC-000288;SRC-000289;SRC-000290;SRC-000291;SRC-000292;SRC-000293;SRC-000294;SRC-000295;SRC-000296;SRC-000297;SRC-000298;SRC-000299;SRC-000300;SRC-000399;SRC-000400;SRC-000401;SRC-000402;SRC-000403;SRC-000404;SRC-000427;SRC-000428;SRC-000429;SRC-000430;SRC-000431;SRC-000432;SRC-000433;SRC-000434;SRC-000435;SRC-000436;SRC-000437;SRC-000438;SRC-000439;SRC-000440;SRC-000441;SRC-000442;SRC-000443;SRC-000444;SRC-000445;SRC-000446;SRC-000447;SRC-000448;SRC-000449;SRC-000472;SRC-000001;SRC-000228;SRC-000229;SRC-000230;SRC-000397;SRC-000398;SRC-000424;SRC-000425;SRC-000426;SRC-000477	SRC-000121/BLOCK-000523;SRC-000132/BLOCK-000847;SRC-000311/BLOCK-000620;SRC-000321/BLOCK-000648;SRC-000362/BLOCK-000715	REPL-102;REPL-103;REPL-104;REPL-126;REPL-127;REPL-129;REPL-108;REPL-109;REPL-101;REPL-106;REPL-107	APB-000002;APB-000005;APB-000007;APB-000017	yes	attachment_update	done	Stage 3 attachment route generated from completed scope row; use exact source blocks and missing-input prompts before item-level production claims.
S3-SCOPE-010	J013	S3-J012	GPTs/attachments/06_data_dictionary_performance_views.md	06. Data Dictionary and Performance Views	KAE-BLOCK-000041	repo_ko_only	translation_candidate_after_alignment	pending	patch_notes	7.1.0.1.4	Korean authoritative	SRC-000311	SRC-000121/BLOCK-000523;SRC-000132/BLOCK-000847;SRC-000311/BLOCK-000620;SRC-000321/BLOCK-000648;SRC-000362/BLOCK-000715	REPL-102;REPL-103;REPL-104;REPL-126;REPL-127;REPL-129;REPL-108;REPL-109;REPL-101;REPL-106;REPL-107	APB-000002;APB-000005;APB-000007;APB-000017	yes	attachment_update	done	Stage 3 attachment route generated from completed scope row; use exact source blocks and missing-input prompts before item-level production claims.
S3-SCOPE-010	J013	S3-J012	GPTs/attachments/06_data_dictionary_performance_views.md	06. Data Dictionary and Performance Views	KAE-BLOCK-000060	repo_ko_only	translation_candidate_after_alignment	pending	patch_notes	7.1.0.2.4	Korean authoritative	SRC-000321	SRC-000121/BLOCK-000523;SRC-000132/BLOCK-000847;SRC-000311/BLOCK-000620;SRC-000321/BLOCK-000648;SRC-000362/BLOCK-000715	REPL-102;REPL-103;REPL-104;REPL-126;REPL-127;REPL-129;REPL-108;REPL-109;REPL-101;REPL-106;REPL-107	APB-000002;APB-000005;APB-000007;APB-000017	yes	attachment_update	done	Stage 3 attachment route generated from completed scope row; use exact source blocks and missing-input prompts before item-level production claims.
S3-SCOPE-010	J013	S3-J012	GPTs/attachments/06_data_dictionary_performance_views.md	06. Data Dictionary and Performance Views	KAE-BLOCK-000101	repo_paired_ko_en	primary_working_source_after_alignment	pending	patch_notes	7.1.0.6.5	Korean authoritative; English extraction aid	SRC-000362;SRC-000265	SRC-000121/BLOCK-000523;SRC-000132/BLOCK-000847;SRC-000311/BLOCK-000620;SRC-000321/BLOCK-000648;SRC-000362/BLOCK-000715	REPL-102;REPL-103;REPL-104;REPL-126;REPL-127;REPL-129;REPL-108;REPL-109;REPL-101;REPL-106;REPL-107	APB-000002;APB-000005;APB-000007;APB-000017	yes	attachment_update	done	Stage 3 attachment route generated from completed scope row; use exact source blocks and missing-input prompts before item-level production claims.
S3-SCOPE-010	J013	S3-J012	GPTs/attachments/06_data_dictionary_performance_views.md	06. Data Dictionary and Performance Views	KAE-BLOCK-000146	repo_paired_ko_en	primary_working_source_after_alignment	pending	general_reference_2_dictionary_views	7.3	Korean authoritative; English extraction aid	SRC-000121;SRC-000090	SRC-000121/BLOCK-000523;SRC-000132/BLOCK-000847;SRC-000311/BLOCK-000620;SRC-000321/BLOCK-000648;SRC-000362/BLOCK-000715	REPL-102;REPL-103;REPL-104;REPL-126;REPL-127;REPL-129;REPL-108;REPL-109;REPL-101;REPL-106;REPL-107	APB-000002;APB-000005;APB-000007;APB-000017	yes	attachment_update	done	Stage 3 attachment route generated from completed scope row; use exact source blocks and missing-input prompts before item-level production claims.
S3-SCOPE-010	J013	S3-J012	GPTs/attachments/06_data_dictionary_performance_views.md	06. Data Dictionary and Performance Views	KAE-BLOCK-000162	repo_paired_ko_en	primary_working_source_after_alignment	pending	replication_manual	7.3	Korean authoritative; English extraction aid	SRC-000132;SRC-000101	SRC-000121/BLOCK-000523;SRC-000132/BLOCK-000847;SRC-000311/BLOCK-000620;SRC-000321/BLOCK-000648;SRC-000362/BLOCK-000715	REPL-102;REPL-103;REPL-104;REPL-126;REPL-127;REPL-129;REPL-108;REPL-109;REPL-101;REPL-106;REPL-107	APB-000002;APB-000005;APB-000007;APB-000017	yes	attachment_update	done	Stage 3 attachment route generated from completed scope row; use exact source blocks and missing-input prompts before item-level production claims.
S3-SCOPE-010	J013	S3-J012	GPTs/attachments/06_data_dictionary_performance_views.md	06. Data Dictionary and Performance Views	KAE-BLOCK-000272	hybrid	primary_working_source_after_alignment	aligned	administrator_operations;general_reference_1_datatypes_properties;getting_started_installation;replication_manual;security_ssl_tls;sql_reference	7.1;7.3;8.1_verified	Korean authoritative; English extraction aid; Altibase 8.1 verified source	SRC-000049;SRC-000056;SRC-000058;SRC-000060;SRC-000070;SRC-000051;SRC-000072;SRC-000113;SRC-000120;SRC-000122;SRC-000124;SRC-000132;SRC-000115;SRC-000134;SRC-000173;SRC-000180;SRC-000182;SRC-000184;SRC-000192;SRC-000175;SRC-000194;SRC-000018;SRC-000025;SRC-000027;SRC-000029;SRC-000038;SRC-000020;SRC-000040;SRC-000082;SRC-000089;SRC-000091;SRC-000093;SRC-000101;SRC-000084;SRC-000103;SRC-000143;SRC-000150;SRC-000152;SRC-000154;SRC-000161;SRC-000145;SRC-000163	SRC-000121/BLOCK-000523;SRC-000132/BLOCK-000847;SRC-000311/BLOCK-000620;SRC-000321/BLOCK-000648;SRC-000362/BLOCK-000715	REPL-102;REPL-103;REPL-104;REPL-126;REPL-127;REPL-129;REPL-108;REPL-109;REPL-101;REPL-106;REPL-107	APB-000002;APB-000005;APB-000007;APB-000017	yes	attachment_update	done	Stage 3 attachment route generated from completed scope row; use exact source blocks and missing-input prompts before item-level production claims.
S3-SCOPE-010	J013	S3-J012	GPTs/attachments/06_data_dictionary_performance_views.md	06. Data Dictionary and Performance Views	KAE-BLOCK-000273	hybrid	primary_working_source_after_alignment	aligned	administrator_operations;error_message_reference;general_reference_1_datatypes_properties;general_reference_2_dictionary_views;replication_manual;sql_reference	7.1;7.3;8.1_verified	Korean authoritative; English extraction aid; Altibase 8.1 verified source	SRC-000049;SRC-000054;SRC-000056;SRC-000057;SRC-000070;SRC-000072;SRC-000113;SRC-000118;SRC-000120;SRC-000121;SRC-000132;SRC-000134;SRC-000173;SRC-000178;SRC-000180;SRC-000181;SRC-000192;SRC-000194;SRC-000018;SRC-000023;SRC-000025;SRC-000026;SRC-000038;SRC-000040;SRC-000082;SRC-000087;SRC-000089;SRC-000090;SRC-000101;SRC-000103;SRC-000143;SRC-000148;SRC-000150;SRC-000151;SRC-000161;SRC-000163	SRC-000121/BLOCK-000523;SRC-000132/BLOCK-000847;SRC-000311/BLOCK-000620;SRC-000321/BLOCK-000648;SRC-000362/BLOCK-000715	REPL-102;REPL-103;REPL-104;REPL-126;REPL-127;REPL-129;REPL-108;REPL-109;REPL-101;REPL-106;REPL-107	APB-000002;APB-000005;APB-000007;APB-000017	yes	attachment_update	done	Stage 3 attachment route generated from completed scope row; use exact source blocks and missing-input prompts before item-level production claims.
S3-SCOPE-010	J013	S3-J012	GPTs/attachments/06_data_dictionary_performance_views.md	06. Data Dictionary and Performance Views	KAE-BLOCK-000275	hybrid	primary_working_source_after_alignment	aligned	patch_notes;release_notes_platform;technical_documents_support;third_party_guides;migration_oracle;replication_manager;spatial_nifi_tableau;utilities_datacompj	7.1;7.3;8.1_verified;multi;selected release-note tool scopes	Korean authoritative; English extraction aid; Repository source evidence; Approved support evidence; Altibase 8.1 verified source	SRC-000008;SRC-000009;SRC-000010;SRC-000011;SRC-000012;SRC-000013;SRC-000014;SRC-000064;SRC-000301;SRC-000302;SRC-000303;SRC-000304;SRC-000305;SRC-000306;SRC-000307;SRC-000308;SRC-000309;SRC-000310;SRC-000311;SRC-000312;SRC-000313;SRC-000314;SRC-000315;SRC-000316;SRC-000317;SRC-000318;SRC-000319;SRC-000320;SRC-000321;SRC-000322;SRC-000323;SRC-000324;SRC-000325;SRC-000326;SRC-000327;SRC-000328;SRC-000329;SRC-000330;SRC-000331;SRC-000332;SRC-000333;SRC-000334;SRC-000335;SRC-000336;SRC-000337;SRC-000338;SRC-000339;SRC-000340;SRC-000341;SRC-000342;SRC-000343;SRC-000344;SRC-000345;SRC-000346;SRC-000347;SRC-000348;SRC-000349;SRC-000350;SRC-000351;SRC-000352;SRC-000353;SRC-000354;SRC-000355;SRC-000356;SRC-000357;SRC-000358;SRC-000359;SRC-000360;SRC-000361;SRC-000362;SRC-000363;SRC-000364;SRC-000365;SRC-000366;SRC-000367;SRC-000368;SRC-000369;SRC-000370;SRC-000371;SRC-000372;SRC-000373;SRC-000374;SRC-000375;SRC-000376;SRC-000377;SRC-000378;SRC-000379;SRC-000380;SRC-000381;SRC-000382;SRC-000383;SRC-000384;SRC-000385;SRC-000386;SRC-000387;SRC-000388;SRC-000389;SRC-000390;SRC-000391;SRC-000392;SRC-000393;SRC-000394;SRC-000395;SRC-000396;SRC-000405;SRC-000406;SRC-000407;SRC-000408;SRC-000409;SRC-000410;SRC-000411;SRC-000412;SRC-000413;SRC-000414;SRC-000415;SRC-000416;SRC-000417;SRC-000418;SRC-000419;SRC-000420;SRC-000421;SRC-000422;SRC-000423;SRC-000450;SRC-000451;SRC-000452;SRC-000453;SRC-000454;SRC-000455;SRC-000456;SRC-000457;SRC-000458;SRC-000459;SRC-000460;SRC-000461;SRC-000462;SRC-000463;SRC-000464;SRC-000465;SRC-000466;SRC-000467;SRC-000468;SRC-000469;SRC-000470;SRC-000471;SRC-000473;SRC-000474;SRC-000475;SRC-000476;SRC-000002;SRC-000003;SRC-000004;SRC-000005;SRC-000006;SRC-000007;SRC-000033;SRC-000231;SRC-000232;SRC-000233;SRC-000234;SRC-000235;SRC-000236;SRC-000237;SRC-000238;SRC-000239;SRC-000240;SRC-000241;SRC-000242;SRC-000243;SRC-000244;SRC-000245;SRC-000246;SRC-000247;SRC-000248;SRC-000249;SRC-000250;SRC-000251;SRC-000252;SRC-000253;SRC-000254;SRC-000255;SRC-000256;SRC-000257;SRC-000258;SRC-000259;SRC-000260;SRC-000261;SRC-000262;SRC-000263;SRC-000264;SRC-000265;SRC-000266;SRC-000267;SRC-000268;SRC-000269;SRC-000270;SRC-000271;SRC-000272;SRC-000273;SRC-000274;SRC-000275;SRC-000276;SRC-000277;SRC-000278;SRC-000279;SRC-000280;SRC-000281;SRC-000282;SRC-000283;SRC-000284;SRC-000285;SRC-000286;SRC-000287;SRC-000288;SRC-000289;SRC-000290;SRC-000291;SRC-000292;SRC-000293;SRC-000294;SRC-000295;SRC-000296;SRC-000297;SRC-000298;SRC-000299;SRC-000300;SRC-000399;SRC-000400;SRC-000401;SRC-000402;SRC-000403;SRC-000404;SRC-000427;SRC-000428;SRC-000429;SRC-000430;SRC-000431;SRC-000432;SRC-000433;SRC-000434;SRC-000435;SRC-000436;SRC-000437;SRC-000438;SRC-000439;SRC-000440;SRC-000441;SRC-000442;SRC-000443;SRC-000444;SRC-000445;SRC-000446;SRC-000447;SRC-000448;SRC-000449;SRC-000472;SRC-000001;SRC-000228;SRC-000229;SRC-000230;SRC-000397;SRC-000398;SRC-000424;SRC-000425;SRC-000426;SRC-000477	SRC-000121/BLOCK-000523;SRC-000132/BLOCK-000847;SRC-000311/BLOCK-000620;SRC-000321/BLOCK-000648;SRC-000362/BLOCK-000715	REPL-102;REPL-103;REPL-104;REPL-126;REPL-127;REPL-129;REPL-108;REPL-109;REPL-101;REPL-106;REPL-107	APB-000002;APB-000005;APB-000007;APB-000017	yes	attachment_update	done	Stage 3 attachment route generated from completed scope row; use exact source blocks and missing-input prompts before item-level production claims.
S3-SCOPE-011	J014	S3-J013	GPTs/attachments/09_replication_ha_cdc.md	09. Replication, HA, and CDC	KAE-BLOCK-000030	repo_paired_ko_en	primary_working_source_after_alignment	pending	security_ssl_tls	7.1	Korean authoritative; English extraction aid	SRC-000051;SRC-000020	SRC-000051/BLOCK-000851;SRC-000126/BLOCK-000566;SRC-000132/BLOCK-000847;SRC-000175/BLOCK-000855;SRC-000180/BLOCK-000519;SRC-000192/BLOCK-000849;SRC-000211/BLOCK-000843;SRC-000452/BLOCK-000826;SRC-000466/BLOCK-000841;SRC-000474/BLOCK-000909;SRC-000475/BLOCK-000910	REPL-110;REPL-113;REPL-114;REPL-115;REPL-116;REPL-117;REPL-118;REPL-124;REPL-128;REPL-121;REPL-123;REPL-130;REPL-105;REPL-111;REPL-112;REPL-122	APB-000007;APB-000008;APB-000012;APB-000017	yes	attachment_update	done	Stage 3 attachment route generated from completed scope row; use exact source blocks and missing-input prompts before item-level production claims.
S3-SCOPE-011	J014	S3-J013	GPTs/attachments/09_replication_ha_cdc.md	09. Replication, HA, and CDC	KAE-BLOCK-000153	repo_paired_ko_en	primary_working_source_after_alignment	pending	log_analyzer	7.3	Korean authoritative; English extraction aid	SRC-000126;SRC-000095	SRC-000051/BLOCK-000851;SRC-000126/BLOCK-000566;SRC-000132/BLOCK-000847;SRC-000175/BLOCK-000855;SRC-000180/BLOCK-000519;SRC-000192/BLOCK-000849;SRC-000211/BLOCK-000843;SRC-000452/BLOCK-000826;SRC-000466/BLOCK-000841;SRC-000474/BLOCK-000909;SRC-000475/BLOCK-000910	REPL-110;REPL-113;REPL-114;REPL-115;REPL-116;REPL-117;REPL-118;REPL-124;REPL-128;REPL-121;REPL-123;REPL-130;REPL-105;REPL-111;REPL-112;REPL-122	APB-000007;APB-000008;APB-000012;APB-000017	yes	attachment_update	done	Stage 3 attachment route generated from completed scope row; use exact source blocks and missing-input prompts before item-level production claims.
S3-SCOPE-011	J014	S3-J013	GPTs/attachments/09_replication_ha_cdc.md	09. Replication, HA, and CDC	KAE-BLOCK-000162	repo_paired_ko_en	primary_working_source_after_alignment	pending	replication_manual	7.3	Korean authoritative; English extraction aid	SRC-000132;SRC-000101	SRC-000051/BLOCK-000851;SRC-000126/BLOCK-000566;SRC-000132/BLOCK-000847;SRC-000175/BLOCK-000855;SRC-000180/BLOCK-000519;SRC-000192/BLOCK-000849;SRC-000211/BLOCK-000843;SRC-000452/BLOCK-000826;SRC-000466/BLOCK-000841;SRC-000474/BLOCK-000909;SRC-000475/BLOCK-000910	REPL-110;REPL-113;REPL-114;REPL-115;REPL-116;REPL-117;REPL-118;REPL-124;REPL-128;REPL-121;REPL-123;REPL-130;REPL-105;REPL-111;REPL-112;REPL-122	APB-000007;APB-000008;APB-000012;APB-000017	yes	attachment_update	done	Stage 3 attachment route generated from completed scope row; use exact source blocks and missing-input prompts before item-level production claims.
S3-SCOPE-011	J014	S3-J013	GPTs/attachments/09_replication_ha_cdc.md	09. Replication, HA, and CDC	KAE-BLOCK-000201	repo_paired_ko_en	primary_working_source_after_alignment	pending	general_reference_1_datatypes_properties	8.1_verified	Korean authoritative; Altibase 8.1 verified source; English extraction aid	SRC-000180;SRC-000150	SRC-000051/BLOCK-000851;SRC-000126/BLOCK-000566;SRC-000132/BLOCK-000847;SRC-000175/BLOCK-000855;SRC-000180/BLOCK-000519;SRC-000192/BLOCK-000849;SRC-000211/BLOCK-000843;SRC-000452/BLOCK-000826;SRC-000466/BLOCK-000841;SRC-000474/BLOCK-000909;SRC-000475/BLOCK-000910	REPL-110;REPL-113;REPL-114;REPL-115;REPL-116;REPL-117;REPL-118;REPL-124;REPL-128;REPL-121;REPL-123;REPL-130;REPL-105;REPL-111;REPL-112;REPL-122	APB-000007;APB-000008;APB-000012;APB-000017	yes	attachment_update	done	Stage 3 attachment route generated from completed scope row; use exact source blocks and missing-input prompts before item-level production claims.
S3-SCOPE-011	J014	S3-J013	GPTs/attachments/09_replication_ha_cdc.md	09. Replication, HA, and CDC	KAE-BLOCK-000217	repo_paired_ko_en	primary_working_source_after_alignment	pending	replication_manual	8.1_verified	Korean authoritative; Altibase 8.1 verified source; English extraction aid	SRC-000192;SRC-000161	SRC-000051/BLOCK-000851;SRC-000126/BLOCK-000566;SRC-000132/BLOCK-000847;SRC-000175/BLOCK-000855;SRC-000180/BLOCK-000519;SRC-000192/BLOCK-000849;SRC-000211/BLOCK-000843;SRC-000452/BLOCK-000826;SRC-000466/BLOCK-000841;SRC-000474/BLOCK-000909;SRC-000475/BLOCK-000910	REPL-110;REPL-113;REPL-114;REPL-115;REPL-116;REPL-117;REPL-118;REPL-124;REPL-128;REPL-121;REPL-123;REPL-130;REPL-105;REPL-111;REPL-112;REPL-122	APB-000007;APB-000008;APB-000012;APB-000017	yes	attachment_update	done	Stage 3 attachment route generated from completed scope row; use exact source blocks and missing-input prompts before item-level production claims.
S3-SCOPE-011	J014	S3-J013	GPTs/attachments/09_replication_ha_cdc.md	09. Replication, HA, and CDC	KAE-BLOCK-000218	repo_paired_ko_en	primary_working_source_after_alignment	pending	security_ssl_tls	8.1_verified	Korean authoritative; Altibase 8.1 verified source; English extraction aid	SRC-000175;SRC-000145	SRC-000051/BLOCK-000851;SRC-000126/BLOCK-000566;SRC-000132/BLOCK-000847;SRC-000175/BLOCK-000855;SRC-000180/BLOCK-000519;SRC-000192/BLOCK-000849;SRC-000211/BLOCK-000843;SRC-000452/BLOCK-000826;SRC-000466/BLOCK-000841;SRC-000474/BLOCK-000909;SRC-000475/BLOCK-000910	REPL-110;REPL-113;REPL-114;REPL-115;REPL-116;REPL-117;REPL-118;REPL-124;REPL-128;REPL-121;REPL-123;REPL-130;REPL-105;REPL-111;REPL-112;REPL-122	APB-000007;APB-000008;APB-000012;APB-000017	yes	attachment_update	done	Stage 3 attachment route generated from completed scope row; use exact source blocks and missing-input prompts before item-level production claims.
S3-SCOPE-011	J014	S3-J013	GPTs/attachments/09_replication_ha_cdc.md	09. Replication, HA, and CDC	KAE-BLOCK-000236	repo_paired_ko_en	primary_working_source_after_alignment	pending	replication_manager	multi	Korean authoritative; English extraction aid	SRC-000211;SRC-000204	SRC-000051/BLOCK-000851;SRC-000126/BLOCK-000566;SRC-000132/BLOCK-000847;SRC-000175/BLOCK-000855;SRC-000180/BLOCK-000519;SRC-000192/BLOCK-000849;SRC-000211/BLOCK-000843;SRC-000452/BLOCK-000826;SRC-000466/BLOCK-000841;SRC-000474/BLOCK-000909;SRC-000475/BLOCK-000910	REPL-110;REPL-113;REPL-114;REPL-115;REPL-116;REPL-117;REPL-118;REPL-124;REPL-128;REPL-121;REPL-123;REPL-130;REPL-105;REPL-111;REPL-112;REPL-122	APB-000007;APB-000008;APB-000012;APB-000017	yes	attachment_update	done	Stage 3 attachment route generated from completed scope row; use exact source blocks and missing-input prompts before item-level production claims.
S3-SCOPE-011	J014	S3-J013	GPTs/attachments/09_replication_ha_cdc.md	09. Replication, HA, and CDC	KAE-BLOCK-000241	repo_ko_only	translation_candidate_after_alignment	pending	technical_documents_support	multi	Korean authoritative	SRC-000474	SRC-000051/BLOCK-000851;SRC-000126/BLOCK-000566;SRC-000132/BLOCK-000847;SRC-000175/BLOCK-000855;SRC-000180/BLOCK-000519;SRC-000192/BLOCK-000849;SRC-000211/BLOCK-000843;SRC-000452/BLOCK-000826;SRC-000466/BLOCK-000841;SRC-000474/BLOCK-000909;SRC-000475/BLOCK-000910	REPL-110;REPL-113;REPL-114;REPL-115;REPL-116;REPL-117;REPL-118;REPL-124;REPL-128;REPL-121;REPL-123;REPL-130;REPL-105;REPL-111;REPL-112;REPL-122	APB-000007;APB-000008;APB-000012;APB-000017	yes	attachment_update	done	Stage 3 attachment route generated from completed scope row; use exact source blocks and missing-input prompts before item-level production claims.
S3-SCOPE-011	J014	S3-J013	GPTs/attachments/09_replication_ha_cdc.md	09. Replication, HA, and CDC	KAE-BLOCK-000242	repo_ko_only	translation_candidate_after_alignment	pending	technical_documents_support	multi	Korean authoritative	SRC-000475	SRC-000051/BLOCK-000851;SRC-000126/BLOCK-000566;SRC-000132/BLOCK-000847;SRC-000175/BLOCK-000855;SRC-000180/BLOCK-000519;SRC-000192/BLOCK-000849;SRC-000211/BLOCK-000843;SRC-000452/BLOCK-000826;SRC-000466/BLOCK-000841;SRC-000474/BLOCK-000909;SRC-000475/BLOCK-000910	REPL-110;REPL-113;REPL-114;REPL-115;REPL-116;REPL-117;REPL-118;REPL-124;REPL-128;REPL-121;REPL-123;REPL-130;REPL-105;REPL-111;REPL-112;REPL-122	APB-000007;APB-000008;APB-000012;APB-000017	yes	attachment_update	done	Stage 3 attachment route generated from completed scope row; use exact source blocks and missing-input prompts before item-level production claims.
S3-SCOPE-011	J014	S3-J013	GPTs/attachments/09_replication_ha_cdc.md	09. Replication, HA, and CDC	KAE-BLOCK-000253	repo_paired_ko_en	primary_working_source_after_alignment	pending	release_notes_platform	8.1.0.0.1	Korean authoritative; Altibase 8.1 verified source; English extraction aid	SRC-000452;SRC-000429	SRC-000051/BLOCK-000851;SRC-000126/BLOCK-000566;SRC-000132/BLOCK-000847;SRC-000175/BLOCK-000855;SRC-000180/BLOCK-000519;SRC-000192/BLOCK-000849;SRC-000211/BLOCK-000843;SRC-000452/BLOCK-000826;SRC-000466/BLOCK-000841;SRC-000474/BLOCK-000909;SRC-000475/BLOCK-000910	REPL-110;REPL-113;REPL-114;REPL-115;REPL-116;REPL-117;REPL-118;REPL-124;REPL-128;REPL-121;REPL-123;REPL-130;REPL-105;REPL-111;REPL-112;REPL-122	APB-000007;APB-000008;APB-000012;APB-000017	yes	attachment_update	done	Stage 3 attachment route generated from completed scope row; use exact source blocks and missing-input prompts before item-level production claims.
S3-SCOPE-011	J014	S3-J013	GPTs/attachments/09_replication_ha_cdc.md	09. Replication, HA, and CDC	KAE-BLOCK-000269	repo_paired_ko_en	primary_working_source_after_alignment	pending	replication_manager	Replication Manager 1.4	Korean authoritative; English extraction aid	SRC-000466;SRC-000445	SRC-000051/BLOCK-000851;SRC-000126/BLOCK-000566;SRC-000132/BLOCK-000847;SRC-000175/BLOCK-000855;SRC-000180/BLOCK-000519;SRC-000192/BLOCK-000849;SRC-000211/BLOCK-000843;SRC-000452/BLOCK-000826;SRC-000466/BLOCK-000841;SRC-000474/BLOCK-000909;SRC-000475/BLOCK-000910	REPL-110;REPL-113;REPL-114;REPL-115;REPL-116;REPL-117;REPL-118;REPL-124;REPL-128;REPL-121;REPL-123;REPL-130;REPL-105;REPL-111;REPL-112;REPL-122	APB-000007;APB-000008;APB-000012;APB-000017	yes	attachment_update	done	Stage 3 attachment route generated from completed scope row; use exact source blocks and missing-input prompts before item-level production claims.
S3-SCOPE-011	J014	S3-J013	GPTs/attachments/09_replication_ha_cdc.md	09. Replication, HA, and CDC	KAE-BLOCK-000272	hybrid	primary_working_source_after_alignment	aligned	administrator_operations;general_reference_1_datatypes_properties;getting_started_installation;replication_manual;security_ssl_tls;sql_reference	7.1;7.3;8.1_verified	Korean authoritative; English extraction aid; Altibase 8.1 verified source	SRC-000049;SRC-000056;SRC-000058;SRC-000060;SRC-000070;SRC-000051;SRC-000072;SRC-000113;SRC-000120;SRC-000122;SRC-000124;SRC-000132;SRC-000115;SRC-000134;SRC-000173;SRC-000180;SRC-000182;SRC-000184;SRC-000192;SRC-000175;SRC-000194;SRC-000018;SRC-000025;SRC-000027;SRC-000029;SRC-000038;SRC-000020;SRC-000040;SRC-000082;SRC-000089;SRC-000091;SRC-000093;SRC-000101;SRC-000084;SRC-000103;SRC-000143;SRC-000150;SRC-000152;SRC-000154;SRC-000161;SRC-000145;SRC-000163	SRC-000051/BLOCK-000851;SRC-000126/BLOCK-000566;SRC-000132/BLOCK-000847;SRC-000175/BLOCK-000855;SRC-000180/BLOCK-000519;SRC-000192/BLOCK-000849;SRC-000211/BLOCK-000843;SRC-000452/BLOCK-000826;SRC-000466/BLOCK-000841;SRC-000474/BLOCK-000909;SRC-000475/BLOCK-000910	REPL-110;REPL-113;REPL-114;REPL-115;REPL-116;REPL-117;REPL-118;REPL-124;REPL-128;REPL-121;REPL-123;REPL-130;REPL-105;REPL-111;REPL-112;REPL-122	APB-000007;APB-000008;APB-000012;APB-000017	yes	attachment_update	done	Stage 3 attachment route generated from completed scope row; use exact source blocks and missing-input prompts before item-level production claims.
S3-SCOPE-011	J014	S3-J013	GPTs/attachments/09_replication_ha_cdc.md	09. Replication, HA, and CDC	KAE-BLOCK-000273	hybrid	primary_working_source_after_alignment	aligned	administrator_operations;error_message_reference;general_reference_1_datatypes_properties;general_reference_2_dictionary_views;replication_manual;sql_reference	7.1;7.3;8.1_verified	Korean authoritative; English extraction aid; Altibase 8.1 verified source	SRC-000049;SRC-000054;SRC-000056;SRC-000057;SRC-000070;SRC-000072;SRC-000113;SRC-000118;SRC-000120;SRC-000121;SRC-000132;SRC-000134;SRC-000173;SRC-000178;SRC-000180;SRC-000181;SRC-000192;SRC-000194;SRC-000018;SRC-000023;SRC-000025;SRC-000026;SRC-000038;SRC-000040;SRC-000082;SRC-000087;SRC-000089;SRC-000090;SRC-000101;SRC-000103;SRC-000143;SRC-000148;SRC-000150;SRC-000151;SRC-000161;SRC-000163	SRC-000051/BLOCK-000851;SRC-000126/BLOCK-000566;SRC-000132/BLOCK-000847;SRC-000175/BLOCK-000855;SRC-000180/BLOCK-000519;SRC-000192/BLOCK-000849;SRC-000211/BLOCK-000843;SRC-000452/BLOCK-000826;SRC-000466/BLOCK-000841;SRC-000474/BLOCK-000909;SRC-000475/BLOCK-000910	REPL-110;REPL-113;REPL-114;REPL-115;REPL-116;REPL-117;REPL-118;REPL-124;REPL-128;REPL-121;REPL-123;REPL-130;REPL-105;REPL-111;REPL-112;REPL-122	APB-000007;APB-000008;APB-000012;APB-000017	yes	attachment_update	done	Stage 3 attachment route generated from completed scope row; use exact source blocks and missing-input prompts before item-level production claims.
S3-SCOPE-011	J014	S3-J013	GPTs/attachments/09_replication_ha_cdc.md	09. Replication, HA, and CDC	KAE-BLOCK-000274	hybrid	primary_working_source_after_alignment	aligned	c_cli_odbc_precompiler;dblink_hadoop_external_connectors;isql_iloader;jdbc_java;migration_oracle;spatial_nifi_tableau;utilities_datacompj;release_notes_platform;third_party_guides	7.1;7.1.0.1.2;7.3;7.3.0.0.1;8.1_verified;multi;8.1.0.0.1;Migration Center 7.10;Migration Center 7.11;Migration Center 7.12;Migration Center 7.13;Migration Center 7.14;Migration Center 7.15;Migration Center 7.16;Migration Center 7.17;Migration Center 7.18;Migration Center 7.19;Migration Center 7.9;dataCompJ 7.2	Korean authoritative; English extraction aid; Altibase 8.1 verified source	SRC-000046;SRC-000050;SRC-000052;SRC-000065;SRC-000068;SRC-000053;SRC-000059;SRC-000077;SRC-000078;SRC-000047;SRC-000061;SRC-000048;SRC-000074;SRC-000076;SRC-000450;SRC-000110;SRC-000114;SRC-000116;SRC-000128;SRC-000130;SRC-000117;SRC-000123;SRC-000138;SRC-000139;SRC-000111;SRC-000125;SRC-000112;SRC-000135;SRC-000137;SRC-000451;SRC-000170;SRC-000174;SRC-000176;SRC-000188;SRC-000190;SRC-000177;SRC-000183;SRC-000221;SRC-000198;SRC-000199;SRC-000171;SRC-000185;SRC-000172;SRC-000223;SRC-000195;SRC-000226;SRC-000197;SRC-000222;SRC-000227;SRC-000207;SRC-000473;SRC-000209;SRC-000212;SRC-000470;SRC-000008;SRC-000009;SRC-000010;SRC-000012;SRC-000013;SRC-000014;SRC-000208;SRC-000213;SRC-000452;SRC-000453;SRC-000454;SRC-000455;SRC-000456;SRC-000457;SRC-000458;SRC-000459;SRC-000460;SRC-000461;SRC-000462;SRC-000463;SRC-000471;SRC-000015;SRC-000019;SRC-000021;SRC-000034;SRC-000036;SRC-000022;SRC-000028;SRC-000044;SRC-000045;SRC-000016;SRC-000030;SRC-000017;SRC-000041;SRC-000043;SRC-000427;SRC-000079;SRC-000083;SRC-000085;SRC-000097;SRC-000099;SRC-000086;SRC-000092;SRC-000107;SRC-000108;SRC-000080;SRC-000094;SRC-000081;SRC-000104;SRC-000106;SRC-000428;SRC-000140;SRC-000144;SRC-000146;SRC-000158;SRC-000160;SRC-000147;SRC-000153;SRC-000214;SRC-000167;SRC-000168;SRC-000141;SRC-000155;SRC-000142;SRC-000216;SRC-000164;SRC-000219;SRC-000166;SRC-000215;SRC-000220;SRC-000200;SRC-000202;SRC-000205;SRC-000448;SRC-000002;SRC-000003;SRC-000004;SRC-000005;SRC-000006;SRC-000007;SRC-000201;SRC-000206;SRC-000429;SRC-000430;SRC-000431;SRC-000432;SRC-000433;SRC-000434;SRC-000435;SRC-000436;SRC-000437;SRC-000438;SRC-000439;SRC-000442;SRC-000449	SRC-000051/BLOCK-000851;SRC-000126/BLOCK-000566;SRC-000132/BLOCK-000847;SRC-000175/BLOCK-000855;SRC-000180/BLOCK-000519;SRC-000192/BLOCK-000849;SRC-000211/BLOCK-000843;SRC-000452/BLOCK-000826;SRC-000466/BLOCK-000841;SRC-000474/BLOCK-000909;SRC-000475/BLOCK-000910	REPL-110;REPL-113;REPL-114;REPL-115;REPL-116;REPL-117;REPL-118;REPL-124;REPL-128;REPL-121;REPL-123;REPL-130;REPL-105;REPL-111;REPL-112;REPL-122	APB-000007;APB-000008;APB-000012;APB-000017	yes	attachment_update	done	Stage 3 attachment route generated from completed scope row; use exact source blocks and missing-input prompts before item-level production claims.
S3-SCOPE-011	J014	S3-J013	GPTs/attachments/09_replication_ha_cdc.md	09. Replication, HA, and CDC	KAE-BLOCK-000275	hybrid	primary_working_source_after_alignment	aligned	patch_notes;release_notes_platform;technical_documents_support;third_party_guides;migration_oracle;replication_manager;spatial_nifi_tableau;utilities_datacompj	7.1;7.3;8.1_verified;multi;selected release-note tool scopes	Korean authoritative; English extraction aid; Repository source evidence; Approved support evidence; Altibase 8.1 verified source	SRC-000008;SRC-000009;SRC-000010;SRC-000011;SRC-000012;SRC-000013;SRC-000014;SRC-000064;SRC-000301;SRC-000302;SRC-000303;SRC-000304;SRC-000305;SRC-000306;SRC-000307;SRC-000308;SRC-000309;SRC-000310;SRC-000311;SRC-000312;SRC-000313;SRC-000314;SRC-000315;SRC-000316;SRC-000317;SRC-000318;SRC-000319;SRC-000320;SRC-000321;SRC-000322;SRC-000323;SRC-000324;SRC-000325;SRC-000326;SRC-000327;SRC-000328;SRC-000329;SRC-000330;SRC-000331;SRC-000332;SRC-000333;SRC-000334;SRC-000335;SRC-000336;SRC-000337;SRC-000338;SRC-000339;SRC-000340;SRC-000341;SRC-000342;SRC-000343;SRC-000344;SRC-000345;SRC-000346;SRC-000347;SRC-000348;SRC-000349;SRC-000350;SRC-000351;SRC-000352;SRC-000353;SRC-000354;SRC-000355;SRC-000356;SRC-000357;SRC-000358;SRC-000359;SRC-000360;SRC-000361;SRC-000362;SRC-000363;SRC-000364;SRC-000365;SRC-000366;SRC-000367;SRC-000368;SRC-000369;SRC-000370;SRC-000371;SRC-000372;SRC-000373;SRC-000374;SRC-000375;SRC-000376;SRC-000377;SRC-000378;SRC-000379;SRC-000380;SRC-000381;SRC-000382;SRC-000383;SRC-000384;SRC-000385;SRC-000386;SRC-000387;SRC-000388;SRC-000389;SRC-000390;SRC-000391;SRC-000392;SRC-000393;SRC-000394;SRC-000395;SRC-000396;SRC-000405;SRC-000406;SRC-000407;SRC-000408;SRC-000409;SRC-000410;SRC-000411;SRC-000412;SRC-000413;SRC-000414;SRC-000415;SRC-000416;SRC-000417;SRC-000418;SRC-000419;SRC-000420;SRC-000421;SRC-000422;SRC-000423;SRC-000450;SRC-000451;SRC-000452;SRC-000453;SRC-000454;SRC-000455;SRC-000456;SRC-000457;SRC-000458;SRC-000459;SRC-000460;SRC-000461;SRC-000462;SRC-000463;SRC-000464;SRC-000465;SRC-000466;SRC-000467;SRC-000468;SRC-000469;SRC-000470;SRC-000471;SRC-000473;SRC-000474;SRC-000475;SRC-000476;SRC-000002;SRC-000003;SRC-000004;SRC-000005;SRC-000006;SRC-000007;SRC-000033;SRC-000231;SRC-000232;SRC-000233;SRC-000234;SRC-000235;SRC-000236;SRC-000237;SRC-000238;SRC-000239;SRC-000240;SRC-000241;SRC-000242;SRC-000243;SRC-000244;SRC-000245;SRC-000246;SRC-000247;SRC-000248;SRC-000249;SRC-000250;SRC-000251;SRC-000252;SRC-000253;SRC-000254;SRC-000255;SRC-000256;SRC-000257;SRC-000258;SRC-000259;SRC-000260;SRC-000261;SRC-000262;SRC-000263;SRC-000264;SRC-000265;SRC-000266;SRC-000267;SRC-000268;SRC-000269;SRC-000270;SRC-000271;SRC-000272;SRC-000273;SRC-000274;SRC-000275;SRC-000276;SRC-000277;SRC-000278;SRC-000279;SRC-000280;SRC-000281;SRC-000282;SRC-000283;SRC-000284;SRC-000285;SRC-000286;SRC-000287;SRC-000288;SRC-000289;SRC-000290;SRC-000291;SRC-000292;SRC-000293;SRC-000294;SRC-000295;SRC-000296;SRC-000297;SRC-000298;SRC-000299;SRC-000300;SRC-000399;SRC-000400;SRC-000401;SRC-000402;SRC-000403;SRC-000404;SRC-000427;SRC-000428;SRC-000429;SRC-000430;SRC-000431;SRC-000432;SRC-000433;SRC-000434;SRC-000435;SRC-000436;SRC-000437;SRC-000438;SRC-000439;SRC-000440;SRC-000441;SRC-000442;SRC-000443;SRC-000444;SRC-000445;SRC-000446;SRC-000447;SRC-000448;SRC-000449;SRC-000472;SRC-000001;SRC-000228;SRC-000229;SRC-000230;SRC-000397;SRC-000398;SRC-000424;SRC-000425;SRC-000426;SRC-000477	SRC-000051/BLOCK-000851;SRC-000126/BLOCK-000566;SRC-000132/BLOCK-000847;SRC-000175/BLOCK-000855;SRC-000180/BLOCK-000519;SRC-000192/BLOCK-000849;SRC-000211/BLOCK-000843;SRC-000452/BLOCK-000826;SRC-000466/BLOCK-000841;SRC-000474/BLOCK-000909;SRC-000475/BLOCK-000910	REPL-110;REPL-113;REPL-114;REPL-115;REPL-116;REPL-117;REPL-118;REPL-124;REPL-128;REPL-121;REPL-123;REPL-130;REPL-105;REPL-111;REPL-112;REPL-122	APB-000007;APB-000008;APB-000012;APB-000017	yes	attachment_update	done	Stage 3 attachment route generated from completed scope row; use exact source blocks and missing-input prompts before item-level production claims.
S3-SCOPE-011	J014	S3-J013	GPTs/attachments/09_replication_ha_cdc.md	09. Replication, HA, and CDC	KAE-BLOCK-000280	hybrid	primary_working_source_after_alignment	aligned	log_analyzer	7.1;7.3;8.1_verified	Korean authoritative; English extraction aid; Altibase 8.1 verified source	SRC-000062;SRC-000126;SRC-000186;SRC-000031;SRC-000095;SRC-000156	SRC-000051/BLOCK-000851;SRC-000126/BLOCK-000566;SRC-000132/BLOCK-000847;SRC-000175/BLOCK-000855;SRC-000180/BLOCK-000519;SRC-000192/BLOCK-000849;SRC-000211/BLOCK-000843;SRC-000452/BLOCK-000826;SRC-000466/BLOCK-000841;SRC-000474/BLOCK-000909;SRC-000475/BLOCK-000910	REPL-110;REPL-113;REPL-114;REPL-115;REPL-116;REPL-117;REPL-118;REPL-124;REPL-128;REPL-121;REPL-123;REPL-130;REPL-105;REPL-111;REPL-112;REPL-122	APB-000007;APB-000008;APB-000012;APB-000017	yes	attachment_update	done	Stage 3 attachment route generated from completed scope row; use exact source blocks and missing-input prompts before item-level production claims.
S3-SCOPE-011	J014	S3-J013	GPTs/attachments/09_replication_ha_cdc.md	09. Replication, HA, and CDC	KAE-BLOCK-000286	hybrid	primary_working_source_after_alignment	aligned	replication_manager	multi;8.1_verified	Korean authoritative; English extraction aid; Altibase 8.1 verified source	SRC-000211;SRC-000225;SRC-000204;SRC-000218	SRC-000051/BLOCK-000851;SRC-000126/BLOCK-000566;SRC-000132/BLOCK-000847;SRC-000175/BLOCK-000855;SRC-000180/BLOCK-000519;SRC-000192/BLOCK-000849;SRC-000211/BLOCK-000843;SRC-000452/BLOCK-000826;SRC-000466/BLOCK-000841;SRC-000474/BLOCK-000909;SRC-000475/BLOCK-000910	REPL-110;REPL-113;REPL-114;REPL-115;REPL-116;REPL-117;REPL-118;REPL-124;REPL-128;REPL-121;REPL-123;REPL-130;REPL-105;REPL-111;REPL-112;REPL-122	APB-000007;APB-000008;APB-000012;APB-000017	yes	attachment_update	done	Stage 3 attachment route generated from completed scope row; use exact source blocks and missing-input prompts before item-level production claims.
S3-SCOPE-011	J014	S3-J013	GPTs/attachments/16_dblink_external_connectors.md	16. DB Link and External Connectors	KAE-BLOCK-000030	repo_paired_ko_en	primary_working_source_after_alignment	pending	security_ssl_tls	7.1	Korean authoritative; English extraction aid	SRC-000051;SRC-000020	SRC-000051/BLOCK-000851;SRC-000126/BLOCK-000566;SRC-000132/BLOCK-000847;SRC-000175/BLOCK-000855;SRC-000180/BLOCK-000519;SRC-000192/BLOCK-000849;SRC-000211/BLOCK-000843;SRC-000452/BLOCK-000826;SRC-000466/BLOCK-000841;SRC-000474/BLOCK-000909;SRC-000475/BLOCK-000910	REPL-110;REPL-113;REPL-114;REPL-115;REPL-116;REPL-117;REPL-118;REPL-124;REPL-128;REPL-121;REPL-123;REPL-130;REPL-105;REPL-111;REPL-112;REPL-122	APB-000007;APB-000008;APB-000012;APB-000017	yes	attachment_update	done	Stage 3 attachment route generated from completed scope row; use exact source blocks and missing-input prompts before item-level production claims.
S3-SCOPE-011	J014	S3-J013	GPTs/attachments/16_dblink_external_connectors.md	16. DB Link and External Connectors	KAE-BLOCK-000153	repo_paired_ko_en	primary_working_source_after_alignment	pending	log_analyzer	7.3	Korean authoritative; English extraction aid	SRC-000126;SRC-000095	SRC-000051/BLOCK-000851;SRC-000126/BLOCK-000566;SRC-000132/BLOCK-000847;SRC-000175/BLOCK-000855;SRC-000180/BLOCK-000519;SRC-000192/BLOCK-000849;SRC-000211/BLOCK-000843;SRC-000452/BLOCK-000826;SRC-000466/BLOCK-000841;SRC-000474/BLOCK-000909;SRC-000475/BLOCK-000910	REPL-110;REPL-113;REPL-114;REPL-115;REPL-116;REPL-117;REPL-118;REPL-124;REPL-128;REPL-121;REPL-123;REPL-130;REPL-105;REPL-111;REPL-112;REPL-122	APB-000007;APB-000008;APB-000012;APB-000017	yes	attachment_update	done	Stage 3 attachment route generated from completed scope row; use exact source blocks and missing-input prompts before item-level production claims.
S3-SCOPE-011	J014	S3-J013	GPTs/attachments/16_dblink_external_connectors.md	16. DB Link and External Connectors	KAE-BLOCK-000162	repo_paired_ko_en	primary_working_source_after_alignment	pending	replication_manual	7.3	Korean authoritative; English extraction aid	SRC-000132;SRC-000101	SRC-000051/BLOCK-000851;SRC-000126/BLOCK-000566;SRC-000132/BLOCK-000847;SRC-000175/BLOCK-000855;SRC-000180/BLOCK-000519;SRC-000192/BLOCK-000849;SRC-000211/BLOCK-000843;SRC-000452/BLOCK-000826;SRC-000466/BLOCK-000841;SRC-000474/BLOCK-000909;SRC-000475/BLOCK-000910	REPL-110;REPL-113;REPL-114;REPL-115;REPL-116;REPL-117;REPL-118;REPL-124;REPL-128;REPL-121;REPL-123;REPL-130;REPL-105;REPL-111;REPL-112;REPL-122	APB-000007;APB-000008;APB-000012;APB-000017	yes	attachment_update	done	Stage 3 attachment route generated from completed scope row; use exact source blocks and missing-input prompts before item-level production claims.
S3-SCOPE-011	J014	S3-J013	GPTs/attachments/16_dblink_external_connectors.md	16. DB Link and External Connectors	KAE-BLOCK-000201	repo_paired_ko_en	primary_working_source_after_alignment	pending	general_reference_1_datatypes_properties	8.1_verified	Korean authoritative; Altibase 8.1 verified source; English extraction aid	SRC-000180;SRC-000150	SRC-000051/BLOCK-000851;SRC-000126/BLOCK-000566;SRC-000132/BLOCK-000847;SRC-000175/BLOCK-000855;SRC-000180/BLOCK-000519;SRC-000192/BLOCK-000849;SRC-000211/BLOCK-000843;SRC-000452/BLOCK-000826;SRC-000466/BLOCK-000841;SRC-000474/BLOCK-000909;SRC-000475/BLOCK-000910	REPL-110;REPL-113;REPL-114;REPL-115;REPL-116;REPL-117;REPL-118;REPL-124;REPL-128;REPL-121;REPL-123;REPL-130;REPL-105;REPL-111;REPL-112;REPL-122	APB-000007;APB-000008;APB-000012;APB-000017	yes	attachment_update	done	Stage 3 attachment route generated from completed scope row; use exact source blocks and missing-input prompts before item-level production claims.
S3-SCOPE-011	J014	S3-J013	GPTs/attachments/16_dblink_external_connectors.md	16. DB Link and External Connectors	KAE-BLOCK-000217	repo_paired_ko_en	primary_working_source_after_alignment	pending	replication_manual	8.1_verified	Korean authoritative; Altibase 8.1 verified source; English extraction aid	SRC-000192;SRC-000161	SRC-000051/BLOCK-000851;SRC-000126/BLOCK-000566;SRC-000132/BLOCK-000847;SRC-000175/BLOCK-000855;SRC-000180/BLOCK-000519;SRC-000192/BLOCK-000849;SRC-000211/BLOCK-000843;SRC-000452/BLOCK-000826;SRC-000466/BLOCK-000841;SRC-000474/BLOCK-000909;SRC-000475/BLOCK-000910	REPL-110;REPL-113;REPL-114;REPL-115;REPL-116;REPL-117;REPL-118;REPL-124;REPL-128;REPL-121;REPL-123;REPL-130;REPL-105;REPL-111;REPL-112;REPL-122	APB-000007;APB-000008;APB-000012;APB-000017	yes	attachment_update	done	Stage 3 attachment route generated from completed scope row; use exact source blocks and missing-input prompts before item-level production claims.
S3-SCOPE-011	J014	S3-J013	GPTs/attachments/16_dblink_external_connectors.md	16. DB Link and External Connectors	KAE-BLOCK-000218	repo_paired_ko_en	primary_working_source_after_alignment	pending	security_ssl_tls	8.1_verified	Korean authoritative; Altibase 8.1 verified source; English extraction aid	SRC-000175;SRC-000145	SRC-000051/BLOCK-000851;SRC-000126/BLOCK-000566;SRC-000132/BLOCK-000847;SRC-000175/BLOCK-000855;SRC-000180/BLOCK-000519;SRC-000192/BLOCK-000849;SRC-000211/BLOCK-000843;SRC-000452/BLOCK-000826;SRC-000466/BLOCK-000841;SRC-000474/BLOCK-000909;SRC-000475/BLOCK-000910	REPL-110;REPL-113;REPL-114;REPL-115;REPL-116;REPL-117;REPL-118;REPL-124;REPL-128;REPL-121;REPL-123;REPL-130;REPL-105;REPL-111;REPL-112;REPL-122	APB-000007;APB-000008;APB-000012;APB-000017	yes	attachment_update	done	Stage 3 attachment route generated from completed scope row; use exact source blocks and missing-input prompts before item-level production claims.
S3-SCOPE-011	J014	S3-J013	GPTs/attachments/16_dblink_external_connectors.md	16. DB Link and External Connectors	KAE-BLOCK-000236	repo_paired_ko_en	primary_working_source_after_alignment	pending	replication_manager	multi	Korean authoritative; English extraction aid	SRC-000211;SRC-000204	SRC-000051/BLOCK-000851;SRC-000126/BLOCK-000566;SRC-000132/BLOCK-000847;SRC-000175/BLOCK-000855;SRC-000180/BLOCK-000519;SRC-000192/BLOCK-000849;SRC-000211/BLOCK-000843;SRC-000452/BLOCK-000826;SRC-000466/BLOCK-000841;SRC-000474/BLOCK-000909;SRC-000475/BLOCK-000910	REPL-110;REPL-113;REPL-114;REPL-115;REPL-116;REPL-117;REPL-118;REPL-124;REPL-128;REPL-121;REPL-123;REPL-130;REPL-105;REPL-111;REPL-112;REPL-122	APB-000007;APB-000008;APB-000012;APB-000017	yes	attachment_update	done	Stage 3 attachment route generated from completed scope row; use exact source blocks and missing-input prompts before item-level production claims.
S3-SCOPE-011	J014	S3-J013	GPTs/attachments/16_dblink_external_connectors.md	16. DB Link and External Connectors	KAE-BLOCK-000241	repo_ko_only	translation_candidate_after_alignment	pending	technical_documents_support	multi	Korean authoritative	SRC-000474	SRC-000051/BLOCK-000851;SRC-000126/BLOCK-000566;SRC-000132/BLOCK-000847;SRC-000175/BLOCK-000855;SRC-000180/BLOCK-000519;SRC-000192/BLOCK-000849;SRC-000211/BLOCK-000843;SRC-000452/BLOCK-000826;SRC-000466/BLOCK-000841;SRC-000474/BLOCK-000909;SRC-000475/BLOCK-000910	REPL-110;REPL-113;REPL-114;REPL-115;REPL-116;REPL-117;REPL-118;REPL-124;REPL-128;REPL-121;REPL-123;REPL-130;REPL-105;REPL-111;REPL-112;REPL-122	APB-000007;APB-000008;APB-000012;APB-000017	yes	attachment_update	done	Stage 3 attachment route generated from completed scope row; use exact source blocks and missing-input prompts before item-level production claims.
S3-SCOPE-011	J014	S3-J013	GPTs/attachments/16_dblink_external_connectors.md	16. DB Link and External Connectors	KAE-BLOCK-000242	repo_ko_only	translation_candidate_after_alignment	pending	technical_documents_support	multi	Korean authoritative	SRC-000475	SRC-000051/BLOCK-000851;SRC-000126/BLOCK-000566;SRC-000132/BLOCK-000847;SRC-000175/BLOCK-000855;SRC-000180/BLOCK-000519;SRC-000192/BLOCK-000849;SRC-000211/BLOCK-000843;SRC-000452/BLOCK-000826;SRC-000466/BLOCK-000841;SRC-000474/BLOCK-000909;SRC-000475/BLOCK-000910	REPL-110;REPL-113;REPL-114;REPL-115;REPL-116;REPL-117;REPL-118;REPL-124;REPL-128;REPL-121;REPL-123;REPL-130;REPL-105;REPL-111;REPL-112;REPL-122	APB-000007;APB-000008;APB-000012;APB-000017	yes	attachment_update	done	Stage 3 attachment route generated from completed scope row; use exact source blocks and missing-input prompts before item-level production claims.
S3-SCOPE-011	J014	S3-J013	GPTs/attachments/16_dblink_external_connectors.md	16. DB Link and External Connectors	KAE-BLOCK-000253	repo_paired_ko_en	primary_working_source_after_alignment	pending	release_notes_platform	8.1.0.0.1	Korean authoritative; Altibase 8.1 verified source; English extraction aid	SRC-000452;SRC-000429	SRC-000051/BLOCK-000851;SRC-000126/BLOCK-000566;SRC-000132/BLOCK-000847;SRC-000175/BLOCK-000855;SRC-000180/BLOCK-000519;SRC-000192/BLOCK-000849;SRC-000211/BLOCK-000843;SRC-000452/BLOCK-000826;SRC-000466/BLOCK-000841;SRC-000474/BLOCK-000909;SRC-000475/BLOCK-000910	REPL-110;REPL-113;REPL-114;REPL-115;REPL-116;REPL-117;REPL-118;REPL-124;REPL-128;REPL-121;REPL-123;REPL-130;REPL-105;REPL-111;REPL-112;REPL-122	APB-000007;APB-000008;APB-000012;APB-000017	yes	attachment_update	done	Stage 3 attachment route generated from completed scope row; use exact source blocks and missing-input prompts before item-level production claims.
S3-SCOPE-011	J014	S3-J013	GPTs/attachments/16_dblink_external_connectors.md	16. DB Link and External Connectors	KAE-BLOCK-000269	repo_paired_ko_en	primary_working_source_after_alignment	pending	replication_manager	Replication Manager 1.4	Korean authoritative; English extraction aid	SRC-000466;SRC-000445	SRC-000051/BLOCK-000851;SRC-000126/BLOCK-000566;SRC-000132/BLOCK-000847;SRC-000175/BLOCK-000855;SRC-000180/BLOCK-000519;SRC-000192/BLOCK-000849;SRC-000211/BLOCK-000843;SRC-000452/BLOCK-000826;SRC-000466/BLOCK-000841;SRC-000474/BLOCK-000909;SRC-000475/BLOCK-000910	REPL-110;REPL-113;REPL-114;REPL-115;REPL-116;REPL-117;REPL-118;REPL-124;REPL-128;REPL-121;REPL-123;REPL-130;REPL-105;REPL-111;REPL-112;REPL-122	APB-000007;APB-000008;APB-000012;APB-000017	yes	attachment_update	done	Stage 3 attachment route generated from completed scope row; use exact source blocks and missing-input prompts before item-level production claims.
S3-SCOPE-011	J014	S3-J013	GPTs/attachments/16_dblink_external_connectors.md	16. DB Link and External Connectors	KAE-BLOCK-000272	hybrid	primary_working_source_after_alignment	aligned	administrator_operations;general_reference_1_datatypes_properties;getting_started_installation;replication_manual;security_ssl_tls;sql_reference	7.1;7.3;8.1_verified	Korean authoritative; English extraction aid; Altibase 8.1 verified source	SRC-000049;SRC-000056;SRC-000058;SRC-000060;SRC-000070;SRC-000051;SRC-000072;SRC-000113;SRC-000120;SRC-000122;SRC-000124;SRC-000132;SRC-000115;SRC-000134;SRC-000173;SRC-000180;SRC-000182;SRC-000184;SRC-000192;SRC-000175;SRC-000194;SRC-000018;SRC-000025;SRC-000027;SRC-000029;SRC-000038;SRC-000020;SRC-000040;SRC-000082;SRC-000089;SRC-000091;SRC-000093;SRC-000101;SRC-000084;SRC-000103;SRC-000143;SRC-000150;SRC-000152;SRC-000154;SRC-000161;SRC-000145;SRC-000163	SRC-000051/BLOCK-000851;SRC-000126/BLOCK-000566;SRC-000132/BLOCK-000847;SRC-000175/BLOCK-000855;SRC-000180/BLOCK-000519;SRC-000192/BLOCK-000849;SRC-000211/BLOCK-000843;SRC-000452/BLOCK-000826;SRC-000466/BLOCK-000841;SRC-000474/BLOCK-000909;SRC-000475/BLOCK-000910	REPL-110;REPL-113;REPL-114;REPL-115;REPL-116;REPL-117;REPL-118;REPL-124;REPL-128;REPL-121;REPL-123;REPL-130;REPL-105;REPL-111;REPL-112;REPL-122	APB-000007;APB-000008;APB-000012;APB-000017	yes	attachment_update	done	Stage 3 attachment route generated from completed scope row; use exact source blocks and missing-input prompts before item-level production claims.
S3-SCOPE-011	J014	S3-J013	GPTs/attachments/16_dblink_external_connectors.md	16. DB Link and External Connectors	KAE-BLOCK-000273	hybrid	primary_working_source_after_alignment	aligned	administrator_operations;error_message_reference;general_reference_1_datatypes_properties;general_reference_2_dictionary_views;replication_manual;sql_reference	7.1;7.3;8.1_verified	Korean authoritative; English extraction aid; Altibase 8.1 verified source	SRC-000049;SRC-000054;SRC-000056;SRC-000057;SRC-000070;SRC-000072;SRC-000113;SRC-000118;SRC-000120;SRC-000121;SRC-000132;SRC-000134;SRC-000173;SRC-000178;SRC-000180;SRC-000181;SRC-000192;SRC-000194;SRC-000018;SRC-000023;SRC-000025;SRC-000026;SRC-000038;SRC-000040;SRC-000082;SRC-000087;SRC-000089;SRC-000090;SRC-000101;SRC-000103;SRC-000143;SRC-000148;SRC-000150;SRC-000151;SRC-000161;SRC-000163	SRC-000051/BLOCK-000851;SRC-000126/BLOCK-000566;SRC-000132/BLOCK-000847;SRC-000175/BLOCK-000855;SRC-000180/BLOCK-000519;SRC-000192/BLOCK-000849;SRC-000211/BLOCK-000843;SRC-000452/BLOCK-000826;SRC-000466/BLOCK-000841;SRC-000474/BLOCK-000909;SRC-000475/BLOCK-000910	REPL-110;REPL-113;REPL-114;REPL-115;REPL-116;REPL-117;REPL-118;REPL-124;REPL-128;REPL-121;REPL-123;REPL-130;REPL-105;REPL-111;REPL-112;REPL-122	APB-000007;APB-000008;APB-000012;APB-000017	yes	attachment_update	done	Stage 3 attachment route generated from completed scope row; use exact source blocks and missing-input prompts before item-level production claims.
S3-SCOPE-011	J014	S3-J013	GPTs/attachments/16_dblink_external_connectors.md	16. DB Link and External Connectors	KAE-BLOCK-000274	hybrid	primary_working_source_after_alignment	aligned	c_cli_odbc_precompiler;dblink_hadoop_external_connectors;isql_iloader;jdbc_java;migration_oracle;spatial_nifi_tableau;utilities_datacompj;release_notes_platform;third_party_guides	7.1;7.1.0.1.2;7.3;7.3.0.0.1;8.1_verified;multi;8.1.0.0.1;Migration Center 7.10;Migration Center 7.11;Migration Center 7.12;Migration Center 7.13;Migration Center 7.14;Migration Center 7.15;Migration Center 7.16;Migration Center 7.17;Migration Center 7.18;Migration Center 7.19;Migration Center 7.9;dataCompJ 7.2	Korean authoritative; English extraction aid; Altibase 8.1 verified source	SRC-000046;SRC-000050;SRC-000052;SRC-000065;SRC-000068;SRC-000053;SRC-000059;SRC-000077;SRC-000078;SRC-000047;SRC-000061;SRC-000048;SRC-000074;SRC-000076;SRC-000450;SRC-000110;SRC-000114;SRC-000116;SRC-000128;SRC-000130;SRC-000117;SRC-000123;SRC-000138;SRC-000139;SRC-000111;SRC-000125;SRC-000112;SRC-000135;SRC-000137;SRC-000451;SRC-000170;SRC-000174;SRC-000176;SRC-000188;SRC-000190;SRC-000177;SRC-000183;SRC-000221;SRC-000198;SRC-000199;SRC-000171;SRC-000185;SRC-000172;SRC-000223;SRC-000195;SRC-000226;SRC-000197;SRC-000222;SRC-000227;SRC-000207;SRC-000473;SRC-000209;SRC-000212;SRC-000470;SRC-000008;SRC-000009;SRC-000010;SRC-000012;SRC-000013;SRC-000014;SRC-000208;SRC-000213;SRC-000452;SRC-000453;SRC-000454;SRC-000455;SRC-000456;SRC-000457;SRC-000458;SRC-000459;SRC-000460;SRC-000461;SRC-000462;SRC-000463;SRC-000471;SRC-000015;SRC-000019;SRC-000021;SRC-000034;SRC-000036;SRC-000022;SRC-000028;SRC-000044;SRC-000045;SRC-000016;SRC-000030;SRC-000017;SRC-000041;SRC-000043;SRC-000427;SRC-000079;SRC-000083;SRC-000085;SRC-000097;SRC-000099;SRC-000086;SRC-000092;SRC-000107;SRC-000108;SRC-000080;SRC-000094;SRC-000081;SRC-000104;SRC-000106;SRC-000428;SRC-000140;SRC-000144;SRC-000146;SRC-000158;SRC-000160;SRC-000147;SRC-000153;SRC-000214;SRC-000167;SRC-000168;SRC-000141;SRC-000155;SRC-000142;SRC-000216;SRC-000164;SRC-000219;SRC-000166;SRC-000215;SRC-000220;SRC-000200;SRC-000202;SRC-000205;SRC-000448;SRC-000002;SRC-000003;SRC-000004;SRC-000005;SRC-000006;SRC-000007;SRC-000201;SRC-000206;SRC-000429;SRC-000430;SRC-000431;SRC-000432;SRC-000433;SRC-000434;SRC-000435;SRC-000436;SRC-000437;SRC-000438;SRC-000439;SRC-000442;SRC-000449	SRC-000051/BLOCK-000851;SRC-000126/BLOCK-000566;SRC-000132/BLOCK-000847;SRC-000175/BLOCK-000855;SRC-000180/BLOCK-000519;SRC-000192/BLOCK-000849;SRC-000211/BLOCK-000843;SRC-000452/BLOCK-000826;SRC-000466/BLOCK-000841;SRC-000474/BLOCK-000909;SRC-000475/BLOCK-000910	REPL-110;REPL-113;REPL-114;REPL-115;REPL-116;REPL-117;REPL-118;REPL-124;REPL-128;REPL-121;REPL-123;REPL-130;REPL-105;REPL-111;REPL-112;REPL-122	APB-000007;APB-000008;APB-000012;APB-000017	yes	attachment_update	done	Stage 3 attachment route generated from completed scope row; use exact source blocks and missing-input prompts before item-level production claims.
S3-SCOPE-011	J014	S3-J013	GPTs/attachments/16_dblink_external_connectors.md	16. DB Link and External Connectors	KAE-BLOCK-000275	hybrid	primary_working_source_after_alignment	aligned	patch_notes;release_notes_platform;technical_documents_support;third_party_guides;migration_oracle;replication_manager;spatial_nifi_tableau;utilities_datacompj	7.1;7.3;8.1_verified;multi;selected release-note tool scopes	Korean authoritative; English extraction aid; Repository source evidence; Approved support evidence; Altibase 8.1 verified source	SRC-000008;SRC-000009;SRC-000010;SRC-000011;SRC-000012;SRC-000013;SRC-000014;SRC-000064;SRC-000301;SRC-000302;SRC-000303;SRC-000304;SRC-000305;SRC-000306;SRC-000307;SRC-000308;SRC-000309;SRC-000310;SRC-000311;SRC-000312;SRC-000313;SRC-000314;SRC-000315;SRC-000316;SRC-000317;SRC-000318;SRC-000319;SRC-000320;SRC-000321;SRC-000322;SRC-000323;SRC-000324;SRC-000325;SRC-000326;SRC-000327;SRC-000328;SRC-000329;SRC-000330;SRC-000331;SRC-000332;SRC-000333;SRC-000334;SRC-000335;SRC-000336;SRC-000337;SRC-000338;SRC-000339;SRC-000340;SRC-000341;SRC-000342;SRC-000343;SRC-000344;SRC-000345;SRC-000346;SRC-000347;SRC-000348;SRC-000349;SRC-000350;SRC-000351;SRC-000352;SRC-000353;SRC-000354;SRC-000355;SRC-000356;SRC-000357;SRC-000358;SRC-000359;SRC-000360;SRC-000361;SRC-000362;SRC-000363;SRC-000364;SRC-000365;SRC-000366;SRC-000367;SRC-000368;SRC-000369;SRC-000370;SRC-000371;SRC-000372;SRC-000373;SRC-000374;SRC-000375;SRC-000376;SRC-000377;SRC-000378;SRC-000379;SRC-000380;SRC-000381;SRC-000382;SRC-000383;SRC-000384;SRC-000385;SRC-000386;SRC-000387;SRC-000388;SRC-000389;SRC-000390;SRC-000391;SRC-000392;SRC-000393;SRC-000394;SRC-000395;SRC-000396;SRC-000405;SRC-000406;SRC-000407;SRC-000408;SRC-000409;SRC-000410;SRC-000411;SRC-000412;SRC-000413;SRC-000414;SRC-000415;SRC-000416;SRC-000417;SRC-000418;SRC-000419;SRC-000420;SRC-000421;SRC-000422;SRC-000423;SRC-000450;SRC-000451;SRC-000452;SRC-000453;SRC-000454;SRC-000455;SRC-000456;SRC-000457;SRC-000458;SRC-000459;SRC-000460;SRC-000461;SRC-000462;SRC-000463;SRC-000464;SRC-000465;SRC-000466;SRC-000467;SRC-000468;SRC-000469;SRC-000470;SRC-000471;SRC-000473;SRC-000474;SRC-000475;SRC-000476;SRC-000002;SRC-000003;SRC-000004;SRC-000005;SRC-000006;SRC-000007;SRC-000033;SRC-000231;SRC-000232;SRC-000233;SRC-000234;SRC-000235;SRC-000236;SRC-000237;SRC-000238;SRC-000239;SRC-000240;SRC-000241;SRC-000242;SRC-000243;SRC-000244;SRC-000245;SRC-000246;SRC-000247;SRC-000248;SRC-000249;SRC-000250;SRC-000251;SRC-000252;SRC-000253;SRC-000254;SRC-000255;SRC-000256;SRC-000257;SRC-000258;SRC-000259;SRC-000260;SRC-000261;SRC-000262;SRC-000263;SRC-000264;SRC-000265;SRC-000266;SRC-000267;SRC-000268;SRC-000269;SRC-000270;SRC-000271;SRC-000272;SRC-000273;SRC-000274;SRC-000275;SRC-000276;SRC-000277;SRC-000278;SRC-000279;SRC-000280;SRC-000281;SRC-000282;SRC-000283;SRC-000284;SRC-000285;SRC-000286;SRC-000287;SRC-000288;SRC-000289;SRC-000290;SRC-000291;SRC-000292;SRC-000293;SRC-000294;SRC-000295;SRC-000296;SRC-000297;SRC-000298;SRC-000299;SRC-000300;SRC-000399;SRC-000400;SRC-000401;SRC-000402;SRC-000403;SRC-000404;SRC-000427;SRC-000428;SRC-000429;SRC-000430;SRC-000431;SRC-000432;SRC-000433;SRC-000434;SRC-000435;SRC-000436;SRC-000437;SRC-000438;SRC-000439;SRC-000440;SRC-000441;SRC-000442;SRC-000443;SRC-000444;SRC-000445;SRC-000446;SRC-000447;SRC-000448;SRC-000449;SRC-000472;SRC-000001;SRC-000228;SRC-000229;SRC-000230;SRC-000397;SRC-000398;SRC-000424;SRC-000425;SRC-000426;SRC-000477	SRC-000051/BLOCK-000851;SRC-000126/BLOCK-000566;SRC-000132/BLOCK-000847;SRC-000175/BLOCK-000855;SRC-000180/BLOCK-000519;SRC-000192/BLOCK-000849;SRC-000211/BLOCK-000843;SRC-000452/BLOCK-000826;SRC-000466/BLOCK-000841;SRC-000474/BLOCK-000909;SRC-000475/BLOCK-000910	REPL-110;REPL-113;REPL-114;REPL-115;REPL-116;REPL-117;REPL-118;REPL-124;REPL-128;REPL-121;REPL-123;REPL-130;REPL-105;REPL-111;REPL-112;REPL-122	APB-000007;APB-000008;APB-000012;APB-000017	yes	attachment_update	done	Stage 3 attachment route generated from completed scope row; use exact source blocks and missing-input prompts before item-level production claims.
S3-SCOPE-011	J014	S3-J013	GPTs/attachments/16_dblink_external_connectors.md	16. DB Link and External Connectors	KAE-BLOCK-000280	hybrid	primary_working_source_after_alignment	aligned	log_analyzer	7.1;7.3;8.1_verified	Korean authoritative; English extraction aid; Altibase 8.1 verified source	SRC-000062;SRC-000126;SRC-000186;SRC-000031;SRC-000095;SRC-000156	SRC-000051/BLOCK-000851;SRC-000126/BLOCK-000566;SRC-000132/BLOCK-000847;SRC-000175/BLOCK-000855;SRC-000180/BLOCK-000519;SRC-000192/BLOCK-000849;SRC-000211/BLOCK-000843;SRC-000452/BLOCK-000826;SRC-000466/BLOCK-000841;SRC-000474/BLOCK-000909;SRC-000475/BLOCK-000910	REPL-110;REPL-113;REPL-114;REPL-115;REPL-116;REPL-117;REPL-118;REPL-124;REPL-128;REPL-121;REPL-123;REPL-130;REPL-105;REPL-111;REPL-112;REPL-122	APB-000007;APB-000008;APB-000012;APB-000017	yes	attachment_update	done	Stage 3 attachment route generated from completed scope row; use exact source blocks and missing-input prompts before item-level production claims.
S3-SCOPE-011	J014	S3-J013	GPTs/attachments/16_dblink_external_connectors.md	16. DB Link and External Connectors	KAE-BLOCK-000286	hybrid	primary_working_source_after_alignment	aligned	replication_manager	multi;8.1_verified	Korean authoritative; English extraction aid; Altibase 8.1 verified source	SRC-000211;SRC-000225;SRC-000204;SRC-000218	SRC-000051/BLOCK-000851;SRC-000126/BLOCK-000566;SRC-000132/BLOCK-000847;SRC-000175/BLOCK-000855;SRC-000180/BLOCK-000519;SRC-000192/BLOCK-000849;SRC-000211/BLOCK-000843;SRC-000452/BLOCK-000826;SRC-000466/BLOCK-000841;SRC-000474/BLOCK-000909;SRC-000475/BLOCK-000910	REPL-110;REPL-113;REPL-114;REPL-115;REPL-116;REPL-117;REPL-118;REPL-124;REPL-128;REPL-121;REPL-123;REPL-130;REPL-105;REPL-111;REPL-112;REPL-122	APB-000007;APB-000008;APB-000012;APB-000017	yes	attachment_update	done	Stage 3 attachment route generated from completed scope row; use exact source blocks and missing-input prompts before item-level production claims.
S3-SCOPE-011	J014	S3-J013	GPTs/attachments/18_security_ssl_tls.md	18. Security and SSL/TLS	KAE-BLOCK-000030	repo_paired_ko_en	primary_working_source_after_alignment	pending	security_ssl_tls	7.1	Korean authoritative; English extraction aid	SRC-000051;SRC-000020	SRC-000051/BLOCK-000851;SRC-000126/BLOCK-000566;SRC-000132/BLOCK-000847;SRC-000175/BLOCK-000855;SRC-000180/BLOCK-000519;SRC-000192/BLOCK-000849;SRC-000211/BLOCK-000843;SRC-000452/BLOCK-000826;SRC-000466/BLOCK-000841;SRC-000474/BLOCK-000909;SRC-000475/BLOCK-000910	REPL-110;REPL-113;REPL-114;REPL-115;REPL-116;REPL-117;REPL-118;REPL-124;REPL-128;REPL-121;REPL-123;REPL-130;REPL-105;REPL-111;REPL-112;REPL-122	APB-000007;APB-000008;APB-000012;APB-000017	yes	attachment_update	done	Stage 3 attachment route generated from completed scope row; use exact source blocks and missing-input prompts before item-level production claims.
S3-SCOPE-011	J014	S3-J013	GPTs/attachments/18_security_ssl_tls.md	18. Security and SSL/TLS	KAE-BLOCK-000153	repo_paired_ko_en	primary_working_source_after_alignment	pending	log_analyzer	7.3	Korean authoritative; English extraction aid	SRC-000126;SRC-000095	SRC-000051/BLOCK-000851;SRC-000126/BLOCK-000566;SRC-000132/BLOCK-000847;SRC-000175/BLOCK-000855;SRC-000180/BLOCK-000519;SRC-000192/BLOCK-000849;SRC-000211/BLOCK-000843;SRC-000452/BLOCK-000826;SRC-000466/BLOCK-000841;SRC-000474/BLOCK-000909;SRC-000475/BLOCK-000910	REPL-110;REPL-113;REPL-114;REPL-115;REPL-116;REPL-117;REPL-118;REPL-124;REPL-128;REPL-121;REPL-123;REPL-130;REPL-105;REPL-111;REPL-112;REPL-122	APB-000007;APB-000008;APB-000012;APB-000017	yes	attachment_update	done	Stage 3 attachment route generated from completed scope row; use exact source blocks and missing-input prompts before item-level production claims.
S3-SCOPE-011	J014	S3-J013	GPTs/attachments/18_security_ssl_tls.md	18. Security and SSL/TLS	KAE-BLOCK-000162	repo_paired_ko_en	primary_working_source_after_alignment	pending	replication_manual	7.3	Korean authoritative; English extraction aid	SRC-000132;SRC-000101	SRC-000051/BLOCK-000851;SRC-000126/BLOCK-000566;SRC-000132/BLOCK-000847;SRC-000175/BLOCK-000855;SRC-000180/BLOCK-000519;SRC-000192/BLOCK-000849;SRC-000211/BLOCK-000843;SRC-000452/BLOCK-000826;SRC-000466/BLOCK-000841;SRC-000474/BLOCK-000909;SRC-000475/BLOCK-000910	REPL-110;REPL-113;REPL-114;REPL-115;REPL-116;REPL-117;REPL-118;REPL-124;REPL-128;REPL-121;REPL-123;REPL-130;REPL-105;REPL-111;REPL-112;REPL-122	APB-000007;APB-000008;APB-000012;APB-000017	yes	attachment_update	done	Stage 3 attachment route generated from completed scope row; use exact source blocks and missing-input prompts before item-level production claims.
S3-SCOPE-011	J014	S3-J013	GPTs/attachments/18_security_ssl_tls.md	18. Security and SSL/TLS	KAE-BLOCK-000201	repo_paired_ko_en	primary_working_source_after_alignment	pending	general_reference_1_datatypes_properties	8.1_verified	Korean authoritative; Altibase 8.1 verified source; English extraction aid	SRC-000180;SRC-000150	SRC-000051/BLOCK-000851;SRC-000126/BLOCK-000566;SRC-000132/BLOCK-000847;SRC-000175/BLOCK-000855;SRC-000180/BLOCK-000519;SRC-000192/BLOCK-000849;SRC-000211/BLOCK-000843;SRC-000452/BLOCK-000826;SRC-000466/BLOCK-000841;SRC-000474/BLOCK-000909;SRC-000475/BLOCK-000910	REPL-110;REPL-113;REPL-114;REPL-115;REPL-116;REPL-117;REPL-118;REPL-124;REPL-128;REPL-121;REPL-123;REPL-130;REPL-105;REPL-111;REPL-112;REPL-122	APB-000007;APB-000008;APB-000012;APB-000017	yes	attachment_update	done	Stage 3 attachment route generated from completed scope row; use exact source blocks and missing-input prompts before item-level production claims.
S3-SCOPE-011	J014	S3-J013	GPTs/attachments/18_security_ssl_tls.md	18. Security and SSL/TLS	KAE-BLOCK-000217	repo_paired_ko_en	primary_working_source_after_alignment	pending	replication_manual	8.1_verified	Korean authoritative; Altibase 8.1 verified source; English extraction aid	SRC-000192;SRC-000161	SRC-000051/BLOCK-000851;SRC-000126/BLOCK-000566;SRC-000132/BLOCK-000847;SRC-000175/BLOCK-000855;SRC-000180/BLOCK-000519;SRC-000192/BLOCK-000849;SRC-000211/BLOCK-000843;SRC-000452/BLOCK-000826;SRC-000466/BLOCK-000841;SRC-000474/BLOCK-000909;SRC-000475/BLOCK-000910	REPL-110;REPL-113;REPL-114;REPL-115;REPL-116;REPL-117;REPL-118;REPL-124;REPL-128;REPL-121;REPL-123;REPL-130;REPL-105;REPL-111;REPL-112;REPL-122	APB-000007;APB-000008;APB-000012;APB-000017	yes	attachment_update	done	Stage 3 attachment route generated from completed scope row; use exact source blocks and missing-input prompts before item-level production claims.
S3-SCOPE-011	J014	S3-J013	GPTs/attachments/18_security_ssl_tls.md	18. Security and SSL/TLS	KAE-BLOCK-000218	repo_paired_ko_en	primary_working_source_after_alignment	pending	security_ssl_tls	8.1_verified	Korean authoritative; Altibase 8.1 verified source; English extraction aid	SRC-000175;SRC-000145	SRC-000051/BLOCK-000851;SRC-000126/BLOCK-000566;SRC-000132/BLOCK-000847;SRC-000175/BLOCK-000855;SRC-000180/BLOCK-000519;SRC-000192/BLOCK-000849;SRC-000211/BLOCK-000843;SRC-000452/BLOCK-000826;SRC-000466/BLOCK-000841;SRC-000474/BLOCK-000909;SRC-000475/BLOCK-000910	REPL-110;REPL-113;REPL-114;REPL-115;REPL-116;REPL-117;REPL-118;REPL-124;REPL-128;REPL-121;REPL-123;REPL-130;REPL-105;REPL-111;REPL-112;REPL-122	APB-000007;APB-000008;APB-000012;APB-000017	yes	attachment_update	done	Stage 3 attachment route generated from completed scope row; use exact source blocks and missing-input prompts before item-level production claims.
S3-SCOPE-011	J014	S3-J013	GPTs/attachments/18_security_ssl_tls.md	18. Security and SSL/TLS	KAE-BLOCK-000236	repo_paired_ko_en	primary_working_source_after_alignment	pending	replication_manager	multi	Korean authoritative; English extraction aid	SRC-000211;SRC-000204	SRC-000051/BLOCK-000851;SRC-000126/BLOCK-000566;SRC-000132/BLOCK-000847;SRC-000175/BLOCK-000855;SRC-000180/BLOCK-000519;SRC-000192/BLOCK-000849;SRC-000211/BLOCK-000843;SRC-000452/BLOCK-000826;SRC-000466/BLOCK-000841;SRC-000474/BLOCK-000909;SRC-000475/BLOCK-000910	REPL-110;REPL-113;REPL-114;REPL-115;REPL-116;REPL-117;REPL-118;REPL-124;REPL-128;REPL-121;REPL-123;REPL-130;REPL-105;REPL-111;REPL-112;REPL-122	APB-000007;APB-000008;APB-000012;APB-000017	yes	attachment_update	done	Stage 3 attachment route generated from completed scope row; use exact source blocks and missing-input prompts before item-level production claims.
S3-SCOPE-011	J014	S3-J013	GPTs/attachments/18_security_ssl_tls.md	18. Security and SSL/TLS	KAE-BLOCK-000241	repo_ko_only	translation_candidate_after_alignment	pending	technical_documents_support	multi	Korean authoritative	SRC-000474	SRC-000051/BLOCK-000851;SRC-000126/BLOCK-000566;SRC-000132/BLOCK-000847;SRC-000175/BLOCK-000855;SRC-000180/BLOCK-000519;SRC-000192/BLOCK-000849;SRC-000211/BLOCK-000843;SRC-000452/BLOCK-000826;SRC-000466/BLOCK-000841;SRC-000474/BLOCK-000909;SRC-000475/BLOCK-000910	REPL-110;REPL-113;REPL-114;REPL-115;REPL-116;REPL-117;REPL-118;REPL-124;REPL-128;REPL-121;REPL-123;REPL-130;REPL-105;REPL-111;REPL-112;REPL-122	APB-000007;APB-000008;APB-000012;APB-000017	yes	attachment_update	done	Stage 3 attachment route generated from completed scope row; use exact source blocks and missing-input prompts before item-level production claims.
S3-SCOPE-011	J014	S3-J013	GPTs/attachments/18_security_ssl_tls.md	18. Security and SSL/TLS	KAE-BLOCK-000242	repo_ko_only	translation_candidate_after_alignment	pending	technical_documents_support	multi	Korean authoritative	SRC-000475	SRC-000051/BLOCK-000851;SRC-000126/BLOCK-000566;SRC-000132/BLOCK-000847;SRC-000175/BLOCK-000855;SRC-000180/BLOCK-000519;SRC-000192/BLOCK-000849;SRC-000211/BLOCK-000843;SRC-000452/BLOCK-000826;SRC-000466/BLOCK-000841;SRC-000474/BLOCK-000909;SRC-000475/BLOCK-000910	REPL-110;REPL-113;REPL-114;REPL-115;REPL-116;REPL-117;REPL-118;REPL-124;REPL-128;REPL-121;REPL-123;REPL-130;REPL-105;REPL-111;REPL-112;REPL-122	APB-000007;APB-000008;APB-000012;APB-000017	yes	attachment_update	done	Stage 3 attachment route generated from completed scope row; use exact source blocks and missing-input prompts before item-level production claims.
S3-SCOPE-011	J014	S3-J013	GPTs/attachments/18_security_ssl_tls.md	18. Security and SSL/TLS	KAE-BLOCK-000253	repo_paired_ko_en	primary_working_source_after_alignment	pending	release_notes_platform	8.1.0.0.1	Korean authoritative; Altibase 8.1 verified source; English extraction aid	SRC-000452;SRC-000429	SRC-000051/BLOCK-000851;SRC-000126/BLOCK-000566;SRC-000132/BLOCK-000847;SRC-000175/BLOCK-000855;SRC-000180/BLOCK-000519;SRC-000192/BLOCK-000849;SRC-000211/BLOCK-000843;SRC-000452/BLOCK-000826;SRC-000466/BLOCK-000841;SRC-000474/BLOCK-000909;SRC-000475/BLOCK-000910	REPL-110;REPL-113;REPL-114;REPL-115;REPL-116;REPL-117;REPL-118;REPL-124;REPL-128;REPL-121;REPL-123;REPL-130;REPL-105;REPL-111;REPL-112;REPL-122	APB-000007;APB-000008;APB-000012;APB-000017	yes	attachment_update	done	Stage 3 attachment route generated from completed scope row; use exact source blocks and missing-input prompts before item-level production claims.
S3-SCOPE-011	J014	S3-J013	GPTs/attachments/18_security_ssl_tls.md	18. Security and SSL/TLS	KAE-BLOCK-000269	repo_paired_ko_en	primary_working_source_after_alignment	pending	replication_manager	Replication Manager 1.4	Korean authoritative; English extraction aid	SRC-000466;SRC-000445	SRC-000051/BLOCK-000851;SRC-000126/BLOCK-000566;SRC-000132/BLOCK-000847;SRC-000175/BLOCK-000855;SRC-000180/BLOCK-000519;SRC-000192/BLOCK-000849;SRC-000211/BLOCK-000843;SRC-000452/BLOCK-000826;SRC-000466/BLOCK-000841;SRC-000474/BLOCK-000909;SRC-000475/BLOCK-000910	REPL-110;REPL-113;REPL-114;REPL-115;REPL-116;REPL-117;REPL-118;REPL-124;REPL-128;REPL-121;REPL-123;REPL-130;REPL-105;REPL-111;REPL-112;REPL-122	APB-000007;APB-000008;APB-000012;APB-000017	yes	attachment_update	done	Stage 3 attachment route generated from completed scope row; use exact source blocks and missing-input prompts before item-level production claims.
S3-SCOPE-011	J014	S3-J013	GPTs/attachments/18_security_ssl_tls.md	18. Security and SSL/TLS	KAE-BLOCK-000272	hybrid	primary_working_source_after_alignment	aligned	administrator_operations;general_reference_1_datatypes_properties;getting_started_installation;replication_manual;security_ssl_tls;sql_reference	7.1;7.3;8.1_verified	Korean authoritative; English extraction aid; Altibase 8.1 verified source	SRC-000049;SRC-000056;SRC-000058;SRC-000060;SRC-000070;SRC-000051;SRC-000072;SRC-000113;SRC-000120;SRC-000122;SRC-000124;SRC-000132;SRC-000115;SRC-000134;SRC-000173;SRC-000180;SRC-000182;SRC-000184;SRC-000192;SRC-000175;SRC-000194;SRC-000018;SRC-000025;SRC-000027;SRC-000029;SRC-000038;SRC-000020;SRC-000040;SRC-000082;SRC-000089;SRC-000091;SRC-000093;SRC-000101;SRC-000084;SRC-000103;SRC-000143;SRC-000150;SRC-000152;SRC-000154;SRC-000161;SRC-000145;SRC-000163	SRC-000051/BLOCK-000851;SRC-000126/BLOCK-000566;SRC-000132/BLOCK-000847;SRC-000175/BLOCK-000855;SRC-000180/BLOCK-000519;SRC-000192/BLOCK-000849;SRC-000211/BLOCK-000843;SRC-000452/BLOCK-000826;SRC-000466/BLOCK-000841;SRC-000474/BLOCK-000909;SRC-000475/BLOCK-000910	REPL-110;REPL-113;REPL-114;REPL-115;REPL-116;REPL-117;REPL-118;REPL-124;REPL-128;REPL-121;REPL-123;REPL-130;REPL-105;REPL-111;REPL-112;REPL-122	APB-000007;APB-000008;APB-000012;APB-000017	yes	attachment_update	done	Stage 3 attachment route generated from completed scope row; use exact source blocks and missing-input prompts before item-level production claims.
S3-SCOPE-011	J014	S3-J013	GPTs/attachments/18_security_ssl_tls.md	18. Security and SSL/TLS	KAE-BLOCK-000273	hybrid	primary_working_source_after_alignment	aligned	administrator_operations;error_message_reference;general_reference_1_datatypes_properties;general_reference_2_dictionary_views;replication_manual;sql_reference	7.1;7.3;8.1_verified	Korean authoritative; English extraction aid; Altibase 8.1 verified source	SRC-000049;SRC-000054;SRC-000056;SRC-000057;SRC-000070;SRC-000072;SRC-000113;SRC-000118;SRC-000120;SRC-000121;SRC-000132;SRC-000134;SRC-000173;SRC-000178;SRC-000180;SRC-000181;SRC-000192;SRC-000194;SRC-000018;SRC-000023;SRC-000025;SRC-000026;SRC-000038;SRC-000040;SRC-000082;SRC-000087;SRC-000089;SRC-000090;SRC-000101;SRC-000103;SRC-000143;SRC-000148;SRC-000150;SRC-000151;SRC-000161;SRC-000163	SRC-000051/BLOCK-000851;SRC-000126/BLOCK-000566;SRC-000132/BLOCK-000847;SRC-000175/BLOCK-000855;SRC-000180/BLOCK-000519;SRC-000192/BLOCK-000849;SRC-000211/BLOCK-000843;SRC-000452/BLOCK-000826;SRC-000466/BLOCK-000841;SRC-000474/BLOCK-000909;SRC-000475/BLOCK-000910	REPL-110;REPL-113;REPL-114;REPL-115;REPL-116;REPL-117;REPL-118;REPL-124;REPL-128;REPL-121;REPL-123;REPL-130;REPL-105;REPL-111;REPL-112;REPL-122	APB-000007;APB-000008;APB-000012;APB-000017	yes	attachment_update	done	Stage 3 attachment route generated from completed scope row; use exact source blocks and missing-input prompts before item-level production claims.
S3-SCOPE-011	J014	S3-J013	GPTs/attachments/18_security_ssl_tls.md	18. Security and SSL/TLS	KAE-BLOCK-000274	hybrid	primary_working_source_after_alignment	aligned	c_cli_odbc_precompiler;dblink_hadoop_external_connectors;isql_iloader;jdbc_java;migration_oracle;spatial_nifi_tableau;utilities_datacompj;release_notes_platform;third_party_guides	7.1;7.1.0.1.2;7.3;7.3.0.0.1;8.1_verified;multi;8.1.0.0.1;Migration Center 7.10;Migration Center 7.11;Migration Center 7.12;Migration Center 7.13;Migration Center 7.14;Migration Center 7.15;Migration Center 7.16;Migration Center 7.17;Migration Center 7.18;Migration Center 7.19;Migration Center 7.9;dataCompJ 7.2	Korean authoritative; English extraction aid; Altibase 8.1 verified source	SRC-000046;SRC-000050;SRC-000052;SRC-000065;SRC-000068;SRC-000053;SRC-000059;SRC-000077;SRC-000078;SRC-000047;SRC-000061;SRC-000048;SRC-000074;SRC-000076;SRC-000450;SRC-000110;SRC-000114;SRC-000116;SRC-000128;SRC-000130;SRC-000117;SRC-000123;SRC-000138;SRC-000139;SRC-000111;SRC-000125;SRC-000112;SRC-000135;SRC-000137;SRC-000451;SRC-000170;SRC-000174;SRC-000176;SRC-000188;SRC-000190;SRC-000177;SRC-000183;SRC-000221;SRC-000198;SRC-000199;SRC-000171;SRC-000185;SRC-000172;SRC-000223;SRC-000195;SRC-000226;SRC-000197;SRC-000222;SRC-000227;SRC-000207;SRC-000473;SRC-000209;SRC-000212;SRC-000470;SRC-000008;SRC-000009;SRC-000010;SRC-000012;SRC-000013;SRC-000014;SRC-000208;SRC-000213;SRC-000452;SRC-000453;SRC-000454;SRC-000455;SRC-000456;SRC-000457;SRC-000458;SRC-000459;SRC-000460;SRC-000461;SRC-000462;SRC-000463;SRC-000471;SRC-000015;SRC-000019;SRC-000021;SRC-000034;SRC-000036;SRC-000022;SRC-000028;SRC-000044;SRC-000045;SRC-000016;SRC-000030;SRC-000017;SRC-000041;SRC-000043;SRC-000427;SRC-000079;SRC-000083;SRC-000085;SRC-000097;SRC-000099;SRC-000086;SRC-000092;SRC-000107;SRC-000108;SRC-000080;SRC-000094;SRC-000081;SRC-000104;SRC-000106;SRC-000428;SRC-000140;SRC-000144;SRC-000146;SRC-000158;SRC-000160;SRC-000147;SRC-000153;SRC-000214;SRC-000167;SRC-000168;SRC-000141;SRC-000155;SRC-000142;SRC-000216;SRC-000164;SRC-000219;SRC-000166;SRC-000215;SRC-000220;SRC-000200;SRC-000202;SRC-000205;SRC-000448;SRC-000002;SRC-000003;SRC-000004;SRC-000005;SRC-000006;SRC-000007;SRC-000201;SRC-000206;SRC-000429;SRC-000430;SRC-000431;SRC-000432;SRC-000433;SRC-000434;SRC-000435;SRC-000436;SRC-000437;SRC-000438;SRC-000439;SRC-000442;SRC-000449	SRC-000051/BLOCK-000851;SRC-000126/BLOCK-000566;SRC-000132/BLOCK-000847;SRC-000175/BLOCK-000855;SRC-000180/BLOCK-000519;SRC-000192/BLOCK-000849;SRC-000211/BLOCK-000843;SRC-000452/BLOCK-000826;SRC-000466/BLOCK-000841;SRC-000474/BLOCK-000909;SRC-000475/BLOCK-000910	REPL-110;REPL-113;REPL-114;REPL-115;REPL-116;REPL-117;REPL-118;REPL-124;REPL-128;REPL-121;REPL-123;REPL-130;REPL-105;REPL-111;REPL-112;REPL-122	APB-000007;APB-000008;APB-000012;APB-000017	yes	attachment_update	done	Stage 3 attachment route generated from completed scope row; use exact source blocks and missing-input prompts before item-level production claims.
S3-SCOPE-011	J014	S3-J013	GPTs/attachments/18_security_ssl_tls.md	18. Security and SSL/TLS	KAE-BLOCK-000275	hybrid	primary_working_source_after_alignment	aligned	patch_notes;release_notes_platform;technical_documents_support;third_party_guides;migration_oracle;replication_manager;spatial_nifi_tableau;utilities_datacompj	7.1;7.3;8.1_verified;multi;selected release-note tool scopes	Korean authoritative; English extraction aid; Repository source evidence; Approved support evidence; Altibase 8.1 verified source	SRC-000008;SRC-000009;SRC-000010;SRC-000011;SRC-000012;SRC-000013;SRC-000014;SRC-000064;SRC-000301;SRC-000302;SRC-000303;SRC-000304;SRC-000305;SRC-000306;SRC-000307;SRC-000308;SRC-000309;SRC-000310;SRC-000311;SRC-000312;SRC-000313;SRC-000314;SRC-000315;SRC-000316;SRC-000317;SRC-000318;SRC-000319;SRC-000320;SRC-000321;SRC-000322;SRC-000323;SRC-000324;SRC-000325;SRC-000326;SRC-000327;SRC-000328;SRC-000329;SRC-000330;SRC-000331;SRC-000332;SRC-000333;SRC-000334;SRC-000335;SRC-000336;SRC-000337;SRC-000338;SRC-000339;SRC-000340;SRC-000341;SRC-000342;SRC-000343;SRC-000344;SRC-000345;SRC-000346;SRC-000347;SRC-000348;SRC-000349;SRC-000350;SRC-000351;SRC-000352;SRC-000353;SRC-000354;SRC-000355;SRC-000356;SRC-000357;SRC-000358;SRC-000359;SRC-000360;SRC-000361;SRC-000362;SRC-000363;SRC-000364;SRC-000365;SRC-000366;SRC-000367;SRC-000368;SRC-000369;SRC-000370;SRC-000371;SRC-000372;SRC-000373;SRC-000374;SRC-000375;SRC-000376;SRC-000377;SRC-000378;SRC-000379;SRC-000380;SRC-000381;SRC-000382;SRC-000383;SRC-000384;SRC-000385;SRC-000386;SRC-000387;SRC-000388;SRC-000389;SRC-000390;SRC-000391;SRC-000392;SRC-000393;SRC-000394;SRC-000395;SRC-000396;SRC-000405;SRC-000406;SRC-000407;SRC-000408;SRC-000409;SRC-000410;SRC-000411;SRC-000412;SRC-000413;SRC-000414;SRC-000415;SRC-000416;SRC-000417;SRC-000418;SRC-000419;SRC-000420;SRC-000421;SRC-000422;SRC-000423;SRC-000450;SRC-000451;SRC-000452;SRC-000453;SRC-000454;SRC-000455;SRC-000456;SRC-000457;SRC-000458;SRC-000459;SRC-000460;SRC-000461;SRC-000462;SRC-000463;SRC-000464;SRC-000465;SRC-000466;SRC-000467;SRC-000468;SRC-000469;SRC-000470;SRC-000471;SRC-000473;SRC-000474;SRC-000475;SRC-000476;SRC-000002;SRC-000003;SRC-000004;SRC-000005;SRC-000006;SRC-000007;SRC-000033;SRC-000231;SRC-000232;SRC-000233;SRC-000234;SRC-000235;SRC-000236;SRC-000237;SRC-000238;SRC-000239;SRC-000240;SRC-000241;SRC-000242;SRC-000243;SRC-000244;SRC-000245;SRC-000246;SRC-000247;SRC-000248;SRC-000249;SRC-000250;SRC-000251;SRC-000252;SRC-000253;SRC-000254;SRC-000255;SRC-000256;SRC-000257;SRC-000258;SRC-000259;SRC-000260;SRC-000261;SRC-000262;SRC-000263;SRC-000264;SRC-000265;SRC-000266;SRC-000267;SRC-000268;SRC-000269;SRC-000270;SRC-000271;SRC-000272;SRC-000273;SRC-000274;SRC-000275;SRC-000276;SRC-000277;SRC-000278;SRC-000279;SRC-000280;SRC-000281;SRC-000282;SRC-000283;SRC-000284;SRC-000285;SRC-000286;SRC-000287;SRC-000288;SRC-000289;SRC-000290;SRC-000291;SRC-000292;SRC-000293;SRC-000294;SRC-000295;SRC-000296;SRC-000297;SRC-000298;SRC-000299;SRC-000300;SRC-000399;SRC-000400;SRC-000401;SRC-000402;SRC-000403;SRC-000404;SRC-000427;SRC-000428;SRC-000429;SRC-000430;SRC-000431;SRC-000432;SRC-000433;SRC-000434;SRC-000435;SRC-000436;SRC-000437;SRC-000438;SRC-000439;SRC-000440;SRC-000441;SRC-000442;SRC-000443;SRC-000444;SRC-000445;SRC-000446;SRC-000447;SRC-000448;SRC-000449;SRC-000472;SRC-000001;SRC-000228;SRC-000229;SRC-000230;SRC-000397;SRC-000398;SRC-000424;SRC-000425;SRC-000426;SRC-000477	SRC-000051/BLOCK-000851;SRC-000126/BLOCK-000566;SRC-000132/BLOCK-000847;SRC-000175/BLOCK-000855;SRC-000180/BLOCK-000519;SRC-000192/BLOCK-000849;SRC-000211/BLOCK-000843;SRC-000452/BLOCK-000826;SRC-000466/BLOCK-000841;SRC-000474/BLOCK-000909;SRC-000475/BLOCK-000910	REPL-110;REPL-113;REPL-114;REPL-115;REPL-116;REPL-117;REPL-118;REPL-124;REPL-128;REPL-121;REPL-123;REPL-130;REPL-105;REPL-111;REPL-112;REPL-122	APB-000007;APB-000008;APB-000012;APB-000017	yes	attachment_update	done	Stage 3 attachment route generated from completed scope row; use exact source blocks and missing-input prompts before item-level production claims.
S3-SCOPE-011	J014	S3-J013	GPTs/attachments/18_security_ssl_tls.md	18. Security and SSL/TLS	KAE-BLOCK-000280	hybrid	primary_working_source_after_alignment	aligned	log_analyzer	7.1;7.3;8.1_verified	Korean authoritative; English extraction aid; Altibase 8.1 verified source	SRC-000062;SRC-000126;SRC-000186;SRC-000031;SRC-000095;SRC-000156	SRC-000051/BLOCK-000851;SRC-000126/BLOCK-000566;SRC-000132/BLOCK-000847;SRC-000175/BLOCK-000855;SRC-000180/BLOCK-000519;SRC-000192/BLOCK-000849;SRC-000211/BLOCK-000843;SRC-000452/BLOCK-000826;SRC-000466/BLOCK-000841;SRC-000474/BLOCK-000909;SRC-000475/BLOCK-000910	REPL-110;REPL-113;REPL-114;REPL-115;REPL-116;REPL-117;REPL-118;REPL-124;REPL-128;REPL-121;REPL-123;REPL-130;REPL-105;REPL-111;REPL-112;REPL-122	APB-000007;APB-000008;APB-000012;APB-000017	yes	attachment_update	done	Stage 3 attachment route generated from completed scope row; use exact source blocks and missing-input prompts before item-level production claims.
S3-SCOPE-011	J014	S3-J013	GPTs/attachments/18_security_ssl_tls.md	18. Security and SSL/TLS	KAE-BLOCK-000286	hybrid	primary_working_source_after_alignment	aligned	replication_manager	multi;8.1_verified	Korean authoritative; English extraction aid; Altibase 8.1 verified source	SRC-000211;SRC-000225;SRC-000204;SRC-000218	SRC-000051/BLOCK-000851;SRC-000126/BLOCK-000566;SRC-000132/BLOCK-000847;SRC-000175/BLOCK-000855;SRC-000180/BLOCK-000519;SRC-000192/BLOCK-000849;SRC-000211/BLOCK-000843;SRC-000452/BLOCK-000826;SRC-000466/BLOCK-000841;SRC-000474/BLOCK-000909;SRC-000475/BLOCK-000910	REPL-110;REPL-113;REPL-114;REPL-115;REPL-116;REPL-117;REPL-118;REPL-124;REPL-128;REPL-121;REPL-123;REPL-130;REPL-105;REPL-111;REPL-112;REPL-122	APB-000007;APB-000008;APB-000012;APB-000017	yes	attachment_update	done	Stage 3 attachment route generated from completed scope row; use exact source blocks and missing-input prompts before item-level production claims.
S3-SCOPE-012	J015	S3-J014	GPTs/attachments/06_data_dictionary_performance_views.md	06. Data Dictionary and Performance Views	KAE-BLOCK-000020	repo_paired_ko_en	primary_working_source_after_alignment	pending	monitoring_api_snmp	7.1	Korean authoritative; English extraction aid	SRC-000063;SRC-000032	SRC-000063/BLOCK-000605;SRC-000121/BLOCK-000523;SRC-000127/BLOCK-000609;SRC-000129/BLOCK-000814;SRC-000133/BLOCK-000610;SRC-000181/BLOCK-000525;SRC-000189/BLOCK-000816;SRC-000199/BLOCK-000549;SRC-000376/BLOCK-000743;SRC-000452/BLOCK-000826	VPM-114;VPM-125;VPM-101;VPM-102;VPM-103;VPM-105;VPM-106;VPM-108;VPM-109;VPM-111;VPM-115;VPM-116;VPM-118;VPM-119;VPM-120;VPM-122;VPM-123;VPM-124;VPM-127;VPM-129;VPM-130;VPM-104;VPM-107;VPM-110;VPM-112;VPM-117;VPM-121	APB-000005;APB-000013;APB-000017	yes	attachment_update	done	Stage 3 attachment route generated from completed scope row; use exact source blocks and missing-input prompts before item-level production claims.
S3-SCOPE-012	J015	S3-J014	GPTs/attachments/06_data_dictionary_performance_views.md	06. Data Dictionary and Performance Views	KAE-BLOCK-000115	repo_paired_ko_en	primary_working_source_after_alignment	pending	patch_notes	7.1.0.7.9	Korean authoritative; English extraction aid	SRC-000376;SRC-000279	SRC-000063/BLOCK-000605;SRC-000121/BLOCK-000523;SRC-000127/BLOCK-000609;SRC-000129/BLOCK-000814;SRC-000133/BLOCK-000610;SRC-000181/BLOCK-000525;SRC-000189/BLOCK-000816;SRC-000199/BLOCK-000549;SRC-000376/BLOCK-000743;SRC-000452/BLOCK-000826	VPM-114;VPM-125;VPM-101;VPM-102;VPM-103;VPM-105;VPM-106;VPM-108;VPM-109;VPM-111;VPM-115;VPM-116;VPM-118;VPM-119;VPM-120;VPM-122;VPM-123;VPM-124;VPM-127;VPM-129;VPM-130;VPM-104;VPM-107;VPM-110;VPM-112;VPM-117;VPM-121	APB-000005;APB-000013;APB-000017	yes	attachment_update	done	Stage 3 attachment route generated from completed scope row; use exact source blocks and missing-input prompts before item-level production claims.
S3-SCOPE-012	J015	S3-J014	GPTs/attachments/06_data_dictionary_performance_views.md	06. Data Dictionary and Performance Views	KAE-BLOCK-000146	repo_paired_ko_en	primary_working_source_after_alignment	pending	general_reference_2_dictionary_views	7.3	Korean authoritative; English extraction aid	SRC-000121;SRC-000090	SRC-000063/BLOCK-000605;SRC-000121/BLOCK-000523;SRC-000127/BLOCK-000609;SRC-000129/BLOCK-000814;SRC-000133/BLOCK-000610;SRC-000181/BLOCK-000525;SRC-000189/BLOCK-000816;SRC-000199/BLOCK-000549;SRC-000376/BLOCK-000743;SRC-000452/BLOCK-000826	VPM-114;VPM-125;VPM-101;VPM-102;VPM-103;VPM-105;VPM-106;VPM-108;VPM-109;VPM-111;VPM-115;VPM-116;VPM-118;VPM-119;VPM-120;VPM-122;VPM-123;VPM-124;VPM-127;VPM-129;VPM-130;VPM-104;VPM-107;VPM-110;VPM-112;VPM-117;VPM-121	APB-000005;APB-000013;APB-000017	yes	attachment_update	done	Stage 3 attachment route generated from completed scope row; use exact source blocks and missing-input prompts before item-level production claims.
S3-SCOPE-012	J015	S3-J014	GPTs/attachments/06_data_dictionary_performance_views.md	06. Data Dictionary and Performance Views	KAE-BLOCK-000155	repo_paired_ko_en	primary_working_source_after_alignment	pending	monitoring_api_snmp	7.3	Korean authoritative; English extraction aid	SRC-000127;SRC-000096	SRC-000063/BLOCK-000605;SRC-000121/BLOCK-000523;SRC-000127/BLOCK-000609;SRC-000129/BLOCK-000814;SRC-000133/BLOCK-000610;SRC-000181/BLOCK-000525;SRC-000189/BLOCK-000816;SRC-000199/BLOCK-000549;SRC-000376/BLOCK-000743;SRC-000452/BLOCK-000826	VPM-114;VPM-125;VPM-101;VPM-102;VPM-103;VPM-105;VPM-106;VPM-108;VPM-109;VPM-111;VPM-115;VPM-116;VPM-118;VPM-119;VPM-120;VPM-122;VPM-123;VPM-124;VPM-127;VPM-129;VPM-130;VPM-104;VPM-107;VPM-110;VPM-112;VPM-117;VPM-121	APB-000005;APB-000013;APB-000017	yes	attachment_update	done	Stage 3 attachment route generated from completed scope row; use exact source blocks and missing-input prompts before item-level production claims.
S3-SCOPE-012	J015	S3-J014	GPTs/attachments/06_data_dictionary_performance_views.md	06. Data Dictionary and Performance Views	KAE-BLOCK-000156	repo_paired_ko_en	primary_working_source_after_alignment	pending	monitoring_api_snmp	7.3	Korean authoritative; English extraction aid	SRC-000133;SRC-000102	SRC-000063/BLOCK-000605;SRC-000121/BLOCK-000523;SRC-000127/BLOCK-000609;SRC-000129/BLOCK-000814;SRC-000133/BLOCK-000610;SRC-000181/BLOCK-000525;SRC-000189/BLOCK-000816;SRC-000199/BLOCK-000549;SRC-000376/BLOCK-000743;SRC-000452/BLOCK-000826	VPM-114;VPM-125;VPM-101;VPM-102;VPM-103;VPM-105;VPM-106;VPM-108;VPM-109;VPM-111;VPM-115;VPM-116;VPM-118;VPM-119;VPM-120;VPM-122;VPM-123;VPM-124;VPM-127;VPM-129;VPM-130;VPM-104;VPM-107;VPM-110;VPM-112;VPM-117;VPM-121	APB-000005;APB-000013;APB-000017	yes	attachment_update	done	Stage 3 attachment route generated from completed scope row; use exact source blocks and missing-input prompts before item-level production claims.
S3-SCOPE-012	J015	S3-J014	GPTs/attachments/06_data_dictionary_performance_views.md	06. Data Dictionary and Performance Views	KAE-BLOCK-000160	repo_paired_ko_en	primary_working_source_after_alignment	pending	performance_tuning	7.3	Korean authoritative; English extraction aid	SRC-000129;SRC-000098	SRC-000063/BLOCK-000605;SRC-000121/BLOCK-000523;SRC-000127/BLOCK-000609;SRC-000129/BLOCK-000814;SRC-000133/BLOCK-000610;SRC-000181/BLOCK-000525;SRC-000189/BLOCK-000816;SRC-000199/BLOCK-000549;SRC-000376/BLOCK-000743;SRC-000452/BLOCK-000826	VPM-114;VPM-125;VPM-101;VPM-102;VPM-103;VPM-105;VPM-106;VPM-108;VPM-109;VPM-111;VPM-115;VPM-116;VPM-118;VPM-119;VPM-120;VPM-122;VPM-123;VPM-124;VPM-127;VPM-129;VPM-130;VPM-104;VPM-107;VPM-110;VPM-112;VPM-117;VPM-121	APB-000005;APB-000013;APB-000017	yes	attachment_update	done	Stage 3 attachment route generated from completed scope row; use exact source blocks and missing-input prompts before item-level production claims.
S3-SCOPE-012	J015	S3-J014	GPTs/attachments/06_data_dictionary_performance_views.md	06. Data Dictionary and Performance Views	KAE-BLOCK-000202	repo_paired_ko_en	primary_working_source_after_alignment	pending	general_reference_2_dictionary_views	8.1_verified	Korean authoritative; Altibase 8.1 verified source; English extraction aid	SRC-000181;SRC-000151	SRC-000063/BLOCK-000605;SRC-000121/BLOCK-000523;SRC-000127/BLOCK-000609;SRC-000129/BLOCK-000814;SRC-000133/BLOCK-000610;SRC-000181/BLOCK-000525;SRC-000189/BLOCK-000816;SRC-000199/BLOCK-000549;SRC-000376/BLOCK-000743;SRC-000452/BLOCK-000826	VPM-114;VPM-125;VPM-101;VPM-102;VPM-103;VPM-105;VPM-106;VPM-108;VPM-109;VPM-111;VPM-115;VPM-116;VPM-118;VPM-119;VPM-120;VPM-122;VPM-123;VPM-124;VPM-127;VPM-129;VPM-130;VPM-104;VPM-107;VPM-110;VPM-112;VPM-117;VPM-121	APB-000005;APB-000013;APB-000017	yes	attachment_update	done	Stage 3 attachment route generated from completed scope row; use exact source blocks and missing-input prompts before item-level production claims.
S3-SCOPE-012	J015	S3-J014	GPTs/attachments/06_data_dictionary_performance_views.md	06. Data Dictionary and Performance Views	KAE-BLOCK-000206	repo_paired_ko_en	primary_working_source_after_alignment	pending	isql_iloader	8.1_verified	Korean authoritative; Altibase 8.1 verified source; English extraction aid	SRC-000199;SRC-000168	SRC-000063/BLOCK-000605;SRC-000121/BLOCK-000523;SRC-000127/BLOCK-000609;SRC-000129/BLOCK-000814;SRC-000133/BLOCK-000610;SRC-000181/BLOCK-000525;SRC-000189/BLOCK-000816;SRC-000199/BLOCK-000549;SRC-000376/BLOCK-000743;SRC-000452/BLOCK-000826	VPM-114;VPM-125;VPM-101;VPM-102;VPM-103;VPM-105;VPM-106;VPM-108;VPM-109;VPM-111;VPM-115;VPM-116;VPM-118;VPM-119;VPM-120;VPM-122;VPM-123;VPM-124;VPM-127;VPM-129;VPM-130;VPM-104;VPM-107;VPM-110;VPM-112;VPM-117;VPM-121	APB-000005;APB-000013;APB-000017	yes	attachment_update	done	Stage 3 attachment route generated from completed scope row; use exact source blocks and missing-input prompts before item-level production claims.
S3-SCOPE-012	J015	S3-J014	GPTs/attachments/06_data_dictionary_performance_views.md	06. Data Dictionary and Performance Views	KAE-BLOCK-000214	repo_paired_ko_en	primary_working_source_after_alignment	pending	performance_tuning	8.1_verified	Korean authoritative; Altibase 8.1 verified source; English extraction aid	SRC-000189;SRC-000159	SRC-000063/BLOCK-000605;SRC-000121/BLOCK-000523;SRC-000127/BLOCK-000609;SRC-000129/BLOCK-000814;SRC-000133/BLOCK-000610;SRC-000181/BLOCK-000525;SRC-000189/BLOCK-000816;SRC-000199/BLOCK-000549;SRC-000376/BLOCK-000743;SRC-000452/BLOCK-000826	VPM-114;VPM-125;VPM-101;VPM-102;VPM-103;VPM-105;VPM-106;VPM-108;VPM-109;VPM-111;VPM-115;VPM-116;VPM-118;VPM-119;VPM-120;VPM-122;VPM-123;VPM-124;VPM-127;VPM-129;VPM-130;VPM-104;VPM-107;VPM-110;VPM-112;VPM-117;VPM-121	APB-000005;APB-000013;APB-000017	yes	attachment_update	done	Stage 3 attachment route generated from completed scope row; use exact source blocks and missing-input prompts before item-level production claims.
S3-SCOPE-012	J015	S3-J014	GPTs/attachments/06_data_dictionary_performance_views.md	06. Data Dictionary and Performance Views	KAE-BLOCK-000253	repo_paired_ko_en	primary_working_source_after_alignment	pending	release_notes_platform	8.1.0.0.1	Korean authoritative; Altibase 8.1 verified source; English extraction aid	SRC-000452;SRC-000429	SRC-000063/BLOCK-000605;SRC-000121/BLOCK-000523;SRC-000127/BLOCK-000609;SRC-000129/BLOCK-000814;SRC-000133/BLOCK-000610;SRC-000181/BLOCK-000525;SRC-000189/BLOCK-000816;SRC-000199/BLOCK-000549;SRC-000376/BLOCK-000743;SRC-000452/BLOCK-000826	VPM-114;VPM-125;VPM-101;VPM-102;VPM-103;VPM-105;VPM-106;VPM-108;VPM-109;VPM-111;VPM-115;VPM-116;VPM-118;VPM-119;VPM-120;VPM-122;VPM-123;VPM-124;VPM-127;VPM-129;VPM-130;VPM-104;VPM-107;VPM-110;VPM-112;VPM-117;VPM-121	APB-000005;APB-000013;APB-000017	yes	attachment_update	done	Stage 3 attachment route generated from completed scope row; use exact source blocks and missing-input prompts before item-level production claims.
S3-SCOPE-012	J015	S3-J014	GPTs/attachments/06_data_dictionary_performance_views.md	06. Data Dictionary and Performance Views	KAE-BLOCK-000273	hybrid	primary_working_source_after_alignment	aligned	administrator_operations;error_message_reference;general_reference_1_datatypes_properties;general_reference_2_dictionary_views;replication_manual;sql_reference	7.1;7.3;8.1_verified	Korean authoritative; English extraction aid; Altibase 8.1 verified source	SRC-000049;SRC-000054;SRC-000056;SRC-000057;SRC-000070;SRC-000072;SRC-000113;SRC-000118;SRC-000120;SRC-000121;SRC-000132;SRC-000134;SRC-000173;SRC-000178;SRC-000180;SRC-000181;SRC-000192;SRC-000194;SRC-000018;SRC-000023;SRC-000025;SRC-000026;SRC-000038;SRC-000040;SRC-000082;SRC-000087;SRC-000089;SRC-000090;SRC-000101;SRC-000103;SRC-000143;SRC-000148;SRC-000150;SRC-000151;SRC-000161;SRC-000163	SRC-000063/BLOCK-000605;SRC-000121/BLOCK-000523;SRC-000127/BLOCK-000609;SRC-000129/BLOCK-000814;SRC-000133/BLOCK-000610;SRC-000181/BLOCK-000525;SRC-000189/BLOCK-000816;SRC-000199/BLOCK-000549;SRC-000376/BLOCK-000743;SRC-000452/BLOCK-000826	VPM-114;VPM-125;VPM-101;VPM-102;VPM-103;VPM-105;VPM-106;VPM-108;VPM-109;VPM-111;VPM-115;VPM-116;VPM-118;VPM-119;VPM-120;VPM-122;VPM-123;VPM-124;VPM-127;VPM-129;VPM-130;VPM-104;VPM-107;VPM-110;VPM-112;VPM-117;VPM-121	APB-000005;APB-000013;APB-000017	yes	attachment_update	done	Stage 3 attachment route generated from completed scope row; use exact source blocks and missing-input prompts before item-level production claims.
S3-SCOPE-012	J015	S3-J014	GPTs/attachments/06_data_dictionary_performance_views.md	06. Data Dictionary and Performance Views	KAE-BLOCK-000274	hybrid	primary_working_source_after_alignment	aligned	c_cli_odbc_precompiler;dblink_hadoop_external_connectors;isql_iloader;jdbc_java;migration_oracle;spatial_nifi_tableau;utilities_datacompj;release_notes_platform;third_party_guides	7.1;7.1.0.1.2;7.3;7.3.0.0.1;8.1_verified;multi;8.1.0.0.1;Migration Center 7.10;Migration Center 7.11;Migration Center 7.12;Migration Center 7.13;Migration Center 7.14;Migration Center 7.15;Migration Center 7.16;Migration Center 7.17;Migration Center 7.18;Migration Center 7.19;Migration Center 7.9;dataCompJ 7.2	Korean authoritative; English extraction aid; Altibase 8.1 verified source	SRC-000046;SRC-000050;SRC-000052;SRC-000065;SRC-000068;SRC-000053;SRC-000059;SRC-000077;SRC-000078;SRC-000047;SRC-000061;SRC-000048;SRC-000074;SRC-000076;SRC-000450;SRC-000110;SRC-000114;SRC-000116;SRC-000128;SRC-000130;SRC-000117;SRC-000123;SRC-000138;SRC-000139;SRC-000111;SRC-000125;SRC-000112;SRC-000135;SRC-000137;SRC-000451;SRC-000170;SRC-000174;SRC-000176;SRC-000188;SRC-000190;SRC-000177;SRC-000183;SRC-000221;SRC-000198;SRC-000199;SRC-000171;SRC-000185;SRC-000172;SRC-000223;SRC-000195;SRC-000226;SRC-000197;SRC-000222;SRC-000227;SRC-000207;SRC-000473;SRC-000209;SRC-000212;SRC-000470;SRC-000008;SRC-000009;SRC-000010;SRC-000012;SRC-000013;SRC-000014;SRC-000208;SRC-000213;SRC-000452;SRC-000453;SRC-000454;SRC-000455;SRC-000456;SRC-000457;SRC-000458;SRC-000459;SRC-000460;SRC-000461;SRC-000462;SRC-000463;SRC-000471;SRC-000015;SRC-000019;SRC-000021;SRC-000034;SRC-000036;SRC-000022;SRC-000028;SRC-000044;SRC-000045;SRC-000016;SRC-000030;SRC-000017;SRC-000041;SRC-000043;SRC-000427;SRC-000079;SRC-000083;SRC-000085;SRC-000097;SRC-000099;SRC-000086;SRC-000092;SRC-000107;SRC-000108;SRC-000080;SRC-000094;SRC-000081;SRC-000104;SRC-000106;SRC-000428;SRC-000140;SRC-000144;SRC-000146;SRC-000158;SRC-000160;SRC-000147;SRC-000153;SRC-000214;SRC-000167;SRC-000168;SRC-000141;SRC-000155;SRC-000142;SRC-000216;SRC-000164;SRC-000219;SRC-000166;SRC-000215;SRC-000220;SRC-000200;SRC-000202;SRC-000205;SRC-000448;SRC-000002;SRC-000003;SRC-000004;SRC-000005;SRC-000006;SRC-000007;SRC-000201;SRC-000206;SRC-000429;SRC-000430;SRC-000431;SRC-000432;SRC-000433;SRC-000434;SRC-000435;SRC-000436;SRC-000437;SRC-000438;SRC-000439;SRC-000442;SRC-000449	SRC-000063/BLOCK-000605;SRC-000121/BLOCK-000523;SRC-000127/BLOCK-000609;SRC-000129/BLOCK-000814;SRC-000133/BLOCK-000610;SRC-000181/BLOCK-000525;SRC-000189/BLOCK-000816;SRC-000199/BLOCK-000549;SRC-000376/BLOCK-000743;SRC-000452/BLOCK-000826	VPM-114;VPM-125;VPM-101;VPM-102;VPM-103;VPM-105;VPM-106;VPM-108;VPM-109;VPM-111;VPM-115;VPM-116;VPM-118;VPM-119;VPM-120;VPM-122;VPM-123;VPM-124;VPM-127;VPM-129;VPM-130;VPM-104;VPM-107;VPM-110;VPM-112;VPM-117;VPM-121	APB-000005;APB-000013;APB-000017	yes	attachment_update	done	Stage 3 attachment route generated from completed scope row; use exact source blocks and missing-input prompts before item-level production claims.
S3-SCOPE-012	J015	S3-J014	GPTs/attachments/06_data_dictionary_performance_views.md	06. Data Dictionary and Performance Views	KAE-BLOCK-000275	hybrid	primary_working_source_after_alignment	aligned	patch_notes;release_notes_platform;technical_documents_support;third_party_guides;migration_oracle;replication_manager;spatial_nifi_tableau;utilities_datacompj	7.1;7.3;8.1_verified;multi;selected release-note tool scopes	Korean authoritative; English extraction aid; Repository source evidence; Approved support evidence; Altibase 8.1 verified source	SRC-000008;SRC-000009;SRC-000010;SRC-000011;SRC-000012;SRC-000013;SRC-000014;SRC-000064;SRC-000301;SRC-000302;SRC-000303;SRC-000304;SRC-000305;SRC-000306;SRC-000307;SRC-000308;SRC-000309;SRC-000310;SRC-000311;SRC-000312;SRC-000313;SRC-000314;SRC-000315;SRC-000316;SRC-000317;SRC-000318;SRC-000319;SRC-000320;SRC-000321;SRC-000322;SRC-000323;SRC-000324;SRC-000325;SRC-000326;SRC-000327;SRC-000328;SRC-000329;SRC-000330;SRC-000331;SRC-000332;SRC-000333;SRC-000334;SRC-000335;SRC-000336;SRC-000337;SRC-000338;SRC-000339;SRC-000340;SRC-000341;SRC-000342;SRC-000343;SRC-000344;SRC-000345;SRC-000346;SRC-000347;SRC-000348;SRC-000349;SRC-000350;SRC-000351;SRC-000352;SRC-000353;SRC-000354;SRC-000355;SRC-000356;SRC-000357;SRC-000358;SRC-000359;SRC-000360;SRC-000361;SRC-000362;SRC-000363;SRC-000364;SRC-000365;SRC-000366;SRC-000367;SRC-000368;SRC-000369;SRC-000370;SRC-000371;SRC-000372;SRC-000373;SRC-000374;SRC-000375;SRC-000376;SRC-000377;SRC-000378;SRC-000379;SRC-000380;SRC-000381;SRC-000382;SRC-000383;SRC-000384;SRC-000385;SRC-000386;SRC-000387;SRC-000388;SRC-000389;SRC-000390;SRC-000391;SRC-000392;SRC-000393;SRC-000394;SRC-000395;SRC-000396;SRC-000405;SRC-000406;SRC-000407;SRC-000408;SRC-000409;SRC-000410;SRC-000411;SRC-000412;SRC-000413;SRC-000414;SRC-000415;SRC-000416;SRC-000417;SRC-000418;SRC-000419;SRC-000420;SRC-000421;SRC-000422;SRC-000423;SRC-000450;SRC-000451;SRC-000452;SRC-000453;SRC-000454;SRC-000455;SRC-000456;SRC-000457;SRC-000458;SRC-000459;SRC-000460;SRC-000461;SRC-000462;SRC-000463;SRC-000464;SRC-000465;SRC-000466;SRC-000467;SRC-000468;SRC-000469;SRC-000470;SRC-000471;SRC-000473;SRC-000474;SRC-000475;SRC-000476;SRC-000002;SRC-000003;SRC-000004;SRC-000005;SRC-000006;SRC-000007;SRC-000033;SRC-000231;SRC-000232;SRC-000233;SRC-000234;SRC-000235;SRC-000236;SRC-000237;SRC-000238;SRC-000239;SRC-000240;SRC-000241;SRC-000242;SRC-000243;SRC-000244;SRC-000245;SRC-000246;SRC-000247;SRC-000248;SRC-000249;SRC-000250;SRC-000251;SRC-000252;SRC-000253;SRC-000254;SRC-000255;SRC-000256;SRC-000257;SRC-000258;SRC-000259;SRC-000260;SRC-000261;SRC-000262;SRC-000263;SRC-000264;SRC-000265;SRC-000266;SRC-000267;SRC-000268;SRC-000269;SRC-000270;SRC-000271;SRC-000272;SRC-000273;SRC-000274;SRC-000275;SRC-000276;SRC-000277;SRC-000278;SRC-000279;SRC-000280;SRC-000281;SRC-000282;SRC-000283;SRC-000284;SRC-000285;SRC-000286;SRC-000287;SRC-000288;SRC-000289;SRC-000290;SRC-000291;SRC-000292;SRC-000293;SRC-000294;SRC-000295;SRC-000296;SRC-000297;SRC-000298;SRC-000299;SRC-000300;SRC-000399;SRC-000400;SRC-000401;SRC-000402;SRC-000403;SRC-000404;SRC-000427;SRC-000428;SRC-000429;SRC-000430;SRC-000431;SRC-000432;SRC-000433;SRC-000434;SRC-000435;SRC-000436;SRC-000437;SRC-000438;SRC-000439;SRC-000440;SRC-000441;SRC-000442;SRC-000443;SRC-000444;SRC-000445;SRC-000446;SRC-000447;SRC-000448;SRC-000449;SRC-000472;SRC-000001;SRC-000228;SRC-000229;SRC-000230;SRC-000397;SRC-000398;SRC-000424;SRC-000425;SRC-000426;SRC-000477	SRC-000063/BLOCK-000605;SRC-000121/BLOCK-000523;SRC-000127/BLOCK-000609;SRC-000129/BLOCK-000814;SRC-000133/BLOCK-000610;SRC-000181/BLOCK-000525;SRC-000189/BLOCK-000816;SRC-000199/BLOCK-000549;SRC-000376/BLOCK-000743;SRC-000452/BLOCK-000826	VPM-114;VPM-125;VPM-101;VPM-102;VPM-103;VPM-105;VPM-106;VPM-108;VPM-109;VPM-111;VPM-115;VPM-116;VPM-118;VPM-119;VPM-120;VPM-122;VPM-123;VPM-124;VPM-127;VPM-129;VPM-130;VPM-104;VPM-107;VPM-110;VPM-112;VPM-117;VPM-121	APB-000005;APB-000013;APB-000017	yes	attachment_update	done	Stage 3 attachment route generated from completed scope row; use exact source blocks and missing-input prompts before item-level production claims.
S3-SCOPE-012	J015	S3-J014	GPTs/attachments/06_data_dictionary_performance_views.md	06. Data Dictionary and Performance Views	KAE-BLOCK-000281	hybrid	primary_working_source_after_alignment	aligned	monitoring_api_snmp	7.1;7.3;8.1_verified	Korean authoritative; English extraction aid; Altibase 8.1 verified source	SRC-000063;SRC-000127;SRC-000187;SRC-000032;SRC-000096;SRC-000157	SRC-000063/BLOCK-000605;SRC-000121/BLOCK-000523;SRC-000127/BLOCK-000609;SRC-000129/BLOCK-000814;SRC-000133/BLOCK-000610;SRC-000181/BLOCK-000525;SRC-000189/BLOCK-000816;SRC-000199/BLOCK-000549;SRC-000376/BLOCK-000743;SRC-000452/BLOCK-000826	VPM-114;VPM-125;VPM-101;VPM-102;VPM-103;VPM-105;VPM-106;VPM-108;VPM-109;VPM-111;VPM-115;VPM-116;VPM-118;VPM-119;VPM-120;VPM-122;VPM-123;VPM-124;VPM-127;VPM-129;VPM-130;VPM-104;VPM-107;VPM-110;VPM-112;VPM-117;VPM-121	APB-000005;APB-000013;APB-000017	yes	attachment_update	done	Stage 3 attachment route generated from completed scope row; use exact source blocks and missing-input prompts before item-level production claims.
S3-SCOPE-012	J015	S3-J014	GPTs/attachments/06_data_dictionary_performance_views.md	06. Data Dictionary and Performance Views	KAE-BLOCK-000282	hybrid	primary_working_source_after_alignment	aligned	monitoring_api_snmp	7.1;7.3;8.1_verified	Korean authoritative; English extraction aid; Altibase 8.1 verified source	SRC-000071;SRC-000133;SRC-000193;SRC-000039;SRC-000102;SRC-000162	SRC-000063/BLOCK-000605;SRC-000121/BLOCK-000523;SRC-000127/BLOCK-000609;SRC-000129/BLOCK-000814;SRC-000133/BLOCK-000610;SRC-000181/BLOCK-000525;SRC-000189/BLOCK-000816;SRC-000199/BLOCK-000549;SRC-000376/BLOCK-000743;SRC-000452/BLOCK-000826	VPM-114;VPM-125;VPM-101;VPM-102;VPM-103;VPM-105;VPM-106;VPM-108;VPM-109;VPM-111;VPM-115;VPM-116;VPM-118;VPM-119;VPM-120;VPM-122;VPM-123;VPM-124;VPM-127;VPM-129;VPM-130;VPM-104;VPM-107;VPM-110;VPM-112;VPM-117;VPM-121	APB-000005;APB-000013;APB-000017	yes	attachment_update	done	Stage 3 attachment route generated from completed scope row; use exact source blocks and missing-input prompts before item-level production claims.
S3-SCOPE-012	J015	S3-J014	GPTs/attachments/06_data_dictionary_performance_views.md	06. Data Dictionary and Performance Views	KAE-BLOCK-000283	hybrid	primary_working_source_after_alignment	aligned	performance_tuning	7.1;7.3;8.1_verified	Korean authoritative; English extraction aid; Altibase 8.1 verified source	SRC-000067;SRC-000129;SRC-000189;SRC-000035;SRC-000098;SRC-000159	SRC-000063/BLOCK-000605;SRC-000121/BLOCK-000523;SRC-000127/BLOCK-000609;SRC-000129/BLOCK-000814;SRC-000133/BLOCK-000610;SRC-000181/BLOCK-000525;SRC-000189/BLOCK-000816;SRC-000199/BLOCK-000549;SRC-000376/BLOCK-000743;SRC-000452/BLOCK-000826	VPM-114;VPM-125;VPM-101;VPM-102;VPM-103;VPM-105;VPM-106;VPM-108;VPM-109;VPM-111;VPM-115;VPM-116;VPM-118;VPM-119;VPM-120;VPM-122;VPM-123;VPM-124;VPM-127;VPM-129;VPM-130;VPM-104;VPM-107;VPM-110;VPM-112;VPM-117;VPM-121	APB-000005;APB-000013;APB-000017	yes	attachment_update	done	Stage 3 attachment route generated from completed scope row; use exact source blocks and missing-input prompts before item-level production claims.
S3-SCOPE-012	J015	S3-J014	GPTs/attachments/08_performance_tuning_monitoring.md	08. Performance Tuning and Monitoring	KAE-BLOCK-000020	repo_paired_ko_en	primary_working_source_after_alignment	pending	monitoring_api_snmp	7.1	Korean authoritative; English extraction aid	SRC-000063;SRC-000032	SRC-000063/BLOCK-000605;SRC-000121/BLOCK-000523;SRC-000127/BLOCK-000609;SRC-000129/BLOCK-000814;SRC-000133/BLOCK-000610;SRC-000181/BLOCK-000525;SRC-000189/BLOCK-000816;SRC-000199/BLOCK-000549;SRC-000376/BLOCK-000743;SRC-000452/BLOCK-000826	VPM-114;VPM-125;VPM-101;VPM-102;VPM-103;VPM-105;VPM-106;VPM-108;VPM-109;VPM-111;VPM-115;VPM-116;VPM-118;VPM-119;VPM-120;VPM-122;VPM-123;VPM-124;VPM-127;VPM-129;VPM-130;VPM-104;VPM-107;VPM-110;VPM-112;VPM-117;VPM-121	APB-000005;APB-000013;APB-000017	yes	attachment_update	done	Stage 3 attachment route generated from completed scope row; use exact source blocks and missing-input prompts before item-level production claims.
S3-SCOPE-012	J015	S3-J014	GPTs/attachments/08_performance_tuning_monitoring.md	08. Performance Tuning and Monitoring	KAE-BLOCK-000115	repo_paired_ko_en	primary_working_source_after_alignment	pending	patch_notes	7.1.0.7.9	Korean authoritative; English extraction aid	SRC-000376;SRC-000279	SRC-000063/BLOCK-000605;SRC-000121/BLOCK-000523;SRC-000127/BLOCK-000609;SRC-000129/BLOCK-000814;SRC-000133/BLOCK-000610;SRC-000181/BLOCK-000525;SRC-000189/BLOCK-000816;SRC-000199/BLOCK-000549;SRC-000376/BLOCK-000743;SRC-000452/BLOCK-000826	VPM-114;VPM-125;VPM-101;VPM-102;VPM-103;VPM-105;VPM-106;VPM-108;VPM-109;VPM-111;VPM-115;VPM-116;VPM-118;VPM-119;VPM-120;VPM-122;VPM-123;VPM-124;VPM-127;VPM-129;VPM-130;VPM-104;VPM-107;VPM-110;VPM-112;VPM-117;VPM-121	APB-000005;APB-000013;APB-000017	yes	attachment_update	done	Stage 3 attachment route generated from completed scope row; use exact source blocks and missing-input prompts before item-level production claims.
S3-SCOPE-012	J015	S3-J014	GPTs/attachments/08_performance_tuning_monitoring.md	08. Performance Tuning and Monitoring	KAE-BLOCK-000146	repo_paired_ko_en	primary_working_source_after_alignment	pending	general_reference_2_dictionary_views	7.3	Korean authoritative; English extraction aid	SRC-000121;SRC-000090	SRC-000063/BLOCK-000605;SRC-000121/BLOCK-000523;SRC-000127/BLOCK-000609;SRC-000129/BLOCK-000814;SRC-000133/BLOCK-000610;SRC-000181/BLOCK-000525;SRC-000189/BLOCK-000816;SRC-000199/BLOCK-000549;SRC-000376/BLOCK-000743;SRC-000452/BLOCK-000826	VPM-114;VPM-125;VPM-101;VPM-102;VPM-103;VPM-105;VPM-106;VPM-108;VPM-109;VPM-111;VPM-115;VPM-116;VPM-118;VPM-119;VPM-120;VPM-122;VPM-123;VPM-124;VPM-127;VPM-129;VPM-130;VPM-104;VPM-107;VPM-110;VPM-112;VPM-117;VPM-121	APB-000005;APB-000013;APB-000017	yes	attachment_update	done	Stage 3 attachment route generated from completed scope row; use exact source blocks and missing-input prompts before item-level production claims.
S3-SCOPE-012	J015	S3-J014	GPTs/attachments/08_performance_tuning_monitoring.md	08. Performance Tuning and Monitoring	KAE-BLOCK-000155	repo_paired_ko_en	primary_working_source_after_alignment	pending	monitoring_api_snmp	7.3	Korean authoritative; English extraction aid	SRC-000127;SRC-000096	SRC-000063/BLOCK-000605;SRC-000121/BLOCK-000523;SRC-000127/BLOCK-000609;SRC-000129/BLOCK-000814;SRC-000133/BLOCK-000610;SRC-000181/BLOCK-000525;SRC-000189/BLOCK-000816;SRC-000199/BLOCK-000549;SRC-000376/BLOCK-000743;SRC-000452/BLOCK-000826	VPM-114;VPM-125;VPM-101;VPM-102;VPM-103;VPM-105;VPM-106;VPM-108;VPM-109;VPM-111;VPM-115;VPM-116;VPM-118;VPM-119;VPM-120;VPM-122;VPM-123;VPM-124;VPM-127;VPM-129;VPM-130;VPM-104;VPM-107;VPM-110;VPM-112;VPM-117;VPM-121	APB-000005;APB-000013;APB-000017	yes	attachment_update	done	Stage 3 attachment route generated from completed scope row; use exact source blocks and missing-input prompts before item-level production claims.
S3-SCOPE-012	J015	S3-J014	GPTs/attachments/08_performance_tuning_monitoring.md	08. Performance Tuning and Monitoring	KAE-BLOCK-000156	repo_paired_ko_en	primary_working_source_after_alignment	pending	monitoring_api_snmp	7.3	Korean authoritative; English extraction aid	SRC-000133;SRC-000102	SRC-000063/BLOCK-000605;SRC-000121/BLOCK-000523;SRC-000127/BLOCK-000609;SRC-000129/BLOCK-000814;SRC-000133/BLOCK-000610;SRC-000181/BLOCK-000525;SRC-000189/BLOCK-000816;SRC-000199/BLOCK-000549;SRC-000376/BLOCK-000743;SRC-000452/BLOCK-000826	VPM-114;VPM-125;VPM-101;VPM-102;VPM-103;VPM-105;VPM-106;VPM-108;VPM-109;VPM-111;VPM-115;VPM-116;VPM-118;VPM-119;VPM-120;VPM-122;VPM-123;VPM-124;VPM-127;VPM-129;VPM-130;VPM-104;VPM-107;VPM-110;VPM-112;VPM-117;VPM-121	APB-000005;APB-000013;APB-000017	yes	attachment_update	done	Stage 3 attachment route generated from completed scope row; use exact source blocks and missing-input prompts before item-level production claims.
S3-SCOPE-012	J015	S3-J014	GPTs/attachments/08_performance_tuning_monitoring.md	08. Performance Tuning and Monitoring	KAE-BLOCK-000160	repo_paired_ko_en	primary_working_source_after_alignment	pending	performance_tuning	7.3	Korean authoritative; English extraction aid	SRC-000129;SRC-000098	SRC-000063/BLOCK-000605;SRC-000121/BLOCK-000523;SRC-000127/BLOCK-000609;SRC-000129/BLOCK-000814;SRC-000133/BLOCK-000610;SRC-000181/BLOCK-000525;SRC-000189/BLOCK-000816;SRC-000199/BLOCK-000549;SRC-000376/BLOCK-000743;SRC-000452/BLOCK-000826	VPM-114;VPM-125;VPM-101;VPM-102;VPM-103;VPM-105;VPM-106;VPM-108;VPM-109;VPM-111;VPM-115;VPM-116;VPM-118;VPM-119;VPM-120;VPM-122;VPM-123;VPM-124;VPM-127;VPM-129;VPM-130;VPM-104;VPM-107;VPM-110;VPM-112;VPM-117;VPM-121	APB-000005;APB-000013;APB-000017	yes	attachment_update	done	Stage 3 attachment route generated from completed scope row; use exact source blocks and missing-input prompts before item-level production claims.
S3-SCOPE-012	J015	S3-J014	GPTs/attachments/08_performance_tuning_monitoring.md	08. Performance Tuning and Monitoring	KAE-BLOCK-000202	repo_paired_ko_en	primary_working_source_after_alignment	pending	general_reference_2_dictionary_views	8.1_verified	Korean authoritative; Altibase 8.1 verified source; English extraction aid	SRC-000181;SRC-000151	SRC-000063/BLOCK-000605;SRC-000121/BLOCK-000523;SRC-000127/BLOCK-000609;SRC-000129/BLOCK-000814;SRC-000133/BLOCK-000610;SRC-000181/BLOCK-000525;SRC-000189/BLOCK-000816;SRC-000199/BLOCK-000549;SRC-000376/BLOCK-000743;SRC-000452/BLOCK-000826	VPM-114;VPM-125;VPM-101;VPM-102;VPM-103;VPM-105;VPM-106;VPM-108;VPM-109;VPM-111;VPM-115;VPM-116;VPM-118;VPM-119;VPM-120;VPM-122;VPM-123;VPM-124;VPM-127;VPM-129;VPM-130;VPM-104;VPM-107;VPM-110;VPM-112;VPM-117;VPM-121	APB-000005;APB-000013;APB-000017	yes	attachment_update	done	Stage 3 attachment route generated from completed scope row; use exact source blocks and missing-input prompts before item-level production claims.
S3-SCOPE-012	J015	S3-J014	GPTs/attachments/08_performance_tuning_monitoring.md	08. Performance Tuning and Monitoring	KAE-BLOCK-000206	repo_paired_ko_en	primary_working_source_after_alignment	pending	isql_iloader	8.1_verified	Korean authoritative; Altibase 8.1 verified source; English extraction aid	SRC-000199;SRC-000168	SRC-000063/BLOCK-000605;SRC-000121/BLOCK-000523;SRC-000127/BLOCK-000609;SRC-000129/BLOCK-000814;SRC-000133/BLOCK-000610;SRC-000181/BLOCK-000525;SRC-000189/BLOCK-000816;SRC-000199/BLOCK-000549;SRC-000376/BLOCK-000743;SRC-000452/BLOCK-000826	VPM-114;VPM-125;VPM-101;VPM-102;VPM-103;VPM-105;VPM-106;VPM-108;VPM-109;VPM-111;VPM-115;VPM-116;VPM-118;VPM-119;VPM-120;VPM-122;VPM-123;VPM-124;VPM-127;VPM-129;VPM-130;VPM-104;VPM-107;VPM-110;VPM-112;VPM-117;VPM-121	APB-000005;APB-000013;APB-000017	yes	attachment_update	done	Stage 3 attachment route generated from completed scope row; use exact source blocks and missing-input prompts before item-level production claims.
S3-SCOPE-012	J015	S3-J014	GPTs/attachments/08_performance_tuning_monitoring.md	08. Performance Tuning and Monitoring	KAE-BLOCK-000214	repo_paired_ko_en	primary_working_source_after_alignment	pending	performance_tuning	8.1_verified	Korean authoritative; Altibase 8.1 verified source; English extraction aid	SRC-000189;SRC-000159	SRC-000063/BLOCK-000605;SRC-000121/BLOCK-000523;SRC-000127/BLOCK-000609;SRC-000129/BLOCK-000814;SRC-000133/BLOCK-000610;SRC-000181/BLOCK-000525;SRC-000189/BLOCK-000816;SRC-000199/BLOCK-000549;SRC-000376/BLOCK-000743;SRC-000452/BLOCK-000826	VPM-114;VPM-125;VPM-101;VPM-102;VPM-103;VPM-105;VPM-106;VPM-108;VPM-109;VPM-111;VPM-115;VPM-116;VPM-118;VPM-119;VPM-120;VPM-122;VPM-123;VPM-124;VPM-127;VPM-129;VPM-130;VPM-104;VPM-107;VPM-110;VPM-112;VPM-117;VPM-121	APB-000005;APB-000013;APB-000017	yes	attachment_update	done	Stage 3 attachment route generated from completed scope row; use exact source blocks and missing-input prompts before item-level production claims.
S3-SCOPE-012	J015	S3-J014	GPTs/attachments/08_performance_tuning_monitoring.md	08. Performance Tuning and Monitoring	KAE-BLOCK-000253	repo_paired_ko_en	primary_working_source_after_alignment	pending	release_notes_platform	8.1.0.0.1	Korean authoritative; Altibase 8.1 verified source; English extraction aid	SRC-000452;SRC-000429	SRC-000063/BLOCK-000605;SRC-000121/BLOCK-000523;SRC-000127/BLOCK-000609;SRC-000129/BLOCK-000814;SRC-000133/BLOCK-000610;SRC-000181/BLOCK-000525;SRC-000189/BLOCK-000816;SRC-000199/BLOCK-000549;SRC-000376/BLOCK-000743;SRC-000452/BLOCK-000826	VPM-114;VPM-125;VPM-101;VPM-102;VPM-103;VPM-105;VPM-106;VPM-108;VPM-109;VPM-111;VPM-115;VPM-116;VPM-118;VPM-119;VPM-120;VPM-122;VPM-123;VPM-124;VPM-127;VPM-129;VPM-130;VPM-104;VPM-107;VPM-110;VPM-112;VPM-117;VPM-121	APB-000005;APB-000013;APB-000017	yes	attachment_update	done	Stage 3 attachment route generated from completed scope row; use exact source blocks and missing-input prompts before item-level production claims.
S3-SCOPE-012	J015	S3-J014	GPTs/attachments/08_performance_tuning_monitoring.md	08. Performance Tuning and Monitoring	KAE-BLOCK-000273	hybrid	primary_working_source_after_alignment	aligned	administrator_operations;error_message_reference;general_reference_1_datatypes_properties;general_reference_2_dictionary_views;replication_manual;sql_reference	7.1;7.3;8.1_verified	Korean authoritative; English extraction aid; Altibase 8.1 verified source	SRC-000049;SRC-000054;SRC-000056;SRC-000057;SRC-000070;SRC-000072;SRC-000113;SRC-000118;SRC-000120;SRC-000121;SRC-000132;SRC-000134;SRC-000173;SRC-000178;SRC-000180;SRC-000181;SRC-000192;SRC-000194;SRC-000018;SRC-000023;SRC-000025;SRC-000026;SRC-000038;SRC-000040;SRC-000082;SRC-000087;SRC-000089;SRC-000090;SRC-000101;SRC-000103;SRC-000143;SRC-000148;SRC-000150;SRC-000151;SRC-000161;SRC-000163	SRC-000063/BLOCK-000605;SRC-000121/BLOCK-000523;SRC-000127/BLOCK-000609;SRC-000129/BLOCK-000814;SRC-000133/BLOCK-000610;SRC-000181/BLOCK-000525;SRC-000189/BLOCK-000816;SRC-000199/BLOCK-000549;SRC-000376/BLOCK-000743;SRC-000452/BLOCK-000826	VPM-114;VPM-125;VPM-101;VPM-102;VPM-103;VPM-105;VPM-106;VPM-108;VPM-109;VPM-111;VPM-115;VPM-116;VPM-118;VPM-119;VPM-120;VPM-122;VPM-123;VPM-124;VPM-127;VPM-129;VPM-130;VPM-104;VPM-107;VPM-110;VPM-112;VPM-117;VPM-121	APB-000005;APB-000013;APB-000017	yes	attachment_update	done	Stage 3 attachment route generated from completed scope row; use exact source blocks and missing-input prompts before item-level production claims.
S3-SCOPE-012	J015	S3-J014	GPTs/attachments/08_performance_tuning_monitoring.md	08. Performance Tuning and Monitoring	KAE-BLOCK-000274	hybrid	primary_working_source_after_alignment	aligned	c_cli_odbc_precompiler;dblink_hadoop_external_connectors;isql_iloader;jdbc_java;migration_oracle;spatial_nifi_tableau;utilities_datacompj;release_notes_platform;third_party_guides	7.1;7.1.0.1.2;7.3;7.3.0.0.1;8.1_verified;multi;8.1.0.0.1;Migration Center 7.10;Migration Center 7.11;Migration Center 7.12;Migration Center 7.13;Migration Center 7.14;Migration Center 7.15;Migration Center 7.16;Migration Center 7.17;Migration Center 7.18;Migration Center 7.19;Migration Center 7.9;dataCompJ 7.2	Korean authoritative; English extraction aid; Altibase 8.1 verified source	SRC-000046;SRC-000050;SRC-000052;SRC-000065;SRC-000068;SRC-000053;SRC-000059;SRC-000077;SRC-000078;SRC-000047;SRC-000061;SRC-000048;SRC-000074;SRC-000076;SRC-000450;SRC-000110;SRC-000114;SRC-000116;SRC-000128;SRC-000130;SRC-000117;SRC-000123;SRC-000138;SRC-000139;SRC-000111;SRC-000125;SRC-000112;SRC-000135;SRC-000137;SRC-000451;SRC-000170;SRC-000174;SRC-000176;SRC-000188;SRC-000190;SRC-000177;SRC-000183;SRC-000221;SRC-000198;SRC-000199;SRC-000171;SRC-000185;SRC-000172;SRC-000223;SRC-000195;SRC-000226;SRC-000197;SRC-000222;SRC-000227;SRC-000207;SRC-000473;SRC-000209;SRC-000212;SRC-000470;SRC-000008;SRC-000009;SRC-000010;SRC-000012;SRC-000013;SRC-000014;SRC-000208;SRC-000213;SRC-000452;SRC-000453;SRC-000454;SRC-000455;SRC-000456;SRC-000457;SRC-000458;SRC-000459;SRC-000460;SRC-000461;SRC-000462;SRC-000463;SRC-000471;SRC-000015;SRC-000019;SRC-000021;SRC-000034;SRC-000036;SRC-000022;SRC-000028;SRC-000044;SRC-000045;SRC-000016;SRC-000030;SRC-000017;SRC-000041;SRC-000043;SRC-000427;SRC-000079;SRC-000083;SRC-000085;SRC-000097;SRC-000099;SRC-000086;SRC-000092;SRC-000107;SRC-000108;SRC-000080;SRC-000094;SRC-000081;SRC-000104;SRC-000106;SRC-000428;SRC-000140;SRC-000144;SRC-000146;SRC-000158;SRC-000160;SRC-000147;SRC-000153;SRC-000214;SRC-000167;SRC-000168;SRC-000141;SRC-000155;SRC-000142;SRC-000216;SRC-000164;SRC-000219;SRC-000166;SRC-000215;SRC-000220;SRC-000200;SRC-000202;SRC-000205;SRC-000448;SRC-000002;SRC-000003;SRC-000004;SRC-000005;SRC-000006;SRC-000007;SRC-000201;SRC-000206;SRC-000429;SRC-000430;SRC-000431;SRC-000432;SRC-000433;SRC-000434;SRC-000435;SRC-000436;SRC-000437;SRC-000438;SRC-000439;SRC-000442;SRC-000449	SRC-000063/BLOCK-000605;SRC-000121/BLOCK-000523;SRC-000127/BLOCK-000609;SRC-000129/BLOCK-000814;SRC-000133/BLOCK-000610;SRC-000181/BLOCK-000525;SRC-000189/BLOCK-000816;SRC-000199/BLOCK-000549;SRC-000376/BLOCK-000743;SRC-000452/BLOCK-000826	VPM-114;VPM-125;VPM-101;VPM-102;VPM-103;VPM-105;VPM-106;VPM-108;VPM-109;VPM-111;VPM-115;VPM-116;VPM-118;VPM-119;VPM-120;VPM-122;VPM-123;VPM-124;VPM-127;VPM-129;VPM-130;VPM-104;VPM-107;VPM-110;VPM-112;VPM-117;VPM-121	APB-000005;APB-000013;APB-000017	yes	attachment_update	done	Stage 3 attachment route generated from completed scope row; use exact source blocks and missing-input prompts before item-level production claims.
S3-SCOPE-012	J015	S3-J014	GPTs/attachments/08_performance_tuning_monitoring.md	08. Performance Tuning and Monitoring	KAE-BLOCK-000275	hybrid	primary_working_source_after_alignment	aligned	patch_notes;release_notes_platform;technical_documents_support;third_party_guides;migration_oracle;replication_manager;spatial_nifi_tableau;utilities_datacompj	7.1;7.3;8.1_verified;multi;selected release-note tool scopes	Korean authoritative; English extraction aid; Repository source evidence; Approved support evidence; Altibase 8.1 verified source	SRC-000008;SRC-000009;SRC-000010;SRC-000011;SRC-000012;SRC-000013;SRC-000014;SRC-000064;SRC-000301;SRC-000302;SRC-000303;SRC-000304;SRC-000305;SRC-000306;SRC-000307;SRC-000308;SRC-000309;SRC-000310;SRC-000311;SRC-000312;SRC-000313;SRC-000314;SRC-000315;SRC-000316;SRC-000317;SRC-000318;SRC-000319;SRC-000320;SRC-000321;SRC-000322;SRC-000323;SRC-000324;SRC-000325;SRC-000326;SRC-000327;SRC-000328;SRC-000329;SRC-000330;SRC-000331;SRC-000332;SRC-000333;SRC-000334;SRC-000335;SRC-000336;SRC-000337;SRC-000338;SRC-000339;SRC-000340;SRC-000341;SRC-000342;SRC-000343;SRC-000344;SRC-000345;SRC-000346;SRC-000347;SRC-000348;SRC-000349;SRC-000350;SRC-000351;SRC-000352;SRC-000353;SRC-000354;SRC-000355;SRC-000356;SRC-000357;SRC-000358;SRC-000359;SRC-000360;SRC-000361;SRC-000362;SRC-000363;SRC-000364;SRC-000365;SRC-000366;SRC-000367;SRC-000368;SRC-000369;SRC-000370;SRC-000371;SRC-000372;SRC-000373;SRC-000374;SRC-000375;SRC-000376;SRC-000377;SRC-000378;SRC-000379;SRC-000380;SRC-000381;SRC-000382;SRC-000383;SRC-000384;SRC-000385;SRC-000386;SRC-000387;SRC-000388;SRC-000389;SRC-000390;SRC-000391;SRC-000392;SRC-000393;SRC-000394;SRC-000395;SRC-000396;SRC-000405;SRC-000406;SRC-000407;SRC-000408;SRC-000409;SRC-000410;SRC-000411;SRC-000412;SRC-000413;SRC-000414;SRC-000415;SRC-000416;SRC-000417;SRC-000418;SRC-000419;SRC-000420;SRC-000421;SRC-000422;SRC-000423;SRC-000450;SRC-000451;SRC-000452;SRC-000453;SRC-000454;SRC-000455;SRC-000456;SRC-000457;SRC-000458;SRC-000459;SRC-000460;SRC-000461;SRC-000462;SRC-000463;SRC-000464;SRC-000465;SRC-000466;SRC-000467;SRC-000468;SRC-000469;SRC-000470;SRC-000471;SRC-000473;SRC-000474;SRC-000475;SRC-000476;SRC-000002;SRC-000003;SRC-000004;SRC-000005;SRC-000006;SRC-000007;SRC-000033;SRC-000231;SRC-000232;SRC-000233;SRC-000234;SRC-000235;SRC-000236;SRC-000237;SRC-000238;SRC-000239;SRC-000240;SRC-000241;SRC-000242;SRC-000243;SRC-000244;SRC-000245;SRC-000246;SRC-000247;SRC-000248;SRC-000249;SRC-000250;SRC-000251;SRC-000252;SRC-000253;SRC-000254;SRC-000255;SRC-000256;SRC-000257;SRC-000258;SRC-000259;SRC-000260;SRC-000261;SRC-000262;SRC-000263;SRC-000264;SRC-000265;SRC-000266;SRC-000267;SRC-000268;SRC-000269;SRC-000270;SRC-000271;SRC-000272;SRC-000273;SRC-000274;SRC-000275;SRC-000276;SRC-000277;SRC-000278;SRC-000279;SRC-000280;SRC-000281;SRC-000282;SRC-000283;SRC-000284;SRC-000285;SRC-000286;SRC-000287;SRC-000288;SRC-000289;SRC-000290;SRC-000291;SRC-000292;SRC-000293;SRC-000294;SRC-000295;SRC-000296;SRC-000297;SRC-000298;SRC-000299;SRC-000300;SRC-000399;SRC-000400;SRC-000401;SRC-000402;SRC-000403;SRC-000404;SRC-000427;SRC-000428;SRC-000429;SRC-000430;SRC-000431;SRC-000432;SRC-000433;SRC-000434;SRC-000435;SRC-000436;SRC-000437;SRC-000438;SRC-000439;SRC-000440;SRC-000441;SRC-000442;SRC-000443;SRC-000444;SRC-000445;SRC-000446;SRC-000447;SRC-000448;SRC-000449;SRC-000472;SRC-000001;SRC-000228;SRC-000229;SRC-000230;SRC-000397;SRC-000398;SRC-000424;SRC-000425;SRC-000426;SRC-000477	SRC-000063/BLOCK-000605;SRC-000121/BLOCK-000523;SRC-000127/BLOCK-000609;SRC-000129/BLOCK-000814;SRC-000133/BLOCK-000610;SRC-000181/BLOCK-000525;SRC-000189/BLOCK-000816;SRC-000199/BLOCK-000549;SRC-000376/BLOCK-000743;SRC-000452/BLOCK-000826	VPM-114;VPM-125;VPM-101;VPM-102;VPM-103;VPM-105;VPM-106;VPM-108;VPM-109;VPM-111;VPM-115;VPM-116;VPM-118;VPM-119;VPM-120;VPM-122;VPM-123;VPM-124;VPM-127;VPM-129;VPM-130;VPM-104;VPM-107;VPM-110;VPM-112;VPM-117;VPM-121	APB-000005;APB-000013;APB-000017	yes	attachment_update	done	Stage 3 attachment route generated from completed scope row; use exact source blocks and missing-input prompts before item-level production claims.
S3-SCOPE-012	J015	S3-J014	GPTs/attachments/08_performance_tuning_monitoring.md	08. Performance Tuning and Monitoring	KAE-BLOCK-000281	hybrid	primary_working_source_after_alignment	aligned	monitoring_api_snmp	7.1;7.3;8.1_verified	Korean authoritative; English extraction aid; Altibase 8.1 verified source	SRC-000063;SRC-000127;SRC-000187;SRC-000032;SRC-000096;SRC-000157	SRC-000063/BLOCK-000605;SRC-000121/BLOCK-000523;SRC-000127/BLOCK-000609;SRC-000129/BLOCK-000814;SRC-000133/BLOCK-000610;SRC-000181/BLOCK-000525;SRC-000189/BLOCK-000816;SRC-000199/BLOCK-000549;SRC-000376/BLOCK-000743;SRC-000452/BLOCK-000826	VPM-114;VPM-125;VPM-101;VPM-102;VPM-103;VPM-105;VPM-106;VPM-108;VPM-109;VPM-111;VPM-115;VPM-116;VPM-118;VPM-119;VPM-120;VPM-122;VPM-123;VPM-124;VPM-127;VPM-129;VPM-130;VPM-104;VPM-107;VPM-110;VPM-112;VPM-117;VPM-121	APB-000005;APB-000013;APB-000017	yes	attachment_update	done	Stage 3 attachment route generated from completed scope row; use exact source blocks and missing-input prompts before item-level production claims.
S3-SCOPE-012	J015	S3-J014	GPTs/attachments/08_performance_tuning_monitoring.md	08. Performance Tuning and Monitoring	KAE-BLOCK-000282	hybrid	primary_working_source_after_alignment	aligned	monitoring_api_snmp	7.1;7.3;8.1_verified	Korean authoritative; English extraction aid; Altibase 8.1 verified source	SRC-000071;SRC-000133;SRC-000193;SRC-000039;SRC-000102;SRC-000162	SRC-000063/BLOCK-000605;SRC-000121/BLOCK-000523;SRC-000127/BLOCK-000609;SRC-000129/BLOCK-000814;SRC-000133/BLOCK-000610;SRC-000181/BLOCK-000525;SRC-000189/BLOCK-000816;SRC-000199/BLOCK-000549;SRC-000376/BLOCK-000743;SRC-000452/BLOCK-000826	VPM-114;VPM-125;VPM-101;VPM-102;VPM-103;VPM-105;VPM-106;VPM-108;VPM-109;VPM-111;VPM-115;VPM-116;VPM-118;VPM-119;VPM-120;VPM-122;VPM-123;VPM-124;VPM-127;VPM-129;VPM-130;VPM-104;VPM-107;VPM-110;VPM-112;VPM-117;VPM-121	APB-000005;APB-000013;APB-000017	yes	attachment_update	done	Stage 3 attachment route generated from completed scope row; use exact source blocks and missing-input prompts before item-level production claims.
S3-SCOPE-012	J015	S3-J014	GPTs/attachments/08_performance_tuning_monitoring.md	08. Performance Tuning and Monitoring	KAE-BLOCK-000283	hybrid	primary_working_source_after_alignment	aligned	performance_tuning	7.1;7.3;8.1_verified	Korean authoritative; English extraction aid; Altibase 8.1 verified source	SRC-000067;SRC-000129;SRC-000189;SRC-000035;SRC-000098;SRC-000159	SRC-000063/BLOCK-000605;SRC-000121/BLOCK-000523;SRC-000127/BLOCK-000609;SRC-000129/BLOCK-000814;SRC-000133/BLOCK-000610;SRC-000181/BLOCK-000525;SRC-000189/BLOCK-000816;SRC-000199/BLOCK-000549;SRC-000376/BLOCK-000743;SRC-000452/BLOCK-000826	VPM-114;VPM-125;VPM-101;VPM-102;VPM-103;VPM-105;VPM-106;VPM-108;VPM-109;VPM-111;VPM-115;VPM-116;VPM-118;VPM-119;VPM-120;VPM-122;VPM-123;VPM-124;VPM-127;VPM-129;VPM-130;VPM-104;VPM-107;VPM-110;VPM-112;VPM-117;VPM-121	APB-000005;APB-000013;APB-000017	yes	attachment_update	done	Stage 3 attachment route generated from completed scope row; use exact source blocks and missing-input prompts before item-level production claims.
S3-SCOPE-013	J016	S3-J015	GPTs/attachments/10_psm_stored_external_procedures.md	10. PSM, Stored Procedures, and External Procedures	KAE-BLOCK-000171	repo_paired_ko_en	primary_working_source_after_alignment	pending	release_notes_platform	7.3.0.0.1	Korean authoritative; English extraction aid	SRC-000451;SRC-000428	SRC-000010/BLOCK-000921;SRC-000013/BLOCK-000924;SRC-000174/BLOCK-000488;SRC-000176/BLOCK-000489;SRC-000179/BLOCK-000906;SRC-000183/BLOCK-000503;SRC-000185/BLOCK-000561;SRC-000188/BLOCK-000490;SRC-000190/BLOCK-000491;SRC-000196/BLOCK-000907;SRC-000197/BLOCK-000931;SRC-000198/BLOCK-000548;SRC-000199/BLOCK-000549;SRC-000223/BLOCK-000576;SRC-000227/BLOCK-000935;SRC-000451/BLOCK-000824;SRC-000462/BLOCK-000596;SRC-000471/BLOCK-000937	TOOL-001;TOOL-004;TOOL-005;TOOL-017;TOOL-018;TOOL-020;TOOL-022;TOOL-024;TOOL-025;TOOL-028;TOOL-031;TOOL-033;TOOL-034;TOOL-035;TOOL-036;TOOL-039;TOOL-045;TOOL-049;TOOL-002;TOOL-003;TOOL-006;TOOL-007;TOOL-012;TOOL-019;TOOL-023;TOOL-027;TOOL-030;TOOL-037;TOOL-038	APB-000009;APB-000011;APB-000017	no	attachment_update	done	Stage 3 attachment route generated from completed scope row; use exact source blocks and missing-input prompts before item-level production claims.
S3-SCOPE-013	J016	S3-J015	GPTs/attachments/10_psm_stored_external_procedures.md	10. PSM, Stored Procedures, and External Procedures	KAE-BLOCK-000193	repo_paired_ko_en	primary_working_source_after_alignment	pending	c_cli_odbc_precompiler	8.1_verified	Korean authoritative; Altibase 8.1 verified source; English extraction aid	SRC-000174;SRC-000144	SRC-000010/BLOCK-000921;SRC-000013/BLOCK-000924;SRC-000174/BLOCK-000488;SRC-000176/BLOCK-000489;SRC-000179/BLOCK-000906;SRC-000183/BLOCK-000503;SRC-000185/BLOCK-000561;SRC-000188/BLOCK-000490;SRC-000190/BLOCK-000491;SRC-000196/BLOCK-000907;SRC-000197/BLOCK-000931;SRC-000198/BLOCK-000548;SRC-000199/BLOCK-000549;SRC-000223/BLOCK-000576;SRC-000227/BLOCK-000935;SRC-000451/BLOCK-000824;SRC-000462/BLOCK-000596;SRC-000471/BLOCK-000937	TOOL-001;TOOL-004;TOOL-005;TOOL-017;TOOL-018;TOOL-020;TOOL-022;TOOL-024;TOOL-025;TOOL-028;TOOL-031;TOOL-033;TOOL-034;TOOL-035;TOOL-036;TOOL-039;TOOL-045;TOOL-049;TOOL-002;TOOL-003;TOOL-006;TOOL-007;TOOL-012;TOOL-019;TOOL-023;TOOL-027;TOOL-030;TOOL-037;TOOL-038	APB-000009;APB-000011;APB-000017	no	attachment_update	done	Stage 3 attachment route generated from completed scope row; use exact source blocks and missing-input prompts before item-level production claims.
S3-SCOPE-013	J016	S3-J015	GPTs/attachments/10_psm_stored_external_procedures.md	10. PSM, Stored Procedures, and External Procedures	KAE-BLOCK-000194	repo_paired_ko_en	primary_working_source_after_alignment	pending	c_cli_odbc_precompiler	8.1_verified	Korean authoritative; Altibase 8.1 verified source; English extraction aid	SRC-000176;SRC-000146	SRC-000010/BLOCK-000921;SRC-000013/BLOCK-000924;SRC-000174/BLOCK-000488;SRC-000176/BLOCK-000489;SRC-000179/BLOCK-000906;SRC-000183/BLOCK-000503;SRC-000185/BLOCK-000561;SRC-000188/BLOCK-000490;SRC-000190/BLOCK-000491;SRC-000196/BLOCK-000907;SRC-000197/BLOCK-000931;SRC-000198/BLOCK-000548;SRC-000199/BLOCK-000549;SRC-000223/BLOCK-000576;SRC-000227/BLOCK-000935;SRC-000451/BLOCK-000824;SRC-000462/BLOCK-000596;SRC-000471/BLOCK-000937	TOOL-001;TOOL-004;TOOL-005;TOOL-017;TOOL-018;TOOL-020;TOOL-022;TOOL-024;TOOL-025;TOOL-028;TOOL-031;TOOL-033;TOOL-034;TOOL-035;TOOL-036;TOOL-039;TOOL-045;TOOL-049;TOOL-002;TOOL-003;TOOL-006;TOOL-007;TOOL-012;TOOL-019;TOOL-023;TOOL-027;TOOL-030;TOOL-037;TOOL-038	APB-000009;APB-000011;APB-000017	no	attachment_update	done	Stage 3 attachment route generated from completed scope row; use exact source blocks and missing-input prompts before item-level production claims.
S3-SCOPE-013	J016	S3-J015	GPTs/attachments/10_psm_stored_external_procedures.md	10. PSM, Stored Procedures, and External Procedures	KAE-BLOCK-000195	repo_paired_ko_en	primary_working_source_after_alignment	pending	c_cli_odbc_precompiler	8.1_verified	Korean authoritative; Altibase 8.1 verified source; English extraction aid	SRC-000188;SRC-000158	SRC-000010/BLOCK-000921;SRC-000013/BLOCK-000924;SRC-000174/BLOCK-000488;SRC-000176/BLOCK-000489;SRC-000179/BLOCK-000906;SRC-000183/BLOCK-000503;SRC-000185/BLOCK-000561;SRC-000188/BLOCK-000490;SRC-000190/BLOCK-000491;SRC-000196/BLOCK-000907;SRC-000197/BLOCK-000931;SRC-000198/BLOCK-000548;SRC-000199/BLOCK-000549;SRC-000223/BLOCK-000576;SRC-000227/BLOCK-000935;SRC-000451/BLOCK-000824;SRC-000462/BLOCK-000596;SRC-000471/BLOCK-000937	TOOL-001;TOOL-004;TOOL-005;TOOL-017;TOOL-018;TOOL-020;TOOL-022;TOOL-024;TOOL-025;TOOL-028;TOOL-031;TOOL-033;TOOL-034;TOOL-035;TOOL-036;TOOL-039;TOOL-045;TOOL-049;TOOL-002;TOOL-003;TOOL-006;TOOL-007;TOOL-012;TOOL-019;TOOL-023;TOOL-027;TOOL-030;TOOL-037;TOOL-038	APB-000009;APB-000011;APB-000017	no	attachment_update	done	Stage 3 attachment route generated from completed scope row; use exact source blocks and missing-input prompts before item-level production claims.
S3-SCOPE-013	J016	S3-J015	GPTs/attachments/10_psm_stored_external_procedures.md	10. PSM, Stored Procedures, and External Procedures	KAE-BLOCK-000196	repo_paired_ko_en	primary_working_source_after_alignment	pending	c_cli_odbc_precompiler	8.1_verified	Korean authoritative; Altibase 8.1 verified source; English extraction aid	SRC-000190;SRC-000160	SRC-000010/BLOCK-000921;SRC-000013/BLOCK-000924;SRC-000174/BLOCK-000488;SRC-000176/BLOCK-000489;SRC-000179/BLOCK-000906;SRC-000183/BLOCK-000503;SRC-000185/BLOCK-000561;SRC-000188/BLOCK-000490;SRC-000190/BLOCK-000491;SRC-000196/BLOCK-000907;SRC-000197/BLOCK-000931;SRC-000198/BLOCK-000548;SRC-000199/BLOCK-000549;SRC-000223/BLOCK-000576;SRC-000227/BLOCK-000935;SRC-000451/BLOCK-000824;SRC-000462/BLOCK-000596;SRC-000471/BLOCK-000937	TOOL-001;TOOL-004;TOOL-005;TOOL-017;TOOL-018;TOOL-020;TOOL-022;TOOL-024;TOOL-025;TOOL-028;TOOL-031;TOOL-033;TOOL-034;TOOL-035;TOOL-036;TOOL-039;TOOL-045;TOOL-049;TOOL-002;TOOL-003;TOOL-006;TOOL-007;TOOL-012;TOOL-019;TOOL-023;TOOL-027;TOOL-030;TOOL-037;TOOL-038	APB-000009;APB-000011;APB-000017	no	attachment_update	done	Stage 3 attachment route generated from completed scope row; use exact source blocks and missing-input prompts before item-level production claims.
S3-SCOPE-013	J016	S3-J015	GPTs/attachments/10_psm_stored_external_procedures.md	10. PSM, Stored Procedures, and External Procedures	KAE-BLOCK-000198	repo_paired_ko_en	primary_working_source_after_alignment	pending	dblink_hadoop_external_connectors	8.1_verified	Korean authoritative; Altibase 8.1 verified source; English extraction aid	SRC-000183;SRC-000153	SRC-000010/BLOCK-000921;SRC-000013/BLOCK-000924;SRC-000174/BLOCK-000488;SRC-000176/BLOCK-000489;SRC-000179/BLOCK-000906;SRC-000183/BLOCK-000503;SRC-000185/BLOCK-000561;SRC-000188/BLOCK-000490;SRC-000190/BLOCK-000491;SRC-000196/BLOCK-000907;SRC-000197/BLOCK-000931;SRC-000198/BLOCK-000548;SRC-000199/BLOCK-000549;SRC-000223/BLOCK-000576;SRC-000227/BLOCK-000935;SRC-000451/BLOCK-000824;SRC-000462/BLOCK-000596;SRC-000471/BLOCK-000937	TOOL-001;TOOL-004;TOOL-005;TOOL-017;TOOL-018;TOOL-020;TOOL-022;TOOL-024;TOOL-025;TOOL-028;TOOL-031;TOOL-033;TOOL-034;TOOL-035;TOOL-036;TOOL-039;TOOL-045;TOOL-049;TOOL-002;TOOL-003;TOOL-006;TOOL-007;TOOL-012;TOOL-019;TOOL-023;TOOL-027;TOOL-030;TOOL-037;TOOL-038	APB-000009;APB-000011;APB-000017	no	attachment_update	done	Stage 3 attachment route generated from completed scope row; use exact source blocks and missing-input prompts before item-level production claims.
S3-SCOPE-013	J016	S3-J015	GPTs/attachments/10_psm_stored_external_procedures.md	10. PSM, Stored Procedures, and External Procedures	KAE-BLOCK-000205	repo_paired_ko_en	primary_working_source_after_alignment	pending	isql_iloader	8.1_verified	Korean authoritative; Altibase 8.1 verified source; English extraction aid	SRC-000198;SRC-000167	SRC-000010/BLOCK-000921;SRC-000013/BLOCK-000924;SRC-000174/BLOCK-000488;SRC-000176/BLOCK-000489;SRC-000179/BLOCK-000906;SRC-000183/BLOCK-000503;SRC-000185/BLOCK-000561;SRC-000188/BLOCK-000490;SRC-000190/BLOCK-000491;SRC-000196/BLOCK-000907;SRC-000197/BLOCK-000931;SRC-000198/BLOCK-000548;SRC-000199/BLOCK-000549;SRC-000223/BLOCK-000576;SRC-000227/BLOCK-000935;SRC-000451/BLOCK-000824;SRC-000462/BLOCK-000596;SRC-000471/BLOCK-000937	TOOL-001;TOOL-004;TOOL-005;TOOL-017;TOOL-018;TOOL-020;TOOL-022;TOOL-024;TOOL-025;TOOL-028;TOOL-031;TOOL-033;TOOL-034;TOOL-035;TOOL-036;TOOL-039;TOOL-045;TOOL-049;TOOL-002;TOOL-003;TOOL-006;TOOL-007;TOOL-012;TOOL-019;TOOL-023;TOOL-027;TOOL-030;TOOL-037;TOOL-038	APB-000009;APB-000011;APB-000017	no	attachment_update	done	Stage 3 attachment route generated from completed scope row; use exact source blocks and missing-input prompts before item-level production claims.
S3-SCOPE-013	J016	S3-J015	GPTs/attachments/10_psm_stored_external_procedures.md	10. PSM, Stored Procedures, and External Procedures	KAE-BLOCK-000206	repo_paired_ko_en	primary_working_source_after_alignment	pending	isql_iloader	8.1_verified	Korean authoritative; Altibase 8.1 verified source; English extraction aid	SRC-000199;SRC-000168	SRC-000010/BLOCK-000921;SRC-000013/BLOCK-000924;SRC-000174/BLOCK-000488;SRC-000176/BLOCK-000489;SRC-000179/BLOCK-000906;SRC-000183/BLOCK-000503;SRC-000185/BLOCK-000561;SRC-000188/BLOCK-000490;SRC-000190/BLOCK-000491;SRC-000196/BLOCK-000907;SRC-000197/BLOCK-000931;SRC-000198/BLOCK-000548;SRC-000199/BLOCK-000549;SRC-000223/BLOCK-000576;SRC-000227/BLOCK-000935;SRC-000451/BLOCK-000824;SRC-000462/BLOCK-000596;SRC-000471/BLOCK-000937	TOOL-001;TOOL-004;TOOL-005;TOOL-017;TOOL-018;TOOL-020;TOOL-022;TOOL-024;TOOL-025;TOOL-028;TOOL-031;TOOL-033;TOOL-034;TOOL-035;TOOL-036;TOOL-039;TOOL-045;TOOL-049;TOOL-002;TOOL-003;TOOL-006;TOOL-007;TOOL-012;TOOL-019;TOOL-023;TOOL-027;TOOL-030;TOOL-037;TOOL-038	APB-000009;APB-000011;APB-000017	no	attachment_update	done	Stage 3 attachment route generated from completed scope row; use exact source blocks and missing-input prompts before item-level production claims.
S3-SCOPE-013	J016	S3-J015	GPTs/attachments/10_psm_stored_external_procedures.md	10. PSM, Stored Procedures, and External Procedures	KAE-BLOCK-000208	repo_paired_ko_en	primary_working_source_after_alignment	pending	jdbc_java	8.1_verified	Korean authoritative; Altibase 8.1 verified source; English extraction aid	SRC-000185;SRC-000155	SRC-000010/BLOCK-000921;SRC-000013/BLOCK-000924;SRC-000174/BLOCK-000488;SRC-000176/BLOCK-000489;SRC-000179/BLOCK-000906;SRC-000183/BLOCK-000503;SRC-000185/BLOCK-000561;SRC-000188/BLOCK-000490;SRC-000190/BLOCK-000491;SRC-000196/BLOCK-000907;SRC-000197/BLOCK-000931;SRC-000198/BLOCK-000548;SRC-000199/BLOCK-000549;SRC-000223/BLOCK-000576;SRC-000227/BLOCK-000935;SRC-000451/BLOCK-000824;SRC-000462/BLOCK-000596;SRC-000471/BLOCK-000937	TOOL-001;TOOL-004;TOOL-005;TOOL-017;TOOL-018;TOOL-020;TOOL-022;TOOL-024;TOOL-025;TOOL-028;TOOL-031;TOOL-033;TOOL-034;TOOL-035;TOOL-036;TOOL-039;TOOL-045;TOOL-049;TOOL-002;TOOL-003;TOOL-006;TOOL-007;TOOL-012;TOOL-019;TOOL-023;TOOL-027;TOOL-030;TOOL-037;TOOL-038	APB-000009;APB-000011;APB-000017	no	attachment_update	done	Stage 3 attachment route generated from completed scope row; use exact source blocks and missing-input prompts before item-level production claims.
S3-SCOPE-013	J016	S3-J015	GPTs/attachments/10_psm_stored_external_procedures.md	10. PSM, Stored Procedures, and External Procedures	KAE-BLOCK-000211	repo_paired_ko_en	primary_working_source_after_alignment	pending	migration_oracle	8.1_verified	Korean authoritative; Altibase 8.1 verified source; English extraction aid	SRC-000223;SRC-000216	SRC-000010/BLOCK-000921;SRC-000013/BLOCK-000924;SRC-000174/BLOCK-000488;SRC-000176/BLOCK-000489;SRC-000179/BLOCK-000906;SRC-000183/BLOCK-000503;SRC-000185/BLOCK-000561;SRC-000188/BLOCK-000490;SRC-000190/BLOCK-000491;SRC-000196/BLOCK-000907;SRC-000197/BLOCK-000931;SRC-000198/BLOCK-000548;SRC-000199/BLOCK-000549;SRC-000223/BLOCK-000576;SRC-000227/BLOCK-000935;SRC-000451/BLOCK-000824;SRC-000462/BLOCK-000596;SRC-000471/BLOCK-000937	TOOL-001;TOOL-004;TOOL-005;TOOL-017;TOOL-018;TOOL-020;TOOL-022;TOOL-024;TOOL-025;TOOL-028;TOOL-031;TOOL-033;TOOL-034;TOOL-035;TOOL-036;TOOL-039;TOOL-045;TOOL-049;TOOL-002;TOOL-003;TOOL-006;TOOL-007;TOOL-012;TOOL-019;TOOL-023;TOOL-027;TOOL-030;TOOL-037;TOOL-038	APB-000009;APB-000011;APB-000017	no	attachment_update	done	Stage 3 attachment route generated from completed scope row; use exact source blocks and missing-input prompts before item-level production claims.
S3-SCOPE-013	J016	S3-J015	GPTs/attachments/10_psm_stored_external_procedures.md	10. PSM, Stored Procedures, and External Procedures	KAE-BLOCK-000224	repo_paired_ko_en	primary_working_source_after_alignment	pending	stored_external_procedures	8.1_verified	Korean authoritative; Altibase 8.1 verified source; English extraction aid	SRC-000179;SRC-000149	SRC-000010/BLOCK-000921;SRC-000013/BLOCK-000924;SRC-000174/BLOCK-000488;SRC-000176/BLOCK-000489;SRC-000179/BLOCK-000906;SRC-000183/BLOCK-000503;SRC-000185/BLOCK-000561;SRC-000188/BLOCK-000490;SRC-000190/BLOCK-000491;SRC-000196/BLOCK-000907;SRC-000197/BLOCK-000931;SRC-000198/BLOCK-000548;SRC-000199/BLOCK-000549;SRC-000223/BLOCK-000576;SRC-000227/BLOCK-000935;SRC-000451/BLOCK-000824;SRC-000462/BLOCK-000596;SRC-000471/BLOCK-000937	TOOL-001;TOOL-004;TOOL-005;TOOL-017;TOOL-018;TOOL-020;TOOL-022;TOOL-024;TOOL-025;TOOL-028;TOOL-031;TOOL-033;TOOL-034;TOOL-035;TOOL-036;TOOL-039;TOOL-045;TOOL-049;TOOL-002;TOOL-003;TOOL-006;TOOL-007;TOOL-012;TOOL-019;TOOL-023;TOOL-027;TOOL-030;TOOL-037;TOOL-038	APB-000009;APB-000011;APB-000017	no	attachment_update	done	Stage 3 attachment route generated from completed scope row; use exact source blocks and missing-input prompts before item-level production claims.
S3-SCOPE-013	J016	S3-J015	GPTs/attachments/10_psm_stored_external_procedures.md	10. PSM, Stored Procedures, and External Procedures	KAE-BLOCK-000225	repo_paired_ko_en	primary_working_source_after_alignment	pending	stored_external_procedures	8.1_verified	Korean authoritative; Altibase 8.1 verified source; English extraction aid	SRC-000196;SRC-000165	SRC-000010/BLOCK-000921;SRC-000013/BLOCK-000924;SRC-000174/BLOCK-000488;SRC-000176/BLOCK-000489;SRC-000179/BLOCK-000906;SRC-000183/BLOCK-000503;SRC-000185/BLOCK-000561;SRC-000188/BLOCK-000490;SRC-000190/BLOCK-000491;SRC-000196/BLOCK-000907;SRC-000197/BLOCK-000931;SRC-000198/BLOCK-000548;SRC-000199/BLOCK-000549;SRC-000223/BLOCK-000576;SRC-000227/BLOCK-000935;SRC-000451/BLOCK-000824;SRC-000462/BLOCK-000596;SRC-000471/BLOCK-000937	TOOL-001;TOOL-004;TOOL-005;TOOL-017;TOOL-018;TOOL-020;TOOL-022;TOOL-024;TOOL-025;TOOL-028;TOOL-031;TOOL-033;TOOL-034;TOOL-035;TOOL-036;TOOL-039;TOOL-045;TOOL-049;TOOL-002;TOOL-003;TOOL-006;TOOL-007;TOOL-012;TOOL-019;TOOL-023;TOOL-027;TOOL-030;TOOL-037;TOOL-038	APB-000009;APB-000011;APB-000017	no	attachment_update	done	Stage 3 attachment route generated from completed scope row; use exact source blocks and missing-input prompts before item-level production claims.
S3-SCOPE-013	J016	S3-J015	GPTs/attachments/10_psm_stored_external_procedures.md	10. PSM, Stored Procedures, and External Procedures	KAE-BLOCK-000227	repo_paired_ko_en	primary_working_source_after_alignment	pending	utilities_datacompj	8.1_verified	Korean authoritative; Altibase 8.1 verified source; English extraction aid	SRC-000197;SRC-000166	SRC-000010/BLOCK-000921;SRC-000013/BLOCK-000924;SRC-000174/BLOCK-000488;SRC-000176/BLOCK-000489;SRC-000179/BLOCK-000906;SRC-000183/BLOCK-000503;SRC-000185/BLOCK-000561;SRC-000188/BLOCK-000490;SRC-000190/BLOCK-000491;SRC-000196/BLOCK-000907;SRC-000197/BLOCK-000931;SRC-000198/BLOCK-000548;SRC-000199/BLOCK-000549;SRC-000223/BLOCK-000576;SRC-000227/BLOCK-000935;SRC-000451/BLOCK-000824;SRC-000462/BLOCK-000596;SRC-000471/BLOCK-000937	TOOL-001;TOOL-004;TOOL-005;TOOL-017;TOOL-018;TOOL-020;TOOL-022;TOOL-024;TOOL-025;TOOL-028;TOOL-031;TOOL-033;TOOL-034;TOOL-035;TOOL-036;TOOL-039;TOOL-045;TOOL-049;TOOL-002;TOOL-003;TOOL-006;TOOL-007;TOOL-012;TOOL-019;TOOL-023;TOOL-027;TOOL-030;TOOL-037;TOOL-038	APB-000009;APB-000011;APB-000017	no	attachment_update	done	Stage 3 attachment route generated from completed scope row; use exact source blocks and missing-input prompts before item-level production claims.
S3-SCOPE-013	J016	S3-J015	GPTs/attachments/10_psm_stored_external_procedures.md	10. PSM, Stored Procedures, and External Procedures	KAE-BLOCK-000229	repo_paired_ko_en	primary_working_source_after_alignment	pending	utilities_datacompj	8.1_verified	Korean authoritative; Altibase 8.1 verified source; English extraction aid	SRC-000227;SRC-000220	SRC-000010/BLOCK-000921;SRC-000013/BLOCK-000924;SRC-000174/BLOCK-000488;SRC-000176/BLOCK-000489;SRC-000179/BLOCK-000906;SRC-000183/BLOCK-000503;SRC-000185/BLOCK-000561;SRC-000188/BLOCK-000490;SRC-000190/BLOCK-000491;SRC-000196/BLOCK-000907;SRC-000197/BLOCK-000931;SRC-000198/BLOCK-000548;SRC-000199/BLOCK-000549;SRC-000223/BLOCK-000576;SRC-000227/BLOCK-000935;SRC-000451/BLOCK-000824;SRC-000462/BLOCK-000596;SRC-000471/BLOCK-000937	TOOL-001;TOOL-004;TOOL-005;TOOL-017;TOOL-018;TOOL-020;TOOL-022;TOOL-024;TOOL-025;TOOL-028;TOOL-031;TOOL-033;TOOL-034;TOOL-035;TOOL-036;TOOL-039;TOOL-045;TOOL-049;TOOL-002;TOOL-003;TOOL-006;TOOL-007;TOOL-012;TOOL-019;TOOL-023;TOOL-027;TOOL-030;TOOL-037;TOOL-038	APB-000009;APB-000011;APB-000017	no	attachment_update	done	Stage 3 attachment route generated from completed scope row; use exact source blocks and missing-input prompts before item-level production claims.
S3-SCOPE-013	J016	S3-J015	GPTs/attachments/10_psm_stored_external_procedures.md	10. PSM, Stored Procedures, and External Procedures	KAE-BLOCK-000246	repo_paired_ko_en	primary_working_source_after_alignment	pending	third_party_guides	multi	Korean authoritative; English extraction aid	SRC-000010;SRC-000004	SRC-000010/BLOCK-000921;SRC-000013/BLOCK-000924;SRC-000174/BLOCK-000488;SRC-000176/BLOCK-000489;SRC-000179/BLOCK-000906;SRC-000183/BLOCK-000503;SRC-000185/BLOCK-000561;SRC-000188/BLOCK-000490;SRC-000190/BLOCK-000491;SRC-000196/BLOCK-000907;SRC-000197/BLOCK-000931;SRC-000198/BLOCK-000548;SRC-000199/BLOCK-000549;SRC-000223/BLOCK-000576;SRC-000227/BLOCK-000935;SRC-000451/BLOCK-000824;SRC-000462/BLOCK-000596;SRC-000471/BLOCK-000937	TOOL-001;TOOL-004;TOOL-005;TOOL-017;TOOL-018;TOOL-020;TOOL-022;TOOL-024;TOOL-025;TOOL-028;TOOL-031;TOOL-033;TOOL-034;TOOL-035;TOOL-036;TOOL-039;TOOL-045;TOOL-049;TOOL-002;TOOL-003;TOOL-006;TOOL-007;TOOL-012;TOOL-019;TOOL-023;TOOL-027;TOOL-030;TOOL-037;TOOL-038	APB-000009;APB-000011;APB-000017	no	attachment_update	done	Stage 3 attachment route generated from completed scope row; use exact source blocks and missing-input prompts before item-level production claims.
S3-SCOPE-013	J016	S3-J015	GPTs/attachments/10_psm_stored_external_procedures.md	10. PSM, Stored Procedures, and External Procedures	KAE-BLOCK-000248	repo_paired_ko_en	primary_working_source_after_alignment	pending	third_party_guides	multi	Korean authoritative; English extraction aid	SRC-000013;SRC-000006	SRC-000010/BLOCK-000921;SRC-000013/BLOCK-000924;SRC-000174/BLOCK-000488;SRC-000176/BLOCK-000489;SRC-000179/BLOCK-000906;SRC-000183/BLOCK-000503;SRC-000185/BLOCK-000561;SRC-000188/BLOCK-000490;SRC-000190/BLOCK-000491;SRC-000196/BLOCK-000907;SRC-000197/BLOCK-000931;SRC-000198/BLOCK-000548;SRC-000199/BLOCK-000549;SRC-000223/BLOCK-000576;SRC-000227/BLOCK-000935;SRC-000451/BLOCK-000824;SRC-000462/BLOCK-000596;SRC-000471/BLOCK-000937	TOOL-001;TOOL-004;TOOL-005;TOOL-017;TOOL-018;TOOL-020;TOOL-022;TOOL-024;TOOL-025;TOOL-028;TOOL-031;TOOL-033;TOOL-034;TOOL-035;TOOL-036;TOOL-039;TOOL-045;TOOL-049;TOOL-002;TOOL-003;TOOL-006;TOOL-007;TOOL-012;TOOL-019;TOOL-023;TOOL-027;TOOL-030;TOOL-037;TOOL-038	APB-000009;APB-000011;APB-000017	no	attachment_update	done	Stage 3 attachment route generated from completed scope row; use exact source blocks and missing-input prompts before item-level production claims.
S3-SCOPE-013	J016	S3-J015	GPTs/attachments/10_psm_stored_external_procedures.md	10. PSM, Stored Procedures, and External Procedures	KAE-BLOCK-000263	repo_paired_ko_en	primary_working_source_after_alignment	pending	migration_oracle	Migration Center 7.19	Korean authoritative; English extraction aid	SRC-000462;SRC-000439	SRC-000010/BLOCK-000921;SRC-000013/BLOCK-000924;SRC-000174/BLOCK-000488;SRC-000176/BLOCK-000489;SRC-000179/BLOCK-000906;SRC-000183/BLOCK-000503;SRC-000185/BLOCK-000561;SRC-000188/BLOCK-000490;SRC-000190/BLOCK-000491;SRC-000196/BLOCK-000907;SRC-000197/BLOCK-000931;SRC-000198/BLOCK-000548;SRC-000199/BLOCK-000549;SRC-000223/BLOCK-000576;SRC-000227/BLOCK-000935;SRC-000451/BLOCK-000824;SRC-000462/BLOCK-000596;SRC-000471/BLOCK-000937	TOOL-001;TOOL-004;TOOL-005;TOOL-017;TOOL-018;TOOL-020;TOOL-022;TOOL-024;TOOL-025;TOOL-028;TOOL-031;TOOL-033;TOOL-034;TOOL-035;TOOL-036;TOOL-039;TOOL-045;TOOL-049;TOOL-002;TOOL-003;TOOL-006;TOOL-007;TOOL-012;TOOL-019;TOOL-023;TOOL-027;TOOL-030;TOOL-037;TOOL-038	APB-000009;APB-000011;APB-000017	no	attachment_update	done	Stage 3 attachment route generated from completed scope row; use exact source blocks and missing-input prompts before item-level production claims.
S3-SCOPE-013	J016	S3-J015	GPTs/attachments/10_psm_stored_external_procedures.md	10. PSM, Stored Procedures, and External Procedures	KAE-BLOCK-000271	repo_paired_ko_en	primary_working_source_after_alignment	pending	utilities_datacompj	dataCompJ 7.2	Korean authoritative; English extraction aid	SRC-000471;SRC-000449	SRC-000010/BLOCK-000921;SRC-000013/BLOCK-000924;SRC-000174/BLOCK-000488;SRC-000176/BLOCK-000489;SRC-000179/BLOCK-000906;SRC-000183/BLOCK-000503;SRC-000185/BLOCK-000561;SRC-000188/BLOCK-000490;SRC-000190/BLOCK-000491;SRC-000196/BLOCK-000907;SRC-000197/BLOCK-000931;SRC-000198/BLOCK-000548;SRC-000199/BLOCK-000549;SRC-000223/BLOCK-000576;SRC-000227/BLOCK-000935;SRC-000451/BLOCK-000824;SRC-000462/BLOCK-000596;SRC-000471/BLOCK-000937	TOOL-001;TOOL-004;TOOL-005;TOOL-017;TOOL-018;TOOL-020;TOOL-022;TOOL-024;TOOL-025;TOOL-028;TOOL-031;TOOL-033;TOOL-034;TOOL-035;TOOL-036;TOOL-039;TOOL-045;TOOL-049;TOOL-002;TOOL-003;TOOL-006;TOOL-007;TOOL-012;TOOL-019;TOOL-023;TOOL-027;TOOL-030;TOOL-037;TOOL-038	APB-000009;APB-000011;APB-000017	no	attachment_update	done	Stage 3 attachment route generated from completed scope row; use exact source blocks and missing-input prompts before item-level production claims.
S3-SCOPE-013	J016	S3-J015	GPTs/attachments/10_psm_stored_external_procedures.md	10. PSM, Stored Procedures, and External Procedures	KAE-BLOCK-000274	hybrid	primary_working_source_after_alignment	aligned	c_cli_odbc_precompiler;dblink_hadoop_external_connectors;isql_iloader;jdbc_java;migration_oracle;spatial_nifi_tableau;utilities_datacompj;release_notes_platform;third_party_guides	7.1;7.1.0.1.2;7.3;7.3.0.0.1;8.1_verified;multi;8.1.0.0.1;Migration Center 7.10;Migration Center 7.11;Migration Center 7.12;Migration Center 7.13;Migration Center 7.14;Migration Center 7.15;Migration Center 7.16;Migration Center 7.17;Migration Center 7.18;Migration Center 7.19;Migration Center 7.9;dataCompJ 7.2	Korean authoritative; English extraction aid; Altibase 8.1 verified source	SRC-000046;SRC-000050;SRC-000052;SRC-000065;SRC-000068;SRC-000053;SRC-000059;SRC-000077;SRC-000078;SRC-000047;SRC-000061;SRC-000048;SRC-000074;SRC-000076;SRC-000450;SRC-000110;SRC-000114;SRC-000116;SRC-000128;SRC-000130;SRC-000117;SRC-000123;SRC-000138;SRC-000139;SRC-000111;SRC-000125;SRC-000112;SRC-000135;SRC-000137;SRC-000451;SRC-000170;SRC-000174;SRC-000176;SRC-000188;SRC-000190;SRC-000177;SRC-000183;SRC-000221;SRC-000198;SRC-000199;SRC-000171;SRC-000185;SRC-000172;SRC-000223;SRC-000195;SRC-000226;SRC-000197;SRC-000222;SRC-000227;SRC-000207;SRC-000473;SRC-000209;SRC-000212;SRC-000470;SRC-000008;SRC-000009;SRC-000010;SRC-000012;SRC-000013;SRC-000014;SRC-000208;SRC-000213;SRC-000452;SRC-000453;SRC-000454;SRC-000455;SRC-000456;SRC-000457;SRC-000458;SRC-000459;SRC-000460;SRC-000461;SRC-000462;SRC-000463;SRC-000471;SRC-000015;SRC-000019;SRC-000021;SRC-000034;SRC-000036;SRC-000022;SRC-000028;SRC-000044;SRC-000045;SRC-000016;SRC-000030;SRC-000017;SRC-000041;SRC-000043;SRC-000427;SRC-000079;SRC-000083;SRC-000085;SRC-000097;SRC-000099;SRC-000086;SRC-000092;SRC-000107;SRC-000108;SRC-000080;SRC-000094;SRC-000081;SRC-000104;SRC-000106;SRC-000428;SRC-000140;SRC-000144;SRC-000146;SRC-000158;SRC-000160;SRC-000147;SRC-000153;SRC-000214;SRC-000167;SRC-000168;SRC-000141;SRC-000155;SRC-000142;SRC-000216;SRC-000164;SRC-000219;SRC-000166;SRC-000215;SRC-000220;SRC-000200;SRC-000202;SRC-000205;SRC-000448;SRC-000002;SRC-000003;SRC-000004;SRC-000005;SRC-000006;SRC-000007;SRC-000201;SRC-000206;SRC-000429;SRC-000430;SRC-000431;SRC-000432;SRC-000433;SRC-000434;SRC-000435;SRC-000436;SRC-000437;SRC-000438;SRC-000439;SRC-000442;SRC-000449	SRC-000010/BLOCK-000921;SRC-000013/BLOCK-000924;SRC-000174/BLOCK-000488;SRC-000176/BLOCK-000489;SRC-000179/BLOCK-000906;SRC-000183/BLOCK-000503;SRC-000185/BLOCK-000561;SRC-000188/BLOCK-000490;SRC-000190/BLOCK-000491;SRC-000196/BLOCK-000907;SRC-000197/BLOCK-000931;SRC-000198/BLOCK-000548;SRC-000199/BLOCK-000549;SRC-000223/BLOCK-000576;SRC-000227/BLOCK-000935;SRC-000451/BLOCK-000824;SRC-000462/BLOCK-000596;SRC-000471/BLOCK-000937	TOOL-001;TOOL-004;TOOL-005;TOOL-017;TOOL-018;TOOL-020;TOOL-022;TOOL-024;TOOL-025;TOOL-028;TOOL-031;TOOL-033;TOOL-034;TOOL-035;TOOL-036;TOOL-039;TOOL-045;TOOL-049;TOOL-002;TOOL-003;TOOL-006;TOOL-007;TOOL-012;TOOL-019;TOOL-023;TOOL-027;TOOL-030;TOOL-037;TOOL-038	APB-000009;APB-000011;APB-000017	no	attachment_update	done	Stage 3 attachment route generated from completed scope row; use exact source blocks and missing-input prompts before item-level production claims.
S3-SCOPE-013	J016	S3-J015	GPTs/attachments/10_psm_stored_external_procedures.md	10. PSM, Stored Procedures, and External Procedures	KAE-BLOCK-000275	hybrid	primary_working_source_after_alignment	aligned	patch_notes;release_notes_platform;technical_documents_support;third_party_guides;migration_oracle;replication_manager;spatial_nifi_tableau;utilities_datacompj	7.1;7.3;8.1_verified;multi;selected release-note tool scopes	Korean authoritative; English extraction aid; Repository source evidence; Approved support evidence; Altibase 8.1 verified source	SRC-000008;SRC-000009;SRC-000010;SRC-000011;SRC-000012;SRC-000013;SRC-000014;SRC-000064;SRC-000301;SRC-000302;SRC-000303;SRC-000304;SRC-000305;SRC-000306;SRC-000307;SRC-000308;SRC-000309;SRC-000310;SRC-000311;SRC-000312;SRC-000313;SRC-000314;SRC-000315;SRC-000316;SRC-000317;SRC-000318;SRC-000319;SRC-000320;SRC-000321;SRC-000322;SRC-000323;SRC-000324;SRC-000325;SRC-000326;SRC-000327;SRC-000328;SRC-000329;SRC-000330;SRC-000331;SRC-000332;SRC-000333;SRC-000334;SRC-000335;SRC-000336;SRC-000337;SRC-000338;SRC-000339;SRC-000340;SRC-000341;SRC-000342;SRC-000343;SRC-000344;SRC-000345;SRC-000346;SRC-000347;SRC-000348;SRC-000349;SRC-000350;SRC-000351;SRC-000352;SRC-000353;SRC-000354;SRC-000355;SRC-000356;SRC-000357;SRC-000358;SRC-000359;SRC-000360;SRC-000361;SRC-000362;SRC-000363;SRC-000364;SRC-000365;SRC-000366;SRC-000367;SRC-000368;SRC-000369;SRC-000370;SRC-000371;SRC-000372;SRC-000373;SRC-000374;SRC-000375;SRC-000376;SRC-000377;SRC-000378;SRC-000379;SRC-000380;SRC-000381;SRC-000382;SRC-000383;SRC-000384;SRC-000385;SRC-000386;SRC-000387;SRC-000388;SRC-000389;SRC-000390;SRC-000391;SRC-000392;SRC-000393;SRC-000394;SRC-000395;SRC-000396;SRC-000405;SRC-000406;SRC-000407;SRC-000408;SRC-000409;SRC-000410;SRC-000411;SRC-000412;SRC-000413;SRC-000414;SRC-000415;SRC-000416;SRC-000417;SRC-000418;SRC-000419;SRC-000420;SRC-000421;SRC-000422;SRC-000423;SRC-000450;SRC-000451;SRC-000452;SRC-000453;SRC-000454;SRC-000455;SRC-000456;SRC-000457;SRC-000458;SRC-000459;SRC-000460;SRC-000461;SRC-000462;SRC-000463;SRC-000464;SRC-000465;SRC-000466;SRC-000467;SRC-000468;SRC-000469;SRC-000470;SRC-000471;SRC-000473;SRC-000474;SRC-000475;SRC-000476;SRC-000002;SRC-000003;SRC-000004;SRC-000005;SRC-000006;SRC-000007;SRC-000033;SRC-000231;SRC-000232;SRC-000233;SRC-000234;SRC-000235;SRC-000236;SRC-000237;SRC-000238;SRC-000239;SRC-000240;SRC-000241;SRC-000242;SRC-000243;SRC-000244;SRC-000245;SRC-000246;SRC-000247;SRC-000248;SRC-000249;SRC-000250;SRC-000251;SRC-000252;SRC-000253;SRC-000254;SRC-000255;SRC-000256;SRC-000257;SRC-000258;SRC-000259;SRC-000260;SRC-000261;SRC-000262;SRC-000263;SRC-000264;SRC-000265;SRC-000266;SRC-000267;SRC-000268;SRC-000269;SRC-000270;SRC-000271;SRC-000272;SRC-000273;SRC-000274;SRC-000275;SRC-000276;SRC-000277;SRC-000278;SRC-000279;SRC-000280;SRC-000281;SRC-000282;SRC-000283;SRC-000284;SRC-000285;SRC-000286;SRC-000287;SRC-000288;SRC-000289;SRC-000290;SRC-000291;SRC-000292;SRC-000293;SRC-000294;SRC-000295;SRC-000296;SRC-000297;SRC-000298;SRC-000299;SRC-000300;SRC-000399;SRC-000400;SRC-000401;SRC-000402;SRC-000403;SRC-000404;SRC-000427;SRC-000428;SRC-000429;SRC-000430;SRC-000431;SRC-000432;SRC-000433;SRC-000434;SRC-000435;SRC-000436;SRC-000437;SRC-000438;SRC-000439;SRC-000440;SRC-000441;SRC-000442;SRC-000443;SRC-000444;SRC-000445;SRC-000446;SRC-000447;SRC-000448;SRC-000449;SRC-000472;SRC-000001;SRC-000228;SRC-000229;SRC-000230;SRC-000397;SRC-000398;SRC-000424;SRC-000425;SRC-000426;SRC-000477	SRC-000010/BLOCK-000921;SRC-000013/BLOCK-000924;SRC-000174/BLOCK-000488;SRC-000176/BLOCK-000489;SRC-000179/BLOCK-000906;SRC-000183/BLOCK-000503;SRC-000185/BLOCK-000561;SRC-000188/BLOCK-000490;SRC-000190/BLOCK-000491;SRC-000196/BLOCK-000907;SRC-000197/BLOCK-000931;SRC-000198/BLOCK-000548;SRC-000199/BLOCK-000549;SRC-000223/BLOCK-000576;SRC-000227/BLOCK-000935;SRC-000451/BLOCK-000824;SRC-000462/BLOCK-000596;SRC-000471/BLOCK-000937	TOOL-001;TOOL-004;TOOL-005;TOOL-017;TOOL-018;TOOL-020;TOOL-022;TOOL-024;TOOL-025;TOOL-028;TOOL-031;TOOL-033;TOOL-034;TOOL-035;TOOL-036;TOOL-039;TOOL-045;TOOL-049;TOOL-002;TOOL-003;TOOL-006;TOOL-007;TOOL-012;TOOL-019;TOOL-023;TOOL-027;TOOL-030;TOOL-037;TOOL-038	APB-000009;APB-000011;APB-000017	no	attachment_update	done	Stage 3 attachment route generated from completed scope row; use exact source blocks and missing-input prompts before item-level production claims.
S3-SCOPE-013	J016	S3-J015	GPTs/attachments/10_psm_stored_external_procedures.md	10. PSM, Stored Procedures, and External Procedures	KAE-BLOCK-000277	hybrid	primary_working_source_after_alignment	aligned	stored_external_procedures	7.1;7.3;8.1_verified	Korean authoritative; English extraction aid; Altibase 8.1 verified source	SRC-000075;SRC-000136;SRC-000196;SRC-000042;SRC-000105;SRC-000165	SRC-000010/BLOCK-000921;SRC-000013/BLOCK-000924;SRC-000174/BLOCK-000488;SRC-000176/BLOCK-000489;SRC-000179/BLOCK-000906;SRC-000183/BLOCK-000503;SRC-000185/BLOCK-000561;SRC-000188/BLOCK-000490;SRC-000190/BLOCK-000491;SRC-000196/BLOCK-000907;SRC-000197/BLOCK-000931;SRC-000198/BLOCK-000548;SRC-000199/BLOCK-000549;SRC-000223/BLOCK-000576;SRC-000227/BLOCK-000935;SRC-000451/BLOCK-000824;SRC-000462/BLOCK-000596;SRC-000471/BLOCK-000937	TOOL-001;TOOL-004;TOOL-005;TOOL-017;TOOL-018;TOOL-020;TOOL-022;TOOL-024;TOOL-025;TOOL-028;TOOL-031;TOOL-033;TOOL-034;TOOL-035;TOOL-036;TOOL-039;TOOL-045;TOOL-049;TOOL-002;TOOL-003;TOOL-006;TOOL-007;TOOL-012;TOOL-019;TOOL-023;TOOL-027;TOOL-030;TOOL-037;TOOL-038	APB-000009;APB-000011;APB-000017	no	attachment_update	done	Stage 3 attachment route generated from completed scope row; use exact source blocks and missing-input prompts before item-level production claims.
S3-SCOPE-013	J016	S3-J015	GPTs/attachments/10_psm_stored_external_procedures.md	10. PSM, Stored Procedures, and External Procedures	KAE-BLOCK-000278	hybrid	primary_working_source_after_alignment	aligned	stored_external_procedures	7.1;7.3;8.1_verified	Korean authoritative; English extraction aid; Altibase 8.1 verified source	SRC-000055;SRC-000119;SRC-000179;SRC-000024;SRC-000088;SRC-000149	SRC-000010/BLOCK-000921;SRC-000013/BLOCK-000924;SRC-000174/BLOCK-000488;SRC-000176/BLOCK-000489;SRC-000179/BLOCK-000906;SRC-000183/BLOCK-000503;SRC-000185/BLOCK-000561;SRC-000188/BLOCK-000490;SRC-000190/BLOCK-000491;SRC-000196/BLOCK-000907;SRC-000197/BLOCK-000931;SRC-000198/BLOCK-000548;SRC-000199/BLOCK-000549;SRC-000223/BLOCK-000576;SRC-000227/BLOCK-000935;SRC-000451/BLOCK-000824;SRC-000462/BLOCK-000596;SRC-000471/BLOCK-000937	TOOL-001;TOOL-004;TOOL-005;TOOL-017;TOOL-018;TOOL-020;TOOL-022;TOOL-024;TOOL-025;TOOL-028;TOOL-031;TOOL-033;TOOL-034;TOOL-035;TOOL-036;TOOL-039;TOOL-045;TOOL-049;TOOL-002;TOOL-003;TOOL-006;TOOL-007;TOOL-012;TOOL-019;TOOL-023;TOOL-027;TOOL-030;TOOL-037;TOOL-038	APB-000009;APB-000011;APB-000017	no	attachment_update	done	Stage 3 attachment route generated from completed scope row; use exact source blocks and missing-input prompts before item-level production claims.
S3-SCOPE-013	J016	S3-J015	GPTs/attachments/12_c_cli_odbc_precompiler.md	12. C, CLI, ODBC, Precompiler	KAE-BLOCK-000171	repo_paired_ko_en	primary_working_source_after_alignment	pending	release_notes_platform	7.3.0.0.1	Korean authoritative; English extraction aid	SRC-000451;SRC-000428	SRC-000010/BLOCK-000921;SRC-000013/BLOCK-000924;SRC-000174/BLOCK-000488;SRC-000176/BLOCK-000489;SRC-000179/BLOCK-000906;SRC-000183/BLOCK-000503;SRC-000185/BLOCK-000561;SRC-000188/BLOCK-000490;SRC-000190/BLOCK-000491;SRC-000196/BLOCK-000907;SRC-000197/BLOCK-000931;SRC-000198/BLOCK-000548;SRC-000199/BLOCK-000549;SRC-000223/BLOCK-000576;SRC-000227/BLOCK-000935;SRC-000451/BLOCK-000824;SRC-000462/BLOCK-000596;SRC-000471/BLOCK-000937	TOOL-001;TOOL-004;TOOL-005;TOOL-017;TOOL-018;TOOL-020;TOOL-022;TOOL-024;TOOL-025;TOOL-028;TOOL-031;TOOL-033;TOOL-034;TOOL-035;TOOL-036;TOOL-039;TOOL-045;TOOL-049;TOOL-002;TOOL-003;TOOL-006;TOOL-007;TOOL-012;TOOL-019;TOOL-023;TOOL-027;TOOL-030;TOOL-037;TOOL-038	APB-000009;APB-000011;APB-000017	no	attachment_update	done	Stage 3 attachment route generated from completed scope row; use exact source blocks and missing-input prompts before item-level production claims.
S3-SCOPE-013	J016	S3-J015	GPTs/attachments/12_c_cli_odbc_precompiler.md	12. C, CLI, ODBC, Precompiler	KAE-BLOCK-000193	repo_paired_ko_en	primary_working_source_after_alignment	pending	c_cli_odbc_precompiler	8.1_verified	Korean authoritative; Altibase 8.1 verified source; English extraction aid	SRC-000174;SRC-000144	SRC-000010/BLOCK-000921;SRC-000013/BLOCK-000924;SRC-000174/BLOCK-000488;SRC-000176/BLOCK-000489;SRC-000179/BLOCK-000906;SRC-000183/BLOCK-000503;SRC-000185/BLOCK-000561;SRC-000188/BLOCK-000490;SRC-000190/BLOCK-000491;SRC-000196/BLOCK-000907;SRC-000197/BLOCK-000931;SRC-000198/BLOCK-000548;SRC-000199/BLOCK-000549;SRC-000223/BLOCK-000576;SRC-000227/BLOCK-000935;SRC-000451/BLOCK-000824;SRC-000462/BLOCK-000596;SRC-000471/BLOCK-000937	TOOL-001;TOOL-004;TOOL-005;TOOL-017;TOOL-018;TOOL-020;TOOL-022;TOOL-024;TOOL-025;TOOL-028;TOOL-031;TOOL-033;TOOL-034;TOOL-035;TOOL-036;TOOL-039;TOOL-045;TOOL-049;TOOL-002;TOOL-003;TOOL-006;TOOL-007;TOOL-012;TOOL-019;TOOL-023;TOOL-027;TOOL-030;TOOL-037;TOOL-038	APB-000009;APB-000011;APB-000017	no	attachment_update	done	Stage 3 attachment route generated from completed scope row; use exact source blocks and missing-input prompts before item-level production claims.
S3-SCOPE-013	J016	S3-J015	GPTs/attachments/12_c_cli_odbc_precompiler.md	12. C, CLI, ODBC, Precompiler	KAE-BLOCK-000194	repo_paired_ko_en	primary_working_source_after_alignment	pending	c_cli_odbc_precompiler	8.1_verified	Korean authoritative; Altibase 8.1 verified source; English extraction aid	SRC-000176;SRC-000146	SRC-000010/BLOCK-000921;SRC-000013/BLOCK-000924;SRC-000174/BLOCK-000488;SRC-000176/BLOCK-000489;SRC-000179/BLOCK-000906;SRC-000183/BLOCK-000503;SRC-000185/BLOCK-000561;SRC-000188/BLOCK-000490;SRC-000190/BLOCK-000491;SRC-000196/BLOCK-000907;SRC-000197/BLOCK-000931;SRC-000198/BLOCK-000548;SRC-000199/BLOCK-000549;SRC-000223/BLOCK-000576;SRC-000227/BLOCK-000935;SRC-000451/BLOCK-000824;SRC-000462/BLOCK-000596;SRC-000471/BLOCK-000937	TOOL-001;TOOL-004;TOOL-005;TOOL-017;TOOL-018;TOOL-020;TOOL-022;TOOL-024;TOOL-025;TOOL-028;TOOL-031;TOOL-033;TOOL-034;TOOL-035;TOOL-036;TOOL-039;TOOL-045;TOOL-049;TOOL-002;TOOL-003;TOOL-006;TOOL-007;TOOL-012;TOOL-019;TOOL-023;TOOL-027;TOOL-030;TOOL-037;TOOL-038	APB-000009;APB-000011;APB-000017	no	attachment_update	done	Stage 3 attachment route generated from completed scope row; use exact source blocks and missing-input prompts before item-level production claims.
S3-SCOPE-013	J016	S3-J015	GPTs/attachments/12_c_cli_odbc_precompiler.md	12. C, CLI, ODBC, Precompiler	KAE-BLOCK-000195	repo_paired_ko_en	primary_working_source_after_alignment	pending	c_cli_odbc_precompiler	8.1_verified	Korean authoritative; Altibase 8.1 verified source; English extraction aid	SRC-000188;SRC-000158	SRC-000010/BLOCK-000921;SRC-000013/BLOCK-000924;SRC-000174/BLOCK-000488;SRC-000176/BLOCK-000489;SRC-000179/BLOCK-000906;SRC-000183/BLOCK-000503;SRC-000185/BLOCK-000561;SRC-000188/BLOCK-000490;SRC-000190/BLOCK-000491;SRC-000196/BLOCK-000907;SRC-000197/BLOCK-000931;SRC-000198/BLOCK-000548;SRC-000199/BLOCK-000549;SRC-000223/BLOCK-000576;SRC-000227/BLOCK-000935;SRC-000451/BLOCK-000824;SRC-000462/BLOCK-000596;SRC-000471/BLOCK-000937	TOOL-001;TOOL-004;TOOL-005;TOOL-017;TOOL-018;TOOL-020;TOOL-022;TOOL-024;TOOL-025;TOOL-028;TOOL-031;TOOL-033;TOOL-034;TOOL-035;TOOL-036;TOOL-039;TOOL-045;TOOL-049;TOOL-002;TOOL-003;TOOL-006;TOOL-007;TOOL-012;TOOL-019;TOOL-023;TOOL-027;TOOL-030;TOOL-037;TOOL-038	APB-000009;APB-000011;APB-000017	no	attachment_update	done	Stage 3 attachment route generated from completed scope row; use exact source blocks and missing-input prompts before item-level production claims.
S3-SCOPE-013	J016	S3-J015	GPTs/attachments/12_c_cli_odbc_precompiler.md	12. C, CLI, ODBC, Precompiler	KAE-BLOCK-000196	repo_paired_ko_en	primary_working_source_after_alignment	pending	c_cli_odbc_precompiler	8.1_verified	Korean authoritative; Altibase 8.1 verified source; English extraction aid	SRC-000190;SRC-000160	SRC-000010/BLOCK-000921;SRC-000013/BLOCK-000924;SRC-000174/BLOCK-000488;SRC-000176/BLOCK-000489;SRC-000179/BLOCK-000906;SRC-000183/BLOCK-000503;SRC-000185/BLOCK-000561;SRC-000188/BLOCK-000490;SRC-000190/BLOCK-000491;SRC-000196/BLOCK-000907;SRC-000197/BLOCK-000931;SRC-000198/BLOCK-000548;SRC-000199/BLOCK-000549;SRC-000223/BLOCK-000576;SRC-000227/BLOCK-000935;SRC-000451/BLOCK-000824;SRC-000462/BLOCK-000596;SRC-000471/BLOCK-000937	TOOL-001;TOOL-004;TOOL-005;TOOL-017;TOOL-018;TOOL-020;TOOL-022;TOOL-024;TOOL-025;TOOL-028;TOOL-031;TOOL-033;TOOL-034;TOOL-035;TOOL-036;TOOL-039;TOOL-045;TOOL-049;TOOL-002;TOOL-003;TOOL-006;TOOL-007;TOOL-012;TOOL-019;TOOL-023;TOOL-027;TOOL-030;TOOL-037;TOOL-038	APB-000009;APB-000011;APB-000017	no	attachment_update	done	Stage 3 attachment route generated from completed scope row; use exact source blocks and missing-input prompts before item-level production claims.
S3-SCOPE-013	J016	S3-J015	GPTs/attachments/12_c_cli_odbc_precompiler.md	12. C, CLI, ODBC, Precompiler	KAE-BLOCK-000198	repo_paired_ko_en	primary_working_source_after_alignment	pending	dblink_hadoop_external_connectors	8.1_verified	Korean authoritative; Altibase 8.1 verified source; English extraction aid	SRC-000183;SRC-000153	SRC-000010/BLOCK-000921;SRC-000013/BLOCK-000924;SRC-000174/BLOCK-000488;SRC-000176/BLOCK-000489;SRC-000179/BLOCK-000906;SRC-000183/BLOCK-000503;SRC-000185/BLOCK-000561;SRC-000188/BLOCK-000490;SRC-000190/BLOCK-000491;SRC-000196/BLOCK-000907;SRC-000197/BLOCK-000931;SRC-000198/BLOCK-000548;SRC-000199/BLOCK-000549;SRC-000223/BLOCK-000576;SRC-000227/BLOCK-000935;SRC-000451/BLOCK-000824;SRC-000462/BLOCK-000596;SRC-000471/BLOCK-000937	TOOL-001;TOOL-004;TOOL-005;TOOL-017;TOOL-018;TOOL-020;TOOL-022;TOOL-024;TOOL-025;TOOL-028;TOOL-031;TOOL-033;TOOL-034;TOOL-035;TOOL-036;TOOL-039;TOOL-045;TOOL-049;TOOL-002;TOOL-003;TOOL-006;TOOL-007;TOOL-012;TOOL-019;TOOL-023;TOOL-027;TOOL-030;TOOL-037;TOOL-038	APB-000009;APB-000011;APB-000017	no	attachment_update	done	Stage 3 attachment route generated from completed scope row; use exact source blocks and missing-input prompts before item-level production claims.
S3-SCOPE-013	J016	S3-J015	GPTs/attachments/12_c_cli_odbc_precompiler.md	12. C, CLI, ODBC, Precompiler	KAE-BLOCK-000205	repo_paired_ko_en	primary_working_source_after_alignment	pending	isql_iloader	8.1_verified	Korean authoritative; Altibase 8.1 verified source; English extraction aid	SRC-000198;SRC-000167	SRC-000010/BLOCK-000921;SRC-000013/BLOCK-000924;SRC-000174/BLOCK-000488;SRC-000176/BLOCK-000489;SRC-000179/BLOCK-000906;SRC-000183/BLOCK-000503;SRC-000185/BLOCK-000561;SRC-000188/BLOCK-000490;SRC-000190/BLOCK-000491;SRC-000196/BLOCK-000907;SRC-000197/BLOCK-000931;SRC-000198/BLOCK-000548;SRC-000199/BLOCK-000549;SRC-000223/BLOCK-000576;SRC-000227/BLOCK-000935;SRC-000451/BLOCK-000824;SRC-000462/BLOCK-000596;SRC-000471/BLOCK-000937	TOOL-001;TOOL-004;TOOL-005;TOOL-017;TOOL-018;TOOL-020;TOOL-022;TOOL-024;TOOL-025;TOOL-028;TOOL-031;TOOL-033;TOOL-034;TOOL-035;TOOL-036;TOOL-039;TOOL-045;TOOL-049;TOOL-002;TOOL-003;TOOL-006;TOOL-007;TOOL-012;TOOL-019;TOOL-023;TOOL-027;TOOL-030;TOOL-037;TOOL-038	APB-000009;APB-000011;APB-000017	no	attachment_update	done	Stage 3 attachment route generated from completed scope row; use exact source blocks and missing-input prompts before item-level production claims.
S3-SCOPE-013	J016	S3-J015	GPTs/attachments/12_c_cli_odbc_precompiler.md	12. C, CLI, ODBC, Precompiler	KAE-BLOCK-000206	repo_paired_ko_en	primary_working_source_after_alignment	pending	isql_iloader	8.1_verified	Korean authoritative; Altibase 8.1 verified source; English extraction aid	SRC-000199;SRC-000168	SRC-000010/BLOCK-000921;SRC-000013/BLOCK-000924;SRC-000174/BLOCK-000488;SRC-000176/BLOCK-000489;SRC-000179/BLOCK-000906;SRC-000183/BLOCK-000503;SRC-000185/BLOCK-000561;SRC-000188/BLOCK-000490;SRC-000190/BLOCK-000491;SRC-000196/BLOCK-000907;SRC-000197/BLOCK-000931;SRC-000198/BLOCK-000548;SRC-000199/BLOCK-000549;SRC-000223/BLOCK-000576;SRC-000227/BLOCK-000935;SRC-000451/BLOCK-000824;SRC-000462/BLOCK-000596;SRC-000471/BLOCK-000937	TOOL-001;TOOL-004;TOOL-005;TOOL-017;TOOL-018;TOOL-020;TOOL-022;TOOL-024;TOOL-025;TOOL-028;TOOL-031;TOOL-033;TOOL-034;TOOL-035;TOOL-036;TOOL-039;TOOL-045;TOOL-049;TOOL-002;TOOL-003;TOOL-006;TOOL-007;TOOL-012;TOOL-019;TOOL-023;TOOL-027;TOOL-030;TOOL-037;TOOL-038	APB-000009;APB-000011;APB-000017	no	attachment_update	done	Stage 3 attachment route generated from completed scope row; use exact source blocks and missing-input prompts before item-level production claims.
S3-SCOPE-013	J016	S3-J015	GPTs/attachments/12_c_cli_odbc_precompiler.md	12. C, CLI, ODBC, Precompiler	KAE-BLOCK-000208	repo_paired_ko_en	primary_working_source_after_alignment	pending	jdbc_java	8.1_verified	Korean authoritative; Altibase 8.1 verified source; English extraction aid	SRC-000185;SRC-000155	SRC-000010/BLOCK-000921;SRC-000013/BLOCK-000924;SRC-000174/BLOCK-000488;SRC-000176/BLOCK-000489;SRC-000179/BLOCK-000906;SRC-000183/BLOCK-000503;SRC-000185/BLOCK-000561;SRC-000188/BLOCK-000490;SRC-000190/BLOCK-000491;SRC-000196/BLOCK-000907;SRC-000197/BLOCK-000931;SRC-000198/BLOCK-000548;SRC-000199/BLOCK-000549;SRC-000223/BLOCK-000576;SRC-000227/BLOCK-000935;SRC-000451/BLOCK-000824;SRC-000462/BLOCK-000596;SRC-000471/BLOCK-000937	TOOL-001;TOOL-004;TOOL-005;TOOL-017;TOOL-018;TOOL-020;TOOL-022;TOOL-024;TOOL-025;TOOL-028;TOOL-031;TOOL-033;TOOL-034;TOOL-035;TOOL-036;TOOL-039;TOOL-045;TOOL-049;TOOL-002;TOOL-003;TOOL-006;TOOL-007;TOOL-012;TOOL-019;TOOL-023;TOOL-027;TOOL-030;TOOL-037;TOOL-038	APB-000009;APB-000011;APB-000017	no	attachment_update	done	Stage 3 attachment route generated from completed scope row; use exact source blocks and missing-input prompts before item-level production claims.
S3-SCOPE-013	J016	S3-J015	GPTs/attachments/12_c_cli_odbc_precompiler.md	12. C, CLI, ODBC, Precompiler	KAE-BLOCK-000211	repo_paired_ko_en	primary_working_source_after_alignment	pending	migration_oracle	8.1_verified	Korean authoritative; Altibase 8.1 verified source; English extraction aid	SRC-000223;SRC-000216	SRC-000010/BLOCK-000921;SRC-000013/BLOCK-000924;SRC-000174/BLOCK-000488;SRC-000176/BLOCK-000489;SRC-000179/BLOCK-000906;SRC-000183/BLOCK-000503;SRC-000185/BLOCK-000561;SRC-000188/BLOCK-000490;SRC-000190/BLOCK-000491;SRC-000196/BLOCK-000907;SRC-000197/BLOCK-000931;SRC-000198/BLOCK-000548;SRC-000199/BLOCK-000549;SRC-000223/BLOCK-000576;SRC-000227/BLOCK-000935;SRC-000451/BLOCK-000824;SRC-000462/BLOCK-000596;SRC-000471/BLOCK-000937	TOOL-001;TOOL-004;TOOL-005;TOOL-017;TOOL-018;TOOL-020;TOOL-022;TOOL-024;TOOL-025;TOOL-028;TOOL-031;TOOL-033;TOOL-034;TOOL-035;TOOL-036;TOOL-039;TOOL-045;TOOL-049;TOOL-002;TOOL-003;TOOL-006;TOOL-007;TOOL-012;TOOL-019;TOOL-023;TOOL-027;TOOL-030;TOOL-037;TOOL-038	APB-000009;APB-000011;APB-000017	no	attachment_update	done	Stage 3 attachment route generated from completed scope row; use exact source blocks and missing-input prompts before item-level production claims.
S3-SCOPE-013	J016	S3-J015	GPTs/attachments/12_c_cli_odbc_precompiler.md	12. C, CLI, ODBC, Precompiler	KAE-BLOCK-000224	repo_paired_ko_en	primary_working_source_after_alignment	pending	stored_external_procedures	8.1_verified	Korean authoritative; Altibase 8.1 verified source; English extraction aid	SRC-000179;SRC-000149	SRC-000010/BLOCK-000921;SRC-000013/BLOCK-000924;SRC-000174/BLOCK-000488;SRC-000176/BLOCK-000489;SRC-000179/BLOCK-000906;SRC-000183/BLOCK-000503;SRC-000185/BLOCK-000561;SRC-000188/BLOCK-000490;SRC-000190/BLOCK-000491;SRC-000196/BLOCK-000907;SRC-000197/BLOCK-000931;SRC-000198/BLOCK-000548;SRC-000199/BLOCK-000549;SRC-000223/BLOCK-000576;SRC-000227/BLOCK-000935;SRC-000451/BLOCK-000824;SRC-000462/BLOCK-000596;SRC-000471/BLOCK-000937	TOOL-001;TOOL-004;TOOL-005;TOOL-017;TOOL-018;TOOL-020;TOOL-022;TOOL-024;TOOL-025;TOOL-028;TOOL-031;TOOL-033;TOOL-034;TOOL-035;TOOL-036;TOOL-039;TOOL-045;TOOL-049;TOOL-002;TOOL-003;TOOL-006;TOOL-007;TOOL-012;TOOL-019;TOOL-023;TOOL-027;TOOL-030;TOOL-037;TOOL-038	APB-000009;APB-000011;APB-000017	no	attachment_update	done	Stage 3 attachment route generated from completed scope row; use exact source blocks and missing-input prompts before item-level production claims.
S3-SCOPE-013	J016	S3-J015	GPTs/attachments/12_c_cli_odbc_precompiler.md	12. C, CLI, ODBC, Precompiler	KAE-BLOCK-000225	repo_paired_ko_en	primary_working_source_after_alignment	pending	stored_external_procedures	8.1_verified	Korean authoritative; Altibase 8.1 verified source; English extraction aid	SRC-000196;SRC-000165	SRC-000010/BLOCK-000921;SRC-000013/BLOCK-000924;SRC-000174/BLOCK-000488;SRC-000176/BLOCK-000489;SRC-000179/BLOCK-000906;SRC-000183/BLOCK-000503;SRC-000185/BLOCK-000561;SRC-000188/BLOCK-000490;SRC-000190/BLOCK-000491;SRC-000196/BLOCK-000907;SRC-000197/BLOCK-000931;SRC-000198/BLOCK-000548;SRC-000199/BLOCK-000549;SRC-000223/BLOCK-000576;SRC-000227/BLOCK-000935;SRC-000451/BLOCK-000824;SRC-000462/BLOCK-000596;SRC-000471/BLOCK-000937	TOOL-001;TOOL-004;TOOL-005;TOOL-017;TOOL-018;TOOL-020;TOOL-022;TOOL-024;TOOL-025;TOOL-028;TOOL-031;TOOL-033;TOOL-034;TOOL-035;TOOL-036;TOOL-039;TOOL-045;TOOL-049;TOOL-002;TOOL-003;TOOL-006;TOOL-007;TOOL-012;TOOL-019;TOOL-023;TOOL-027;TOOL-030;TOOL-037;TOOL-038	APB-000009;APB-000011;APB-000017	no	attachment_update	done	Stage 3 attachment route generated from completed scope row; use exact source blocks and missing-input prompts before item-level production claims.
S3-SCOPE-013	J016	S3-J015	GPTs/attachments/12_c_cli_odbc_precompiler.md	12. C, CLI, ODBC, Precompiler	KAE-BLOCK-000227	repo_paired_ko_en	primary_working_source_after_alignment	pending	utilities_datacompj	8.1_verified	Korean authoritative; Altibase 8.1 verified source; English extraction aid	SRC-000197;SRC-000166	SRC-000010/BLOCK-000921;SRC-000013/BLOCK-000924;SRC-000174/BLOCK-000488;SRC-000176/BLOCK-000489;SRC-000179/BLOCK-000906;SRC-000183/BLOCK-000503;SRC-000185/BLOCK-000561;SRC-000188/BLOCK-000490;SRC-000190/BLOCK-000491;SRC-000196/BLOCK-000907;SRC-000197/BLOCK-000931;SRC-000198/BLOCK-000548;SRC-000199/BLOCK-000549;SRC-000223/BLOCK-000576;SRC-000227/BLOCK-000935;SRC-000451/BLOCK-000824;SRC-000462/BLOCK-000596;SRC-000471/BLOCK-000937	TOOL-001;TOOL-004;TOOL-005;TOOL-017;TOOL-018;TOOL-020;TOOL-022;TOOL-024;TOOL-025;TOOL-028;TOOL-031;TOOL-033;TOOL-034;TOOL-035;TOOL-036;TOOL-039;TOOL-045;TOOL-049;TOOL-002;TOOL-003;TOOL-006;TOOL-007;TOOL-012;TOOL-019;TOOL-023;TOOL-027;TOOL-030;TOOL-037;TOOL-038	APB-000009;APB-000011;APB-000017	no	attachment_update	done	Stage 3 attachment route generated from completed scope row; use exact source blocks and missing-input prompts before item-level production claims.
S3-SCOPE-013	J016	S3-J015	GPTs/attachments/12_c_cli_odbc_precompiler.md	12. C, CLI, ODBC, Precompiler	KAE-BLOCK-000229	repo_paired_ko_en	primary_working_source_after_alignment	pending	utilities_datacompj	8.1_verified	Korean authoritative; Altibase 8.1 verified source; English extraction aid	SRC-000227;SRC-000220	SRC-000010/BLOCK-000921;SRC-000013/BLOCK-000924;SRC-000174/BLOCK-000488;SRC-000176/BLOCK-000489;SRC-000179/BLOCK-000906;SRC-000183/BLOCK-000503;SRC-000185/BLOCK-000561;SRC-000188/BLOCK-000490;SRC-000190/BLOCK-000491;SRC-000196/BLOCK-000907;SRC-000197/BLOCK-000931;SRC-000198/BLOCK-000548;SRC-000199/BLOCK-000549;SRC-000223/BLOCK-000576;SRC-000227/BLOCK-000935;SRC-000451/BLOCK-000824;SRC-000462/BLOCK-000596;SRC-000471/BLOCK-000937	TOOL-001;TOOL-004;TOOL-005;TOOL-017;TOOL-018;TOOL-020;TOOL-022;TOOL-024;TOOL-025;TOOL-028;TOOL-031;TOOL-033;TOOL-034;TOOL-035;TOOL-036;TOOL-039;TOOL-045;TOOL-049;TOOL-002;TOOL-003;TOOL-006;TOOL-007;TOOL-012;TOOL-019;TOOL-023;TOOL-027;TOOL-030;TOOL-037;TOOL-038	APB-000009;APB-000011;APB-000017	no	attachment_update	done	Stage 3 attachment route generated from completed scope row; use exact source blocks and missing-input prompts before item-level production claims.
S3-SCOPE-013	J016	S3-J015	GPTs/attachments/12_c_cli_odbc_precompiler.md	12. C, CLI, ODBC, Precompiler	KAE-BLOCK-000246	repo_paired_ko_en	primary_working_source_after_alignment	pending	third_party_guides	multi	Korean authoritative; English extraction aid	SRC-000010;SRC-000004	SRC-000010/BLOCK-000921;SRC-000013/BLOCK-000924;SRC-000174/BLOCK-000488;SRC-000176/BLOCK-000489;SRC-000179/BLOCK-000906;SRC-000183/BLOCK-000503;SRC-000185/BLOCK-000561;SRC-000188/BLOCK-000490;SRC-000190/BLOCK-000491;SRC-000196/BLOCK-000907;SRC-000197/BLOCK-000931;SRC-000198/BLOCK-000548;SRC-000199/BLOCK-000549;SRC-000223/BLOCK-000576;SRC-000227/BLOCK-000935;SRC-000451/BLOCK-000824;SRC-000462/BLOCK-000596;SRC-000471/BLOCK-000937	TOOL-001;TOOL-004;TOOL-005;TOOL-017;TOOL-018;TOOL-020;TOOL-022;TOOL-024;TOOL-025;TOOL-028;TOOL-031;TOOL-033;TOOL-034;TOOL-035;TOOL-036;TOOL-039;TOOL-045;TOOL-049;TOOL-002;TOOL-003;TOOL-006;TOOL-007;TOOL-012;TOOL-019;TOOL-023;TOOL-027;TOOL-030;TOOL-037;TOOL-038	APB-000009;APB-000011;APB-000017	no	attachment_update	done	Stage 3 attachment route generated from completed scope row; use exact source blocks and missing-input prompts before item-level production claims.
S3-SCOPE-013	J016	S3-J015	GPTs/attachments/12_c_cli_odbc_precompiler.md	12. C, CLI, ODBC, Precompiler	KAE-BLOCK-000248	repo_paired_ko_en	primary_working_source_after_alignment	pending	third_party_guides	multi	Korean authoritative; English extraction aid	SRC-000013;SRC-000006	SRC-000010/BLOCK-000921;SRC-000013/BLOCK-000924;SRC-000174/BLOCK-000488;SRC-000176/BLOCK-000489;SRC-000179/BLOCK-000906;SRC-000183/BLOCK-000503;SRC-000185/BLOCK-000561;SRC-000188/BLOCK-000490;SRC-000190/BLOCK-000491;SRC-000196/BLOCK-000907;SRC-000197/BLOCK-000931;SRC-000198/BLOCK-000548;SRC-000199/BLOCK-000549;SRC-000223/BLOCK-000576;SRC-000227/BLOCK-000935;SRC-000451/BLOCK-000824;SRC-000462/BLOCK-000596;SRC-000471/BLOCK-000937	TOOL-001;TOOL-004;TOOL-005;TOOL-017;TOOL-018;TOOL-020;TOOL-022;TOOL-024;TOOL-025;TOOL-028;TOOL-031;TOOL-033;TOOL-034;TOOL-035;TOOL-036;TOOL-039;TOOL-045;TOOL-049;TOOL-002;TOOL-003;TOOL-006;TOOL-007;TOOL-012;TOOL-019;TOOL-023;TOOL-027;TOOL-030;TOOL-037;TOOL-038	APB-000009;APB-000011;APB-000017	no	attachment_update	done	Stage 3 attachment route generated from completed scope row; use exact source blocks and missing-input prompts before item-level production claims.
S3-SCOPE-013	J016	S3-J015	GPTs/attachments/12_c_cli_odbc_precompiler.md	12. C, CLI, ODBC, Precompiler	KAE-BLOCK-000263	repo_paired_ko_en	primary_working_source_after_alignment	pending	migration_oracle	Migration Center 7.19	Korean authoritative; English extraction aid	SRC-000462;SRC-000439	SRC-000010/BLOCK-000921;SRC-000013/BLOCK-000924;SRC-000174/BLOCK-000488;SRC-000176/BLOCK-000489;SRC-000179/BLOCK-000906;SRC-000183/BLOCK-000503;SRC-000185/BLOCK-000561;SRC-000188/BLOCK-000490;SRC-000190/BLOCK-000491;SRC-000196/BLOCK-000907;SRC-000197/BLOCK-000931;SRC-000198/BLOCK-000548;SRC-000199/BLOCK-000549;SRC-000223/BLOCK-000576;SRC-000227/BLOCK-000935;SRC-000451/BLOCK-000824;SRC-000462/BLOCK-000596;SRC-000471/BLOCK-000937	TOOL-001;TOOL-004;TOOL-005;TOOL-017;TOOL-018;TOOL-020;TOOL-022;TOOL-024;TOOL-025;TOOL-028;TOOL-031;TOOL-033;TOOL-034;TOOL-035;TOOL-036;TOOL-039;TOOL-045;TOOL-049;TOOL-002;TOOL-003;TOOL-006;TOOL-007;TOOL-012;TOOL-019;TOOL-023;TOOL-027;TOOL-030;TOOL-037;TOOL-038	APB-000009;APB-000011;APB-000017	no	attachment_update	done	Stage 3 attachment route generated from completed scope row; use exact source blocks and missing-input prompts before item-level production claims.
S3-SCOPE-013	J016	S3-J015	GPTs/attachments/12_c_cli_odbc_precompiler.md	12. C, CLI, ODBC, Precompiler	KAE-BLOCK-000271	repo_paired_ko_en	primary_working_source_after_alignment	pending	utilities_datacompj	dataCompJ 7.2	Korean authoritative; English extraction aid	SRC-000471;SRC-000449	SRC-000010/BLOCK-000921;SRC-000013/BLOCK-000924;SRC-000174/BLOCK-000488;SRC-000176/BLOCK-000489;SRC-000179/BLOCK-000906;SRC-000183/BLOCK-000503;SRC-000185/BLOCK-000561;SRC-000188/BLOCK-000490;SRC-000190/BLOCK-000491;SRC-000196/BLOCK-000907;SRC-000197/BLOCK-000931;SRC-000198/BLOCK-000548;SRC-000199/BLOCK-000549;SRC-000223/BLOCK-000576;SRC-000227/BLOCK-000935;SRC-000451/BLOCK-000824;SRC-000462/BLOCK-000596;SRC-000471/BLOCK-000937	TOOL-001;TOOL-004;TOOL-005;TOOL-017;TOOL-018;TOOL-020;TOOL-022;TOOL-024;TOOL-025;TOOL-028;TOOL-031;TOOL-033;TOOL-034;TOOL-035;TOOL-036;TOOL-039;TOOL-045;TOOL-049;TOOL-002;TOOL-003;TOOL-006;TOOL-007;TOOL-012;TOOL-019;TOOL-023;TOOL-027;TOOL-030;TOOL-037;TOOL-038	APB-000009;APB-000011;APB-000017	no	attachment_update	done	Stage 3 attachment route generated from completed scope row; use exact source blocks and missing-input prompts before item-level production claims.
S3-SCOPE-013	J016	S3-J015	GPTs/attachments/12_c_cli_odbc_precompiler.md	12. C, CLI, ODBC, Precompiler	KAE-BLOCK-000274	hybrid	primary_working_source_after_alignment	aligned	c_cli_odbc_precompiler;dblink_hadoop_external_connectors;isql_iloader;jdbc_java;migration_oracle;spatial_nifi_tableau;utilities_datacompj;release_notes_platform;third_party_guides	7.1;7.1.0.1.2;7.3;7.3.0.0.1;8.1_verified;multi;8.1.0.0.1;Migration Center 7.10;Migration Center 7.11;Migration Center 7.12;Migration Center 7.13;Migration Center 7.14;Migration Center 7.15;Migration Center 7.16;Migration Center 7.17;Migration Center 7.18;Migration Center 7.19;Migration Center 7.9;dataCompJ 7.2	Korean authoritative; English extraction aid; Altibase 8.1 verified source	SRC-000046;SRC-000050;SRC-000052;SRC-000065;SRC-000068;SRC-000053;SRC-000059;SRC-000077;SRC-000078;SRC-000047;SRC-000061;SRC-000048;SRC-000074;SRC-000076;SRC-000450;SRC-000110;SRC-000114;SRC-000116;SRC-000128;SRC-000130;SRC-000117;SRC-000123;SRC-000138;SRC-000139;SRC-000111;SRC-000125;SRC-000112;SRC-000135;SRC-000137;SRC-000451;SRC-000170;SRC-000174;SRC-000176;SRC-000188;SRC-000190;SRC-000177;SRC-000183;SRC-000221;SRC-000198;SRC-000199;SRC-000171;SRC-000185;SRC-000172;SRC-000223;SRC-000195;SRC-000226;SRC-000197;SRC-000222;SRC-000227;SRC-000207;SRC-000473;SRC-000209;SRC-000212;SRC-000470;SRC-000008;SRC-000009;SRC-000010;SRC-000012;SRC-000013;SRC-000014;SRC-000208;SRC-000213;SRC-000452;SRC-000453;SRC-000454;SRC-000455;SRC-000456;SRC-000457;SRC-000458;SRC-000459;SRC-000460;SRC-000461;SRC-000462;SRC-000463;SRC-000471;SRC-000015;SRC-000019;SRC-000021;SRC-000034;SRC-000036;SRC-000022;SRC-000028;SRC-000044;SRC-000045;SRC-000016;SRC-000030;SRC-000017;SRC-000041;SRC-000043;SRC-000427;SRC-000079;SRC-000083;SRC-000085;SRC-000097;SRC-000099;SRC-000086;SRC-000092;SRC-000107;SRC-000108;SRC-000080;SRC-000094;SRC-000081;SRC-000104;SRC-000106;SRC-000428;SRC-000140;SRC-000144;SRC-000146;SRC-000158;SRC-000160;SRC-000147;SRC-000153;SRC-000214;SRC-000167;SRC-000168;SRC-000141;SRC-000155;SRC-000142;SRC-000216;SRC-000164;SRC-000219;SRC-000166;SRC-000215;SRC-000220;SRC-000200;SRC-000202;SRC-000205;SRC-000448;SRC-000002;SRC-000003;SRC-000004;SRC-000005;SRC-000006;SRC-000007;SRC-000201;SRC-000206;SRC-000429;SRC-000430;SRC-000431;SRC-000432;SRC-000433;SRC-000434;SRC-000435;SRC-000436;SRC-000437;SRC-000438;SRC-000439;SRC-000442;SRC-000449	SRC-000010/BLOCK-000921;SRC-000013/BLOCK-000924;SRC-000174/BLOCK-000488;SRC-000176/BLOCK-000489;SRC-000179/BLOCK-000906;SRC-000183/BLOCK-000503;SRC-000185/BLOCK-000561;SRC-000188/BLOCK-000490;SRC-000190/BLOCK-000491;SRC-000196/BLOCK-000907;SRC-000197/BLOCK-000931;SRC-000198/BLOCK-000548;SRC-000199/BLOCK-000549;SRC-000223/BLOCK-000576;SRC-000227/BLOCK-000935;SRC-000451/BLOCK-000824;SRC-000462/BLOCK-000596;SRC-000471/BLOCK-000937	TOOL-001;TOOL-004;TOOL-005;TOOL-017;TOOL-018;TOOL-020;TOOL-022;TOOL-024;TOOL-025;TOOL-028;TOOL-031;TOOL-033;TOOL-034;TOOL-035;TOOL-036;TOOL-039;TOOL-045;TOOL-049;TOOL-002;TOOL-003;TOOL-006;TOOL-007;TOOL-012;TOOL-019;TOOL-023;TOOL-027;TOOL-030;TOOL-037;TOOL-038	APB-000009;APB-000011;APB-000017	no	attachment_update	done	Stage 3 attachment route generated from completed scope row; use exact source blocks and missing-input prompts before item-level production claims.
S3-SCOPE-013	J016	S3-J015	GPTs/attachments/12_c_cli_odbc_precompiler.md	12. C, CLI, ODBC, Precompiler	KAE-BLOCK-000275	hybrid	primary_working_source_after_alignment	aligned	patch_notes;release_notes_platform;technical_documents_support;third_party_guides;migration_oracle;replication_manager;spatial_nifi_tableau;utilities_datacompj	7.1;7.3;8.1_verified;multi;selected release-note tool scopes	Korean authoritative; English extraction aid; Repository source evidence; Approved support evidence; Altibase 8.1 verified source	SRC-000008;SRC-000009;SRC-000010;SRC-000011;SRC-000012;SRC-000013;SRC-000014;SRC-000064;SRC-000301;SRC-000302;SRC-000303;SRC-000304;SRC-000305;SRC-000306;SRC-000307;SRC-000308;SRC-000309;SRC-000310;SRC-000311;SRC-000312;SRC-000313;SRC-000314;SRC-000315;SRC-000316;SRC-000317;SRC-000318;SRC-000319;SRC-000320;SRC-000321;SRC-000322;SRC-000323;SRC-000324;SRC-000325;SRC-000326;SRC-000327;SRC-000328;SRC-000329;SRC-000330;SRC-000331;SRC-000332;SRC-000333;SRC-000334;SRC-000335;SRC-000336;SRC-000337;SRC-000338;SRC-000339;SRC-000340;SRC-000341;SRC-000342;SRC-000343;SRC-000344;SRC-000345;SRC-000346;SRC-000347;SRC-000348;SRC-000349;SRC-000350;SRC-000351;SRC-000352;SRC-000353;SRC-000354;SRC-000355;SRC-000356;SRC-000357;SRC-000358;SRC-000359;SRC-000360;SRC-000361;SRC-000362;SRC-000363;SRC-000364;SRC-000365;SRC-000366;SRC-000367;SRC-000368;SRC-000369;SRC-000370;SRC-000371;SRC-000372;SRC-000373;SRC-000374;SRC-000375;SRC-000376;SRC-000377;SRC-000378;SRC-000379;SRC-000380;SRC-000381;SRC-000382;SRC-000383;SRC-000384;SRC-000385;SRC-000386;SRC-000387;SRC-000388;SRC-000389;SRC-000390;SRC-000391;SRC-000392;SRC-000393;SRC-000394;SRC-000395;SRC-000396;SRC-000405;SRC-000406;SRC-000407;SRC-000408;SRC-000409;SRC-000410;SRC-000411;SRC-000412;SRC-000413;SRC-000414;SRC-000415;SRC-000416;SRC-000417;SRC-000418;SRC-000419;SRC-000420;SRC-000421;SRC-000422;SRC-000423;SRC-000450;SRC-000451;SRC-000452;SRC-000453;SRC-000454;SRC-000455;SRC-000456;SRC-000457;SRC-000458;SRC-000459;SRC-000460;SRC-000461;SRC-000462;SRC-000463;SRC-000464;SRC-000465;SRC-000466;SRC-000467;SRC-000468;SRC-000469;SRC-000470;SRC-000471;SRC-000473;SRC-000474;SRC-000475;SRC-000476;SRC-000002;SRC-000003;SRC-000004;SRC-000005;SRC-000006;SRC-000007;SRC-000033;SRC-000231;SRC-000232;SRC-000233;SRC-000234;SRC-000235;SRC-000236;SRC-000237;SRC-000238;SRC-000239;SRC-000240;SRC-000241;SRC-000242;SRC-000243;SRC-000244;SRC-000245;SRC-000246;SRC-000247;SRC-000248;SRC-000249;SRC-000250;SRC-000251;SRC-000252;SRC-000253;SRC-000254;SRC-000255;SRC-000256;SRC-000257;SRC-000258;SRC-000259;SRC-000260;SRC-000261;SRC-000262;SRC-000263;SRC-000264;SRC-000265;SRC-000266;SRC-000267;SRC-000268;SRC-000269;SRC-000270;SRC-000271;SRC-000272;SRC-000273;SRC-000274;SRC-000275;SRC-000276;SRC-000277;SRC-000278;SRC-000279;SRC-000280;SRC-000281;SRC-000282;SRC-000283;SRC-000284;SRC-000285;SRC-000286;SRC-000287;SRC-000288;SRC-000289;SRC-000290;SRC-000291;SRC-000292;SRC-000293;SRC-000294;SRC-000295;SRC-000296;SRC-000297;SRC-000298;SRC-000299;SRC-000300;SRC-000399;SRC-000400;SRC-000401;SRC-000402;SRC-000403;SRC-000404;SRC-000427;SRC-000428;SRC-000429;SRC-000430;SRC-000431;SRC-000432;SRC-000433;SRC-000434;SRC-000435;SRC-000436;SRC-000437;SRC-000438;SRC-000439;SRC-000440;SRC-000441;SRC-000442;SRC-000443;SRC-000444;SRC-000445;SRC-000446;SRC-000447;SRC-000448;SRC-000449;SRC-000472;SRC-000001;SRC-000228;SRC-000229;SRC-000230;SRC-000397;SRC-000398;SRC-000424;SRC-000425;SRC-000426;SRC-000477	SRC-000010/BLOCK-000921;SRC-000013/BLOCK-000924;SRC-000174/BLOCK-000488;SRC-000176/BLOCK-000489;SRC-000179/BLOCK-000906;SRC-000183/BLOCK-000503;SRC-000185/BLOCK-000561;SRC-000188/BLOCK-000490;SRC-000190/BLOCK-000491;SRC-000196/BLOCK-000907;SRC-000197/BLOCK-000931;SRC-000198/BLOCK-000548;SRC-000199/BLOCK-000549;SRC-000223/BLOCK-000576;SRC-000227/BLOCK-000935;SRC-000451/BLOCK-000824;SRC-000462/BLOCK-000596;SRC-000471/BLOCK-000937	TOOL-001;TOOL-004;TOOL-005;TOOL-017;TOOL-018;TOOL-020;TOOL-022;TOOL-024;TOOL-025;TOOL-028;TOOL-031;TOOL-033;TOOL-034;TOOL-035;TOOL-036;TOOL-039;TOOL-045;TOOL-049;TOOL-002;TOOL-003;TOOL-006;TOOL-007;TOOL-012;TOOL-019;TOOL-023;TOOL-027;TOOL-030;TOOL-037;TOOL-038	APB-000009;APB-000011;APB-000017	no	attachment_update	done	Stage 3 attachment route generated from completed scope row; use exact source blocks and missing-input prompts before item-level production claims.
S3-SCOPE-013	J016	S3-J015	GPTs/attachments/12_c_cli_odbc_precompiler.md	12. C, CLI, ODBC, Precompiler	KAE-BLOCK-000277	hybrid	primary_working_source_after_alignment	aligned	stored_external_procedures	7.1;7.3;8.1_verified	Korean authoritative; English extraction aid; Altibase 8.1 verified source	SRC-000075;SRC-000136;SRC-000196;SRC-000042;SRC-000105;SRC-000165	SRC-000010/BLOCK-000921;SRC-000013/BLOCK-000924;SRC-000174/BLOCK-000488;SRC-000176/BLOCK-000489;SRC-000179/BLOCK-000906;SRC-000183/BLOCK-000503;SRC-000185/BLOCK-000561;SRC-000188/BLOCK-000490;SRC-000190/BLOCK-000491;SRC-000196/BLOCK-000907;SRC-000197/BLOCK-000931;SRC-000198/BLOCK-000548;SRC-000199/BLOCK-000549;SRC-000223/BLOCK-000576;SRC-000227/BLOCK-000935;SRC-000451/BLOCK-000824;SRC-000462/BLOCK-000596;SRC-000471/BLOCK-000937	TOOL-001;TOOL-004;TOOL-005;TOOL-017;TOOL-018;TOOL-020;TOOL-022;TOOL-024;TOOL-025;TOOL-028;TOOL-031;TOOL-033;TOOL-034;TOOL-035;TOOL-036;TOOL-039;TOOL-045;TOOL-049;TOOL-002;TOOL-003;TOOL-006;TOOL-007;TOOL-012;TOOL-019;TOOL-023;TOOL-027;TOOL-030;TOOL-037;TOOL-038	APB-000009;APB-000011;APB-000017	no	attachment_update	done	Stage 3 attachment route generated from completed scope row; use exact source blocks and missing-input prompts before item-level production claims.
S3-SCOPE-013	J016	S3-J015	GPTs/attachments/12_c_cli_odbc_precompiler.md	12. C, CLI, ODBC, Precompiler	KAE-BLOCK-000278	hybrid	primary_working_source_after_alignment	aligned	stored_external_procedures	7.1;7.3;8.1_verified	Korean authoritative; English extraction aid; Altibase 8.1 verified source	SRC-000055;SRC-000119;SRC-000179;SRC-000024;SRC-000088;SRC-000149	SRC-000010/BLOCK-000921;SRC-000013/BLOCK-000924;SRC-000174/BLOCK-000488;SRC-000176/BLOCK-000489;SRC-000179/BLOCK-000906;SRC-000183/BLOCK-000503;SRC-000185/BLOCK-000561;SRC-000188/BLOCK-000490;SRC-000190/BLOCK-000491;SRC-000196/BLOCK-000907;SRC-000197/BLOCK-000931;SRC-000198/BLOCK-000548;SRC-000199/BLOCK-000549;SRC-000223/BLOCK-000576;SRC-000227/BLOCK-000935;SRC-000451/BLOCK-000824;SRC-000462/BLOCK-000596;SRC-000471/BLOCK-000937	TOOL-001;TOOL-004;TOOL-005;TOOL-017;TOOL-018;TOOL-020;TOOL-022;TOOL-024;TOOL-025;TOOL-028;TOOL-031;TOOL-033;TOOL-034;TOOL-035;TOOL-036;TOOL-039;TOOL-045;TOOL-049;TOOL-002;TOOL-003;TOOL-006;TOOL-007;TOOL-012;TOOL-019;TOOL-023;TOOL-027;TOOL-030;TOOL-037;TOOL-038	APB-000009;APB-000011;APB-000017	no	attachment_update	done	Stage 3 attachment route generated from completed scope row; use exact source blocks and missing-input prompts before item-level production claims.
S3-SCOPE-013	J016	S3-J015	GPTs/attachments/13_isql_iloader_basic_tools.md	13. iSQL, iLoader, and Basic Tools	KAE-BLOCK-000171	repo_paired_ko_en	primary_working_source_after_alignment	pending	release_notes_platform	7.3.0.0.1	Korean authoritative; English extraction aid	SRC-000451;SRC-000428	SRC-000010/BLOCK-000921;SRC-000013/BLOCK-000924;SRC-000174/BLOCK-000488;SRC-000176/BLOCK-000489;SRC-000179/BLOCK-000906;SRC-000183/BLOCK-000503;SRC-000185/BLOCK-000561;SRC-000188/BLOCK-000490;SRC-000190/BLOCK-000491;SRC-000196/BLOCK-000907;SRC-000197/BLOCK-000931;SRC-000198/BLOCK-000548;SRC-000199/BLOCK-000549;SRC-000223/BLOCK-000576;SRC-000227/BLOCK-000935;SRC-000451/BLOCK-000824;SRC-000462/BLOCK-000596;SRC-000471/BLOCK-000937	TOOL-001;TOOL-004;TOOL-005;TOOL-017;TOOL-018;TOOL-020;TOOL-022;TOOL-024;TOOL-025;TOOL-028;TOOL-031;TOOL-033;TOOL-034;TOOL-035;TOOL-036;TOOL-039;TOOL-045;TOOL-049;TOOL-002;TOOL-003;TOOL-006;TOOL-007;TOOL-012;TOOL-019;TOOL-023;TOOL-027;TOOL-030;TOOL-037;TOOL-038	APB-000009;APB-000011;APB-000017	no	attachment_update	done	Stage 3 attachment route generated from completed scope row; use exact source blocks and missing-input prompts before item-level production claims.
S3-SCOPE-013	J016	S3-J015	GPTs/attachments/13_isql_iloader_basic_tools.md	13. iSQL, iLoader, and Basic Tools	KAE-BLOCK-000193	repo_paired_ko_en	primary_working_source_after_alignment	pending	c_cli_odbc_precompiler	8.1_verified	Korean authoritative; Altibase 8.1 verified source; English extraction aid	SRC-000174;SRC-000144	SRC-000010/BLOCK-000921;SRC-000013/BLOCK-000924;SRC-000174/BLOCK-000488;SRC-000176/BLOCK-000489;SRC-000179/BLOCK-000906;SRC-000183/BLOCK-000503;SRC-000185/BLOCK-000561;SRC-000188/BLOCK-000490;SRC-000190/BLOCK-000491;SRC-000196/BLOCK-000907;SRC-000197/BLOCK-000931;SRC-000198/BLOCK-000548;SRC-000199/BLOCK-000549;SRC-000223/BLOCK-000576;SRC-000227/BLOCK-000935;SRC-000451/BLOCK-000824;SRC-000462/BLOCK-000596;SRC-000471/BLOCK-000937	TOOL-001;TOOL-004;TOOL-005;TOOL-017;TOOL-018;TOOL-020;TOOL-022;TOOL-024;TOOL-025;TOOL-028;TOOL-031;TOOL-033;TOOL-034;TOOL-035;TOOL-036;TOOL-039;TOOL-045;TOOL-049;TOOL-002;TOOL-003;TOOL-006;TOOL-007;TOOL-012;TOOL-019;TOOL-023;TOOL-027;TOOL-030;TOOL-037;TOOL-038	APB-000009;APB-000011;APB-000017	no	attachment_update	done	Stage 3 attachment route generated from completed scope row; use exact source blocks and missing-input prompts before item-level production claims.
S3-SCOPE-013	J016	S3-J015	GPTs/attachments/13_isql_iloader_basic_tools.md	13. iSQL, iLoader, and Basic Tools	KAE-BLOCK-000194	repo_paired_ko_en	primary_working_source_after_alignment	pending	c_cli_odbc_precompiler	8.1_verified	Korean authoritative; Altibase 8.1 verified source; English extraction aid	SRC-000176;SRC-000146	SRC-000010/BLOCK-000921;SRC-000013/BLOCK-000924;SRC-000174/BLOCK-000488;SRC-000176/BLOCK-000489;SRC-000179/BLOCK-000906;SRC-000183/BLOCK-000503;SRC-000185/BLOCK-000561;SRC-000188/BLOCK-000490;SRC-000190/BLOCK-000491;SRC-000196/BLOCK-000907;SRC-000197/BLOCK-000931;SRC-000198/BLOCK-000548;SRC-000199/BLOCK-000549;SRC-000223/BLOCK-000576;SRC-000227/BLOCK-000935;SRC-000451/BLOCK-000824;SRC-000462/BLOCK-000596;SRC-000471/BLOCK-000937	TOOL-001;TOOL-004;TOOL-005;TOOL-017;TOOL-018;TOOL-020;TOOL-022;TOOL-024;TOOL-025;TOOL-028;TOOL-031;TOOL-033;TOOL-034;TOOL-035;TOOL-036;TOOL-039;TOOL-045;TOOL-049;TOOL-002;TOOL-003;TOOL-006;TOOL-007;TOOL-012;TOOL-019;TOOL-023;TOOL-027;TOOL-030;TOOL-037;TOOL-038	APB-000009;APB-000011;APB-000017	no	attachment_update	done	Stage 3 attachment route generated from completed scope row; use exact source blocks and missing-input prompts before item-level production claims.
S3-SCOPE-013	J016	S3-J015	GPTs/attachments/13_isql_iloader_basic_tools.md	13. iSQL, iLoader, and Basic Tools	KAE-BLOCK-000195	repo_paired_ko_en	primary_working_source_after_alignment	pending	c_cli_odbc_precompiler	8.1_verified	Korean authoritative; Altibase 8.1 verified source; English extraction aid	SRC-000188;SRC-000158	SRC-000010/BLOCK-000921;SRC-000013/BLOCK-000924;SRC-000174/BLOCK-000488;SRC-000176/BLOCK-000489;SRC-000179/BLOCK-000906;SRC-000183/BLOCK-000503;SRC-000185/BLOCK-000561;SRC-000188/BLOCK-000490;SRC-000190/BLOCK-000491;SRC-000196/BLOCK-000907;SRC-000197/BLOCK-000931;SRC-000198/BLOCK-000548;SRC-000199/BLOCK-000549;SRC-000223/BLOCK-000576;SRC-000227/BLOCK-000935;SRC-000451/BLOCK-000824;SRC-000462/BLOCK-000596;SRC-000471/BLOCK-000937	TOOL-001;TOOL-004;TOOL-005;TOOL-017;TOOL-018;TOOL-020;TOOL-022;TOOL-024;TOOL-025;TOOL-028;TOOL-031;TOOL-033;TOOL-034;TOOL-035;TOOL-036;TOOL-039;TOOL-045;TOOL-049;TOOL-002;TOOL-003;TOOL-006;TOOL-007;TOOL-012;TOOL-019;TOOL-023;TOOL-027;TOOL-030;TOOL-037;TOOL-038	APB-000009;APB-000011;APB-000017	no	attachment_update	done	Stage 3 attachment route generated from completed scope row; use exact source blocks and missing-input prompts before item-level production claims.
S3-SCOPE-013	J016	S3-J015	GPTs/attachments/13_isql_iloader_basic_tools.md	13. iSQL, iLoader, and Basic Tools	KAE-BLOCK-000196	repo_paired_ko_en	primary_working_source_after_alignment	pending	c_cli_odbc_precompiler	8.1_verified	Korean authoritative; Altibase 8.1 verified source; English extraction aid	SRC-000190;SRC-000160	SRC-000010/BLOCK-000921;SRC-000013/BLOCK-000924;SRC-000174/BLOCK-000488;SRC-000176/BLOCK-000489;SRC-000179/BLOCK-000906;SRC-000183/BLOCK-000503;SRC-000185/BLOCK-000561;SRC-000188/BLOCK-000490;SRC-000190/BLOCK-000491;SRC-000196/BLOCK-000907;SRC-000197/BLOCK-000931;SRC-000198/BLOCK-000548;SRC-000199/BLOCK-000549;SRC-000223/BLOCK-000576;SRC-000227/BLOCK-000935;SRC-000451/BLOCK-000824;SRC-000462/BLOCK-000596;SRC-000471/BLOCK-000937	TOOL-001;TOOL-004;TOOL-005;TOOL-017;TOOL-018;TOOL-020;TOOL-022;TOOL-024;TOOL-025;TOOL-028;TOOL-031;TOOL-033;TOOL-034;TOOL-035;TOOL-036;TOOL-039;TOOL-045;TOOL-049;TOOL-002;TOOL-003;TOOL-006;TOOL-007;TOOL-012;TOOL-019;TOOL-023;TOOL-027;TOOL-030;TOOL-037;TOOL-038	APB-000009;APB-000011;APB-000017	no	attachment_update	done	Stage 3 attachment route generated from completed scope row; use exact source blocks and missing-input prompts before item-level production claims.
S3-SCOPE-013	J016	S3-J015	GPTs/attachments/13_isql_iloader_basic_tools.md	13. iSQL, iLoader, and Basic Tools	KAE-BLOCK-000198	repo_paired_ko_en	primary_working_source_after_alignment	pending	dblink_hadoop_external_connectors	8.1_verified	Korean authoritative; Altibase 8.1 verified source; English extraction aid	SRC-000183;SRC-000153	SRC-000010/BLOCK-000921;SRC-000013/BLOCK-000924;SRC-000174/BLOCK-000488;SRC-000176/BLOCK-000489;SRC-000179/BLOCK-000906;SRC-000183/BLOCK-000503;SRC-000185/BLOCK-000561;SRC-000188/BLOCK-000490;SRC-000190/BLOCK-000491;SRC-000196/BLOCK-000907;SRC-000197/BLOCK-000931;SRC-000198/BLOCK-000548;SRC-000199/BLOCK-000549;SRC-000223/BLOCK-000576;SRC-000227/BLOCK-000935;SRC-000451/BLOCK-000824;SRC-000462/BLOCK-000596;SRC-000471/BLOCK-000937	TOOL-001;TOOL-004;TOOL-005;TOOL-017;TOOL-018;TOOL-020;TOOL-022;TOOL-024;TOOL-025;TOOL-028;TOOL-031;TOOL-033;TOOL-034;TOOL-035;TOOL-036;TOOL-039;TOOL-045;TOOL-049;TOOL-002;TOOL-003;TOOL-006;TOOL-007;TOOL-012;TOOL-019;TOOL-023;TOOL-027;TOOL-030;TOOL-037;TOOL-038	APB-000009;APB-000011;APB-000017	no	attachment_update	done	Stage 3 attachment route generated from completed scope row; use exact source blocks and missing-input prompts before item-level production claims.
S3-SCOPE-013	J016	S3-J015	GPTs/attachments/13_isql_iloader_basic_tools.md	13. iSQL, iLoader, and Basic Tools	KAE-BLOCK-000205	repo_paired_ko_en	primary_working_source_after_alignment	pending	isql_iloader	8.1_verified	Korean authoritative; Altibase 8.1 verified source; English extraction aid	SRC-000198;SRC-000167	SRC-000010/BLOCK-000921;SRC-000013/BLOCK-000924;SRC-000174/BLOCK-000488;SRC-000176/BLOCK-000489;SRC-000179/BLOCK-000906;SRC-000183/BLOCK-000503;SRC-000185/BLOCK-000561;SRC-000188/BLOCK-000490;SRC-000190/BLOCK-000491;SRC-000196/BLOCK-000907;SRC-000197/BLOCK-000931;SRC-000198/BLOCK-000548;SRC-000199/BLOCK-000549;SRC-000223/BLOCK-000576;SRC-000227/BLOCK-000935;SRC-000451/BLOCK-000824;SRC-000462/BLOCK-000596;SRC-000471/BLOCK-000937	TOOL-001;TOOL-004;TOOL-005;TOOL-017;TOOL-018;TOOL-020;TOOL-022;TOOL-024;TOOL-025;TOOL-028;TOOL-031;TOOL-033;TOOL-034;TOOL-035;TOOL-036;TOOL-039;TOOL-045;TOOL-049;TOOL-002;TOOL-003;TOOL-006;TOOL-007;TOOL-012;TOOL-019;TOOL-023;TOOL-027;TOOL-030;TOOL-037;TOOL-038	APB-000009;APB-000011;APB-000017	no	attachment_update	done	Stage 3 attachment route generated from completed scope row; use exact source blocks and missing-input prompts before item-level production claims.
S3-SCOPE-013	J016	S3-J015	GPTs/attachments/13_isql_iloader_basic_tools.md	13. iSQL, iLoader, and Basic Tools	KAE-BLOCK-000206	repo_paired_ko_en	primary_working_source_after_alignment	pending	isql_iloader	8.1_verified	Korean authoritative; Altibase 8.1 verified source; English extraction aid	SRC-000199;SRC-000168	SRC-000010/BLOCK-000921;SRC-000013/BLOCK-000924;SRC-000174/BLOCK-000488;SRC-000176/BLOCK-000489;SRC-000179/BLOCK-000906;SRC-000183/BLOCK-000503;SRC-000185/BLOCK-000561;SRC-000188/BLOCK-000490;SRC-000190/BLOCK-000491;SRC-000196/BLOCK-000907;SRC-000197/BLOCK-000931;SRC-000198/BLOCK-000548;SRC-000199/BLOCK-000549;SRC-000223/BLOCK-000576;SRC-000227/BLOCK-000935;SRC-000451/BLOCK-000824;SRC-000462/BLOCK-000596;SRC-000471/BLOCK-000937	TOOL-001;TOOL-004;TOOL-005;TOOL-017;TOOL-018;TOOL-020;TOOL-022;TOOL-024;TOOL-025;TOOL-028;TOOL-031;TOOL-033;TOOL-034;TOOL-035;TOOL-036;TOOL-039;TOOL-045;TOOL-049;TOOL-002;TOOL-003;TOOL-006;TOOL-007;TOOL-012;TOOL-019;TOOL-023;TOOL-027;TOOL-030;TOOL-037;TOOL-038	APB-000009;APB-000011;APB-000017	no	attachment_update	done	Stage 3 attachment route generated from completed scope row; use exact source blocks and missing-input prompts before item-level production claims.
S3-SCOPE-013	J016	S3-J015	GPTs/attachments/13_isql_iloader_basic_tools.md	13. iSQL, iLoader, and Basic Tools	KAE-BLOCK-000208	repo_paired_ko_en	primary_working_source_after_alignment	pending	jdbc_java	8.1_verified	Korean authoritative; Altibase 8.1 verified source; English extraction aid	SRC-000185;SRC-000155	SRC-000010/BLOCK-000921;SRC-000013/BLOCK-000924;SRC-000174/BLOCK-000488;SRC-000176/BLOCK-000489;SRC-000179/BLOCK-000906;SRC-000183/BLOCK-000503;SRC-000185/BLOCK-000561;SRC-000188/BLOCK-000490;SRC-000190/BLOCK-000491;SRC-000196/BLOCK-000907;SRC-000197/BLOCK-000931;SRC-000198/BLOCK-000548;SRC-000199/BLOCK-000549;SRC-000223/BLOCK-000576;SRC-000227/BLOCK-000935;SRC-000451/BLOCK-000824;SRC-000462/BLOCK-000596;SRC-000471/BLOCK-000937	TOOL-001;TOOL-004;TOOL-005;TOOL-017;TOOL-018;TOOL-020;TOOL-022;TOOL-024;TOOL-025;TOOL-028;TOOL-031;TOOL-033;TOOL-034;TOOL-035;TOOL-036;TOOL-039;TOOL-045;TOOL-049;TOOL-002;TOOL-003;TOOL-006;TOOL-007;TOOL-012;TOOL-019;TOOL-023;TOOL-027;TOOL-030;TOOL-037;TOOL-038	APB-000009;APB-000011;APB-000017	no	attachment_update	done	Stage 3 attachment route generated from completed scope row; use exact source blocks and missing-input prompts before item-level production claims.
S3-SCOPE-013	J016	S3-J015	GPTs/attachments/13_isql_iloader_basic_tools.md	13. iSQL, iLoader, and Basic Tools	KAE-BLOCK-000211	repo_paired_ko_en	primary_working_source_after_alignment	pending	migration_oracle	8.1_verified	Korean authoritative; Altibase 8.1 verified source; English extraction aid	SRC-000223;SRC-000216	SRC-000010/BLOCK-000921;SRC-000013/BLOCK-000924;SRC-000174/BLOCK-000488;SRC-000176/BLOCK-000489;SRC-000179/BLOCK-000906;SRC-000183/BLOCK-000503;SRC-000185/BLOCK-000561;SRC-000188/BLOCK-000490;SRC-000190/BLOCK-000491;SRC-000196/BLOCK-000907;SRC-000197/BLOCK-000931;SRC-000198/BLOCK-000548;SRC-000199/BLOCK-000549;SRC-000223/BLOCK-000576;SRC-000227/BLOCK-000935;SRC-000451/BLOCK-000824;SRC-000462/BLOCK-000596;SRC-000471/BLOCK-000937	TOOL-001;TOOL-004;TOOL-005;TOOL-017;TOOL-018;TOOL-020;TOOL-022;TOOL-024;TOOL-025;TOOL-028;TOOL-031;TOOL-033;TOOL-034;TOOL-035;TOOL-036;TOOL-039;TOOL-045;TOOL-049;TOOL-002;TOOL-003;TOOL-006;TOOL-007;TOOL-012;TOOL-019;TOOL-023;TOOL-027;TOOL-030;TOOL-037;TOOL-038	APB-000009;APB-000011;APB-000017	no	attachment_update	done	Stage 3 attachment route generated from completed scope row; use exact source blocks and missing-input prompts before item-level production claims.
S3-SCOPE-013	J016	S3-J015	GPTs/attachments/13_isql_iloader_basic_tools.md	13. iSQL, iLoader, and Basic Tools	KAE-BLOCK-000224	repo_paired_ko_en	primary_working_source_after_alignment	pending	stored_external_procedures	8.1_verified	Korean authoritative; Altibase 8.1 verified source; English extraction aid	SRC-000179;SRC-000149	SRC-000010/BLOCK-000921;SRC-000013/BLOCK-000924;SRC-000174/BLOCK-000488;SRC-000176/BLOCK-000489;SRC-000179/BLOCK-000906;SRC-000183/BLOCK-000503;SRC-000185/BLOCK-000561;SRC-000188/BLOCK-000490;SRC-000190/BLOCK-000491;SRC-000196/BLOCK-000907;SRC-000197/BLOCK-000931;SRC-000198/BLOCK-000548;SRC-000199/BLOCK-000549;SRC-000223/BLOCK-000576;SRC-000227/BLOCK-000935;SRC-000451/BLOCK-000824;SRC-000462/BLOCK-000596;SRC-000471/BLOCK-000937	TOOL-001;TOOL-004;TOOL-005;TOOL-017;TOOL-018;TOOL-020;TOOL-022;TOOL-024;TOOL-025;TOOL-028;TOOL-031;TOOL-033;TOOL-034;TOOL-035;TOOL-036;TOOL-039;TOOL-045;TOOL-049;TOOL-002;TOOL-003;TOOL-006;TOOL-007;TOOL-012;TOOL-019;TOOL-023;TOOL-027;TOOL-030;TOOL-037;TOOL-038	APB-000009;APB-000011;APB-000017	no	attachment_update	done	Stage 3 attachment route generated from completed scope row; use exact source blocks and missing-input prompts before item-level production claims.
S3-SCOPE-013	J016	S3-J015	GPTs/attachments/13_isql_iloader_basic_tools.md	13. iSQL, iLoader, and Basic Tools	KAE-BLOCK-000225	repo_paired_ko_en	primary_working_source_after_alignment	pending	stored_external_procedures	8.1_verified	Korean authoritative; Altibase 8.1 verified source; English extraction aid	SRC-000196;SRC-000165	SRC-000010/BLOCK-000921;SRC-000013/BLOCK-000924;SRC-000174/BLOCK-000488;SRC-000176/BLOCK-000489;SRC-000179/BLOCK-000906;SRC-000183/BLOCK-000503;SRC-000185/BLOCK-000561;SRC-000188/BLOCK-000490;SRC-000190/BLOCK-000491;SRC-000196/BLOCK-000907;SRC-000197/BLOCK-000931;SRC-000198/BLOCK-000548;SRC-000199/BLOCK-000549;SRC-000223/BLOCK-000576;SRC-000227/BLOCK-000935;SRC-000451/BLOCK-000824;SRC-000462/BLOCK-000596;SRC-000471/BLOCK-000937	TOOL-001;TOOL-004;TOOL-005;TOOL-017;TOOL-018;TOOL-020;TOOL-022;TOOL-024;TOOL-025;TOOL-028;TOOL-031;TOOL-033;TOOL-034;TOOL-035;TOOL-036;TOOL-039;TOOL-045;TOOL-049;TOOL-002;TOOL-003;TOOL-006;TOOL-007;TOOL-012;TOOL-019;TOOL-023;TOOL-027;TOOL-030;TOOL-037;TOOL-038	APB-000009;APB-000011;APB-000017	no	attachment_update	done	Stage 3 attachment route generated from completed scope row; use exact source blocks and missing-input prompts before item-level production claims.
S3-SCOPE-013	J016	S3-J015	GPTs/attachments/13_isql_iloader_basic_tools.md	13. iSQL, iLoader, and Basic Tools	KAE-BLOCK-000227	repo_paired_ko_en	primary_working_source_after_alignment	pending	utilities_datacompj	8.1_verified	Korean authoritative; Altibase 8.1 verified source; English extraction aid	SRC-000197;SRC-000166	SRC-000010/BLOCK-000921;SRC-000013/BLOCK-000924;SRC-000174/BLOCK-000488;SRC-000176/BLOCK-000489;SRC-000179/BLOCK-000906;SRC-000183/BLOCK-000503;SRC-000185/BLOCK-000561;SRC-000188/BLOCK-000490;SRC-000190/BLOCK-000491;SRC-000196/BLOCK-000907;SRC-000197/BLOCK-000931;SRC-000198/BLOCK-000548;SRC-000199/BLOCK-000549;SRC-000223/BLOCK-000576;SRC-000227/BLOCK-000935;SRC-000451/BLOCK-000824;SRC-000462/BLOCK-000596;SRC-000471/BLOCK-000937	TOOL-001;TOOL-004;TOOL-005;TOOL-017;TOOL-018;TOOL-020;TOOL-022;TOOL-024;TOOL-025;TOOL-028;TOOL-031;TOOL-033;TOOL-034;TOOL-035;TOOL-036;TOOL-039;TOOL-045;TOOL-049;TOOL-002;TOOL-003;TOOL-006;TOOL-007;TOOL-012;TOOL-019;TOOL-023;TOOL-027;TOOL-030;TOOL-037;TOOL-038	APB-000009;APB-000011;APB-000017	no	attachment_update	done	Stage 3 attachment route generated from completed scope row; use exact source blocks and missing-input prompts before item-level production claims.
S3-SCOPE-013	J016	S3-J015	GPTs/attachments/13_isql_iloader_basic_tools.md	13. iSQL, iLoader, and Basic Tools	KAE-BLOCK-000229	repo_paired_ko_en	primary_working_source_after_alignment	pending	utilities_datacompj	8.1_verified	Korean authoritative; Altibase 8.1 verified source; English extraction aid	SRC-000227;SRC-000220	SRC-000010/BLOCK-000921;SRC-000013/BLOCK-000924;SRC-000174/BLOCK-000488;SRC-000176/BLOCK-000489;SRC-000179/BLOCK-000906;SRC-000183/BLOCK-000503;SRC-000185/BLOCK-000561;SRC-000188/BLOCK-000490;SRC-000190/BLOCK-000491;SRC-000196/BLOCK-000907;SRC-000197/BLOCK-000931;SRC-000198/BLOCK-000548;SRC-000199/BLOCK-000549;SRC-000223/BLOCK-000576;SRC-000227/BLOCK-000935;SRC-000451/BLOCK-000824;SRC-000462/BLOCK-000596;SRC-000471/BLOCK-000937	TOOL-001;TOOL-004;TOOL-005;TOOL-017;TOOL-018;TOOL-020;TOOL-022;TOOL-024;TOOL-025;TOOL-028;TOOL-031;TOOL-033;TOOL-034;TOOL-035;TOOL-036;TOOL-039;TOOL-045;TOOL-049;TOOL-002;TOOL-003;TOOL-006;TOOL-007;TOOL-012;TOOL-019;TOOL-023;TOOL-027;TOOL-030;TOOL-037;TOOL-038	APB-000009;APB-000011;APB-000017	no	attachment_update	done	Stage 3 attachment route generated from completed scope row; use exact source blocks and missing-input prompts before item-level production claims.
S3-SCOPE-013	J016	S3-J015	GPTs/attachments/13_isql_iloader_basic_tools.md	13. iSQL, iLoader, and Basic Tools	KAE-BLOCK-000246	repo_paired_ko_en	primary_working_source_after_alignment	pending	third_party_guides	multi	Korean authoritative; English extraction aid	SRC-000010;SRC-000004	SRC-000010/BLOCK-000921;SRC-000013/BLOCK-000924;SRC-000174/BLOCK-000488;SRC-000176/BLOCK-000489;SRC-000179/BLOCK-000906;SRC-000183/BLOCK-000503;SRC-000185/BLOCK-000561;SRC-000188/BLOCK-000490;SRC-000190/BLOCK-000491;SRC-000196/BLOCK-000907;SRC-000197/BLOCK-000931;SRC-000198/BLOCK-000548;SRC-000199/BLOCK-000549;SRC-000223/BLOCK-000576;SRC-000227/BLOCK-000935;SRC-000451/BLOCK-000824;SRC-000462/BLOCK-000596;SRC-000471/BLOCK-000937	TOOL-001;TOOL-004;TOOL-005;TOOL-017;TOOL-018;TOOL-020;TOOL-022;TOOL-024;TOOL-025;TOOL-028;TOOL-031;TOOL-033;TOOL-034;TOOL-035;TOOL-036;TOOL-039;TOOL-045;TOOL-049;TOOL-002;TOOL-003;TOOL-006;TOOL-007;TOOL-012;TOOL-019;TOOL-023;TOOL-027;TOOL-030;TOOL-037;TOOL-038	APB-000009;APB-000011;APB-000017	no	attachment_update	done	Stage 3 attachment route generated from completed scope row; use exact source blocks and missing-input prompts before item-level production claims.
S3-SCOPE-013	J016	S3-J015	GPTs/attachments/13_isql_iloader_basic_tools.md	13. iSQL, iLoader, and Basic Tools	KAE-BLOCK-000248	repo_paired_ko_en	primary_working_source_after_alignment	pending	third_party_guides	multi	Korean authoritative; English extraction aid	SRC-000013;SRC-000006	SRC-000010/BLOCK-000921;SRC-000013/BLOCK-000924;SRC-000174/BLOCK-000488;SRC-000176/BLOCK-000489;SRC-000179/BLOCK-000906;SRC-000183/BLOCK-000503;SRC-000185/BLOCK-000561;SRC-000188/BLOCK-000490;SRC-000190/BLOCK-000491;SRC-000196/BLOCK-000907;SRC-000197/BLOCK-000931;SRC-000198/BLOCK-000548;SRC-000199/BLOCK-000549;SRC-000223/BLOCK-000576;SRC-000227/BLOCK-000935;SRC-000451/BLOCK-000824;SRC-000462/BLOCK-000596;SRC-000471/BLOCK-000937	TOOL-001;TOOL-004;TOOL-005;TOOL-017;TOOL-018;TOOL-020;TOOL-022;TOOL-024;TOOL-025;TOOL-028;TOOL-031;TOOL-033;TOOL-034;TOOL-035;TOOL-036;TOOL-039;TOOL-045;TOOL-049;TOOL-002;TOOL-003;TOOL-006;TOOL-007;TOOL-012;TOOL-019;TOOL-023;TOOL-027;TOOL-030;TOOL-037;TOOL-038	APB-000009;APB-000011;APB-000017	no	attachment_update	done	Stage 3 attachment route generated from completed scope row; use exact source blocks and missing-input prompts before item-level production claims.
S3-SCOPE-013	J016	S3-J015	GPTs/attachments/13_isql_iloader_basic_tools.md	13. iSQL, iLoader, and Basic Tools	KAE-BLOCK-000263	repo_paired_ko_en	primary_working_source_after_alignment	pending	migration_oracle	Migration Center 7.19	Korean authoritative; English extraction aid	SRC-000462;SRC-000439	SRC-000010/BLOCK-000921;SRC-000013/BLOCK-000924;SRC-000174/BLOCK-000488;SRC-000176/BLOCK-000489;SRC-000179/BLOCK-000906;SRC-000183/BLOCK-000503;SRC-000185/BLOCK-000561;SRC-000188/BLOCK-000490;SRC-000190/BLOCK-000491;SRC-000196/BLOCK-000907;SRC-000197/BLOCK-000931;SRC-000198/BLOCK-000548;SRC-000199/BLOCK-000549;SRC-000223/BLOCK-000576;SRC-000227/BLOCK-000935;SRC-000451/BLOCK-000824;SRC-000462/BLOCK-000596;SRC-000471/BLOCK-000937	TOOL-001;TOOL-004;TOOL-005;TOOL-017;TOOL-018;TOOL-020;TOOL-022;TOOL-024;TOOL-025;TOOL-028;TOOL-031;TOOL-033;TOOL-034;TOOL-035;TOOL-036;TOOL-039;TOOL-045;TOOL-049;TOOL-002;TOOL-003;TOOL-006;TOOL-007;TOOL-012;TOOL-019;TOOL-023;TOOL-027;TOOL-030;TOOL-037;TOOL-038	APB-000009;APB-000011;APB-000017	no	attachment_update	done	Stage 3 attachment route generated from completed scope row; use exact source blocks and missing-input prompts before item-level production claims.
S3-SCOPE-013	J016	S3-J015	GPTs/attachments/13_isql_iloader_basic_tools.md	13. iSQL, iLoader, and Basic Tools	KAE-BLOCK-000271	repo_paired_ko_en	primary_working_source_after_alignment	pending	utilities_datacompj	dataCompJ 7.2	Korean authoritative; English extraction aid	SRC-000471;SRC-000449	SRC-000010/BLOCK-000921;SRC-000013/BLOCK-000924;SRC-000174/BLOCK-000488;SRC-000176/BLOCK-000489;SRC-000179/BLOCK-000906;SRC-000183/BLOCK-000503;SRC-000185/BLOCK-000561;SRC-000188/BLOCK-000490;SRC-000190/BLOCK-000491;SRC-000196/BLOCK-000907;SRC-000197/BLOCK-000931;SRC-000198/BLOCK-000548;SRC-000199/BLOCK-000549;SRC-000223/BLOCK-000576;SRC-000227/BLOCK-000935;SRC-000451/BLOCK-000824;SRC-000462/BLOCK-000596;SRC-000471/BLOCK-000937	TOOL-001;TOOL-004;TOOL-005;TOOL-017;TOOL-018;TOOL-020;TOOL-022;TOOL-024;TOOL-025;TOOL-028;TOOL-031;TOOL-033;TOOL-034;TOOL-035;TOOL-036;TOOL-039;TOOL-045;TOOL-049;TOOL-002;TOOL-003;TOOL-006;TOOL-007;TOOL-012;TOOL-019;TOOL-023;TOOL-027;TOOL-030;TOOL-037;TOOL-038	APB-000009;APB-000011;APB-000017	no	attachment_update	done	Stage 3 attachment route generated from completed scope row; use exact source blocks and missing-input prompts before item-level production claims.
S3-SCOPE-013	J016	S3-J015	GPTs/attachments/13_isql_iloader_basic_tools.md	13. iSQL, iLoader, and Basic Tools	KAE-BLOCK-000274	hybrid	primary_working_source_after_alignment	aligned	c_cli_odbc_precompiler;dblink_hadoop_external_connectors;isql_iloader;jdbc_java;migration_oracle;spatial_nifi_tableau;utilities_datacompj;release_notes_platform;third_party_guides	7.1;7.1.0.1.2;7.3;7.3.0.0.1;8.1_verified;multi;8.1.0.0.1;Migration Center 7.10;Migration Center 7.11;Migration Center 7.12;Migration Center 7.13;Migration Center 7.14;Migration Center 7.15;Migration Center 7.16;Migration Center 7.17;Migration Center 7.18;Migration Center 7.19;Migration Center 7.9;dataCompJ 7.2	Korean authoritative; English extraction aid; Altibase 8.1 verified source	SRC-000046;SRC-000050;SRC-000052;SRC-000065;SRC-000068;SRC-000053;SRC-000059;SRC-000077;SRC-000078;SRC-000047;SRC-000061;SRC-000048;SRC-000074;SRC-000076;SRC-000450;SRC-000110;SRC-000114;SRC-000116;SRC-000128;SRC-000130;SRC-000117;SRC-000123;SRC-000138;SRC-000139;SRC-000111;SRC-000125;SRC-000112;SRC-000135;SRC-000137;SRC-000451;SRC-000170;SRC-000174;SRC-000176;SRC-000188;SRC-000190;SRC-000177;SRC-000183;SRC-000221;SRC-000198;SRC-000199;SRC-000171;SRC-000185;SRC-000172;SRC-000223;SRC-000195;SRC-000226;SRC-000197;SRC-000222;SRC-000227;SRC-000207;SRC-000473;SRC-000209;SRC-000212;SRC-000470;SRC-000008;SRC-000009;SRC-000010;SRC-000012;SRC-000013;SRC-000014;SRC-000208;SRC-000213;SRC-000452;SRC-000453;SRC-000454;SRC-000455;SRC-000456;SRC-000457;SRC-000458;SRC-000459;SRC-000460;SRC-000461;SRC-000462;SRC-000463;SRC-000471;SRC-000015;SRC-000019;SRC-000021;SRC-000034;SRC-000036;SRC-000022;SRC-000028;SRC-000044;SRC-000045;SRC-000016;SRC-000030;SRC-000017;SRC-000041;SRC-000043;SRC-000427;SRC-000079;SRC-000083;SRC-000085;SRC-000097;SRC-000099;SRC-000086;SRC-000092;SRC-000107;SRC-000108;SRC-000080;SRC-000094;SRC-000081;SRC-000104;SRC-000106;SRC-000428;SRC-000140;SRC-000144;SRC-000146;SRC-000158;SRC-000160;SRC-000147;SRC-000153;SRC-000214;SRC-000167;SRC-000168;SRC-000141;SRC-000155;SRC-000142;SRC-000216;SRC-000164;SRC-000219;SRC-000166;SRC-000215;SRC-000220;SRC-000200;SRC-000202;SRC-000205;SRC-000448;SRC-000002;SRC-000003;SRC-000004;SRC-000005;SRC-000006;SRC-000007;SRC-000201;SRC-000206;SRC-000429;SRC-000430;SRC-000431;SRC-000432;SRC-000433;SRC-000434;SRC-000435;SRC-000436;SRC-000437;SRC-000438;SRC-000439;SRC-000442;SRC-000449	SRC-000010/BLOCK-000921;SRC-000013/BLOCK-000924;SRC-000174/BLOCK-000488;SRC-000176/BLOCK-000489;SRC-000179/BLOCK-000906;SRC-000183/BLOCK-000503;SRC-000185/BLOCK-000561;SRC-000188/BLOCK-000490;SRC-000190/BLOCK-000491;SRC-000196/BLOCK-000907;SRC-000197/BLOCK-000931;SRC-000198/BLOCK-000548;SRC-000199/BLOCK-000549;SRC-000223/BLOCK-000576;SRC-000227/BLOCK-000935;SRC-000451/BLOCK-000824;SRC-000462/BLOCK-000596;SRC-000471/BLOCK-000937	TOOL-001;TOOL-004;TOOL-005;TOOL-017;TOOL-018;TOOL-020;TOOL-022;TOOL-024;TOOL-025;TOOL-028;TOOL-031;TOOL-033;TOOL-034;TOOL-035;TOOL-036;TOOL-039;TOOL-045;TOOL-049;TOOL-002;TOOL-003;TOOL-006;TOOL-007;TOOL-012;TOOL-019;TOOL-023;TOOL-027;TOOL-030;TOOL-037;TOOL-038	APB-000009;APB-000011;APB-000017	no	attachment_update	done	Stage 3 attachment route generated from completed scope row; use exact source blocks and missing-input prompts before item-level production claims.
S3-SCOPE-013	J016	S3-J015	GPTs/attachments/13_isql_iloader_basic_tools.md	13. iSQL, iLoader, and Basic Tools	KAE-BLOCK-000275	hybrid	primary_working_source_after_alignment	aligned	patch_notes;release_notes_platform;technical_documents_support;third_party_guides;migration_oracle;replication_manager;spatial_nifi_tableau;utilities_datacompj	7.1;7.3;8.1_verified;multi;selected release-note tool scopes	Korean authoritative; English extraction aid; Repository source evidence; Approved support evidence; Altibase 8.1 verified source	SRC-000008;SRC-000009;SRC-000010;SRC-000011;SRC-000012;SRC-000013;SRC-000014;SRC-000064;SRC-000301;SRC-000302;SRC-000303;SRC-000304;SRC-000305;SRC-000306;SRC-000307;SRC-000308;SRC-000309;SRC-000310;SRC-000311;SRC-000312;SRC-000313;SRC-000314;SRC-000315;SRC-000316;SRC-000317;SRC-000318;SRC-000319;SRC-000320;SRC-000321;SRC-000322;SRC-000323;SRC-000324;SRC-000325;SRC-000326;SRC-000327;SRC-000328;SRC-000329;SRC-000330;SRC-000331;SRC-000332;SRC-000333;SRC-000334;SRC-000335;SRC-000336;SRC-000337;SRC-000338;SRC-000339;SRC-000340;SRC-000341;SRC-000342;SRC-000343;SRC-000344;SRC-000345;SRC-000346;SRC-000347;SRC-000348;SRC-000349;SRC-000350;SRC-000351;SRC-000352;SRC-000353;SRC-000354;SRC-000355;SRC-000356;SRC-000357;SRC-000358;SRC-000359;SRC-000360;SRC-000361;SRC-000362;SRC-000363;SRC-000364;SRC-000365;SRC-000366;SRC-000367;SRC-000368;SRC-000369;SRC-000370;SRC-000371;SRC-000372;SRC-000373;SRC-000374;SRC-000375;SRC-000376;SRC-000377;SRC-000378;SRC-000379;SRC-000380;SRC-000381;SRC-000382;SRC-000383;SRC-000384;SRC-000385;SRC-000386;SRC-000387;SRC-000388;SRC-000389;SRC-000390;SRC-000391;SRC-000392;SRC-000393;SRC-000394;SRC-000395;SRC-000396;SRC-000405;SRC-000406;SRC-000407;SRC-000408;SRC-000409;SRC-000410;SRC-000411;SRC-000412;SRC-000413;SRC-000414;SRC-000415;SRC-000416;SRC-000417;SRC-000418;SRC-000419;SRC-000420;SRC-000421;SRC-000422;SRC-000423;SRC-000450;SRC-000451;SRC-000452;SRC-000453;SRC-000454;SRC-000455;SRC-000456;SRC-000457;SRC-000458;SRC-000459;SRC-000460;SRC-000461;SRC-000462;SRC-000463;SRC-000464;SRC-000465;SRC-000466;SRC-000467;SRC-000468;SRC-000469;SRC-000470;SRC-000471;SRC-000473;SRC-000474;SRC-000475;SRC-000476;SRC-000002;SRC-000003;SRC-000004;SRC-000005;SRC-000006;SRC-000007;SRC-000033;SRC-000231;SRC-000232;SRC-000233;SRC-000234;SRC-000235;SRC-000236;SRC-000237;SRC-000238;SRC-000239;SRC-000240;SRC-000241;SRC-000242;SRC-000243;SRC-000244;SRC-000245;SRC-000246;SRC-000247;SRC-000248;SRC-000249;SRC-000250;SRC-000251;SRC-000252;SRC-000253;SRC-000254;SRC-000255;SRC-000256;SRC-000257;SRC-000258;SRC-000259;SRC-000260;SRC-000261;SRC-000262;SRC-000263;SRC-000264;SRC-000265;SRC-000266;SRC-000267;SRC-000268;SRC-000269;SRC-000270;SRC-000271;SRC-000272;SRC-000273;SRC-000274;SRC-000275;SRC-000276;SRC-000277;SRC-000278;SRC-000279;SRC-000280;SRC-000281;SRC-000282;SRC-000283;SRC-000284;SRC-000285;SRC-000286;SRC-000287;SRC-000288;SRC-000289;SRC-000290;SRC-000291;SRC-000292;SRC-000293;SRC-000294;SRC-000295;SRC-000296;SRC-000297;SRC-000298;SRC-000299;SRC-000300;SRC-000399;SRC-000400;SRC-000401;SRC-000402;SRC-000403;SRC-000404;SRC-000427;SRC-000428;SRC-000429;SRC-000430;SRC-000431;SRC-000432;SRC-000433;SRC-000434;SRC-000435;SRC-000436;SRC-000437;SRC-000438;SRC-000439;SRC-000440;SRC-000441;SRC-000442;SRC-000443;SRC-000444;SRC-000445;SRC-000446;SRC-000447;SRC-000448;SRC-000449;SRC-000472;SRC-000001;SRC-000228;SRC-000229;SRC-000230;SRC-000397;SRC-000398;SRC-000424;SRC-000425;SRC-000426;SRC-000477	SRC-000010/BLOCK-000921;SRC-000013/BLOCK-000924;SRC-000174/BLOCK-000488;SRC-000176/BLOCK-000489;SRC-000179/BLOCK-000906;SRC-000183/BLOCK-000503;SRC-000185/BLOCK-000561;SRC-000188/BLOCK-000490;SRC-000190/BLOCK-000491;SRC-000196/BLOCK-000907;SRC-000197/BLOCK-000931;SRC-000198/BLOCK-000548;SRC-000199/BLOCK-000549;SRC-000223/BLOCK-000576;SRC-000227/BLOCK-000935;SRC-000451/BLOCK-000824;SRC-000462/BLOCK-000596;SRC-000471/BLOCK-000937	TOOL-001;TOOL-004;TOOL-005;TOOL-017;TOOL-018;TOOL-020;TOOL-022;TOOL-024;TOOL-025;TOOL-028;TOOL-031;TOOL-033;TOOL-034;TOOL-035;TOOL-036;TOOL-039;TOOL-045;TOOL-049;TOOL-002;TOOL-003;TOOL-006;TOOL-007;TOOL-012;TOOL-019;TOOL-023;TOOL-027;TOOL-030;TOOL-037;TOOL-038	APB-000009;APB-000011;APB-000017	no	attachment_update	done	Stage 3 attachment route generated from completed scope row; use exact source blocks and missing-input prompts before item-level production claims.
S3-SCOPE-013	J016	S3-J015	GPTs/attachments/13_isql_iloader_basic_tools.md	13. iSQL, iLoader, and Basic Tools	KAE-BLOCK-000277	hybrid	primary_working_source_after_alignment	aligned	stored_external_procedures	7.1;7.3;8.1_verified	Korean authoritative; English extraction aid; Altibase 8.1 verified source	SRC-000075;SRC-000136;SRC-000196;SRC-000042;SRC-000105;SRC-000165	SRC-000010/BLOCK-000921;SRC-000013/BLOCK-000924;SRC-000174/BLOCK-000488;SRC-000176/BLOCK-000489;SRC-000179/BLOCK-000906;SRC-000183/BLOCK-000503;SRC-000185/BLOCK-000561;SRC-000188/BLOCK-000490;SRC-000190/BLOCK-000491;SRC-000196/BLOCK-000907;SRC-000197/BLOCK-000931;SRC-000198/BLOCK-000548;SRC-000199/BLOCK-000549;SRC-000223/BLOCK-000576;SRC-000227/BLOCK-000935;SRC-000451/BLOCK-000824;SRC-000462/BLOCK-000596;SRC-000471/BLOCK-000937	TOOL-001;TOOL-004;TOOL-005;TOOL-017;TOOL-018;TOOL-020;TOOL-022;TOOL-024;TOOL-025;TOOL-028;TOOL-031;TOOL-033;TOOL-034;TOOL-035;TOOL-036;TOOL-039;TOOL-045;TOOL-049;TOOL-002;TOOL-003;TOOL-006;TOOL-007;TOOL-012;TOOL-019;TOOL-023;TOOL-027;TOOL-030;TOOL-037;TOOL-038	APB-000009;APB-000011;APB-000017	no	attachment_update	done	Stage 3 attachment route generated from completed scope row; use exact source blocks and missing-input prompts before item-level production claims.
S3-SCOPE-013	J016	S3-J015	GPTs/attachments/13_isql_iloader_basic_tools.md	13. iSQL, iLoader, and Basic Tools	KAE-BLOCK-000278	hybrid	primary_working_source_after_alignment	aligned	stored_external_procedures	7.1;7.3;8.1_verified	Korean authoritative; English extraction aid; Altibase 8.1 verified source	SRC-000055;SRC-000119;SRC-000179;SRC-000024;SRC-000088;SRC-000149	SRC-000010/BLOCK-000921;SRC-000013/BLOCK-000924;SRC-000174/BLOCK-000488;SRC-000176/BLOCK-000489;SRC-000179/BLOCK-000906;SRC-000183/BLOCK-000503;SRC-000185/BLOCK-000561;SRC-000188/BLOCK-000490;SRC-000190/BLOCK-000491;SRC-000196/BLOCK-000907;SRC-000197/BLOCK-000931;SRC-000198/BLOCK-000548;SRC-000199/BLOCK-000549;SRC-000223/BLOCK-000576;SRC-000227/BLOCK-000935;SRC-000451/BLOCK-000824;SRC-000462/BLOCK-000596;SRC-000471/BLOCK-000937	TOOL-001;TOOL-004;TOOL-005;TOOL-017;TOOL-018;TOOL-020;TOOL-022;TOOL-024;TOOL-025;TOOL-028;TOOL-031;TOOL-033;TOOL-034;TOOL-035;TOOL-036;TOOL-039;TOOL-045;TOOL-049;TOOL-002;TOOL-003;TOOL-006;TOOL-007;TOOL-012;TOOL-019;TOOL-023;TOOL-027;TOOL-030;TOOL-037;TOOL-038	APB-000009;APB-000011;APB-000017	no	attachment_update	done	Stage 3 attachment route generated from completed scope row; use exact source blocks and missing-input prompts before item-level production claims.
S3-SCOPE-013	J016	S3-J015	GPTs/attachments/14_utilities_operation_tools.md	14. Operations Utilities	KAE-BLOCK-000171	repo_paired_ko_en	primary_working_source_after_alignment	pending	release_notes_platform	7.3.0.0.1	Korean authoritative; English extraction aid	SRC-000451;SRC-000428	SRC-000010/BLOCK-000921;SRC-000013/BLOCK-000924;SRC-000174/BLOCK-000488;SRC-000176/BLOCK-000489;SRC-000179/BLOCK-000906;SRC-000183/BLOCK-000503;SRC-000185/BLOCK-000561;SRC-000188/BLOCK-000490;SRC-000190/BLOCK-000491;SRC-000196/BLOCK-000907;SRC-000197/BLOCK-000931;SRC-000198/BLOCK-000548;SRC-000199/BLOCK-000549;SRC-000223/BLOCK-000576;SRC-000227/BLOCK-000935;SRC-000451/BLOCK-000824;SRC-000462/BLOCK-000596;SRC-000471/BLOCK-000937	TOOL-001;TOOL-004;TOOL-005;TOOL-017;TOOL-018;TOOL-020;TOOL-022;TOOL-024;TOOL-025;TOOL-028;TOOL-031;TOOL-033;TOOL-034;TOOL-035;TOOL-036;TOOL-039;TOOL-045;TOOL-049;TOOL-002;TOOL-003;TOOL-006;TOOL-007;TOOL-012;TOOL-019;TOOL-023;TOOL-027;TOOL-030;TOOL-037;TOOL-038	APB-000009;APB-000011;APB-000017	no	attachment_update	done	Stage 3 attachment route generated from completed scope row; use exact source blocks and missing-input prompts before item-level production claims.
S3-SCOPE-013	J016	S3-J015	GPTs/attachments/14_utilities_operation_tools.md	14. Operations Utilities	KAE-BLOCK-000193	repo_paired_ko_en	primary_working_source_after_alignment	pending	c_cli_odbc_precompiler	8.1_verified	Korean authoritative; Altibase 8.1 verified source; English extraction aid	SRC-000174;SRC-000144	SRC-000010/BLOCK-000921;SRC-000013/BLOCK-000924;SRC-000174/BLOCK-000488;SRC-000176/BLOCK-000489;SRC-000179/BLOCK-000906;SRC-000183/BLOCK-000503;SRC-000185/BLOCK-000561;SRC-000188/BLOCK-000490;SRC-000190/BLOCK-000491;SRC-000196/BLOCK-000907;SRC-000197/BLOCK-000931;SRC-000198/BLOCK-000548;SRC-000199/BLOCK-000549;SRC-000223/BLOCK-000576;SRC-000227/BLOCK-000935;SRC-000451/BLOCK-000824;SRC-000462/BLOCK-000596;SRC-000471/BLOCK-000937	TOOL-001;TOOL-004;TOOL-005;TOOL-017;TOOL-018;TOOL-020;TOOL-022;TOOL-024;TOOL-025;TOOL-028;TOOL-031;TOOL-033;TOOL-034;TOOL-035;TOOL-036;TOOL-039;TOOL-045;TOOL-049;TOOL-002;TOOL-003;TOOL-006;TOOL-007;TOOL-012;TOOL-019;TOOL-023;TOOL-027;TOOL-030;TOOL-037;TOOL-038	APB-000009;APB-000011;APB-000017	no	attachment_update	done	Stage 3 attachment route generated from completed scope row; use exact source blocks and missing-input prompts before item-level production claims.
S3-SCOPE-013	J016	S3-J015	GPTs/attachments/14_utilities_operation_tools.md	14. Operations Utilities	KAE-BLOCK-000194	repo_paired_ko_en	primary_working_source_after_alignment	pending	c_cli_odbc_precompiler	8.1_verified	Korean authoritative; Altibase 8.1 verified source; English extraction aid	SRC-000176;SRC-000146	SRC-000010/BLOCK-000921;SRC-000013/BLOCK-000924;SRC-000174/BLOCK-000488;SRC-000176/BLOCK-000489;SRC-000179/BLOCK-000906;SRC-000183/BLOCK-000503;SRC-000185/BLOCK-000561;SRC-000188/BLOCK-000490;SRC-000190/BLOCK-000491;SRC-000196/BLOCK-000907;SRC-000197/BLOCK-000931;SRC-000198/BLOCK-000548;SRC-000199/BLOCK-000549;SRC-000223/BLOCK-000576;SRC-000227/BLOCK-000935;SRC-000451/BLOCK-000824;SRC-000462/BLOCK-000596;SRC-000471/BLOCK-000937	TOOL-001;TOOL-004;TOOL-005;TOOL-017;TOOL-018;TOOL-020;TOOL-022;TOOL-024;TOOL-025;TOOL-028;TOOL-031;TOOL-033;TOOL-034;TOOL-035;TOOL-036;TOOL-039;TOOL-045;TOOL-049;TOOL-002;TOOL-003;TOOL-006;TOOL-007;TOOL-012;TOOL-019;TOOL-023;TOOL-027;TOOL-030;TOOL-037;TOOL-038	APB-000009;APB-000011;APB-000017	no	attachment_update	done	Stage 3 attachment route generated from completed scope row; use exact source blocks and missing-input prompts before item-level production claims.
S3-SCOPE-013	J016	S3-J015	GPTs/attachments/14_utilities_operation_tools.md	14. Operations Utilities	KAE-BLOCK-000195	repo_paired_ko_en	primary_working_source_after_alignment	pending	c_cli_odbc_precompiler	8.1_verified	Korean authoritative; Altibase 8.1 verified source; English extraction aid	SRC-000188;SRC-000158	SRC-000010/BLOCK-000921;SRC-000013/BLOCK-000924;SRC-000174/BLOCK-000488;SRC-000176/BLOCK-000489;SRC-000179/BLOCK-000906;SRC-000183/BLOCK-000503;SRC-000185/BLOCK-000561;SRC-000188/BLOCK-000490;SRC-000190/BLOCK-000491;SRC-000196/BLOCK-000907;SRC-000197/BLOCK-000931;SRC-000198/BLOCK-000548;SRC-000199/BLOCK-000549;SRC-000223/BLOCK-000576;SRC-000227/BLOCK-000935;SRC-000451/BLOCK-000824;SRC-000462/BLOCK-000596;SRC-000471/BLOCK-000937	TOOL-001;TOOL-004;TOOL-005;TOOL-017;TOOL-018;TOOL-020;TOOL-022;TOOL-024;TOOL-025;TOOL-028;TOOL-031;TOOL-033;TOOL-034;TOOL-035;TOOL-036;TOOL-039;TOOL-045;TOOL-049;TOOL-002;TOOL-003;TOOL-006;TOOL-007;TOOL-012;TOOL-019;TOOL-023;TOOL-027;TOOL-030;TOOL-037;TOOL-038	APB-000009;APB-000011;APB-000017	no	attachment_update	done	Stage 3 attachment route generated from completed scope row; use exact source blocks and missing-input prompts before item-level production claims.
S3-SCOPE-013	J016	S3-J015	GPTs/attachments/14_utilities_operation_tools.md	14. Operations Utilities	KAE-BLOCK-000196	repo_paired_ko_en	primary_working_source_after_alignment	pending	c_cli_odbc_precompiler	8.1_verified	Korean authoritative; Altibase 8.1 verified source; English extraction aid	SRC-000190;SRC-000160	SRC-000010/BLOCK-000921;SRC-000013/BLOCK-000924;SRC-000174/BLOCK-000488;SRC-000176/BLOCK-000489;SRC-000179/BLOCK-000906;SRC-000183/BLOCK-000503;SRC-000185/BLOCK-000561;SRC-000188/BLOCK-000490;SRC-000190/BLOCK-000491;SRC-000196/BLOCK-000907;SRC-000197/BLOCK-000931;SRC-000198/BLOCK-000548;SRC-000199/BLOCK-000549;SRC-000223/BLOCK-000576;SRC-000227/BLOCK-000935;SRC-000451/BLOCK-000824;SRC-000462/BLOCK-000596;SRC-000471/BLOCK-000937	TOOL-001;TOOL-004;TOOL-005;TOOL-017;TOOL-018;TOOL-020;TOOL-022;TOOL-024;TOOL-025;TOOL-028;TOOL-031;TOOL-033;TOOL-034;TOOL-035;TOOL-036;TOOL-039;TOOL-045;TOOL-049;TOOL-002;TOOL-003;TOOL-006;TOOL-007;TOOL-012;TOOL-019;TOOL-023;TOOL-027;TOOL-030;TOOL-037;TOOL-038	APB-000009;APB-000011;APB-000017	no	attachment_update	done	Stage 3 attachment route generated from completed scope row; use exact source blocks and missing-input prompts before item-level production claims.
S3-SCOPE-013	J016	S3-J015	GPTs/attachments/14_utilities_operation_tools.md	14. Operations Utilities	KAE-BLOCK-000198	repo_paired_ko_en	primary_working_source_after_alignment	pending	dblink_hadoop_external_connectors	8.1_verified	Korean authoritative; Altibase 8.1 verified source; English extraction aid	SRC-000183;SRC-000153	SRC-000010/BLOCK-000921;SRC-000013/BLOCK-000924;SRC-000174/BLOCK-000488;SRC-000176/BLOCK-000489;SRC-000179/BLOCK-000906;SRC-000183/BLOCK-000503;SRC-000185/BLOCK-000561;SRC-000188/BLOCK-000490;SRC-000190/BLOCK-000491;SRC-000196/BLOCK-000907;SRC-000197/BLOCK-000931;SRC-000198/BLOCK-000548;SRC-000199/BLOCK-000549;SRC-000223/BLOCK-000576;SRC-000227/BLOCK-000935;SRC-000451/BLOCK-000824;SRC-000462/BLOCK-000596;SRC-000471/BLOCK-000937	TOOL-001;TOOL-004;TOOL-005;TOOL-017;TOOL-018;TOOL-020;TOOL-022;TOOL-024;TOOL-025;TOOL-028;TOOL-031;TOOL-033;TOOL-034;TOOL-035;TOOL-036;TOOL-039;TOOL-045;TOOL-049;TOOL-002;TOOL-003;TOOL-006;TOOL-007;TOOL-012;TOOL-019;TOOL-023;TOOL-027;TOOL-030;TOOL-037;TOOL-038	APB-000009;APB-000011;APB-000017	no	attachment_update	done	Stage 3 attachment route generated from completed scope row; use exact source blocks and missing-input prompts before item-level production claims.
S3-SCOPE-013	J016	S3-J015	GPTs/attachments/14_utilities_operation_tools.md	14. Operations Utilities	KAE-BLOCK-000205	repo_paired_ko_en	primary_working_source_after_alignment	pending	isql_iloader	8.1_verified	Korean authoritative; Altibase 8.1 verified source; English extraction aid	SRC-000198;SRC-000167	SRC-000010/BLOCK-000921;SRC-000013/BLOCK-000924;SRC-000174/BLOCK-000488;SRC-000176/BLOCK-000489;SRC-000179/BLOCK-000906;SRC-000183/BLOCK-000503;SRC-000185/BLOCK-000561;SRC-000188/BLOCK-000490;SRC-000190/BLOCK-000491;SRC-000196/BLOCK-000907;SRC-000197/BLOCK-000931;SRC-000198/BLOCK-000548;SRC-000199/BLOCK-000549;SRC-000223/BLOCK-000576;SRC-000227/BLOCK-000935;SRC-000451/BLOCK-000824;SRC-000462/BLOCK-000596;SRC-000471/BLOCK-000937	TOOL-001;TOOL-004;TOOL-005;TOOL-017;TOOL-018;TOOL-020;TOOL-022;TOOL-024;TOOL-025;TOOL-028;TOOL-031;TOOL-033;TOOL-034;TOOL-035;TOOL-036;TOOL-039;TOOL-045;TOOL-049;TOOL-002;TOOL-003;TOOL-006;TOOL-007;TOOL-012;TOOL-019;TOOL-023;TOOL-027;TOOL-030;TOOL-037;TOOL-038	APB-000009;APB-000011;APB-000017	no	attachment_update	done	Stage 3 attachment route generated from completed scope row; use exact source blocks and missing-input prompts before item-level production claims.
S3-SCOPE-013	J016	S3-J015	GPTs/attachments/14_utilities_operation_tools.md	14. Operations Utilities	KAE-BLOCK-000206	repo_paired_ko_en	primary_working_source_after_alignment	pending	isql_iloader	8.1_verified	Korean authoritative; Altibase 8.1 verified source; English extraction aid	SRC-000199;SRC-000168	SRC-000010/BLOCK-000921;SRC-000013/BLOCK-000924;SRC-000174/BLOCK-000488;SRC-000176/BLOCK-000489;SRC-000179/BLOCK-000906;SRC-000183/BLOCK-000503;SRC-000185/BLOCK-000561;SRC-000188/BLOCK-000490;SRC-000190/BLOCK-000491;SRC-000196/BLOCK-000907;SRC-000197/BLOCK-000931;SRC-000198/BLOCK-000548;SRC-000199/BLOCK-000549;SRC-000223/BLOCK-000576;SRC-000227/BLOCK-000935;SRC-000451/BLOCK-000824;SRC-000462/BLOCK-000596;SRC-000471/BLOCK-000937	TOOL-001;TOOL-004;TOOL-005;TOOL-017;TOOL-018;TOOL-020;TOOL-022;TOOL-024;TOOL-025;TOOL-028;TOOL-031;TOOL-033;TOOL-034;TOOL-035;TOOL-036;TOOL-039;TOOL-045;TOOL-049;TOOL-002;TOOL-003;TOOL-006;TOOL-007;TOOL-012;TOOL-019;TOOL-023;TOOL-027;TOOL-030;TOOL-037;TOOL-038	APB-000009;APB-000011;APB-000017	no	attachment_update	done	Stage 3 attachment route generated from completed scope row; use exact source blocks and missing-input prompts before item-level production claims.
S3-SCOPE-013	J016	S3-J015	GPTs/attachments/14_utilities_operation_tools.md	14. Operations Utilities	KAE-BLOCK-000208	repo_paired_ko_en	primary_working_source_after_alignment	pending	jdbc_java	8.1_verified	Korean authoritative; Altibase 8.1 verified source; English extraction aid	SRC-000185;SRC-000155	SRC-000010/BLOCK-000921;SRC-000013/BLOCK-000924;SRC-000174/BLOCK-000488;SRC-000176/BLOCK-000489;SRC-000179/BLOCK-000906;SRC-000183/BLOCK-000503;SRC-000185/BLOCK-000561;SRC-000188/BLOCK-000490;SRC-000190/BLOCK-000491;SRC-000196/BLOCK-000907;SRC-000197/BLOCK-000931;SRC-000198/BLOCK-000548;SRC-000199/BLOCK-000549;SRC-000223/BLOCK-000576;SRC-000227/BLOCK-000935;SRC-000451/BLOCK-000824;SRC-000462/BLOCK-000596;SRC-000471/BLOCK-000937	TOOL-001;TOOL-004;TOOL-005;TOOL-017;TOOL-018;TOOL-020;TOOL-022;TOOL-024;TOOL-025;TOOL-028;TOOL-031;TOOL-033;TOOL-034;TOOL-035;TOOL-036;TOOL-039;TOOL-045;TOOL-049;TOOL-002;TOOL-003;TOOL-006;TOOL-007;TOOL-012;TOOL-019;TOOL-023;TOOL-027;TOOL-030;TOOL-037;TOOL-038	APB-000009;APB-000011;APB-000017	no	attachment_update	done	Stage 3 attachment route generated from completed scope row; use exact source blocks and missing-input prompts before item-level production claims.
S3-SCOPE-013	J016	S3-J015	GPTs/attachments/14_utilities_operation_tools.md	14. Operations Utilities	KAE-BLOCK-000211	repo_paired_ko_en	primary_working_source_after_alignment	pending	migration_oracle	8.1_verified	Korean authoritative; Altibase 8.1 verified source; English extraction aid	SRC-000223;SRC-000216	SRC-000010/BLOCK-000921;SRC-000013/BLOCK-000924;SRC-000174/BLOCK-000488;SRC-000176/BLOCK-000489;SRC-000179/BLOCK-000906;SRC-000183/BLOCK-000503;SRC-000185/BLOCK-000561;SRC-000188/BLOCK-000490;SRC-000190/BLOCK-000491;SRC-000196/BLOCK-000907;SRC-000197/BLOCK-000931;SRC-000198/BLOCK-000548;SRC-000199/BLOCK-000549;SRC-000223/BLOCK-000576;SRC-000227/BLOCK-000935;SRC-000451/BLOCK-000824;SRC-000462/BLOCK-000596;SRC-000471/BLOCK-000937	TOOL-001;TOOL-004;TOOL-005;TOOL-017;TOOL-018;TOOL-020;TOOL-022;TOOL-024;TOOL-025;TOOL-028;TOOL-031;TOOL-033;TOOL-034;TOOL-035;TOOL-036;TOOL-039;TOOL-045;TOOL-049;TOOL-002;TOOL-003;TOOL-006;TOOL-007;TOOL-012;TOOL-019;TOOL-023;TOOL-027;TOOL-030;TOOL-037;TOOL-038	APB-000009;APB-000011;APB-000017	no	attachment_update	done	Stage 3 attachment route generated from completed scope row; use exact source blocks and missing-input prompts before item-level production claims.
S3-SCOPE-013	J016	S3-J015	GPTs/attachments/14_utilities_operation_tools.md	14. Operations Utilities	KAE-BLOCK-000224	repo_paired_ko_en	primary_working_source_after_alignment	pending	stored_external_procedures	8.1_verified	Korean authoritative; Altibase 8.1 verified source; English extraction aid	SRC-000179;SRC-000149	SRC-000010/BLOCK-000921;SRC-000013/BLOCK-000924;SRC-000174/BLOCK-000488;SRC-000176/BLOCK-000489;SRC-000179/BLOCK-000906;SRC-000183/BLOCK-000503;SRC-000185/BLOCK-000561;SRC-000188/BLOCK-000490;SRC-000190/BLOCK-000491;SRC-000196/BLOCK-000907;SRC-000197/BLOCK-000931;SRC-000198/BLOCK-000548;SRC-000199/BLOCK-000549;SRC-000223/BLOCK-000576;SRC-000227/BLOCK-000935;SRC-000451/BLOCK-000824;SRC-000462/BLOCK-000596;SRC-000471/BLOCK-000937	TOOL-001;TOOL-004;TOOL-005;TOOL-017;TOOL-018;TOOL-020;TOOL-022;TOOL-024;TOOL-025;TOOL-028;TOOL-031;TOOL-033;TOOL-034;TOOL-035;TOOL-036;TOOL-039;TOOL-045;TOOL-049;TOOL-002;TOOL-003;TOOL-006;TOOL-007;TOOL-012;TOOL-019;TOOL-023;TOOL-027;TOOL-030;TOOL-037;TOOL-038	APB-000009;APB-000011;APB-000017	no	attachment_update	done	Stage 3 attachment route generated from completed scope row; use exact source blocks and missing-input prompts before item-level production claims.
S3-SCOPE-013	J016	S3-J015	GPTs/attachments/14_utilities_operation_tools.md	14. Operations Utilities	KAE-BLOCK-000225	repo_paired_ko_en	primary_working_source_after_alignment	pending	stored_external_procedures	8.1_verified	Korean authoritative; Altibase 8.1 verified source; English extraction aid	SRC-000196;SRC-000165	SRC-000010/BLOCK-000921;SRC-000013/BLOCK-000924;SRC-000174/BLOCK-000488;SRC-000176/BLOCK-000489;SRC-000179/BLOCK-000906;SRC-000183/BLOCK-000503;SRC-000185/BLOCK-000561;SRC-000188/BLOCK-000490;SRC-000190/BLOCK-000491;SRC-000196/BLOCK-000907;SRC-000197/BLOCK-000931;SRC-000198/BLOCK-000548;SRC-000199/BLOCK-000549;SRC-000223/BLOCK-000576;SRC-000227/BLOCK-000935;SRC-000451/BLOCK-000824;SRC-000462/BLOCK-000596;SRC-000471/BLOCK-000937	TOOL-001;TOOL-004;TOOL-005;TOOL-017;TOOL-018;TOOL-020;TOOL-022;TOOL-024;TOOL-025;TOOL-028;TOOL-031;TOOL-033;TOOL-034;TOOL-035;TOOL-036;TOOL-039;TOOL-045;TOOL-049;TOOL-002;TOOL-003;TOOL-006;TOOL-007;TOOL-012;TOOL-019;TOOL-023;TOOL-027;TOOL-030;TOOL-037;TOOL-038	APB-000009;APB-000011;APB-000017	no	attachment_update	done	Stage 3 attachment route generated from completed scope row; use exact source blocks and missing-input prompts before item-level production claims.
S3-SCOPE-013	J016	S3-J015	GPTs/attachments/14_utilities_operation_tools.md	14. Operations Utilities	KAE-BLOCK-000227	repo_paired_ko_en	primary_working_source_after_alignment	pending	utilities_datacompj	8.1_verified	Korean authoritative; Altibase 8.1 verified source; English extraction aid	SRC-000197;SRC-000166	SRC-000010/BLOCK-000921;SRC-000013/BLOCK-000924;SRC-000174/BLOCK-000488;SRC-000176/BLOCK-000489;SRC-000179/BLOCK-000906;SRC-000183/BLOCK-000503;SRC-000185/BLOCK-000561;SRC-000188/BLOCK-000490;SRC-000190/BLOCK-000491;SRC-000196/BLOCK-000907;SRC-000197/BLOCK-000931;SRC-000198/BLOCK-000548;SRC-000199/BLOCK-000549;SRC-000223/BLOCK-000576;SRC-000227/BLOCK-000935;SRC-000451/BLOCK-000824;SRC-000462/BLOCK-000596;SRC-000471/BLOCK-000937	TOOL-001;TOOL-004;TOOL-005;TOOL-017;TOOL-018;TOOL-020;TOOL-022;TOOL-024;TOOL-025;TOOL-028;TOOL-031;TOOL-033;TOOL-034;TOOL-035;TOOL-036;TOOL-039;TOOL-045;TOOL-049;TOOL-002;TOOL-003;TOOL-006;TOOL-007;TOOL-012;TOOL-019;TOOL-023;TOOL-027;TOOL-030;TOOL-037;TOOL-038	APB-000009;APB-000011;APB-000017	no	attachment_update	done	Stage 3 attachment route generated from completed scope row; use exact source blocks and missing-input prompts before item-level production claims.
S3-SCOPE-013	J016	S3-J015	GPTs/attachments/14_utilities_operation_tools.md	14. Operations Utilities	KAE-BLOCK-000229	repo_paired_ko_en	primary_working_source_after_alignment	pending	utilities_datacompj	8.1_verified	Korean authoritative; Altibase 8.1 verified source; English extraction aid	SRC-000227;SRC-000220	SRC-000010/BLOCK-000921;SRC-000013/BLOCK-000924;SRC-000174/BLOCK-000488;SRC-000176/BLOCK-000489;SRC-000179/BLOCK-000906;SRC-000183/BLOCK-000503;SRC-000185/BLOCK-000561;SRC-000188/BLOCK-000490;SRC-000190/BLOCK-000491;SRC-000196/BLOCK-000907;SRC-000197/BLOCK-000931;SRC-000198/BLOCK-000548;SRC-000199/BLOCK-000549;SRC-000223/BLOCK-000576;SRC-000227/BLOCK-000935;SRC-000451/BLOCK-000824;SRC-000462/BLOCK-000596;SRC-000471/BLOCK-000937	TOOL-001;TOOL-004;TOOL-005;TOOL-017;TOOL-018;TOOL-020;TOOL-022;TOOL-024;TOOL-025;TOOL-028;TOOL-031;TOOL-033;TOOL-034;TOOL-035;TOOL-036;TOOL-039;TOOL-045;TOOL-049;TOOL-002;TOOL-003;TOOL-006;TOOL-007;TOOL-012;TOOL-019;TOOL-023;TOOL-027;TOOL-030;TOOL-037;TOOL-038	APB-000009;APB-000011;APB-000017	no	attachment_update	done	Stage 3 attachment route generated from completed scope row; use exact source blocks and missing-input prompts before item-level production claims.
S3-SCOPE-013	J016	S3-J015	GPTs/attachments/14_utilities_operation_tools.md	14. Operations Utilities	KAE-BLOCK-000246	repo_paired_ko_en	primary_working_source_after_alignment	pending	third_party_guides	multi	Korean authoritative; English extraction aid	SRC-000010;SRC-000004	SRC-000010/BLOCK-000921;SRC-000013/BLOCK-000924;SRC-000174/BLOCK-000488;SRC-000176/BLOCK-000489;SRC-000179/BLOCK-000906;SRC-000183/BLOCK-000503;SRC-000185/BLOCK-000561;SRC-000188/BLOCK-000490;SRC-000190/BLOCK-000491;SRC-000196/BLOCK-000907;SRC-000197/BLOCK-000931;SRC-000198/BLOCK-000548;SRC-000199/BLOCK-000549;SRC-000223/BLOCK-000576;SRC-000227/BLOCK-000935;SRC-000451/BLOCK-000824;SRC-000462/BLOCK-000596;SRC-000471/BLOCK-000937	TOOL-001;TOOL-004;TOOL-005;TOOL-017;TOOL-018;TOOL-020;TOOL-022;TOOL-024;TOOL-025;TOOL-028;TOOL-031;TOOL-033;TOOL-034;TOOL-035;TOOL-036;TOOL-039;TOOL-045;TOOL-049;TOOL-002;TOOL-003;TOOL-006;TOOL-007;TOOL-012;TOOL-019;TOOL-023;TOOL-027;TOOL-030;TOOL-037;TOOL-038	APB-000009;APB-000011;APB-000017	no	attachment_update	done	Stage 3 attachment route generated from completed scope row; use exact source blocks and missing-input prompts before item-level production claims.
S3-SCOPE-013	J016	S3-J015	GPTs/attachments/14_utilities_operation_tools.md	14. Operations Utilities	KAE-BLOCK-000248	repo_paired_ko_en	primary_working_source_after_alignment	pending	third_party_guides	multi	Korean authoritative; English extraction aid	SRC-000013;SRC-000006	SRC-000010/BLOCK-000921;SRC-000013/BLOCK-000924;SRC-000174/BLOCK-000488;SRC-000176/BLOCK-000489;SRC-000179/BLOCK-000906;SRC-000183/BLOCK-000503;SRC-000185/BLOCK-000561;SRC-000188/BLOCK-000490;SRC-000190/BLOCK-000491;SRC-000196/BLOCK-000907;SRC-000197/BLOCK-000931;SRC-000198/BLOCK-000548;SRC-000199/BLOCK-000549;SRC-000223/BLOCK-000576;SRC-000227/BLOCK-000935;SRC-000451/BLOCK-000824;SRC-000462/BLOCK-000596;SRC-000471/BLOCK-000937	TOOL-001;TOOL-004;TOOL-005;TOOL-017;TOOL-018;TOOL-020;TOOL-022;TOOL-024;TOOL-025;TOOL-028;TOOL-031;TOOL-033;TOOL-034;TOOL-035;TOOL-036;TOOL-039;TOOL-045;TOOL-049;TOOL-002;TOOL-003;TOOL-006;TOOL-007;TOOL-012;TOOL-019;TOOL-023;TOOL-027;TOOL-030;TOOL-037;TOOL-038	APB-000009;APB-000011;APB-000017	no	attachment_update	done	Stage 3 attachment route generated from completed scope row; use exact source blocks and missing-input prompts before item-level production claims.
S3-SCOPE-013	J016	S3-J015	GPTs/attachments/14_utilities_operation_tools.md	14. Operations Utilities	KAE-BLOCK-000263	repo_paired_ko_en	primary_working_source_after_alignment	pending	migration_oracle	Migration Center 7.19	Korean authoritative; English extraction aid	SRC-000462;SRC-000439	SRC-000010/BLOCK-000921;SRC-000013/BLOCK-000924;SRC-000174/BLOCK-000488;SRC-000176/BLOCK-000489;SRC-000179/BLOCK-000906;SRC-000183/BLOCK-000503;SRC-000185/BLOCK-000561;SRC-000188/BLOCK-000490;SRC-000190/BLOCK-000491;SRC-000196/BLOCK-000907;SRC-000197/BLOCK-000931;SRC-000198/BLOCK-000548;SRC-000199/BLOCK-000549;SRC-000223/BLOCK-000576;SRC-000227/BLOCK-000935;SRC-000451/BLOCK-000824;SRC-000462/BLOCK-000596;SRC-000471/BLOCK-000937	TOOL-001;TOOL-004;TOOL-005;TOOL-017;TOOL-018;TOOL-020;TOOL-022;TOOL-024;TOOL-025;TOOL-028;TOOL-031;TOOL-033;TOOL-034;TOOL-035;TOOL-036;TOOL-039;TOOL-045;TOOL-049;TOOL-002;TOOL-003;TOOL-006;TOOL-007;TOOL-012;TOOL-019;TOOL-023;TOOL-027;TOOL-030;TOOL-037;TOOL-038	APB-000009;APB-000011;APB-000017	no	attachment_update	done	Stage 3 attachment route generated from completed scope row; use exact source blocks and missing-input prompts before item-level production claims.
S3-SCOPE-013	J016	S3-J015	GPTs/attachments/14_utilities_operation_tools.md	14. Operations Utilities	KAE-BLOCK-000271	repo_paired_ko_en	primary_working_source_after_alignment	pending	utilities_datacompj	dataCompJ 7.2	Korean authoritative; English extraction aid	SRC-000471;SRC-000449	SRC-000010/BLOCK-000921;SRC-000013/BLOCK-000924;SRC-000174/BLOCK-000488;SRC-000176/BLOCK-000489;SRC-000179/BLOCK-000906;SRC-000183/BLOCK-000503;SRC-000185/BLOCK-000561;SRC-000188/BLOCK-000490;SRC-000190/BLOCK-000491;SRC-000196/BLOCK-000907;SRC-000197/BLOCK-000931;SRC-000198/BLOCK-000548;SRC-000199/BLOCK-000549;SRC-000223/BLOCK-000576;SRC-000227/BLOCK-000935;SRC-000451/BLOCK-000824;SRC-000462/BLOCK-000596;SRC-000471/BLOCK-000937	TOOL-001;TOOL-004;TOOL-005;TOOL-017;TOOL-018;TOOL-020;TOOL-022;TOOL-024;TOOL-025;TOOL-028;TOOL-031;TOOL-033;TOOL-034;TOOL-035;TOOL-036;TOOL-039;TOOL-045;TOOL-049;TOOL-002;TOOL-003;TOOL-006;TOOL-007;TOOL-012;TOOL-019;TOOL-023;TOOL-027;TOOL-030;TOOL-037;TOOL-038	APB-000009;APB-000011;APB-000017	no	attachment_update	done	Stage 3 attachment route generated from completed scope row; use exact source blocks and missing-input prompts before item-level production claims.
S3-SCOPE-013	J016	S3-J015	GPTs/attachments/14_utilities_operation_tools.md	14. Operations Utilities	KAE-BLOCK-000274	hybrid	primary_working_source_after_alignment	aligned	c_cli_odbc_precompiler;dblink_hadoop_external_connectors;isql_iloader;jdbc_java;migration_oracle;spatial_nifi_tableau;utilities_datacompj;release_notes_platform;third_party_guides	7.1;7.1.0.1.2;7.3;7.3.0.0.1;8.1_verified;multi;8.1.0.0.1;Migration Center 7.10;Migration Center 7.11;Migration Center 7.12;Migration Center 7.13;Migration Center 7.14;Migration Center 7.15;Migration Center 7.16;Migration Center 7.17;Migration Center 7.18;Migration Center 7.19;Migration Center 7.9;dataCompJ 7.2	Korean authoritative; English extraction aid; Altibase 8.1 verified source	SRC-000046;SRC-000050;SRC-000052;SRC-000065;SRC-000068;SRC-000053;SRC-000059;SRC-000077;SRC-000078;SRC-000047;SRC-000061;SRC-000048;SRC-000074;SRC-000076;SRC-000450;SRC-000110;SRC-000114;SRC-000116;SRC-000128;SRC-000130;SRC-000117;SRC-000123;SRC-000138;SRC-000139;SRC-000111;SRC-000125;SRC-000112;SRC-000135;SRC-000137;SRC-000451;SRC-000170;SRC-000174;SRC-000176;SRC-000188;SRC-000190;SRC-000177;SRC-000183;SRC-000221;SRC-000198;SRC-000199;SRC-000171;SRC-000185;SRC-000172;SRC-000223;SRC-000195;SRC-000226;SRC-000197;SRC-000222;SRC-000227;SRC-000207;SRC-000473;SRC-000209;SRC-000212;SRC-000470;SRC-000008;SRC-000009;SRC-000010;SRC-000012;SRC-000013;SRC-000014;SRC-000208;SRC-000213;SRC-000452;SRC-000453;SRC-000454;SRC-000455;SRC-000456;SRC-000457;SRC-000458;SRC-000459;SRC-000460;SRC-000461;SRC-000462;SRC-000463;SRC-000471;SRC-000015;SRC-000019;SRC-000021;SRC-000034;SRC-000036;SRC-000022;SRC-000028;SRC-000044;SRC-000045;SRC-000016;SRC-000030;SRC-000017;SRC-000041;SRC-000043;SRC-000427;SRC-000079;SRC-000083;SRC-000085;SRC-000097;SRC-000099;SRC-000086;SRC-000092;SRC-000107;SRC-000108;SRC-000080;SRC-000094;SRC-000081;SRC-000104;SRC-000106;SRC-000428;SRC-000140;SRC-000144;SRC-000146;SRC-000158;SRC-000160;SRC-000147;SRC-000153;SRC-000214;SRC-000167;SRC-000168;SRC-000141;SRC-000155;SRC-000142;SRC-000216;SRC-000164;SRC-000219;SRC-000166;SRC-000215;SRC-000220;SRC-000200;SRC-000202;SRC-000205;SRC-000448;SRC-000002;SRC-000003;SRC-000004;SRC-000005;SRC-000006;SRC-000007;SRC-000201;SRC-000206;SRC-000429;SRC-000430;SRC-000431;SRC-000432;SRC-000433;SRC-000434;SRC-000435;SRC-000436;SRC-000437;SRC-000438;SRC-000439;SRC-000442;SRC-000449	SRC-000010/BLOCK-000921;SRC-000013/BLOCK-000924;SRC-000174/BLOCK-000488;SRC-000176/BLOCK-000489;SRC-000179/BLOCK-000906;SRC-000183/BLOCK-000503;SRC-000185/BLOCK-000561;SRC-000188/BLOCK-000490;SRC-000190/BLOCK-000491;SRC-000196/BLOCK-000907;SRC-000197/BLOCK-000931;SRC-000198/BLOCK-000548;SRC-000199/BLOCK-000549;SRC-000223/BLOCK-000576;SRC-000227/BLOCK-000935;SRC-000451/BLOCK-000824;SRC-000462/BLOCK-000596;SRC-000471/BLOCK-000937	TOOL-001;TOOL-004;TOOL-005;TOOL-017;TOOL-018;TOOL-020;TOOL-022;TOOL-024;TOOL-025;TOOL-028;TOOL-031;TOOL-033;TOOL-034;TOOL-035;TOOL-036;TOOL-039;TOOL-045;TOOL-049;TOOL-002;TOOL-003;TOOL-006;TOOL-007;TOOL-012;TOOL-019;TOOL-023;TOOL-027;TOOL-030;TOOL-037;TOOL-038	APB-000009;APB-000011;APB-000017	no	attachment_update	done	Stage 3 attachment route generated from completed scope row; use exact source blocks and missing-input prompts before item-level production claims.
S3-SCOPE-013	J016	S3-J015	GPTs/attachments/14_utilities_operation_tools.md	14. Operations Utilities	KAE-BLOCK-000275	hybrid	primary_working_source_after_alignment	aligned	patch_notes;release_notes_platform;technical_documents_support;third_party_guides;migration_oracle;replication_manager;spatial_nifi_tableau;utilities_datacompj	7.1;7.3;8.1_verified;multi;selected release-note tool scopes	Korean authoritative; English extraction aid; Repository source evidence; Approved support evidence; Altibase 8.1 verified source	SRC-000008;SRC-000009;SRC-000010;SRC-000011;SRC-000012;SRC-000013;SRC-000014;SRC-000064;SRC-000301;SRC-000302;SRC-000303;SRC-000304;SRC-000305;SRC-000306;SRC-000307;SRC-000308;SRC-000309;SRC-000310;SRC-000311;SRC-000312;SRC-000313;SRC-000314;SRC-000315;SRC-000316;SRC-000317;SRC-000318;SRC-000319;SRC-000320;SRC-000321;SRC-000322;SRC-000323;SRC-000324;SRC-000325;SRC-000326;SRC-000327;SRC-000328;SRC-000329;SRC-000330;SRC-000331;SRC-000332;SRC-000333;SRC-000334;SRC-000335;SRC-000336;SRC-000337;SRC-000338;SRC-000339;SRC-000340;SRC-000341;SRC-000342;SRC-000343;SRC-000344;SRC-000345;SRC-000346;SRC-000347;SRC-000348;SRC-000349;SRC-000350;SRC-000351;SRC-000352;SRC-000353;SRC-000354;SRC-000355;SRC-000356;SRC-000357;SRC-000358;SRC-000359;SRC-000360;SRC-000361;SRC-000362;SRC-000363;SRC-000364;SRC-000365;SRC-000366;SRC-000367;SRC-000368;SRC-000369;SRC-000370;SRC-000371;SRC-000372;SRC-000373;SRC-000374;SRC-000375;SRC-000376;SRC-000377;SRC-000378;SRC-000379;SRC-000380;SRC-000381;SRC-000382;SRC-000383;SRC-000384;SRC-000385;SRC-000386;SRC-000387;SRC-000388;SRC-000389;SRC-000390;SRC-000391;SRC-000392;SRC-000393;SRC-000394;SRC-000395;SRC-000396;SRC-000405;SRC-000406;SRC-000407;SRC-000408;SRC-000409;SRC-000410;SRC-000411;SRC-000412;SRC-000413;SRC-000414;SRC-000415;SRC-000416;SRC-000417;SRC-000418;SRC-000419;SRC-000420;SRC-000421;SRC-000422;SRC-000423;SRC-000450;SRC-000451;SRC-000452;SRC-000453;SRC-000454;SRC-000455;SRC-000456;SRC-000457;SRC-000458;SRC-000459;SRC-000460;SRC-000461;SRC-000462;SRC-000463;SRC-000464;SRC-000465;SRC-000466;SRC-000467;SRC-000468;SRC-000469;SRC-000470;SRC-000471;SRC-000473;SRC-000474;SRC-000475;SRC-000476;SRC-000002;SRC-000003;SRC-000004;SRC-000005;SRC-000006;SRC-000007;SRC-000033;SRC-000231;SRC-000232;SRC-000233;SRC-000234;SRC-000235;SRC-000236;SRC-000237;SRC-000238;SRC-000239;SRC-000240;SRC-000241;SRC-000242;SRC-000243;SRC-000244;SRC-000245;SRC-000246;SRC-000247;SRC-000248;SRC-000249;SRC-000250;SRC-000251;SRC-000252;SRC-000253;SRC-000254;SRC-000255;SRC-000256;SRC-000257;SRC-000258;SRC-000259;SRC-000260;SRC-000261;SRC-000262;SRC-000263;SRC-000264;SRC-000265;SRC-000266;SRC-000267;SRC-000268;SRC-000269;SRC-000270;SRC-000271;SRC-000272;SRC-000273;SRC-000274;SRC-000275;SRC-000276;SRC-000277;SRC-000278;SRC-000279;SRC-000280;SRC-000281;SRC-000282;SRC-000283;SRC-000284;SRC-000285;SRC-000286;SRC-000287;SRC-000288;SRC-000289;SRC-000290;SRC-000291;SRC-000292;SRC-000293;SRC-000294;SRC-000295;SRC-000296;SRC-000297;SRC-000298;SRC-000299;SRC-000300;SRC-000399;SRC-000400;SRC-000401;SRC-000402;SRC-000403;SRC-000404;SRC-000427;SRC-000428;SRC-000429;SRC-000430;SRC-000431;SRC-000432;SRC-000433;SRC-000434;SRC-000435;SRC-000436;SRC-000437;SRC-000438;SRC-000439;SRC-000440;SRC-000441;SRC-000442;SRC-000443;SRC-000444;SRC-000445;SRC-000446;SRC-000447;SRC-000448;SRC-000449;SRC-000472;SRC-000001;SRC-000228;SRC-000229;SRC-000230;SRC-000397;SRC-000398;SRC-000424;SRC-000425;SRC-000426;SRC-000477	SRC-000010/BLOCK-000921;SRC-000013/BLOCK-000924;SRC-000174/BLOCK-000488;SRC-000176/BLOCK-000489;SRC-000179/BLOCK-000906;SRC-000183/BLOCK-000503;SRC-000185/BLOCK-000561;SRC-000188/BLOCK-000490;SRC-000190/BLOCK-000491;SRC-000196/BLOCK-000907;SRC-000197/BLOCK-000931;SRC-000198/BLOCK-000548;SRC-000199/BLOCK-000549;SRC-000223/BLOCK-000576;SRC-000227/BLOCK-000935;SRC-000451/BLOCK-000824;SRC-000462/BLOCK-000596;SRC-000471/BLOCK-000937	TOOL-001;TOOL-004;TOOL-005;TOOL-017;TOOL-018;TOOL-020;TOOL-022;TOOL-024;TOOL-025;TOOL-028;TOOL-031;TOOL-033;TOOL-034;TOOL-035;TOOL-036;TOOL-039;TOOL-045;TOOL-049;TOOL-002;TOOL-003;TOOL-006;TOOL-007;TOOL-012;TOOL-019;TOOL-023;TOOL-027;TOOL-030;TOOL-037;TOOL-038	APB-000009;APB-000011;APB-000017	no	attachment_update	done	Stage 3 attachment route generated from completed scope row; use exact source blocks and missing-input prompts before item-level production claims.
S3-SCOPE-013	J016	S3-J015	GPTs/attachments/14_utilities_operation_tools.md	14. Operations Utilities	KAE-BLOCK-000277	hybrid	primary_working_source_after_alignment	aligned	stored_external_procedures	7.1;7.3;8.1_verified	Korean authoritative; English extraction aid; Altibase 8.1 verified source	SRC-000075;SRC-000136;SRC-000196;SRC-000042;SRC-000105;SRC-000165	SRC-000010/BLOCK-000921;SRC-000013/BLOCK-000924;SRC-000174/BLOCK-000488;SRC-000176/BLOCK-000489;SRC-000179/BLOCK-000906;SRC-000183/BLOCK-000503;SRC-000185/BLOCK-000561;SRC-000188/BLOCK-000490;SRC-000190/BLOCK-000491;SRC-000196/BLOCK-000907;SRC-000197/BLOCK-000931;SRC-000198/BLOCK-000548;SRC-000199/BLOCK-000549;SRC-000223/BLOCK-000576;SRC-000227/BLOCK-000935;SRC-000451/BLOCK-000824;SRC-000462/BLOCK-000596;SRC-000471/BLOCK-000937	TOOL-001;TOOL-004;TOOL-005;TOOL-017;TOOL-018;TOOL-020;TOOL-022;TOOL-024;TOOL-025;TOOL-028;TOOL-031;TOOL-033;TOOL-034;TOOL-035;TOOL-036;TOOL-039;TOOL-045;TOOL-049;TOOL-002;TOOL-003;TOOL-006;TOOL-007;TOOL-012;TOOL-019;TOOL-023;TOOL-027;TOOL-030;TOOL-037;TOOL-038	APB-000009;APB-000011;APB-000017	no	attachment_update	done	Stage 3 attachment route generated from completed scope row; use exact source blocks and missing-input prompts before item-level production claims.
S3-SCOPE-013	J016	S3-J015	GPTs/attachments/14_utilities_operation_tools.md	14. Operations Utilities	KAE-BLOCK-000278	hybrid	primary_working_source_after_alignment	aligned	stored_external_procedures	7.1;7.3;8.1_verified	Korean authoritative; English extraction aid; Altibase 8.1 verified source	SRC-000055;SRC-000119;SRC-000179;SRC-000024;SRC-000088;SRC-000149	SRC-000010/BLOCK-000921;SRC-000013/BLOCK-000924;SRC-000174/BLOCK-000488;SRC-000176/BLOCK-000489;SRC-000179/BLOCK-000906;SRC-000183/BLOCK-000503;SRC-000185/BLOCK-000561;SRC-000188/BLOCK-000490;SRC-000190/BLOCK-000491;SRC-000196/BLOCK-000907;SRC-000197/BLOCK-000931;SRC-000198/BLOCK-000548;SRC-000199/BLOCK-000549;SRC-000223/BLOCK-000576;SRC-000227/BLOCK-000935;SRC-000451/BLOCK-000824;SRC-000462/BLOCK-000596;SRC-000471/BLOCK-000937	TOOL-001;TOOL-004;TOOL-005;TOOL-017;TOOL-018;TOOL-020;TOOL-022;TOOL-024;TOOL-025;TOOL-028;TOOL-031;TOOL-033;TOOL-034;TOOL-035;TOOL-036;TOOL-039;TOOL-045;TOOL-049;TOOL-002;TOOL-003;TOOL-006;TOOL-007;TOOL-012;TOOL-019;TOOL-023;TOOL-027;TOOL-030;TOOL-037;TOOL-038	APB-000009;APB-000011;APB-000017	no	attachment_update	done	Stage 3 attachment route generated from completed scope row; use exact source blocks and missing-input prompts before item-level production claims.
S3-SCOPE-014	J017	S3-J016	GPTs/attachments/11_java_jdbc_spring.md	11. Java, JDBC, and Spring	KAE-BLOCK-000197	repo_paired_ko_en	primary_working_source_after_alignment	pending	dblink_hadoop_external_connectors	8.1_verified	Korean authoritative; Altibase 8.1 verified source; English extraction aid	SRC-000177;SRC-000147	SRC-000008/BLOCK-000919;SRC-000013/BLOCK-000924;SRC-000014/BLOCK-000925;SRC-000172/BLOCK-000574;SRC-000177/BLOCK-000502;SRC-000185/BLOCK-000561;SRC-000195/BLOCK-000876;SRC-000197/BLOCK-000931;SRC-000226/BLOCK-000878;SRC-000452/BLOCK-000826;SRC-000473/BLOCK-000562	TOOL-046;TOOL-009;TOOL-010;TOOL-013;TOOL-015;TOOL-041;TOOL-048;TOOL-050;TOOL-011;TOOL-014;TOOL-043;TOOL-047	APB-000010;APB-000012;APB-000017	yes	attachment_update	done	Stage 3 attachment route generated from completed scope row; use exact source blocks and missing-input prompts before item-level production claims.
S3-SCOPE-014	J017	S3-J016	GPTs/attachments/11_java_jdbc_spring.md	11. Java, JDBC, and Spring	KAE-BLOCK-000208	repo_paired_ko_en	primary_working_source_after_alignment	pending	jdbc_java	8.1_verified	Korean authoritative; Altibase 8.1 verified source; English extraction aid	SRC-000185;SRC-000155	SRC-000008/BLOCK-000919;SRC-000013/BLOCK-000924;SRC-000014/BLOCK-000925;SRC-000172/BLOCK-000574;SRC-000177/BLOCK-000502;SRC-000185/BLOCK-000561;SRC-000195/BLOCK-000876;SRC-000197/BLOCK-000931;SRC-000226/BLOCK-000878;SRC-000452/BLOCK-000826;SRC-000473/BLOCK-000562	TOOL-046;TOOL-009;TOOL-010;TOOL-013;TOOL-015;TOOL-041;TOOL-048;TOOL-050;TOOL-011;TOOL-014;TOOL-043;TOOL-047	APB-000010;APB-000012;APB-000017	yes	attachment_update	done	Stage 3 attachment route generated from completed scope row; use exact source blocks and missing-input prompts before item-level production claims.
S3-SCOPE-014	J017	S3-J016	GPTs/attachments/11_java_jdbc_spring.md	11. Java, JDBC, and Spring	KAE-BLOCK-000210	repo_paired_ko_en	primary_working_source_after_alignment	pending	migration_oracle	8.1_verified	Korean authoritative; Altibase 8.1 verified source; English extraction aid	SRC-000172;SRC-000142	SRC-000008/BLOCK-000919;SRC-000013/BLOCK-000924;SRC-000014/BLOCK-000925;SRC-000172/BLOCK-000574;SRC-000177/BLOCK-000502;SRC-000185/BLOCK-000561;SRC-000195/BLOCK-000876;SRC-000197/BLOCK-000931;SRC-000226/BLOCK-000878;SRC-000452/BLOCK-000826;SRC-000473/BLOCK-000562	TOOL-046;TOOL-009;TOOL-010;TOOL-013;TOOL-015;TOOL-041;TOOL-048;TOOL-050;TOOL-011;TOOL-014;TOOL-043;TOOL-047	APB-000010;APB-000012;APB-000017	yes	attachment_update	done	Stage 3 attachment route generated from completed scope row; use exact source blocks and missing-input prompts before item-level production claims.
S3-SCOPE-014	J017	S3-J016	GPTs/attachments/11_java_jdbc_spring.md	11. Java, JDBC, and Spring	KAE-BLOCK-000221	repo_paired_ko_en	primary_working_source_after_alignment	pending	spatial_nifi_tableau	8.1_verified	Korean authoritative; Altibase 8.1 verified source; English extraction aid	SRC-000195;SRC-000164	SRC-000008/BLOCK-000919;SRC-000013/BLOCK-000924;SRC-000014/BLOCK-000925;SRC-000172/BLOCK-000574;SRC-000177/BLOCK-000502;SRC-000185/BLOCK-000561;SRC-000195/BLOCK-000876;SRC-000197/BLOCK-000931;SRC-000226/BLOCK-000878;SRC-000452/BLOCK-000826;SRC-000473/BLOCK-000562	TOOL-046;TOOL-009;TOOL-010;TOOL-013;TOOL-015;TOOL-041;TOOL-048;TOOL-050;TOOL-011;TOOL-014;TOOL-043;TOOL-047	APB-000010;APB-000012;APB-000017	yes	attachment_update	done	Stage 3 attachment route generated from completed scope row; use exact source blocks and missing-input prompts before item-level production claims.
S3-SCOPE-014	J017	S3-J016	GPTs/attachments/11_java_jdbc_spring.md	11. Java, JDBC, and Spring	KAE-BLOCK-000222	repo_paired_ko_en	primary_working_source_after_alignment	pending	spatial_nifi_tableau	8.1_verified	Korean authoritative; Altibase 8.1 verified source; English extraction aid	SRC-000226;SRC-000219	SRC-000008/BLOCK-000919;SRC-000013/BLOCK-000924;SRC-000014/BLOCK-000925;SRC-000172/BLOCK-000574;SRC-000177/BLOCK-000502;SRC-000185/BLOCK-000561;SRC-000195/BLOCK-000876;SRC-000197/BLOCK-000931;SRC-000226/BLOCK-000878;SRC-000452/BLOCK-000826;SRC-000473/BLOCK-000562	TOOL-046;TOOL-009;TOOL-010;TOOL-013;TOOL-015;TOOL-041;TOOL-048;TOOL-050;TOOL-011;TOOL-014;TOOL-043;TOOL-047	APB-000010;APB-000012;APB-000017	yes	attachment_update	done	Stage 3 attachment route generated from completed scope row; use exact source blocks and missing-input prompts before item-level production claims.
S3-SCOPE-014	J017	S3-J016	GPTs/attachments/11_java_jdbc_spring.md	11. Java, JDBC, and Spring	KAE-BLOCK-000227	repo_paired_ko_en	primary_working_source_after_alignment	pending	utilities_datacompj	8.1_verified	Korean authoritative; Altibase 8.1 verified source; English extraction aid	SRC-000197;SRC-000166	SRC-000008/BLOCK-000919;SRC-000013/BLOCK-000924;SRC-000014/BLOCK-000925;SRC-000172/BLOCK-000574;SRC-000177/BLOCK-000502;SRC-000185/BLOCK-000561;SRC-000195/BLOCK-000876;SRC-000197/BLOCK-000931;SRC-000226/BLOCK-000878;SRC-000452/BLOCK-000826;SRC-000473/BLOCK-000562	TOOL-046;TOOL-009;TOOL-010;TOOL-013;TOOL-015;TOOL-041;TOOL-048;TOOL-050;TOOL-011;TOOL-014;TOOL-043;TOOL-047	APB-000010;APB-000012;APB-000017	yes	attachment_update	done	Stage 3 attachment route generated from completed scope row; use exact source blocks and missing-input prompts before item-level production claims.
S3-SCOPE-014	J017	S3-J016	GPTs/attachments/11_java_jdbc_spring.md	11. Java, JDBC, and Spring	KAE-BLOCK-000231	repo_ko_only	translation_candidate_after_alignment	pending	jdbc_java	multi	Korean authoritative	SRC-000473	SRC-000008/BLOCK-000919;SRC-000013/BLOCK-000924;SRC-000014/BLOCK-000925;SRC-000172/BLOCK-000574;SRC-000177/BLOCK-000502;SRC-000185/BLOCK-000561;SRC-000195/BLOCK-000876;SRC-000197/BLOCK-000931;SRC-000226/BLOCK-000878;SRC-000452/BLOCK-000826;SRC-000473/BLOCK-000562	TOOL-046;TOOL-009;TOOL-010;TOOL-013;TOOL-015;TOOL-041;TOOL-048;TOOL-050;TOOL-011;TOOL-014;TOOL-043;TOOL-047	APB-000010;APB-000012;APB-000017	yes	attachment_update	done	Stage 3 attachment route generated from completed scope row; use exact source blocks and missing-input prompts before item-level production claims.
S3-SCOPE-014	J017	S3-J016	GPTs/attachments/11_java_jdbc_spring.md	11. Java, JDBC, and Spring	KAE-BLOCK-000244	repo_paired_ko_en	primary_working_source_after_alignment	pending	third_party_guides	multi	Korean authoritative; English extraction aid	SRC-000008;SRC-000002	SRC-000008/BLOCK-000919;SRC-000013/BLOCK-000924;SRC-000014/BLOCK-000925;SRC-000172/BLOCK-000574;SRC-000177/BLOCK-000502;SRC-000185/BLOCK-000561;SRC-000195/BLOCK-000876;SRC-000197/BLOCK-000931;SRC-000226/BLOCK-000878;SRC-000452/BLOCK-000826;SRC-000473/BLOCK-000562	TOOL-046;TOOL-009;TOOL-010;TOOL-013;TOOL-015;TOOL-041;TOOL-048;TOOL-050;TOOL-011;TOOL-014;TOOL-043;TOOL-047	APB-000010;APB-000012;APB-000017	yes	attachment_update	done	Stage 3 attachment route generated from completed scope row; use exact source blocks and missing-input prompts before item-level production claims.
S3-SCOPE-014	J017	S3-J016	GPTs/attachments/11_java_jdbc_spring.md	11. Java, JDBC, and Spring	KAE-BLOCK-000248	repo_paired_ko_en	primary_working_source_after_alignment	pending	third_party_guides	multi	Korean authoritative; English extraction aid	SRC-000013;SRC-000006	SRC-000008/BLOCK-000919;SRC-000013/BLOCK-000924;SRC-000014/BLOCK-000925;SRC-000172/BLOCK-000574;SRC-000177/BLOCK-000502;SRC-000185/BLOCK-000561;SRC-000195/BLOCK-000876;SRC-000197/BLOCK-000931;SRC-000226/BLOCK-000878;SRC-000452/BLOCK-000826;SRC-000473/BLOCK-000562	TOOL-046;TOOL-009;TOOL-010;TOOL-013;TOOL-015;TOOL-041;TOOL-048;TOOL-050;TOOL-011;TOOL-014;TOOL-043;TOOL-047	APB-000010;APB-000012;APB-000017	yes	attachment_update	done	Stage 3 attachment route generated from completed scope row; use exact source blocks and missing-input prompts before item-level production claims.
S3-SCOPE-014	J017	S3-J016	GPTs/attachments/11_java_jdbc_spring.md	11. Java, JDBC, and Spring	KAE-BLOCK-000249	repo_paired_ko_en	primary_working_source_after_alignment	pending	third_party_guides	multi	Korean authoritative; English extraction aid	SRC-000014;SRC-000007	SRC-000008/BLOCK-000919;SRC-000013/BLOCK-000924;SRC-000014/BLOCK-000925;SRC-000172/BLOCK-000574;SRC-000177/BLOCK-000502;SRC-000185/BLOCK-000561;SRC-000195/BLOCK-000876;SRC-000197/BLOCK-000931;SRC-000226/BLOCK-000878;SRC-000452/BLOCK-000826;SRC-000473/BLOCK-000562	TOOL-046;TOOL-009;TOOL-010;TOOL-013;TOOL-015;TOOL-041;TOOL-048;TOOL-050;TOOL-011;TOOL-014;TOOL-043;TOOL-047	APB-000010;APB-000012;APB-000017	yes	attachment_update	done	Stage 3 attachment route generated from completed scope row; use exact source blocks and missing-input prompts before item-level production claims.
S3-SCOPE-014	J017	S3-J016	GPTs/attachments/11_java_jdbc_spring.md	11. Java, JDBC, and Spring	KAE-BLOCK-000253	repo_paired_ko_en	primary_working_source_after_alignment	pending	release_notes_platform	8.1.0.0.1	Korean authoritative; Altibase 8.1 verified source; English extraction aid	SRC-000452;SRC-000429	SRC-000008/BLOCK-000919;SRC-000013/BLOCK-000924;SRC-000014/BLOCK-000925;SRC-000172/BLOCK-000574;SRC-000177/BLOCK-000502;SRC-000185/BLOCK-000561;SRC-000195/BLOCK-000876;SRC-000197/BLOCK-000931;SRC-000226/BLOCK-000878;SRC-000452/BLOCK-000826;SRC-000473/BLOCK-000562	TOOL-046;TOOL-009;TOOL-010;TOOL-013;TOOL-015;TOOL-041;TOOL-048;TOOL-050;TOOL-011;TOOL-014;TOOL-043;TOOL-047	APB-000010;APB-000012;APB-000017	yes	attachment_update	done	Stage 3 attachment route generated from completed scope row; use exact source blocks and missing-input prompts before item-level production claims.
S3-SCOPE-014	J017	S3-J016	GPTs/attachments/11_java_jdbc_spring.md	11. Java, JDBC, and Spring	KAE-BLOCK-000274	hybrid	primary_working_source_after_alignment	aligned	c_cli_odbc_precompiler;dblink_hadoop_external_connectors;isql_iloader;jdbc_java;migration_oracle;spatial_nifi_tableau;utilities_datacompj;release_notes_platform;third_party_guides	7.1;7.1.0.1.2;7.3;7.3.0.0.1;8.1_verified;multi;8.1.0.0.1;Migration Center 7.10;Migration Center 7.11;Migration Center 7.12;Migration Center 7.13;Migration Center 7.14;Migration Center 7.15;Migration Center 7.16;Migration Center 7.17;Migration Center 7.18;Migration Center 7.19;Migration Center 7.9;dataCompJ 7.2	Korean authoritative; English extraction aid; Altibase 8.1 verified source	SRC-000046;SRC-000050;SRC-000052;SRC-000065;SRC-000068;SRC-000053;SRC-000059;SRC-000077;SRC-000078;SRC-000047;SRC-000061;SRC-000048;SRC-000074;SRC-000076;SRC-000450;SRC-000110;SRC-000114;SRC-000116;SRC-000128;SRC-000130;SRC-000117;SRC-000123;SRC-000138;SRC-000139;SRC-000111;SRC-000125;SRC-000112;SRC-000135;SRC-000137;SRC-000451;SRC-000170;SRC-000174;SRC-000176;SRC-000188;SRC-000190;SRC-000177;SRC-000183;SRC-000221;SRC-000198;SRC-000199;SRC-000171;SRC-000185;SRC-000172;SRC-000223;SRC-000195;SRC-000226;SRC-000197;SRC-000222;SRC-000227;SRC-000207;SRC-000473;SRC-000209;SRC-000212;SRC-000470;SRC-000008;SRC-000009;SRC-000010;SRC-000012;SRC-000013;SRC-000014;SRC-000208;SRC-000213;SRC-000452;SRC-000453;SRC-000454;SRC-000455;SRC-000456;SRC-000457;SRC-000458;SRC-000459;SRC-000460;SRC-000461;SRC-000462;SRC-000463;SRC-000471;SRC-000015;SRC-000019;SRC-000021;SRC-000034;SRC-000036;SRC-000022;SRC-000028;SRC-000044;SRC-000045;SRC-000016;SRC-000030;SRC-000017;SRC-000041;SRC-000043;SRC-000427;SRC-000079;SRC-000083;SRC-000085;SRC-000097;SRC-000099;SRC-000086;SRC-000092;SRC-000107;SRC-000108;SRC-000080;SRC-000094;SRC-000081;SRC-000104;SRC-000106;SRC-000428;SRC-000140;SRC-000144;SRC-000146;SRC-000158;SRC-000160;SRC-000147;SRC-000153;SRC-000214;SRC-000167;SRC-000168;SRC-000141;SRC-000155;SRC-000142;SRC-000216;SRC-000164;SRC-000219;SRC-000166;SRC-000215;SRC-000220;SRC-000200;SRC-000202;SRC-000205;SRC-000448;SRC-000002;SRC-000003;SRC-000004;SRC-000005;SRC-000006;SRC-000007;SRC-000201;SRC-000206;SRC-000429;SRC-000430;SRC-000431;SRC-000432;SRC-000433;SRC-000434;SRC-000435;SRC-000436;SRC-000437;SRC-000438;SRC-000439;SRC-000442;SRC-000449	SRC-000008/BLOCK-000919;SRC-000013/BLOCK-000924;SRC-000014/BLOCK-000925;SRC-000172/BLOCK-000574;SRC-000177/BLOCK-000502;SRC-000185/BLOCK-000561;SRC-000195/BLOCK-000876;SRC-000197/BLOCK-000931;SRC-000226/BLOCK-000878;SRC-000452/BLOCK-000826;SRC-000473/BLOCK-000562	TOOL-046;TOOL-009;TOOL-010;TOOL-013;TOOL-015;TOOL-041;TOOL-048;TOOL-050;TOOL-011;TOOL-014;TOOL-043;TOOL-047	APB-000010;APB-000012;APB-000017	yes	attachment_update	done	Stage 3 attachment route generated from completed scope row; use exact source blocks and missing-input prompts before item-level production claims.
S3-SCOPE-014	J017	S3-J016	GPTs/attachments/11_java_jdbc_spring.md	11. Java, JDBC, and Spring	KAE-BLOCK-000275	hybrid	primary_working_source_after_alignment	aligned	patch_notes;release_notes_platform;technical_documents_support;third_party_guides;migration_oracle;replication_manager;spatial_nifi_tableau;utilities_datacompj	7.1;7.3;8.1_verified;multi;selected release-note tool scopes	Korean authoritative; English extraction aid; Repository source evidence; Approved support evidence; Altibase 8.1 verified source	SRC-000008;SRC-000009;SRC-000010;SRC-000011;SRC-000012;SRC-000013;SRC-000014;SRC-000064;SRC-000301;SRC-000302;SRC-000303;SRC-000304;SRC-000305;SRC-000306;SRC-000307;SRC-000308;SRC-000309;SRC-000310;SRC-000311;SRC-000312;SRC-000313;SRC-000314;SRC-000315;SRC-000316;SRC-000317;SRC-000318;SRC-000319;SRC-000320;SRC-000321;SRC-000322;SRC-000323;SRC-000324;SRC-000325;SRC-000326;SRC-000327;SRC-000328;SRC-000329;SRC-000330;SRC-000331;SRC-000332;SRC-000333;SRC-000334;SRC-000335;SRC-000336;SRC-000337;SRC-000338;SRC-000339;SRC-000340;SRC-000341;SRC-000342;SRC-000343;SRC-000344;SRC-000345;SRC-000346;SRC-000347;SRC-000348;SRC-000349;SRC-000350;SRC-000351;SRC-000352;SRC-000353;SRC-000354;SRC-000355;SRC-000356;SRC-000357;SRC-000358;SRC-000359;SRC-000360;SRC-000361;SRC-000362;SRC-000363;SRC-000364;SRC-000365;SRC-000366;SRC-000367;SRC-000368;SRC-000369;SRC-000370;SRC-000371;SRC-000372;SRC-000373;SRC-000374;SRC-000375;SRC-000376;SRC-000377;SRC-000378;SRC-000379;SRC-000380;SRC-000381;SRC-000382;SRC-000383;SRC-000384;SRC-000385;SRC-000386;SRC-000387;SRC-000388;SRC-000389;SRC-000390;SRC-000391;SRC-000392;SRC-000393;SRC-000394;SRC-000395;SRC-000396;SRC-000405;SRC-000406;SRC-000407;SRC-000408;SRC-000409;SRC-000410;SRC-000411;SRC-000412;SRC-000413;SRC-000414;SRC-000415;SRC-000416;SRC-000417;SRC-000418;SRC-000419;SRC-000420;SRC-000421;SRC-000422;SRC-000423;SRC-000450;SRC-000451;SRC-000452;SRC-000453;SRC-000454;SRC-000455;SRC-000456;SRC-000457;SRC-000458;SRC-000459;SRC-000460;SRC-000461;SRC-000462;SRC-000463;SRC-000464;SRC-000465;SRC-000466;SRC-000467;SRC-000468;SRC-000469;SRC-000470;SRC-000471;SRC-000473;SRC-000474;SRC-000475;SRC-000476;SRC-000002;SRC-000003;SRC-000004;SRC-000005;SRC-000006;SRC-000007;SRC-000033;SRC-000231;SRC-000232;SRC-000233;SRC-000234;SRC-000235;SRC-000236;SRC-000237;SRC-000238;SRC-000239;SRC-000240;SRC-000241;SRC-000242;SRC-000243;SRC-000244;SRC-000245;SRC-000246;SRC-000247;SRC-000248;SRC-000249;SRC-000250;SRC-000251;SRC-000252;SRC-000253;SRC-000254;SRC-000255;SRC-000256;SRC-000257;SRC-000258;SRC-000259;SRC-000260;SRC-000261;SRC-000262;SRC-000263;SRC-000264;SRC-000265;SRC-000266;SRC-000267;SRC-000268;SRC-000269;SRC-000270;SRC-000271;SRC-000272;SRC-000273;SRC-000274;SRC-000275;SRC-000276;SRC-000277;SRC-000278;SRC-000279;SRC-000280;SRC-000281;SRC-000282;SRC-000283;SRC-000284;SRC-000285;SRC-000286;SRC-000287;SRC-000288;SRC-000289;SRC-000290;SRC-000291;SRC-000292;SRC-000293;SRC-000294;SRC-000295;SRC-000296;SRC-000297;SRC-000298;SRC-000299;SRC-000300;SRC-000399;SRC-000400;SRC-000401;SRC-000402;SRC-000403;SRC-000404;SRC-000427;SRC-000428;SRC-000429;SRC-000430;SRC-000431;SRC-000432;SRC-000433;SRC-000434;SRC-000435;SRC-000436;SRC-000437;SRC-000438;SRC-000439;SRC-000440;SRC-000441;SRC-000442;SRC-000443;SRC-000444;SRC-000445;SRC-000446;SRC-000447;SRC-000448;SRC-000449;SRC-000472;SRC-000001;SRC-000228;SRC-000229;SRC-000230;SRC-000397;SRC-000398;SRC-000424;SRC-000425;SRC-000426;SRC-000477	SRC-000008/BLOCK-000919;SRC-000013/BLOCK-000924;SRC-000014/BLOCK-000925;SRC-000172/BLOCK-000574;SRC-000177/BLOCK-000502;SRC-000185/BLOCK-000561;SRC-000195/BLOCK-000876;SRC-000197/BLOCK-000931;SRC-000226/BLOCK-000878;SRC-000452/BLOCK-000826;SRC-000473/BLOCK-000562	TOOL-046;TOOL-009;TOOL-010;TOOL-013;TOOL-015;TOOL-041;TOOL-048;TOOL-050;TOOL-011;TOOL-014;TOOL-043;TOOL-047	APB-000010;APB-000012;APB-000017	yes	attachment_update	done	Stage 3 attachment route generated from completed scope row; use exact source blocks and missing-input prompts before item-level production claims.
S3-SCOPE-014	J017	S3-J016	GPTs/attachments/15_migration_oracle_compatibility.md	15. Migration and Oracle Compatibility	KAE-BLOCK-000197	repo_paired_ko_en	primary_working_source_after_alignment	pending	dblink_hadoop_external_connectors	8.1_verified	Korean authoritative; Altibase 8.1 verified source; English extraction aid	SRC-000177;SRC-000147	SRC-000008/BLOCK-000919;SRC-000013/BLOCK-000924;SRC-000014/BLOCK-000925;SRC-000172/BLOCK-000574;SRC-000177/BLOCK-000502;SRC-000185/BLOCK-000561;SRC-000195/BLOCK-000876;SRC-000197/BLOCK-000931;SRC-000226/BLOCK-000878;SRC-000452/BLOCK-000826;SRC-000473/BLOCK-000562	TOOL-046;TOOL-009;TOOL-010;TOOL-013;TOOL-015;TOOL-041;TOOL-048;TOOL-050;TOOL-011;TOOL-014;TOOL-043;TOOL-047	APB-000010;APB-000012;APB-000017	yes	attachment_update	done	Stage 3 attachment route generated from completed scope row; use exact source blocks and missing-input prompts before item-level production claims.
S3-SCOPE-014	J017	S3-J016	GPTs/attachments/15_migration_oracle_compatibility.md	15. Migration and Oracle Compatibility	KAE-BLOCK-000208	repo_paired_ko_en	primary_working_source_after_alignment	pending	jdbc_java	8.1_verified	Korean authoritative; Altibase 8.1 verified source; English extraction aid	SRC-000185;SRC-000155	SRC-000008/BLOCK-000919;SRC-000013/BLOCK-000924;SRC-000014/BLOCK-000925;SRC-000172/BLOCK-000574;SRC-000177/BLOCK-000502;SRC-000185/BLOCK-000561;SRC-000195/BLOCK-000876;SRC-000197/BLOCK-000931;SRC-000226/BLOCK-000878;SRC-000452/BLOCK-000826;SRC-000473/BLOCK-000562	TOOL-046;TOOL-009;TOOL-010;TOOL-013;TOOL-015;TOOL-041;TOOL-048;TOOL-050;TOOL-011;TOOL-014;TOOL-043;TOOL-047	APB-000010;APB-000012;APB-000017	yes	attachment_update	done	Stage 3 attachment route generated from completed scope row; use exact source blocks and missing-input prompts before item-level production claims.
S3-SCOPE-014	J017	S3-J016	GPTs/attachments/15_migration_oracle_compatibility.md	15. Migration and Oracle Compatibility	KAE-BLOCK-000210	repo_paired_ko_en	primary_working_source_after_alignment	pending	migration_oracle	8.1_verified	Korean authoritative; Altibase 8.1 verified source; English extraction aid	SRC-000172;SRC-000142	SRC-000008/BLOCK-000919;SRC-000013/BLOCK-000924;SRC-000014/BLOCK-000925;SRC-000172/BLOCK-000574;SRC-000177/BLOCK-000502;SRC-000185/BLOCK-000561;SRC-000195/BLOCK-000876;SRC-000197/BLOCK-000931;SRC-000226/BLOCK-000878;SRC-000452/BLOCK-000826;SRC-000473/BLOCK-000562	TOOL-046;TOOL-009;TOOL-010;TOOL-013;TOOL-015;TOOL-041;TOOL-048;TOOL-050;TOOL-011;TOOL-014;TOOL-043;TOOL-047	APB-000010;APB-000012;APB-000017	yes	attachment_update	done	Stage 3 attachment route generated from completed scope row; use exact source blocks and missing-input prompts before item-level production claims.
S3-SCOPE-014	J017	S3-J016	GPTs/attachments/15_migration_oracle_compatibility.md	15. Migration and Oracle Compatibility	KAE-BLOCK-000221	repo_paired_ko_en	primary_working_source_after_alignment	pending	spatial_nifi_tableau	8.1_verified	Korean authoritative; Altibase 8.1 verified source; English extraction aid	SRC-000195;SRC-000164	SRC-000008/BLOCK-000919;SRC-000013/BLOCK-000924;SRC-000014/BLOCK-000925;SRC-000172/BLOCK-000574;SRC-000177/BLOCK-000502;SRC-000185/BLOCK-000561;SRC-000195/BLOCK-000876;SRC-000197/BLOCK-000931;SRC-000226/BLOCK-000878;SRC-000452/BLOCK-000826;SRC-000473/BLOCK-000562	TOOL-046;TOOL-009;TOOL-010;TOOL-013;TOOL-015;TOOL-041;TOOL-048;TOOL-050;TOOL-011;TOOL-014;TOOL-043;TOOL-047	APB-000010;APB-000012;APB-000017	yes	attachment_update	done	Stage 3 attachment route generated from completed scope row; use exact source blocks and missing-input prompts before item-level production claims.
S3-SCOPE-014	J017	S3-J016	GPTs/attachments/15_migration_oracle_compatibility.md	15. Migration and Oracle Compatibility	KAE-BLOCK-000222	repo_paired_ko_en	primary_working_source_after_alignment	pending	spatial_nifi_tableau	8.1_verified	Korean authoritative; Altibase 8.1 verified source; English extraction aid	SRC-000226;SRC-000219	SRC-000008/BLOCK-000919;SRC-000013/BLOCK-000924;SRC-000014/BLOCK-000925;SRC-000172/BLOCK-000574;SRC-000177/BLOCK-000502;SRC-000185/BLOCK-000561;SRC-000195/BLOCK-000876;SRC-000197/BLOCK-000931;SRC-000226/BLOCK-000878;SRC-000452/BLOCK-000826;SRC-000473/BLOCK-000562	TOOL-046;TOOL-009;TOOL-010;TOOL-013;TOOL-015;TOOL-041;TOOL-048;TOOL-050;TOOL-011;TOOL-014;TOOL-043;TOOL-047	APB-000010;APB-000012;APB-000017	yes	attachment_update	done	Stage 3 attachment route generated from completed scope row; use exact source blocks and missing-input prompts before item-level production claims.
S3-SCOPE-014	J017	S3-J016	GPTs/attachments/15_migration_oracle_compatibility.md	15. Migration and Oracle Compatibility	KAE-BLOCK-000227	repo_paired_ko_en	primary_working_source_after_alignment	pending	utilities_datacompj	8.1_verified	Korean authoritative; Altibase 8.1 verified source; English extraction aid	SRC-000197;SRC-000166	SRC-000008/BLOCK-000919;SRC-000013/BLOCK-000924;SRC-000014/BLOCK-000925;SRC-000172/BLOCK-000574;SRC-000177/BLOCK-000502;SRC-000185/BLOCK-000561;SRC-000195/BLOCK-000876;SRC-000197/BLOCK-000931;SRC-000226/BLOCK-000878;SRC-000452/BLOCK-000826;SRC-000473/BLOCK-000562	TOOL-046;TOOL-009;TOOL-010;TOOL-013;TOOL-015;TOOL-041;TOOL-048;TOOL-050;TOOL-011;TOOL-014;TOOL-043;TOOL-047	APB-000010;APB-000012;APB-000017	yes	attachment_update	done	Stage 3 attachment route generated from completed scope row; use exact source blocks and missing-input prompts before item-level production claims.
S3-SCOPE-014	J017	S3-J016	GPTs/attachments/15_migration_oracle_compatibility.md	15. Migration and Oracle Compatibility	KAE-BLOCK-000231	repo_ko_only	translation_candidate_after_alignment	pending	jdbc_java	multi	Korean authoritative	SRC-000473	SRC-000008/BLOCK-000919;SRC-000013/BLOCK-000924;SRC-000014/BLOCK-000925;SRC-000172/BLOCK-000574;SRC-000177/BLOCK-000502;SRC-000185/BLOCK-000561;SRC-000195/BLOCK-000876;SRC-000197/BLOCK-000931;SRC-000226/BLOCK-000878;SRC-000452/BLOCK-000826;SRC-000473/BLOCK-000562	TOOL-046;TOOL-009;TOOL-010;TOOL-013;TOOL-015;TOOL-041;TOOL-048;TOOL-050;TOOL-011;TOOL-014;TOOL-043;TOOL-047	APB-000010;APB-000012;APB-000017	yes	attachment_update	done	Stage 3 attachment route generated from completed scope row; use exact source blocks and missing-input prompts before item-level production claims.
S3-SCOPE-014	J017	S3-J016	GPTs/attachments/15_migration_oracle_compatibility.md	15. Migration and Oracle Compatibility	KAE-BLOCK-000244	repo_paired_ko_en	primary_working_source_after_alignment	pending	third_party_guides	multi	Korean authoritative; English extraction aid	SRC-000008;SRC-000002	SRC-000008/BLOCK-000919;SRC-000013/BLOCK-000924;SRC-000014/BLOCK-000925;SRC-000172/BLOCK-000574;SRC-000177/BLOCK-000502;SRC-000185/BLOCK-000561;SRC-000195/BLOCK-000876;SRC-000197/BLOCK-000931;SRC-000226/BLOCK-000878;SRC-000452/BLOCK-000826;SRC-000473/BLOCK-000562	TOOL-046;TOOL-009;TOOL-010;TOOL-013;TOOL-015;TOOL-041;TOOL-048;TOOL-050;TOOL-011;TOOL-014;TOOL-043;TOOL-047	APB-000010;APB-000012;APB-000017	yes	attachment_update	done	Stage 3 attachment route generated from completed scope row; use exact source blocks and missing-input prompts before item-level production claims.
S3-SCOPE-014	J017	S3-J016	GPTs/attachments/15_migration_oracle_compatibility.md	15. Migration and Oracle Compatibility	KAE-BLOCK-000248	repo_paired_ko_en	primary_working_source_after_alignment	pending	third_party_guides	multi	Korean authoritative; English extraction aid	SRC-000013;SRC-000006	SRC-000008/BLOCK-000919;SRC-000013/BLOCK-000924;SRC-000014/BLOCK-000925;SRC-000172/BLOCK-000574;SRC-000177/BLOCK-000502;SRC-000185/BLOCK-000561;SRC-000195/BLOCK-000876;SRC-000197/BLOCK-000931;SRC-000226/BLOCK-000878;SRC-000452/BLOCK-000826;SRC-000473/BLOCK-000562	TOOL-046;TOOL-009;TOOL-010;TOOL-013;TOOL-015;TOOL-041;TOOL-048;TOOL-050;TOOL-011;TOOL-014;TOOL-043;TOOL-047	APB-000010;APB-000012;APB-000017	yes	attachment_update	done	Stage 3 attachment route generated from completed scope row; use exact source blocks and missing-input prompts before item-level production claims.
S3-SCOPE-014	J017	S3-J016	GPTs/attachments/15_migration_oracle_compatibility.md	15. Migration and Oracle Compatibility	KAE-BLOCK-000249	repo_paired_ko_en	primary_working_source_after_alignment	pending	third_party_guides	multi	Korean authoritative; English extraction aid	SRC-000014;SRC-000007	SRC-000008/BLOCK-000919;SRC-000013/BLOCK-000924;SRC-000014/BLOCK-000925;SRC-000172/BLOCK-000574;SRC-000177/BLOCK-000502;SRC-000185/BLOCK-000561;SRC-000195/BLOCK-000876;SRC-000197/BLOCK-000931;SRC-000226/BLOCK-000878;SRC-000452/BLOCK-000826;SRC-000473/BLOCK-000562	TOOL-046;TOOL-009;TOOL-010;TOOL-013;TOOL-015;TOOL-041;TOOL-048;TOOL-050;TOOL-011;TOOL-014;TOOL-043;TOOL-047	APB-000010;APB-000012;APB-000017	yes	attachment_update	done	Stage 3 attachment route generated from completed scope row; use exact source blocks and missing-input prompts before item-level production claims.
S3-SCOPE-014	J017	S3-J016	GPTs/attachments/15_migration_oracle_compatibility.md	15. Migration and Oracle Compatibility	KAE-BLOCK-000253	repo_paired_ko_en	primary_working_source_after_alignment	pending	release_notes_platform	8.1.0.0.1	Korean authoritative; Altibase 8.1 verified source; English extraction aid	SRC-000452;SRC-000429	SRC-000008/BLOCK-000919;SRC-000013/BLOCK-000924;SRC-000014/BLOCK-000925;SRC-000172/BLOCK-000574;SRC-000177/BLOCK-000502;SRC-000185/BLOCK-000561;SRC-000195/BLOCK-000876;SRC-000197/BLOCK-000931;SRC-000226/BLOCK-000878;SRC-000452/BLOCK-000826;SRC-000473/BLOCK-000562	TOOL-046;TOOL-009;TOOL-010;TOOL-013;TOOL-015;TOOL-041;TOOL-048;TOOL-050;TOOL-011;TOOL-014;TOOL-043;TOOL-047	APB-000010;APB-000012;APB-000017	yes	attachment_update	done	Stage 3 attachment route generated from completed scope row; use exact source blocks and missing-input prompts before item-level production claims.
S3-SCOPE-014	J017	S3-J016	GPTs/attachments/15_migration_oracle_compatibility.md	15. Migration and Oracle Compatibility	KAE-BLOCK-000274	hybrid	primary_working_source_after_alignment	aligned	c_cli_odbc_precompiler;dblink_hadoop_external_connectors;isql_iloader;jdbc_java;migration_oracle;spatial_nifi_tableau;utilities_datacompj;release_notes_platform;third_party_guides	7.1;7.1.0.1.2;7.3;7.3.0.0.1;8.1_verified;multi;8.1.0.0.1;Migration Center 7.10;Migration Center 7.11;Migration Center 7.12;Migration Center 7.13;Migration Center 7.14;Migration Center 7.15;Migration Center 7.16;Migration Center 7.17;Migration Center 7.18;Migration Center 7.19;Migration Center 7.9;dataCompJ 7.2	Korean authoritative; English extraction aid; Altibase 8.1 verified source	SRC-000046;SRC-000050;SRC-000052;SRC-000065;SRC-000068;SRC-000053;SRC-000059;SRC-000077;SRC-000078;SRC-000047;SRC-000061;SRC-000048;SRC-000074;SRC-000076;SRC-000450;SRC-000110;SRC-000114;SRC-000116;SRC-000128;SRC-000130;SRC-000117;SRC-000123;SRC-000138;SRC-000139;SRC-000111;SRC-000125;SRC-000112;SRC-000135;SRC-000137;SRC-000451;SRC-000170;SRC-000174;SRC-000176;SRC-000188;SRC-000190;SRC-000177;SRC-000183;SRC-000221;SRC-000198;SRC-000199;SRC-000171;SRC-000185;SRC-000172;SRC-000223;SRC-000195;SRC-000226;SRC-000197;SRC-000222;SRC-000227;SRC-000207;SRC-000473;SRC-000209;SRC-000212;SRC-000470;SRC-000008;SRC-000009;SRC-000010;SRC-000012;SRC-000013;SRC-000014;SRC-000208;SRC-000213;SRC-000452;SRC-000453;SRC-000454;SRC-000455;SRC-000456;SRC-000457;SRC-000458;SRC-000459;SRC-000460;SRC-000461;SRC-000462;SRC-000463;SRC-000471;SRC-000015;SRC-000019;SRC-000021;SRC-000034;SRC-000036;SRC-000022;SRC-000028;SRC-000044;SRC-000045;SRC-000016;SRC-000030;SRC-000017;SRC-000041;SRC-000043;SRC-000427;SRC-000079;SRC-000083;SRC-000085;SRC-000097;SRC-000099;SRC-000086;SRC-000092;SRC-000107;SRC-000108;SRC-000080;SRC-000094;SRC-000081;SRC-000104;SRC-000106;SRC-000428;SRC-000140;SRC-000144;SRC-000146;SRC-000158;SRC-000160;SRC-000147;SRC-000153;SRC-000214;SRC-000167;SRC-000168;SRC-000141;SRC-000155;SRC-000142;SRC-000216;SRC-000164;SRC-000219;SRC-000166;SRC-000215;SRC-000220;SRC-000200;SRC-000202;SRC-000205;SRC-000448;SRC-000002;SRC-000003;SRC-000004;SRC-000005;SRC-000006;SRC-000007;SRC-000201;SRC-000206;SRC-000429;SRC-000430;SRC-000431;SRC-000432;SRC-000433;SRC-000434;SRC-000435;SRC-000436;SRC-000437;SRC-000438;SRC-000439;SRC-000442;SRC-000449	SRC-000008/BLOCK-000919;SRC-000013/BLOCK-000924;SRC-000014/BLOCK-000925;SRC-000172/BLOCK-000574;SRC-000177/BLOCK-000502;SRC-000185/BLOCK-000561;SRC-000195/BLOCK-000876;SRC-000197/BLOCK-000931;SRC-000226/BLOCK-000878;SRC-000452/BLOCK-000826;SRC-000473/BLOCK-000562	TOOL-046;TOOL-009;TOOL-010;TOOL-013;TOOL-015;TOOL-041;TOOL-048;TOOL-050;TOOL-011;TOOL-014;TOOL-043;TOOL-047	APB-000010;APB-000012;APB-000017	yes	attachment_update	done	Stage 3 attachment route generated from completed scope row; use exact source blocks and missing-input prompts before item-level production claims.
S3-SCOPE-014	J017	S3-J016	GPTs/attachments/15_migration_oracle_compatibility.md	15. Migration and Oracle Compatibility	KAE-BLOCK-000275	hybrid	primary_working_source_after_alignment	aligned	patch_notes;release_notes_platform;technical_documents_support;third_party_guides;migration_oracle;replication_manager;spatial_nifi_tableau;utilities_datacompj	7.1;7.3;8.1_verified;multi;selected release-note tool scopes	Korean authoritative; English extraction aid; Repository source evidence; Approved support evidence; Altibase 8.1 verified source	SRC-000008;SRC-000009;SRC-000010;SRC-000011;SRC-000012;SRC-000013;SRC-000014;SRC-000064;SRC-000301;SRC-000302;SRC-000303;SRC-000304;SRC-000305;SRC-000306;SRC-000307;SRC-000308;SRC-000309;SRC-000310;SRC-000311;SRC-000312;SRC-000313;SRC-000314;SRC-000315;SRC-000316;SRC-000317;SRC-000318;SRC-000319;SRC-000320;SRC-000321;SRC-000322;SRC-000323;SRC-000324;SRC-000325;SRC-000326;SRC-000327;SRC-000328;SRC-000329;SRC-000330;SRC-000331;SRC-000332;SRC-000333;SRC-000334;SRC-000335;SRC-000336;SRC-000337;SRC-000338;SRC-000339;SRC-000340;SRC-000341;SRC-000342;SRC-000343;SRC-000344;SRC-000345;SRC-000346;SRC-000347;SRC-000348;SRC-000349;SRC-000350;SRC-000351;SRC-000352;SRC-000353;SRC-000354;SRC-000355;SRC-000356;SRC-000357;SRC-000358;SRC-000359;SRC-000360;SRC-000361;SRC-000362;SRC-000363;SRC-000364;SRC-000365;SRC-000366;SRC-000367;SRC-000368;SRC-000369;SRC-000370;SRC-000371;SRC-000372;SRC-000373;SRC-000374;SRC-000375;SRC-000376;SRC-000377;SRC-000378;SRC-000379;SRC-000380;SRC-000381;SRC-000382;SRC-000383;SRC-000384;SRC-000385;SRC-000386;SRC-000387;SRC-000388;SRC-000389;SRC-000390;SRC-000391;SRC-000392;SRC-000393;SRC-000394;SRC-000395;SRC-000396;SRC-000405;SRC-000406;SRC-000407;SRC-000408;SRC-000409;SRC-000410;SRC-000411;SRC-000412;SRC-000413;SRC-000414;SRC-000415;SRC-000416;SRC-000417;SRC-000418;SRC-000419;SRC-000420;SRC-000421;SRC-000422;SRC-000423;SRC-000450;SRC-000451;SRC-000452;SRC-000453;SRC-000454;SRC-000455;SRC-000456;SRC-000457;SRC-000458;SRC-000459;SRC-000460;SRC-000461;SRC-000462;SRC-000463;SRC-000464;SRC-000465;SRC-000466;SRC-000467;SRC-000468;SRC-000469;SRC-000470;SRC-000471;SRC-000473;SRC-000474;SRC-000475;SRC-000476;SRC-000002;SRC-000003;SRC-000004;SRC-000005;SRC-000006;SRC-000007;SRC-000033;SRC-000231;SRC-000232;SRC-000233;SRC-000234;SRC-000235;SRC-000236;SRC-000237;SRC-000238;SRC-000239;SRC-000240;SRC-000241;SRC-000242;SRC-000243;SRC-000244;SRC-000245;SRC-000246;SRC-000247;SRC-000248;SRC-000249;SRC-000250;SRC-000251;SRC-000252;SRC-000253;SRC-000254;SRC-000255;SRC-000256;SRC-000257;SRC-000258;SRC-000259;SRC-000260;SRC-000261;SRC-000262;SRC-000263;SRC-000264;SRC-000265;SRC-000266;SRC-000267;SRC-000268;SRC-000269;SRC-000270;SRC-000271;SRC-000272;SRC-000273;SRC-000274;SRC-000275;SRC-000276;SRC-000277;SRC-000278;SRC-000279;SRC-000280;SRC-000281;SRC-000282;SRC-000283;SRC-000284;SRC-000285;SRC-000286;SRC-000287;SRC-000288;SRC-000289;SRC-000290;SRC-000291;SRC-000292;SRC-000293;SRC-000294;SRC-000295;SRC-000296;SRC-000297;SRC-000298;SRC-000299;SRC-000300;SRC-000399;SRC-000400;SRC-000401;SRC-000402;SRC-000403;SRC-000404;SRC-000427;SRC-000428;SRC-000429;SRC-000430;SRC-000431;SRC-000432;SRC-000433;SRC-000434;SRC-000435;SRC-000436;SRC-000437;SRC-000438;SRC-000439;SRC-000440;SRC-000441;SRC-000442;SRC-000443;SRC-000444;SRC-000445;SRC-000446;SRC-000447;SRC-000448;SRC-000449;SRC-000472;SRC-000001;SRC-000228;SRC-000229;SRC-000230;SRC-000397;SRC-000398;SRC-000424;SRC-000425;SRC-000426;SRC-000477	SRC-000008/BLOCK-000919;SRC-000013/BLOCK-000924;SRC-000014/BLOCK-000925;SRC-000172/BLOCK-000574;SRC-000177/BLOCK-000502;SRC-000185/BLOCK-000561;SRC-000195/BLOCK-000876;SRC-000197/BLOCK-000931;SRC-000226/BLOCK-000878;SRC-000452/BLOCK-000826;SRC-000473/BLOCK-000562	TOOL-046;TOOL-009;TOOL-010;TOOL-013;TOOL-015;TOOL-041;TOOL-048;TOOL-050;TOOL-011;TOOL-014;TOOL-043;TOOL-047	APB-000010;APB-000012;APB-000017	yes	attachment_update	done	Stage 3 attachment route generated from completed scope row; use exact source blocks and missing-input prompts before item-level production claims.
S3-SCOPE-014	J017	S3-J016	GPTs/attachments/16_dblink_external_connectors.md	16. DB Link and External Connectors	KAE-BLOCK-000197	repo_paired_ko_en	primary_working_source_after_alignment	pending	dblink_hadoop_external_connectors	8.1_verified	Korean authoritative; Altibase 8.1 verified source; English extraction aid	SRC-000177;SRC-000147	SRC-000008/BLOCK-000919;SRC-000013/BLOCK-000924;SRC-000014/BLOCK-000925;SRC-000172/BLOCK-000574;SRC-000177/BLOCK-000502;SRC-000185/BLOCK-000561;SRC-000195/BLOCK-000876;SRC-000197/BLOCK-000931;SRC-000226/BLOCK-000878;SRC-000452/BLOCK-000826;SRC-000473/BLOCK-000562	TOOL-046;TOOL-009;TOOL-010;TOOL-013;TOOL-015;TOOL-041;TOOL-048;TOOL-050;TOOL-011;TOOL-014;TOOL-043;TOOL-047	APB-000010;APB-000012;APB-000017	yes	attachment_update	done	Stage 3 attachment route generated from completed scope row; use exact source blocks and missing-input prompts before item-level production claims.
S3-SCOPE-014	J017	S3-J016	GPTs/attachments/16_dblink_external_connectors.md	16. DB Link and External Connectors	KAE-BLOCK-000208	repo_paired_ko_en	primary_working_source_after_alignment	pending	jdbc_java	8.1_verified	Korean authoritative; Altibase 8.1 verified source; English extraction aid	SRC-000185;SRC-000155	SRC-000008/BLOCK-000919;SRC-000013/BLOCK-000924;SRC-000014/BLOCK-000925;SRC-000172/BLOCK-000574;SRC-000177/BLOCK-000502;SRC-000185/BLOCK-000561;SRC-000195/BLOCK-000876;SRC-000197/BLOCK-000931;SRC-000226/BLOCK-000878;SRC-000452/BLOCK-000826;SRC-000473/BLOCK-000562	TOOL-046;TOOL-009;TOOL-010;TOOL-013;TOOL-015;TOOL-041;TOOL-048;TOOL-050;TOOL-011;TOOL-014;TOOL-043;TOOL-047	APB-000010;APB-000012;APB-000017	yes	attachment_update	done	Stage 3 attachment route generated from completed scope row; use exact source blocks and missing-input prompts before item-level production claims.
S3-SCOPE-014	J017	S3-J016	GPTs/attachments/16_dblink_external_connectors.md	16. DB Link and External Connectors	KAE-BLOCK-000210	repo_paired_ko_en	primary_working_source_after_alignment	pending	migration_oracle	8.1_verified	Korean authoritative; Altibase 8.1 verified source; English extraction aid	SRC-000172;SRC-000142	SRC-000008/BLOCK-000919;SRC-000013/BLOCK-000924;SRC-000014/BLOCK-000925;SRC-000172/BLOCK-000574;SRC-000177/BLOCK-000502;SRC-000185/BLOCK-000561;SRC-000195/BLOCK-000876;SRC-000197/BLOCK-000931;SRC-000226/BLOCK-000878;SRC-000452/BLOCK-000826;SRC-000473/BLOCK-000562	TOOL-046;TOOL-009;TOOL-010;TOOL-013;TOOL-015;TOOL-041;TOOL-048;TOOL-050;TOOL-011;TOOL-014;TOOL-043;TOOL-047	APB-000010;APB-000012;APB-000017	yes	attachment_update	done	Stage 3 attachment route generated from completed scope row; use exact source blocks and missing-input prompts before item-level production claims.
S3-SCOPE-014	J017	S3-J016	GPTs/attachments/16_dblink_external_connectors.md	16. DB Link and External Connectors	KAE-BLOCK-000221	repo_paired_ko_en	primary_working_source_after_alignment	pending	spatial_nifi_tableau	8.1_verified	Korean authoritative; Altibase 8.1 verified source; English extraction aid	SRC-000195;SRC-000164	SRC-000008/BLOCK-000919;SRC-000013/BLOCK-000924;SRC-000014/BLOCK-000925;SRC-000172/BLOCK-000574;SRC-000177/BLOCK-000502;SRC-000185/BLOCK-000561;SRC-000195/BLOCK-000876;SRC-000197/BLOCK-000931;SRC-000226/BLOCK-000878;SRC-000452/BLOCK-000826;SRC-000473/BLOCK-000562	TOOL-046;TOOL-009;TOOL-010;TOOL-013;TOOL-015;TOOL-041;TOOL-048;TOOL-050;TOOL-011;TOOL-014;TOOL-043;TOOL-047	APB-000010;APB-000012;APB-000017	yes	attachment_update	done	Stage 3 attachment route generated from completed scope row; use exact source blocks and missing-input prompts before item-level production claims.
S3-SCOPE-014	J017	S3-J016	GPTs/attachments/16_dblink_external_connectors.md	16. DB Link and External Connectors	KAE-BLOCK-000222	repo_paired_ko_en	primary_working_source_after_alignment	pending	spatial_nifi_tableau	8.1_verified	Korean authoritative; Altibase 8.1 verified source; English extraction aid	SRC-000226;SRC-000219	SRC-000008/BLOCK-000919;SRC-000013/BLOCK-000924;SRC-000014/BLOCK-000925;SRC-000172/BLOCK-000574;SRC-000177/BLOCK-000502;SRC-000185/BLOCK-000561;SRC-000195/BLOCK-000876;SRC-000197/BLOCK-000931;SRC-000226/BLOCK-000878;SRC-000452/BLOCK-000826;SRC-000473/BLOCK-000562	TOOL-046;TOOL-009;TOOL-010;TOOL-013;TOOL-015;TOOL-041;TOOL-048;TOOL-050;TOOL-011;TOOL-014;TOOL-043;TOOL-047	APB-000010;APB-000012;APB-000017	yes	attachment_update	done	Stage 3 attachment route generated from completed scope row; use exact source blocks and missing-input prompts before item-level production claims.
S3-SCOPE-014	J017	S3-J016	GPTs/attachments/16_dblink_external_connectors.md	16. DB Link and External Connectors	KAE-BLOCK-000227	repo_paired_ko_en	primary_working_source_after_alignment	pending	utilities_datacompj	8.1_verified	Korean authoritative; Altibase 8.1 verified source; English extraction aid	SRC-000197;SRC-000166	SRC-000008/BLOCK-000919;SRC-000013/BLOCK-000924;SRC-000014/BLOCK-000925;SRC-000172/BLOCK-000574;SRC-000177/BLOCK-000502;SRC-000185/BLOCK-000561;SRC-000195/BLOCK-000876;SRC-000197/BLOCK-000931;SRC-000226/BLOCK-000878;SRC-000452/BLOCK-000826;SRC-000473/BLOCK-000562	TOOL-046;TOOL-009;TOOL-010;TOOL-013;TOOL-015;TOOL-041;TOOL-048;TOOL-050;TOOL-011;TOOL-014;TOOL-043;TOOL-047	APB-000010;APB-000012;APB-000017	yes	attachment_update	done	Stage 3 attachment route generated from completed scope row; use exact source blocks and missing-input prompts before item-level production claims.
S3-SCOPE-014	J017	S3-J016	GPTs/attachments/16_dblink_external_connectors.md	16. DB Link and External Connectors	KAE-BLOCK-000231	repo_ko_only	translation_candidate_after_alignment	pending	jdbc_java	multi	Korean authoritative	SRC-000473	SRC-000008/BLOCK-000919;SRC-000013/BLOCK-000924;SRC-000014/BLOCK-000925;SRC-000172/BLOCK-000574;SRC-000177/BLOCK-000502;SRC-000185/BLOCK-000561;SRC-000195/BLOCK-000876;SRC-000197/BLOCK-000931;SRC-000226/BLOCK-000878;SRC-000452/BLOCK-000826;SRC-000473/BLOCK-000562	TOOL-046;TOOL-009;TOOL-010;TOOL-013;TOOL-015;TOOL-041;TOOL-048;TOOL-050;TOOL-011;TOOL-014;TOOL-043;TOOL-047	APB-000010;APB-000012;APB-000017	yes	attachment_update	done	Stage 3 attachment route generated from completed scope row; use exact source blocks and missing-input prompts before item-level production claims.
S3-SCOPE-014	J017	S3-J016	GPTs/attachments/16_dblink_external_connectors.md	16. DB Link and External Connectors	KAE-BLOCK-000244	repo_paired_ko_en	primary_working_source_after_alignment	pending	third_party_guides	multi	Korean authoritative; English extraction aid	SRC-000008;SRC-000002	SRC-000008/BLOCK-000919;SRC-000013/BLOCK-000924;SRC-000014/BLOCK-000925;SRC-000172/BLOCK-000574;SRC-000177/BLOCK-000502;SRC-000185/BLOCK-000561;SRC-000195/BLOCK-000876;SRC-000197/BLOCK-000931;SRC-000226/BLOCK-000878;SRC-000452/BLOCK-000826;SRC-000473/BLOCK-000562	TOOL-046;TOOL-009;TOOL-010;TOOL-013;TOOL-015;TOOL-041;TOOL-048;TOOL-050;TOOL-011;TOOL-014;TOOL-043;TOOL-047	APB-000010;APB-000012;APB-000017	yes	attachment_update	done	Stage 3 attachment route generated from completed scope row; use exact source blocks and missing-input prompts before item-level production claims.
S3-SCOPE-014	J017	S3-J016	GPTs/attachments/16_dblink_external_connectors.md	16. DB Link and External Connectors	KAE-BLOCK-000248	repo_paired_ko_en	primary_working_source_after_alignment	pending	third_party_guides	multi	Korean authoritative; English extraction aid	SRC-000013;SRC-000006	SRC-000008/BLOCK-000919;SRC-000013/BLOCK-000924;SRC-000014/BLOCK-000925;SRC-000172/BLOCK-000574;SRC-000177/BLOCK-000502;SRC-000185/BLOCK-000561;SRC-000195/BLOCK-000876;SRC-000197/BLOCK-000931;SRC-000226/BLOCK-000878;SRC-000452/BLOCK-000826;SRC-000473/BLOCK-000562	TOOL-046;TOOL-009;TOOL-010;TOOL-013;TOOL-015;TOOL-041;TOOL-048;TOOL-050;TOOL-011;TOOL-014;TOOL-043;TOOL-047	APB-000010;APB-000012;APB-000017	yes	attachment_update	done	Stage 3 attachment route generated from completed scope row; use exact source blocks and missing-input prompts before item-level production claims.
S3-SCOPE-014	J017	S3-J016	GPTs/attachments/16_dblink_external_connectors.md	16. DB Link and External Connectors	KAE-BLOCK-000249	repo_paired_ko_en	primary_working_source_after_alignment	pending	third_party_guides	multi	Korean authoritative; English extraction aid	SRC-000014;SRC-000007	SRC-000008/BLOCK-000919;SRC-000013/BLOCK-000924;SRC-000014/BLOCK-000925;SRC-000172/BLOCK-000574;SRC-000177/BLOCK-000502;SRC-000185/BLOCK-000561;SRC-000195/BLOCK-000876;SRC-000197/BLOCK-000931;SRC-000226/BLOCK-000878;SRC-000452/BLOCK-000826;SRC-000473/BLOCK-000562	TOOL-046;TOOL-009;TOOL-010;TOOL-013;TOOL-015;TOOL-041;TOOL-048;TOOL-050;TOOL-011;TOOL-014;TOOL-043;TOOL-047	APB-000010;APB-000012;APB-000017	yes	attachment_update	done	Stage 3 attachment route generated from completed scope row; use exact source blocks and missing-input prompts before item-level production claims.
S3-SCOPE-014	J017	S3-J016	GPTs/attachments/16_dblink_external_connectors.md	16. DB Link and External Connectors	KAE-BLOCK-000253	repo_paired_ko_en	primary_working_source_after_alignment	pending	release_notes_platform	8.1.0.0.1	Korean authoritative; Altibase 8.1 verified source; English extraction aid	SRC-000452;SRC-000429	SRC-000008/BLOCK-000919;SRC-000013/BLOCK-000924;SRC-000014/BLOCK-000925;SRC-000172/BLOCK-000574;SRC-000177/BLOCK-000502;SRC-000185/BLOCK-000561;SRC-000195/BLOCK-000876;SRC-000197/BLOCK-000931;SRC-000226/BLOCK-000878;SRC-000452/BLOCK-000826;SRC-000473/BLOCK-000562	TOOL-046;TOOL-009;TOOL-010;TOOL-013;TOOL-015;TOOL-041;TOOL-048;TOOL-050;TOOL-011;TOOL-014;TOOL-043;TOOL-047	APB-000010;APB-000012;APB-000017	yes	attachment_update	done	Stage 3 attachment route generated from completed scope row; use exact source blocks and missing-input prompts before item-level production claims.
S3-SCOPE-014	J017	S3-J016	GPTs/attachments/16_dblink_external_connectors.md	16. DB Link and External Connectors	KAE-BLOCK-000274	hybrid	primary_working_source_after_alignment	aligned	c_cli_odbc_precompiler;dblink_hadoop_external_connectors;isql_iloader;jdbc_java;migration_oracle;spatial_nifi_tableau;utilities_datacompj;release_notes_platform;third_party_guides	7.1;7.1.0.1.2;7.3;7.3.0.0.1;8.1_verified;multi;8.1.0.0.1;Migration Center 7.10;Migration Center 7.11;Migration Center 7.12;Migration Center 7.13;Migration Center 7.14;Migration Center 7.15;Migration Center 7.16;Migration Center 7.17;Migration Center 7.18;Migration Center 7.19;Migration Center 7.9;dataCompJ 7.2	Korean authoritative; English extraction aid; Altibase 8.1 verified source	SRC-000046;SRC-000050;SRC-000052;SRC-000065;SRC-000068;SRC-000053;SRC-000059;SRC-000077;SRC-000078;SRC-000047;SRC-000061;SRC-000048;SRC-000074;SRC-000076;SRC-000450;SRC-000110;SRC-000114;SRC-000116;SRC-000128;SRC-000130;SRC-000117;SRC-000123;SRC-000138;SRC-000139;SRC-000111;SRC-000125;SRC-000112;SRC-000135;SRC-000137;SRC-000451;SRC-000170;SRC-000174;SRC-000176;SRC-000188;SRC-000190;SRC-000177;SRC-000183;SRC-000221;SRC-000198;SRC-000199;SRC-000171;SRC-000185;SRC-000172;SRC-000223;SRC-000195;SRC-000226;SRC-000197;SRC-000222;SRC-000227;SRC-000207;SRC-000473;SRC-000209;SRC-000212;SRC-000470;SRC-000008;SRC-000009;SRC-000010;SRC-000012;SRC-000013;SRC-000014;SRC-000208;SRC-000213;SRC-000452;SRC-000453;SRC-000454;SRC-000455;SRC-000456;SRC-000457;SRC-000458;SRC-000459;SRC-000460;SRC-000461;SRC-000462;SRC-000463;SRC-000471;SRC-000015;SRC-000019;SRC-000021;SRC-000034;SRC-000036;SRC-000022;SRC-000028;SRC-000044;SRC-000045;SRC-000016;SRC-000030;SRC-000017;SRC-000041;SRC-000043;SRC-000427;SRC-000079;SRC-000083;SRC-000085;SRC-000097;SRC-000099;SRC-000086;SRC-000092;SRC-000107;SRC-000108;SRC-000080;SRC-000094;SRC-000081;SRC-000104;SRC-000106;SRC-000428;SRC-000140;SRC-000144;SRC-000146;SRC-000158;SRC-000160;SRC-000147;SRC-000153;SRC-000214;SRC-000167;SRC-000168;SRC-000141;SRC-000155;SRC-000142;SRC-000216;SRC-000164;SRC-000219;SRC-000166;SRC-000215;SRC-000220;SRC-000200;SRC-000202;SRC-000205;SRC-000448;SRC-000002;SRC-000003;SRC-000004;SRC-000005;SRC-000006;SRC-000007;SRC-000201;SRC-000206;SRC-000429;SRC-000430;SRC-000431;SRC-000432;SRC-000433;SRC-000434;SRC-000435;SRC-000436;SRC-000437;SRC-000438;SRC-000439;SRC-000442;SRC-000449	SRC-000008/BLOCK-000919;SRC-000013/BLOCK-000924;SRC-000014/BLOCK-000925;SRC-000172/BLOCK-000574;SRC-000177/BLOCK-000502;SRC-000185/BLOCK-000561;SRC-000195/BLOCK-000876;SRC-000197/BLOCK-000931;SRC-000226/BLOCK-000878;SRC-000452/BLOCK-000826;SRC-000473/BLOCK-000562	TOOL-046;TOOL-009;TOOL-010;TOOL-013;TOOL-015;TOOL-041;TOOL-048;TOOL-050;TOOL-011;TOOL-014;TOOL-043;TOOL-047	APB-000010;APB-000012;APB-000017	yes	attachment_update	done	Stage 3 attachment route generated from completed scope row; use exact source blocks and missing-input prompts before item-level production claims.
S3-SCOPE-014	J017	S3-J016	GPTs/attachments/16_dblink_external_connectors.md	16. DB Link and External Connectors	KAE-BLOCK-000275	hybrid	primary_working_source_after_alignment	aligned	patch_notes;release_notes_platform;technical_documents_support;third_party_guides;migration_oracle;replication_manager;spatial_nifi_tableau;utilities_datacompj	7.1;7.3;8.1_verified;multi;selected release-note tool scopes	Korean authoritative; English extraction aid; Repository source evidence; Approved support evidence; Altibase 8.1 verified source	SRC-000008;SRC-000009;SRC-000010;SRC-000011;SRC-000012;SRC-000013;SRC-000014;SRC-000064;SRC-000301;SRC-000302;SRC-000303;SRC-000304;SRC-000305;SRC-000306;SRC-000307;SRC-000308;SRC-000309;SRC-000310;SRC-000311;SRC-000312;SRC-000313;SRC-000314;SRC-000315;SRC-000316;SRC-000317;SRC-000318;SRC-000319;SRC-000320;SRC-000321;SRC-000322;SRC-000323;SRC-000324;SRC-000325;SRC-000326;SRC-000327;SRC-000328;SRC-000329;SRC-000330;SRC-000331;SRC-000332;SRC-000333;SRC-000334;SRC-000335;SRC-000336;SRC-000337;SRC-000338;SRC-000339;SRC-000340;SRC-000341;SRC-000342;SRC-000343;SRC-000344;SRC-000345;SRC-000346;SRC-000347;SRC-000348;SRC-000349;SRC-000350;SRC-000351;SRC-000352;SRC-000353;SRC-000354;SRC-000355;SRC-000356;SRC-000357;SRC-000358;SRC-000359;SRC-000360;SRC-000361;SRC-000362;SRC-000363;SRC-000364;SRC-000365;SRC-000366;SRC-000367;SRC-000368;SRC-000369;SRC-000370;SRC-000371;SRC-000372;SRC-000373;SRC-000374;SRC-000375;SRC-000376;SRC-000377;SRC-000378;SRC-000379;SRC-000380;SRC-000381;SRC-000382;SRC-000383;SRC-000384;SRC-000385;SRC-000386;SRC-000387;SRC-000388;SRC-000389;SRC-000390;SRC-000391;SRC-000392;SRC-000393;SRC-000394;SRC-000395;SRC-000396;SRC-000405;SRC-000406;SRC-000407;SRC-000408;SRC-000409;SRC-000410;SRC-000411;SRC-000412;SRC-000413;SRC-000414;SRC-000415;SRC-000416;SRC-000417;SRC-000418;SRC-000419;SRC-000420;SRC-000421;SRC-000422;SRC-000423;SRC-000450;SRC-000451;SRC-000452;SRC-000453;SRC-000454;SRC-000455;SRC-000456;SRC-000457;SRC-000458;SRC-000459;SRC-000460;SRC-000461;SRC-000462;SRC-000463;SRC-000464;SRC-000465;SRC-000466;SRC-000467;SRC-000468;SRC-000469;SRC-000470;SRC-000471;SRC-000473;SRC-000474;SRC-000475;SRC-000476;SRC-000002;SRC-000003;SRC-000004;SRC-000005;SRC-000006;SRC-000007;SRC-000033;SRC-000231;SRC-000232;SRC-000233;SRC-000234;SRC-000235;SRC-000236;SRC-000237;SRC-000238;SRC-000239;SRC-000240;SRC-000241;SRC-000242;SRC-000243;SRC-000244;SRC-000245;SRC-000246;SRC-000247;SRC-000248;SRC-000249;SRC-000250;SRC-000251;SRC-000252;SRC-000253;SRC-000254;SRC-000255;SRC-000256;SRC-000257;SRC-000258;SRC-000259;SRC-000260;SRC-000261;SRC-000262;SRC-000263;SRC-000264;SRC-000265;SRC-000266;SRC-000267;SRC-000268;SRC-000269;SRC-000270;SRC-000271;SRC-000272;SRC-000273;SRC-000274;SRC-000275;SRC-000276;SRC-000277;SRC-000278;SRC-000279;SRC-000280;SRC-000281;SRC-000282;SRC-000283;SRC-000284;SRC-000285;SRC-000286;SRC-000287;SRC-000288;SRC-000289;SRC-000290;SRC-000291;SRC-000292;SRC-000293;SRC-000294;SRC-000295;SRC-000296;SRC-000297;SRC-000298;SRC-000299;SRC-000300;SRC-000399;SRC-000400;SRC-000401;SRC-000402;SRC-000403;SRC-000404;SRC-000427;SRC-000428;SRC-000429;SRC-000430;SRC-000431;SRC-000432;SRC-000433;SRC-000434;SRC-000435;SRC-000436;SRC-000437;SRC-000438;SRC-000439;SRC-000440;SRC-000441;SRC-000442;SRC-000443;SRC-000444;SRC-000445;SRC-000446;SRC-000447;SRC-000448;SRC-000449;SRC-000472;SRC-000001;SRC-000228;SRC-000229;SRC-000230;SRC-000397;SRC-000398;SRC-000424;SRC-000425;SRC-000426;SRC-000477	SRC-000008/BLOCK-000919;SRC-000013/BLOCK-000924;SRC-000014/BLOCK-000925;SRC-000172/BLOCK-000574;SRC-000177/BLOCK-000502;SRC-000185/BLOCK-000561;SRC-000195/BLOCK-000876;SRC-000197/BLOCK-000931;SRC-000226/BLOCK-000878;SRC-000452/BLOCK-000826;SRC-000473/BLOCK-000562	TOOL-046;TOOL-009;TOOL-010;TOOL-013;TOOL-015;TOOL-041;TOOL-048;TOOL-050;TOOL-011;TOOL-014;TOOL-043;TOOL-047	APB-000010;APB-000012;APB-000017	yes	attachment_update	done	Stage 3 attachment route generated from completed scope row; use exact source blocks and missing-input prompts before item-level production claims.
S3-SCOPE-014	J017	S3-J016	GPTs/attachments/17_kubernetes_aku_cloud.md	17. Kubernetes and AKU	KAE-BLOCK-000197	repo_paired_ko_en	primary_working_source_after_alignment	pending	dblink_hadoop_external_connectors	8.1_verified	Korean authoritative; Altibase 8.1 verified source; English extraction aid	SRC-000177;SRC-000147	SRC-000008/BLOCK-000919;SRC-000013/BLOCK-000924;SRC-000014/BLOCK-000925;SRC-000172/BLOCK-000574;SRC-000177/BLOCK-000502;SRC-000185/BLOCK-000561;SRC-000195/BLOCK-000876;SRC-000197/BLOCK-000931;SRC-000226/BLOCK-000878;SRC-000452/BLOCK-000826;SRC-000473/BLOCK-000562	TOOL-046;TOOL-009;TOOL-010;TOOL-013;TOOL-015;TOOL-041;TOOL-048;TOOL-050;TOOL-011;TOOL-014;TOOL-043;TOOL-047	APB-000010;APB-000012;APB-000017	yes	attachment_update	done	Stage 3 attachment route generated from completed scope row; use exact source blocks and missing-input prompts before item-level production claims.
S3-SCOPE-014	J017	S3-J016	GPTs/attachments/17_kubernetes_aku_cloud.md	17. Kubernetes and AKU	KAE-BLOCK-000208	repo_paired_ko_en	primary_working_source_after_alignment	pending	jdbc_java	8.1_verified	Korean authoritative; Altibase 8.1 verified source; English extraction aid	SRC-000185;SRC-000155	SRC-000008/BLOCK-000919;SRC-000013/BLOCK-000924;SRC-000014/BLOCK-000925;SRC-000172/BLOCK-000574;SRC-000177/BLOCK-000502;SRC-000185/BLOCK-000561;SRC-000195/BLOCK-000876;SRC-000197/BLOCK-000931;SRC-000226/BLOCK-000878;SRC-000452/BLOCK-000826;SRC-000473/BLOCK-000562	TOOL-046;TOOL-009;TOOL-010;TOOL-013;TOOL-015;TOOL-041;TOOL-048;TOOL-050;TOOL-011;TOOL-014;TOOL-043;TOOL-047	APB-000010;APB-000012;APB-000017	yes	attachment_update	done	Stage 3 attachment route generated from completed scope row; use exact source blocks and missing-input prompts before item-level production claims.
S3-SCOPE-014	J017	S3-J016	GPTs/attachments/17_kubernetes_aku_cloud.md	17. Kubernetes and AKU	KAE-BLOCK-000210	repo_paired_ko_en	primary_working_source_after_alignment	pending	migration_oracle	8.1_verified	Korean authoritative; Altibase 8.1 verified source; English extraction aid	SRC-000172;SRC-000142	SRC-000008/BLOCK-000919;SRC-000013/BLOCK-000924;SRC-000014/BLOCK-000925;SRC-000172/BLOCK-000574;SRC-000177/BLOCK-000502;SRC-000185/BLOCK-000561;SRC-000195/BLOCK-000876;SRC-000197/BLOCK-000931;SRC-000226/BLOCK-000878;SRC-000452/BLOCK-000826;SRC-000473/BLOCK-000562	TOOL-046;TOOL-009;TOOL-010;TOOL-013;TOOL-015;TOOL-041;TOOL-048;TOOL-050;TOOL-011;TOOL-014;TOOL-043;TOOL-047	APB-000010;APB-000012;APB-000017	yes	attachment_update	done	Stage 3 attachment route generated from completed scope row; use exact source blocks and missing-input prompts before item-level production claims.
S3-SCOPE-014	J017	S3-J016	GPTs/attachments/17_kubernetes_aku_cloud.md	17. Kubernetes and AKU	KAE-BLOCK-000221	repo_paired_ko_en	primary_working_source_after_alignment	pending	spatial_nifi_tableau	8.1_verified	Korean authoritative; Altibase 8.1 verified source; English extraction aid	SRC-000195;SRC-000164	SRC-000008/BLOCK-000919;SRC-000013/BLOCK-000924;SRC-000014/BLOCK-000925;SRC-000172/BLOCK-000574;SRC-000177/BLOCK-000502;SRC-000185/BLOCK-000561;SRC-000195/BLOCK-000876;SRC-000197/BLOCK-000931;SRC-000226/BLOCK-000878;SRC-000452/BLOCK-000826;SRC-000473/BLOCK-000562	TOOL-046;TOOL-009;TOOL-010;TOOL-013;TOOL-015;TOOL-041;TOOL-048;TOOL-050;TOOL-011;TOOL-014;TOOL-043;TOOL-047	APB-000010;APB-000012;APB-000017	yes	attachment_update	done	Stage 3 attachment route generated from completed scope row; use exact source blocks and missing-input prompts before item-level production claims.
S3-SCOPE-014	J017	S3-J016	GPTs/attachments/17_kubernetes_aku_cloud.md	17. Kubernetes and AKU	KAE-BLOCK-000222	repo_paired_ko_en	primary_working_source_after_alignment	pending	spatial_nifi_tableau	8.1_verified	Korean authoritative; Altibase 8.1 verified source; English extraction aid	SRC-000226;SRC-000219	SRC-000008/BLOCK-000919;SRC-000013/BLOCK-000924;SRC-000014/BLOCK-000925;SRC-000172/BLOCK-000574;SRC-000177/BLOCK-000502;SRC-000185/BLOCK-000561;SRC-000195/BLOCK-000876;SRC-000197/BLOCK-000931;SRC-000226/BLOCK-000878;SRC-000452/BLOCK-000826;SRC-000473/BLOCK-000562	TOOL-046;TOOL-009;TOOL-010;TOOL-013;TOOL-015;TOOL-041;TOOL-048;TOOL-050;TOOL-011;TOOL-014;TOOL-043;TOOL-047	APB-000010;APB-000012;APB-000017	yes	attachment_update	done	Stage 3 attachment route generated from completed scope row; use exact source blocks and missing-input prompts before item-level production claims.
S3-SCOPE-014	J017	S3-J016	GPTs/attachments/17_kubernetes_aku_cloud.md	17. Kubernetes and AKU	KAE-BLOCK-000227	repo_paired_ko_en	primary_working_source_after_alignment	pending	utilities_datacompj	8.1_verified	Korean authoritative; Altibase 8.1 verified source; English extraction aid	SRC-000197;SRC-000166	SRC-000008/BLOCK-000919;SRC-000013/BLOCK-000924;SRC-000014/BLOCK-000925;SRC-000172/BLOCK-000574;SRC-000177/BLOCK-000502;SRC-000185/BLOCK-000561;SRC-000195/BLOCK-000876;SRC-000197/BLOCK-000931;SRC-000226/BLOCK-000878;SRC-000452/BLOCK-000826;SRC-000473/BLOCK-000562	TOOL-046;TOOL-009;TOOL-010;TOOL-013;TOOL-015;TOOL-041;TOOL-048;TOOL-050;TOOL-011;TOOL-014;TOOL-043;TOOL-047	APB-000010;APB-000012;APB-000017	yes	attachment_update	done	Stage 3 attachment route generated from completed scope row; use exact source blocks and missing-input prompts before item-level production claims.
S3-SCOPE-014	J017	S3-J016	GPTs/attachments/17_kubernetes_aku_cloud.md	17. Kubernetes and AKU	KAE-BLOCK-000231	repo_ko_only	translation_candidate_after_alignment	pending	jdbc_java	multi	Korean authoritative	SRC-000473	SRC-000008/BLOCK-000919;SRC-000013/BLOCK-000924;SRC-000014/BLOCK-000925;SRC-000172/BLOCK-000574;SRC-000177/BLOCK-000502;SRC-000185/BLOCK-000561;SRC-000195/BLOCK-000876;SRC-000197/BLOCK-000931;SRC-000226/BLOCK-000878;SRC-000452/BLOCK-000826;SRC-000473/BLOCK-000562	TOOL-046;TOOL-009;TOOL-010;TOOL-013;TOOL-015;TOOL-041;TOOL-048;TOOL-050;TOOL-011;TOOL-014;TOOL-043;TOOL-047	APB-000010;APB-000012;APB-000017	yes	attachment_update	done	Stage 3 attachment route generated from completed scope row; use exact source blocks and missing-input prompts before item-level production claims.
S3-SCOPE-014	J017	S3-J016	GPTs/attachments/17_kubernetes_aku_cloud.md	17. Kubernetes and AKU	KAE-BLOCK-000244	repo_paired_ko_en	primary_working_source_after_alignment	pending	third_party_guides	multi	Korean authoritative; English extraction aid	SRC-000008;SRC-000002	SRC-000008/BLOCK-000919;SRC-000013/BLOCK-000924;SRC-000014/BLOCK-000925;SRC-000172/BLOCK-000574;SRC-000177/BLOCK-000502;SRC-000185/BLOCK-000561;SRC-000195/BLOCK-000876;SRC-000197/BLOCK-000931;SRC-000226/BLOCK-000878;SRC-000452/BLOCK-000826;SRC-000473/BLOCK-000562	TOOL-046;TOOL-009;TOOL-010;TOOL-013;TOOL-015;TOOL-041;TOOL-048;TOOL-050;TOOL-011;TOOL-014;TOOL-043;TOOL-047	APB-000010;APB-000012;APB-000017	yes	attachment_update	done	Stage 3 attachment route generated from completed scope row; use exact source blocks and missing-input prompts before item-level production claims.
S3-SCOPE-014	J017	S3-J016	GPTs/attachments/17_kubernetes_aku_cloud.md	17. Kubernetes and AKU	KAE-BLOCK-000248	repo_paired_ko_en	primary_working_source_after_alignment	pending	third_party_guides	multi	Korean authoritative; English extraction aid	SRC-000013;SRC-000006	SRC-000008/BLOCK-000919;SRC-000013/BLOCK-000924;SRC-000014/BLOCK-000925;SRC-000172/BLOCK-000574;SRC-000177/BLOCK-000502;SRC-000185/BLOCK-000561;SRC-000195/BLOCK-000876;SRC-000197/BLOCK-000931;SRC-000226/BLOCK-000878;SRC-000452/BLOCK-000826;SRC-000473/BLOCK-000562	TOOL-046;TOOL-009;TOOL-010;TOOL-013;TOOL-015;TOOL-041;TOOL-048;TOOL-050;TOOL-011;TOOL-014;TOOL-043;TOOL-047	APB-000010;APB-000012;APB-000017	yes	attachment_update	done	Stage 3 attachment route generated from completed scope row; use exact source blocks and missing-input prompts before item-level production claims.
S3-SCOPE-014	J017	S3-J016	GPTs/attachments/17_kubernetes_aku_cloud.md	17. Kubernetes and AKU	KAE-BLOCK-000249	repo_paired_ko_en	primary_working_source_after_alignment	pending	third_party_guides	multi	Korean authoritative; English extraction aid	SRC-000014;SRC-000007	SRC-000008/BLOCK-000919;SRC-000013/BLOCK-000924;SRC-000014/BLOCK-000925;SRC-000172/BLOCK-000574;SRC-000177/BLOCK-000502;SRC-000185/BLOCK-000561;SRC-000195/BLOCK-000876;SRC-000197/BLOCK-000931;SRC-000226/BLOCK-000878;SRC-000452/BLOCK-000826;SRC-000473/BLOCK-000562	TOOL-046;TOOL-009;TOOL-010;TOOL-013;TOOL-015;TOOL-041;TOOL-048;TOOL-050;TOOL-011;TOOL-014;TOOL-043;TOOL-047	APB-000010;APB-000012;APB-000017	yes	attachment_update	done	Stage 3 attachment route generated from completed scope row; use exact source blocks and missing-input prompts before item-level production claims.
S3-SCOPE-014	J017	S3-J016	GPTs/attachments/17_kubernetes_aku_cloud.md	17. Kubernetes and AKU	KAE-BLOCK-000253	repo_paired_ko_en	primary_working_source_after_alignment	pending	release_notes_platform	8.1.0.0.1	Korean authoritative; Altibase 8.1 verified source; English extraction aid	SRC-000452;SRC-000429	SRC-000008/BLOCK-000919;SRC-000013/BLOCK-000924;SRC-000014/BLOCK-000925;SRC-000172/BLOCK-000574;SRC-000177/BLOCK-000502;SRC-000185/BLOCK-000561;SRC-000195/BLOCK-000876;SRC-000197/BLOCK-000931;SRC-000226/BLOCK-000878;SRC-000452/BLOCK-000826;SRC-000473/BLOCK-000562	TOOL-046;TOOL-009;TOOL-010;TOOL-013;TOOL-015;TOOL-041;TOOL-048;TOOL-050;TOOL-011;TOOL-014;TOOL-043;TOOL-047	APB-000010;APB-000012;APB-000017	yes	attachment_update	done	Stage 3 attachment route generated from completed scope row; use exact source blocks and missing-input prompts before item-level production claims.
S3-SCOPE-014	J017	S3-J016	GPTs/attachments/17_kubernetes_aku_cloud.md	17. Kubernetes and AKU	KAE-BLOCK-000274	hybrid	primary_working_source_after_alignment	aligned	c_cli_odbc_precompiler;dblink_hadoop_external_connectors;isql_iloader;jdbc_java;migration_oracle;spatial_nifi_tableau;utilities_datacompj;release_notes_platform;third_party_guides	7.1;7.1.0.1.2;7.3;7.3.0.0.1;8.1_verified;multi;8.1.0.0.1;Migration Center 7.10;Migration Center 7.11;Migration Center 7.12;Migration Center 7.13;Migration Center 7.14;Migration Center 7.15;Migration Center 7.16;Migration Center 7.17;Migration Center 7.18;Migration Center 7.19;Migration Center 7.9;dataCompJ 7.2	Korean authoritative; English extraction aid; Altibase 8.1 verified source	SRC-000046;SRC-000050;SRC-000052;SRC-000065;SRC-000068;SRC-000053;SRC-000059;SRC-000077;SRC-000078;SRC-000047;SRC-000061;SRC-000048;SRC-000074;SRC-000076;SRC-000450;SRC-000110;SRC-000114;SRC-000116;SRC-000128;SRC-000130;SRC-000117;SRC-000123;SRC-000138;SRC-000139;SRC-000111;SRC-000125;SRC-000112;SRC-000135;SRC-000137;SRC-000451;SRC-000170;SRC-000174;SRC-000176;SRC-000188;SRC-000190;SRC-000177;SRC-000183;SRC-000221;SRC-000198;SRC-000199;SRC-000171;SRC-000185;SRC-000172;SRC-000223;SRC-000195;SRC-000226;SRC-000197;SRC-000222;SRC-000227;SRC-000207;SRC-000473;SRC-000209;SRC-000212;SRC-000470;SRC-000008;SRC-000009;SRC-000010;SRC-000012;SRC-000013;SRC-000014;SRC-000208;SRC-000213;SRC-000452;SRC-000453;SRC-000454;SRC-000455;SRC-000456;SRC-000457;SRC-000458;SRC-000459;SRC-000460;SRC-000461;SRC-000462;SRC-000463;SRC-000471;SRC-000015;SRC-000019;SRC-000021;SRC-000034;SRC-000036;SRC-000022;SRC-000028;SRC-000044;SRC-000045;SRC-000016;SRC-000030;SRC-000017;SRC-000041;SRC-000043;SRC-000427;SRC-000079;SRC-000083;SRC-000085;SRC-000097;SRC-000099;SRC-000086;SRC-000092;SRC-000107;SRC-000108;SRC-000080;SRC-000094;SRC-000081;SRC-000104;SRC-000106;SRC-000428;SRC-000140;SRC-000144;SRC-000146;SRC-000158;SRC-000160;SRC-000147;SRC-000153;SRC-000214;SRC-000167;SRC-000168;SRC-000141;SRC-000155;SRC-000142;SRC-000216;SRC-000164;SRC-000219;SRC-000166;SRC-000215;SRC-000220;SRC-000200;SRC-000202;SRC-000205;SRC-000448;SRC-000002;SRC-000003;SRC-000004;SRC-000005;SRC-000006;SRC-000007;SRC-000201;SRC-000206;SRC-000429;SRC-000430;SRC-000431;SRC-000432;SRC-000433;SRC-000434;SRC-000435;SRC-000436;SRC-000437;SRC-000438;SRC-000439;SRC-000442;SRC-000449	SRC-000008/BLOCK-000919;SRC-000013/BLOCK-000924;SRC-000014/BLOCK-000925;SRC-000172/BLOCK-000574;SRC-000177/BLOCK-000502;SRC-000185/BLOCK-000561;SRC-000195/BLOCK-000876;SRC-000197/BLOCK-000931;SRC-000226/BLOCK-000878;SRC-000452/BLOCK-000826;SRC-000473/BLOCK-000562	TOOL-046;TOOL-009;TOOL-010;TOOL-013;TOOL-015;TOOL-041;TOOL-048;TOOL-050;TOOL-011;TOOL-014;TOOL-043;TOOL-047	APB-000010;APB-000012;APB-000017	yes	attachment_update	done	Stage 3 attachment route generated from completed scope row; use exact source blocks and missing-input prompts before item-level production claims.
S3-SCOPE-014	J017	S3-J016	GPTs/attachments/17_kubernetes_aku_cloud.md	17. Kubernetes and AKU	KAE-BLOCK-000275	hybrid	primary_working_source_after_alignment	aligned	patch_notes;release_notes_platform;technical_documents_support;third_party_guides;migration_oracle;replication_manager;spatial_nifi_tableau;utilities_datacompj	7.1;7.3;8.1_verified;multi;selected release-note tool scopes	Korean authoritative; English extraction aid; Repository source evidence; Approved support evidence; Altibase 8.1 verified source	SRC-000008;SRC-000009;SRC-000010;SRC-000011;SRC-000012;SRC-000013;SRC-000014;SRC-000064;SRC-000301;SRC-000302;SRC-000303;SRC-000304;SRC-000305;SRC-000306;SRC-000307;SRC-000308;SRC-000309;SRC-000310;SRC-000311;SRC-000312;SRC-000313;SRC-000314;SRC-000315;SRC-000316;SRC-000317;SRC-000318;SRC-000319;SRC-000320;SRC-000321;SRC-000322;SRC-000323;SRC-000324;SRC-000325;SRC-000326;SRC-000327;SRC-000328;SRC-000329;SRC-000330;SRC-000331;SRC-000332;SRC-000333;SRC-000334;SRC-000335;SRC-000336;SRC-000337;SRC-000338;SRC-000339;SRC-000340;SRC-000341;SRC-000342;SRC-000343;SRC-000344;SRC-000345;SRC-000346;SRC-000347;SRC-000348;SRC-000349;SRC-000350;SRC-000351;SRC-000352;SRC-000353;SRC-000354;SRC-000355;SRC-000356;SRC-000357;SRC-000358;SRC-000359;SRC-000360;SRC-000361;SRC-000362;SRC-000363;SRC-000364;SRC-000365;SRC-000366;SRC-000367;SRC-000368;SRC-000369;SRC-000370;SRC-000371;SRC-000372;SRC-000373;SRC-000374;SRC-000375;SRC-000376;SRC-000377;SRC-000378;SRC-000379;SRC-000380;SRC-000381;SRC-000382;SRC-000383;SRC-000384;SRC-000385;SRC-000386;SRC-000387;SRC-000388;SRC-000389;SRC-000390;SRC-000391;SRC-000392;SRC-000393;SRC-000394;SRC-000395;SRC-000396;SRC-000405;SRC-000406;SRC-000407;SRC-000408;SRC-000409;SRC-000410;SRC-000411;SRC-000412;SRC-000413;SRC-000414;SRC-000415;SRC-000416;SRC-000417;SRC-000418;SRC-000419;SRC-000420;SRC-000421;SRC-000422;SRC-000423;SRC-000450;SRC-000451;SRC-000452;SRC-000453;SRC-000454;SRC-000455;SRC-000456;SRC-000457;SRC-000458;SRC-000459;SRC-000460;SRC-000461;SRC-000462;SRC-000463;SRC-000464;SRC-000465;SRC-000466;SRC-000467;SRC-000468;SRC-000469;SRC-000470;SRC-000471;SRC-000473;SRC-000474;SRC-000475;SRC-000476;SRC-000002;SRC-000003;SRC-000004;SRC-000005;SRC-000006;SRC-000007;SRC-000033;SRC-000231;SRC-000232;SRC-000233;SRC-000234;SRC-000235;SRC-000236;SRC-000237;SRC-000238;SRC-000239;SRC-000240;SRC-000241;SRC-000242;SRC-000243;SRC-000244;SRC-000245;SRC-000246;SRC-000247;SRC-000248;SRC-000249;SRC-000250;SRC-000251;SRC-000252;SRC-000253;SRC-000254;SRC-000255;SRC-000256;SRC-000257;SRC-000258;SRC-000259;SRC-000260;SRC-000261;SRC-000262;SRC-000263;SRC-000264;SRC-000265;SRC-000266;SRC-000267;SRC-000268;SRC-000269;SRC-000270;SRC-000271;SRC-000272;SRC-000273;SRC-000274;SRC-000275;SRC-000276;SRC-000277;SRC-000278;SRC-000279;SRC-000280;SRC-000281;SRC-000282;SRC-000283;SRC-000284;SRC-000285;SRC-000286;SRC-000287;SRC-000288;SRC-000289;SRC-000290;SRC-000291;SRC-000292;SRC-000293;SRC-000294;SRC-000295;SRC-000296;SRC-000297;SRC-000298;SRC-000299;SRC-000300;SRC-000399;SRC-000400;SRC-000401;SRC-000402;SRC-000403;SRC-000404;SRC-000427;SRC-000428;SRC-000429;SRC-000430;SRC-000431;SRC-000432;SRC-000433;SRC-000434;SRC-000435;SRC-000436;SRC-000437;SRC-000438;SRC-000439;SRC-000440;SRC-000441;SRC-000442;SRC-000443;SRC-000444;SRC-000445;SRC-000446;SRC-000447;SRC-000448;SRC-000449;SRC-000472;SRC-000001;SRC-000228;SRC-000229;SRC-000230;SRC-000397;SRC-000398;SRC-000424;SRC-000425;SRC-000426;SRC-000477	SRC-000008/BLOCK-000919;SRC-000013/BLOCK-000924;SRC-000014/BLOCK-000925;SRC-000172/BLOCK-000574;SRC-000177/BLOCK-000502;SRC-000185/BLOCK-000561;SRC-000195/BLOCK-000876;SRC-000197/BLOCK-000931;SRC-000226/BLOCK-000878;SRC-000452/BLOCK-000826;SRC-000473/BLOCK-000562	TOOL-046;TOOL-009;TOOL-010;TOOL-013;TOOL-015;TOOL-041;TOOL-048;TOOL-050;TOOL-011;TOOL-014;TOOL-043;TOOL-047	APB-000010;APB-000012;APB-000017	yes	attachment_update	done	Stage 3 attachment route generated from completed scope row; use exact source blocks and missing-input prompts before item-level production claims.
S3-SCOPE-014	J017	S3-J016	GPTs/attachments/19_spatial_nifi_tableau_misc.md	19. Spatial, NiFi, Tableau, and Miscellaneous Integrations	KAE-BLOCK-000197	repo_paired_ko_en	primary_working_source_after_alignment	pending	dblink_hadoop_external_connectors	8.1_verified	Korean authoritative; Altibase 8.1 verified source; English extraction aid	SRC-000177;SRC-000147	SRC-000008/BLOCK-000919;SRC-000013/BLOCK-000924;SRC-000014/BLOCK-000925;SRC-000172/BLOCK-000574;SRC-000177/BLOCK-000502;SRC-000185/BLOCK-000561;SRC-000195/BLOCK-000876;SRC-000197/BLOCK-000931;SRC-000226/BLOCK-000878;SRC-000452/BLOCK-000826;SRC-000473/BLOCK-000562	TOOL-046;TOOL-009;TOOL-010;TOOL-013;TOOL-015;TOOL-041;TOOL-048;TOOL-050;TOOL-011;TOOL-014;TOOL-043;TOOL-047	APB-000010;APB-000012;APB-000017	yes	attachment_update	done	Stage 3 attachment route generated from completed scope row; use exact source blocks and missing-input prompts before item-level production claims.
S3-SCOPE-014	J017	S3-J016	GPTs/attachments/19_spatial_nifi_tableau_misc.md	19. Spatial, NiFi, Tableau, and Miscellaneous Integrations	KAE-BLOCK-000208	repo_paired_ko_en	primary_working_source_after_alignment	pending	jdbc_java	8.1_verified	Korean authoritative; Altibase 8.1 verified source; English extraction aid	SRC-000185;SRC-000155	SRC-000008/BLOCK-000919;SRC-000013/BLOCK-000924;SRC-000014/BLOCK-000925;SRC-000172/BLOCK-000574;SRC-000177/BLOCK-000502;SRC-000185/BLOCK-000561;SRC-000195/BLOCK-000876;SRC-000197/BLOCK-000931;SRC-000226/BLOCK-000878;SRC-000452/BLOCK-000826;SRC-000473/BLOCK-000562	TOOL-046;TOOL-009;TOOL-010;TOOL-013;TOOL-015;TOOL-041;TOOL-048;TOOL-050;TOOL-011;TOOL-014;TOOL-043;TOOL-047	APB-000010;APB-000012;APB-000017	yes	attachment_update	done	Stage 3 attachment route generated from completed scope row; use exact source blocks and missing-input prompts before item-level production claims.
S3-SCOPE-014	J017	S3-J016	GPTs/attachments/19_spatial_nifi_tableau_misc.md	19. Spatial, NiFi, Tableau, and Miscellaneous Integrations	KAE-BLOCK-000210	repo_paired_ko_en	primary_working_source_after_alignment	pending	migration_oracle	8.1_verified	Korean authoritative; Altibase 8.1 verified source; English extraction aid	SRC-000172;SRC-000142	SRC-000008/BLOCK-000919;SRC-000013/BLOCK-000924;SRC-000014/BLOCK-000925;SRC-000172/BLOCK-000574;SRC-000177/BLOCK-000502;SRC-000185/BLOCK-000561;SRC-000195/BLOCK-000876;SRC-000197/BLOCK-000931;SRC-000226/BLOCK-000878;SRC-000452/BLOCK-000826;SRC-000473/BLOCK-000562	TOOL-046;TOOL-009;TOOL-010;TOOL-013;TOOL-015;TOOL-041;TOOL-048;TOOL-050;TOOL-011;TOOL-014;TOOL-043;TOOL-047	APB-000010;APB-000012;APB-000017	yes	attachment_update	done	Stage 3 attachment route generated from completed scope row; use exact source blocks and missing-input prompts before item-level production claims.
S3-SCOPE-014	J017	S3-J016	GPTs/attachments/19_spatial_nifi_tableau_misc.md	19. Spatial, NiFi, Tableau, and Miscellaneous Integrations	KAE-BLOCK-000221	repo_paired_ko_en	primary_working_source_after_alignment	pending	spatial_nifi_tableau	8.1_verified	Korean authoritative; Altibase 8.1 verified source; English extraction aid	SRC-000195;SRC-000164	SRC-000008/BLOCK-000919;SRC-000013/BLOCK-000924;SRC-000014/BLOCK-000925;SRC-000172/BLOCK-000574;SRC-000177/BLOCK-000502;SRC-000185/BLOCK-000561;SRC-000195/BLOCK-000876;SRC-000197/BLOCK-000931;SRC-000226/BLOCK-000878;SRC-000452/BLOCK-000826;SRC-000473/BLOCK-000562	TOOL-046;TOOL-009;TOOL-010;TOOL-013;TOOL-015;TOOL-041;TOOL-048;TOOL-050;TOOL-011;TOOL-014;TOOL-043;TOOL-047	APB-000010;APB-000012;APB-000017	yes	attachment_update	done	Stage 3 attachment route generated from completed scope row; use exact source blocks and missing-input prompts before item-level production claims.
S3-SCOPE-014	J017	S3-J016	GPTs/attachments/19_spatial_nifi_tableau_misc.md	19. Spatial, NiFi, Tableau, and Miscellaneous Integrations	KAE-BLOCK-000222	repo_paired_ko_en	primary_working_source_after_alignment	pending	spatial_nifi_tableau	8.1_verified	Korean authoritative; Altibase 8.1 verified source; English extraction aid	SRC-000226;SRC-000219	SRC-000008/BLOCK-000919;SRC-000013/BLOCK-000924;SRC-000014/BLOCK-000925;SRC-000172/BLOCK-000574;SRC-000177/BLOCK-000502;SRC-000185/BLOCK-000561;SRC-000195/BLOCK-000876;SRC-000197/BLOCK-000931;SRC-000226/BLOCK-000878;SRC-000452/BLOCK-000826;SRC-000473/BLOCK-000562	TOOL-046;TOOL-009;TOOL-010;TOOL-013;TOOL-015;TOOL-041;TOOL-048;TOOL-050;TOOL-011;TOOL-014;TOOL-043;TOOL-047	APB-000010;APB-000012;APB-000017	yes	attachment_update	done	Stage 3 attachment route generated from completed scope row; use exact source blocks and missing-input prompts before item-level production claims.
S3-SCOPE-014	J017	S3-J016	GPTs/attachments/19_spatial_nifi_tableau_misc.md	19. Spatial, NiFi, Tableau, and Miscellaneous Integrations	KAE-BLOCK-000227	repo_paired_ko_en	primary_working_source_after_alignment	pending	utilities_datacompj	8.1_verified	Korean authoritative; Altibase 8.1 verified source; English extraction aid	SRC-000197;SRC-000166	SRC-000008/BLOCK-000919;SRC-000013/BLOCK-000924;SRC-000014/BLOCK-000925;SRC-000172/BLOCK-000574;SRC-000177/BLOCK-000502;SRC-000185/BLOCK-000561;SRC-000195/BLOCK-000876;SRC-000197/BLOCK-000931;SRC-000226/BLOCK-000878;SRC-000452/BLOCK-000826;SRC-000473/BLOCK-000562	TOOL-046;TOOL-009;TOOL-010;TOOL-013;TOOL-015;TOOL-041;TOOL-048;TOOL-050;TOOL-011;TOOL-014;TOOL-043;TOOL-047	APB-000010;APB-000012;APB-000017	yes	attachment_update	done	Stage 3 attachment route generated from completed scope row; use exact source blocks and missing-input prompts before item-level production claims.
S3-SCOPE-014	J017	S3-J016	GPTs/attachments/19_spatial_nifi_tableau_misc.md	19. Spatial, NiFi, Tableau, and Miscellaneous Integrations	KAE-BLOCK-000231	repo_ko_only	translation_candidate_after_alignment	pending	jdbc_java	multi	Korean authoritative	SRC-000473	SRC-000008/BLOCK-000919;SRC-000013/BLOCK-000924;SRC-000014/BLOCK-000925;SRC-000172/BLOCK-000574;SRC-000177/BLOCK-000502;SRC-000185/BLOCK-000561;SRC-000195/BLOCK-000876;SRC-000197/BLOCK-000931;SRC-000226/BLOCK-000878;SRC-000452/BLOCK-000826;SRC-000473/BLOCK-000562	TOOL-046;TOOL-009;TOOL-010;TOOL-013;TOOL-015;TOOL-041;TOOL-048;TOOL-050;TOOL-011;TOOL-014;TOOL-043;TOOL-047	APB-000010;APB-000012;APB-000017	yes	attachment_update	done	Stage 3 attachment route generated from completed scope row; use exact source blocks and missing-input prompts before item-level production claims.
S3-SCOPE-014	J017	S3-J016	GPTs/attachments/19_spatial_nifi_tableau_misc.md	19. Spatial, NiFi, Tableau, and Miscellaneous Integrations	KAE-BLOCK-000244	repo_paired_ko_en	primary_working_source_after_alignment	pending	third_party_guides	multi	Korean authoritative; English extraction aid	SRC-000008;SRC-000002	SRC-000008/BLOCK-000919;SRC-000013/BLOCK-000924;SRC-000014/BLOCK-000925;SRC-000172/BLOCK-000574;SRC-000177/BLOCK-000502;SRC-000185/BLOCK-000561;SRC-000195/BLOCK-000876;SRC-000197/BLOCK-000931;SRC-000226/BLOCK-000878;SRC-000452/BLOCK-000826;SRC-000473/BLOCK-000562	TOOL-046;TOOL-009;TOOL-010;TOOL-013;TOOL-015;TOOL-041;TOOL-048;TOOL-050;TOOL-011;TOOL-014;TOOL-043;TOOL-047	APB-000010;APB-000012;APB-000017	yes	attachment_update	done	Stage 3 attachment route generated from completed scope row; use exact source blocks and missing-input prompts before item-level production claims.
S3-SCOPE-014	J017	S3-J016	GPTs/attachments/19_spatial_nifi_tableau_misc.md	19. Spatial, NiFi, Tableau, and Miscellaneous Integrations	KAE-BLOCK-000248	repo_paired_ko_en	primary_working_source_after_alignment	pending	third_party_guides	multi	Korean authoritative; English extraction aid	SRC-000013;SRC-000006	SRC-000008/BLOCK-000919;SRC-000013/BLOCK-000924;SRC-000014/BLOCK-000925;SRC-000172/BLOCK-000574;SRC-000177/BLOCK-000502;SRC-000185/BLOCK-000561;SRC-000195/BLOCK-000876;SRC-000197/BLOCK-000931;SRC-000226/BLOCK-000878;SRC-000452/BLOCK-000826;SRC-000473/BLOCK-000562	TOOL-046;TOOL-009;TOOL-010;TOOL-013;TOOL-015;TOOL-041;TOOL-048;TOOL-050;TOOL-011;TOOL-014;TOOL-043;TOOL-047	APB-000010;APB-000012;APB-000017	yes	attachment_update	done	Stage 3 attachment route generated from completed scope row; use exact source blocks and missing-input prompts before item-level production claims.
S3-SCOPE-014	J017	S3-J016	GPTs/attachments/19_spatial_nifi_tableau_misc.md	19. Spatial, NiFi, Tableau, and Miscellaneous Integrations	KAE-BLOCK-000249	repo_paired_ko_en	primary_working_source_after_alignment	pending	third_party_guides	multi	Korean authoritative; English extraction aid	SRC-000014;SRC-000007	SRC-000008/BLOCK-000919;SRC-000013/BLOCK-000924;SRC-000014/BLOCK-000925;SRC-000172/BLOCK-000574;SRC-000177/BLOCK-000502;SRC-000185/BLOCK-000561;SRC-000195/BLOCK-000876;SRC-000197/BLOCK-000931;SRC-000226/BLOCK-000878;SRC-000452/BLOCK-000826;SRC-000473/BLOCK-000562	TOOL-046;TOOL-009;TOOL-010;TOOL-013;TOOL-015;TOOL-041;TOOL-048;TOOL-050;TOOL-011;TOOL-014;TOOL-043;TOOL-047	APB-000010;APB-000012;APB-000017	yes	attachment_update	done	Stage 3 attachment route generated from completed scope row; use exact source blocks and missing-input prompts before item-level production claims.
S3-SCOPE-014	J017	S3-J016	GPTs/attachments/19_spatial_nifi_tableau_misc.md	19. Spatial, NiFi, Tableau, and Miscellaneous Integrations	KAE-BLOCK-000253	repo_paired_ko_en	primary_working_source_after_alignment	pending	release_notes_platform	8.1.0.0.1	Korean authoritative; Altibase 8.1 verified source; English extraction aid	SRC-000452;SRC-000429	SRC-000008/BLOCK-000919;SRC-000013/BLOCK-000924;SRC-000014/BLOCK-000925;SRC-000172/BLOCK-000574;SRC-000177/BLOCK-000502;SRC-000185/BLOCK-000561;SRC-000195/BLOCK-000876;SRC-000197/BLOCK-000931;SRC-000226/BLOCK-000878;SRC-000452/BLOCK-000826;SRC-000473/BLOCK-000562	TOOL-046;TOOL-009;TOOL-010;TOOL-013;TOOL-015;TOOL-041;TOOL-048;TOOL-050;TOOL-011;TOOL-014;TOOL-043;TOOL-047	APB-000010;APB-000012;APB-000017	yes	attachment_update	done	Stage 3 attachment route generated from completed scope row; use exact source blocks and missing-input prompts before item-level production claims.
S3-SCOPE-014	J017	S3-J016	GPTs/attachments/19_spatial_nifi_tableau_misc.md	19. Spatial, NiFi, Tableau, and Miscellaneous Integrations	KAE-BLOCK-000274	hybrid	primary_working_source_after_alignment	aligned	c_cli_odbc_precompiler;dblink_hadoop_external_connectors;isql_iloader;jdbc_java;migration_oracle;spatial_nifi_tableau;utilities_datacompj;release_notes_platform;third_party_guides	7.1;7.1.0.1.2;7.3;7.3.0.0.1;8.1_verified;multi;8.1.0.0.1;Migration Center 7.10;Migration Center 7.11;Migration Center 7.12;Migration Center 7.13;Migration Center 7.14;Migration Center 7.15;Migration Center 7.16;Migration Center 7.17;Migration Center 7.18;Migration Center 7.19;Migration Center 7.9;dataCompJ 7.2	Korean authoritative; English extraction aid; Altibase 8.1 verified source	SRC-000046;SRC-000050;SRC-000052;SRC-000065;SRC-000068;SRC-000053;SRC-000059;SRC-000077;SRC-000078;SRC-000047;SRC-000061;SRC-000048;SRC-000074;SRC-000076;SRC-000450;SRC-000110;SRC-000114;SRC-000116;SRC-000128;SRC-000130;SRC-000117;SRC-000123;SRC-000138;SRC-000139;SRC-000111;SRC-000125;SRC-000112;SRC-000135;SRC-000137;SRC-000451;SRC-000170;SRC-000174;SRC-000176;SRC-000188;SRC-000190;SRC-000177;SRC-000183;SRC-000221;SRC-000198;SRC-000199;SRC-000171;SRC-000185;SRC-000172;SRC-000223;SRC-000195;SRC-000226;SRC-000197;SRC-000222;SRC-000227;SRC-000207;SRC-000473;SRC-000209;SRC-000212;SRC-000470;SRC-000008;SRC-000009;SRC-000010;SRC-000012;SRC-000013;SRC-000014;SRC-000208;SRC-000213;SRC-000452;SRC-000453;SRC-000454;SRC-000455;SRC-000456;SRC-000457;SRC-000458;SRC-000459;SRC-000460;SRC-000461;SRC-000462;SRC-000463;SRC-000471;SRC-000015;SRC-000019;SRC-000021;SRC-000034;SRC-000036;SRC-000022;SRC-000028;SRC-000044;SRC-000045;SRC-000016;SRC-000030;SRC-000017;SRC-000041;SRC-000043;SRC-000427;SRC-000079;SRC-000083;SRC-000085;SRC-000097;SRC-000099;SRC-000086;SRC-000092;SRC-000107;SRC-000108;SRC-000080;SRC-000094;SRC-000081;SRC-000104;SRC-000106;SRC-000428;SRC-000140;SRC-000144;SRC-000146;SRC-000158;SRC-000160;SRC-000147;SRC-000153;SRC-000214;SRC-000167;SRC-000168;SRC-000141;SRC-000155;SRC-000142;SRC-000216;SRC-000164;SRC-000219;SRC-000166;SRC-000215;SRC-000220;SRC-000200;SRC-000202;SRC-000205;SRC-000448;SRC-000002;SRC-000003;SRC-000004;SRC-000005;SRC-000006;SRC-000007;SRC-000201;SRC-000206;SRC-000429;SRC-000430;SRC-000431;SRC-000432;SRC-000433;SRC-000434;SRC-000435;SRC-000436;SRC-000437;SRC-000438;SRC-000439;SRC-000442;SRC-000449	SRC-000008/BLOCK-000919;SRC-000013/BLOCK-000924;SRC-000014/BLOCK-000925;SRC-000172/BLOCK-000574;SRC-000177/BLOCK-000502;SRC-000185/BLOCK-000561;SRC-000195/BLOCK-000876;SRC-000197/BLOCK-000931;SRC-000226/BLOCK-000878;SRC-000452/BLOCK-000826;SRC-000473/BLOCK-000562	TOOL-046;TOOL-009;TOOL-010;TOOL-013;TOOL-015;TOOL-041;TOOL-048;TOOL-050;TOOL-011;TOOL-014;TOOL-043;TOOL-047	APB-000010;APB-000012;APB-000017	yes	attachment_update	done	Stage 3 attachment route generated from completed scope row; use exact source blocks and missing-input prompts before item-level production claims.
S3-SCOPE-014	J017	S3-J016	GPTs/attachments/19_spatial_nifi_tableau_misc.md	19. Spatial, NiFi, Tableau, and Miscellaneous Integrations	KAE-BLOCK-000275	hybrid	primary_working_source_after_alignment	aligned	patch_notes;release_notes_platform;technical_documents_support;third_party_guides;migration_oracle;replication_manager;spatial_nifi_tableau;utilities_datacompj	7.1;7.3;8.1_verified;multi;selected release-note tool scopes	Korean authoritative; English extraction aid; Repository source evidence; Approved support evidence; Altibase 8.1 verified source	SRC-000008;SRC-000009;SRC-000010;SRC-000011;SRC-000012;SRC-000013;SRC-000014;SRC-000064;SRC-000301;SRC-000302;SRC-000303;SRC-000304;SRC-000305;SRC-000306;SRC-000307;SRC-000308;SRC-000309;SRC-000310;SRC-000311;SRC-000312;SRC-000313;SRC-000314;SRC-000315;SRC-000316;SRC-000317;SRC-000318;SRC-000319;SRC-000320;SRC-000321;SRC-000322;SRC-000323;SRC-000324;SRC-000325;SRC-000326;SRC-000327;SRC-000328;SRC-000329;SRC-000330;SRC-000331;SRC-000332;SRC-000333;SRC-000334;SRC-000335;SRC-000336;SRC-000337;SRC-000338;SRC-000339;SRC-000340;SRC-000341;SRC-000342;SRC-000343;SRC-000344;SRC-000345;SRC-000346;SRC-000347;SRC-000348;SRC-000349;SRC-000350;SRC-000351;SRC-000352;SRC-000353;SRC-000354;SRC-000355;SRC-000356;SRC-000357;SRC-000358;SRC-000359;SRC-000360;SRC-000361;SRC-000362;SRC-000363;SRC-000364;SRC-000365;SRC-000366;SRC-000367;SRC-000368;SRC-000369;SRC-000370;SRC-000371;SRC-000372;SRC-000373;SRC-000374;SRC-000375;SRC-000376;SRC-000377;SRC-000378;SRC-000379;SRC-000380;SRC-000381;SRC-000382;SRC-000383;SRC-000384;SRC-000385;SRC-000386;SRC-000387;SRC-000388;SRC-000389;SRC-000390;SRC-000391;SRC-000392;SRC-000393;SRC-000394;SRC-000395;SRC-000396;SRC-000405;SRC-000406;SRC-000407;SRC-000408;SRC-000409;SRC-000410;SRC-000411;SRC-000412;SRC-000413;SRC-000414;SRC-000415;SRC-000416;SRC-000417;SRC-000418;SRC-000419;SRC-000420;SRC-000421;SRC-000422;SRC-000423;SRC-000450;SRC-000451;SRC-000452;SRC-000453;SRC-000454;SRC-000455;SRC-000456;SRC-000457;SRC-000458;SRC-000459;SRC-000460;SRC-000461;SRC-000462;SRC-000463;SRC-000464;SRC-000465;SRC-000466;SRC-000467;SRC-000468;SRC-000469;SRC-000470;SRC-000471;SRC-000473;SRC-000474;SRC-000475;SRC-000476;SRC-000002;SRC-000003;SRC-000004;SRC-000005;SRC-000006;SRC-000007;SRC-000033;SRC-000231;SRC-000232;SRC-000233;SRC-000234;SRC-000235;SRC-000236;SRC-000237;SRC-000238;SRC-000239;SRC-000240;SRC-000241;SRC-000242;SRC-000243;SRC-000244;SRC-000245;SRC-000246;SRC-000247;SRC-000248;SRC-000249;SRC-000250;SRC-000251;SRC-000252;SRC-000253;SRC-000254;SRC-000255;SRC-000256;SRC-000257;SRC-000258;SRC-000259;SRC-000260;SRC-000261;SRC-000262;SRC-000263;SRC-000264;SRC-000265;SRC-000266;SRC-000267;SRC-000268;SRC-000269;SRC-000270;SRC-000271;SRC-000272;SRC-000273;SRC-000274;SRC-000275;SRC-000276;SRC-000277;SRC-000278;SRC-000279;SRC-000280;SRC-000281;SRC-000282;SRC-000283;SRC-000284;SRC-000285;SRC-000286;SRC-000287;SRC-000288;SRC-000289;SRC-000290;SRC-000291;SRC-000292;SRC-000293;SRC-000294;SRC-000295;SRC-000296;SRC-000297;SRC-000298;SRC-000299;SRC-000300;SRC-000399;SRC-000400;SRC-000401;SRC-000402;SRC-000403;SRC-000404;SRC-000427;SRC-000428;SRC-000429;SRC-000430;SRC-000431;SRC-000432;SRC-000433;SRC-000434;SRC-000435;SRC-000436;SRC-000437;SRC-000438;SRC-000439;SRC-000440;SRC-000441;SRC-000442;SRC-000443;SRC-000444;SRC-000445;SRC-000446;SRC-000447;SRC-000448;SRC-000449;SRC-000472;SRC-000001;SRC-000228;SRC-000229;SRC-000230;SRC-000397;SRC-000398;SRC-000424;SRC-000425;SRC-000426;SRC-000477	SRC-000008/BLOCK-000919;SRC-000013/BLOCK-000924;SRC-000014/BLOCK-000925;SRC-000172/BLOCK-000574;SRC-000177/BLOCK-000502;SRC-000185/BLOCK-000561;SRC-000195/BLOCK-000876;SRC-000197/BLOCK-000931;SRC-000226/BLOCK-000878;SRC-000452/BLOCK-000826;SRC-000473/BLOCK-000562	TOOL-046;TOOL-009;TOOL-010;TOOL-013;TOOL-015;TOOL-041;TOOL-048;TOOL-050;TOOL-011;TOOL-014;TOOL-043;TOOL-047	APB-000010;APB-000012;APB-000017	yes	attachment_update	done	Stage 3 attachment route generated from completed scope row; use exact source blocks and missing-input prompts before item-level production claims.
