scope_row_id	source_inventory_job_group	owning_stage3_job	attachment_path	attachment_title	playbook_id	playbook_path	playbook_title	domain	validation_status	supported_versions	source_ids	source_pack_block_ids	korean_aligned_baseline_block_ids	generated_artifact_types	protected_topic	guardrail_ids	question_ids	protected_topic_flag	stage3_disposition	stage3_status	notes
S3-SCOPE-001	J004	S3-J003	GPTs/attachments/05_data_types_properties.md	05. Data Types and Properties	APB-000004	GPTs/agent_playbooks/properties.md	Properties Playbook	Properties	pass	7.1;7.3;8.1_verified	SRC-000049;SRC-000018;SRC-000056;SRC-000025;SRC-000072;SRC-000040;SRC-000113;SRC-000082;SRC-000120;SRC-000089;SRC-000134;SRC-000103;SRC-000173;SRC-000143;SRC-000180;SRC-000150;SRC-000194;SRC-000163	SRC-000049/BLOCK-000002;SRC-000018/BLOCK-000001;SRC-000056/BLOCK-000515;SRC-000025/BLOCK-000514;SRC-000072/BLOCK-000884;SRC-000040/BLOCK-000883;SRC-000113/BLOCK-000004;SRC-000082/BLOCK-000003;SRC-000120/BLOCK-000517;SRC-000089/BLOCK-000516;SRC-000134/BLOCK-000886;SRC-000103/BLOCK-000885;SRC-000173/BLOCK-000006;SRC-000143/BLOCK-000005;SRC-000180/BLOCK-000519;SRC-000150/BLOCK-000518;SRC-000194/BLOCK-000888;SRC-000163/BLOCK-000887	KAE-BLOCK-000272;KAE-BLOCK-000273	configuration;SQL;commands;validation_sql	yes	CONF-000004;CONF-000005	PROP-105;PROP-112;PROP-130;PROP-131;PROP-132;PROP-134;PROP-148;PROP-103;PROP-107;PROP-146;PROP-147;PROP-149	yes	attachment_update	done	Stage 3 attachment route generated from completed scope row; use exact source blocks and missing-input prompts before item-level production claims.
S3-SCOPE-001	J004	S3-J003	GPTs/attachments/05_data_types_properties.md	05. Data Types and Properties	APB-000016	GPTs/agent_playbooks/protected_operations.md	Protected Administration Operations Playbook	Protected administration operations	pass	7.1;7.3;8.1_verified	SRC-000049;SRC-000018;SRC-000056;SRC-000025;SRC-000072;SRC-000040;SRC-000113;SRC-000082;SRC-000120;SRC-000089;SRC-000134;SRC-000103;SRC-000173;SRC-000143;SRC-000180;SRC-000150;SRC-000194;SRC-000163;AID-SRC-000428;AID-SRC-000429	SRC-000049/BLOCK-000002;SRC-000018/BLOCK-000001;SRC-000056/BLOCK-000515;SRC-000025/BLOCK-000514;SRC-000072/BLOCK-000884;SRC-000040/BLOCK-000883;SRC-000113/BLOCK-000004;SRC-000082/BLOCK-000003;SRC-000120/BLOCK-000517;SRC-000089/BLOCK-000516;SRC-000134/BLOCK-000886;SRC-000103/BLOCK-000885;SRC-000173/BLOCK-000006;SRC-000143/BLOCK-000005;SRC-000180/BLOCK-000519;SRC-000150/BLOCK-000518;SRC-000194/BLOCK-000888;SRC-000163/BLOCK-000887;BLOCK-000438;BLOCK-000439	KAE-BLOCK-000272;KAE-BLOCK-000273;KAE-BLOCK-000276	commands;SQL;configuration;validation_sql;runbook;recovery_plan	yes	CONF-000004;CONF-000005;CONF-000007	PROP-105;PROP-112;PROP-130;PROP-131;PROP-132;PROP-134;PROP-148;PROP-103;PROP-107;PROP-146;PROP-147;PROP-149	yes	attachment_update	done	Stage 3 attachment route generated from completed scope row; use exact source blocks and missing-input prompts before item-level production claims.
S3-SCOPE-001	J004	S3-J003	GPTs/attachments/05_data_types_properties.md	05. Data Types and Properties	APB-000017	GPTs/agent_playbooks/aid_version_release_patch_routing.md	AID, Version, Release, And Patch Routing Playbook	AID, version, release, and patch routing	pass	7.1;7.3;8.1_verified;multi;aid	SRC-000228;SRC-000397;SRC-000424;SRC-000425;SRC-000426;SRC-000450;SRC-000451;SRC-000452;SRC-000477;SRC-000473;SRC-000474;SRC-000475;SRC-000476;SRC-000443;SRC-000444;SRC-000445;SRC-000464;SRC-000465;SRC-000466;AID-000001;AID-000002;AID-000003;AID-000004;AID-000005;AID-000006;AID-000015;AID-000016;AID-000022;AID-000023;AID-000025;AID-000028;AID-SRC-000423;AID-SRC-000424;AID-SRC-000425;AID-SRC-000426;AID-SRC-000427;AID-SRC-000428;AID-SRC-000429;AID-SRC-000430;AID-SRC-000431;AID-SRC-000432;AID-SRC-000433;AID-SRC-000434;AID-SRC-000435;AID-SRC-000436;AID-SRC-000437;AID-SRC-000438	SRC-000228/BLOCK-000615;SRC-000397/BLOCK-000784;SRC-000424/BLOCK-000819;SRC-000425/BLOCK-000822;SRC-000426/BLOCK-000827;SRC-000450/BLOCK-000821;SRC-000451/BLOCK-000824;SRC-000452/BLOCK-000826;SRC-000477/BLOCK-000829;SRC-000473/BLOCK-000562;SRC-000474/BLOCK-000909;SRC-000475/BLOCK-000910;SRC-000476/BLOCK-000911;SRC-000443/BLOCK-000836;SRC-000444/BLOCK-000838;SRC-000445/BLOCK-000840;SRC-000464/BLOCK-000837;SRC-000465/BLOCK-000839;SRC-000466/BLOCK-000841;BLOCK-000454;BLOCK-000457;BLOCK-000459;BLOCK-000460;BLOCK-000429;BLOCK-000433;BLOCK-000431;BLOCK-000432;BLOCK-000451;BLOCK-000453;BLOCK-000448;BLOCK-000436;BLOCK-000437;BLOCK-000438;BLOCK-000439;BLOCK-000440;BLOCK-000441;BLOCK-000442;BLOCK-000443;BLOCK-000444;BLOCK-000445;BLOCK-000446;BLOCK-000447;BLOCK-000452	KAE-BLOCK-000022;KAE-BLOCK-000157;KAE-BLOCK-000231;KAE-BLOCK-000240;KAE-BLOCK-000241;KAE-BLOCK-000242;KAE-BLOCK-000275;KAE-BLOCK-000276;KAE-BLOCK-000287	routing_matrix;source_recheck_plan;version_boundary_note;patch_token_packet;aid_decision_packet;validation_checks	yes	CONF-000001;CONF-000002;CONF-000004;CONF-000005;CONF-000006;CONF-000007;CONF-000008;CONF-000009	PROP-105;PROP-112;PROP-130;PROP-131;PROP-132;PROP-134;PROP-148;PROP-103;PROP-107;PROP-146;PROP-147;PROP-149	yes	attachment_update	done	Stage 3 attachment route generated from completed scope row; use exact source blocks and missing-input prompts before item-level production claims.
S3-SCOPE-001	J004	S3-J003	GPTs/attachments/00_version_release_platform.md	00. Versions, Releases, and Supported Platforms	APB-000004	GPTs/agent_playbooks/properties.md	Properties Playbook	Properties	pass	7.1;7.3;8.1_verified	SRC-000049;SRC-000018;SRC-000056;SRC-000025;SRC-000072;SRC-000040;SRC-000113;SRC-000082;SRC-000120;SRC-000089;SRC-000134;SRC-000103;SRC-000173;SRC-000143;SRC-000180;SRC-000150;SRC-000194;SRC-000163	SRC-000049/BLOCK-000002;SRC-000018/BLOCK-000001;SRC-000056/BLOCK-000515;SRC-000025/BLOCK-000514;SRC-000072/BLOCK-000884;SRC-000040/BLOCK-000883;SRC-000113/BLOCK-000004;SRC-000082/BLOCK-000003;SRC-000120/BLOCK-000517;SRC-000089/BLOCK-000516;SRC-000134/BLOCK-000886;SRC-000103/BLOCK-000885;SRC-000173/BLOCK-000006;SRC-000143/BLOCK-000005;SRC-000180/BLOCK-000519;SRC-000150/BLOCK-000518;SRC-000194/BLOCK-000888;SRC-000163/BLOCK-000887	KAE-BLOCK-000272;KAE-BLOCK-000273	configuration;SQL;commands;validation_sql	yes	CONF-000004;CONF-000005	PROP-105;PROP-112;PROP-130;PROP-131;PROP-132;PROP-134;PROP-148;PROP-103;PROP-107;PROP-146;PROP-147;PROP-149	yes	attachment_update	done	Stage 3 attachment route generated from completed scope row; use exact source blocks and missing-input prompts before item-level production claims.
S3-SCOPE-001	J004	S3-J003	GPTs/attachments/00_version_release_platform.md	00. Versions, Releases, and Supported Platforms	APB-000016	GPTs/agent_playbooks/protected_operations.md	Protected Administration Operations Playbook	Protected administration operations	pass	7.1;7.3;8.1_verified	SRC-000049;SRC-000018;SRC-000056;SRC-000025;SRC-000072;SRC-000040;SRC-000113;SRC-000082;SRC-000120;SRC-000089;SRC-000134;SRC-000103;SRC-000173;SRC-000143;SRC-000180;SRC-000150;SRC-000194;SRC-000163;AID-SRC-000428;AID-SRC-000429	SRC-000049/BLOCK-000002;SRC-000018/BLOCK-000001;SRC-000056/BLOCK-000515;SRC-000025/BLOCK-000514;SRC-000072/BLOCK-000884;SRC-000040/BLOCK-000883;SRC-000113/BLOCK-000004;SRC-000082/BLOCK-000003;SRC-000120/BLOCK-000517;SRC-000089/BLOCK-000516;SRC-000134/BLOCK-000886;SRC-000103/BLOCK-000885;SRC-000173/BLOCK-000006;SRC-000143/BLOCK-000005;SRC-000180/BLOCK-000519;SRC-000150/BLOCK-000518;SRC-000194/BLOCK-000888;SRC-000163/BLOCK-000887;BLOCK-000438;BLOCK-000439	KAE-BLOCK-000272;KAE-BLOCK-000273;KAE-BLOCK-000276	commands;SQL;configuration;validation_sql;runbook;recovery_plan	yes	CONF-000004;CONF-000005;CONF-000007	PROP-105;PROP-112;PROP-130;PROP-131;PROP-132;PROP-134;PROP-148;PROP-103;PROP-107;PROP-146;PROP-147;PROP-149	yes	attachment_update	done	Stage 3 attachment route generated from completed scope row; use exact source blocks and missing-input prompts before item-level production claims.
S3-SCOPE-001	J004	S3-J003	GPTs/attachments/00_version_release_platform.md	00. Versions, Releases, and Supported Platforms	APB-000017	GPTs/agent_playbooks/aid_version_release_patch_routing.md	AID, Version, Release, And Patch Routing Playbook	AID, version, release, and patch routing	pass	7.1;7.3;8.1_verified;multi;aid	SRC-000228;SRC-000397;SRC-000424;SRC-000425;SRC-000426;SRC-000450;SRC-000451;SRC-000452;SRC-000477;SRC-000473;SRC-000474;SRC-000475;SRC-000476;SRC-000443;SRC-000444;SRC-000445;SRC-000464;SRC-000465;SRC-000466;AID-000001;AID-000002;AID-000003;AID-000004;AID-000005;AID-000006;AID-000015;AID-000016;AID-000022;AID-000023;AID-000025;AID-000028;AID-SRC-000423;AID-SRC-000424;AID-SRC-000425;AID-SRC-000426;AID-SRC-000427;AID-SRC-000428;AID-SRC-000429;AID-SRC-000430;AID-SRC-000431;AID-SRC-000432;AID-SRC-000433;AID-SRC-000434;AID-SRC-000435;AID-SRC-000436;AID-SRC-000437;AID-SRC-000438	SRC-000228/BLOCK-000615;SRC-000397/BLOCK-000784;SRC-000424/BLOCK-000819;SRC-000425/BLOCK-000822;SRC-000426/BLOCK-000827;SRC-000450/BLOCK-000821;SRC-000451/BLOCK-000824;SRC-000452/BLOCK-000826;SRC-000477/BLOCK-000829;SRC-000473/BLOCK-000562;SRC-000474/BLOCK-000909;SRC-000475/BLOCK-000910;SRC-000476/BLOCK-000911;SRC-000443/BLOCK-000836;SRC-000444/BLOCK-000838;SRC-000445/BLOCK-000840;SRC-000464/BLOCK-000837;SRC-000465/BLOCK-000839;SRC-000466/BLOCK-000841;BLOCK-000454;BLOCK-000457;BLOCK-000459;BLOCK-000460;BLOCK-000429;BLOCK-000433;BLOCK-000431;BLOCK-000432;BLOCK-000451;BLOCK-000453;BLOCK-000448;BLOCK-000436;BLOCK-000437;BLOCK-000438;BLOCK-000439;BLOCK-000440;BLOCK-000441;BLOCK-000442;BLOCK-000443;BLOCK-000444;BLOCK-000445;BLOCK-000446;BLOCK-000447;BLOCK-000452	KAE-BLOCK-000022;KAE-BLOCK-000157;KAE-BLOCK-000231;KAE-BLOCK-000240;KAE-BLOCK-000241;KAE-BLOCK-000242;KAE-BLOCK-000275;KAE-BLOCK-000276;KAE-BLOCK-000287	routing_matrix;source_recheck_plan;version_boundary_note;patch_token_packet;aid_decision_packet;validation_checks	yes	CONF-000001;CONF-000002;CONF-000004;CONF-000005;CONF-000006;CONF-000007;CONF-000008;CONF-000009	PROP-105;PROP-112;PROP-130;PROP-131;PROP-132;PROP-134;PROP-148;PROP-103;PROP-107;PROP-146;PROP-147;PROP-149	yes	attachment_update	done	Stage 3 attachment route generated from completed scope row; use exact source blocks and missing-input prompts before item-level production claims.
S3-SCOPE-001	J004	S3-J003	GPTs/attachments/01_getting_started_installation.md	01. Getting Started and Installation	APB-000004	GPTs/agent_playbooks/properties.md	Properties Playbook	Properties	pass	7.1;7.3;8.1_verified	SRC-000049;SRC-000018;SRC-000056;SRC-000025;SRC-000072;SRC-000040;SRC-000113;SRC-000082;SRC-000120;SRC-000089;SRC-000134;SRC-000103;SRC-000173;SRC-000143;SRC-000180;SRC-000150;SRC-000194;SRC-000163	SRC-000049/BLOCK-000002;SRC-000018/BLOCK-000001;SRC-000056/BLOCK-000515;SRC-000025/BLOCK-000514;SRC-000072/BLOCK-000884;SRC-000040/BLOCK-000883;SRC-000113/BLOCK-000004;SRC-000082/BLOCK-000003;SRC-000120/BLOCK-000517;SRC-000089/BLOCK-000516;SRC-000134/BLOCK-000886;SRC-000103/BLOCK-000885;SRC-000173/BLOCK-000006;SRC-000143/BLOCK-000005;SRC-000180/BLOCK-000519;SRC-000150/BLOCK-000518;SRC-000194/BLOCK-000888;SRC-000163/BLOCK-000887	KAE-BLOCK-000272;KAE-BLOCK-000273	configuration;SQL;commands;validation_sql	yes	CONF-000004;CONF-000005	PROP-105;PROP-112;PROP-130;PROP-131;PROP-132;PROP-134;PROP-148;PROP-103;PROP-107;PROP-146;PROP-147;PROP-149	yes	attachment_update	done	Stage 3 attachment route generated from completed scope row; use exact source blocks and missing-input prompts before item-level production claims.
S3-SCOPE-001	J004	S3-J003	GPTs/attachments/01_getting_started_installation.md	01. Getting Started and Installation	APB-000016	GPTs/agent_playbooks/protected_operations.md	Protected Administration Operations Playbook	Protected administration operations	pass	7.1;7.3;8.1_verified	SRC-000049;SRC-000018;SRC-000056;SRC-000025;SRC-000072;SRC-000040;SRC-000113;SRC-000082;SRC-000120;SRC-000089;SRC-000134;SRC-000103;SRC-000173;SRC-000143;SRC-000180;SRC-000150;SRC-000194;SRC-000163;AID-SRC-000428;AID-SRC-000429	SRC-000049/BLOCK-000002;SRC-000018/BLOCK-000001;SRC-000056/BLOCK-000515;SRC-000025/BLOCK-000514;SRC-000072/BLOCK-000884;SRC-000040/BLOCK-000883;SRC-000113/BLOCK-000004;SRC-000082/BLOCK-000003;SRC-000120/BLOCK-000517;SRC-000089/BLOCK-000516;SRC-000134/BLOCK-000886;SRC-000103/BLOCK-000885;SRC-000173/BLOCK-000006;SRC-000143/BLOCK-000005;SRC-000180/BLOCK-000519;SRC-000150/BLOCK-000518;SRC-000194/BLOCK-000888;SRC-000163/BLOCK-000887;BLOCK-000438;BLOCK-000439	KAE-BLOCK-000272;KAE-BLOCK-000273;KAE-BLOCK-000276	commands;SQL;configuration;validation_sql;runbook;recovery_plan	yes	CONF-000004;CONF-000005;CONF-000007	PROP-105;PROP-112;PROP-130;PROP-131;PROP-132;PROP-134;PROP-148;PROP-103;PROP-107;PROP-146;PROP-147;PROP-149	yes	attachment_update	done	Stage 3 attachment route generated from completed scope row; use exact source blocks and missing-input prompts before item-level production claims.
S3-SCOPE-001	J004	S3-J003	GPTs/attachments/01_getting_started_installation.md	01. Getting Started and Installation	APB-000017	GPTs/agent_playbooks/aid_version_release_patch_routing.md	AID, Version, Release, And Patch Routing Playbook	AID, version, release, and patch routing	pass	7.1;7.3;8.1_verified;multi;aid	SRC-000228;SRC-000397;SRC-000424;SRC-000425;SRC-000426;SRC-000450;SRC-000451;SRC-000452;SRC-000477;SRC-000473;SRC-000474;SRC-000475;SRC-000476;SRC-000443;SRC-000444;SRC-000445;SRC-000464;SRC-000465;SRC-000466;AID-000001;AID-000002;AID-000003;AID-000004;AID-000005;AID-000006;AID-000015;AID-000016;AID-000022;AID-000023;AID-000025;AID-000028;AID-SRC-000423;AID-SRC-000424;AID-SRC-000425;AID-SRC-000426;AID-SRC-000427;AID-SRC-000428;AID-SRC-000429;AID-SRC-000430;AID-SRC-000431;AID-SRC-000432;AID-SRC-000433;AID-SRC-000434;AID-SRC-000435;AID-SRC-000436;AID-SRC-000437;AID-SRC-000438	SRC-000228/BLOCK-000615;SRC-000397/BLOCK-000784;SRC-000424/BLOCK-000819;SRC-000425/BLOCK-000822;SRC-000426/BLOCK-000827;SRC-000450/BLOCK-000821;SRC-000451/BLOCK-000824;SRC-000452/BLOCK-000826;SRC-000477/BLOCK-000829;SRC-000473/BLOCK-000562;SRC-000474/BLOCK-000909;SRC-000475/BLOCK-000910;SRC-000476/BLOCK-000911;SRC-000443/BLOCK-000836;SRC-000444/BLOCK-000838;SRC-000445/BLOCK-000840;SRC-000464/BLOCK-000837;SRC-000465/BLOCK-000839;SRC-000466/BLOCK-000841;BLOCK-000454;BLOCK-000457;BLOCK-000459;BLOCK-000460;BLOCK-000429;BLOCK-000433;BLOCK-000431;BLOCK-000432;BLOCK-000451;BLOCK-000453;BLOCK-000448;BLOCK-000436;BLOCK-000437;BLOCK-000438;BLOCK-000439;BLOCK-000440;BLOCK-000441;BLOCK-000442;BLOCK-000443;BLOCK-000444;BLOCK-000445;BLOCK-000446;BLOCK-000447;BLOCK-000452	KAE-BLOCK-000022;KAE-BLOCK-000157;KAE-BLOCK-000231;KAE-BLOCK-000240;KAE-BLOCK-000241;KAE-BLOCK-000242;KAE-BLOCK-000275;KAE-BLOCK-000276;KAE-BLOCK-000287	routing_matrix;source_recheck_plan;version_boundary_note;patch_token_packet;aid_decision_packet;validation_checks	yes	CONF-000001;CONF-000002;CONF-000004;CONF-000005;CONF-000006;CONF-000007;CONF-000008;CONF-000009	PROP-105;PROP-112;PROP-130;PROP-131;PROP-132;PROP-134;PROP-148;PROP-103;PROP-107;PROP-146;PROP-147;PROP-149	yes	attachment_update	done	Stage 3 attachment route generated from completed scope row; use exact source blocks and missing-input prompts before item-level production claims.
S3-SCOPE-001	J004	S3-J003	GPTs/attachments/02_administration_operations.md	02. Administration and Operations	APB-000004	GPTs/agent_playbooks/properties.md	Properties Playbook	Properties	pass	7.1;7.3;8.1_verified	SRC-000049;SRC-000018;SRC-000056;SRC-000025;SRC-000072;SRC-000040;SRC-000113;SRC-000082;SRC-000120;SRC-000089;SRC-000134;SRC-000103;SRC-000173;SRC-000143;SRC-000180;SRC-000150;SRC-000194;SRC-000163	SRC-000049/BLOCK-000002;SRC-000018/BLOCK-000001;SRC-000056/BLOCK-000515;SRC-000025/BLOCK-000514;SRC-000072/BLOCK-000884;SRC-000040/BLOCK-000883;SRC-000113/BLOCK-000004;SRC-000082/BLOCK-000003;SRC-000120/BLOCK-000517;SRC-000089/BLOCK-000516;SRC-000134/BLOCK-000886;SRC-000103/BLOCK-000885;SRC-000173/BLOCK-000006;SRC-000143/BLOCK-000005;SRC-000180/BLOCK-000519;SRC-000150/BLOCK-000518;SRC-000194/BLOCK-000888;SRC-000163/BLOCK-000887	KAE-BLOCK-000272;KAE-BLOCK-000273	configuration;SQL;commands;validation_sql	yes	CONF-000004;CONF-000005	PROP-105;PROP-112;PROP-130;PROP-131;PROP-132;PROP-134;PROP-148;PROP-103;PROP-107;PROP-146;PROP-147;PROP-149	yes	attachment_update	done	Stage 3 attachment route generated from completed scope row; use exact source blocks and missing-input prompts before item-level production claims.
S3-SCOPE-001	J004	S3-J003	GPTs/attachments/02_administration_operations.md	02. Administration and Operations	APB-000016	GPTs/agent_playbooks/protected_operations.md	Protected Administration Operations Playbook	Protected administration operations	pass	7.1;7.3;8.1_verified	SRC-000049;SRC-000018;SRC-000056;SRC-000025;SRC-000072;SRC-000040;SRC-000113;SRC-000082;SRC-000120;SRC-000089;SRC-000134;SRC-000103;SRC-000173;SRC-000143;SRC-000180;SRC-000150;SRC-000194;SRC-000163;AID-SRC-000428;AID-SRC-000429	SRC-000049/BLOCK-000002;SRC-000018/BLOCK-000001;SRC-000056/BLOCK-000515;SRC-000025/BLOCK-000514;SRC-000072/BLOCK-000884;SRC-000040/BLOCK-000883;SRC-000113/BLOCK-000004;SRC-000082/BLOCK-000003;SRC-000120/BLOCK-000517;SRC-000089/BLOCK-000516;SRC-000134/BLOCK-000886;SRC-000103/BLOCK-000885;SRC-000173/BLOCK-000006;SRC-000143/BLOCK-000005;SRC-000180/BLOCK-000519;SRC-000150/BLOCK-000518;SRC-000194/BLOCK-000888;SRC-000163/BLOCK-000887;BLOCK-000438;BLOCK-000439	KAE-BLOCK-000272;KAE-BLOCK-000273;KAE-BLOCK-000276	commands;SQL;configuration;validation_sql;runbook;recovery_plan	yes	CONF-000004;CONF-000005;CONF-000007	PROP-105;PROP-112;PROP-130;PROP-131;PROP-132;PROP-134;PROP-148;PROP-103;PROP-107;PROP-146;PROP-147;PROP-149	yes	attachment_update	done	Stage 3 attachment route generated from completed scope row; use exact source blocks and missing-input prompts before item-level production claims.
S3-SCOPE-001	J004	S3-J003	GPTs/attachments/02_administration_operations.md	02. Administration and Operations	APB-000017	GPTs/agent_playbooks/aid_version_release_patch_routing.md	AID, Version, Release, And Patch Routing Playbook	AID, version, release, and patch routing	pass	7.1;7.3;8.1_verified;multi;aid	SRC-000228;SRC-000397;SRC-000424;SRC-000425;SRC-000426;SRC-000450;SRC-000451;SRC-000452;SRC-000477;SRC-000473;SRC-000474;SRC-000475;SRC-000476;SRC-000443;SRC-000444;SRC-000445;SRC-000464;SRC-000465;SRC-000466;AID-000001;AID-000002;AID-000003;AID-000004;AID-000005;AID-000006;AID-000015;AID-000016;AID-000022;AID-000023;AID-000025;AID-000028;AID-SRC-000423;AID-SRC-000424;AID-SRC-000425;AID-SRC-000426;AID-SRC-000427;AID-SRC-000428;AID-SRC-000429;AID-SRC-000430;AID-SRC-000431;AID-SRC-000432;AID-SRC-000433;AID-SRC-000434;AID-SRC-000435;AID-SRC-000436;AID-SRC-000437;AID-SRC-000438	SRC-000228/BLOCK-000615;SRC-000397/BLOCK-000784;SRC-000424/BLOCK-000819;SRC-000425/BLOCK-000822;SRC-000426/BLOCK-000827;SRC-000450/BLOCK-000821;SRC-000451/BLOCK-000824;SRC-000452/BLOCK-000826;SRC-000477/BLOCK-000829;SRC-000473/BLOCK-000562;SRC-000474/BLOCK-000909;SRC-000475/BLOCK-000910;SRC-000476/BLOCK-000911;SRC-000443/BLOCK-000836;SRC-000444/BLOCK-000838;SRC-000445/BLOCK-000840;SRC-000464/BLOCK-000837;SRC-000465/BLOCK-000839;SRC-000466/BLOCK-000841;BLOCK-000454;BLOCK-000457;BLOCK-000459;BLOCK-000460;BLOCK-000429;BLOCK-000433;BLOCK-000431;BLOCK-000432;BLOCK-000451;BLOCK-000453;BLOCK-000448;BLOCK-000436;BLOCK-000437;BLOCK-000438;BLOCK-000439;BLOCK-000440;BLOCK-000441;BLOCK-000442;BLOCK-000443;BLOCK-000444;BLOCK-000445;BLOCK-000446;BLOCK-000447;BLOCK-000452	KAE-BLOCK-000022;KAE-BLOCK-000157;KAE-BLOCK-000231;KAE-BLOCK-000240;KAE-BLOCK-000241;KAE-BLOCK-000242;KAE-BLOCK-000275;KAE-BLOCK-000276;KAE-BLOCK-000287	routing_matrix;source_recheck_plan;version_boundary_note;patch_token_packet;aid_decision_packet;validation_checks	yes	CONF-000001;CONF-000002;CONF-000004;CONF-000005;CONF-000006;CONF-000007;CONF-000008;CONF-000009	PROP-105;PROP-112;PROP-130;PROP-131;PROP-132;PROP-134;PROP-148;PROP-103;PROP-107;PROP-146;PROP-147;PROP-149	yes	attachment_update	done	Stage 3 attachment route generated from completed scope row; use exact source blocks and missing-input prompts before item-level production claims.
S3-SCOPE-001	J004	S3-J003	GPTs/attachments/06_data_dictionary_performance_views.md	06. Data Dictionary and Performance Views	APB-000004	GPTs/agent_playbooks/properties.md	Properties Playbook	Properties	pass	7.1;7.3;8.1_verified	SRC-000049;SRC-000018;SRC-000056;SRC-000025;SRC-000072;SRC-000040;SRC-000113;SRC-000082;SRC-000120;SRC-000089;SRC-000134;SRC-000103;SRC-000173;SRC-000143;SRC-000180;SRC-000150;SRC-000194;SRC-000163	SRC-000049/BLOCK-000002;SRC-000018/BLOCK-000001;SRC-000056/BLOCK-000515;SRC-000025/BLOCK-000514;SRC-000072/BLOCK-000884;SRC-000040/BLOCK-000883;SRC-000113/BLOCK-000004;SRC-000082/BLOCK-000003;SRC-000120/BLOCK-000517;SRC-000089/BLOCK-000516;SRC-000134/BLOCK-000886;SRC-000103/BLOCK-000885;SRC-000173/BLOCK-000006;SRC-000143/BLOCK-000005;SRC-000180/BLOCK-000519;SRC-000150/BLOCK-000518;SRC-000194/BLOCK-000888;SRC-000163/BLOCK-000887	KAE-BLOCK-000272;KAE-BLOCK-000273	configuration;SQL;commands;validation_sql	yes	CONF-000004;CONF-000005	PROP-105;PROP-112;PROP-130;PROP-131;PROP-132;PROP-134;PROP-148;PROP-103;PROP-107;PROP-146;PROP-147;PROP-149	yes	attachment_update	done	Stage 3 attachment route generated from completed scope row; use exact source blocks and missing-input prompts before item-level production claims.
S3-SCOPE-001	J004	S3-J003	GPTs/attachments/06_data_dictionary_performance_views.md	06. Data Dictionary and Performance Views	APB-000016	GPTs/agent_playbooks/protected_operations.md	Protected Administration Operations Playbook	Protected administration operations	pass	7.1;7.3;8.1_verified	SRC-000049;SRC-000018;SRC-000056;SRC-000025;SRC-000072;SRC-000040;SRC-000113;SRC-000082;SRC-000120;SRC-000089;SRC-000134;SRC-000103;SRC-000173;SRC-000143;SRC-000180;SRC-000150;SRC-000194;SRC-000163;AID-SRC-000428;AID-SRC-000429	SRC-000049/BLOCK-000002;SRC-000018/BLOCK-000001;SRC-000056/BLOCK-000515;SRC-000025/BLOCK-000514;SRC-000072/BLOCK-000884;SRC-000040/BLOCK-000883;SRC-000113/BLOCK-000004;SRC-000082/BLOCK-000003;SRC-000120/BLOCK-000517;SRC-000089/BLOCK-000516;SRC-000134/BLOCK-000886;SRC-000103/BLOCK-000885;SRC-000173/BLOCK-000006;SRC-000143/BLOCK-000005;SRC-000180/BLOCK-000519;SRC-000150/BLOCK-000518;SRC-000194/BLOCK-000888;SRC-000163/BLOCK-000887;BLOCK-000438;BLOCK-000439	KAE-BLOCK-000272;KAE-BLOCK-000273;KAE-BLOCK-000276	commands;SQL;configuration;validation_sql;runbook;recovery_plan	yes	CONF-000004;CONF-000005;CONF-000007	PROP-105;PROP-112;PROP-130;PROP-131;PROP-132;PROP-134;PROP-148;PROP-103;PROP-107;PROP-146;PROP-147;PROP-149	yes	attachment_update	done	Stage 3 attachment route generated from completed scope row; use exact source blocks and missing-input prompts before item-level production claims.
S3-SCOPE-001	J004	S3-J003	GPTs/attachments/06_data_dictionary_performance_views.md	06. Data Dictionary and Performance Views	APB-000017	GPTs/agent_playbooks/aid_version_release_patch_routing.md	AID, Version, Release, And Patch Routing Playbook	AID, version, release, and patch routing	pass	7.1;7.3;8.1_verified;multi;aid	SRC-000228;SRC-000397;SRC-000424;SRC-000425;SRC-000426;SRC-000450;SRC-000451;SRC-000452;SRC-000477;SRC-000473;SRC-000474;SRC-000475;SRC-000476;SRC-000443;SRC-000444;SRC-000445;SRC-000464;SRC-000465;SRC-000466;AID-000001;AID-000002;AID-000003;AID-000004;AID-000005;AID-000006;AID-000015;AID-000016;AID-000022;AID-000023;AID-000025;AID-000028;AID-SRC-000423;AID-SRC-000424;AID-SRC-000425;AID-SRC-000426;AID-SRC-000427;AID-SRC-000428;AID-SRC-000429;AID-SRC-000430;AID-SRC-000431;AID-SRC-000432;AID-SRC-000433;AID-SRC-000434;AID-SRC-000435;AID-SRC-000436;AID-SRC-000437;AID-SRC-000438	SRC-000228/BLOCK-000615;SRC-000397/BLOCK-000784;SRC-000424/BLOCK-000819;SRC-000425/BLOCK-000822;SRC-000426/BLOCK-000827;SRC-000450/BLOCK-000821;SRC-000451/BLOCK-000824;SRC-000452/BLOCK-000826;SRC-000477/BLOCK-000829;SRC-000473/BLOCK-000562;SRC-000474/BLOCK-000909;SRC-000475/BLOCK-000910;SRC-000476/BLOCK-000911;SRC-000443/BLOCK-000836;SRC-000444/BLOCK-000838;SRC-000445/BLOCK-000840;SRC-000464/BLOCK-000837;SRC-000465/BLOCK-000839;SRC-000466/BLOCK-000841;BLOCK-000454;BLOCK-000457;BLOCK-000459;BLOCK-000460;BLOCK-000429;BLOCK-000433;BLOCK-000431;BLOCK-000432;BLOCK-000451;BLOCK-000453;BLOCK-000448;BLOCK-000436;BLOCK-000437;BLOCK-000438;BLOCK-000439;BLOCK-000440;BLOCK-000441;BLOCK-000442;BLOCK-000443;BLOCK-000444;BLOCK-000445;BLOCK-000446;BLOCK-000447;BLOCK-000452	KAE-BLOCK-000022;KAE-BLOCK-000157;KAE-BLOCK-000231;KAE-BLOCK-000240;KAE-BLOCK-000241;KAE-BLOCK-000242;KAE-BLOCK-000275;KAE-BLOCK-000276;KAE-BLOCK-000287	routing_matrix;source_recheck_plan;version_boundary_note;patch_token_packet;aid_decision_packet;validation_checks	yes	CONF-000001;CONF-000002;CONF-000004;CONF-000005;CONF-000006;CONF-000007;CONF-000008;CONF-000009	PROP-105;PROP-112;PROP-130;PROP-131;PROP-132;PROP-134;PROP-148;PROP-103;PROP-107;PROP-146;PROP-147;PROP-149	yes	attachment_update	done	Stage 3 attachment route generated from completed scope row; use exact source blocks and missing-input prompts before item-level production claims.
S3-SCOPE-002	J005	S3-J004	GPTs/attachments/05_data_types_properties.md	05. Data Types and Properties	APB-000004	GPTs/agent_playbooks/properties.md	Properties Playbook	Properties	pass	7.1;7.3;8.1_verified	SRC-000049;SRC-000018;SRC-000056;SRC-000025;SRC-000072;SRC-000040;SRC-000113;SRC-000082;SRC-000120;SRC-000089;SRC-000134;SRC-000103;SRC-000173;SRC-000143;SRC-000180;SRC-000150;SRC-000194;SRC-000163	SRC-000049/BLOCK-000002;SRC-000018/BLOCK-000001;SRC-000056/BLOCK-000515;SRC-000025/BLOCK-000514;SRC-000072/BLOCK-000884;SRC-000040/BLOCK-000883;SRC-000113/BLOCK-000004;SRC-000082/BLOCK-000003;SRC-000120/BLOCK-000517;SRC-000089/BLOCK-000516;SRC-000134/BLOCK-000886;SRC-000103/BLOCK-000885;SRC-000173/BLOCK-000006;SRC-000143/BLOCK-000005;SRC-000180/BLOCK-000519;SRC-000150/BLOCK-000518;SRC-000194/BLOCK-000888;SRC-000163/BLOCK-000887	KAE-BLOCK-000272;KAE-BLOCK-000273	configuration;SQL;commands;validation_sql	yes	CONF-000004;CONF-000005	PROP-104;PROP-108;PROP-109;PROP-110;PROP-111;PROP-117;PROP-133;PROP-144	yes	attachment_update	done	Stage 3 attachment route generated from completed scope row; use exact source blocks and missing-input prompts before item-level production claims.
S3-SCOPE-002	J005	S3-J004	GPTs/attachments/05_data_types_properties.md	05. Data Types and Properties	APB-000005	GPTs/agent_playbooks/dictionary_views.md	Dictionary And Views Playbook	Dictionary and views	pass	7.1;7.3;8.1_verified	SRC-000057;SRC-000026;SRC-000121;SRC-000090;SRC-000181;SRC-000151;SRC-000072;SRC-000134;SRC-000194;SRC-000067;SRC-000035;SRC-000129;SRC-000098;SRC-000189;SRC-000159	SRC-000057/BLOCK-000521;SRC-000026/BLOCK-000520;SRC-000121/BLOCK-000523;SRC-000090/BLOCK-000522;SRC-000181/BLOCK-000525;SRC-000151/BLOCK-000524;SRC-000072/BLOCK-000884;SRC-000134/BLOCK-000886;SRC-000194/BLOCK-000888;SRC-000067/BLOCK-000812;SRC-000035/BLOCK-000811;SRC-000129/BLOCK-000814;SRC-000098/BLOCK-000813;SRC-000189/BLOCK-000816;SRC-000159/BLOCK-000815	KAE-BLOCK-000273;KAE-BLOCK-000283	SQL;diagnostics;validation_sql	no	CONF-000005	PROP-104;PROP-108;PROP-109;PROP-110;PROP-111;PROP-117;PROP-133;PROP-144	yes	attachment_update	done	Stage 3 attachment route generated from completed scope row; use exact source blocks and missing-input prompts before item-level production claims.
S3-SCOPE-002	J005	S3-J004	GPTs/attachments/05_data_types_properties.md	05. Data Types and Properties	APB-000016	GPTs/agent_playbooks/protected_operations.md	Protected Administration Operations Playbook	Protected administration operations	pass	7.1;7.3;8.1_verified	SRC-000049;SRC-000018;SRC-000056;SRC-000025;SRC-000072;SRC-000040;SRC-000113;SRC-000082;SRC-000120;SRC-000089;SRC-000134;SRC-000103;SRC-000173;SRC-000143;SRC-000180;SRC-000150;SRC-000194;SRC-000163;AID-SRC-000428;AID-SRC-000429	SRC-000049/BLOCK-000002;SRC-000018/BLOCK-000001;SRC-000056/BLOCK-000515;SRC-000025/BLOCK-000514;SRC-000072/BLOCK-000884;SRC-000040/BLOCK-000883;SRC-000113/BLOCK-000004;SRC-000082/BLOCK-000003;SRC-000120/BLOCK-000517;SRC-000089/BLOCK-000516;SRC-000134/BLOCK-000886;SRC-000103/BLOCK-000885;SRC-000173/BLOCK-000006;SRC-000143/BLOCK-000005;SRC-000180/BLOCK-000519;SRC-000150/BLOCK-000518;SRC-000194/BLOCK-000888;SRC-000163/BLOCK-000887;BLOCK-000438;BLOCK-000439	KAE-BLOCK-000272;KAE-BLOCK-000273;KAE-BLOCK-000276	commands;SQL;configuration;validation_sql;runbook;recovery_plan	yes	CONF-000004;CONF-000005;CONF-000007	PROP-104;PROP-108;PROP-109;PROP-110;PROP-111;PROP-117;PROP-133;PROP-144	yes	attachment_update	done	Stage 3 attachment route generated from completed scope row; use exact source blocks and missing-input prompts before item-level production claims.
S3-SCOPE-002	J005	S3-J004	GPTs/attachments/05_data_types_properties.md	05. Data Types and Properties	APB-000017	GPTs/agent_playbooks/aid_version_release_patch_routing.md	AID, Version, Release, And Patch Routing Playbook	AID, version, release, and patch routing	pass	7.1;7.3;8.1_verified;multi;aid	SRC-000228;SRC-000397;SRC-000424;SRC-000425;SRC-000426;SRC-000450;SRC-000451;SRC-000452;SRC-000477;SRC-000473;SRC-000474;SRC-000475;SRC-000476;SRC-000443;SRC-000444;SRC-000445;SRC-000464;SRC-000465;SRC-000466;AID-000001;AID-000002;AID-000003;AID-000004;AID-000005;AID-000006;AID-000015;AID-000016;AID-000022;AID-000023;AID-000025;AID-000028;AID-SRC-000423;AID-SRC-000424;AID-SRC-000425;AID-SRC-000426;AID-SRC-000427;AID-SRC-000428;AID-SRC-000429;AID-SRC-000430;AID-SRC-000431;AID-SRC-000432;AID-SRC-000433;AID-SRC-000434;AID-SRC-000435;AID-SRC-000436;AID-SRC-000437;AID-SRC-000438	SRC-000228/BLOCK-000615;SRC-000397/BLOCK-000784;SRC-000424/BLOCK-000819;SRC-000425/BLOCK-000822;SRC-000426/BLOCK-000827;SRC-000450/BLOCK-000821;SRC-000451/BLOCK-000824;SRC-000452/BLOCK-000826;SRC-000477/BLOCK-000829;SRC-000473/BLOCK-000562;SRC-000474/BLOCK-000909;SRC-000475/BLOCK-000910;SRC-000476/BLOCK-000911;SRC-000443/BLOCK-000836;SRC-000444/BLOCK-000838;SRC-000445/BLOCK-000840;SRC-000464/BLOCK-000837;SRC-000465/BLOCK-000839;SRC-000466/BLOCK-000841;BLOCK-000454;BLOCK-000457;BLOCK-000459;BLOCK-000460;BLOCK-000429;BLOCK-000433;BLOCK-000431;BLOCK-000432;BLOCK-000451;BLOCK-000453;BLOCK-000448;BLOCK-000436;BLOCK-000437;BLOCK-000438;BLOCK-000439;BLOCK-000440;BLOCK-000441;BLOCK-000442;BLOCK-000443;BLOCK-000444;BLOCK-000445;BLOCK-000446;BLOCK-000447;BLOCK-000452	KAE-BLOCK-000022;KAE-BLOCK-000157;KAE-BLOCK-000231;KAE-BLOCK-000240;KAE-BLOCK-000241;KAE-BLOCK-000242;KAE-BLOCK-000275;KAE-BLOCK-000276;KAE-BLOCK-000287	routing_matrix;source_recheck_plan;version_boundary_note;patch_token_packet;aid_decision_packet;validation_checks	yes	CONF-000001;CONF-000002;CONF-000004;CONF-000005;CONF-000006;CONF-000007;CONF-000008;CONF-000009	PROP-104;PROP-108;PROP-109;PROP-110;PROP-111;PROP-117;PROP-133;PROP-144	yes	attachment_update	done	Stage 3 attachment route generated from completed scope row; use exact source blocks and missing-input prompts before item-level production claims.
S3-SCOPE-002	J005	S3-J004	GPTs/attachments/00_version_release_platform.md	00. Versions, Releases, and Supported Platforms	APB-000004	GPTs/agent_playbooks/properties.md	Properties Playbook	Properties	pass	7.1;7.3;8.1_verified	SRC-000049;SRC-000018;SRC-000056;SRC-000025;SRC-000072;SRC-000040;SRC-000113;SRC-000082;SRC-000120;SRC-000089;SRC-000134;SRC-000103;SRC-000173;SRC-000143;SRC-000180;SRC-000150;SRC-000194;SRC-000163	SRC-000049/BLOCK-000002;SRC-000018/BLOCK-000001;SRC-000056/BLOCK-000515;SRC-000025/BLOCK-000514;SRC-000072/BLOCK-000884;SRC-000040/BLOCK-000883;SRC-000113/BLOCK-000004;SRC-000082/BLOCK-000003;SRC-000120/BLOCK-000517;SRC-000089/BLOCK-000516;SRC-000134/BLOCK-000886;SRC-000103/BLOCK-000885;SRC-000173/BLOCK-000006;SRC-000143/BLOCK-000005;SRC-000180/BLOCK-000519;SRC-000150/BLOCK-000518;SRC-000194/BLOCK-000888;SRC-000163/BLOCK-000887	KAE-BLOCK-000272;KAE-BLOCK-000273	configuration;SQL;commands;validation_sql	yes	CONF-000004;CONF-000005	PROP-104;PROP-108;PROP-109;PROP-110;PROP-111;PROP-117;PROP-133;PROP-144	yes	attachment_update	done	Stage 3 attachment route generated from completed scope row; use exact source blocks and missing-input prompts before item-level production claims.
S3-SCOPE-002	J005	S3-J004	GPTs/attachments/00_version_release_platform.md	00. Versions, Releases, and Supported Platforms	APB-000005	GPTs/agent_playbooks/dictionary_views.md	Dictionary And Views Playbook	Dictionary and views	pass	7.1;7.3;8.1_verified	SRC-000057;SRC-000026;SRC-000121;SRC-000090;SRC-000181;SRC-000151;SRC-000072;SRC-000134;SRC-000194;SRC-000067;SRC-000035;SRC-000129;SRC-000098;SRC-000189;SRC-000159	SRC-000057/BLOCK-000521;SRC-000026/BLOCK-000520;SRC-000121/BLOCK-000523;SRC-000090/BLOCK-000522;SRC-000181/BLOCK-000525;SRC-000151/BLOCK-000524;SRC-000072/BLOCK-000884;SRC-000134/BLOCK-000886;SRC-000194/BLOCK-000888;SRC-000067/BLOCK-000812;SRC-000035/BLOCK-000811;SRC-000129/BLOCK-000814;SRC-000098/BLOCK-000813;SRC-000189/BLOCK-000816;SRC-000159/BLOCK-000815	KAE-BLOCK-000273;KAE-BLOCK-000283	SQL;diagnostics;validation_sql	no	CONF-000005	PROP-104;PROP-108;PROP-109;PROP-110;PROP-111;PROP-117;PROP-133;PROP-144	yes	attachment_update	done	Stage 3 attachment route generated from completed scope row; use exact source blocks and missing-input prompts before item-level production claims.
S3-SCOPE-002	J005	S3-J004	GPTs/attachments/00_version_release_platform.md	00. Versions, Releases, and Supported Platforms	APB-000016	GPTs/agent_playbooks/protected_operations.md	Protected Administration Operations Playbook	Protected administration operations	pass	7.1;7.3;8.1_verified	SRC-000049;SRC-000018;SRC-000056;SRC-000025;SRC-000072;SRC-000040;SRC-000113;SRC-000082;SRC-000120;SRC-000089;SRC-000134;SRC-000103;SRC-000173;SRC-000143;SRC-000180;SRC-000150;SRC-000194;SRC-000163;AID-SRC-000428;AID-SRC-000429	SRC-000049/BLOCK-000002;SRC-000018/BLOCK-000001;SRC-000056/BLOCK-000515;SRC-000025/BLOCK-000514;SRC-000072/BLOCK-000884;SRC-000040/BLOCK-000883;SRC-000113/BLOCK-000004;SRC-000082/BLOCK-000003;SRC-000120/BLOCK-000517;SRC-000089/BLOCK-000516;SRC-000134/BLOCK-000886;SRC-000103/BLOCK-000885;SRC-000173/BLOCK-000006;SRC-000143/BLOCK-000005;SRC-000180/BLOCK-000519;SRC-000150/BLOCK-000518;SRC-000194/BLOCK-000888;SRC-000163/BLOCK-000887;BLOCK-000438;BLOCK-000439	KAE-BLOCK-000272;KAE-BLOCK-000273;KAE-BLOCK-000276	commands;SQL;configuration;validation_sql;runbook;recovery_plan	yes	CONF-000004;CONF-000005;CONF-000007	PROP-104;PROP-108;PROP-109;PROP-110;PROP-111;PROP-117;PROP-133;PROP-144	yes	attachment_update	done	Stage 3 attachment route generated from completed scope row; use exact source blocks and missing-input prompts before item-level production claims.
S3-SCOPE-002	J005	S3-J004	GPTs/attachments/00_version_release_platform.md	00. Versions, Releases, and Supported Platforms	APB-000017	GPTs/agent_playbooks/aid_version_release_patch_routing.md	AID, Version, Release, And Patch Routing Playbook	AID, version, release, and patch routing	pass	7.1;7.3;8.1_verified;multi;aid	SRC-000228;SRC-000397;SRC-000424;SRC-000425;SRC-000426;SRC-000450;SRC-000451;SRC-000452;SRC-000477;SRC-000473;SRC-000474;SRC-000475;SRC-000476;SRC-000443;SRC-000444;SRC-000445;SRC-000464;SRC-000465;SRC-000466;AID-000001;AID-000002;AID-000003;AID-000004;AID-000005;AID-000006;AID-000015;AID-000016;AID-000022;AID-000023;AID-000025;AID-000028;AID-SRC-000423;AID-SRC-000424;AID-SRC-000425;AID-SRC-000426;AID-SRC-000427;AID-SRC-000428;AID-SRC-000429;AID-SRC-000430;AID-SRC-000431;AID-SRC-000432;AID-SRC-000433;AID-SRC-000434;AID-SRC-000435;AID-SRC-000436;AID-SRC-000437;AID-SRC-000438	SRC-000228/BLOCK-000615;SRC-000397/BLOCK-000784;SRC-000424/BLOCK-000819;SRC-000425/BLOCK-000822;SRC-000426/BLOCK-000827;SRC-000450/BLOCK-000821;SRC-000451/BLOCK-000824;SRC-000452/BLOCK-000826;SRC-000477/BLOCK-000829;SRC-000473/BLOCK-000562;SRC-000474/BLOCK-000909;SRC-000475/BLOCK-000910;SRC-000476/BLOCK-000911;SRC-000443/BLOCK-000836;SRC-000444/BLOCK-000838;SRC-000445/BLOCK-000840;SRC-000464/BLOCK-000837;SRC-000465/BLOCK-000839;SRC-000466/BLOCK-000841;BLOCK-000454;BLOCK-000457;BLOCK-000459;BLOCK-000460;BLOCK-000429;BLOCK-000433;BLOCK-000431;BLOCK-000432;BLOCK-000451;BLOCK-000453;BLOCK-000448;BLOCK-000436;BLOCK-000437;BLOCK-000438;BLOCK-000439;BLOCK-000440;BLOCK-000441;BLOCK-000442;BLOCK-000443;BLOCK-000444;BLOCK-000445;BLOCK-000446;BLOCK-000447;BLOCK-000452	KAE-BLOCK-000022;KAE-BLOCK-000157;KAE-BLOCK-000231;KAE-BLOCK-000240;KAE-BLOCK-000241;KAE-BLOCK-000242;KAE-BLOCK-000275;KAE-BLOCK-000276;KAE-BLOCK-000287	routing_matrix;source_recheck_plan;version_boundary_note;patch_token_packet;aid_decision_packet;validation_checks	yes	CONF-000001;CONF-000002;CONF-000004;CONF-000005;CONF-000006;CONF-000007;CONF-000008;CONF-000009	PROP-104;PROP-108;PROP-109;PROP-110;PROP-111;PROP-117;PROP-133;PROP-144	yes	attachment_update	done	Stage 3 attachment route generated from completed scope row; use exact source blocks and missing-input prompts before item-level production claims.
S3-SCOPE-002	J005	S3-J004	GPTs/attachments/02_administration_operations.md	02. Administration and Operations	APB-000004	GPTs/agent_playbooks/properties.md	Properties Playbook	Properties	pass	7.1;7.3;8.1_verified	SRC-000049;SRC-000018;SRC-000056;SRC-000025;SRC-000072;SRC-000040;SRC-000113;SRC-000082;SRC-000120;SRC-000089;SRC-000134;SRC-000103;SRC-000173;SRC-000143;SRC-000180;SRC-000150;SRC-000194;SRC-000163	SRC-000049/BLOCK-000002;SRC-000018/BLOCK-000001;SRC-000056/BLOCK-000515;SRC-000025/BLOCK-000514;SRC-000072/BLOCK-000884;SRC-000040/BLOCK-000883;SRC-000113/BLOCK-000004;SRC-000082/BLOCK-000003;SRC-000120/BLOCK-000517;SRC-000089/BLOCK-000516;SRC-000134/BLOCK-000886;SRC-000103/BLOCK-000885;SRC-000173/BLOCK-000006;SRC-000143/BLOCK-000005;SRC-000180/BLOCK-000519;SRC-000150/BLOCK-000518;SRC-000194/BLOCK-000888;SRC-000163/BLOCK-000887	KAE-BLOCK-000272;KAE-BLOCK-000273	configuration;SQL;commands;validation_sql	yes	CONF-000004;CONF-000005	PROP-104;PROP-108;PROP-109;PROP-110;PROP-111;PROP-117;PROP-133;PROP-144	yes	attachment_update	done	Stage 3 attachment route generated from completed scope row; use exact source blocks and missing-input prompts before item-level production claims.
S3-SCOPE-002	J005	S3-J004	GPTs/attachments/02_administration_operations.md	02. Administration and Operations	APB-000005	GPTs/agent_playbooks/dictionary_views.md	Dictionary And Views Playbook	Dictionary and views	pass	7.1;7.3;8.1_verified	SRC-000057;SRC-000026;SRC-000121;SRC-000090;SRC-000181;SRC-000151;SRC-000072;SRC-000134;SRC-000194;SRC-000067;SRC-000035;SRC-000129;SRC-000098;SRC-000189;SRC-000159	SRC-000057/BLOCK-000521;SRC-000026/BLOCK-000520;SRC-000121/BLOCK-000523;SRC-000090/BLOCK-000522;SRC-000181/BLOCK-000525;SRC-000151/BLOCK-000524;SRC-000072/BLOCK-000884;SRC-000134/BLOCK-000886;SRC-000194/BLOCK-000888;SRC-000067/BLOCK-000812;SRC-000035/BLOCK-000811;SRC-000129/BLOCK-000814;SRC-000098/BLOCK-000813;SRC-000189/BLOCK-000816;SRC-000159/BLOCK-000815	KAE-BLOCK-000273;KAE-BLOCK-000283	SQL;diagnostics;validation_sql	no	CONF-000005	PROP-104;PROP-108;PROP-109;PROP-110;PROP-111;PROP-117;PROP-133;PROP-144	yes	attachment_update	done	Stage 3 attachment route generated from completed scope row; use exact source blocks and missing-input prompts before item-level production claims.
S3-SCOPE-002	J005	S3-J004	GPTs/attachments/02_administration_operations.md	02. Administration and Operations	APB-000016	GPTs/agent_playbooks/protected_operations.md	Protected Administration Operations Playbook	Protected administration operations	pass	7.1;7.3;8.1_verified	SRC-000049;SRC-000018;SRC-000056;SRC-000025;SRC-000072;SRC-000040;SRC-000113;SRC-000082;SRC-000120;SRC-000089;SRC-000134;SRC-000103;SRC-000173;SRC-000143;SRC-000180;SRC-000150;SRC-000194;SRC-000163;AID-SRC-000428;AID-SRC-000429	SRC-000049/BLOCK-000002;SRC-000018/BLOCK-000001;SRC-000056/BLOCK-000515;SRC-000025/BLOCK-000514;SRC-000072/BLOCK-000884;SRC-000040/BLOCK-000883;SRC-000113/BLOCK-000004;SRC-000082/BLOCK-000003;SRC-000120/BLOCK-000517;SRC-000089/BLOCK-000516;SRC-000134/BLOCK-000886;SRC-000103/BLOCK-000885;SRC-000173/BLOCK-000006;SRC-000143/BLOCK-000005;SRC-000180/BLOCK-000519;SRC-000150/BLOCK-000518;SRC-000194/BLOCK-000888;SRC-000163/BLOCK-000887;BLOCK-000438;BLOCK-000439	KAE-BLOCK-000272;KAE-BLOCK-000273;KAE-BLOCK-000276	commands;SQL;configuration;validation_sql;runbook;recovery_plan	yes	CONF-000004;CONF-000005;CONF-000007	PROP-104;PROP-108;PROP-109;PROP-110;PROP-111;PROP-117;PROP-133;PROP-144	yes	attachment_update	done	Stage 3 attachment route generated from completed scope row; use exact source blocks and missing-input prompts before item-level production claims.
S3-SCOPE-002	J005	S3-J004	GPTs/attachments/02_administration_operations.md	02. Administration and Operations	APB-000017	GPTs/agent_playbooks/aid_version_release_patch_routing.md	AID, Version, Release, And Patch Routing Playbook	AID, version, release, and patch routing	pass	7.1;7.3;8.1_verified;multi;aid	SRC-000228;SRC-000397;SRC-000424;SRC-000425;SRC-000426;SRC-000450;SRC-000451;SRC-000452;SRC-000477;SRC-000473;SRC-000474;SRC-000475;SRC-000476;SRC-000443;SRC-000444;SRC-000445;SRC-000464;SRC-000465;SRC-000466;AID-000001;AID-000002;AID-000003;AID-000004;AID-000005;AID-000006;AID-000015;AID-000016;AID-000022;AID-000023;AID-000025;AID-000028;AID-SRC-000423;AID-SRC-000424;AID-SRC-000425;AID-SRC-000426;AID-SRC-000427;AID-SRC-000428;AID-SRC-000429;AID-SRC-000430;AID-SRC-000431;AID-SRC-000432;AID-SRC-000433;AID-SRC-000434;AID-SRC-000435;AID-SRC-000436;AID-SRC-000437;AID-SRC-000438	SRC-000228/BLOCK-000615;SRC-000397/BLOCK-000784;SRC-000424/BLOCK-000819;SRC-000425/BLOCK-000822;SRC-000426/BLOCK-000827;SRC-000450/BLOCK-000821;SRC-000451/BLOCK-000824;SRC-000452/BLOCK-000826;SRC-000477/BLOCK-000829;SRC-000473/BLOCK-000562;SRC-000474/BLOCK-000909;SRC-000475/BLOCK-000910;SRC-000476/BLOCK-000911;SRC-000443/BLOCK-000836;SRC-000444/BLOCK-000838;SRC-000445/BLOCK-000840;SRC-000464/BLOCK-000837;SRC-000465/BLOCK-000839;SRC-000466/BLOCK-000841;BLOCK-000454;BLOCK-000457;BLOCK-000459;BLOCK-000460;BLOCK-000429;BLOCK-000433;BLOCK-000431;BLOCK-000432;BLOCK-000451;BLOCK-000453;BLOCK-000448;BLOCK-000436;BLOCK-000437;BLOCK-000438;BLOCK-000439;BLOCK-000440;BLOCK-000441;BLOCK-000442;BLOCK-000443;BLOCK-000444;BLOCK-000445;BLOCK-000446;BLOCK-000447;BLOCK-000452	KAE-BLOCK-000022;KAE-BLOCK-000157;KAE-BLOCK-000231;KAE-BLOCK-000240;KAE-BLOCK-000241;KAE-BLOCK-000242;KAE-BLOCK-000275;KAE-BLOCK-000276;KAE-BLOCK-000287	routing_matrix;source_recheck_plan;version_boundary_note;patch_token_packet;aid_decision_packet;validation_checks	yes	CONF-000001;CONF-000002;CONF-000004;CONF-000005;CONF-000006;CONF-000007;CONF-000008;CONF-000009	PROP-104;PROP-108;PROP-109;PROP-110;PROP-111;PROP-117;PROP-133;PROP-144	yes	attachment_update	done	Stage 3 attachment route generated from completed scope row; use exact source blocks and missing-input prompts before item-level production claims.
S3-SCOPE-002	J005	S3-J004	GPTs/attachments/08_performance_tuning_monitoring.md	08. Performance Tuning and Monitoring	APB-000004	GPTs/agent_playbooks/properties.md	Properties Playbook	Properties	pass	7.1;7.3;8.1_verified	SRC-000049;SRC-000018;SRC-000056;SRC-000025;SRC-000072;SRC-000040;SRC-000113;SRC-000082;SRC-000120;SRC-000089;SRC-000134;SRC-000103;SRC-000173;SRC-000143;SRC-000180;SRC-000150;SRC-000194;SRC-000163	SRC-000049/BLOCK-000002;SRC-000018/BLOCK-000001;SRC-000056/BLOCK-000515;SRC-000025/BLOCK-000514;SRC-000072/BLOCK-000884;SRC-000040/BLOCK-000883;SRC-000113/BLOCK-000004;SRC-000082/BLOCK-000003;SRC-000120/BLOCK-000517;SRC-000089/BLOCK-000516;SRC-000134/BLOCK-000886;SRC-000103/BLOCK-000885;SRC-000173/BLOCK-000006;SRC-000143/BLOCK-000005;SRC-000180/BLOCK-000519;SRC-000150/BLOCK-000518;SRC-000194/BLOCK-000888;SRC-000163/BLOCK-000887	KAE-BLOCK-000272;KAE-BLOCK-000273	configuration;SQL;commands;validation_sql	yes	CONF-000004;CONF-000005	PROP-104;PROP-108;PROP-109;PROP-110;PROP-111;PROP-117;PROP-133;PROP-144	yes	attachment_update	done	Stage 3 attachment route generated from completed scope row; use exact source blocks and missing-input prompts before item-level production claims.
S3-SCOPE-002	J005	S3-J004	GPTs/attachments/08_performance_tuning_monitoring.md	08. Performance Tuning and Monitoring	APB-000005	GPTs/agent_playbooks/dictionary_views.md	Dictionary And Views Playbook	Dictionary and views	pass	7.1;7.3;8.1_verified	SRC-000057;SRC-000026;SRC-000121;SRC-000090;SRC-000181;SRC-000151;SRC-000072;SRC-000134;SRC-000194;SRC-000067;SRC-000035;SRC-000129;SRC-000098;SRC-000189;SRC-000159	SRC-000057/BLOCK-000521;SRC-000026/BLOCK-000520;SRC-000121/BLOCK-000523;SRC-000090/BLOCK-000522;SRC-000181/BLOCK-000525;SRC-000151/BLOCK-000524;SRC-000072/BLOCK-000884;SRC-000134/BLOCK-000886;SRC-000194/BLOCK-000888;SRC-000067/BLOCK-000812;SRC-000035/BLOCK-000811;SRC-000129/BLOCK-000814;SRC-000098/BLOCK-000813;SRC-000189/BLOCK-000816;SRC-000159/BLOCK-000815	KAE-BLOCK-000273;KAE-BLOCK-000283	SQL;diagnostics;validation_sql	no	CONF-000005	PROP-104;PROP-108;PROP-109;PROP-110;PROP-111;PROP-117;PROP-133;PROP-144	yes	attachment_update	done	Stage 3 attachment route generated from completed scope row; use exact source blocks and missing-input prompts before item-level production claims.
S3-SCOPE-002	J005	S3-J004	GPTs/attachments/08_performance_tuning_monitoring.md	08. Performance Tuning and Monitoring	APB-000016	GPTs/agent_playbooks/protected_operations.md	Protected Administration Operations Playbook	Protected administration operations	pass	7.1;7.3;8.1_verified	SRC-000049;SRC-000018;SRC-000056;SRC-000025;SRC-000072;SRC-000040;SRC-000113;SRC-000082;SRC-000120;SRC-000089;SRC-000134;SRC-000103;SRC-000173;SRC-000143;SRC-000180;SRC-000150;SRC-000194;SRC-000163;AID-SRC-000428;AID-SRC-000429	SRC-000049/BLOCK-000002;SRC-000018/BLOCK-000001;SRC-000056/BLOCK-000515;SRC-000025/BLOCK-000514;SRC-000072/BLOCK-000884;SRC-000040/BLOCK-000883;SRC-000113/BLOCK-000004;SRC-000082/BLOCK-000003;SRC-000120/BLOCK-000517;SRC-000089/BLOCK-000516;SRC-000134/BLOCK-000886;SRC-000103/BLOCK-000885;SRC-000173/BLOCK-000006;SRC-000143/BLOCK-000005;SRC-000180/BLOCK-000519;SRC-000150/BLOCK-000518;SRC-000194/BLOCK-000888;SRC-000163/BLOCK-000887;BLOCK-000438;BLOCK-000439	KAE-BLOCK-000272;KAE-BLOCK-000273;KAE-BLOCK-000276	commands;SQL;configuration;validation_sql;runbook;recovery_plan	yes	CONF-000004;CONF-000005;CONF-000007	PROP-104;PROP-108;PROP-109;PROP-110;PROP-111;PROP-117;PROP-133;PROP-144	yes	attachment_update	done	Stage 3 attachment route generated from completed scope row; use exact source blocks and missing-input prompts before item-level production claims.
S3-SCOPE-002	J005	S3-J004	GPTs/attachments/08_performance_tuning_monitoring.md	08. Performance Tuning and Monitoring	APB-000017	GPTs/agent_playbooks/aid_version_release_patch_routing.md	AID, Version, Release, And Patch Routing Playbook	AID, version, release, and patch routing	pass	7.1;7.3;8.1_verified;multi;aid	SRC-000228;SRC-000397;SRC-000424;SRC-000425;SRC-000426;SRC-000450;SRC-000451;SRC-000452;SRC-000477;SRC-000473;SRC-000474;SRC-000475;SRC-000476;SRC-000443;SRC-000444;SRC-000445;SRC-000464;SRC-000465;SRC-000466;AID-000001;AID-000002;AID-000003;AID-000004;AID-000005;AID-000006;AID-000015;AID-000016;AID-000022;AID-000023;AID-000025;AID-000028;AID-SRC-000423;AID-SRC-000424;AID-SRC-000425;AID-SRC-000426;AID-SRC-000427;AID-SRC-000428;AID-SRC-000429;AID-SRC-000430;AID-SRC-000431;AID-SRC-000432;AID-SRC-000433;AID-SRC-000434;AID-SRC-000435;AID-SRC-000436;AID-SRC-000437;AID-SRC-000438	SRC-000228/BLOCK-000615;SRC-000397/BLOCK-000784;SRC-000424/BLOCK-000819;SRC-000425/BLOCK-000822;SRC-000426/BLOCK-000827;SRC-000450/BLOCK-000821;SRC-000451/BLOCK-000824;SRC-000452/BLOCK-000826;SRC-000477/BLOCK-000829;SRC-000473/BLOCK-000562;SRC-000474/BLOCK-000909;SRC-000475/BLOCK-000910;SRC-000476/BLOCK-000911;SRC-000443/BLOCK-000836;SRC-000444/BLOCK-000838;SRC-000445/BLOCK-000840;SRC-000464/BLOCK-000837;SRC-000465/BLOCK-000839;SRC-000466/BLOCK-000841;BLOCK-000454;BLOCK-000457;BLOCK-000459;BLOCK-000460;BLOCK-000429;BLOCK-000433;BLOCK-000431;BLOCK-000432;BLOCK-000451;BLOCK-000453;BLOCK-000448;BLOCK-000436;BLOCK-000437;BLOCK-000438;BLOCK-000439;BLOCK-000440;BLOCK-000441;BLOCK-000442;BLOCK-000443;BLOCK-000444;BLOCK-000445;BLOCK-000446;BLOCK-000447;BLOCK-000452	KAE-BLOCK-000022;KAE-BLOCK-000157;KAE-BLOCK-000231;KAE-BLOCK-000240;KAE-BLOCK-000241;KAE-BLOCK-000242;KAE-BLOCK-000275;KAE-BLOCK-000276;KAE-BLOCK-000287	routing_matrix;source_recheck_plan;version_boundary_note;patch_token_packet;aid_decision_packet;validation_checks	yes	CONF-000001;CONF-000002;CONF-000004;CONF-000005;CONF-000006;CONF-000007;CONF-000008;CONF-000009	PROP-104;PROP-108;PROP-109;PROP-110;PROP-111;PROP-117;PROP-133;PROP-144	yes	attachment_update	done	Stage 3 attachment route generated from completed scope row; use exact source blocks and missing-input prompts before item-level production claims.
S3-SCOPE-003	J006	S3-J005	GPTs/attachments/05_data_types_properties.md	05. Data Types and Properties	APB-000004	GPTs/agent_playbooks/properties.md	Properties Playbook	Properties	pass	7.1;7.3;8.1_verified	SRC-000049;SRC-000018;SRC-000056;SRC-000025;SRC-000072;SRC-000040;SRC-000113;SRC-000082;SRC-000120;SRC-000089;SRC-000134;SRC-000103;SRC-000173;SRC-000143;SRC-000180;SRC-000150;SRC-000194;SRC-000163	SRC-000049/BLOCK-000002;SRC-000018/BLOCK-000001;SRC-000056/BLOCK-000515;SRC-000025/BLOCK-000514;SRC-000072/BLOCK-000884;SRC-000040/BLOCK-000883;SRC-000113/BLOCK-000004;SRC-000082/BLOCK-000003;SRC-000120/BLOCK-000517;SRC-000089/BLOCK-000516;SRC-000134/BLOCK-000886;SRC-000103/BLOCK-000885;SRC-000173/BLOCK-000006;SRC-000143/BLOCK-000005;SRC-000180/BLOCK-000519;SRC-000150/BLOCK-000518;SRC-000194/BLOCK-000888;SRC-000163/BLOCK-000887	KAE-BLOCK-000272;KAE-BLOCK-000273	configuration;SQL;commands;validation_sql	yes	CONF-000004;CONF-000005	PROP-101;PROP-115;PROP-120;PROP-122;PROP-124;PROP-126;PROP-127;PROP-128;PROP-129;PROP-150;PROP-116;PROP-125;PROP-143;PROP-102	yes	attachment_update	done	Stage 3 attachment route generated from completed scope row; use exact source blocks and missing-input prompts before item-level production claims.
S3-SCOPE-003	J006	S3-J005	GPTs/attachments/05_data_types_properties.md	05. Data Types and Properties	APB-000005	GPTs/agent_playbooks/dictionary_views.md	Dictionary And Views Playbook	Dictionary and views	pass	7.1;7.3;8.1_verified	SRC-000057;SRC-000026;SRC-000121;SRC-000090;SRC-000181;SRC-000151;SRC-000072;SRC-000134;SRC-000194;SRC-000067;SRC-000035;SRC-000129;SRC-000098;SRC-000189;SRC-000159	SRC-000057/BLOCK-000521;SRC-000026/BLOCK-000520;SRC-000121/BLOCK-000523;SRC-000090/BLOCK-000522;SRC-000181/BLOCK-000525;SRC-000151/BLOCK-000524;SRC-000072/BLOCK-000884;SRC-000134/BLOCK-000886;SRC-000194/BLOCK-000888;SRC-000067/BLOCK-000812;SRC-000035/BLOCK-000811;SRC-000129/BLOCK-000814;SRC-000098/BLOCK-000813;SRC-000189/BLOCK-000816;SRC-000159/BLOCK-000815	KAE-BLOCK-000273;KAE-BLOCK-000283	SQL;diagnostics;validation_sql	no	CONF-000005	PROP-101;PROP-115;PROP-120;PROP-122;PROP-124;PROP-126;PROP-127;PROP-128;PROP-129;PROP-150;PROP-116;PROP-125;PROP-143;PROP-102	yes	attachment_update	done	Stage 3 attachment route generated from completed scope row; use exact source blocks and missing-input prompts before item-level production claims.
S3-SCOPE-003	J006	S3-J005	GPTs/attachments/05_data_types_properties.md	05. Data Types and Properties	APB-000015	GPTs/agent_playbooks/service_development_artifact_generation.md	Service Development And Artifact Generation Playbook	Service development and artifact generation	pass	7.1;7.3;8.1_verified	SRC-000049;SRC-000018;SRC-000113;SRC-000082;SRC-000173;SRC-000143;SRC-000056;SRC-000025;SRC-000057;SRC-000026;SRC-000072;SRC-000040;SRC-000120;SRC-000089;SRC-000121;SRC-000090;SRC-000134;SRC-000103;SRC-000180;SRC-000150;SRC-000181;SRC-000151;SRC-000194;SRC-000163	SRC-000049/BLOCK-000002;SRC-000018/BLOCK-000001;SRC-000113/BLOCK-000004;SRC-000082/BLOCK-000003;SRC-000173/BLOCK-000006;SRC-000143/BLOCK-000005;SRC-000056/BLOCK-000515;SRC-000025/BLOCK-000514;SRC-000057/BLOCK-000521;SRC-000026/BLOCK-000520;SRC-000072/BLOCK-000884;SRC-000040/BLOCK-000883;SRC-000120/BLOCK-000517;SRC-000089/BLOCK-000516;SRC-000121/BLOCK-000523;SRC-000090/BLOCK-000522;SRC-000134/BLOCK-000886;SRC-000103/BLOCK-000885;SRC-000180/BLOCK-000519;SRC-000150/BLOCK-000518;SRC-000181/BLOCK-000525;SRC-000151/BLOCK-000524;SRC-000194/BLOCK-000888;SRC-000163/BLOCK-000887	KAE-BLOCK-000272;KAE-BLOCK-000273	service_plan;DDL;DCL;DML;SQL;configuration;validation_sql;test_plan	yes	CONF-000004;CONF-000005	PROP-101;PROP-115;PROP-120;PROP-122;PROP-124;PROP-126;PROP-127;PROP-128;PROP-129;PROP-150;PROP-116;PROP-125;PROP-143;PROP-102	yes	attachment_update	done	Stage 3 attachment route generated from completed scope row; use exact source blocks and missing-input prompts before item-level production claims.
S3-SCOPE-003	J006	S3-J005	GPTs/attachments/05_data_types_properties.md	05. Data Types and Properties	APB-000017	GPTs/agent_playbooks/aid_version_release_patch_routing.md	AID, Version, Release, And Patch Routing Playbook	AID, version, release, and patch routing	pass	7.1;7.3;8.1_verified;multi;aid	SRC-000228;SRC-000397;SRC-000424;SRC-000425;SRC-000426;SRC-000450;SRC-000451;SRC-000452;SRC-000477;SRC-000473;SRC-000474;SRC-000475;SRC-000476;SRC-000443;SRC-000444;SRC-000445;SRC-000464;SRC-000465;SRC-000466;AID-000001;AID-000002;AID-000003;AID-000004;AID-000005;AID-000006;AID-000015;AID-000016;AID-000022;AID-000023;AID-000025;AID-000028;AID-SRC-000423;AID-SRC-000424;AID-SRC-000425;AID-SRC-000426;AID-SRC-000427;AID-SRC-000428;AID-SRC-000429;AID-SRC-000430;AID-SRC-000431;AID-SRC-000432;AID-SRC-000433;AID-SRC-000434;AID-SRC-000435;AID-SRC-000436;AID-SRC-000437;AID-SRC-000438	SRC-000228/BLOCK-000615;SRC-000397/BLOCK-000784;SRC-000424/BLOCK-000819;SRC-000425/BLOCK-000822;SRC-000426/BLOCK-000827;SRC-000450/BLOCK-000821;SRC-000451/BLOCK-000824;SRC-000452/BLOCK-000826;SRC-000477/BLOCK-000829;SRC-000473/BLOCK-000562;SRC-000474/BLOCK-000909;SRC-000475/BLOCK-000910;SRC-000476/BLOCK-000911;SRC-000443/BLOCK-000836;SRC-000444/BLOCK-000838;SRC-000445/BLOCK-000840;SRC-000464/BLOCK-000837;SRC-000465/BLOCK-000839;SRC-000466/BLOCK-000841;BLOCK-000454;BLOCK-000457;BLOCK-000459;BLOCK-000460;BLOCK-000429;BLOCK-000433;BLOCK-000431;BLOCK-000432;BLOCK-000451;BLOCK-000453;BLOCK-000448;BLOCK-000436;BLOCK-000437;BLOCK-000438;BLOCK-000439;BLOCK-000440;BLOCK-000441;BLOCK-000442;BLOCK-000443;BLOCK-000444;BLOCK-000445;BLOCK-000446;BLOCK-000447;BLOCK-000452	KAE-BLOCK-000022;KAE-BLOCK-000157;KAE-BLOCK-000231;KAE-BLOCK-000240;KAE-BLOCK-000241;KAE-BLOCK-000242;KAE-BLOCK-000275;KAE-BLOCK-000276;KAE-BLOCK-000287	routing_matrix;source_recheck_plan;version_boundary_note;patch_token_packet;aid_decision_packet;validation_checks	yes	CONF-000001;CONF-000002;CONF-000004;CONF-000005;CONF-000006;CONF-000007;CONF-000008;CONF-000009	PROP-101;PROP-115;PROP-120;PROP-122;PROP-124;PROP-126;PROP-127;PROP-128;PROP-129;PROP-150;PROP-116;PROP-125;PROP-143;PROP-102	yes	attachment_update	done	Stage 3 attachment route generated from completed scope row; use exact source blocks and missing-input prompts before item-level production claims.
S3-SCOPE-003	J006	S3-J005	GPTs/attachments/08_performance_tuning_monitoring.md	08. Performance Tuning and Monitoring	APB-000004	GPTs/agent_playbooks/properties.md	Properties Playbook	Properties	pass	7.1;7.3;8.1_verified	SRC-000049;SRC-000018;SRC-000056;SRC-000025;SRC-000072;SRC-000040;SRC-000113;SRC-000082;SRC-000120;SRC-000089;SRC-000134;SRC-000103;SRC-000173;SRC-000143;SRC-000180;SRC-000150;SRC-000194;SRC-000163	SRC-000049/BLOCK-000002;SRC-000018/BLOCK-000001;SRC-000056/BLOCK-000515;SRC-000025/BLOCK-000514;SRC-000072/BLOCK-000884;SRC-000040/BLOCK-000883;SRC-000113/BLOCK-000004;SRC-000082/BLOCK-000003;SRC-000120/BLOCK-000517;SRC-000089/BLOCK-000516;SRC-000134/BLOCK-000886;SRC-000103/BLOCK-000885;SRC-000173/BLOCK-000006;SRC-000143/BLOCK-000005;SRC-000180/BLOCK-000519;SRC-000150/BLOCK-000518;SRC-000194/BLOCK-000888;SRC-000163/BLOCK-000887	KAE-BLOCK-000272;KAE-BLOCK-000273	configuration;SQL;commands;validation_sql	yes	CONF-000004;CONF-000005	PROP-101;PROP-115;PROP-120;PROP-122;PROP-124;PROP-126;PROP-127;PROP-128;PROP-129;PROP-150;PROP-116;PROP-125;PROP-143;PROP-102	yes	attachment_update	done	Stage 3 attachment route generated from completed scope row; use exact source blocks and missing-input prompts before item-level production claims.
S3-SCOPE-003	J006	S3-J005	GPTs/attachments/08_performance_tuning_monitoring.md	08. Performance Tuning and Monitoring	APB-000005	GPTs/agent_playbooks/dictionary_views.md	Dictionary And Views Playbook	Dictionary and views	pass	7.1;7.3;8.1_verified	SRC-000057;SRC-000026;SRC-000121;SRC-000090;SRC-000181;SRC-000151;SRC-000072;SRC-000134;SRC-000194;SRC-000067;SRC-000035;SRC-000129;SRC-000098;SRC-000189;SRC-000159	SRC-000057/BLOCK-000521;SRC-000026/BLOCK-000520;SRC-000121/BLOCK-000523;SRC-000090/BLOCK-000522;SRC-000181/BLOCK-000525;SRC-000151/BLOCK-000524;SRC-000072/BLOCK-000884;SRC-000134/BLOCK-000886;SRC-000194/BLOCK-000888;SRC-000067/BLOCK-000812;SRC-000035/BLOCK-000811;SRC-000129/BLOCK-000814;SRC-000098/BLOCK-000813;SRC-000189/BLOCK-000816;SRC-000159/BLOCK-000815	KAE-BLOCK-000273;KAE-BLOCK-000283	SQL;diagnostics;validation_sql	no	CONF-000005	PROP-101;PROP-115;PROP-120;PROP-122;PROP-124;PROP-126;PROP-127;PROP-128;PROP-129;PROP-150;PROP-116;PROP-125;PROP-143;PROP-102	yes	attachment_update	done	Stage 3 attachment route generated from completed scope row; use exact source blocks and missing-input prompts before item-level production claims.
S3-SCOPE-003	J006	S3-J005	GPTs/attachments/08_performance_tuning_monitoring.md	08. Performance Tuning and Monitoring	APB-000015	GPTs/agent_playbooks/service_development_artifact_generation.md	Service Development And Artifact Generation Playbook	Service development and artifact generation	pass	7.1;7.3;8.1_verified	SRC-000049;SRC-000018;SRC-000113;SRC-000082;SRC-000173;SRC-000143;SRC-000056;SRC-000025;SRC-000057;SRC-000026;SRC-000072;SRC-000040;SRC-000120;SRC-000089;SRC-000121;SRC-000090;SRC-000134;SRC-000103;SRC-000180;SRC-000150;SRC-000181;SRC-000151;SRC-000194;SRC-000163	SRC-000049/BLOCK-000002;SRC-000018/BLOCK-000001;SRC-000113/BLOCK-000004;SRC-000082/BLOCK-000003;SRC-000173/BLOCK-000006;SRC-000143/BLOCK-000005;SRC-000056/BLOCK-000515;SRC-000025/BLOCK-000514;SRC-000057/BLOCK-000521;SRC-000026/BLOCK-000520;SRC-000072/BLOCK-000884;SRC-000040/BLOCK-000883;SRC-000120/BLOCK-000517;SRC-000089/BLOCK-000516;SRC-000121/BLOCK-000523;SRC-000090/BLOCK-000522;SRC-000134/BLOCK-000886;SRC-000103/BLOCK-000885;SRC-000180/BLOCK-000519;SRC-000150/BLOCK-000518;SRC-000181/BLOCK-000525;SRC-000151/BLOCK-000524;SRC-000194/BLOCK-000888;SRC-000163/BLOCK-000887	KAE-BLOCK-000272;KAE-BLOCK-000273	service_plan;DDL;DCL;DML;SQL;configuration;validation_sql;test_plan	yes	CONF-000004;CONF-000005	PROP-101;PROP-115;PROP-120;PROP-122;PROP-124;PROP-126;PROP-127;PROP-128;PROP-129;PROP-150;PROP-116;PROP-125;PROP-143;PROP-102	yes	attachment_update	done	Stage 3 attachment route generated from completed scope row; use exact source blocks and missing-input prompts before item-level production claims.
S3-SCOPE-003	J006	S3-J005	GPTs/attachments/08_performance_tuning_monitoring.md	08. Performance Tuning and Monitoring	APB-000017	GPTs/agent_playbooks/aid_version_release_patch_routing.md	AID, Version, Release, And Patch Routing Playbook	AID, version, release, and patch routing	pass	7.1;7.3;8.1_verified;multi;aid	SRC-000228;SRC-000397;SRC-000424;SRC-000425;SRC-000426;SRC-000450;SRC-000451;SRC-000452;SRC-000477;SRC-000473;SRC-000474;SRC-000475;SRC-000476;SRC-000443;SRC-000444;SRC-000445;SRC-000464;SRC-000465;SRC-000466;AID-000001;AID-000002;AID-000003;AID-000004;AID-000005;AID-000006;AID-000015;AID-000016;AID-000022;AID-000023;AID-000025;AID-000028;AID-SRC-000423;AID-SRC-000424;AID-SRC-000425;AID-SRC-000426;AID-SRC-000427;AID-SRC-000428;AID-SRC-000429;AID-SRC-000430;AID-SRC-000431;AID-SRC-000432;AID-SRC-000433;AID-SRC-000434;AID-SRC-000435;AID-SRC-000436;AID-SRC-000437;AID-SRC-000438	SRC-000228/BLOCK-000615;SRC-000397/BLOCK-000784;SRC-000424/BLOCK-000819;SRC-000425/BLOCK-000822;SRC-000426/BLOCK-000827;SRC-000450/BLOCK-000821;SRC-000451/BLOCK-000824;SRC-000452/BLOCK-000826;SRC-000477/BLOCK-000829;SRC-000473/BLOCK-000562;SRC-000474/BLOCK-000909;SRC-000475/BLOCK-000910;SRC-000476/BLOCK-000911;SRC-000443/BLOCK-000836;SRC-000444/BLOCK-000838;SRC-000445/BLOCK-000840;SRC-000464/BLOCK-000837;SRC-000465/BLOCK-000839;SRC-000466/BLOCK-000841;BLOCK-000454;BLOCK-000457;BLOCK-000459;BLOCK-000460;BLOCK-000429;BLOCK-000433;BLOCK-000431;BLOCK-000432;BLOCK-000451;BLOCK-000453;BLOCK-000448;BLOCK-000436;BLOCK-000437;BLOCK-000438;BLOCK-000439;BLOCK-000440;BLOCK-000441;BLOCK-000442;BLOCK-000443;BLOCK-000444;BLOCK-000445;BLOCK-000446;BLOCK-000447;BLOCK-000452	KAE-BLOCK-000022;KAE-BLOCK-000157;KAE-BLOCK-000231;KAE-BLOCK-000240;KAE-BLOCK-000241;KAE-BLOCK-000242;KAE-BLOCK-000275;KAE-BLOCK-000276;KAE-BLOCK-000287	routing_matrix;source_recheck_plan;version_boundary_note;patch_token_packet;aid_decision_packet;validation_checks	yes	CONF-000001;CONF-000002;CONF-000004;CONF-000005;CONF-000006;CONF-000007;CONF-000008;CONF-000009	PROP-101;PROP-115;PROP-120;PROP-122;PROP-124;PROP-126;PROP-127;PROP-128;PROP-129;PROP-150;PROP-116;PROP-125;PROP-143;PROP-102	yes	attachment_update	done	Stage 3 attachment route generated from completed scope row; use exact source blocks and missing-input prompts before item-level production claims.
S3-SCOPE-003	J006	S3-J005	GPTs/attachments/06_data_dictionary_performance_views.md	06. Data Dictionary and Performance Views	APB-000004	GPTs/agent_playbooks/properties.md	Properties Playbook	Properties	pass	7.1;7.3;8.1_verified	SRC-000049;SRC-000018;SRC-000056;SRC-000025;SRC-000072;SRC-000040;SRC-000113;SRC-000082;SRC-000120;SRC-000089;SRC-000134;SRC-000103;SRC-000173;SRC-000143;SRC-000180;SRC-000150;SRC-000194;SRC-000163	SRC-000049/BLOCK-000002;SRC-000018/BLOCK-000001;SRC-000056/BLOCK-000515;SRC-000025/BLOCK-000514;SRC-000072/BLOCK-000884;SRC-000040/BLOCK-000883;SRC-000113/BLOCK-000004;SRC-000082/BLOCK-000003;SRC-000120/BLOCK-000517;SRC-000089/BLOCK-000516;SRC-000134/BLOCK-000886;SRC-000103/BLOCK-000885;SRC-000173/BLOCK-000006;SRC-000143/BLOCK-000005;SRC-000180/BLOCK-000519;SRC-000150/BLOCK-000518;SRC-000194/BLOCK-000888;SRC-000163/BLOCK-000887	KAE-BLOCK-000272;KAE-BLOCK-000273	configuration;SQL;commands;validation_sql	yes	CONF-000004;CONF-000005	PROP-101;PROP-115;PROP-120;PROP-122;PROP-124;PROP-126;PROP-127;PROP-128;PROP-129;PROP-150;PROP-116;PROP-125;PROP-143;PROP-102	yes	attachment_update	done	Stage 3 attachment route generated from completed scope row; use exact source blocks and missing-input prompts before item-level production claims.
S3-SCOPE-003	J006	S3-J005	GPTs/attachments/06_data_dictionary_performance_views.md	06. Data Dictionary and Performance Views	APB-000005	GPTs/agent_playbooks/dictionary_views.md	Dictionary And Views Playbook	Dictionary and views	pass	7.1;7.3;8.1_verified	SRC-000057;SRC-000026;SRC-000121;SRC-000090;SRC-000181;SRC-000151;SRC-000072;SRC-000134;SRC-000194;SRC-000067;SRC-000035;SRC-000129;SRC-000098;SRC-000189;SRC-000159	SRC-000057/BLOCK-000521;SRC-000026/BLOCK-000520;SRC-000121/BLOCK-000523;SRC-000090/BLOCK-000522;SRC-000181/BLOCK-000525;SRC-000151/BLOCK-000524;SRC-000072/BLOCK-000884;SRC-000134/BLOCK-000886;SRC-000194/BLOCK-000888;SRC-000067/BLOCK-000812;SRC-000035/BLOCK-000811;SRC-000129/BLOCK-000814;SRC-000098/BLOCK-000813;SRC-000189/BLOCK-000816;SRC-000159/BLOCK-000815	KAE-BLOCK-000273;KAE-BLOCK-000283	SQL;diagnostics;validation_sql	no	CONF-000005	PROP-101;PROP-115;PROP-120;PROP-122;PROP-124;PROP-126;PROP-127;PROP-128;PROP-129;PROP-150;PROP-116;PROP-125;PROP-143;PROP-102	yes	attachment_update	done	Stage 3 attachment route generated from completed scope row; use exact source blocks and missing-input prompts before item-level production claims.
S3-SCOPE-003	J006	S3-J005	GPTs/attachments/06_data_dictionary_performance_views.md	06. Data Dictionary and Performance Views	APB-000015	GPTs/agent_playbooks/service_development_artifact_generation.md	Service Development And Artifact Generation Playbook	Service development and artifact generation	pass	7.1;7.3;8.1_verified	SRC-000049;SRC-000018;SRC-000113;SRC-000082;SRC-000173;SRC-000143;SRC-000056;SRC-000025;SRC-000057;SRC-000026;SRC-000072;SRC-000040;SRC-000120;SRC-000089;SRC-000121;SRC-000090;SRC-000134;SRC-000103;SRC-000180;SRC-000150;SRC-000181;SRC-000151;SRC-000194;SRC-000163	SRC-000049/BLOCK-000002;SRC-000018/BLOCK-000001;SRC-000113/BLOCK-000004;SRC-000082/BLOCK-000003;SRC-000173/BLOCK-000006;SRC-000143/BLOCK-000005;SRC-000056/BLOCK-000515;SRC-000025/BLOCK-000514;SRC-000057/BLOCK-000521;SRC-000026/BLOCK-000520;SRC-000072/BLOCK-000884;SRC-000040/BLOCK-000883;SRC-000120/BLOCK-000517;SRC-000089/BLOCK-000516;SRC-000121/BLOCK-000523;SRC-000090/BLOCK-000522;SRC-000134/BLOCK-000886;SRC-000103/BLOCK-000885;SRC-000180/BLOCK-000519;SRC-000150/BLOCK-000518;SRC-000181/BLOCK-000525;SRC-000151/BLOCK-000524;SRC-000194/BLOCK-000888;SRC-000163/BLOCK-000887	KAE-BLOCK-000272;KAE-BLOCK-000273	service_plan;DDL;DCL;DML;SQL;configuration;validation_sql;test_plan	yes	CONF-000004;CONF-000005	PROP-101;PROP-115;PROP-120;PROP-122;PROP-124;PROP-126;PROP-127;PROP-128;PROP-129;PROP-150;PROP-116;PROP-125;PROP-143;PROP-102	yes	attachment_update	done	Stage 3 attachment route generated from completed scope row; use exact source blocks and missing-input prompts before item-level production claims.
S3-SCOPE-003	J006	S3-J005	GPTs/attachments/06_data_dictionary_performance_views.md	06. Data Dictionary and Performance Views	APB-000017	GPTs/agent_playbooks/aid_version_release_patch_routing.md	AID, Version, Release, And Patch Routing Playbook	AID, version, release, and patch routing	pass	7.1;7.3;8.1_verified;multi;aid	SRC-000228;SRC-000397;SRC-000424;SRC-000425;SRC-000426;SRC-000450;SRC-000451;SRC-000452;SRC-000477;SRC-000473;SRC-000474;SRC-000475;SRC-000476;SRC-000443;SRC-000444;SRC-000445;SRC-000464;SRC-000465;SRC-000466;AID-000001;AID-000002;AID-000003;AID-000004;AID-000005;AID-000006;AID-000015;AID-000016;AID-000022;AID-000023;AID-000025;AID-000028;AID-SRC-000423;AID-SRC-000424;AID-SRC-000425;AID-SRC-000426;AID-SRC-000427;AID-SRC-000428;AID-SRC-000429;AID-SRC-000430;AID-SRC-000431;AID-SRC-000432;AID-SRC-000433;AID-SRC-000434;AID-SRC-000435;AID-SRC-000436;AID-SRC-000437;AID-SRC-000438	SRC-000228/BLOCK-000615;SRC-000397/BLOCK-000784;SRC-000424/BLOCK-000819;SRC-000425/BLOCK-000822;SRC-000426/BLOCK-000827;SRC-000450/BLOCK-000821;SRC-000451/BLOCK-000824;SRC-000452/BLOCK-000826;SRC-000477/BLOCK-000829;SRC-000473/BLOCK-000562;SRC-000474/BLOCK-000909;SRC-000475/BLOCK-000910;SRC-000476/BLOCK-000911;SRC-000443/BLOCK-000836;SRC-000444/BLOCK-000838;SRC-000445/BLOCK-000840;SRC-000464/BLOCK-000837;SRC-000465/BLOCK-000839;SRC-000466/BLOCK-000841;BLOCK-000454;BLOCK-000457;BLOCK-000459;BLOCK-000460;BLOCK-000429;BLOCK-000433;BLOCK-000431;BLOCK-000432;BLOCK-000451;BLOCK-000453;BLOCK-000448;BLOCK-000436;BLOCK-000437;BLOCK-000438;BLOCK-000439;BLOCK-000440;BLOCK-000441;BLOCK-000442;BLOCK-000443;BLOCK-000444;BLOCK-000445;BLOCK-000446;BLOCK-000447;BLOCK-000452	KAE-BLOCK-000022;KAE-BLOCK-000157;KAE-BLOCK-000231;KAE-BLOCK-000240;KAE-BLOCK-000241;KAE-BLOCK-000242;KAE-BLOCK-000275;KAE-BLOCK-000276;KAE-BLOCK-000287	routing_matrix;source_recheck_plan;version_boundary_note;patch_token_packet;aid_decision_packet;validation_checks	yes	CONF-000001;CONF-000002;CONF-000004;CONF-000005;CONF-000006;CONF-000007;CONF-000008;CONF-000009	PROP-101;PROP-115;PROP-120;PROP-122;PROP-124;PROP-126;PROP-127;PROP-128;PROP-129;PROP-150;PROP-116;PROP-125;PROP-143;PROP-102	yes	attachment_update	done	Stage 3 attachment route generated from completed scope row; use exact source blocks and missing-input prompts before item-level production claims.
S3-SCOPE-004	J007	S3-J006	GPTs/attachments/05_data_types_properties.md	05. Data Types and Properties	APB-000004	GPTs/agent_playbooks/properties.md	Properties Playbook	Properties	pass	7.1;7.3;8.1_verified	SRC-000049;SRC-000018;SRC-000056;SRC-000025;SRC-000072;SRC-000040;SRC-000113;SRC-000082;SRC-000120;SRC-000089;SRC-000134;SRC-000103;SRC-000173;SRC-000143;SRC-000180;SRC-000150;SRC-000194;SRC-000163	SRC-000049/BLOCK-000002;SRC-000018/BLOCK-000001;SRC-000056/BLOCK-000515;SRC-000025/BLOCK-000514;SRC-000072/BLOCK-000884;SRC-000040/BLOCK-000883;SRC-000113/BLOCK-000004;SRC-000082/BLOCK-000003;SRC-000120/BLOCK-000517;SRC-000089/BLOCK-000516;SRC-000134/BLOCK-000886;SRC-000103/BLOCK-000885;SRC-000173/BLOCK-000006;SRC-000143/BLOCK-000005;SRC-000180/BLOCK-000519;SRC-000150/BLOCK-000518;SRC-000194/BLOCK-000888;SRC-000163/BLOCK-000887	KAE-BLOCK-000272;KAE-BLOCK-000273	configuration;SQL;commands;validation_sql	yes	CONF-000004;CONF-000005	PROP-137;PROP-138;PROP-140;PROP-141;PROP-142;PROP-118;PROP-135;PROP-136;PROP-139;PROP-113	yes	attachment_update	done	Stage 3 attachment route generated from completed scope row; use exact source blocks and missing-input prompts before item-level production claims.
S3-SCOPE-004	J007	S3-J006	GPTs/attachments/05_data_types_properties.md	05. Data Types and Properties	APB-000007	GPTs/agent_playbooks/replication_cdc.md	Replication And CDC Playbook	Replication and CDC	pass	7.1;7.3;8.1_verified;multi	SRC-000070;SRC-000038;SRC-000132;SRC-000101;SRC-000192;SRC-000161;SRC-000062;SRC-000031;SRC-000126;SRC-000095;SRC-000186;SRC-000156;SRC-000211;SRC-000204;SRC-000225;SRC-000218;SRC-000464;SRC-000443;SRC-000465;SRC-000444;SRC-000466;SRC-000445;SRC-000452;SRC-000429;SRC-000477;SRC-000180;SRC-000150;SRC-000194;SRC-000163;SRC-000175;SRC-000145	SRC-000070/BLOCK-000845;SRC-000038/BLOCK-000844;SRC-000132/BLOCK-000847;SRC-000101/BLOCK-000846;SRC-000192/BLOCK-000849;SRC-000161/BLOCK-000848;SRC-000062/BLOCK-000564;SRC-000031/BLOCK-000563;SRC-000126/BLOCK-000566;SRC-000095/BLOCK-000565;SRC-000186/BLOCK-000568;SRC-000156/BLOCK-000567;SRC-000211/BLOCK-000843;SRC-000204/BLOCK-000842;SRC-000225/BLOCK-000835;SRC-000218/BLOCK-000834;SRC-000464/BLOCK-000837;SRC-000443/BLOCK-000836;SRC-000465/BLOCK-000839;SRC-000444/BLOCK-000838;SRC-000466/BLOCK-000841;SRC-000445/BLOCK-000840;SRC-000452/BLOCK-000826;SRC-000429/BLOCK-000825;SRC-000477/BLOCK-000829;SRC-000180/BLOCK-000519;SRC-000150/BLOCK-000518;SRC-000194/BLOCK-000888;SRC-000163/BLOCK-000887;SRC-000175/BLOCK-000855;SRC-000145/BLOCK-000854	KAE-BLOCK-000253;KAE-BLOCK-000272;KAE-BLOCK-000273;KAE-BLOCK-000275;KAE-BLOCK-000280;KAE-BLOCK-000286;KAE-BLOCK-000287	DDL;SQL;commands;configuration;runbook;diagnostics;validation_sql	yes	CONF-000004;CONF-000005;CONF-000006;CONF-000007;CONF-000008	PROP-137;PROP-138;PROP-140;PROP-141;PROP-142;PROP-118;PROP-135;PROP-136;PROP-139;PROP-113	yes	attachment_update	done	Stage 3 attachment route generated from completed scope row; use exact source blocks and missing-input prompts before item-level production claims.
S3-SCOPE-004	J007	S3-J006	GPTs/attachments/05_data_types_properties.md	05. Data Types and Properties	APB-000008	GPTs/agent_playbooks/security_tls.md	Security And TLS Playbook	Security and TLS	pass	7.1;7.3;8.1_verified	SRC-000051;SRC-000020;SRC-000115;SRC-000084;SRC-000175;SRC-000145;SRC-000049;SRC-000018;SRC-000113;SRC-000082;SRC-000173;SRC-000143;SRC-000056;SRC-000025;SRC-000120;SRC-000089;SRC-000180;SRC-000150;AID-SRC-000428	SRC-000051/BLOCK-000851;SRC-000020/BLOCK-000850;SRC-000115/BLOCK-000853;SRC-000084/BLOCK-000852;SRC-000175/BLOCK-000855;SRC-000145/BLOCK-000854;SRC-000049/BLOCK-000002;SRC-000018/BLOCK-000001;SRC-000113/BLOCK-000004;SRC-000082/BLOCK-000003;SRC-000173/BLOCK-000006;SRC-000143/BLOCK-000005;SRC-000056/BLOCK-000515;SRC-000025/BLOCK-000514;SRC-000120/BLOCK-000517;SRC-000089/BLOCK-000516;SRC-000180/BLOCK-000519;SRC-000150/BLOCK-000518;BLOCK-000438	KAE-BLOCK-000272;KAE-BLOCK-000274;KAE-BLOCK-000276	configuration;commands;validation_checks	yes	CONF-000004;CONF-000006;CONF-000007	PROP-137;PROP-138;PROP-140;PROP-141;PROP-142;PROP-118;PROP-135;PROP-136;PROP-139;PROP-113	yes	attachment_update	done	Stage 3 attachment route generated from completed scope row; use exact source blocks and missing-input prompts before item-level production claims.
S3-SCOPE-004	J007	S3-J006	GPTs/attachments/05_data_types_properties.md	05. Data Types and Properties	APB-000017	GPTs/agent_playbooks/aid_version_release_patch_routing.md	AID, Version, Release, And Patch Routing Playbook	AID, version, release, and patch routing	pass	7.1;7.3;8.1_verified;multi;aid	SRC-000228;SRC-000397;SRC-000424;SRC-000425;SRC-000426;SRC-000450;SRC-000451;SRC-000452;SRC-000477;SRC-000473;SRC-000474;SRC-000475;SRC-000476;SRC-000443;SRC-000444;SRC-000445;SRC-000464;SRC-000465;SRC-000466;AID-000001;AID-000002;AID-000003;AID-000004;AID-000005;AID-000006;AID-000015;AID-000016;AID-000022;AID-000023;AID-000025;AID-000028;AID-SRC-000423;AID-SRC-000424;AID-SRC-000425;AID-SRC-000426;AID-SRC-000427;AID-SRC-000428;AID-SRC-000429;AID-SRC-000430;AID-SRC-000431;AID-SRC-000432;AID-SRC-000433;AID-SRC-000434;AID-SRC-000435;AID-SRC-000436;AID-SRC-000437;AID-SRC-000438	SRC-000228/BLOCK-000615;SRC-000397/BLOCK-000784;SRC-000424/BLOCK-000819;SRC-000425/BLOCK-000822;SRC-000426/BLOCK-000827;SRC-000450/BLOCK-000821;SRC-000451/BLOCK-000824;SRC-000452/BLOCK-000826;SRC-000477/BLOCK-000829;SRC-000473/BLOCK-000562;SRC-000474/BLOCK-000909;SRC-000475/BLOCK-000910;SRC-000476/BLOCK-000911;SRC-000443/BLOCK-000836;SRC-000444/BLOCK-000838;SRC-000445/BLOCK-000840;SRC-000464/BLOCK-000837;SRC-000465/BLOCK-000839;SRC-000466/BLOCK-000841;BLOCK-000454;BLOCK-000457;BLOCK-000459;BLOCK-000460;BLOCK-000429;BLOCK-000433;BLOCK-000431;BLOCK-000432;BLOCK-000451;BLOCK-000453;BLOCK-000448;BLOCK-000436;BLOCK-000437;BLOCK-000438;BLOCK-000439;BLOCK-000440;BLOCK-000441;BLOCK-000442;BLOCK-000443;BLOCK-000444;BLOCK-000445;BLOCK-000446;BLOCK-000447;BLOCK-000452	KAE-BLOCK-000022;KAE-BLOCK-000157;KAE-BLOCK-000231;KAE-BLOCK-000240;KAE-BLOCK-000241;KAE-BLOCK-000242;KAE-BLOCK-000275;KAE-BLOCK-000276;KAE-BLOCK-000287	routing_matrix;source_recheck_plan;version_boundary_note;patch_token_packet;aid_decision_packet;validation_checks	yes	CONF-000001;CONF-000002;CONF-000004;CONF-000005;CONF-000006;CONF-000007;CONF-000008;CONF-000009	PROP-137;PROP-138;PROP-140;PROP-141;PROP-142;PROP-118;PROP-135;PROP-136;PROP-139;PROP-113	yes	attachment_update	done	Stage 3 attachment route generated from completed scope row; use exact source blocks and missing-input prompts before item-level production claims.
S3-SCOPE-004	J007	S3-J006	GPTs/attachments/09_replication_ha_cdc.md	09. Replication, HA, and CDC	APB-000004	GPTs/agent_playbooks/properties.md	Properties Playbook	Properties	pass	7.1;7.3;8.1_verified	SRC-000049;SRC-000018;SRC-000056;SRC-000025;SRC-000072;SRC-000040;SRC-000113;SRC-000082;SRC-000120;SRC-000089;SRC-000134;SRC-000103;SRC-000173;SRC-000143;SRC-000180;SRC-000150;SRC-000194;SRC-000163	SRC-000049/BLOCK-000002;SRC-000018/BLOCK-000001;SRC-000056/BLOCK-000515;SRC-000025/BLOCK-000514;SRC-000072/BLOCK-000884;SRC-000040/BLOCK-000883;SRC-000113/BLOCK-000004;SRC-000082/BLOCK-000003;SRC-000120/BLOCK-000517;SRC-000089/BLOCK-000516;SRC-000134/BLOCK-000886;SRC-000103/BLOCK-000885;SRC-000173/BLOCK-000006;SRC-000143/BLOCK-000005;SRC-000180/BLOCK-000519;SRC-000150/BLOCK-000518;SRC-000194/BLOCK-000888;SRC-000163/BLOCK-000887	KAE-BLOCK-000272;KAE-BLOCK-000273	configuration;SQL;commands;validation_sql	yes	CONF-000004;CONF-000005	PROP-137;PROP-138;PROP-140;PROP-141;PROP-142;PROP-118;PROP-135;PROP-136;PROP-139;PROP-113	yes	attachment_update	done	Stage 3 attachment route generated from completed scope row; use exact source blocks and missing-input prompts before item-level production claims.
S3-SCOPE-004	J007	S3-J006	GPTs/attachments/09_replication_ha_cdc.md	09. Replication, HA, and CDC	APB-000007	GPTs/agent_playbooks/replication_cdc.md	Replication And CDC Playbook	Replication and CDC	pass	7.1;7.3;8.1_verified;multi	SRC-000070;SRC-000038;SRC-000132;SRC-000101;SRC-000192;SRC-000161;SRC-000062;SRC-000031;SRC-000126;SRC-000095;SRC-000186;SRC-000156;SRC-000211;SRC-000204;SRC-000225;SRC-000218;SRC-000464;SRC-000443;SRC-000465;SRC-000444;SRC-000466;SRC-000445;SRC-000452;SRC-000429;SRC-000477;SRC-000180;SRC-000150;SRC-000194;SRC-000163;SRC-000175;SRC-000145	SRC-000070/BLOCK-000845;SRC-000038/BLOCK-000844;SRC-000132/BLOCK-000847;SRC-000101/BLOCK-000846;SRC-000192/BLOCK-000849;SRC-000161/BLOCK-000848;SRC-000062/BLOCK-000564;SRC-000031/BLOCK-000563;SRC-000126/BLOCK-000566;SRC-000095/BLOCK-000565;SRC-000186/BLOCK-000568;SRC-000156/BLOCK-000567;SRC-000211/BLOCK-000843;SRC-000204/BLOCK-000842;SRC-000225/BLOCK-000835;SRC-000218/BLOCK-000834;SRC-000464/BLOCK-000837;SRC-000443/BLOCK-000836;SRC-000465/BLOCK-000839;SRC-000444/BLOCK-000838;SRC-000466/BLOCK-000841;SRC-000445/BLOCK-000840;SRC-000452/BLOCK-000826;SRC-000429/BLOCK-000825;SRC-000477/BLOCK-000829;SRC-000180/BLOCK-000519;SRC-000150/BLOCK-000518;SRC-000194/BLOCK-000888;SRC-000163/BLOCK-000887;SRC-000175/BLOCK-000855;SRC-000145/BLOCK-000854	KAE-BLOCK-000253;KAE-BLOCK-000272;KAE-BLOCK-000273;KAE-BLOCK-000275;KAE-BLOCK-000280;KAE-BLOCK-000286;KAE-BLOCK-000287	DDL;SQL;commands;configuration;runbook;diagnostics;validation_sql	yes	CONF-000004;CONF-000005;CONF-000006;CONF-000007;CONF-000008	PROP-137;PROP-138;PROP-140;PROP-141;PROP-142;PROP-118;PROP-135;PROP-136;PROP-139;PROP-113	yes	attachment_update	done	Stage 3 attachment route generated from completed scope row; use exact source blocks and missing-input prompts before item-level production claims.
S3-SCOPE-004	J007	S3-J006	GPTs/attachments/09_replication_ha_cdc.md	09. Replication, HA, and CDC	APB-000008	GPTs/agent_playbooks/security_tls.md	Security And TLS Playbook	Security and TLS	pass	7.1;7.3;8.1_verified	SRC-000051;SRC-000020;SRC-000115;SRC-000084;SRC-000175;SRC-000145;SRC-000049;SRC-000018;SRC-000113;SRC-000082;SRC-000173;SRC-000143;SRC-000056;SRC-000025;SRC-000120;SRC-000089;SRC-000180;SRC-000150;AID-SRC-000428	SRC-000051/BLOCK-000851;SRC-000020/BLOCK-000850;SRC-000115/BLOCK-000853;SRC-000084/BLOCK-000852;SRC-000175/BLOCK-000855;SRC-000145/BLOCK-000854;SRC-000049/BLOCK-000002;SRC-000018/BLOCK-000001;SRC-000113/BLOCK-000004;SRC-000082/BLOCK-000003;SRC-000173/BLOCK-000006;SRC-000143/BLOCK-000005;SRC-000056/BLOCK-000515;SRC-000025/BLOCK-000514;SRC-000120/BLOCK-000517;SRC-000089/BLOCK-000516;SRC-000180/BLOCK-000519;SRC-000150/BLOCK-000518;BLOCK-000438	KAE-BLOCK-000272;KAE-BLOCK-000274;KAE-BLOCK-000276	configuration;commands;validation_checks	yes	CONF-000004;CONF-000006;CONF-000007	PROP-137;PROP-138;PROP-140;PROP-141;PROP-142;PROP-118;PROP-135;PROP-136;PROP-139;PROP-113	yes	attachment_update	done	Stage 3 attachment route generated from completed scope row; use exact source blocks and missing-input prompts before item-level production claims.
S3-SCOPE-004	J007	S3-J006	GPTs/attachments/09_replication_ha_cdc.md	09. Replication, HA, and CDC	APB-000017	GPTs/agent_playbooks/aid_version_release_patch_routing.md	AID, Version, Release, And Patch Routing Playbook	AID, version, release, and patch routing	pass	7.1;7.3;8.1_verified;multi;aid	SRC-000228;SRC-000397;SRC-000424;SRC-000425;SRC-000426;SRC-000450;SRC-000451;SRC-000452;SRC-000477;SRC-000473;SRC-000474;SRC-000475;SRC-000476;SRC-000443;SRC-000444;SRC-000445;SRC-000464;SRC-000465;SRC-000466;AID-000001;AID-000002;AID-000003;AID-000004;AID-000005;AID-000006;AID-000015;AID-000016;AID-000022;AID-000023;AID-000025;AID-000028;AID-SRC-000423;AID-SRC-000424;AID-SRC-000425;AID-SRC-000426;AID-SRC-000427;AID-SRC-000428;AID-SRC-000429;AID-SRC-000430;AID-SRC-000431;AID-SRC-000432;AID-SRC-000433;AID-SRC-000434;AID-SRC-000435;AID-SRC-000436;AID-SRC-000437;AID-SRC-000438	SRC-000228/BLOCK-000615;SRC-000397/BLOCK-000784;SRC-000424/BLOCK-000819;SRC-000425/BLOCK-000822;SRC-000426/BLOCK-000827;SRC-000450/BLOCK-000821;SRC-000451/BLOCK-000824;SRC-000452/BLOCK-000826;SRC-000477/BLOCK-000829;SRC-000473/BLOCK-000562;SRC-000474/BLOCK-000909;SRC-000475/BLOCK-000910;SRC-000476/BLOCK-000911;SRC-000443/BLOCK-000836;SRC-000444/BLOCK-000838;SRC-000445/BLOCK-000840;SRC-000464/BLOCK-000837;SRC-000465/BLOCK-000839;SRC-000466/BLOCK-000841;BLOCK-000454;BLOCK-000457;BLOCK-000459;BLOCK-000460;BLOCK-000429;BLOCK-000433;BLOCK-000431;BLOCK-000432;BLOCK-000451;BLOCK-000453;BLOCK-000448;BLOCK-000436;BLOCK-000437;BLOCK-000438;BLOCK-000439;BLOCK-000440;BLOCK-000441;BLOCK-000442;BLOCK-000443;BLOCK-000444;BLOCK-000445;BLOCK-000446;BLOCK-000447;BLOCK-000452	KAE-BLOCK-000022;KAE-BLOCK-000157;KAE-BLOCK-000231;KAE-BLOCK-000240;KAE-BLOCK-000241;KAE-BLOCK-000242;KAE-BLOCK-000275;KAE-BLOCK-000276;KAE-BLOCK-000287	routing_matrix;source_recheck_plan;version_boundary_note;patch_token_packet;aid_decision_packet;validation_checks	yes	CONF-000001;CONF-000002;CONF-000004;CONF-000005;CONF-000006;CONF-000007;CONF-000008;CONF-000009	PROP-137;PROP-138;PROP-140;PROP-141;PROP-142;PROP-118;PROP-135;PROP-136;PROP-139;PROP-113	yes	attachment_update	done	Stage 3 attachment route generated from completed scope row; use exact source blocks and missing-input prompts before item-level production claims.
S3-SCOPE-004	J007	S3-J006	GPTs/attachments/18_security_ssl_tls.md	18. Security and SSL/TLS	APB-000004	GPTs/agent_playbooks/properties.md	Properties Playbook	Properties	pass	7.1;7.3;8.1_verified	SRC-000049;SRC-000018;SRC-000056;SRC-000025;SRC-000072;SRC-000040;SRC-000113;SRC-000082;SRC-000120;SRC-000089;SRC-000134;SRC-000103;SRC-000173;SRC-000143;SRC-000180;SRC-000150;SRC-000194;SRC-000163	SRC-000049/BLOCK-000002;SRC-000018/BLOCK-000001;SRC-000056/BLOCK-000515;SRC-000025/BLOCK-000514;SRC-000072/BLOCK-000884;SRC-000040/BLOCK-000883;SRC-000113/BLOCK-000004;SRC-000082/BLOCK-000003;SRC-000120/BLOCK-000517;SRC-000089/BLOCK-000516;SRC-000134/BLOCK-000886;SRC-000103/BLOCK-000885;SRC-000173/BLOCK-000006;SRC-000143/BLOCK-000005;SRC-000180/BLOCK-000519;SRC-000150/BLOCK-000518;SRC-000194/BLOCK-000888;SRC-000163/BLOCK-000887	KAE-BLOCK-000272;KAE-BLOCK-000273	configuration;SQL;commands;validation_sql	yes	CONF-000004;CONF-000005	PROP-137;PROP-138;PROP-140;PROP-141;PROP-142;PROP-118;PROP-135;PROP-136;PROP-139;PROP-113	yes	attachment_update	done	Stage 3 attachment route generated from completed scope row; use exact source blocks and missing-input prompts before item-level production claims.
S3-SCOPE-004	J007	S3-J006	GPTs/attachments/18_security_ssl_tls.md	18. Security and SSL/TLS	APB-000007	GPTs/agent_playbooks/replication_cdc.md	Replication And CDC Playbook	Replication and CDC	pass	7.1;7.3;8.1_verified;multi	SRC-000070;SRC-000038;SRC-000132;SRC-000101;SRC-000192;SRC-000161;SRC-000062;SRC-000031;SRC-000126;SRC-000095;SRC-000186;SRC-000156;SRC-000211;SRC-000204;SRC-000225;SRC-000218;SRC-000464;SRC-000443;SRC-000465;SRC-000444;SRC-000466;SRC-000445;SRC-000452;SRC-000429;SRC-000477;SRC-000180;SRC-000150;SRC-000194;SRC-000163;SRC-000175;SRC-000145	SRC-000070/BLOCK-000845;SRC-000038/BLOCK-000844;SRC-000132/BLOCK-000847;SRC-000101/BLOCK-000846;SRC-000192/BLOCK-000849;SRC-000161/BLOCK-000848;SRC-000062/BLOCK-000564;SRC-000031/BLOCK-000563;SRC-000126/BLOCK-000566;SRC-000095/BLOCK-000565;SRC-000186/BLOCK-000568;SRC-000156/BLOCK-000567;SRC-000211/BLOCK-000843;SRC-000204/BLOCK-000842;SRC-000225/BLOCK-000835;SRC-000218/BLOCK-000834;SRC-000464/BLOCK-000837;SRC-000443/BLOCK-000836;SRC-000465/BLOCK-000839;SRC-000444/BLOCK-000838;SRC-000466/BLOCK-000841;SRC-000445/BLOCK-000840;SRC-000452/BLOCK-000826;SRC-000429/BLOCK-000825;SRC-000477/BLOCK-000829;SRC-000180/BLOCK-000519;SRC-000150/BLOCK-000518;SRC-000194/BLOCK-000888;SRC-000163/BLOCK-000887;SRC-000175/BLOCK-000855;SRC-000145/BLOCK-000854	KAE-BLOCK-000253;KAE-BLOCK-000272;KAE-BLOCK-000273;KAE-BLOCK-000275;KAE-BLOCK-000280;KAE-BLOCK-000286;KAE-BLOCK-000287	DDL;SQL;commands;configuration;runbook;diagnostics;validation_sql	yes	CONF-000004;CONF-000005;CONF-000006;CONF-000007;CONF-000008	PROP-137;PROP-138;PROP-140;PROP-141;PROP-142;PROP-118;PROP-135;PROP-136;PROP-139;PROP-113	yes	attachment_update	done	Stage 3 attachment route generated from completed scope row; use exact source blocks and missing-input prompts before item-level production claims.
S3-SCOPE-004	J007	S3-J006	GPTs/attachments/18_security_ssl_tls.md	18. Security and SSL/TLS	APB-000008	GPTs/agent_playbooks/security_tls.md	Security And TLS Playbook	Security and TLS	pass	7.1;7.3;8.1_verified	SRC-000051;SRC-000020;SRC-000115;SRC-000084;SRC-000175;SRC-000145;SRC-000049;SRC-000018;SRC-000113;SRC-000082;SRC-000173;SRC-000143;SRC-000056;SRC-000025;SRC-000120;SRC-000089;SRC-000180;SRC-000150;AID-SRC-000428	SRC-000051/BLOCK-000851;SRC-000020/BLOCK-000850;SRC-000115/BLOCK-000853;SRC-000084/BLOCK-000852;SRC-000175/BLOCK-000855;SRC-000145/BLOCK-000854;SRC-000049/BLOCK-000002;SRC-000018/BLOCK-000001;SRC-000113/BLOCK-000004;SRC-000082/BLOCK-000003;SRC-000173/BLOCK-000006;SRC-000143/BLOCK-000005;SRC-000056/BLOCK-000515;SRC-000025/BLOCK-000514;SRC-000120/BLOCK-000517;SRC-000089/BLOCK-000516;SRC-000180/BLOCK-000519;SRC-000150/BLOCK-000518;BLOCK-000438	KAE-BLOCK-000272;KAE-BLOCK-000274;KAE-BLOCK-000276	configuration;commands;validation_checks	yes	CONF-000004;CONF-000006;CONF-000007	PROP-137;PROP-138;PROP-140;PROP-141;PROP-142;PROP-118;PROP-135;PROP-136;PROP-139;PROP-113	yes	attachment_update	done	Stage 3 attachment route generated from completed scope row; use exact source blocks and missing-input prompts before item-level production claims.
S3-SCOPE-004	J007	S3-J006	GPTs/attachments/18_security_ssl_tls.md	18. Security and SSL/TLS	APB-000017	GPTs/agent_playbooks/aid_version_release_patch_routing.md	AID, Version, Release, And Patch Routing Playbook	AID, version, release, and patch routing	pass	7.1;7.3;8.1_verified;multi;aid	SRC-000228;SRC-000397;SRC-000424;SRC-000425;SRC-000426;SRC-000450;SRC-000451;SRC-000452;SRC-000477;SRC-000473;SRC-000474;SRC-000475;SRC-000476;SRC-000443;SRC-000444;SRC-000445;SRC-000464;SRC-000465;SRC-000466;AID-000001;AID-000002;AID-000003;AID-000004;AID-000005;AID-000006;AID-000015;AID-000016;AID-000022;AID-000023;AID-000025;AID-000028;AID-SRC-000423;AID-SRC-000424;AID-SRC-000425;AID-SRC-000426;AID-SRC-000427;AID-SRC-000428;AID-SRC-000429;AID-SRC-000430;AID-SRC-000431;AID-SRC-000432;AID-SRC-000433;AID-SRC-000434;AID-SRC-000435;AID-SRC-000436;AID-SRC-000437;AID-SRC-000438	SRC-000228/BLOCK-000615;SRC-000397/BLOCK-000784;SRC-000424/BLOCK-000819;SRC-000425/BLOCK-000822;SRC-000426/BLOCK-000827;SRC-000450/BLOCK-000821;SRC-000451/BLOCK-000824;SRC-000452/BLOCK-000826;SRC-000477/BLOCK-000829;SRC-000473/BLOCK-000562;SRC-000474/BLOCK-000909;SRC-000475/BLOCK-000910;SRC-000476/BLOCK-000911;SRC-000443/BLOCK-000836;SRC-000444/BLOCK-000838;SRC-000445/BLOCK-000840;SRC-000464/BLOCK-000837;SRC-000465/BLOCK-000839;SRC-000466/BLOCK-000841;BLOCK-000454;BLOCK-000457;BLOCK-000459;BLOCK-000460;BLOCK-000429;BLOCK-000433;BLOCK-000431;BLOCK-000432;BLOCK-000451;BLOCK-000453;BLOCK-000448;BLOCK-000436;BLOCK-000437;BLOCK-000438;BLOCK-000439;BLOCK-000440;BLOCK-000441;BLOCK-000442;BLOCK-000443;BLOCK-000444;BLOCK-000445;BLOCK-000446;BLOCK-000447;BLOCK-000452	KAE-BLOCK-000022;KAE-BLOCK-000157;KAE-BLOCK-000231;KAE-BLOCK-000240;KAE-BLOCK-000241;KAE-BLOCK-000242;KAE-BLOCK-000275;KAE-BLOCK-000276;KAE-BLOCK-000287	routing_matrix;source_recheck_plan;version_boundary_note;patch_token_packet;aid_decision_packet;validation_checks	yes	CONF-000001;CONF-000002;CONF-000004;CONF-000005;CONF-000006;CONF-000007;CONF-000008;CONF-000009	PROP-137;PROP-138;PROP-140;PROP-141;PROP-142;PROP-118;PROP-135;PROP-136;PROP-139;PROP-113	yes	attachment_update	done	Stage 3 attachment route generated from completed scope row; use exact source blocks and missing-input prompts before item-level production claims.
S3-SCOPE-005	J008	S3-J007	GPTs/attachments/03_sql_ddl_generation.md	03. SQL DDL Generation	APB-000002	GPTs/agent_playbooks/ddl_generation.md	DDL And DCL Generation Playbook	DDL generation	pass	7.1;7.3;8.1_verified	SRC-000049;SRC-000018;SRC-000056;SRC-000025;SRC-000057;SRC-000026;SRC-000070;SRC-000038;SRC-000072;SRC-000040;SRC-000113;SRC-000082;SRC-000120;SRC-000089;SRC-000121;SRC-000090;SRC-000132;SRC-000101;SRC-000134;SRC-000103;SRC-000173;SRC-000143;SRC-000180;SRC-000150;SRC-000181;SRC-000151;SRC-000192;SRC-000161;SRC-000194;SRC-000163	SRC-000049/BLOCK-000002;SRC-000018/BLOCK-000001;SRC-000056/BLOCK-000515;SRC-000025/BLOCK-000514;SRC-000057/BLOCK-000521;SRC-000026/BLOCK-000520;SRC-000070/BLOCK-000845;SRC-000038/BLOCK-000844;SRC-000072/BLOCK-000884;SRC-000040/BLOCK-000883;SRC-000113/BLOCK-000004;SRC-000082/BLOCK-000003;SRC-000120/BLOCK-000517;SRC-000089/BLOCK-000516;SRC-000121/BLOCK-000523;SRC-000090/BLOCK-000522;SRC-000132/BLOCK-000847;SRC-000101/BLOCK-000846;SRC-000134/BLOCK-000886;SRC-000103/BLOCK-000885;SRC-000173/BLOCK-000006;SRC-000143/BLOCK-000005;SRC-000180/BLOCK-000519;SRC-000150/BLOCK-000518;SRC-000181/BLOCK-000525;SRC-000151/BLOCK-000524;SRC-000192/BLOCK-000849;SRC-000161/BLOCK-000848;SRC-000194/BLOCK-000888;SRC-000163/BLOCK-000887	KAE-BLOCK-000272;KAE-BLOCK-000273	DDL;DCL;SQL;validation_sql	yes	CONF-000004;CONF-000005	SQL-105;SQL-114;SQL-129;SQL-140;SQL-101;SQL-102;SQL-103;SQL-104;SQL-106;SQL-108;SQL-109;SQL-110;SQL-111;SQL-113;SQL-117;SQL-121;SQL-122;SQL-124;SQL-145;SQL-107;SQL-112	yes	attachment_update	done	Stage 3 attachment route generated from completed scope row; use exact source blocks and missing-input prompts before item-level production claims.
S3-SCOPE-005	J008	S3-J007	GPTs/attachments/03_sql_ddl_generation.md	03. SQL DDL Generation	APB-000016	GPTs/agent_playbooks/protected_operations.md	Protected Administration Operations Playbook	Protected administration operations	pass	7.1;7.3;8.1_verified	SRC-000049;SRC-000018;SRC-000056;SRC-000025;SRC-000072;SRC-000040;SRC-000113;SRC-000082;SRC-000120;SRC-000089;SRC-000134;SRC-000103;SRC-000173;SRC-000143;SRC-000180;SRC-000150;SRC-000194;SRC-000163;AID-SRC-000428;AID-SRC-000429	SRC-000049/BLOCK-000002;SRC-000018/BLOCK-000001;SRC-000056/BLOCK-000515;SRC-000025/BLOCK-000514;SRC-000072/BLOCK-000884;SRC-000040/BLOCK-000883;SRC-000113/BLOCK-000004;SRC-000082/BLOCK-000003;SRC-000120/BLOCK-000517;SRC-000089/BLOCK-000516;SRC-000134/BLOCK-000886;SRC-000103/BLOCK-000885;SRC-000173/BLOCK-000006;SRC-000143/BLOCK-000005;SRC-000180/BLOCK-000519;SRC-000150/BLOCK-000518;SRC-000194/BLOCK-000888;SRC-000163/BLOCK-000887;BLOCK-000438;BLOCK-000439	KAE-BLOCK-000272;KAE-BLOCK-000273;KAE-BLOCK-000276	commands;SQL;configuration;validation_sql;runbook;recovery_plan	yes	CONF-000004;CONF-000005;CONF-000007	SQL-105;SQL-114;SQL-129;SQL-140;SQL-101;SQL-102;SQL-103;SQL-104;SQL-106;SQL-108;SQL-109;SQL-110;SQL-111;SQL-113;SQL-117;SQL-121;SQL-122;SQL-124;SQL-145;SQL-107;SQL-112	yes	attachment_update	done	Stage 3 attachment route generated from completed scope row; use exact source blocks and missing-input prompts before item-level production claims.
S3-SCOPE-005	J008	S3-J007	GPTs/attachments/03_sql_ddl_generation.md	03. SQL DDL Generation	APB-000017	GPTs/agent_playbooks/aid_version_release_patch_routing.md	AID, Version, Release, And Patch Routing Playbook	AID, version, release, and patch routing	pass	7.1;7.3;8.1_verified;multi;aid	SRC-000228;SRC-000397;SRC-000424;SRC-000425;SRC-000426;SRC-000450;SRC-000451;SRC-000452;SRC-000477;SRC-000473;SRC-000474;SRC-000475;SRC-000476;SRC-000443;SRC-000444;SRC-000445;SRC-000464;SRC-000465;SRC-000466;AID-000001;AID-000002;AID-000003;AID-000004;AID-000005;AID-000006;AID-000015;AID-000016;AID-000022;AID-000023;AID-000025;AID-000028;AID-SRC-000423;AID-SRC-000424;AID-SRC-000425;AID-SRC-000426;AID-SRC-000427;AID-SRC-000428;AID-SRC-000429;AID-SRC-000430;AID-SRC-000431;AID-SRC-000432;AID-SRC-000433;AID-SRC-000434;AID-SRC-000435;AID-SRC-000436;AID-SRC-000437;AID-SRC-000438	SRC-000228/BLOCK-000615;SRC-000397/BLOCK-000784;SRC-000424/BLOCK-000819;SRC-000425/BLOCK-000822;SRC-000426/BLOCK-000827;SRC-000450/BLOCK-000821;SRC-000451/BLOCK-000824;SRC-000452/BLOCK-000826;SRC-000477/BLOCK-000829;SRC-000473/BLOCK-000562;SRC-000474/BLOCK-000909;SRC-000475/BLOCK-000910;SRC-000476/BLOCK-000911;SRC-000443/BLOCK-000836;SRC-000444/BLOCK-000838;SRC-000445/BLOCK-000840;SRC-000464/BLOCK-000837;SRC-000465/BLOCK-000839;SRC-000466/BLOCK-000841;BLOCK-000454;BLOCK-000457;BLOCK-000459;BLOCK-000460;BLOCK-000429;BLOCK-000433;BLOCK-000431;BLOCK-000432;BLOCK-000451;BLOCK-000453;BLOCK-000448;BLOCK-000436;BLOCK-000437;BLOCK-000438;BLOCK-000439;BLOCK-000440;BLOCK-000441;BLOCK-000442;BLOCK-000443;BLOCK-000444;BLOCK-000445;BLOCK-000446;BLOCK-000447;BLOCK-000452	KAE-BLOCK-000022;KAE-BLOCK-000157;KAE-BLOCK-000231;KAE-BLOCK-000240;KAE-BLOCK-000241;KAE-BLOCK-000242;KAE-BLOCK-000275;KAE-BLOCK-000276;KAE-BLOCK-000287	routing_matrix;source_recheck_plan;version_boundary_note;patch_token_packet;aid_decision_packet;validation_checks	yes	CONF-000001;CONF-000002;CONF-000004;CONF-000005;CONF-000006;CONF-000007;CONF-000008;CONF-000009	SQL-105;SQL-114;SQL-129;SQL-140;SQL-101;SQL-102;SQL-103;SQL-104;SQL-106;SQL-108;SQL-109;SQL-110;SQL-111;SQL-113;SQL-117;SQL-121;SQL-122;SQL-124;SQL-145;SQL-107;SQL-112	yes	attachment_update	done	Stage 3 attachment route generated from completed scope row; use exact source blocks and missing-input prompts before item-level production claims.
S3-SCOPE-005	J008	S3-J007	GPTs/attachments/02_administration_operations.md	02. Administration and Operations	APB-000002	GPTs/agent_playbooks/ddl_generation.md	DDL And DCL Generation Playbook	DDL generation	pass	7.1;7.3;8.1_verified	SRC-000049;SRC-000018;SRC-000056;SRC-000025;SRC-000057;SRC-000026;SRC-000070;SRC-000038;SRC-000072;SRC-000040;SRC-000113;SRC-000082;SRC-000120;SRC-000089;SRC-000121;SRC-000090;SRC-000132;SRC-000101;SRC-000134;SRC-000103;SRC-000173;SRC-000143;SRC-000180;SRC-000150;SRC-000181;SRC-000151;SRC-000192;SRC-000161;SRC-000194;SRC-000163	SRC-000049/BLOCK-000002;SRC-000018/BLOCK-000001;SRC-000056/BLOCK-000515;SRC-000025/BLOCK-000514;SRC-000057/BLOCK-000521;SRC-000026/BLOCK-000520;SRC-000070/BLOCK-000845;SRC-000038/BLOCK-000844;SRC-000072/BLOCK-000884;SRC-000040/BLOCK-000883;SRC-000113/BLOCK-000004;SRC-000082/BLOCK-000003;SRC-000120/BLOCK-000517;SRC-000089/BLOCK-000516;SRC-000121/BLOCK-000523;SRC-000090/BLOCK-000522;SRC-000132/BLOCK-000847;SRC-000101/BLOCK-000846;SRC-000134/BLOCK-000886;SRC-000103/BLOCK-000885;SRC-000173/BLOCK-000006;SRC-000143/BLOCK-000005;SRC-000180/BLOCK-000519;SRC-000150/BLOCK-000518;SRC-000181/BLOCK-000525;SRC-000151/BLOCK-000524;SRC-000192/BLOCK-000849;SRC-000161/BLOCK-000848;SRC-000194/BLOCK-000888;SRC-000163/BLOCK-000887	KAE-BLOCK-000272;KAE-BLOCK-000273	DDL;DCL;SQL;validation_sql	yes	CONF-000004;CONF-000005	SQL-105;SQL-114;SQL-129;SQL-140;SQL-101;SQL-102;SQL-103;SQL-104;SQL-106;SQL-108;SQL-109;SQL-110;SQL-111;SQL-113;SQL-117;SQL-121;SQL-122;SQL-124;SQL-145;SQL-107;SQL-112	yes	attachment_update	done	Stage 3 attachment route generated from completed scope row; use exact source blocks and missing-input prompts before item-level production claims.
S3-SCOPE-005	J008	S3-J007	GPTs/attachments/02_administration_operations.md	02. Administration and Operations	APB-000016	GPTs/agent_playbooks/protected_operations.md	Protected Administration Operations Playbook	Protected administration operations	pass	7.1;7.3;8.1_verified	SRC-000049;SRC-000018;SRC-000056;SRC-000025;SRC-000072;SRC-000040;SRC-000113;SRC-000082;SRC-000120;SRC-000089;SRC-000134;SRC-000103;SRC-000173;SRC-000143;SRC-000180;SRC-000150;SRC-000194;SRC-000163;AID-SRC-000428;AID-SRC-000429	SRC-000049/BLOCK-000002;SRC-000018/BLOCK-000001;SRC-000056/BLOCK-000515;SRC-000025/BLOCK-000514;SRC-000072/BLOCK-000884;SRC-000040/BLOCK-000883;SRC-000113/BLOCK-000004;SRC-000082/BLOCK-000003;SRC-000120/BLOCK-000517;SRC-000089/BLOCK-000516;SRC-000134/BLOCK-000886;SRC-000103/BLOCK-000885;SRC-000173/BLOCK-000006;SRC-000143/BLOCK-000005;SRC-000180/BLOCK-000519;SRC-000150/BLOCK-000518;SRC-000194/BLOCK-000888;SRC-000163/BLOCK-000887;BLOCK-000438;BLOCK-000439	KAE-BLOCK-000272;KAE-BLOCK-000273;KAE-BLOCK-000276	commands;SQL;configuration;validation_sql;runbook;recovery_plan	yes	CONF-000004;CONF-000005;CONF-000007	SQL-105;SQL-114;SQL-129;SQL-140;SQL-101;SQL-102;SQL-103;SQL-104;SQL-106;SQL-108;SQL-109;SQL-110;SQL-111;SQL-113;SQL-117;SQL-121;SQL-122;SQL-124;SQL-145;SQL-107;SQL-112	yes	attachment_update	done	Stage 3 attachment route generated from completed scope row; use exact source blocks and missing-input prompts before item-level production claims.
S3-SCOPE-005	J008	S3-J007	GPTs/attachments/02_administration_operations.md	02. Administration and Operations	APB-000017	GPTs/agent_playbooks/aid_version_release_patch_routing.md	AID, Version, Release, And Patch Routing Playbook	AID, version, release, and patch routing	pass	7.1;7.3;8.1_verified;multi;aid	SRC-000228;SRC-000397;SRC-000424;SRC-000425;SRC-000426;SRC-000450;SRC-000451;SRC-000452;SRC-000477;SRC-000473;SRC-000474;SRC-000475;SRC-000476;SRC-000443;SRC-000444;SRC-000445;SRC-000464;SRC-000465;SRC-000466;AID-000001;AID-000002;AID-000003;AID-000004;AID-000005;AID-000006;AID-000015;AID-000016;AID-000022;AID-000023;AID-000025;AID-000028;AID-SRC-000423;AID-SRC-000424;AID-SRC-000425;AID-SRC-000426;AID-SRC-000427;AID-SRC-000428;AID-SRC-000429;AID-SRC-000430;AID-SRC-000431;AID-SRC-000432;AID-SRC-000433;AID-SRC-000434;AID-SRC-000435;AID-SRC-000436;AID-SRC-000437;AID-SRC-000438	SRC-000228/BLOCK-000615;SRC-000397/BLOCK-000784;SRC-000424/BLOCK-000819;SRC-000425/BLOCK-000822;SRC-000426/BLOCK-000827;SRC-000450/BLOCK-000821;SRC-000451/BLOCK-000824;SRC-000452/BLOCK-000826;SRC-000477/BLOCK-000829;SRC-000473/BLOCK-000562;SRC-000474/BLOCK-000909;SRC-000475/BLOCK-000910;SRC-000476/BLOCK-000911;SRC-000443/BLOCK-000836;SRC-000444/BLOCK-000838;SRC-000445/BLOCK-000840;SRC-000464/BLOCK-000837;SRC-000465/BLOCK-000839;SRC-000466/BLOCK-000841;BLOCK-000454;BLOCK-000457;BLOCK-000459;BLOCK-000460;BLOCK-000429;BLOCK-000433;BLOCK-000431;BLOCK-000432;BLOCK-000451;BLOCK-000453;BLOCK-000448;BLOCK-000436;BLOCK-000437;BLOCK-000438;BLOCK-000439;BLOCK-000440;BLOCK-000441;BLOCK-000442;BLOCK-000443;BLOCK-000444;BLOCK-000445;BLOCK-000446;BLOCK-000447;BLOCK-000452	KAE-BLOCK-000022;KAE-BLOCK-000157;KAE-BLOCK-000231;KAE-BLOCK-000240;KAE-BLOCK-000241;KAE-BLOCK-000242;KAE-BLOCK-000275;KAE-BLOCK-000276;KAE-BLOCK-000287	routing_matrix;source_recheck_plan;version_boundary_note;patch_token_packet;aid_decision_packet;validation_checks	yes	CONF-000001;CONF-000002;CONF-000004;CONF-000005;CONF-000006;CONF-000007;CONF-000008;CONF-000009	SQL-105;SQL-114;SQL-129;SQL-140;SQL-101;SQL-102;SQL-103;SQL-104;SQL-106;SQL-108;SQL-109;SQL-110;SQL-111;SQL-113;SQL-117;SQL-121;SQL-122;SQL-124;SQL-145;SQL-107;SQL-112	yes	attachment_update	done	Stage 3 attachment route generated from completed scope row; use exact source blocks and missing-input prompts before item-level production claims.
S3-SCOPE-005	J008	S3-J007	GPTs/attachments/05_data_types_properties.md	05. Data Types and Properties	APB-000002	GPTs/agent_playbooks/ddl_generation.md	DDL And DCL Generation Playbook	DDL generation	pass	7.1;7.3;8.1_verified	SRC-000049;SRC-000018;SRC-000056;SRC-000025;SRC-000057;SRC-000026;SRC-000070;SRC-000038;SRC-000072;SRC-000040;SRC-000113;SRC-000082;SRC-000120;SRC-000089;SRC-000121;SRC-000090;SRC-000132;SRC-000101;SRC-000134;SRC-000103;SRC-000173;SRC-000143;SRC-000180;SRC-000150;SRC-000181;SRC-000151;SRC-000192;SRC-000161;SRC-000194;SRC-000163	SRC-000049/BLOCK-000002;SRC-000018/BLOCK-000001;SRC-000056/BLOCK-000515;SRC-000025/BLOCK-000514;SRC-000057/BLOCK-000521;SRC-000026/BLOCK-000520;SRC-000070/BLOCK-000845;SRC-000038/BLOCK-000844;SRC-000072/BLOCK-000884;SRC-000040/BLOCK-000883;SRC-000113/BLOCK-000004;SRC-000082/BLOCK-000003;SRC-000120/BLOCK-000517;SRC-000089/BLOCK-000516;SRC-000121/BLOCK-000523;SRC-000090/BLOCK-000522;SRC-000132/BLOCK-000847;SRC-000101/BLOCK-000846;SRC-000134/BLOCK-000886;SRC-000103/BLOCK-000885;SRC-000173/BLOCK-000006;SRC-000143/BLOCK-000005;SRC-000180/BLOCK-000519;SRC-000150/BLOCK-000518;SRC-000181/BLOCK-000525;SRC-000151/BLOCK-000524;SRC-000192/BLOCK-000849;SRC-000161/BLOCK-000848;SRC-000194/BLOCK-000888;SRC-000163/BLOCK-000887	KAE-BLOCK-000272;KAE-BLOCK-000273	DDL;DCL;SQL;validation_sql	yes	CONF-000004;CONF-000005	SQL-105;SQL-114;SQL-129;SQL-140;SQL-101;SQL-102;SQL-103;SQL-104;SQL-106;SQL-108;SQL-109;SQL-110;SQL-111;SQL-113;SQL-117;SQL-121;SQL-122;SQL-124;SQL-145;SQL-107;SQL-112	yes	attachment_update	done	Stage 3 attachment route generated from completed scope row; use exact source blocks and missing-input prompts before item-level production claims.
S3-SCOPE-005	J008	S3-J007	GPTs/attachments/05_data_types_properties.md	05. Data Types and Properties	APB-000016	GPTs/agent_playbooks/protected_operations.md	Protected Administration Operations Playbook	Protected administration operations	pass	7.1;7.3;8.1_verified	SRC-000049;SRC-000018;SRC-000056;SRC-000025;SRC-000072;SRC-000040;SRC-000113;SRC-000082;SRC-000120;SRC-000089;SRC-000134;SRC-000103;SRC-000173;SRC-000143;SRC-000180;SRC-000150;SRC-000194;SRC-000163;AID-SRC-000428;AID-SRC-000429	SRC-000049/BLOCK-000002;SRC-000018/BLOCK-000001;SRC-000056/BLOCK-000515;SRC-000025/BLOCK-000514;SRC-000072/BLOCK-000884;SRC-000040/BLOCK-000883;SRC-000113/BLOCK-000004;SRC-000082/BLOCK-000003;SRC-000120/BLOCK-000517;SRC-000089/BLOCK-000516;SRC-000134/BLOCK-000886;SRC-000103/BLOCK-000885;SRC-000173/BLOCK-000006;SRC-000143/BLOCK-000005;SRC-000180/BLOCK-000519;SRC-000150/BLOCK-000518;SRC-000194/BLOCK-000888;SRC-000163/BLOCK-000887;BLOCK-000438;BLOCK-000439	KAE-BLOCK-000272;KAE-BLOCK-000273;KAE-BLOCK-000276	commands;SQL;configuration;validation_sql;runbook;recovery_plan	yes	CONF-000004;CONF-000005;CONF-000007	SQL-105;SQL-114;SQL-129;SQL-140;SQL-101;SQL-102;SQL-103;SQL-104;SQL-106;SQL-108;SQL-109;SQL-110;SQL-111;SQL-113;SQL-117;SQL-121;SQL-122;SQL-124;SQL-145;SQL-107;SQL-112	yes	attachment_update	done	Stage 3 attachment route generated from completed scope row; use exact source blocks and missing-input prompts before item-level production claims.
S3-SCOPE-005	J008	S3-J007	GPTs/attachments/05_data_types_properties.md	05. Data Types and Properties	APB-000017	GPTs/agent_playbooks/aid_version_release_patch_routing.md	AID, Version, Release, And Patch Routing Playbook	AID, version, release, and patch routing	pass	7.1;7.3;8.1_verified;multi;aid	SRC-000228;SRC-000397;SRC-000424;SRC-000425;SRC-000426;SRC-000450;SRC-000451;SRC-000452;SRC-000477;SRC-000473;SRC-000474;SRC-000475;SRC-000476;SRC-000443;SRC-000444;SRC-000445;SRC-000464;SRC-000465;SRC-000466;AID-000001;AID-000002;AID-000003;AID-000004;AID-000005;AID-000006;AID-000015;AID-000016;AID-000022;AID-000023;AID-000025;AID-000028;AID-SRC-000423;AID-SRC-000424;AID-SRC-000425;AID-SRC-000426;AID-SRC-000427;AID-SRC-000428;AID-SRC-000429;AID-SRC-000430;AID-SRC-000431;AID-SRC-000432;AID-SRC-000433;AID-SRC-000434;AID-SRC-000435;AID-SRC-000436;AID-SRC-000437;AID-SRC-000438	SRC-000228/BLOCK-000615;SRC-000397/BLOCK-000784;SRC-000424/BLOCK-000819;SRC-000425/BLOCK-000822;SRC-000426/BLOCK-000827;SRC-000450/BLOCK-000821;SRC-000451/BLOCK-000824;SRC-000452/BLOCK-000826;SRC-000477/BLOCK-000829;SRC-000473/BLOCK-000562;SRC-000474/BLOCK-000909;SRC-000475/BLOCK-000910;SRC-000476/BLOCK-000911;SRC-000443/BLOCK-000836;SRC-000444/BLOCK-000838;SRC-000445/BLOCK-000840;SRC-000464/BLOCK-000837;SRC-000465/BLOCK-000839;SRC-000466/BLOCK-000841;BLOCK-000454;BLOCK-000457;BLOCK-000459;BLOCK-000460;BLOCK-000429;BLOCK-000433;BLOCK-000431;BLOCK-000432;BLOCK-000451;BLOCK-000453;BLOCK-000448;BLOCK-000436;BLOCK-000437;BLOCK-000438;BLOCK-000439;BLOCK-000440;BLOCK-000441;BLOCK-000442;BLOCK-000443;BLOCK-000444;BLOCK-000445;BLOCK-000446;BLOCK-000447;BLOCK-000452	KAE-BLOCK-000022;KAE-BLOCK-000157;KAE-BLOCK-000231;KAE-BLOCK-000240;KAE-BLOCK-000241;KAE-BLOCK-000242;KAE-BLOCK-000275;KAE-BLOCK-000276;KAE-BLOCK-000287	routing_matrix;source_recheck_plan;version_boundary_note;patch_token_packet;aid_decision_packet;validation_checks	yes	CONF-000001;CONF-000002;CONF-000004;CONF-000005;CONF-000006;CONF-000007;CONF-000008;CONF-000009	SQL-105;SQL-114;SQL-129;SQL-140;SQL-101;SQL-102;SQL-103;SQL-104;SQL-106;SQL-108;SQL-109;SQL-110;SQL-111;SQL-113;SQL-117;SQL-121;SQL-122;SQL-124;SQL-145;SQL-107;SQL-112	yes	attachment_update	done	Stage 3 attachment route generated from completed scope row; use exact source blocks and missing-input prompts before item-level production claims.
S3-SCOPE-006	J009	S3-J008	GPTs/attachments/04_sql_dml_oracle_compatibility.md	04. SQL DML and Oracle Compatibility	APB-000003	GPTs/agent_playbooks/sql_data_types.md	SQL And Data Types Playbook	SQL and data types	pass	7.1;7.3;8.1_verified	SRC-000056;SRC-000025;SRC-000120;SRC-000089;SRC-000180;SRC-000150;SRC-000072;SRC-000040;SRC-000134;SRC-000103;SRC-000194;SRC-000163	SRC-000056/BLOCK-000515;SRC-000025/BLOCK-000514;SRC-000120/BLOCK-000517;SRC-000089/BLOCK-000516;SRC-000180/BLOCK-000519;SRC-000150/BLOCK-000518;SRC-000072/BLOCK-000884;SRC-000040/BLOCK-000883;SRC-000134/BLOCK-000886;SRC-000103/BLOCK-000885;SRC-000194/BLOCK-000888;SRC-000163/BLOCK-000887	KAE-BLOCK-000273	SQL;DML;tests;validation_sql	yes	CONF-000005	SQL-141;SQL-115;SQL-118;SQL-120;SQL-123;SQL-125;SQL-130;SQL-131;SQL-132;SQL-133;SQL-134;SQL-135;SQL-136;SQL-137;SQL-138;SQL-139;SQL-142;SQL-143;SQL-144;SQL-116;SQL-119;SQL-126	yes	attachment_update	done	Stage 3 attachment route generated from completed scope row; use exact source blocks and missing-input prompts before item-level production claims.
S3-SCOPE-006	J009	S3-J008	GPTs/attachments/04_sql_dml_oracle_compatibility.md	04. SQL DML and Oracle Compatibility	APB-000015	GPTs/agent_playbooks/service_development_artifact_generation.md	Service Development And Artifact Generation Playbook	Service development and artifact generation	pass	7.1;7.3;8.1_verified	SRC-000049;SRC-000018;SRC-000113;SRC-000082;SRC-000173;SRC-000143;SRC-000056;SRC-000025;SRC-000057;SRC-000026;SRC-000072;SRC-000040;SRC-000120;SRC-000089;SRC-000121;SRC-000090;SRC-000134;SRC-000103;SRC-000180;SRC-000150;SRC-000181;SRC-000151;SRC-000194;SRC-000163	SRC-000049/BLOCK-000002;SRC-000018/BLOCK-000001;SRC-000113/BLOCK-000004;SRC-000082/BLOCK-000003;SRC-000173/BLOCK-000006;SRC-000143/BLOCK-000005;SRC-000056/BLOCK-000515;SRC-000025/BLOCK-000514;SRC-000057/BLOCK-000521;SRC-000026/BLOCK-000520;SRC-000072/BLOCK-000884;SRC-000040/BLOCK-000883;SRC-000120/BLOCK-000517;SRC-000089/BLOCK-000516;SRC-000121/BLOCK-000523;SRC-000090/BLOCK-000522;SRC-000134/BLOCK-000886;SRC-000103/BLOCK-000885;SRC-000180/BLOCK-000519;SRC-000150/BLOCK-000518;SRC-000181/BLOCK-000525;SRC-000151/BLOCK-000524;SRC-000194/BLOCK-000888;SRC-000163/BLOCK-000887	KAE-BLOCK-000272;KAE-BLOCK-000273	service_plan;DDL;DCL;DML;SQL;configuration;validation_sql;test_plan	yes	CONF-000004;CONF-000005	SQL-141;SQL-115;SQL-118;SQL-120;SQL-123;SQL-125;SQL-130;SQL-131;SQL-132;SQL-133;SQL-134;SQL-135;SQL-136;SQL-137;SQL-138;SQL-139;SQL-142;SQL-143;SQL-144;SQL-116;SQL-119;SQL-126	yes	attachment_update	done	Stage 3 attachment route generated from completed scope row; use exact source blocks and missing-input prompts before item-level production claims.
S3-SCOPE-006	J009	S3-J008	GPTs/attachments/04_sql_dml_oracle_compatibility.md	04. SQL DML and Oracle Compatibility	APB-000017	GPTs/agent_playbooks/aid_version_release_patch_routing.md	AID, Version, Release, And Patch Routing Playbook	AID, version, release, and patch routing	pass	7.1;7.3;8.1_verified;multi;aid	SRC-000228;SRC-000397;SRC-000424;SRC-000425;SRC-000426;SRC-000450;SRC-000451;SRC-000452;SRC-000477;SRC-000473;SRC-000474;SRC-000475;SRC-000476;SRC-000443;SRC-000444;SRC-000445;SRC-000464;SRC-000465;SRC-000466;AID-000001;AID-000002;AID-000003;AID-000004;AID-000005;AID-000006;AID-000015;AID-000016;AID-000022;AID-000023;AID-000025;AID-000028;AID-SRC-000423;AID-SRC-000424;AID-SRC-000425;AID-SRC-000426;AID-SRC-000427;AID-SRC-000428;AID-SRC-000429;AID-SRC-000430;AID-SRC-000431;AID-SRC-000432;AID-SRC-000433;AID-SRC-000434;AID-SRC-000435;AID-SRC-000436;AID-SRC-000437;AID-SRC-000438	SRC-000228/BLOCK-000615;SRC-000397/BLOCK-000784;SRC-000424/BLOCK-000819;SRC-000425/BLOCK-000822;SRC-000426/BLOCK-000827;SRC-000450/BLOCK-000821;SRC-000451/BLOCK-000824;SRC-000452/BLOCK-000826;SRC-000477/BLOCK-000829;SRC-000473/BLOCK-000562;SRC-000474/BLOCK-000909;SRC-000475/BLOCK-000910;SRC-000476/BLOCK-000911;SRC-000443/BLOCK-000836;SRC-000444/BLOCK-000838;SRC-000445/BLOCK-000840;SRC-000464/BLOCK-000837;SRC-000465/BLOCK-000839;SRC-000466/BLOCK-000841;BLOCK-000454;BLOCK-000457;BLOCK-000459;BLOCK-000460;BLOCK-000429;BLOCK-000433;BLOCK-000431;BLOCK-000432;BLOCK-000451;BLOCK-000453;BLOCK-000448;BLOCK-000436;BLOCK-000437;BLOCK-000438;BLOCK-000439;BLOCK-000440;BLOCK-000441;BLOCK-000442;BLOCK-000443;BLOCK-000444;BLOCK-000445;BLOCK-000446;BLOCK-000447;BLOCK-000452	KAE-BLOCK-000022;KAE-BLOCK-000157;KAE-BLOCK-000231;KAE-BLOCK-000240;KAE-BLOCK-000241;KAE-BLOCK-000242;KAE-BLOCK-000275;KAE-BLOCK-000276;KAE-BLOCK-000287	routing_matrix;source_recheck_plan;version_boundary_note;patch_token_packet;aid_decision_packet;validation_checks	yes	CONF-000001;CONF-000002;CONF-000004;CONF-000005;CONF-000006;CONF-000007;CONF-000008;CONF-000009	SQL-141;SQL-115;SQL-118;SQL-120;SQL-123;SQL-125;SQL-130;SQL-131;SQL-132;SQL-133;SQL-134;SQL-135;SQL-136;SQL-137;SQL-138;SQL-139;SQL-142;SQL-143;SQL-144;SQL-116;SQL-119;SQL-126	yes	attachment_update	done	Stage 3 attachment route generated from completed scope row; use exact source blocks and missing-input prompts before item-level production claims.
S3-SCOPE-006	J009	S3-J008	GPTs/attachments/05_data_types_properties.md	05. Data Types and Properties	APB-000003	GPTs/agent_playbooks/sql_data_types.md	SQL And Data Types Playbook	SQL and data types	pass	7.1;7.3;8.1_verified	SRC-000056;SRC-000025;SRC-000120;SRC-000089;SRC-000180;SRC-000150;SRC-000072;SRC-000040;SRC-000134;SRC-000103;SRC-000194;SRC-000163	SRC-000056/BLOCK-000515;SRC-000025/BLOCK-000514;SRC-000120/BLOCK-000517;SRC-000089/BLOCK-000516;SRC-000180/BLOCK-000519;SRC-000150/BLOCK-000518;SRC-000072/BLOCK-000884;SRC-000040/BLOCK-000883;SRC-000134/BLOCK-000886;SRC-000103/BLOCK-000885;SRC-000194/BLOCK-000888;SRC-000163/BLOCK-000887	KAE-BLOCK-000273	SQL;DML;tests;validation_sql	yes	CONF-000005	SQL-141;SQL-115;SQL-118;SQL-120;SQL-123;SQL-125;SQL-130;SQL-131;SQL-132;SQL-133;SQL-134;SQL-135;SQL-136;SQL-137;SQL-138;SQL-139;SQL-142;SQL-143;SQL-144;SQL-116;SQL-119;SQL-126	yes	attachment_update	done	Stage 3 attachment route generated from completed scope row; use exact source blocks and missing-input prompts before item-level production claims.
S3-SCOPE-006	J009	S3-J008	GPTs/attachments/05_data_types_properties.md	05. Data Types and Properties	APB-000015	GPTs/agent_playbooks/service_development_artifact_generation.md	Service Development And Artifact Generation Playbook	Service development and artifact generation	pass	7.1;7.3;8.1_verified	SRC-000049;SRC-000018;SRC-000113;SRC-000082;SRC-000173;SRC-000143;SRC-000056;SRC-000025;SRC-000057;SRC-000026;SRC-000072;SRC-000040;SRC-000120;SRC-000089;SRC-000121;SRC-000090;SRC-000134;SRC-000103;SRC-000180;SRC-000150;SRC-000181;SRC-000151;SRC-000194;SRC-000163	SRC-000049/BLOCK-000002;SRC-000018/BLOCK-000001;SRC-000113/BLOCK-000004;SRC-000082/BLOCK-000003;SRC-000173/BLOCK-000006;SRC-000143/BLOCK-000005;SRC-000056/BLOCK-000515;SRC-000025/BLOCK-000514;SRC-000057/BLOCK-000521;SRC-000026/BLOCK-000520;SRC-000072/BLOCK-000884;SRC-000040/BLOCK-000883;SRC-000120/BLOCK-000517;SRC-000089/BLOCK-000516;SRC-000121/BLOCK-000523;SRC-000090/BLOCK-000522;SRC-000134/BLOCK-000886;SRC-000103/BLOCK-000885;SRC-000180/BLOCK-000519;SRC-000150/BLOCK-000518;SRC-000181/BLOCK-000525;SRC-000151/BLOCK-000524;SRC-000194/BLOCK-000888;SRC-000163/BLOCK-000887	KAE-BLOCK-000272;KAE-BLOCK-000273	service_plan;DDL;DCL;DML;SQL;configuration;validation_sql;test_plan	yes	CONF-000004;CONF-000005	SQL-141;SQL-115;SQL-118;SQL-120;SQL-123;SQL-125;SQL-130;SQL-131;SQL-132;SQL-133;SQL-134;SQL-135;SQL-136;SQL-137;SQL-138;SQL-139;SQL-142;SQL-143;SQL-144;SQL-116;SQL-119;SQL-126	yes	attachment_update	done	Stage 3 attachment route generated from completed scope row; use exact source blocks and missing-input prompts before item-level production claims.
S3-SCOPE-006	J009	S3-J008	GPTs/attachments/05_data_types_properties.md	05. Data Types and Properties	APB-000017	GPTs/agent_playbooks/aid_version_release_patch_routing.md	AID, Version, Release, And Patch Routing Playbook	AID, version, release, and patch routing	pass	7.1;7.3;8.1_verified;multi;aid	SRC-000228;SRC-000397;SRC-000424;SRC-000425;SRC-000426;SRC-000450;SRC-000451;SRC-000452;SRC-000477;SRC-000473;SRC-000474;SRC-000475;SRC-000476;SRC-000443;SRC-000444;SRC-000445;SRC-000464;SRC-000465;SRC-000466;AID-000001;AID-000002;AID-000003;AID-000004;AID-000005;AID-000006;AID-000015;AID-000016;AID-000022;AID-000023;AID-000025;AID-000028;AID-SRC-000423;AID-SRC-000424;AID-SRC-000425;AID-SRC-000426;AID-SRC-000427;AID-SRC-000428;AID-SRC-000429;AID-SRC-000430;AID-SRC-000431;AID-SRC-000432;AID-SRC-000433;AID-SRC-000434;AID-SRC-000435;AID-SRC-000436;AID-SRC-000437;AID-SRC-000438	SRC-000228/BLOCK-000615;SRC-000397/BLOCK-000784;SRC-000424/BLOCK-000819;SRC-000425/BLOCK-000822;SRC-000426/BLOCK-000827;SRC-000450/BLOCK-000821;SRC-000451/BLOCK-000824;SRC-000452/BLOCK-000826;SRC-000477/BLOCK-000829;SRC-000473/BLOCK-000562;SRC-000474/BLOCK-000909;SRC-000475/BLOCK-000910;SRC-000476/BLOCK-000911;SRC-000443/BLOCK-000836;SRC-000444/BLOCK-000838;SRC-000445/BLOCK-000840;SRC-000464/BLOCK-000837;SRC-000465/BLOCK-000839;SRC-000466/BLOCK-000841;BLOCK-000454;BLOCK-000457;BLOCK-000459;BLOCK-000460;BLOCK-000429;BLOCK-000433;BLOCK-000431;BLOCK-000432;BLOCK-000451;BLOCK-000453;BLOCK-000448;BLOCK-000436;BLOCK-000437;BLOCK-000438;BLOCK-000439;BLOCK-000440;BLOCK-000441;BLOCK-000442;BLOCK-000443;BLOCK-000444;BLOCK-000445;BLOCK-000446;BLOCK-000447;BLOCK-000452	KAE-BLOCK-000022;KAE-BLOCK-000157;KAE-BLOCK-000231;KAE-BLOCK-000240;KAE-BLOCK-000241;KAE-BLOCK-000242;KAE-BLOCK-000275;KAE-BLOCK-000276;KAE-BLOCK-000287	routing_matrix;source_recheck_plan;version_boundary_note;patch_token_packet;aid_decision_packet;validation_checks	yes	CONF-000001;CONF-000002;CONF-000004;CONF-000005;CONF-000006;CONF-000007;CONF-000008;CONF-000009	SQL-141;SQL-115;SQL-118;SQL-120;SQL-123;SQL-125;SQL-130;SQL-131;SQL-132;SQL-133;SQL-134;SQL-135;SQL-136;SQL-137;SQL-138;SQL-139;SQL-142;SQL-143;SQL-144;SQL-116;SQL-119;SQL-126	yes	attachment_update	done	Stage 3 attachment route generated from completed scope row; use exact source blocks and missing-input prompts before item-level production claims.
S3-SCOPE-006	J009	S3-J008	GPTs/attachments/15_migration_oracle_compatibility.md	15. Migration and Oracle Compatibility	APB-000003	GPTs/agent_playbooks/sql_data_types.md	SQL And Data Types Playbook	SQL and data types	pass	7.1;7.3;8.1_verified	SRC-000056;SRC-000025;SRC-000120;SRC-000089;SRC-000180;SRC-000150;SRC-000072;SRC-000040;SRC-000134;SRC-000103;SRC-000194;SRC-000163	SRC-000056/BLOCK-000515;SRC-000025/BLOCK-000514;SRC-000120/BLOCK-000517;SRC-000089/BLOCK-000516;SRC-000180/BLOCK-000519;SRC-000150/BLOCK-000518;SRC-000072/BLOCK-000884;SRC-000040/BLOCK-000883;SRC-000134/BLOCK-000886;SRC-000103/BLOCK-000885;SRC-000194/BLOCK-000888;SRC-000163/BLOCK-000887	KAE-BLOCK-000273	SQL;DML;tests;validation_sql	yes	CONF-000005	SQL-141;SQL-115;SQL-118;SQL-120;SQL-123;SQL-125;SQL-130;SQL-131;SQL-132;SQL-133;SQL-134;SQL-135;SQL-136;SQL-137;SQL-138;SQL-139;SQL-142;SQL-143;SQL-144;SQL-116;SQL-119;SQL-126	yes	attachment_update	done	Stage 3 attachment route generated from completed scope row; use exact source blocks and missing-input prompts before item-level production claims.
S3-SCOPE-006	J009	S3-J008	GPTs/attachments/15_migration_oracle_compatibility.md	15. Migration and Oracle Compatibility	APB-000015	GPTs/agent_playbooks/service_development_artifact_generation.md	Service Development And Artifact Generation Playbook	Service development and artifact generation	pass	7.1;7.3;8.1_verified	SRC-000049;SRC-000018;SRC-000113;SRC-000082;SRC-000173;SRC-000143;SRC-000056;SRC-000025;SRC-000057;SRC-000026;SRC-000072;SRC-000040;SRC-000120;SRC-000089;SRC-000121;SRC-000090;SRC-000134;SRC-000103;SRC-000180;SRC-000150;SRC-000181;SRC-000151;SRC-000194;SRC-000163	SRC-000049/BLOCK-000002;SRC-000018/BLOCK-000001;SRC-000113/BLOCK-000004;SRC-000082/BLOCK-000003;SRC-000173/BLOCK-000006;SRC-000143/BLOCK-000005;SRC-000056/BLOCK-000515;SRC-000025/BLOCK-000514;SRC-000057/BLOCK-000521;SRC-000026/BLOCK-000520;SRC-000072/BLOCK-000884;SRC-000040/BLOCK-000883;SRC-000120/BLOCK-000517;SRC-000089/BLOCK-000516;SRC-000121/BLOCK-000523;SRC-000090/BLOCK-000522;SRC-000134/BLOCK-000886;SRC-000103/BLOCK-000885;SRC-000180/BLOCK-000519;SRC-000150/BLOCK-000518;SRC-000181/BLOCK-000525;SRC-000151/BLOCK-000524;SRC-000194/BLOCK-000888;SRC-000163/BLOCK-000887	KAE-BLOCK-000272;KAE-BLOCK-000273	service_plan;DDL;DCL;DML;SQL;configuration;validation_sql;test_plan	yes	CONF-000004;CONF-000005	SQL-141;SQL-115;SQL-118;SQL-120;SQL-123;SQL-125;SQL-130;SQL-131;SQL-132;SQL-133;SQL-134;SQL-135;SQL-136;SQL-137;SQL-138;SQL-139;SQL-142;SQL-143;SQL-144;SQL-116;SQL-119;SQL-126	yes	attachment_update	done	Stage 3 attachment route generated from completed scope row; use exact source blocks and missing-input prompts before item-level production claims.
S3-SCOPE-006	J009	S3-J008	GPTs/attachments/15_migration_oracle_compatibility.md	15. Migration and Oracle Compatibility	APB-000017	GPTs/agent_playbooks/aid_version_release_patch_routing.md	AID, Version, Release, And Patch Routing Playbook	AID, version, release, and patch routing	pass	7.1;7.3;8.1_verified;multi;aid	SRC-000228;SRC-000397;SRC-000424;SRC-000425;SRC-000426;SRC-000450;SRC-000451;SRC-000452;SRC-000477;SRC-000473;SRC-000474;SRC-000475;SRC-000476;SRC-000443;SRC-000444;SRC-000445;SRC-000464;SRC-000465;SRC-000466;AID-000001;AID-000002;AID-000003;AID-000004;AID-000005;AID-000006;AID-000015;AID-000016;AID-000022;AID-000023;AID-000025;AID-000028;AID-SRC-000423;AID-SRC-000424;AID-SRC-000425;AID-SRC-000426;AID-SRC-000427;AID-SRC-000428;AID-SRC-000429;AID-SRC-000430;AID-SRC-000431;AID-SRC-000432;AID-SRC-000433;AID-SRC-000434;AID-SRC-000435;AID-SRC-000436;AID-SRC-000437;AID-SRC-000438	SRC-000228/BLOCK-000615;SRC-000397/BLOCK-000784;SRC-000424/BLOCK-000819;SRC-000425/BLOCK-000822;SRC-000426/BLOCK-000827;SRC-000450/BLOCK-000821;SRC-000451/BLOCK-000824;SRC-000452/BLOCK-000826;SRC-000477/BLOCK-000829;SRC-000473/BLOCK-000562;SRC-000474/BLOCK-000909;SRC-000475/BLOCK-000910;SRC-000476/BLOCK-000911;SRC-000443/BLOCK-000836;SRC-000444/BLOCK-000838;SRC-000445/BLOCK-000840;SRC-000464/BLOCK-000837;SRC-000465/BLOCK-000839;SRC-000466/BLOCK-000841;BLOCK-000454;BLOCK-000457;BLOCK-000459;BLOCK-000460;BLOCK-000429;BLOCK-000433;BLOCK-000431;BLOCK-000432;BLOCK-000451;BLOCK-000453;BLOCK-000448;BLOCK-000436;BLOCK-000437;BLOCK-000438;BLOCK-000439;BLOCK-000440;BLOCK-000441;BLOCK-000442;BLOCK-000443;BLOCK-000444;BLOCK-000445;BLOCK-000446;BLOCK-000447;BLOCK-000452	KAE-BLOCK-000022;KAE-BLOCK-000157;KAE-BLOCK-000231;KAE-BLOCK-000240;KAE-BLOCK-000241;KAE-BLOCK-000242;KAE-BLOCK-000275;KAE-BLOCK-000276;KAE-BLOCK-000287	routing_matrix;source_recheck_plan;version_boundary_note;patch_token_packet;aid_decision_packet;validation_checks	yes	CONF-000001;CONF-000002;CONF-000004;CONF-000005;CONF-000006;CONF-000007;CONF-000008;CONF-000009	SQL-141;SQL-115;SQL-118;SQL-120;SQL-123;SQL-125;SQL-130;SQL-131;SQL-132;SQL-133;SQL-134;SQL-135;SQL-136;SQL-137;SQL-138;SQL-139;SQL-142;SQL-143;SQL-144;SQL-116;SQL-119;SQL-126	yes	attachment_update	done	Stage 3 attachment route generated from completed scope row; use exact source blocks and missing-input prompts before item-level production claims.
S3-SCOPE-007	J010	S3-J009	GPTs/attachments/07_error_messages_troubleshooting.md	07. Error Messages and Troubleshooting	APB-000013	GPTs/agent_playbooks/errors_troubleshooting.md	Errors And Troubleshooting Playbook	Errors and troubleshooting	pass	7.1;7.3;8.1_verified;multi	SRC-000054;SRC-000023;SRC-000118;SRC-000087;SRC-000178;SRC-000148;SRC-000057;SRC-000026;SRC-000121;SRC-000090;SRC-000181;SRC-000151;SRC-000056;SRC-000025;SRC-000120;SRC-000089;SRC-000180;SRC-000150;SRC-000067;SRC-000035;SRC-000129;SRC-000098;SRC-000189;SRC-000159;SRC-000062;SRC-000031;SRC-000126;SRC-000095;SRC-000186;SRC-000156;SRC-000063;SRC-000032;SRC-000127;SRC-000096;SRC-000187;SRC-000157;SRC-000071;SRC-000039;SRC-000133;SRC-000102;SRC-000193;SRC-000162;SRC-000076;SRC-000043;SRC-000137;SRC-000106;SRC-000197;SRC-000166;AID-SRC-000431;AID-SRC-000432	SRC-000054/BLOCK-000509;SRC-000023/BLOCK-000508;SRC-000118/BLOCK-000511;SRC-000087/BLOCK-000510;SRC-000178/BLOCK-000513;SRC-000148/BLOCK-000512;SRC-000057/BLOCK-000521;SRC-000026/BLOCK-000520;SRC-000121/BLOCK-000523;SRC-000090/BLOCK-000522;SRC-000181/BLOCK-000525;SRC-000151/BLOCK-000524;SRC-000056/BLOCK-000515;SRC-000025/BLOCK-000514;SRC-000120/BLOCK-000517;SRC-000089/BLOCK-000516;SRC-000180/BLOCK-000519;SRC-000150/BLOCK-000518;SRC-000067/BLOCK-000812;SRC-000035/BLOCK-000811;SRC-000129/BLOCK-000814;SRC-000098/BLOCK-000813;SRC-000189/BLOCK-000816;SRC-000159/BLOCK-000815;SRC-000062/BLOCK-000564;SRC-000031/BLOCK-000563;SRC-000126/BLOCK-000566;SRC-000095/BLOCK-000565;SRC-000186/BLOCK-000568;SRC-000156/BLOCK-000567;SRC-000063/BLOCK-000605;SRC-000032/BLOCK-000603;SRC-000127/BLOCK-000609;SRC-000096/BLOCK-000607;SRC-000187/BLOCK-000613;SRC-000157/BLOCK-000611;SRC-000071/BLOCK-000606;SRC-000039/BLOCK-000604;SRC-000133/BLOCK-000610;SRC-000102/BLOCK-000608;SRC-000193/BLOCK-000614;SRC-000162/BLOCK-000612;SRC-000076/BLOCK-000927;SRC-000043/BLOCK-000926;SRC-000137/BLOCK-000929;SRC-000106/BLOCK-000928;SRC-000197/BLOCK-000931;SRC-000166/BLOCK-000930;BLOCK-000441;BLOCK-000442	KAE-BLOCK-000273;KAE-BLOCK-000280;KAE-BLOCK-000281;KAE-BLOCK-000282;KAE-BLOCK-000283;KAE-BLOCK-000274;KAE-BLOCK-000276	diagnostics;SQL;commands;configuration;monitoring_checks;validation_sql;next_checks;escalation_packet	yes	CONF-000004;CONF-000005;CONF-000006;CONF-000007;CONF-000008	ERR-104;ERR-110;ERR-113;ERR-120;ERR-122;ERR-127;ERR-128;ERR-130;ERR-103;ERR-106;ERR-107;ERR-108;ERR-112;ERR-114;ERR-115;ERR-116;ERR-117;ERR-119;ERR-121;ERR-124;ERR-125;ERR-101;ERR-102;ERR-105;ERR-109;ERR-111;ERR-118;ERR-123;ERR-129	yes	attachment_update	done	Stage 3 attachment route generated from completed scope row; use exact source blocks and missing-input prompts before item-level production claims.
S3-SCOPE-007	J010	S3-J009	GPTs/attachments/07_error_messages_troubleshooting.md	07. Error Messages and Troubleshooting	APB-000017	GPTs/agent_playbooks/aid_version_release_patch_routing.md	AID, Version, Release, And Patch Routing Playbook	AID, version, release, and patch routing	pass	7.1;7.3;8.1_verified;multi;aid	SRC-000228;SRC-000397;SRC-000424;SRC-000425;SRC-000426;SRC-000450;SRC-000451;SRC-000452;SRC-000477;SRC-000473;SRC-000474;SRC-000475;SRC-000476;SRC-000443;SRC-000444;SRC-000445;SRC-000464;SRC-000465;SRC-000466;AID-000001;AID-000002;AID-000003;AID-000004;AID-000005;AID-000006;AID-000015;AID-000016;AID-000022;AID-000023;AID-000025;AID-000028;AID-SRC-000423;AID-SRC-000424;AID-SRC-000425;AID-SRC-000426;AID-SRC-000427;AID-SRC-000428;AID-SRC-000429;AID-SRC-000430;AID-SRC-000431;AID-SRC-000432;AID-SRC-000433;AID-SRC-000434;AID-SRC-000435;AID-SRC-000436;AID-SRC-000437;AID-SRC-000438	SRC-000228/BLOCK-000615;SRC-000397/BLOCK-000784;SRC-000424/BLOCK-000819;SRC-000425/BLOCK-000822;SRC-000426/BLOCK-000827;SRC-000450/BLOCK-000821;SRC-000451/BLOCK-000824;SRC-000452/BLOCK-000826;SRC-000477/BLOCK-000829;SRC-000473/BLOCK-000562;SRC-000474/BLOCK-000909;SRC-000475/BLOCK-000910;SRC-000476/BLOCK-000911;SRC-000443/BLOCK-000836;SRC-000444/BLOCK-000838;SRC-000445/BLOCK-000840;SRC-000464/BLOCK-000837;SRC-000465/BLOCK-000839;SRC-000466/BLOCK-000841;BLOCK-000454;BLOCK-000457;BLOCK-000459;BLOCK-000460;BLOCK-000429;BLOCK-000433;BLOCK-000431;BLOCK-000432;BLOCK-000451;BLOCK-000453;BLOCK-000448;BLOCK-000436;BLOCK-000437;BLOCK-000438;BLOCK-000439;BLOCK-000440;BLOCK-000441;BLOCK-000442;BLOCK-000443;BLOCK-000444;BLOCK-000445;BLOCK-000446;BLOCK-000447;BLOCK-000452	KAE-BLOCK-000022;KAE-BLOCK-000157;KAE-BLOCK-000231;KAE-BLOCK-000240;KAE-BLOCK-000241;KAE-BLOCK-000242;KAE-BLOCK-000275;KAE-BLOCK-000276;KAE-BLOCK-000287	routing_matrix;source_recheck_plan;version_boundary_note;patch_token_packet;aid_decision_packet;validation_checks	yes	CONF-000001;CONF-000002;CONF-000004;CONF-000005;CONF-000006;CONF-000007;CONF-000008;CONF-000009	ERR-104;ERR-110;ERR-113;ERR-120;ERR-122;ERR-127;ERR-128;ERR-130;ERR-103;ERR-106;ERR-107;ERR-108;ERR-112;ERR-114;ERR-115;ERR-116;ERR-117;ERR-119;ERR-121;ERR-124;ERR-125;ERR-101;ERR-102;ERR-105;ERR-109;ERR-111;ERR-118;ERR-123;ERR-129	yes	attachment_update	done	Stage 3 attachment route generated from completed scope row; use exact source blocks and missing-input prompts before item-level production claims.
S3-SCOPE-007	J010	S3-J009	GPTs/attachments/13_isql_iloader_basic_tools.md	13. iSQL, iLoader, and Basic Tools	APB-000013	GPTs/agent_playbooks/errors_troubleshooting.md	Errors And Troubleshooting Playbook	Errors and troubleshooting	pass	7.1;7.3;8.1_verified;multi	SRC-000054;SRC-000023;SRC-000118;SRC-000087;SRC-000178;SRC-000148;SRC-000057;SRC-000026;SRC-000121;SRC-000090;SRC-000181;SRC-000151;SRC-000056;SRC-000025;SRC-000120;SRC-000089;SRC-000180;SRC-000150;SRC-000067;SRC-000035;SRC-000129;SRC-000098;SRC-000189;SRC-000159;SRC-000062;SRC-000031;SRC-000126;SRC-000095;SRC-000186;SRC-000156;SRC-000063;SRC-000032;SRC-000127;SRC-000096;SRC-000187;SRC-000157;SRC-000071;SRC-000039;SRC-000133;SRC-000102;SRC-000193;SRC-000162;SRC-000076;SRC-000043;SRC-000137;SRC-000106;SRC-000197;SRC-000166;AID-SRC-000431;AID-SRC-000432	SRC-000054/BLOCK-000509;SRC-000023/BLOCK-000508;SRC-000118/BLOCK-000511;SRC-000087/BLOCK-000510;SRC-000178/BLOCK-000513;SRC-000148/BLOCK-000512;SRC-000057/BLOCK-000521;SRC-000026/BLOCK-000520;SRC-000121/BLOCK-000523;SRC-000090/BLOCK-000522;SRC-000181/BLOCK-000525;SRC-000151/BLOCK-000524;SRC-000056/BLOCK-000515;SRC-000025/BLOCK-000514;SRC-000120/BLOCK-000517;SRC-000089/BLOCK-000516;SRC-000180/BLOCK-000519;SRC-000150/BLOCK-000518;SRC-000067/BLOCK-000812;SRC-000035/BLOCK-000811;SRC-000129/BLOCK-000814;SRC-000098/BLOCK-000813;SRC-000189/BLOCK-000816;SRC-000159/BLOCK-000815;SRC-000062/BLOCK-000564;SRC-000031/BLOCK-000563;SRC-000126/BLOCK-000566;SRC-000095/BLOCK-000565;SRC-000186/BLOCK-000568;SRC-000156/BLOCK-000567;SRC-000063/BLOCK-000605;SRC-000032/BLOCK-000603;SRC-000127/BLOCK-000609;SRC-000096/BLOCK-000607;SRC-000187/BLOCK-000613;SRC-000157/BLOCK-000611;SRC-000071/BLOCK-000606;SRC-000039/BLOCK-000604;SRC-000133/BLOCK-000610;SRC-000102/BLOCK-000608;SRC-000193/BLOCK-000614;SRC-000162/BLOCK-000612;SRC-000076/BLOCK-000927;SRC-000043/BLOCK-000926;SRC-000137/BLOCK-000929;SRC-000106/BLOCK-000928;SRC-000197/BLOCK-000931;SRC-000166/BLOCK-000930;BLOCK-000441;BLOCK-000442	KAE-BLOCK-000273;KAE-BLOCK-000280;KAE-BLOCK-000281;KAE-BLOCK-000282;KAE-BLOCK-000283;KAE-BLOCK-000274;KAE-BLOCK-000276	diagnostics;SQL;commands;configuration;monitoring_checks;validation_sql;next_checks;escalation_packet	yes	CONF-000004;CONF-000005;CONF-000006;CONF-000007;CONF-000008	ERR-104;ERR-110;ERR-113;ERR-120;ERR-122;ERR-127;ERR-128;ERR-130;ERR-103;ERR-106;ERR-107;ERR-108;ERR-112;ERR-114;ERR-115;ERR-116;ERR-117;ERR-119;ERR-121;ERR-124;ERR-125;ERR-101;ERR-102;ERR-105;ERR-109;ERR-111;ERR-118;ERR-123;ERR-129	yes	attachment_update	done	Stage 3 attachment route generated from completed scope row; use exact source blocks and missing-input prompts before item-level production claims.
S3-SCOPE-007	J010	S3-J009	GPTs/attachments/13_isql_iloader_basic_tools.md	13. iSQL, iLoader, and Basic Tools	APB-000017	GPTs/agent_playbooks/aid_version_release_patch_routing.md	AID, Version, Release, And Patch Routing Playbook	AID, version, release, and patch routing	pass	7.1;7.3;8.1_verified;multi;aid	SRC-000228;SRC-000397;SRC-000424;SRC-000425;SRC-000426;SRC-000450;SRC-000451;SRC-000452;SRC-000477;SRC-000473;SRC-000474;SRC-000475;SRC-000476;SRC-000443;SRC-000444;SRC-000445;SRC-000464;SRC-000465;SRC-000466;AID-000001;AID-000002;AID-000003;AID-000004;AID-000005;AID-000006;AID-000015;AID-000016;AID-000022;AID-000023;AID-000025;AID-000028;AID-SRC-000423;AID-SRC-000424;AID-SRC-000425;AID-SRC-000426;AID-SRC-000427;AID-SRC-000428;AID-SRC-000429;AID-SRC-000430;AID-SRC-000431;AID-SRC-000432;AID-SRC-000433;AID-SRC-000434;AID-SRC-000435;AID-SRC-000436;AID-SRC-000437;AID-SRC-000438	SRC-000228/BLOCK-000615;SRC-000397/BLOCK-000784;SRC-000424/BLOCK-000819;SRC-000425/BLOCK-000822;SRC-000426/BLOCK-000827;SRC-000450/BLOCK-000821;SRC-000451/BLOCK-000824;SRC-000452/BLOCK-000826;SRC-000477/BLOCK-000829;SRC-000473/BLOCK-000562;SRC-000474/BLOCK-000909;SRC-000475/BLOCK-000910;SRC-000476/BLOCK-000911;SRC-000443/BLOCK-000836;SRC-000444/BLOCK-000838;SRC-000445/BLOCK-000840;SRC-000464/BLOCK-000837;SRC-000465/BLOCK-000839;SRC-000466/BLOCK-000841;BLOCK-000454;BLOCK-000457;BLOCK-000459;BLOCK-000460;BLOCK-000429;BLOCK-000433;BLOCK-000431;BLOCK-000432;BLOCK-000451;BLOCK-000453;BLOCK-000448;BLOCK-000436;BLOCK-000437;BLOCK-000438;BLOCK-000439;BLOCK-000440;BLOCK-000441;BLOCK-000442;BLOCK-000443;BLOCK-000444;BLOCK-000445;BLOCK-000446;BLOCK-000447;BLOCK-000452	KAE-BLOCK-000022;KAE-BLOCK-000157;KAE-BLOCK-000231;KAE-BLOCK-000240;KAE-BLOCK-000241;KAE-BLOCK-000242;KAE-BLOCK-000275;KAE-BLOCK-000276;KAE-BLOCK-000287	routing_matrix;source_recheck_plan;version_boundary_note;patch_token_packet;aid_decision_packet;validation_checks	yes	CONF-000001;CONF-000002;CONF-000004;CONF-000005;CONF-000006;CONF-000007;CONF-000008;CONF-000009	ERR-104;ERR-110;ERR-113;ERR-120;ERR-122;ERR-127;ERR-128;ERR-130;ERR-103;ERR-106;ERR-107;ERR-108;ERR-112;ERR-114;ERR-115;ERR-116;ERR-117;ERR-119;ERR-121;ERR-124;ERR-125;ERR-101;ERR-102;ERR-105;ERR-109;ERR-111;ERR-118;ERR-123;ERR-129	yes	attachment_update	done	Stage 3 attachment route generated from completed scope row; use exact source blocks and missing-input prompts before item-level production claims.
S3-SCOPE-007	J010	S3-J009	GPTs/attachments/14_utilities_operation_tools.md	14. Operations Utilities	APB-000013	GPTs/agent_playbooks/errors_troubleshooting.md	Errors And Troubleshooting Playbook	Errors and troubleshooting	pass	7.1;7.3;8.1_verified;multi	SRC-000054;SRC-000023;SRC-000118;SRC-000087;SRC-000178;SRC-000148;SRC-000057;SRC-000026;SRC-000121;SRC-000090;SRC-000181;SRC-000151;SRC-000056;SRC-000025;SRC-000120;SRC-000089;SRC-000180;SRC-000150;SRC-000067;SRC-000035;SRC-000129;SRC-000098;SRC-000189;SRC-000159;SRC-000062;SRC-000031;SRC-000126;SRC-000095;SRC-000186;SRC-000156;SRC-000063;SRC-000032;SRC-000127;SRC-000096;SRC-000187;SRC-000157;SRC-000071;SRC-000039;SRC-000133;SRC-000102;SRC-000193;SRC-000162;SRC-000076;SRC-000043;SRC-000137;SRC-000106;SRC-000197;SRC-000166;AID-SRC-000431;AID-SRC-000432	SRC-000054/BLOCK-000509;SRC-000023/BLOCK-000508;SRC-000118/BLOCK-000511;SRC-000087/BLOCK-000510;SRC-000178/BLOCK-000513;SRC-000148/BLOCK-000512;SRC-000057/BLOCK-000521;SRC-000026/BLOCK-000520;SRC-000121/BLOCK-000523;SRC-000090/BLOCK-000522;SRC-000181/BLOCK-000525;SRC-000151/BLOCK-000524;SRC-000056/BLOCK-000515;SRC-000025/BLOCK-000514;SRC-000120/BLOCK-000517;SRC-000089/BLOCK-000516;SRC-000180/BLOCK-000519;SRC-000150/BLOCK-000518;SRC-000067/BLOCK-000812;SRC-000035/BLOCK-000811;SRC-000129/BLOCK-000814;SRC-000098/BLOCK-000813;SRC-000189/BLOCK-000816;SRC-000159/BLOCK-000815;SRC-000062/BLOCK-000564;SRC-000031/BLOCK-000563;SRC-000126/BLOCK-000566;SRC-000095/BLOCK-000565;SRC-000186/BLOCK-000568;SRC-000156/BLOCK-000567;SRC-000063/BLOCK-000605;SRC-000032/BLOCK-000603;SRC-000127/BLOCK-000609;SRC-000096/BLOCK-000607;SRC-000187/BLOCK-000613;SRC-000157/BLOCK-000611;SRC-000071/BLOCK-000606;SRC-000039/BLOCK-000604;SRC-000133/BLOCK-000610;SRC-000102/BLOCK-000608;SRC-000193/BLOCK-000614;SRC-000162/BLOCK-000612;SRC-000076/BLOCK-000927;SRC-000043/BLOCK-000926;SRC-000137/BLOCK-000929;SRC-000106/BLOCK-000928;SRC-000197/BLOCK-000931;SRC-000166/BLOCK-000930;BLOCK-000441;BLOCK-000442	KAE-BLOCK-000273;KAE-BLOCK-000280;KAE-BLOCK-000281;KAE-BLOCK-000282;KAE-BLOCK-000283;KAE-BLOCK-000274;KAE-BLOCK-000276	diagnostics;SQL;commands;configuration;monitoring_checks;validation_sql;next_checks;escalation_packet	yes	CONF-000004;CONF-000005;CONF-000006;CONF-000007;CONF-000008	ERR-104;ERR-110;ERR-113;ERR-120;ERR-122;ERR-127;ERR-128;ERR-130;ERR-103;ERR-106;ERR-107;ERR-108;ERR-112;ERR-114;ERR-115;ERR-116;ERR-117;ERR-119;ERR-121;ERR-124;ERR-125;ERR-101;ERR-102;ERR-105;ERR-109;ERR-111;ERR-118;ERR-123;ERR-129	yes	attachment_update	done	Stage 3 attachment route generated from completed scope row; use exact source blocks and missing-input prompts before item-level production claims.
S3-SCOPE-007	J010	S3-J009	GPTs/attachments/14_utilities_operation_tools.md	14. Operations Utilities	APB-000017	GPTs/agent_playbooks/aid_version_release_patch_routing.md	AID, Version, Release, And Patch Routing Playbook	AID, version, release, and patch routing	pass	7.1;7.3;8.1_verified;multi;aid	SRC-000228;SRC-000397;SRC-000424;SRC-000425;SRC-000426;SRC-000450;SRC-000451;SRC-000452;SRC-000477;SRC-000473;SRC-000474;SRC-000475;SRC-000476;SRC-000443;SRC-000444;SRC-000445;SRC-000464;SRC-000465;SRC-000466;AID-000001;AID-000002;AID-000003;AID-000004;AID-000005;AID-000006;AID-000015;AID-000016;AID-000022;AID-000023;AID-000025;AID-000028;AID-SRC-000423;AID-SRC-000424;AID-SRC-000425;AID-SRC-000426;AID-SRC-000427;AID-SRC-000428;AID-SRC-000429;AID-SRC-000430;AID-SRC-000431;AID-SRC-000432;AID-SRC-000433;AID-SRC-000434;AID-SRC-000435;AID-SRC-000436;AID-SRC-000437;AID-SRC-000438	SRC-000228/BLOCK-000615;SRC-000397/BLOCK-000784;SRC-000424/BLOCK-000819;SRC-000425/BLOCK-000822;SRC-000426/BLOCK-000827;SRC-000450/BLOCK-000821;SRC-000451/BLOCK-000824;SRC-000452/BLOCK-000826;SRC-000477/BLOCK-000829;SRC-000473/BLOCK-000562;SRC-000474/BLOCK-000909;SRC-000475/BLOCK-000910;SRC-000476/BLOCK-000911;SRC-000443/BLOCK-000836;SRC-000444/BLOCK-000838;SRC-000445/BLOCK-000840;SRC-000464/BLOCK-000837;SRC-000465/BLOCK-000839;SRC-000466/BLOCK-000841;BLOCK-000454;BLOCK-000457;BLOCK-000459;BLOCK-000460;BLOCK-000429;BLOCK-000433;BLOCK-000431;BLOCK-000432;BLOCK-000451;BLOCK-000453;BLOCK-000448;BLOCK-000436;BLOCK-000437;BLOCK-000438;BLOCK-000439;BLOCK-000440;BLOCK-000441;BLOCK-000442;BLOCK-000443;BLOCK-000444;BLOCK-000445;BLOCK-000446;BLOCK-000447;BLOCK-000452	KAE-BLOCK-000022;KAE-BLOCK-000157;KAE-BLOCK-000231;KAE-BLOCK-000240;KAE-BLOCK-000241;KAE-BLOCK-000242;KAE-BLOCK-000275;KAE-BLOCK-000276;KAE-BLOCK-000287	routing_matrix;source_recheck_plan;version_boundary_note;patch_token_packet;aid_decision_packet;validation_checks	yes	CONF-000001;CONF-000002;CONF-000004;CONF-000005;CONF-000006;CONF-000007;CONF-000008;CONF-000009	ERR-104;ERR-110;ERR-113;ERR-120;ERR-122;ERR-127;ERR-128;ERR-130;ERR-103;ERR-106;ERR-107;ERR-108;ERR-112;ERR-114;ERR-115;ERR-116;ERR-117;ERR-119;ERR-121;ERR-124;ERR-125;ERR-101;ERR-102;ERR-105;ERR-109;ERR-111;ERR-118;ERR-123;ERR-129	yes	attachment_update	done	Stage 3 attachment route generated from completed scope row; use exact source blocks and missing-input prompts before item-level production claims.
S3-SCOPE-008	J011	S3-J010	GPTs/attachments/01_getting_started_installation.md	01. Getting Started and Installation	APB-000001	GPTs/agent_playbooks/installation_startup.md	Installation And Startup Playbook	Installation and startup	pass	7.1;7.3;8.1_verified	SRC-000060;SRC-000029;SRC-000124;SRC-000093;SRC-000184;SRC-000154;SRC-000058;SRC-000027;SRC-000122;SRC-000091;SRC-000182;SRC-000152;SRC-000049;SRC-000018;SRC-000113;SRC-000082;SRC-000173;SRC-000143;AID-SRC-000426;AID-SRC-000428	SRC-000060/BLOCK-000529;SRC-000029/BLOCK-000527;SRC-000124/BLOCK-000533;SRC-000093/BLOCK-000531;SRC-000184/BLOCK-000537;SRC-000154/BLOCK-000535;SRC-000058/BLOCK-000528;SRC-000027/BLOCK-000526;SRC-000122/BLOCK-000532;SRC-000091/BLOCK-000530;SRC-000182/BLOCK-000536;SRC-000152/BLOCK-000534;SRC-000049/BLOCK-000002;SRC-000018/BLOCK-000001;SRC-000113/BLOCK-000004;SRC-000082/BLOCK-000003;SRC-000173/BLOCK-000006;SRC-000143/BLOCK-000005;BLOCK-000436;BLOCK-000438	KAE-BLOCK-000272;KAE-BLOCK-000276	commands;configuration;runbook;validation_sql	yes	CONF-000004;CONF-000007	OPS-102;OPS-105;OPS-126;OPS-128;OPS-130;OPS-131;OPS-101;OPS-107;OPS-108	no	attachment_update	done	Stage 3 attachment route generated from completed scope row; use exact source blocks and missing-input prompts before item-level production claims.
S3-SCOPE-008	J011	S3-J010	GPTs/attachments/01_getting_started_installation.md	01. Getting Started and Installation	APB-000011	GPTs/agent_playbooks/tools.md	Tools Playbook	Tools	pass	7.1;7.3;8.1_verified;multi	SRC-000044;SRC-000077;SRC-000107;SRC-000138;SRC-000167;SRC-000198;SRC-000045;SRC-000078;SRC-000108;SRC-000139;SRC-000168;SRC-000199;SRC-000043;SRC-000076;SRC-000106;SRC-000137;SRC-000166;SRC-000197;SRC-000206;SRC-000213;SRC-000220;SRC-000227;SRC-000449;SRC-000471;AID-SRC-000043;AID-SRC-000044;AID-SRC-000045;AID-SRC-000046;AID-SRC-000047;AID-SRC-000110	SRC-000044/BLOCK-000538;SRC-000077/BLOCK-000540;SRC-000107/BLOCK-000542;SRC-000138/BLOCK-000544;SRC-000167/BLOCK-000546;SRC-000198/BLOCK-000548;SRC-000045/BLOCK-000539;SRC-000078/BLOCK-000541;SRC-000108/BLOCK-000543;SRC-000139/BLOCK-000545;SRC-000168/BLOCK-000547;SRC-000199/BLOCK-000549;SRC-000043/BLOCK-000926;SRC-000076/BLOCK-000927;SRC-000106/BLOCK-000928;SRC-000137/BLOCK-000929;SRC-000166/BLOCK-000930;SRC-000197/BLOCK-000931;SRC-000206/BLOCK-000939;SRC-000213/BLOCK-000941;SRC-000220/BLOCK-000933;SRC-000227/BLOCK-000935;SRC-000449/BLOCK-000936;SRC-000471/BLOCK-000937;BLOCK-000090;BLOCK-000091;BLOCK-000092;BLOCK-000093;BLOCK-000094;BLOCK-000409	KAE-BLOCK-000014;KAE-BLOCK-000149;KAE-BLOCK-000205;KAE-BLOCK-000015;KAE-BLOCK-000150;KAE-BLOCK-000206;KAE-BLOCK-000038;KAE-BLOCK-000170;KAE-BLOCK-000227;KAE-BLOCK-000229;KAE-BLOCK-000252;KAE-BLOCK-000271;KAE-BLOCK-000274;KAE-BLOCK-000275;KAE-BLOCK-000276	commands;scripts;configuration;diagnostics;validation_checks;SQL	yes	CONF-000004;CONF-000006;CONF-000007	OPS-102;OPS-105;OPS-126;OPS-128;OPS-130;OPS-131;OPS-101;OPS-107;OPS-108	no	attachment_update	done	Stage 3 attachment route generated from completed scope row; use exact source blocks and missing-input prompts before item-level production claims.
S3-SCOPE-008	J011	S3-J010	GPTs/attachments/01_getting_started_installation.md	01. Getting Started and Installation	APB-000016	GPTs/agent_playbooks/protected_operations.md	Protected Administration Operations Playbook	Protected administration operations	pass	7.1;7.3;8.1_verified	SRC-000049;SRC-000018;SRC-000056;SRC-000025;SRC-000072;SRC-000040;SRC-000113;SRC-000082;SRC-000120;SRC-000089;SRC-000134;SRC-000103;SRC-000173;SRC-000143;SRC-000180;SRC-000150;SRC-000194;SRC-000163;AID-SRC-000428;AID-SRC-000429	SRC-000049/BLOCK-000002;SRC-000018/BLOCK-000001;SRC-000056/BLOCK-000515;SRC-000025/BLOCK-000514;SRC-000072/BLOCK-000884;SRC-000040/BLOCK-000883;SRC-000113/BLOCK-000004;SRC-000082/BLOCK-000003;SRC-000120/BLOCK-000517;SRC-000089/BLOCK-000516;SRC-000134/BLOCK-000886;SRC-000103/BLOCK-000885;SRC-000173/BLOCK-000006;SRC-000143/BLOCK-000005;SRC-000180/BLOCK-000519;SRC-000150/BLOCK-000518;SRC-000194/BLOCK-000888;SRC-000163/BLOCK-000887;BLOCK-000438;BLOCK-000439	KAE-BLOCK-000272;KAE-BLOCK-000273;KAE-BLOCK-000276	commands;SQL;configuration;validation_sql;runbook;recovery_plan	yes	CONF-000004;CONF-000005;CONF-000007	OPS-102;OPS-105;OPS-126;OPS-128;OPS-130;OPS-131;OPS-101;OPS-107;OPS-108	no	attachment_update	done	Stage 3 attachment route generated from completed scope row; use exact source blocks and missing-input prompts before item-level production claims.
S3-SCOPE-008	J011	S3-J010	GPTs/attachments/01_getting_started_installation.md	01. Getting Started and Installation	APB-000017	GPTs/agent_playbooks/aid_version_release_patch_routing.md	AID, Version, Release, And Patch Routing Playbook	AID, version, release, and patch routing	pass	7.1;7.3;8.1_verified;multi;aid	SRC-000228;SRC-000397;SRC-000424;SRC-000425;SRC-000426;SRC-000450;SRC-000451;SRC-000452;SRC-000477;SRC-000473;SRC-000474;SRC-000475;SRC-000476;SRC-000443;SRC-000444;SRC-000445;SRC-000464;SRC-000465;SRC-000466;AID-000001;AID-000002;AID-000003;AID-000004;AID-000005;AID-000006;AID-000015;AID-000016;AID-000022;AID-000023;AID-000025;AID-000028;AID-SRC-000423;AID-SRC-000424;AID-SRC-000425;AID-SRC-000426;AID-SRC-000427;AID-SRC-000428;AID-SRC-000429;AID-SRC-000430;AID-SRC-000431;AID-SRC-000432;AID-SRC-000433;AID-SRC-000434;AID-SRC-000435;AID-SRC-000436;AID-SRC-000437;AID-SRC-000438	SRC-000228/BLOCK-000615;SRC-000397/BLOCK-000784;SRC-000424/BLOCK-000819;SRC-000425/BLOCK-000822;SRC-000426/BLOCK-000827;SRC-000450/BLOCK-000821;SRC-000451/BLOCK-000824;SRC-000452/BLOCK-000826;SRC-000477/BLOCK-000829;SRC-000473/BLOCK-000562;SRC-000474/BLOCK-000909;SRC-000475/BLOCK-000910;SRC-000476/BLOCK-000911;SRC-000443/BLOCK-000836;SRC-000444/BLOCK-000838;SRC-000445/BLOCK-000840;SRC-000464/BLOCK-000837;SRC-000465/BLOCK-000839;SRC-000466/BLOCK-000841;BLOCK-000454;BLOCK-000457;BLOCK-000459;BLOCK-000460;BLOCK-000429;BLOCK-000433;BLOCK-000431;BLOCK-000432;BLOCK-000451;BLOCK-000453;BLOCK-000448;BLOCK-000436;BLOCK-000437;BLOCK-000438;BLOCK-000439;BLOCK-000440;BLOCK-000441;BLOCK-000442;BLOCK-000443;BLOCK-000444;BLOCK-000445;BLOCK-000446;BLOCK-000447;BLOCK-000452	KAE-BLOCK-000022;KAE-BLOCK-000157;KAE-BLOCK-000231;KAE-BLOCK-000240;KAE-BLOCK-000241;KAE-BLOCK-000242;KAE-BLOCK-000275;KAE-BLOCK-000276;KAE-BLOCK-000287	routing_matrix;source_recheck_plan;version_boundary_note;patch_token_packet;aid_decision_packet;validation_checks	yes	CONF-000001;CONF-000002;CONF-000004;CONF-000005;CONF-000006;CONF-000007;CONF-000008;CONF-000009	OPS-102;OPS-105;OPS-126;OPS-128;OPS-130;OPS-131;OPS-101;OPS-107;OPS-108	no	attachment_update	done	Stage 3 attachment route generated from completed scope row; use exact source blocks and missing-input prompts before item-level production claims.
S3-SCOPE-008	J011	S3-J010	GPTs/attachments/02_administration_operations.md	02. Administration and Operations	APB-000001	GPTs/agent_playbooks/installation_startup.md	Installation And Startup Playbook	Installation and startup	pass	7.1;7.3;8.1_verified	SRC-000060;SRC-000029;SRC-000124;SRC-000093;SRC-000184;SRC-000154;SRC-000058;SRC-000027;SRC-000122;SRC-000091;SRC-000182;SRC-000152;SRC-000049;SRC-000018;SRC-000113;SRC-000082;SRC-000173;SRC-000143;AID-SRC-000426;AID-SRC-000428	SRC-000060/BLOCK-000529;SRC-000029/BLOCK-000527;SRC-000124/BLOCK-000533;SRC-000093/BLOCK-000531;SRC-000184/BLOCK-000537;SRC-000154/BLOCK-000535;SRC-000058/BLOCK-000528;SRC-000027/BLOCK-000526;SRC-000122/BLOCK-000532;SRC-000091/BLOCK-000530;SRC-000182/BLOCK-000536;SRC-000152/BLOCK-000534;SRC-000049/BLOCK-000002;SRC-000018/BLOCK-000001;SRC-000113/BLOCK-000004;SRC-000082/BLOCK-000003;SRC-000173/BLOCK-000006;SRC-000143/BLOCK-000005;BLOCK-000436;BLOCK-000438	KAE-BLOCK-000272;KAE-BLOCK-000276	commands;configuration;runbook;validation_sql	yes	CONF-000004;CONF-000007	OPS-102;OPS-105;OPS-126;OPS-128;OPS-130;OPS-131;OPS-101;OPS-107;OPS-108	no	attachment_update	done	Stage 3 attachment route generated from completed scope row; use exact source blocks and missing-input prompts before item-level production claims.
S3-SCOPE-008	J011	S3-J010	GPTs/attachments/02_administration_operations.md	02. Administration and Operations	APB-000011	GPTs/agent_playbooks/tools.md	Tools Playbook	Tools	pass	7.1;7.3;8.1_verified;multi	SRC-000044;SRC-000077;SRC-000107;SRC-000138;SRC-000167;SRC-000198;SRC-000045;SRC-000078;SRC-000108;SRC-000139;SRC-000168;SRC-000199;SRC-000043;SRC-000076;SRC-000106;SRC-000137;SRC-000166;SRC-000197;SRC-000206;SRC-000213;SRC-000220;SRC-000227;SRC-000449;SRC-000471;AID-SRC-000043;AID-SRC-000044;AID-SRC-000045;AID-SRC-000046;AID-SRC-000047;AID-SRC-000110	SRC-000044/BLOCK-000538;SRC-000077/BLOCK-000540;SRC-000107/BLOCK-000542;SRC-000138/BLOCK-000544;SRC-000167/BLOCK-000546;SRC-000198/BLOCK-000548;SRC-000045/BLOCK-000539;SRC-000078/BLOCK-000541;SRC-000108/BLOCK-000543;SRC-000139/BLOCK-000545;SRC-000168/BLOCK-000547;SRC-000199/BLOCK-000549;SRC-000043/BLOCK-000926;SRC-000076/BLOCK-000927;SRC-000106/BLOCK-000928;SRC-000137/BLOCK-000929;SRC-000166/BLOCK-000930;SRC-000197/BLOCK-000931;SRC-000206/BLOCK-000939;SRC-000213/BLOCK-000941;SRC-000220/BLOCK-000933;SRC-000227/BLOCK-000935;SRC-000449/BLOCK-000936;SRC-000471/BLOCK-000937;BLOCK-000090;BLOCK-000091;BLOCK-000092;BLOCK-000093;BLOCK-000094;BLOCK-000409	KAE-BLOCK-000014;KAE-BLOCK-000149;KAE-BLOCK-000205;KAE-BLOCK-000015;KAE-BLOCK-000150;KAE-BLOCK-000206;KAE-BLOCK-000038;KAE-BLOCK-000170;KAE-BLOCK-000227;KAE-BLOCK-000229;KAE-BLOCK-000252;KAE-BLOCK-000271;KAE-BLOCK-000274;KAE-BLOCK-000275;KAE-BLOCK-000276	commands;scripts;configuration;diagnostics;validation_checks;SQL	yes	CONF-000004;CONF-000006;CONF-000007	OPS-102;OPS-105;OPS-126;OPS-128;OPS-130;OPS-131;OPS-101;OPS-107;OPS-108	no	attachment_update	done	Stage 3 attachment route generated from completed scope row; use exact source blocks and missing-input prompts before item-level production claims.
S3-SCOPE-008	J011	S3-J010	GPTs/attachments/02_administration_operations.md	02. Administration and Operations	APB-000016	GPTs/agent_playbooks/protected_operations.md	Protected Administration Operations Playbook	Protected administration operations	pass	7.1;7.3;8.1_verified	SRC-000049;SRC-000018;SRC-000056;SRC-000025;SRC-000072;SRC-000040;SRC-000113;SRC-000082;SRC-000120;SRC-000089;SRC-000134;SRC-000103;SRC-000173;SRC-000143;SRC-000180;SRC-000150;SRC-000194;SRC-000163;AID-SRC-000428;AID-SRC-000429	SRC-000049/BLOCK-000002;SRC-000018/BLOCK-000001;SRC-000056/BLOCK-000515;SRC-000025/BLOCK-000514;SRC-000072/BLOCK-000884;SRC-000040/BLOCK-000883;SRC-000113/BLOCK-000004;SRC-000082/BLOCK-000003;SRC-000120/BLOCK-000517;SRC-000089/BLOCK-000516;SRC-000134/BLOCK-000886;SRC-000103/BLOCK-000885;SRC-000173/BLOCK-000006;SRC-000143/BLOCK-000005;SRC-000180/BLOCK-000519;SRC-000150/BLOCK-000518;SRC-000194/BLOCK-000888;SRC-000163/BLOCK-000887;BLOCK-000438;BLOCK-000439	KAE-BLOCK-000272;KAE-BLOCK-000273;KAE-BLOCK-000276	commands;SQL;configuration;validation_sql;runbook;recovery_plan	yes	CONF-000004;CONF-000005;CONF-000007	OPS-102;OPS-105;OPS-126;OPS-128;OPS-130;OPS-131;OPS-101;OPS-107;OPS-108	no	attachment_update	done	Stage 3 attachment route generated from completed scope row; use exact source blocks and missing-input prompts before item-level production claims.
S3-SCOPE-008	J011	S3-J010	GPTs/attachments/02_administration_operations.md	02. Administration and Operations	APB-000017	GPTs/agent_playbooks/aid_version_release_patch_routing.md	AID, Version, Release, And Patch Routing Playbook	AID, version, release, and patch routing	pass	7.1;7.3;8.1_verified;multi;aid	SRC-000228;SRC-000397;SRC-000424;SRC-000425;SRC-000426;SRC-000450;SRC-000451;SRC-000452;SRC-000477;SRC-000473;SRC-000474;SRC-000475;SRC-000476;SRC-000443;SRC-000444;SRC-000445;SRC-000464;SRC-000465;SRC-000466;AID-000001;AID-000002;AID-000003;AID-000004;AID-000005;AID-000006;AID-000015;AID-000016;AID-000022;AID-000023;AID-000025;AID-000028;AID-SRC-000423;AID-SRC-000424;AID-SRC-000425;AID-SRC-000426;AID-SRC-000427;AID-SRC-000428;AID-SRC-000429;AID-SRC-000430;AID-SRC-000431;AID-SRC-000432;AID-SRC-000433;AID-SRC-000434;AID-SRC-000435;AID-SRC-000436;AID-SRC-000437;AID-SRC-000438	SRC-000228/BLOCK-000615;SRC-000397/BLOCK-000784;SRC-000424/BLOCK-000819;SRC-000425/BLOCK-000822;SRC-000426/BLOCK-000827;SRC-000450/BLOCK-000821;SRC-000451/BLOCK-000824;SRC-000452/BLOCK-000826;SRC-000477/BLOCK-000829;SRC-000473/BLOCK-000562;SRC-000474/BLOCK-000909;SRC-000475/BLOCK-000910;SRC-000476/BLOCK-000911;SRC-000443/BLOCK-000836;SRC-000444/BLOCK-000838;SRC-000445/BLOCK-000840;SRC-000464/BLOCK-000837;SRC-000465/BLOCK-000839;SRC-000466/BLOCK-000841;BLOCK-000454;BLOCK-000457;BLOCK-000459;BLOCK-000460;BLOCK-000429;BLOCK-000433;BLOCK-000431;BLOCK-000432;BLOCK-000451;BLOCK-000453;BLOCK-000448;BLOCK-000436;BLOCK-000437;BLOCK-000438;BLOCK-000439;BLOCK-000440;BLOCK-000441;BLOCK-000442;BLOCK-000443;BLOCK-000444;BLOCK-000445;BLOCK-000446;BLOCK-000447;BLOCK-000452	KAE-BLOCK-000022;KAE-BLOCK-000157;KAE-BLOCK-000231;KAE-BLOCK-000240;KAE-BLOCK-000241;KAE-BLOCK-000242;KAE-BLOCK-000275;KAE-BLOCK-000276;KAE-BLOCK-000287	routing_matrix;source_recheck_plan;version_boundary_note;patch_token_packet;aid_decision_packet;validation_checks	yes	CONF-000001;CONF-000002;CONF-000004;CONF-000005;CONF-000006;CONF-000007;CONF-000008;CONF-000009	OPS-102;OPS-105;OPS-126;OPS-128;OPS-130;OPS-131;OPS-101;OPS-107;OPS-108	no	attachment_update	done	Stage 3 attachment route generated from completed scope row; use exact source blocks and missing-input prompts before item-level production claims.
S3-SCOPE-008	J011	S3-J010	GPTs/attachments/13_isql_iloader_basic_tools.md	13. iSQL, iLoader, and Basic Tools	APB-000001	GPTs/agent_playbooks/installation_startup.md	Installation And Startup Playbook	Installation and startup	pass	7.1;7.3;8.1_verified	SRC-000060;SRC-000029;SRC-000124;SRC-000093;SRC-000184;SRC-000154;SRC-000058;SRC-000027;SRC-000122;SRC-000091;SRC-000182;SRC-000152;SRC-000049;SRC-000018;SRC-000113;SRC-000082;SRC-000173;SRC-000143;AID-SRC-000426;AID-SRC-000428	SRC-000060/BLOCK-000529;SRC-000029/BLOCK-000527;SRC-000124/BLOCK-000533;SRC-000093/BLOCK-000531;SRC-000184/BLOCK-000537;SRC-000154/BLOCK-000535;SRC-000058/BLOCK-000528;SRC-000027/BLOCK-000526;SRC-000122/BLOCK-000532;SRC-000091/BLOCK-000530;SRC-000182/BLOCK-000536;SRC-000152/BLOCK-000534;SRC-000049/BLOCK-000002;SRC-000018/BLOCK-000001;SRC-000113/BLOCK-000004;SRC-000082/BLOCK-000003;SRC-000173/BLOCK-000006;SRC-000143/BLOCK-000005;BLOCK-000436;BLOCK-000438	KAE-BLOCK-000272;KAE-BLOCK-000276	commands;configuration;runbook;validation_sql	yes	CONF-000004;CONF-000007	OPS-102;OPS-105;OPS-126;OPS-128;OPS-130;OPS-131;OPS-101;OPS-107;OPS-108	no	attachment_update	done	Stage 3 attachment route generated from completed scope row; use exact source blocks and missing-input prompts before item-level production claims.
S3-SCOPE-008	J011	S3-J010	GPTs/attachments/13_isql_iloader_basic_tools.md	13. iSQL, iLoader, and Basic Tools	APB-000011	GPTs/agent_playbooks/tools.md	Tools Playbook	Tools	pass	7.1;7.3;8.1_verified;multi	SRC-000044;SRC-000077;SRC-000107;SRC-000138;SRC-000167;SRC-000198;SRC-000045;SRC-000078;SRC-000108;SRC-000139;SRC-000168;SRC-000199;SRC-000043;SRC-000076;SRC-000106;SRC-000137;SRC-000166;SRC-000197;SRC-000206;SRC-000213;SRC-000220;SRC-000227;SRC-000449;SRC-000471;AID-SRC-000043;AID-SRC-000044;AID-SRC-000045;AID-SRC-000046;AID-SRC-000047;AID-SRC-000110	SRC-000044/BLOCK-000538;SRC-000077/BLOCK-000540;SRC-000107/BLOCK-000542;SRC-000138/BLOCK-000544;SRC-000167/BLOCK-000546;SRC-000198/BLOCK-000548;SRC-000045/BLOCK-000539;SRC-000078/BLOCK-000541;SRC-000108/BLOCK-000543;SRC-000139/BLOCK-000545;SRC-000168/BLOCK-000547;SRC-000199/BLOCK-000549;SRC-000043/BLOCK-000926;SRC-000076/BLOCK-000927;SRC-000106/BLOCK-000928;SRC-000137/BLOCK-000929;SRC-000166/BLOCK-000930;SRC-000197/BLOCK-000931;SRC-000206/BLOCK-000939;SRC-000213/BLOCK-000941;SRC-000220/BLOCK-000933;SRC-000227/BLOCK-000935;SRC-000449/BLOCK-000936;SRC-000471/BLOCK-000937;BLOCK-000090;BLOCK-000091;BLOCK-000092;BLOCK-000093;BLOCK-000094;BLOCK-000409	KAE-BLOCK-000014;KAE-BLOCK-000149;KAE-BLOCK-000205;KAE-BLOCK-000015;KAE-BLOCK-000150;KAE-BLOCK-000206;KAE-BLOCK-000038;KAE-BLOCK-000170;KAE-BLOCK-000227;KAE-BLOCK-000229;KAE-BLOCK-000252;KAE-BLOCK-000271;KAE-BLOCK-000274;KAE-BLOCK-000275;KAE-BLOCK-000276	commands;scripts;configuration;diagnostics;validation_checks;SQL	yes	CONF-000004;CONF-000006;CONF-000007	OPS-102;OPS-105;OPS-126;OPS-128;OPS-130;OPS-131;OPS-101;OPS-107;OPS-108	no	attachment_update	done	Stage 3 attachment route generated from completed scope row; use exact source blocks and missing-input prompts before item-level production claims.
S3-SCOPE-008	J011	S3-J010	GPTs/attachments/13_isql_iloader_basic_tools.md	13. iSQL, iLoader, and Basic Tools	APB-000016	GPTs/agent_playbooks/protected_operations.md	Protected Administration Operations Playbook	Protected administration operations	pass	7.1;7.3;8.1_verified	SRC-000049;SRC-000018;SRC-000056;SRC-000025;SRC-000072;SRC-000040;SRC-000113;SRC-000082;SRC-000120;SRC-000089;SRC-000134;SRC-000103;SRC-000173;SRC-000143;SRC-000180;SRC-000150;SRC-000194;SRC-000163;AID-SRC-000428;AID-SRC-000429	SRC-000049/BLOCK-000002;SRC-000018/BLOCK-000001;SRC-000056/BLOCK-000515;SRC-000025/BLOCK-000514;SRC-000072/BLOCK-000884;SRC-000040/BLOCK-000883;SRC-000113/BLOCK-000004;SRC-000082/BLOCK-000003;SRC-000120/BLOCK-000517;SRC-000089/BLOCK-000516;SRC-000134/BLOCK-000886;SRC-000103/BLOCK-000885;SRC-000173/BLOCK-000006;SRC-000143/BLOCK-000005;SRC-000180/BLOCK-000519;SRC-000150/BLOCK-000518;SRC-000194/BLOCK-000888;SRC-000163/BLOCK-000887;BLOCK-000438;BLOCK-000439	KAE-BLOCK-000272;KAE-BLOCK-000273;KAE-BLOCK-000276	commands;SQL;configuration;validation_sql;runbook;recovery_plan	yes	CONF-000004;CONF-000005;CONF-000007	OPS-102;OPS-105;OPS-126;OPS-128;OPS-130;OPS-131;OPS-101;OPS-107;OPS-108	no	attachment_update	done	Stage 3 attachment route generated from completed scope row; use exact source blocks and missing-input prompts before item-level production claims.
S3-SCOPE-008	J011	S3-J010	GPTs/attachments/13_isql_iloader_basic_tools.md	13. iSQL, iLoader, and Basic Tools	APB-000017	GPTs/agent_playbooks/aid_version_release_patch_routing.md	AID, Version, Release, And Patch Routing Playbook	AID, version, release, and patch routing	pass	7.1;7.3;8.1_verified;multi;aid	SRC-000228;SRC-000397;SRC-000424;SRC-000425;SRC-000426;SRC-000450;SRC-000451;SRC-000452;SRC-000477;SRC-000473;SRC-000474;SRC-000475;SRC-000476;SRC-000443;SRC-000444;SRC-000445;SRC-000464;SRC-000465;SRC-000466;AID-000001;AID-000002;AID-000003;AID-000004;AID-000005;AID-000006;AID-000015;AID-000016;AID-000022;AID-000023;AID-000025;AID-000028;AID-SRC-000423;AID-SRC-000424;AID-SRC-000425;AID-SRC-000426;AID-SRC-000427;AID-SRC-000428;AID-SRC-000429;AID-SRC-000430;AID-SRC-000431;AID-SRC-000432;AID-SRC-000433;AID-SRC-000434;AID-SRC-000435;AID-SRC-000436;AID-SRC-000437;AID-SRC-000438	SRC-000228/BLOCK-000615;SRC-000397/BLOCK-000784;SRC-000424/BLOCK-000819;SRC-000425/BLOCK-000822;SRC-000426/BLOCK-000827;SRC-000450/BLOCK-000821;SRC-000451/BLOCK-000824;SRC-000452/BLOCK-000826;SRC-000477/BLOCK-000829;SRC-000473/BLOCK-000562;SRC-000474/BLOCK-000909;SRC-000475/BLOCK-000910;SRC-000476/BLOCK-000911;SRC-000443/BLOCK-000836;SRC-000444/BLOCK-000838;SRC-000445/BLOCK-000840;SRC-000464/BLOCK-000837;SRC-000465/BLOCK-000839;SRC-000466/BLOCK-000841;BLOCK-000454;BLOCK-000457;BLOCK-000459;BLOCK-000460;BLOCK-000429;BLOCK-000433;BLOCK-000431;BLOCK-000432;BLOCK-000451;BLOCK-000453;BLOCK-000448;BLOCK-000436;BLOCK-000437;BLOCK-000438;BLOCK-000439;BLOCK-000440;BLOCK-000441;BLOCK-000442;BLOCK-000443;BLOCK-000444;BLOCK-000445;BLOCK-000446;BLOCK-000447;BLOCK-000452	KAE-BLOCK-000022;KAE-BLOCK-000157;KAE-BLOCK-000231;KAE-BLOCK-000240;KAE-BLOCK-000241;KAE-BLOCK-000242;KAE-BLOCK-000275;KAE-BLOCK-000276;KAE-BLOCK-000287	routing_matrix;source_recheck_plan;version_boundary_note;patch_token_packet;aid_decision_packet;validation_checks	yes	CONF-000001;CONF-000002;CONF-000004;CONF-000005;CONF-000006;CONF-000007;CONF-000008;CONF-000009	OPS-102;OPS-105;OPS-126;OPS-128;OPS-130;OPS-131;OPS-101;OPS-107;OPS-108	no	attachment_update	done	Stage 3 attachment route generated from completed scope row; use exact source blocks and missing-input prompts before item-level production claims.
S3-SCOPE-009	J012	S3-J011	GPTs/attachments/02_administration_operations.md	02. Administration and Operations	APB-000006	GPTs/agent_playbooks/backup_recovery.md	Backup And Recovery Playbook	Backup and recovery	pass	7.1;7.3;8.1_verified	SRC-000049;SRC-000018;SRC-000056;SRC-000025;SRC-000072;SRC-000040;SRC-000113;SRC-000082;SRC-000120;SRC-000089;SRC-000134;SRC-000103;SRC-000173;SRC-000143;SRC-000180;SRC-000150;SRC-000194;SRC-000163;AID-SRC-000429	SRC-000049/BLOCK-000002;SRC-000018/BLOCK-000001;SRC-000056/BLOCK-000515;SRC-000025/BLOCK-000514;SRC-000072/BLOCK-000884;SRC-000040/BLOCK-000883;SRC-000113/BLOCK-000004;SRC-000082/BLOCK-000003;SRC-000120/BLOCK-000517;SRC-000089/BLOCK-000516;SRC-000134/BLOCK-000886;SRC-000103/BLOCK-000885;SRC-000173/BLOCK-000006;SRC-000143/BLOCK-000005;SRC-000180/BLOCK-000519;SRC-000150/BLOCK-000518;SRC-000194/BLOCK-000888;SRC-000163/BLOCK-000887;BLOCK-000439	KAE-BLOCK-000272;KAE-BLOCK-000273;KAE-BLOCK-000276	commands;runbook;validation_sql;recovery_plan	yes	CONF-000004;CONF-000005;CONF-000007	OPS-103;OPS-104;OPS-111;OPS-112;OPS-113;OPS-114;OPS-116;OPS-117;OPS-118;OPS-123;OPS-124;OPS-125;OPS-127;OPS-129;OPS-133;OPS-134;OPS-109;OPS-110;OPS-115;OPS-119;OPS-121;OPS-122;OPS-135	yes	attachment_update	done	Stage 3 attachment route generated from completed scope row; use exact source blocks and missing-input prompts before item-level production claims.
S3-SCOPE-009	J012	S3-J011	GPTs/attachments/02_administration_operations.md	02. Administration and Operations	APB-000016	GPTs/agent_playbooks/protected_operations.md	Protected Administration Operations Playbook	Protected administration operations	pass	7.1;7.3;8.1_verified	SRC-000049;SRC-000018;SRC-000056;SRC-000025;SRC-000072;SRC-000040;SRC-000113;SRC-000082;SRC-000120;SRC-000089;SRC-000134;SRC-000103;SRC-000173;SRC-000143;SRC-000180;SRC-000150;SRC-000194;SRC-000163;AID-SRC-000428;AID-SRC-000429	SRC-000049/BLOCK-000002;SRC-000018/BLOCK-000001;SRC-000056/BLOCK-000515;SRC-000025/BLOCK-000514;SRC-000072/BLOCK-000884;SRC-000040/BLOCK-000883;SRC-000113/BLOCK-000004;SRC-000082/BLOCK-000003;SRC-000120/BLOCK-000517;SRC-000089/BLOCK-000516;SRC-000134/BLOCK-000886;SRC-000103/BLOCK-000885;SRC-000173/BLOCK-000006;SRC-000143/BLOCK-000005;SRC-000180/BLOCK-000519;SRC-000150/BLOCK-000518;SRC-000194/BLOCK-000888;SRC-000163/BLOCK-000887;BLOCK-000438;BLOCK-000439	KAE-BLOCK-000272;KAE-BLOCK-000273;KAE-BLOCK-000276	commands;SQL;configuration;validation_sql;runbook;recovery_plan	yes	CONF-000004;CONF-000005;CONF-000007	OPS-103;OPS-104;OPS-111;OPS-112;OPS-113;OPS-114;OPS-116;OPS-117;OPS-118;OPS-123;OPS-124;OPS-125;OPS-127;OPS-129;OPS-133;OPS-134;OPS-109;OPS-110;OPS-115;OPS-119;OPS-121;OPS-122;OPS-135	yes	attachment_update	done	Stage 3 attachment route generated from completed scope row; use exact source blocks and missing-input prompts before item-level production claims.
S3-SCOPE-009	J012	S3-J011	GPTs/attachments/02_administration_operations.md	02. Administration and Operations	APB-000017	GPTs/agent_playbooks/aid_version_release_patch_routing.md	AID, Version, Release, And Patch Routing Playbook	AID, version, release, and patch routing	pass	7.1;7.3;8.1_verified;multi;aid	SRC-000228;SRC-000397;SRC-000424;SRC-000425;SRC-000426;SRC-000450;SRC-000451;SRC-000452;SRC-000477;SRC-000473;SRC-000474;SRC-000475;SRC-000476;SRC-000443;SRC-000444;SRC-000445;SRC-000464;SRC-000465;SRC-000466;AID-000001;AID-000002;AID-000003;AID-000004;AID-000005;AID-000006;AID-000015;AID-000016;AID-000022;AID-000023;AID-000025;AID-000028;AID-SRC-000423;AID-SRC-000424;AID-SRC-000425;AID-SRC-000426;AID-SRC-000427;AID-SRC-000428;AID-SRC-000429;AID-SRC-000430;AID-SRC-000431;AID-SRC-000432;AID-SRC-000433;AID-SRC-000434;AID-SRC-000435;AID-SRC-000436;AID-SRC-000437;AID-SRC-000438	SRC-000228/BLOCK-000615;SRC-000397/BLOCK-000784;SRC-000424/BLOCK-000819;SRC-000425/BLOCK-000822;SRC-000426/BLOCK-000827;SRC-000450/BLOCK-000821;SRC-000451/BLOCK-000824;SRC-000452/BLOCK-000826;SRC-000477/BLOCK-000829;SRC-000473/BLOCK-000562;SRC-000474/BLOCK-000909;SRC-000475/BLOCK-000910;SRC-000476/BLOCK-000911;SRC-000443/BLOCK-000836;SRC-000444/BLOCK-000838;SRC-000445/BLOCK-000840;SRC-000464/BLOCK-000837;SRC-000465/BLOCK-000839;SRC-000466/BLOCK-000841;BLOCK-000454;BLOCK-000457;BLOCK-000459;BLOCK-000460;BLOCK-000429;BLOCK-000433;BLOCK-000431;BLOCK-000432;BLOCK-000451;BLOCK-000453;BLOCK-000448;BLOCK-000436;BLOCK-000437;BLOCK-000438;BLOCK-000439;BLOCK-000440;BLOCK-000441;BLOCK-000442;BLOCK-000443;BLOCK-000444;BLOCK-000445;BLOCK-000446;BLOCK-000447;BLOCK-000452	KAE-BLOCK-000022;KAE-BLOCK-000157;KAE-BLOCK-000231;KAE-BLOCK-000240;KAE-BLOCK-000241;KAE-BLOCK-000242;KAE-BLOCK-000275;KAE-BLOCK-000276;KAE-BLOCK-000287	routing_matrix;source_recheck_plan;version_boundary_note;patch_token_packet;aid_decision_packet;validation_checks	yes	CONF-000001;CONF-000002;CONF-000004;CONF-000005;CONF-000006;CONF-000007;CONF-000008;CONF-000009	OPS-103;OPS-104;OPS-111;OPS-112;OPS-113;OPS-114;OPS-116;OPS-117;OPS-118;OPS-123;OPS-124;OPS-125;OPS-127;OPS-129;OPS-133;OPS-134;OPS-109;OPS-110;OPS-115;OPS-119;OPS-121;OPS-122;OPS-135	yes	attachment_update	done	Stage 3 attachment route generated from completed scope row; use exact source blocks and missing-input prompts before item-level production claims.
S3-SCOPE-009	J012	S3-J011	GPTs/attachments/03_sql_ddl_generation.md	03. SQL DDL Generation	APB-000006	GPTs/agent_playbooks/backup_recovery.md	Backup And Recovery Playbook	Backup and recovery	pass	7.1;7.3;8.1_verified	SRC-000049;SRC-000018;SRC-000056;SRC-000025;SRC-000072;SRC-000040;SRC-000113;SRC-000082;SRC-000120;SRC-000089;SRC-000134;SRC-000103;SRC-000173;SRC-000143;SRC-000180;SRC-000150;SRC-000194;SRC-000163;AID-SRC-000429	SRC-000049/BLOCK-000002;SRC-000018/BLOCK-000001;SRC-000056/BLOCK-000515;SRC-000025/BLOCK-000514;SRC-000072/BLOCK-000884;SRC-000040/BLOCK-000883;SRC-000113/BLOCK-000004;SRC-000082/BLOCK-000003;SRC-000120/BLOCK-000517;SRC-000089/BLOCK-000516;SRC-000134/BLOCK-000886;SRC-000103/BLOCK-000885;SRC-000173/BLOCK-000006;SRC-000143/BLOCK-000005;SRC-000180/BLOCK-000519;SRC-000150/BLOCK-000518;SRC-000194/BLOCK-000888;SRC-000163/BLOCK-000887;BLOCK-000439	KAE-BLOCK-000272;KAE-BLOCK-000273;KAE-BLOCK-000276	commands;runbook;validation_sql;recovery_plan	yes	CONF-000004;CONF-000005;CONF-000007	OPS-103;OPS-104;OPS-111;OPS-112;OPS-113;OPS-114;OPS-116;OPS-117;OPS-118;OPS-123;OPS-124;OPS-125;OPS-127;OPS-129;OPS-133;OPS-134;OPS-109;OPS-110;OPS-115;OPS-119;OPS-121;OPS-122;OPS-135	yes	attachment_update	done	Stage 3 attachment route generated from completed scope row; use exact source blocks and missing-input prompts before item-level production claims.
S3-SCOPE-009	J012	S3-J011	GPTs/attachments/03_sql_ddl_generation.md	03. SQL DDL Generation	APB-000016	GPTs/agent_playbooks/protected_operations.md	Protected Administration Operations Playbook	Protected administration operations	pass	7.1;7.3;8.1_verified	SRC-000049;SRC-000018;SRC-000056;SRC-000025;SRC-000072;SRC-000040;SRC-000113;SRC-000082;SRC-000120;SRC-000089;SRC-000134;SRC-000103;SRC-000173;SRC-000143;SRC-000180;SRC-000150;SRC-000194;SRC-000163;AID-SRC-000428;AID-SRC-000429	SRC-000049/BLOCK-000002;SRC-000018/BLOCK-000001;SRC-000056/BLOCK-000515;SRC-000025/BLOCK-000514;SRC-000072/BLOCK-000884;SRC-000040/BLOCK-000883;SRC-000113/BLOCK-000004;SRC-000082/BLOCK-000003;SRC-000120/BLOCK-000517;SRC-000089/BLOCK-000516;SRC-000134/BLOCK-000886;SRC-000103/BLOCK-000885;SRC-000173/BLOCK-000006;SRC-000143/BLOCK-000005;SRC-000180/BLOCK-000519;SRC-000150/BLOCK-000518;SRC-000194/BLOCK-000888;SRC-000163/BLOCK-000887;BLOCK-000438;BLOCK-000439	KAE-BLOCK-000272;KAE-BLOCK-000273;KAE-BLOCK-000276	commands;SQL;configuration;validation_sql;runbook;recovery_plan	yes	CONF-000004;CONF-000005;CONF-000007	OPS-103;OPS-104;OPS-111;OPS-112;OPS-113;OPS-114;OPS-116;OPS-117;OPS-118;OPS-123;OPS-124;OPS-125;OPS-127;OPS-129;OPS-133;OPS-134;OPS-109;OPS-110;OPS-115;OPS-119;OPS-121;OPS-122;OPS-135	yes	attachment_update	done	Stage 3 attachment route generated from completed scope row; use exact source blocks and missing-input prompts before item-level production claims.
S3-SCOPE-009	J012	S3-J011	GPTs/attachments/03_sql_ddl_generation.md	03. SQL DDL Generation	APB-000017	GPTs/agent_playbooks/aid_version_release_patch_routing.md	AID, Version, Release, And Patch Routing Playbook	AID, version, release, and patch routing	pass	7.1;7.3;8.1_verified;multi;aid	SRC-000228;SRC-000397;SRC-000424;SRC-000425;SRC-000426;SRC-000450;SRC-000451;SRC-000452;SRC-000477;SRC-000473;SRC-000474;SRC-000475;SRC-000476;SRC-000443;SRC-000444;SRC-000445;SRC-000464;SRC-000465;SRC-000466;AID-000001;AID-000002;AID-000003;AID-000004;AID-000005;AID-000006;AID-000015;AID-000016;AID-000022;AID-000023;AID-000025;AID-000028;AID-SRC-000423;AID-SRC-000424;AID-SRC-000425;AID-SRC-000426;AID-SRC-000427;AID-SRC-000428;AID-SRC-000429;AID-SRC-000430;AID-SRC-000431;AID-SRC-000432;AID-SRC-000433;AID-SRC-000434;AID-SRC-000435;AID-SRC-000436;AID-SRC-000437;AID-SRC-000438	SRC-000228/BLOCK-000615;SRC-000397/BLOCK-000784;SRC-000424/BLOCK-000819;SRC-000425/BLOCK-000822;SRC-000426/BLOCK-000827;SRC-000450/BLOCK-000821;SRC-000451/BLOCK-000824;SRC-000452/BLOCK-000826;SRC-000477/BLOCK-000829;SRC-000473/BLOCK-000562;SRC-000474/BLOCK-000909;SRC-000475/BLOCK-000910;SRC-000476/BLOCK-000911;SRC-000443/BLOCK-000836;SRC-000444/BLOCK-000838;SRC-000445/BLOCK-000840;SRC-000464/BLOCK-000837;SRC-000465/BLOCK-000839;SRC-000466/BLOCK-000841;BLOCK-000454;BLOCK-000457;BLOCK-000459;BLOCK-000460;BLOCK-000429;BLOCK-000433;BLOCK-000431;BLOCK-000432;BLOCK-000451;BLOCK-000453;BLOCK-000448;BLOCK-000436;BLOCK-000437;BLOCK-000438;BLOCK-000439;BLOCK-000440;BLOCK-000441;BLOCK-000442;BLOCK-000443;BLOCK-000444;BLOCK-000445;BLOCK-000446;BLOCK-000447;BLOCK-000452	KAE-BLOCK-000022;KAE-BLOCK-000157;KAE-BLOCK-000231;KAE-BLOCK-000240;KAE-BLOCK-000241;KAE-BLOCK-000242;KAE-BLOCK-000275;KAE-BLOCK-000276;KAE-BLOCK-000287	routing_matrix;source_recheck_plan;version_boundary_note;patch_token_packet;aid_decision_packet;validation_checks	yes	CONF-000001;CONF-000002;CONF-000004;CONF-000005;CONF-000006;CONF-000007;CONF-000008;CONF-000009	OPS-103;OPS-104;OPS-111;OPS-112;OPS-113;OPS-114;OPS-116;OPS-117;OPS-118;OPS-123;OPS-124;OPS-125;OPS-127;OPS-129;OPS-133;OPS-134;OPS-109;OPS-110;OPS-115;OPS-119;OPS-121;OPS-122;OPS-135	yes	attachment_update	done	Stage 3 attachment route generated from completed scope row; use exact source blocks and missing-input prompts before item-level production claims.
S3-SCOPE-009	J012	S3-J011	GPTs/attachments/07_error_messages_troubleshooting.md	07. Error Messages and Troubleshooting	APB-000006	GPTs/agent_playbooks/backup_recovery.md	Backup And Recovery Playbook	Backup and recovery	pass	7.1;7.3;8.1_verified	SRC-000049;SRC-000018;SRC-000056;SRC-000025;SRC-000072;SRC-000040;SRC-000113;SRC-000082;SRC-000120;SRC-000089;SRC-000134;SRC-000103;SRC-000173;SRC-000143;SRC-000180;SRC-000150;SRC-000194;SRC-000163;AID-SRC-000429	SRC-000049/BLOCK-000002;SRC-000018/BLOCK-000001;SRC-000056/BLOCK-000515;SRC-000025/BLOCK-000514;SRC-000072/BLOCK-000884;SRC-000040/BLOCK-000883;SRC-000113/BLOCK-000004;SRC-000082/BLOCK-000003;SRC-000120/BLOCK-000517;SRC-000089/BLOCK-000516;SRC-000134/BLOCK-000886;SRC-000103/BLOCK-000885;SRC-000173/BLOCK-000006;SRC-000143/BLOCK-000005;SRC-000180/BLOCK-000519;SRC-000150/BLOCK-000518;SRC-000194/BLOCK-000888;SRC-000163/BLOCK-000887;BLOCK-000439	KAE-BLOCK-000272;KAE-BLOCK-000273;KAE-BLOCK-000276	commands;runbook;validation_sql;recovery_plan	yes	CONF-000004;CONF-000005;CONF-000007	OPS-103;OPS-104;OPS-111;OPS-112;OPS-113;OPS-114;OPS-116;OPS-117;OPS-118;OPS-123;OPS-124;OPS-125;OPS-127;OPS-129;OPS-133;OPS-134;OPS-109;OPS-110;OPS-115;OPS-119;OPS-121;OPS-122;OPS-135	yes	attachment_update	done	Stage 3 attachment route generated from completed scope row; use exact source blocks and missing-input prompts before item-level production claims.
S3-SCOPE-009	J012	S3-J011	GPTs/attachments/07_error_messages_troubleshooting.md	07. Error Messages and Troubleshooting	APB-000016	GPTs/agent_playbooks/protected_operations.md	Protected Administration Operations Playbook	Protected administration operations	pass	7.1;7.3;8.1_verified	SRC-000049;SRC-000018;SRC-000056;SRC-000025;SRC-000072;SRC-000040;SRC-000113;SRC-000082;SRC-000120;SRC-000089;SRC-000134;SRC-000103;SRC-000173;SRC-000143;SRC-000180;SRC-000150;SRC-000194;SRC-000163;AID-SRC-000428;AID-SRC-000429	SRC-000049/BLOCK-000002;SRC-000018/BLOCK-000001;SRC-000056/BLOCK-000515;SRC-000025/BLOCK-000514;SRC-000072/BLOCK-000884;SRC-000040/BLOCK-000883;SRC-000113/BLOCK-000004;SRC-000082/BLOCK-000003;SRC-000120/BLOCK-000517;SRC-000089/BLOCK-000516;SRC-000134/BLOCK-000886;SRC-000103/BLOCK-000885;SRC-000173/BLOCK-000006;SRC-000143/BLOCK-000005;SRC-000180/BLOCK-000519;SRC-000150/BLOCK-000518;SRC-000194/BLOCK-000888;SRC-000163/BLOCK-000887;BLOCK-000438;BLOCK-000439	KAE-BLOCK-000272;KAE-BLOCK-000273;KAE-BLOCK-000276	commands;SQL;configuration;validation_sql;runbook;recovery_plan	yes	CONF-000004;CONF-000005;CONF-000007	OPS-103;OPS-104;OPS-111;OPS-112;OPS-113;OPS-114;OPS-116;OPS-117;OPS-118;OPS-123;OPS-124;OPS-125;OPS-127;OPS-129;OPS-133;OPS-134;OPS-109;OPS-110;OPS-115;OPS-119;OPS-121;OPS-122;OPS-135	yes	attachment_update	done	Stage 3 attachment route generated from completed scope row; use exact source blocks and missing-input prompts before item-level production claims.
S3-SCOPE-009	J012	S3-J011	GPTs/attachments/07_error_messages_troubleshooting.md	07. Error Messages and Troubleshooting	APB-000017	GPTs/agent_playbooks/aid_version_release_patch_routing.md	AID, Version, Release, And Patch Routing Playbook	AID, version, release, and patch routing	pass	7.1;7.3;8.1_verified;multi;aid	SRC-000228;SRC-000397;SRC-000424;SRC-000425;SRC-000426;SRC-000450;SRC-000451;SRC-000452;SRC-000477;SRC-000473;SRC-000474;SRC-000475;SRC-000476;SRC-000443;SRC-000444;SRC-000445;SRC-000464;SRC-000465;SRC-000466;AID-000001;AID-000002;AID-000003;AID-000004;AID-000005;AID-000006;AID-000015;AID-000016;AID-000022;AID-000023;AID-000025;AID-000028;AID-SRC-000423;AID-SRC-000424;AID-SRC-000425;AID-SRC-000426;AID-SRC-000427;AID-SRC-000428;AID-SRC-000429;AID-SRC-000430;AID-SRC-000431;AID-SRC-000432;AID-SRC-000433;AID-SRC-000434;AID-SRC-000435;AID-SRC-000436;AID-SRC-000437;AID-SRC-000438	SRC-000228/BLOCK-000615;SRC-000397/BLOCK-000784;SRC-000424/BLOCK-000819;SRC-000425/BLOCK-000822;SRC-000426/BLOCK-000827;SRC-000450/BLOCK-000821;SRC-000451/BLOCK-000824;SRC-000452/BLOCK-000826;SRC-000477/BLOCK-000829;SRC-000473/BLOCK-000562;SRC-000474/BLOCK-000909;SRC-000475/BLOCK-000910;SRC-000476/BLOCK-000911;SRC-000443/BLOCK-000836;SRC-000444/BLOCK-000838;SRC-000445/BLOCK-000840;SRC-000464/BLOCK-000837;SRC-000465/BLOCK-000839;SRC-000466/BLOCK-000841;BLOCK-000454;BLOCK-000457;BLOCK-000459;BLOCK-000460;BLOCK-000429;BLOCK-000433;BLOCK-000431;BLOCK-000432;BLOCK-000451;BLOCK-000453;BLOCK-000448;BLOCK-000436;BLOCK-000437;BLOCK-000438;BLOCK-000439;BLOCK-000440;BLOCK-000441;BLOCK-000442;BLOCK-000443;BLOCK-000444;BLOCK-000445;BLOCK-000446;BLOCK-000447;BLOCK-000452	KAE-BLOCK-000022;KAE-BLOCK-000157;KAE-BLOCK-000231;KAE-BLOCK-000240;KAE-BLOCK-000241;KAE-BLOCK-000242;KAE-BLOCK-000275;KAE-BLOCK-000276;KAE-BLOCK-000287	routing_matrix;source_recheck_plan;version_boundary_note;patch_token_packet;aid_decision_packet;validation_checks	yes	CONF-000001;CONF-000002;CONF-000004;CONF-000005;CONF-000006;CONF-000007;CONF-000008;CONF-000009	OPS-103;OPS-104;OPS-111;OPS-112;OPS-113;OPS-114;OPS-116;OPS-117;OPS-118;OPS-123;OPS-124;OPS-125;OPS-127;OPS-129;OPS-133;OPS-134;OPS-109;OPS-110;OPS-115;OPS-119;OPS-121;OPS-122;OPS-135	yes	attachment_update	done	Stage 3 attachment route generated from completed scope row; use exact source blocks and missing-input prompts before item-level production claims.
S3-SCOPE-010	J013	S3-J012	GPTs/attachments/09_replication_ha_cdc.md	09. Replication, HA, and CDC	APB-000002	GPTs/agent_playbooks/ddl_generation.md	DDL And DCL Generation Playbook	DDL generation	pass	7.1;7.3;8.1_verified	SRC-000049;SRC-000018;SRC-000056;SRC-000025;SRC-000057;SRC-000026;SRC-000070;SRC-000038;SRC-000072;SRC-000040;SRC-000113;SRC-000082;SRC-000120;SRC-000089;SRC-000121;SRC-000090;SRC-000132;SRC-000101;SRC-000134;SRC-000103;SRC-000173;SRC-000143;SRC-000180;SRC-000150;SRC-000181;SRC-000151;SRC-000192;SRC-000161;SRC-000194;SRC-000163	SRC-000049/BLOCK-000002;SRC-000018/BLOCK-000001;SRC-000056/BLOCK-000515;SRC-000025/BLOCK-000514;SRC-000057/BLOCK-000521;SRC-000026/BLOCK-000520;SRC-000070/BLOCK-000845;SRC-000038/BLOCK-000844;SRC-000072/BLOCK-000884;SRC-000040/BLOCK-000883;SRC-000113/BLOCK-000004;SRC-000082/BLOCK-000003;SRC-000120/BLOCK-000517;SRC-000089/BLOCK-000516;SRC-000121/BLOCK-000523;SRC-000090/BLOCK-000522;SRC-000132/BLOCK-000847;SRC-000101/BLOCK-000846;SRC-000134/BLOCK-000886;SRC-000103/BLOCK-000885;SRC-000173/BLOCK-000006;SRC-000143/BLOCK-000005;SRC-000180/BLOCK-000519;SRC-000150/BLOCK-000518;SRC-000181/BLOCK-000525;SRC-000151/BLOCK-000524;SRC-000192/BLOCK-000849;SRC-000161/BLOCK-000848;SRC-000194/BLOCK-000888;SRC-000163/BLOCK-000887	KAE-BLOCK-000272;KAE-BLOCK-000273	DDL;DCL;SQL;validation_sql	yes	CONF-000004;CONF-000005	REPL-102;REPL-103;REPL-104;REPL-126;REPL-127;REPL-129;REPL-108;REPL-109;REPL-101;REPL-106;REPL-107	yes	attachment_update	done	Stage 3 attachment route generated from completed scope row; use exact source blocks and missing-input prompts before item-level production claims.
S3-SCOPE-010	J013	S3-J012	GPTs/attachments/09_replication_ha_cdc.md	09. Replication, HA, and CDC	APB-000005	GPTs/agent_playbooks/dictionary_views.md	Dictionary And Views Playbook	Dictionary and views	pass	7.1;7.3;8.1_verified	SRC-000057;SRC-000026;SRC-000121;SRC-000090;SRC-000181;SRC-000151;SRC-000072;SRC-000134;SRC-000194;SRC-000067;SRC-000035;SRC-000129;SRC-000098;SRC-000189;SRC-000159	SRC-000057/BLOCK-000521;SRC-000026/BLOCK-000520;SRC-000121/BLOCK-000523;SRC-000090/BLOCK-000522;SRC-000181/BLOCK-000525;SRC-000151/BLOCK-000524;SRC-000072/BLOCK-000884;SRC-000134/BLOCK-000886;SRC-000194/BLOCK-000888;SRC-000067/BLOCK-000812;SRC-000035/BLOCK-000811;SRC-000129/BLOCK-000814;SRC-000098/BLOCK-000813;SRC-000189/BLOCK-000816;SRC-000159/BLOCK-000815	KAE-BLOCK-000273;KAE-BLOCK-000283	SQL;diagnostics;validation_sql	no	CONF-000005	REPL-102;REPL-103;REPL-104;REPL-126;REPL-127;REPL-129;REPL-108;REPL-109;REPL-101;REPL-106;REPL-107	yes	attachment_update	done	Stage 3 attachment route generated from completed scope row; use exact source blocks and missing-input prompts before item-level production claims.
S3-SCOPE-010	J013	S3-J012	GPTs/attachments/09_replication_ha_cdc.md	09. Replication, HA, and CDC	APB-000007	GPTs/agent_playbooks/replication_cdc.md	Replication And CDC Playbook	Replication and CDC	pass	7.1;7.3;8.1_verified;multi	SRC-000070;SRC-000038;SRC-000132;SRC-000101;SRC-000192;SRC-000161;SRC-000062;SRC-000031;SRC-000126;SRC-000095;SRC-000186;SRC-000156;SRC-000211;SRC-000204;SRC-000225;SRC-000218;SRC-000464;SRC-000443;SRC-000465;SRC-000444;SRC-000466;SRC-000445;SRC-000452;SRC-000429;SRC-000477;SRC-000180;SRC-000150;SRC-000194;SRC-000163;SRC-000175;SRC-000145	SRC-000070/BLOCK-000845;SRC-000038/BLOCK-000844;SRC-000132/BLOCK-000847;SRC-000101/BLOCK-000846;SRC-000192/BLOCK-000849;SRC-000161/BLOCK-000848;SRC-000062/BLOCK-000564;SRC-000031/BLOCK-000563;SRC-000126/BLOCK-000566;SRC-000095/BLOCK-000565;SRC-000186/BLOCK-000568;SRC-000156/BLOCK-000567;SRC-000211/BLOCK-000843;SRC-000204/BLOCK-000842;SRC-000225/BLOCK-000835;SRC-000218/BLOCK-000834;SRC-000464/BLOCK-000837;SRC-000443/BLOCK-000836;SRC-000465/BLOCK-000839;SRC-000444/BLOCK-000838;SRC-000466/BLOCK-000841;SRC-000445/BLOCK-000840;SRC-000452/BLOCK-000826;SRC-000429/BLOCK-000825;SRC-000477/BLOCK-000829;SRC-000180/BLOCK-000519;SRC-000150/BLOCK-000518;SRC-000194/BLOCK-000888;SRC-000163/BLOCK-000887;SRC-000175/BLOCK-000855;SRC-000145/BLOCK-000854	KAE-BLOCK-000253;KAE-BLOCK-000272;KAE-BLOCK-000273;KAE-BLOCK-000275;KAE-BLOCK-000280;KAE-BLOCK-000286;KAE-BLOCK-000287	DDL;SQL;commands;configuration;runbook;diagnostics;validation_sql	yes	CONF-000004;CONF-000005;CONF-000006;CONF-000007;CONF-000008	REPL-102;REPL-103;REPL-104;REPL-126;REPL-127;REPL-129;REPL-108;REPL-109;REPL-101;REPL-106;REPL-107	yes	attachment_update	done	Stage 3 attachment route generated from completed scope row; use exact source blocks and missing-input prompts before item-level production claims.
S3-SCOPE-010	J013	S3-J012	GPTs/attachments/09_replication_ha_cdc.md	09. Replication, HA, and CDC	APB-000017	GPTs/agent_playbooks/aid_version_release_patch_routing.md	AID, Version, Release, And Patch Routing Playbook	AID, version, release, and patch routing	pass	7.1;7.3;8.1_verified;multi;aid	SRC-000228;SRC-000397;SRC-000424;SRC-000425;SRC-000426;SRC-000450;SRC-000451;SRC-000452;SRC-000477;SRC-000473;SRC-000474;SRC-000475;SRC-000476;SRC-000443;SRC-000444;SRC-000445;SRC-000464;SRC-000465;SRC-000466;AID-000001;AID-000002;AID-000003;AID-000004;AID-000005;AID-000006;AID-000015;AID-000016;AID-000022;AID-000023;AID-000025;AID-000028;AID-SRC-000423;AID-SRC-000424;AID-SRC-000425;AID-SRC-000426;AID-SRC-000427;AID-SRC-000428;AID-SRC-000429;AID-SRC-000430;AID-SRC-000431;AID-SRC-000432;AID-SRC-000433;AID-SRC-000434;AID-SRC-000435;AID-SRC-000436;AID-SRC-000437;AID-SRC-000438	SRC-000228/BLOCK-000615;SRC-000397/BLOCK-000784;SRC-000424/BLOCK-000819;SRC-000425/BLOCK-000822;SRC-000426/BLOCK-000827;SRC-000450/BLOCK-000821;SRC-000451/BLOCK-000824;SRC-000452/BLOCK-000826;SRC-000477/BLOCK-000829;SRC-000473/BLOCK-000562;SRC-000474/BLOCK-000909;SRC-000475/BLOCK-000910;SRC-000476/BLOCK-000911;SRC-000443/BLOCK-000836;SRC-000444/BLOCK-000838;SRC-000445/BLOCK-000840;SRC-000464/BLOCK-000837;SRC-000465/BLOCK-000839;SRC-000466/BLOCK-000841;BLOCK-000454;BLOCK-000457;BLOCK-000459;BLOCK-000460;BLOCK-000429;BLOCK-000433;BLOCK-000431;BLOCK-000432;BLOCK-000451;BLOCK-000453;BLOCK-000448;BLOCK-000436;BLOCK-000437;BLOCK-000438;BLOCK-000439;BLOCK-000440;BLOCK-000441;BLOCK-000442;BLOCK-000443;BLOCK-000444;BLOCK-000445;BLOCK-000446;BLOCK-000447;BLOCK-000452	KAE-BLOCK-000022;KAE-BLOCK-000157;KAE-BLOCK-000231;KAE-BLOCK-000240;KAE-BLOCK-000241;KAE-BLOCK-000242;KAE-BLOCK-000275;KAE-BLOCK-000276;KAE-BLOCK-000287	routing_matrix;source_recheck_plan;version_boundary_note;patch_token_packet;aid_decision_packet;validation_checks	yes	CONF-000001;CONF-000002;CONF-000004;CONF-000005;CONF-000006;CONF-000007;CONF-000008;CONF-000009	REPL-102;REPL-103;REPL-104;REPL-126;REPL-127;REPL-129;REPL-108;REPL-109;REPL-101;REPL-106;REPL-107	yes	attachment_update	done	Stage 3 attachment route generated from completed scope row; use exact source blocks and missing-input prompts before item-level production claims.
S3-SCOPE-010	J013	S3-J012	GPTs/attachments/03_sql_ddl_generation.md	03. SQL DDL Generation	APB-000002	GPTs/agent_playbooks/ddl_generation.md	DDL And DCL Generation Playbook	DDL generation	pass	7.1;7.3;8.1_verified	SRC-000049;SRC-000018;SRC-000056;SRC-000025;SRC-000057;SRC-000026;SRC-000070;SRC-000038;SRC-000072;SRC-000040;SRC-000113;SRC-000082;SRC-000120;SRC-000089;SRC-000121;SRC-000090;SRC-000132;SRC-000101;SRC-000134;SRC-000103;SRC-000173;SRC-000143;SRC-000180;SRC-000150;SRC-000181;SRC-000151;SRC-000192;SRC-000161;SRC-000194;SRC-000163	SRC-000049/BLOCK-000002;SRC-000018/BLOCK-000001;SRC-000056/BLOCK-000515;SRC-000025/BLOCK-000514;SRC-000057/BLOCK-000521;SRC-000026/BLOCK-000520;SRC-000070/BLOCK-000845;SRC-000038/BLOCK-000844;SRC-000072/BLOCK-000884;SRC-000040/BLOCK-000883;SRC-000113/BLOCK-000004;SRC-000082/BLOCK-000003;SRC-000120/BLOCK-000517;SRC-000089/BLOCK-000516;SRC-000121/BLOCK-000523;SRC-000090/BLOCK-000522;SRC-000132/BLOCK-000847;SRC-000101/BLOCK-000846;SRC-000134/BLOCK-000886;SRC-000103/BLOCK-000885;SRC-000173/BLOCK-000006;SRC-000143/BLOCK-000005;SRC-000180/BLOCK-000519;SRC-000150/BLOCK-000518;SRC-000181/BLOCK-000525;SRC-000151/BLOCK-000524;SRC-000192/BLOCK-000849;SRC-000161/BLOCK-000848;SRC-000194/BLOCK-000888;SRC-000163/BLOCK-000887	KAE-BLOCK-000272;KAE-BLOCK-000273	DDL;DCL;SQL;validation_sql	yes	CONF-000004;CONF-000005	REPL-102;REPL-103;REPL-104;REPL-126;REPL-127;REPL-129;REPL-108;REPL-109;REPL-101;REPL-106;REPL-107	yes	attachment_update	done	Stage 3 attachment route generated from completed scope row; use exact source blocks and missing-input prompts before item-level production claims.
S3-SCOPE-010	J013	S3-J012	GPTs/attachments/03_sql_ddl_generation.md	03. SQL DDL Generation	APB-000005	GPTs/agent_playbooks/dictionary_views.md	Dictionary And Views Playbook	Dictionary and views	pass	7.1;7.3;8.1_verified	SRC-000057;SRC-000026;SRC-000121;SRC-000090;SRC-000181;SRC-000151;SRC-000072;SRC-000134;SRC-000194;SRC-000067;SRC-000035;SRC-000129;SRC-000098;SRC-000189;SRC-000159	SRC-000057/BLOCK-000521;SRC-000026/BLOCK-000520;SRC-000121/BLOCK-000523;SRC-000090/BLOCK-000522;SRC-000181/BLOCK-000525;SRC-000151/BLOCK-000524;SRC-000072/BLOCK-000884;SRC-000134/BLOCK-000886;SRC-000194/BLOCK-000888;SRC-000067/BLOCK-000812;SRC-000035/BLOCK-000811;SRC-000129/BLOCK-000814;SRC-000098/BLOCK-000813;SRC-000189/BLOCK-000816;SRC-000159/BLOCK-000815	KAE-BLOCK-000273;KAE-BLOCK-000283	SQL;diagnostics;validation_sql	no	CONF-000005	REPL-102;REPL-103;REPL-104;REPL-126;REPL-127;REPL-129;REPL-108;REPL-109;REPL-101;REPL-106;REPL-107	yes	attachment_update	done	Stage 3 attachment route generated from completed scope row; use exact source blocks and missing-input prompts before item-level production claims.
S3-SCOPE-010	J013	S3-J012	GPTs/attachments/03_sql_ddl_generation.md	03. SQL DDL Generation	APB-000007	GPTs/agent_playbooks/replication_cdc.md	Replication And CDC Playbook	Replication and CDC	pass	7.1;7.3;8.1_verified;multi	SRC-000070;SRC-000038;SRC-000132;SRC-000101;SRC-000192;SRC-000161;SRC-000062;SRC-000031;SRC-000126;SRC-000095;SRC-000186;SRC-000156;SRC-000211;SRC-000204;SRC-000225;SRC-000218;SRC-000464;SRC-000443;SRC-000465;SRC-000444;SRC-000466;SRC-000445;SRC-000452;SRC-000429;SRC-000477;SRC-000180;SRC-000150;SRC-000194;SRC-000163;SRC-000175;SRC-000145	SRC-000070/BLOCK-000845;SRC-000038/BLOCK-000844;SRC-000132/BLOCK-000847;SRC-000101/BLOCK-000846;SRC-000192/BLOCK-000849;SRC-000161/BLOCK-000848;SRC-000062/BLOCK-000564;SRC-000031/BLOCK-000563;SRC-000126/BLOCK-000566;SRC-000095/BLOCK-000565;SRC-000186/BLOCK-000568;SRC-000156/BLOCK-000567;SRC-000211/BLOCK-000843;SRC-000204/BLOCK-000842;SRC-000225/BLOCK-000835;SRC-000218/BLOCK-000834;SRC-000464/BLOCK-000837;SRC-000443/BLOCK-000836;SRC-000465/BLOCK-000839;SRC-000444/BLOCK-000838;SRC-000466/BLOCK-000841;SRC-000445/BLOCK-000840;SRC-000452/BLOCK-000826;SRC-000429/BLOCK-000825;SRC-000477/BLOCK-000829;SRC-000180/BLOCK-000519;SRC-000150/BLOCK-000518;SRC-000194/BLOCK-000888;SRC-000163/BLOCK-000887;SRC-000175/BLOCK-000855;SRC-000145/BLOCK-000854	KAE-BLOCK-000253;KAE-BLOCK-000272;KAE-BLOCK-000273;KAE-BLOCK-000275;KAE-BLOCK-000280;KAE-BLOCK-000286;KAE-BLOCK-000287	DDL;SQL;commands;configuration;runbook;diagnostics;validation_sql	yes	CONF-000004;CONF-000005;CONF-000006;CONF-000007;CONF-000008	REPL-102;REPL-103;REPL-104;REPL-126;REPL-127;REPL-129;REPL-108;REPL-109;REPL-101;REPL-106;REPL-107	yes	attachment_update	done	Stage 3 attachment route generated from completed scope row; use exact source blocks and missing-input prompts before item-level production claims.
S3-SCOPE-010	J013	S3-J012	GPTs/attachments/03_sql_ddl_generation.md	03. SQL DDL Generation	APB-000017	GPTs/agent_playbooks/aid_version_release_patch_routing.md	AID, Version, Release, And Patch Routing Playbook	AID, version, release, and patch routing	pass	7.1;7.3;8.1_verified;multi;aid	SRC-000228;SRC-000397;SRC-000424;SRC-000425;SRC-000426;SRC-000450;SRC-000451;SRC-000452;SRC-000477;SRC-000473;SRC-000474;SRC-000475;SRC-000476;SRC-000443;SRC-000444;SRC-000445;SRC-000464;SRC-000465;SRC-000466;AID-000001;AID-000002;AID-000003;AID-000004;AID-000005;AID-000006;AID-000015;AID-000016;AID-000022;AID-000023;AID-000025;AID-000028;AID-SRC-000423;AID-SRC-000424;AID-SRC-000425;AID-SRC-000426;AID-SRC-000427;AID-SRC-000428;AID-SRC-000429;AID-SRC-000430;AID-SRC-000431;AID-SRC-000432;AID-SRC-000433;AID-SRC-000434;AID-SRC-000435;AID-SRC-000436;AID-SRC-000437;AID-SRC-000438	SRC-000228/BLOCK-000615;SRC-000397/BLOCK-000784;SRC-000424/BLOCK-000819;SRC-000425/BLOCK-000822;SRC-000426/BLOCK-000827;SRC-000450/BLOCK-000821;SRC-000451/BLOCK-000824;SRC-000452/BLOCK-000826;SRC-000477/BLOCK-000829;SRC-000473/BLOCK-000562;SRC-000474/BLOCK-000909;SRC-000475/BLOCK-000910;SRC-000476/BLOCK-000911;SRC-000443/BLOCK-000836;SRC-000444/BLOCK-000838;SRC-000445/BLOCK-000840;SRC-000464/BLOCK-000837;SRC-000465/BLOCK-000839;SRC-000466/BLOCK-000841;BLOCK-000454;BLOCK-000457;BLOCK-000459;BLOCK-000460;BLOCK-000429;BLOCK-000433;BLOCK-000431;BLOCK-000432;BLOCK-000451;BLOCK-000453;BLOCK-000448;BLOCK-000436;BLOCK-000437;BLOCK-000438;BLOCK-000439;BLOCK-000440;BLOCK-000441;BLOCK-000442;BLOCK-000443;BLOCK-000444;BLOCK-000445;BLOCK-000446;BLOCK-000447;BLOCK-000452	KAE-BLOCK-000022;KAE-BLOCK-000157;KAE-BLOCK-000231;KAE-BLOCK-000240;KAE-BLOCK-000241;KAE-BLOCK-000242;KAE-BLOCK-000275;KAE-BLOCK-000276;KAE-BLOCK-000287	routing_matrix;source_recheck_plan;version_boundary_note;patch_token_packet;aid_decision_packet;validation_checks	yes	CONF-000001;CONF-000002;CONF-000004;CONF-000005;CONF-000006;CONF-000007;CONF-000008;CONF-000009	REPL-102;REPL-103;REPL-104;REPL-126;REPL-127;REPL-129;REPL-108;REPL-109;REPL-101;REPL-106;REPL-107	yes	attachment_update	done	Stage 3 attachment route generated from completed scope row; use exact source blocks and missing-input prompts before item-level production claims.
S3-SCOPE-010	J013	S3-J012	GPTs/attachments/06_data_dictionary_performance_views.md	06. Data Dictionary and Performance Views	APB-000002	GPTs/agent_playbooks/ddl_generation.md	DDL And DCL Generation Playbook	DDL generation	pass	7.1;7.3;8.1_verified	SRC-000049;SRC-000018;SRC-000056;SRC-000025;SRC-000057;SRC-000026;SRC-000070;SRC-000038;SRC-000072;SRC-000040;SRC-000113;SRC-000082;SRC-000120;SRC-000089;SRC-000121;SRC-000090;SRC-000132;SRC-000101;SRC-000134;SRC-000103;SRC-000173;SRC-000143;SRC-000180;SRC-000150;SRC-000181;SRC-000151;SRC-000192;SRC-000161;SRC-000194;SRC-000163	SRC-000049/BLOCK-000002;SRC-000018/BLOCK-000001;SRC-000056/BLOCK-000515;SRC-000025/BLOCK-000514;SRC-000057/BLOCK-000521;SRC-000026/BLOCK-000520;SRC-000070/BLOCK-000845;SRC-000038/BLOCK-000844;SRC-000072/BLOCK-000884;SRC-000040/BLOCK-000883;SRC-000113/BLOCK-000004;SRC-000082/BLOCK-000003;SRC-000120/BLOCK-000517;SRC-000089/BLOCK-000516;SRC-000121/BLOCK-000523;SRC-000090/BLOCK-000522;SRC-000132/BLOCK-000847;SRC-000101/BLOCK-000846;SRC-000134/BLOCK-000886;SRC-000103/BLOCK-000885;SRC-000173/BLOCK-000006;SRC-000143/BLOCK-000005;SRC-000180/BLOCK-000519;SRC-000150/BLOCK-000518;SRC-000181/BLOCK-000525;SRC-000151/BLOCK-000524;SRC-000192/BLOCK-000849;SRC-000161/BLOCK-000848;SRC-000194/BLOCK-000888;SRC-000163/BLOCK-000887	KAE-BLOCK-000272;KAE-BLOCK-000273	DDL;DCL;SQL;validation_sql	yes	CONF-000004;CONF-000005	REPL-102;REPL-103;REPL-104;REPL-126;REPL-127;REPL-129;REPL-108;REPL-109;REPL-101;REPL-106;REPL-107	yes	attachment_update	done	Stage 3 attachment route generated from completed scope row; use exact source blocks and missing-input prompts before item-level production claims.
S3-SCOPE-010	J013	S3-J012	GPTs/attachments/06_data_dictionary_performance_views.md	06. Data Dictionary and Performance Views	APB-000005	GPTs/agent_playbooks/dictionary_views.md	Dictionary And Views Playbook	Dictionary and views	pass	7.1;7.3;8.1_verified	SRC-000057;SRC-000026;SRC-000121;SRC-000090;SRC-000181;SRC-000151;SRC-000072;SRC-000134;SRC-000194;SRC-000067;SRC-000035;SRC-000129;SRC-000098;SRC-000189;SRC-000159	SRC-000057/BLOCK-000521;SRC-000026/BLOCK-000520;SRC-000121/BLOCK-000523;SRC-000090/BLOCK-000522;SRC-000181/BLOCK-000525;SRC-000151/BLOCK-000524;SRC-000072/BLOCK-000884;SRC-000134/BLOCK-000886;SRC-000194/BLOCK-000888;SRC-000067/BLOCK-000812;SRC-000035/BLOCK-000811;SRC-000129/BLOCK-000814;SRC-000098/BLOCK-000813;SRC-000189/BLOCK-000816;SRC-000159/BLOCK-000815	KAE-BLOCK-000273;KAE-BLOCK-000283	SQL;diagnostics;validation_sql	no	CONF-000005	REPL-102;REPL-103;REPL-104;REPL-126;REPL-127;REPL-129;REPL-108;REPL-109;REPL-101;REPL-106;REPL-107	yes	attachment_update	done	Stage 3 attachment route generated from completed scope row; use exact source blocks and missing-input prompts before item-level production claims.
S3-SCOPE-010	J013	S3-J012	GPTs/attachments/06_data_dictionary_performance_views.md	06. Data Dictionary and Performance Views	APB-000007	GPTs/agent_playbooks/replication_cdc.md	Replication And CDC Playbook	Replication and CDC	pass	7.1;7.3;8.1_verified;multi	SRC-000070;SRC-000038;SRC-000132;SRC-000101;SRC-000192;SRC-000161;SRC-000062;SRC-000031;SRC-000126;SRC-000095;SRC-000186;SRC-000156;SRC-000211;SRC-000204;SRC-000225;SRC-000218;SRC-000464;SRC-000443;SRC-000465;SRC-000444;SRC-000466;SRC-000445;SRC-000452;SRC-000429;SRC-000477;SRC-000180;SRC-000150;SRC-000194;SRC-000163;SRC-000175;SRC-000145	SRC-000070/BLOCK-000845;SRC-000038/BLOCK-000844;SRC-000132/BLOCK-000847;SRC-000101/BLOCK-000846;SRC-000192/BLOCK-000849;SRC-000161/BLOCK-000848;SRC-000062/BLOCK-000564;SRC-000031/BLOCK-000563;SRC-000126/BLOCK-000566;SRC-000095/BLOCK-000565;SRC-000186/BLOCK-000568;SRC-000156/BLOCK-000567;SRC-000211/BLOCK-000843;SRC-000204/BLOCK-000842;SRC-000225/BLOCK-000835;SRC-000218/BLOCK-000834;SRC-000464/BLOCK-000837;SRC-000443/BLOCK-000836;SRC-000465/BLOCK-000839;SRC-000444/BLOCK-000838;SRC-000466/BLOCK-000841;SRC-000445/BLOCK-000840;SRC-000452/BLOCK-000826;SRC-000429/BLOCK-000825;SRC-000477/BLOCK-000829;SRC-000180/BLOCK-000519;SRC-000150/BLOCK-000518;SRC-000194/BLOCK-000888;SRC-000163/BLOCK-000887;SRC-000175/BLOCK-000855;SRC-000145/BLOCK-000854	KAE-BLOCK-000253;KAE-BLOCK-000272;KAE-BLOCK-000273;KAE-BLOCK-000275;KAE-BLOCK-000280;KAE-BLOCK-000286;KAE-BLOCK-000287	DDL;SQL;commands;configuration;runbook;diagnostics;validation_sql	yes	CONF-000004;CONF-000005;CONF-000006;CONF-000007;CONF-000008	REPL-102;REPL-103;REPL-104;REPL-126;REPL-127;REPL-129;REPL-108;REPL-109;REPL-101;REPL-106;REPL-107	yes	attachment_update	done	Stage 3 attachment route generated from completed scope row; use exact source blocks and missing-input prompts before item-level production claims.
S3-SCOPE-010	J013	S3-J012	GPTs/attachments/06_data_dictionary_performance_views.md	06. Data Dictionary and Performance Views	APB-000017	GPTs/agent_playbooks/aid_version_release_patch_routing.md	AID, Version, Release, And Patch Routing Playbook	AID, version, release, and patch routing	pass	7.1;7.3;8.1_verified;multi;aid	SRC-000228;SRC-000397;SRC-000424;SRC-000425;SRC-000426;SRC-000450;SRC-000451;SRC-000452;SRC-000477;SRC-000473;SRC-000474;SRC-000475;SRC-000476;SRC-000443;SRC-000444;SRC-000445;SRC-000464;SRC-000465;SRC-000466;AID-000001;AID-000002;AID-000003;AID-000004;AID-000005;AID-000006;AID-000015;AID-000016;AID-000022;AID-000023;AID-000025;AID-000028;AID-SRC-000423;AID-SRC-000424;AID-SRC-000425;AID-SRC-000426;AID-SRC-000427;AID-SRC-000428;AID-SRC-000429;AID-SRC-000430;AID-SRC-000431;AID-SRC-000432;AID-SRC-000433;AID-SRC-000434;AID-SRC-000435;AID-SRC-000436;AID-SRC-000437;AID-SRC-000438	SRC-000228/BLOCK-000615;SRC-000397/BLOCK-000784;SRC-000424/BLOCK-000819;SRC-000425/BLOCK-000822;SRC-000426/BLOCK-000827;SRC-000450/BLOCK-000821;SRC-000451/BLOCK-000824;SRC-000452/BLOCK-000826;SRC-000477/BLOCK-000829;SRC-000473/BLOCK-000562;SRC-000474/BLOCK-000909;SRC-000475/BLOCK-000910;SRC-000476/BLOCK-000911;SRC-000443/BLOCK-000836;SRC-000444/BLOCK-000838;SRC-000445/BLOCK-000840;SRC-000464/BLOCK-000837;SRC-000465/BLOCK-000839;SRC-000466/BLOCK-000841;BLOCK-000454;BLOCK-000457;BLOCK-000459;BLOCK-000460;BLOCK-000429;BLOCK-000433;BLOCK-000431;BLOCK-000432;BLOCK-000451;BLOCK-000453;BLOCK-000448;BLOCK-000436;BLOCK-000437;BLOCK-000438;BLOCK-000439;BLOCK-000440;BLOCK-000441;BLOCK-000442;BLOCK-000443;BLOCK-000444;BLOCK-000445;BLOCK-000446;BLOCK-000447;BLOCK-000452	KAE-BLOCK-000022;KAE-BLOCK-000157;KAE-BLOCK-000231;KAE-BLOCK-000240;KAE-BLOCK-000241;KAE-BLOCK-000242;KAE-BLOCK-000275;KAE-BLOCK-000276;KAE-BLOCK-000287	routing_matrix;source_recheck_plan;version_boundary_note;patch_token_packet;aid_decision_packet;validation_checks	yes	CONF-000001;CONF-000002;CONF-000004;CONF-000005;CONF-000006;CONF-000007;CONF-000008;CONF-000009	REPL-102;REPL-103;REPL-104;REPL-126;REPL-127;REPL-129;REPL-108;REPL-109;REPL-101;REPL-106;REPL-107	yes	attachment_update	done	Stage 3 attachment route generated from completed scope row; use exact source blocks and missing-input prompts before item-level production claims.
S3-SCOPE-011	J014	S3-J013	GPTs/attachments/09_replication_ha_cdc.md	09. Replication, HA, and CDC	APB-000007	GPTs/agent_playbooks/replication_cdc.md	Replication And CDC Playbook	Replication and CDC	pass	7.1;7.3;8.1_verified;multi	SRC-000070;SRC-000038;SRC-000132;SRC-000101;SRC-000192;SRC-000161;SRC-000062;SRC-000031;SRC-000126;SRC-000095;SRC-000186;SRC-000156;SRC-000211;SRC-000204;SRC-000225;SRC-000218;SRC-000464;SRC-000443;SRC-000465;SRC-000444;SRC-000466;SRC-000445;SRC-000452;SRC-000429;SRC-000477;SRC-000180;SRC-000150;SRC-000194;SRC-000163;SRC-000175;SRC-000145	SRC-000070/BLOCK-000845;SRC-000038/BLOCK-000844;SRC-000132/BLOCK-000847;SRC-000101/BLOCK-000846;SRC-000192/BLOCK-000849;SRC-000161/BLOCK-000848;SRC-000062/BLOCK-000564;SRC-000031/BLOCK-000563;SRC-000126/BLOCK-000566;SRC-000095/BLOCK-000565;SRC-000186/BLOCK-000568;SRC-000156/BLOCK-000567;SRC-000211/BLOCK-000843;SRC-000204/BLOCK-000842;SRC-000225/BLOCK-000835;SRC-000218/BLOCK-000834;SRC-000464/BLOCK-000837;SRC-000443/BLOCK-000836;SRC-000465/BLOCK-000839;SRC-000444/BLOCK-000838;SRC-000466/BLOCK-000841;SRC-000445/BLOCK-000840;SRC-000452/BLOCK-000826;SRC-000429/BLOCK-000825;SRC-000477/BLOCK-000829;SRC-000180/BLOCK-000519;SRC-000150/BLOCK-000518;SRC-000194/BLOCK-000888;SRC-000163/BLOCK-000887;SRC-000175/BLOCK-000855;SRC-000145/BLOCK-000854	KAE-BLOCK-000253;KAE-BLOCK-000272;KAE-BLOCK-000273;KAE-BLOCK-000275;KAE-BLOCK-000280;KAE-BLOCK-000286;KAE-BLOCK-000287	DDL;SQL;commands;configuration;runbook;diagnostics;validation_sql	yes	CONF-000004;CONF-000005;CONF-000006;CONF-000007;CONF-000008	REPL-110;REPL-113;REPL-114;REPL-115;REPL-116;REPL-117;REPL-118;REPL-124;REPL-128;REPL-121;REPL-123;REPL-130;REPL-105;REPL-111;REPL-112;REPL-122	yes	attachment_update	done	Stage 3 attachment route generated from completed scope row; use exact source blocks and missing-input prompts before item-level production claims.
S3-SCOPE-011	J014	S3-J013	GPTs/attachments/09_replication_ha_cdc.md	09. Replication, HA, and CDC	APB-000008	GPTs/agent_playbooks/security_tls.md	Security And TLS Playbook	Security and TLS	pass	7.1;7.3;8.1_verified	SRC-000051;SRC-000020;SRC-000115;SRC-000084;SRC-000175;SRC-000145;SRC-000049;SRC-000018;SRC-000113;SRC-000082;SRC-000173;SRC-000143;SRC-000056;SRC-000025;SRC-000120;SRC-000089;SRC-000180;SRC-000150;AID-SRC-000428	SRC-000051/BLOCK-000851;SRC-000020/BLOCK-000850;SRC-000115/BLOCK-000853;SRC-000084/BLOCK-000852;SRC-000175/BLOCK-000855;SRC-000145/BLOCK-000854;SRC-000049/BLOCK-000002;SRC-000018/BLOCK-000001;SRC-000113/BLOCK-000004;SRC-000082/BLOCK-000003;SRC-000173/BLOCK-000006;SRC-000143/BLOCK-000005;SRC-000056/BLOCK-000515;SRC-000025/BLOCK-000514;SRC-000120/BLOCK-000517;SRC-000089/BLOCK-000516;SRC-000180/BLOCK-000519;SRC-000150/BLOCK-000518;BLOCK-000438	KAE-BLOCK-000272;KAE-BLOCK-000274;KAE-BLOCK-000276	configuration;commands;validation_checks	yes	CONF-000004;CONF-000006;CONF-000007	REPL-110;REPL-113;REPL-114;REPL-115;REPL-116;REPL-117;REPL-118;REPL-124;REPL-128;REPL-121;REPL-123;REPL-130;REPL-105;REPL-111;REPL-112;REPL-122	yes	attachment_update	done	Stage 3 attachment route generated from completed scope row; use exact source blocks and missing-input prompts before item-level production claims.
S3-SCOPE-011	J014	S3-J013	GPTs/attachments/09_replication_ha_cdc.md	09. Replication, HA, and CDC	APB-000012	GPTs/agent_playbooks/migration_integrations.md	Migration And Integrations Playbook	Migration and integrations	pass	7.1;7.3;8.1_verified;multi	SRC-000017;SRC-000048;SRC-000081;SRC-000112;SRC-000142;SRC-000172;SRC-000216;SRC-000223;SRC-000202;SRC-000209;SRC-000430;SRC-000453;SRC-000431;SRC-000454;SRC-000432;SRC-000455;SRC-000433;SRC-000456;SRC-000434;SRC-000457;SRC-000435;SRC-000458;SRC-000436;SRC-000459;SRC-000437;SRC-000460;SRC-000438;SRC-000461;SRC-000439;SRC-000462;SRC-000440;SRC-000441;SRC-000442;SRC-000463;SRC-000022;SRC-000053;SRC-000086;SRC-000117;SRC-000147;SRC-000177;SRC-000028;SRC-000059;SRC-000092;SRC-000123;SRC-000153;SRC-000183;SRC-000214;SRC-000221;SRC-000200;SRC-000207;SRC-000041;SRC-000074;SRC-000104;SRC-000135;SRC-000164;SRC-000195;SRC-000219;SRC-000226;SRC-000205;SRC-000212;SRC-000448;SRC-000470;SRC-000002;SRC-000008;SRC-000003;SRC-000009;SRC-000004;SRC-000010;SRC-000007;SRC-000014;AID-SRC-000356	SRC-000017/BLOCK-000569;SRC-000048/BLOCK-000570;SRC-000081/BLOCK-000571;SRC-000112/BLOCK-000572;SRC-000142/BLOCK-000573;SRC-000172/BLOCK-000574;SRC-000216/BLOCK-000575;SRC-000223/BLOCK-000576;SRC-000202/BLOCK-000601;SRC-000209/BLOCK-000602;SRC-000430/BLOCK-000577;SRC-000453/BLOCK-000578;SRC-000431/BLOCK-000579;SRC-000454/BLOCK-000580;SRC-000432/BLOCK-000581;SRC-000455/BLOCK-000582;SRC-000433/BLOCK-000583;SRC-000456/BLOCK-000584;SRC-000434/BLOCK-000585;SRC-000457/BLOCK-000586;SRC-000435/BLOCK-000587;SRC-000458/BLOCK-000588;SRC-000436/BLOCK-000589;SRC-000459/BLOCK-000590;SRC-000437/BLOCK-000591;SRC-000460/BLOCK-000592;SRC-000438/BLOCK-000593;SRC-000461/BLOCK-000594;SRC-000439/BLOCK-000595;SRC-000462/BLOCK-000596;SRC-000440/BLOCK-000597;SRC-000441/BLOCK-000598;SRC-000442/BLOCK-000599;SRC-000463/BLOCK-000600;SRC-000022/BLOCK-000492;SRC-000053/BLOCK-000494;SRC-000086/BLOCK-000496;SRC-000117/BLOCK-000498;SRC-000147/BLOCK-000500;SRC-000177/BLOCK-000502;SRC-000028/BLOCK-000493;SRC-000059/BLOCK-000495;SRC-000092/BLOCK-000497;SRC-000123/BLOCK-000499;SRC-000153/BLOCK-000501;SRC-000183/BLOCK-000503;SRC-000214/BLOCK-000504;SRC-000221/BLOCK-000505;SRC-000200/BLOCK-000506;SRC-000207/BLOCK-000507;SRC-000041/BLOCK-000871;SRC-000074/BLOCK-000872;SRC-000104/BLOCK-000873;SRC-000135/BLOCK-000874;SRC-000164/BLOCK-000875;SRC-000195/BLOCK-000876;SRC-000219/BLOCK-000877;SRC-000226/BLOCK-000878;SRC-000205/BLOCK-000879;SRC-000212/BLOCK-000880;SRC-000448/BLOCK-000881;SRC-000470/BLOCK-000882;SRC-000002/BLOCK-000913;SRC-000008/BLOCK-000919;SRC-000003/BLOCK-000914;SRC-000009/BLOCK-000920;SRC-000004/BLOCK-000915;SRC-000010/BLOCK-000921;SRC-000007/BLOCK-000918;SRC-000014/BLOCK-000925;BLOCK-000423	KAE-BLOCK-000019;KAE-BLOCK-000154;KAE-BLOCK-000210;KAE-BLOCK-000211;KAE-BLOCK-000232;KAE-BLOCK-000254;KAE-BLOCK-000255;KAE-BLOCK-000256;KAE-BLOCK-000257;KAE-BLOCK-000258;KAE-BLOCK-000259;KAE-BLOCK-000260;KAE-BLOCK-000261;KAE-BLOCK-000262;KAE-BLOCK-000263;KAE-BLOCK-000266;KAE-BLOCK-000007;KAE-BLOCK-000008;KAE-BLOCK-000142;KAE-BLOCK-000143;KAE-BLOCK-000197;KAE-BLOCK-000198;KAE-BLOCK-000230;KAE-BLOCK-000034;KAE-BLOCK-000165;KAE-BLOCK-000221;KAE-BLOCK-000222;KAE-BLOCK-000238;KAE-BLOCK-000239;KAE-BLOCK-000244;KAE-BLOCK-000245;KAE-BLOCK-000246;KAE-BLOCK-000249;KAE-BLOCK-000274;KAE-BLOCK-000275;KAE-BLOCK-000276	commands;scripts;configuration;mapping_notes;validation_checks;SQL;YAML;runbook	yes	CONF-000004;CONF-000006;CONF-000007;CONF-000009	REPL-110;REPL-113;REPL-114;REPL-115;REPL-116;REPL-117;REPL-118;REPL-124;REPL-128;REPL-121;REPL-123;REPL-130;REPL-105;REPL-111;REPL-112;REPL-122	yes	attachment_update	done	Stage 3 attachment route generated from completed scope row; use exact source blocks and missing-input prompts before item-level production claims.
S3-SCOPE-011	J014	S3-J013	GPTs/attachments/09_replication_ha_cdc.md	09. Replication, HA, and CDC	APB-000017	GPTs/agent_playbooks/aid_version_release_patch_routing.md	AID, Version, Release, And Patch Routing Playbook	AID, version, release, and patch routing	pass	7.1;7.3;8.1_verified;multi;aid	SRC-000228;SRC-000397;SRC-000424;SRC-000425;SRC-000426;SRC-000450;SRC-000451;SRC-000452;SRC-000477;SRC-000473;SRC-000474;SRC-000475;SRC-000476;SRC-000443;SRC-000444;SRC-000445;SRC-000464;SRC-000465;SRC-000466;AID-000001;AID-000002;AID-000003;AID-000004;AID-000005;AID-000006;AID-000015;AID-000016;AID-000022;AID-000023;AID-000025;AID-000028;AID-SRC-000423;AID-SRC-000424;AID-SRC-000425;AID-SRC-000426;AID-SRC-000427;AID-SRC-000428;AID-SRC-000429;AID-SRC-000430;AID-SRC-000431;AID-SRC-000432;AID-SRC-000433;AID-SRC-000434;AID-SRC-000435;AID-SRC-000436;AID-SRC-000437;AID-SRC-000438	SRC-000228/BLOCK-000615;SRC-000397/BLOCK-000784;SRC-000424/BLOCK-000819;SRC-000425/BLOCK-000822;SRC-000426/BLOCK-000827;SRC-000450/BLOCK-000821;SRC-000451/BLOCK-000824;SRC-000452/BLOCK-000826;SRC-000477/BLOCK-000829;SRC-000473/BLOCK-000562;SRC-000474/BLOCK-000909;SRC-000475/BLOCK-000910;SRC-000476/BLOCK-000911;SRC-000443/BLOCK-000836;SRC-000444/BLOCK-000838;SRC-000445/BLOCK-000840;SRC-000464/BLOCK-000837;SRC-000465/BLOCK-000839;SRC-000466/BLOCK-000841;BLOCK-000454;BLOCK-000457;BLOCK-000459;BLOCK-000460;BLOCK-000429;BLOCK-000433;BLOCK-000431;BLOCK-000432;BLOCK-000451;BLOCK-000453;BLOCK-000448;BLOCK-000436;BLOCK-000437;BLOCK-000438;BLOCK-000439;BLOCK-000440;BLOCK-000441;BLOCK-000442;BLOCK-000443;BLOCK-000444;BLOCK-000445;BLOCK-000446;BLOCK-000447;BLOCK-000452	KAE-BLOCK-000022;KAE-BLOCK-000157;KAE-BLOCK-000231;KAE-BLOCK-000240;KAE-BLOCK-000241;KAE-BLOCK-000242;KAE-BLOCK-000275;KAE-BLOCK-000276;KAE-BLOCK-000287	routing_matrix;source_recheck_plan;version_boundary_note;patch_token_packet;aid_decision_packet;validation_checks	yes	CONF-000001;CONF-000002;CONF-000004;CONF-000005;CONF-000006;CONF-000007;CONF-000008;CONF-000009	REPL-110;REPL-113;REPL-114;REPL-115;REPL-116;REPL-117;REPL-118;REPL-124;REPL-128;REPL-121;REPL-123;REPL-130;REPL-105;REPL-111;REPL-112;REPL-122	yes	attachment_update	done	Stage 3 attachment route generated from completed scope row; use exact source blocks and missing-input prompts before item-level production claims.
S3-SCOPE-011	J014	S3-J013	GPTs/attachments/16_dblink_external_connectors.md	16. DB Link and External Connectors	APB-000007	GPTs/agent_playbooks/replication_cdc.md	Replication And CDC Playbook	Replication and CDC	pass	7.1;7.3;8.1_verified;multi	SRC-000070;SRC-000038;SRC-000132;SRC-000101;SRC-000192;SRC-000161;SRC-000062;SRC-000031;SRC-000126;SRC-000095;SRC-000186;SRC-000156;SRC-000211;SRC-000204;SRC-000225;SRC-000218;SRC-000464;SRC-000443;SRC-000465;SRC-000444;SRC-000466;SRC-000445;SRC-000452;SRC-000429;SRC-000477;SRC-000180;SRC-000150;SRC-000194;SRC-000163;SRC-000175;SRC-000145	SRC-000070/BLOCK-000845;SRC-000038/BLOCK-000844;SRC-000132/BLOCK-000847;SRC-000101/BLOCK-000846;SRC-000192/BLOCK-000849;SRC-000161/BLOCK-000848;SRC-000062/BLOCK-000564;SRC-000031/BLOCK-000563;SRC-000126/BLOCK-000566;SRC-000095/BLOCK-000565;SRC-000186/BLOCK-000568;SRC-000156/BLOCK-000567;SRC-000211/BLOCK-000843;SRC-000204/BLOCK-000842;SRC-000225/BLOCK-000835;SRC-000218/BLOCK-000834;SRC-000464/BLOCK-000837;SRC-000443/BLOCK-000836;SRC-000465/BLOCK-000839;SRC-000444/BLOCK-000838;SRC-000466/BLOCK-000841;SRC-000445/BLOCK-000840;SRC-000452/BLOCK-000826;SRC-000429/BLOCK-000825;SRC-000477/BLOCK-000829;SRC-000180/BLOCK-000519;SRC-000150/BLOCK-000518;SRC-000194/BLOCK-000888;SRC-000163/BLOCK-000887;SRC-000175/BLOCK-000855;SRC-000145/BLOCK-000854	KAE-BLOCK-000253;KAE-BLOCK-000272;KAE-BLOCK-000273;KAE-BLOCK-000275;KAE-BLOCK-000280;KAE-BLOCK-000286;KAE-BLOCK-000287	DDL;SQL;commands;configuration;runbook;diagnostics;validation_sql	yes	CONF-000004;CONF-000005;CONF-000006;CONF-000007;CONF-000008	REPL-110;REPL-113;REPL-114;REPL-115;REPL-116;REPL-117;REPL-118;REPL-124;REPL-128;REPL-121;REPL-123;REPL-130;REPL-105;REPL-111;REPL-112;REPL-122	yes	attachment_update	done	Stage 3 attachment route generated from completed scope row; use exact source blocks and missing-input prompts before item-level production claims.
S3-SCOPE-011	J014	S3-J013	GPTs/attachments/16_dblink_external_connectors.md	16. DB Link and External Connectors	APB-000008	GPTs/agent_playbooks/security_tls.md	Security And TLS Playbook	Security and TLS	pass	7.1;7.3;8.1_verified	SRC-000051;SRC-000020;SRC-000115;SRC-000084;SRC-000175;SRC-000145;SRC-000049;SRC-000018;SRC-000113;SRC-000082;SRC-000173;SRC-000143;SRC-000056;SRC-000025;SRC-000120;SRC-000089;SRC-000180;SRC-000150;AID-SRC-000428	SRC-000051/BLOCK-000851;SRC-000020/BLOCK-000850;SRC-000115/BLOCK-000853;SRC-000084/BLOCK-000852;SRC-000175/BLOCK-000855;SRC-000145/BLOCK-000854;SRC-000049/BLOCK-000002;SRC-000018/BLOCK-000001;SRC-000113/BLOCK-000004;SRC-000082/BLOCK-000003;SRC-000173/BLOCK-000006;SRC-000143/BLOCK-000005;SRC-000056/BLOCK-000515;SRC-000025/BLOCK-000514;SRC-000120/BLOCK-000517;SRC-000089/BLOCK-000516;SRC-000180/BLOCK-000519;SRC-000150/BLOCK-000518;BLOCK-000438	KAE-BLOCK-000272;KAE-BLOCK-000274;KAE-BLOCK-000276	configuration;commands;validation_checks	yes	CONF-000004;CONF-000006;CONF-000007	REPL-110;REPL-113;REPL-114;REPL-115;REPL-116;REPL-117;REPL-118;REPL-124;REPL-128;REPL-121;REPL-123;REPL-130;REPL-105;REPL-111;REPL-112;REPL-122	yes	attachment_update	done	Stage 3 attachment route generated from completed scope row; use exact source blocks and missing-input prompts before item-level production claims.
S3-SCOPE-011	J014	S3-J013	GPTs/attachments/16_dblink_external_connectors.md	16. DB Link and External Connectors	APB-000012	GPTs/agent_playbooks/migration_integrations.md	Migration And Integrations Playbook	Migration and integrations	pass	7.1;7.3;8.1_verified;multi	SRC-000017;SRC-000048;SRC-000081;SRC-000112;SRC-000142;SRC-000172;SRC-000216;SRC-000223;SRC-000202;SRC-000209;SRC-000430;SRC-000453;SRC-000431;SRC-000454;SRC-000432;SRC-000455;SRC-000433;SRC-000456;SRC-000434;SRC-000457;SRC-000435;SRC-000458;SRC-000436;SRC-000459;SRC-000437;SRC-000460;SRC-000438;SRC-000461;SRC-000439;SRC-000462;SRC-000440;SRC-000441;SRC-000442;SRC-000463;SRC-000022;SRC-000053;SRC-000086;SRC-000117;SRC-000147;SRC-000177;SRC-000028;SRC-000059;SRC-000092;SRC-000123;SRC-000153;SRC-000183;SRC-000214;SRC-000221;SRC-000200;SRC-000207;SRC-000041;SRC-000074;SRC-000104;SRC-000135;SRC-000164;SRC-000195;SRC-000219;SRC-000226;SRC-000205;SRC-000212;SRC-000448;SRC-000470;SRC-000002;SRC-000008;SRC-000003;SRC-000009;SRC-000004;SRC-000010;SRC-000007;SRC-000014;AID-SRC-000356	SRC-000017/BLOCK-000569;SRC-000048/BLOCK-000570;SRC-000081/BLOCK-000571;SRC-000112/BLOCK-000572;SRC-000142/BLOCK-000573;SRC-000172/BLOCK-000574;SRC-000216/BLOCK-000575;SRC-000223/BLOCK-000576;SRC-000202/BLOCK-000601;SRC-000209/BLOCK-000602;SRC-000430/BLOCK-000577;SRC-000453/BLOCK-000578;SRC-000431/BLOCK-000579;SRC-000454/BLOCK-000580;SRC-000432/BLOCK-000581;SRC-000455/BLOCK-000582;SRC-000433/BLOCK-000583;SRC-000456/BLOCK-000584;SRC-000434/BLOCK-000585;SRC-000457/BLOCK-000586;SRC-000435/BLOCK-000587;SRC-000458/BLOCK-000588;SRC-000436/BLOCK-000589;SRC-000459/BLOCK-000590;SRC-000437/BLOCK-000591;SRC-000460/BLOCK-000592;SRC-000438/BLOCK-000593;SRC-000461/BLOCK-000594;SRC-000439/BLOCK-000595;SRC-000462/BLOCK-000596;SRC-000440/BLOCK-000597;SRC-000441/BLOCK-000598;SRC-000442/BLOCK-000599;SRC-000463/BLOCK-000600;SRC-000022/BLOCK-000492;SRC-000053/BLOCK-000494;SRC-000086/BLOCK-000496;SRC-000117/BLOCK-000498;SRC-000147/BLOCK-000500;SRC-000177/BLOCK-000502;SRC-000028/BLOCK-000493;SRC-000059/BLOCK-000495;SRC-000092/BLOCK-000497;SRC-000123/BLOCK-000499;SRC-000153/BLOCK-000501;SRC-000183/BLOCK-000503;SRC-000214/BLOCK-000504;SRC-000221/BLOCK-000505;SRC-000200/BLOCK-000506;SRC-000207/BLOCK-000507;SRC-000041/BLOCK-000871;SRC-000074/BLOCK-000872;SRC-000104/BLOCK-000873;SRC-000135/BLOCK-000874;SRC-000164/BLOCK-000875;SRC-000195/BLOCK-000876;SRC-000219/BLOCK-000877;SRC-000226/BLOCK-000878;SRC-000205/BLOCK-000879;SRC-000212/BLOCK-000880;SRC-000448/BLOCK-000881;SRC-000470/BLOCK-000882;SRC-000002/BLOCK-000913;SRC-000008/BLOCK-000919;SRC-000003/BLOCK-000914;SRC-000009/BLOCK-000920;SRC-000004/BLOCK-000915;SRC-000010/BLOCK-000921;SRC-000007/BLOCK-000918;SRC-000014/BLOCK-000925;BLOCK-000423	KAE-BLOCK-000019;KAE-BLOCK-000154;KAE-BLOCK-000210;KAE-BLOCK-000211;KAE-BLOCK-000232;KAE-BLOCK-000254;KAE-BLOCK-000255;KAE-BLOCK-000256;KAE-BLOCK-000257;KAE-BLOCK-000258;KAE-BLOCK-000259;KAE-BLOCK-000260;KAE-BLOCK-000261;KAE-BLOCK-000262;KAE-BLOCK-000263;KAE-BLOCK-000266;KAE-BLOCK-000007;KAE-BLOCK-000008;KAE-BLOCK-000142;KAE-BLOCK-000143;KAE-BLOCK-000197;KAE-BLOCK-000198;KAE-BLOCK-000230;KAE-BLOCK-000034;KAE-BLOCK-000165;KAE-BLOCK-000221;KAE-BLOCK-000222;KAE-BLOCK-000238;KAE-BLOCK-000239;KAE-BLOCK-000244;KAE-BLOCK-000245;KAE-BLOCK-000246;KAE-BLOCK-000249;KAE-BLOCK-000274;KAE-BLOCK-000275;KAE-BLOCK-000276	commands;scripts;configuration;mapping_notes;validation_checks;SQL;YAML;runbook	yes	CONF-000004;CONF-000006;CONF-000007;CONF-000009	REPL-110;REPL-113;REPL-114;REPL-115;REPL-116;REPL-117;REPL-118;REPL-124;REPL-128;REPL-121;REPL-123;REPL-130;REPL-105;REPL-111;REPL-112;REPL-122	yes	attachment_update	done	Stage 3 attachment route generated from completed scope row; use exact source blocks and missing-input prompts before item-level production claims.
S3-SCOPE-011	J014	S3-J013	GPTs/attachments/16_dblink_external_connectors.md	16. DB Link and External Connectors	APB-000017	GPTs/agent_playbooks/aid_version_release_patch_routing.md	AID, Version, Release, And Patch Routing Playbook	AID, version, release, and patch routing	pass	7.1;7.3;8.1_verified;multi;aid	SRC-000228;SRC-000397;SRC-000424;SRC-000425;SRC-000426;SRC-000450;SRC-000451;SRC-000452;SRC-000477;SRC-000473;SRC-000474;SRC-000475;SRC-000476;SRC-000443;SRC-000444;SRC-000445;SRC-000464;SRC-000465;SRC-000466;AID-000001;AID-000002;AID-000003;AID-000004;AID-000005;AID-000006;AID-000015;AID-000016;AID-000022;AID-000023;AID-000025;AID-000028;AID-SRC-000423;AID-SRC-000424;AID-SRC-000425;AID-SRC-000426;AID-SRC-000427;AID-SRC-000428;AID-SRC-000429;AID-SRC-000430;AID-SRC-000431;AID-SRC-000432;AID-SRC-000433;AID-SRC-000434;AID-SRC-000435;AID-SRC-000436;AID-SRC-000437;AID-SRC-000438	SRC-000228/BLOCK-000615;SRC-000397/BLOCK-000784;SRC-000424/BLOCK-000819;SRC-000425/BLOCK-000822;SRC-000426/BLOCK-000827;SRC-000450/BLOCK-000821;SRC-000451/BLOCK-000824;SRC-000452/BLOCK-000826;SRC-000477/BLOCK-000829;SRC-000473/BLOCK-000562;SRC-000474/BLOCK-000909;SRC-000475/BLOCK-000910;SRC-000476/BLOCK-000911;SRC-000443/BLOCK-000836;SRC-000444/BLOCK-000838;SRC-000445/BLOCK-000840;SRC-000464/BLOCK-000837;SRC-000465/BLOCK-000839;SRC-000466/BLOCK-000841;BLOCK-000454;BLOCK-000457;BLOCK-000459;BLOCK-000460;BLOCK-000429;BLOCK-000433;BLOCK-000431;BLOCK-000432;BLOCK-000451;BLOCK-000453;BLOCK-000448;BLOCK-000436;BLOCK-000437;BLOCK-000438;BLOCK-000439;BLOCK-000440;BLOCK-000441;BLOCK-000442;BLOCK-000443;BLOCK-000444;BLOCK-000445;BLOCK-000446;BLOCK-000447;BLOCK-000452	KAE-BLOCK-000022;KAE-BLOCK-000157;KAE-BLOCK-000231;KAE-BLOCK-000240;KAE-BLOCK-000241;KAE-BLOCK-000242;KAE-BLOCK-000275;KAE-BLOCK-000276;KAE-BLOCK-000287	routing_matrix;source_recheck_plan;version_boundary_note;patch_token_packet;aid_decision_packet;validation_checks	yes	CONF-000001;CONF-000002;CONF-000004;CONF-000005;CONF-000006;CONF-000007;CONF-000008;CONF-000009	REPL-110;REPL-113;REPL-114;REPL-115;REPL-116;REPL-117;REPL-118;REPL-124;REPL-128;REPL-121;REPL-123;REPL-130;REPL-105;REPL-111;REPL-112;REPL-122	yes	attachment_update	done	Stage 3 attachment route generated from completed scope row; use exact source blocks and missing-input prompts before item-level production claims.
S3-SCOPE-011	J014	S3-J013	GPTs/attachments/18_security_ssl_tls.md	18. Security and SSL/TLS	APB-000007	GPTs/agent_playbooks/replication_cdc.md	Replication And CDC Playbook	Replication and CDC	pass	7.1;7.3;8.1_verified;multi	SRC-000070;SRC-000038;SRC-000132;SRC-000101;SRC-000192;SRC-000161;SRC-000062;SRC-000031;SRC-000126;SRC-000095;SRC-000186;SRC-000156;SRC-000211;SRC-000204;SRC-000225;SRC-000218;SRC-000464;SRC-000443;SRC-000465;SRC-000444;SRC-000466;SRC-000445;SRC-000452;SRC-000429;SRC-000477;SRC-000180;SRC-000150;SRC-000194;SRC-000163;SRC-000175;SRC-000145	SRC-000070/BLOCK-000845;SRC-000038/BLOCK-000844;SRC-000132/BLOCK-000847;SRC-000101/BLOCK-000846;SRC-000192/BLOCK-000849;SRC-000161/BLOCK-000848;SRC-000062/BLOCK-000564;SRC-000031/BLOCK-000563;SRC-000126/BLOCK-000566;SRC-000095/BLOCK-000565;SRC-000186/BLOCK-000568;SRC-000156/BLOCK-000567;SRC-000211/BLOCK-000843;SRC-000204/BLOCK-000842;SRC-000225/BLOCK-000835;SRC-000218/BLOCK-000834;SRC-000464/BLOCK-000837;SRC-000443/BLOCK-000836;SRC-000465/BLOCK-000839;SRC-000444/BLOCK-000838;SRC-000466/BLOCK-000841;SRC-000445/BLOCK-000840;SRC-000452/BLOCK-000826;SRC-000429/BLOCK-000825;SRC-000477/BLOCK-000829;SRC-000180/BLOCK-000519;SRC-000150/BLOCK-000518;SRC-000194/BLOCK-000888;SRC-000163/BLOCK-000887;SRC-000175/BLOCK-000855;SRC-000145/BLOCK-000854	KAE-BLOCK-000253;KAE-BLOCK-000272;KAE-BLOCK-000273;KAE-BLOCK-000275;KAE-BLOCK-000280;KAE-BLOCK-000286;KAE-BLOCK-000287	DDL;SQL;commands;configuration;runbook;diagnostics;validation_sql	yes	CONF-000004;CONF-000005;CONF-000006;CONF-000007;CONF-000008	REPL-110;REPL-113;REPL-114;REPL-115;REPL-116;REPL-117;REPL-118;REPL-124;REPL-128;REPL-121;REPL-123;REPL-130;REPL-105;REPL-111;REPL-112;REPL-122	yes	attachment_update	done	Stage 3 attachment route generated from completed scope row; use exact source blocks and missing-input prompts before item-level production claims.
S3-SCOPE-011	J014	S3-J013	GPTs/attachments/18_security_ssl_tls.md	18. Security and SSL/TLS	APB-000008	GPTs/agent_playbooks/security_tls.md	Security And TLS Playbook	Security and TLS	pass	7.1;7.3;8.1_verified	SRC-000051;SRC-000020;SRC-000115;SRC-000084;SRC-000175;SRC-000145;SRC-000049;SRC-000018;SRC-000113;SRC-000082;SRC-000173;SRC-000143;SRC-000056;SRC-000025;SRC-000120;SRC-000089;SRC-000180;SRC-000150;AID-SRC-000428	SRC-000051/BLOCK-000851;SRC-000020/BLOCK-000850;SRC-000115/BLOCK-000853;SRC-000084/BLOCK-000852;SRC-000175/BLOCK-000855;SRC-000145/BLOCK-000854;SRC-000049/BLOCK-000002;SRC-000018/BLOCK-000001;SRC-000113/BLOCK-000004;SRC-000082/BLOCK-000003;SRC-000173/BLOCK-000006;SRC-000143/BLOCK-000005;SRC-000056/BLOCK-000515;SRC-000025/BLOCK-000514;SRC-000120/BLOCK-000517;SRC-000089/BLOCK-000516;SRC-000180/BLOCK-000519;SRC-000150/BLOCK-000518;BLOCK-000438	KAE-BLOCK-000272;KAE-BLOCK-000274;KAE-BLOCK-000276	configuration;commands;validation_checks	yes	CONF-000004;CONF-000006;CONF-000007	REPL-110;REPL-113;REPL-114;REPL-115;REPL-116;REPL-117;REPL-118;REPL-124;REPL-128;REPL-121;REPL-123;REPL-130;REPL-105;REPL-111;REPL-112;REPL-122	yes	attachment_update	done	Stage 3 attachment route generated from completed scope row; use exact source blocks and missing-input prompts before item-level production claims.
S3-SCOPE-011	J014	S3-J013	GPTs/attachments/18_security_ssl_tls.md	18. Security and SSL/TLS	APB-000012	GPTs/agent_playbooks/migration_integrations.md	Migration And Integrations Playbook	Migration and integrations	pass	7.1;7.3;8.1_verified;multi	SRC-000017;SRC-000048;SRC-000081;SRC-000112;SRC-000142;SRC-000172;SRC-000216;SRC-000223;SRC-000202;SRC-000209;SRC-000430;SRC-000453;SRC-000431;SRC-000454;SRC-000432;SRC-000455;SRC-000433;SRC-000456;SRC-000434;SRC-000457;SRC-000435;SRC-000458;SRC-000436;SRC-000459;SRC-000437;SRC-000460;SRC-000438;SRC-000461;SRC-000439;SRC-000462;SRC-000440;SRC-000441;SRC-000442;SRC-000463;SRC-000022;SRC-000053;SRC-000086;SRC-000117;SRC-000147;SRC-000177;SRC-000028;SRC-000059;SRC-000092;SRC-000123;SRC-000153;SRC-000183;SRC-000214;SRC-000221;SRC-000200;SRC-000207;SRC-000041;SRC-000074;SRC-000104;SRC-000135;SRC-000164;SRC-000195;SRC-000219;SRC-000226;SRC-000205;SRC-000212;SRC-000448;SRC-000470;SRC-000002;SRC-000008;SRC-000003;SRC-000009;SRC-000004;SRC-000010;SRC-000007;SRC-000014;AID-SRC-000356	SRC-000017/BLOCK-000569;SRC-000048/BLOCK-000570;SRC-000081/BLOCK-000571;SRC-000112/BLOCK-000572;SRC-000142/BLOCK-000573;SRC-000172/BLOCK-000574;SRC-000216/BLOCK-000575;SRC-000223/BLOCK-000576;SRC-000202/BLOCK-000601;SRC-000209/BLOCK-000602;SRC-000430/BLOCK-000577;SRC-000453/BLOCK-000578;SRC-000431/BLOCK-000579;SRC-000454/BLOCK-000580;SRC-000432/BLOCK-000581;SRC-000455/BLOCK-000582;SRC-000433/BLOCK-000583;SRC-000456/BLOCK-000584;SRC-000434/BLOCK-000585;SRC-000457/BLOCK-000586;SRC-000435/BLOCK-000587;SRC-000458/BLOCK-000588;SRC-000436/BLOCK-000589;SRC-000459/BLOCK-000590;SRC-000437/BLOCK-000591;SRC-000460/BLOCK-000592;SRC-000438/BLOCK-000593;SRC-000461/BLOCK-000594;SRC-000439/BLOCK-000595;SRC-000462/BLOCK-000596;SRC-000440/BLOCK-000597;SRC-000441/BLOCK-000598;SRC-000442/BLOCK-000599;SRC-000463/BLOCK-000600;SRC-000022/BLOCK-000492;SRC-000053/BLOCK-000494;SRC-000086/BLOCK-000496;SRC-000117/BLOCK-000498;SRC-000147/BLOCK-000500;SRC-000177/BLOCK-000502;SRC-000028/BLOCK-000493;SRC-000059/BLOCK-000495;SRC-000092/BLOCK-000497;SRC-000123/BLOCK-000499;SRC-000153/BLOCK-000501;SRC-000183/BLOCK-000503;SRC-000214/BLOCK-000504;SRC-000221/BLOCK-000505;SRC-000200/BLOCK-000506;SRC-000207/BLOCK-000507;SRC-000041/BLOCK-000871;SRC-000074/BLOCK-000872;SRC-000104/BLOCK-000873;SRC-000135/BLOCK-000874;SRC-000164/BLOCK-000875;SRC-000195/BLOCK-000876;SRC-000219/BLOCK-000877;SRC-000226/BLOCK-000878;SRC-000205/BLOCK-000879;SRC-000212/BLOCK-000880;SRC-000448/BLOCK-000881;SRC-000470/BLOCK-000882;SRC-000002/BLOCK-000913;SRC-000008/BLOCK-000919;SRC-000003/BLOCK-000914;SRC-000009/BLOCK-000920;SRC-000004/BLOCK-000915;SRC-000010/BLOCK-000921;SRC-000007/BLOCK-000918;SRC-000014/BLOCK-000925;BLOCK-000423	KAE-BLOCK-000019;KAE-BLOCK-000154;KAE-BLOCK-000210;KAE-BLOCK-000211;KAE-BLOCK-000232;KAE-BLOCK-000254;KAE-BLOCK-000255;KAE-BLOCK-000256;KAE-BLOCK-000257;KAE-BLOCK-000258;KAE-BLOCK-000259;KAE-BLOCK-000260;KAE-BLOCK-000261;KAE-BLOCK-000262;KAE-BLOCK-000263;KAE-BLOCK-000266;KAE-BLOCK-000007;KAE-BLOCK-000008;KAE-BLOCK-000142;KAE-BLOCK-000143;KAE-BLOCK-000197;KAE-BLOCK-000198;KAE-BLOCK-000230;KAE-BLOCK-000034;KAE-BLOCK-000165;KAE-BLOCK-000221;KAE-BLOCK-000222;KAE-BLOCK-000238;KAE-BLOCK-000239;KAE-BLOCK-000244;KAE-BLOCK-000245;KAE-BLOCK-000246;KAE-BLOCK-000249;KAE-BLOCK-000274;KAE-BLOCK-000275;KAE-BLOCK-000276	commands;scripts;configuration;mapping_notes;validation_checks;SQL;YAML;runbook	yes	CONF-000004;CONF-000006;CONF-000007;CONF-000009	REPL-110;REPL-113;REPL-114;REPL-115;REPL-116;REPL-117;REPL-118;REPL-124;REPL-128;REPL-121;REPL-123;REPL-130;REPL-105;REPL-111;REPL-112;REPL-122	yes	attachment_update	done	Stage 3 attachment route generated from completed scope row; use exact source blocks and missing-input prompts before item-level production claims.
S3-SCOPE-011	J014	S3-J013	GPTs/attachments/18_security_ssl_tls.md	18. Security and SSL/TLS	APB-000017	GPTs/agent_playbooks/aid_version_release_patch_routing.md	AID, Version, Release, And Patch Routing Playbook	AID, version, release, and patch routing	pass	7.1;7.3;8.1_verified;multi;aid	SRC-000228;SRC-000397;SRC-000424;SRC-000425;SRC-000426;SRC-000450;SRC-000451;SRC-000452;SRC-000477;SRC-000473;SRC-000474;SRC-000475;SRC-000476;SRC-000443;SRC-000444;SRC-000445;SRC-000464;SRC-000465;SRC-000466;AID-000001;AID-000002;AID-000003;AID-000004;AID-000005;AID-000006;AID-000015;AID-000016;AID-000022;AID-000023;AID-000025;AID-000028;AID-SRC-000423;AID-SRC-000424;AID-SRC-000425;AID-SRC-000426;AID-SRC-000427;AID-SRC-000428;AID-SRC-000429;AID-SRC-000430;AID-SRC-000431;AID-SRC-000432;AID-SRC-000433;AID-SRC-000434;AID-SRC-000435;AID-SRC-000436;AID-SRC-000437;AID-SRC-000438	SRC-000228/BLOCK-000615;SRC-000397/BLOCK-000784;SRC-000424/BLOCK-000819;SRC-000425/BLOCK-000822;SRC-000426/BLOCK-000827;SRC-000450/BLOCK-000821;SRC-000451/BLOCK-000824;SRC-000452/BLOCK-000826;SRC-000477/BLOCK-000829;SRC-000473/BLOCK-000562;SRC-000474/BLOCK-000909;SRC-000475/BLOCK-000910;SRC-000476/BLOCK-000911;SRC-000443/BLOCK-000836;SRC-000444/BLOCK-000838;SRC-000445/BLOCK-000840;SRC-000464/BLOCK-000837;SRC-000465/BLOCK-000839;SRC-000466/BLOCK-000841;BLOCK-000454;BLOCK-000457;BLOCK-000459;BLOCK-000460;BLOCK-000429;BLOCK-000433;BLOCK-000431;BLOCK-000432;BLOCK-000451;BLOCK-000453;BLOCK-000448;BLOCK-000436;BLOCK-000437;BLOCK-000438;BLOCK-000439;BLOCK-000440;BLOCK-000441;BLOCK-000442;BLOCK-000443;BLOCK-000444;BLOCK-000445;BLOCK-000446;BLOCK-000447;BLOCK-000452	KAE-BLOCK-000022;KAE-BLOCK-000157;KAE-BLOCK-000231;KAE-BLOCK-000240;KAE-BLOCK-000241;KAE-BLOCK-000242;KAE-BLOCK-000275;KAE-BLOCK-000276;KAE-BLOCK-000287	routing_matrix;source_recheck_plan;version_boundary_note;patch_token_packet;aid_decision_packet;validation_checks	yes	CONF-000001;CONF-000002;CONF-000004;CONF-000005;CONF-000006;CONF-000007;CONF-000008;CONF-000009	REPL-110;REPL-113;REPL-114;REPL-115;REPL-116;REPL-117;REPL-118;REPL-124;REPL-128;REPL-121;REPL-123;REPL-130;REPL-105;REPL-111;REPL-112;REPL-122	yes	attachment_update	done	Stage 3 attachment route generated from completed scope row; use exact source blocks and missing-input prompts before item-level production claims.
S3-SCOPE-012	J015	S3-J014	GPTs/attachments/06_data_dictionary_performance_views.md	06. Data Dictionary and Performance Views	APB-000005	GPTs/agent_playbooks/dictionary_views.md	Dictionary And Views Playbook	Dictionary and views	pass	7.1;7.3;8.1_verified	SRC-000057;SRC-000026;SRC-000121;SRC-000090;SRC-000181;SRC-000151;SRC-000072;SRC-000134;SRC-000194;SRC-000067;SRC-000035;SRC-000129;SRC-000098;SRC-000189;SRC-000159	SRC-000057/BLOCK-000521;SRC-000026/BLOCK-000520;SRC-000121/BLOCK-000523;SRC-000090/BLOCK-000522;SRC-000181/BLOCK-000525;SRC-000151/BLOCK-000524;SRC-000072/BLOCK-000884;SRC-000134/BLOCK-000886;SRC-000194/BLOCK-000888;SRC-000067/BLOCK-000812;SRC-000035/BLOCK-000811;SRC-000129/BLOCK-000814;SRC-000098/BLOCK-000813;SRC-000189/BLOCK-000816;SRC-000159/BLOCK-000815	KAE-BLOCK-000273;KAE-BLOCK-000283	SQL;diagnostics;validation_sql	no	CONF-000005	VPM-114;VPM-125;VPM-101;VPM-102;VPM-103;VPM-105;VPM-106;VPM-108;VPM-109;VPM-111;VPM-115;VPM-116;VPM-118;VPM-119;VPM-120;VPM-122;VPM-123;VPM-124;VPM-127;VPM-129;VPM-130;VPM-104;VPM-107;VPM-110;VPM-112;VPM-117;VPM-121	yes	attachment_update	done	Stage 3 attachment route generated from completed scope row; use exact source blocks and missing-input prompts before item-level production claims.
S3-SCOPE-012	J015	S3-J014	GPTs/attachments/06_data_dictionary_performance_views.md	06. Data Dictionary and Performance Views	APB-000013	GPTs/agent_playbooks/errors_troubleshooting.md	Errors And Troubleshooting Playbook	Errors and troubleshooting	pass	7.1;7.3;8.1_verified;multi	SRC-000054;SRC-000023;SRC-000118;SRC-000087;SRC-000178;SRC-000148;SRC-000057;SRC-000026;SRC-000121;SRC-000090;SRC-000181;SRC-000151;SRC-000056;SRC-000025;SRC-000120;SRC-000089;SRC-000180;SRC-000150;SRC-000067;SRC-000035;SRC-000129;SRC-000098;SRC-000189;SRC-000159;SRC-000062;SRC-000031;SRC-000126;SRC-000095;SRC-000186;SRC-000156;SRC-000063;SRC-000032;SRC-000127;SRC-000096;SRC-000187;SRC-000157;SRC-000071;SRC-000039;SRC-000133;SRC-000102;SRC-000193;SRC-000162;SRC-000076;SRC-000043;SRC-000137;SRC-000106;SRC-000197;SRC-000166;AID-SRC-000431;AID-SRC-000432	SRC-000054/BLOCK-000509;SRC-000023/BLOCK-000508;SRC-000118/BLOCK-000511;SRC-000087/BLOCK-000510;SRC-000178/BLOCK-000513;SRC-000148/BLOCK-000512;SRC-000057/BLOCK-000521;SRC-000026/BLOCK-000520;SRC-000121/BLOCK-000523;SRC-000090/BLOCK-000522;SRC-000181/BLOCK-000525;SRC-000151/BLOCK-000524;SRC-000056/BLOCK-000515;SRC-000025/BLOCK-000514;SRC-000120/BLOCK-000517;SRC-000089/BLOCK-000516;SRC-000180/BLOCK-000519;SRC-000150/BLOCK-000518;SRC-000067/BLOCK-000812;SRC-000035/BLOCK-000811;SRC-000129/BLOCK-000814;SRC-000098/BLOCK-000813;SRC-000189/BLOCK-000816;SRC-000159/BLOCK-000815;SRC-000062/BLOCK-000564;SRC-000031/BLOCK-000563;SRC-000126/BLOCK-000566;SRC-000095/BLOCK-000565;SRC-000186/BLOCK-000568;SRC-000156/BLOCK-000567;SRC-000063/BLOCK-000605;SRC-000032/BLOCK-000603;SRC-000127/BLOCK-000609;SRC-000096/BLOCK-000607;SRC-000187/BLOCK-000613;SRC-000157/BLOCK-000611;SRC-000071/BLOCK-000606;SRC-000039/BLOCK-000604;SRC-000133/BLOCK-000610;SRC-000102/BLOCK-000608;SRC-000193/BLOCK-000614;SRC-000162/BLOCK-000612;SRC-000076/BLOCK-000927;SRC-000043/BLOCK-000926;SRC-000137/BLOCK-000929;SRC-000106/BLOCK-000928;SRC-000197/BLOCK-000931;SRC-000166/BLOCK-000930;BLOCK-000441;BLOCK-000442	KAE-BLOCK-000273;KAE-BLOCK-000280;KAE-BLOCK-000281;KAE-BLOCK-000282;KAE-BLOCK-000283;KAE-BLOCK-000274;KAE-BLOCK-000276	diagnostics;SQL;commands;configuration;monitoring_checks;validation_sql;next_checks;escalation_packet	yes	CONF-000004;CONF-000005;CONF-000006;CONF-000007;CONF-000008	VPM-114;VPM-125;VPM-101;VPM-102;VPM-103;VPM-105;VPM-106;VPM-108;VPM-109;VPM-111;VPM-115;VPM-116;VPM-118;VPM-119;VPM-120;VPM-122;VPM-123;VPM-124;VPM-127;VPM-129;VPM-130;VPM-104;VPM-107;VPM-110;VPM-112;VPM-117;VPM-121	yes	attachment_update	done	Stage 3 attachment route generated from completed scope row; use exact source blocks and missing-input prompts before item-level production claims.
S3-SCOPE-012	J015	S3-J014	GPTs/attachments/06_data_dictionary_performance_views.md	06. Data Dictionary and Performance Views	APB-000017	GPTs/agent_playbooks/aid_version_release_patch_routing.md	AID, Version, Release, And Patch Routing Playbook	AID, version, release, and patch routing	pass	7.1;7.3;8.1_verified;multi;aid	SRC-000228;SRC-000397;SRC-000424;SRC-000425;SRC-000426;SRC-000450;SRC-000451;SRC-000452;SRC-000477;SRC-000473;SRC-000474;SRC-000475;SRC-000476;SRC-000443;SRC-000444;SRC-000445;SRC-000464;SRC-000465;SRC-000466;AID-000001;AID-000002;AID-000003;AID-000004;AID-000005;AID-000006;AID-000015;AID-000016;AID-000022;AID-000023;AID-000025;AID-000028;AID-SRC-000423;AID-SRC-000424;AID-SRC-000425;AID-SRC-000426;AID-SRC-000427;AID-SRC-000428;AID-SRC-000429;AID-SRC-000430;AID-SRC-000431;AID-SRC-000432;AID-SRC-000433;AID-SRC-000434;AID-SRC-000435;AID-SRC-000436;AID-SRC-000437;AID-SRC-000438	SRC-000228/BLOCK-000615;SRC-000397/BLOCK-000784;SRC-000424/BLOCK-000819;SRC-000425/BLOCK-000822;SRC-000426/BLOCK-000827;SRC-000450/BLOCK-000821;SRC-000451/BLOCK-000824;SRC-000452/BLOCK-000826;SRC-000477/BLOCK-000829;SRC-000473/BLOCK-000562;SRC-000474/BLOCK-000909;SRC-000475/BLOCK-000910;SRC-000476/BLOCK-000911;SRC-000443/BLOCK-000836;SRC-000444/BLOCK-000838;SRC-000445/BLOCK-000840;SRC-000464/BLOCK-000837;SRC-000465/BLOCK-000839;SRC-000466/BLOCK-000841;BLOCK-000454;BLOCK-000457;BLOCK-000459;BLOCK-000460;BLOCK-000429;BLOCK-000433;BLOCK-000431;BLOCK-000432;BLOCK-000451;BLOCK-000453;BLOCK-000448;BLOCK-000436;BLOCK-000437;BLOCK-000438;BLOCK-000439;BLOCK-000440;BLOCK-000441;BLOCK-000442;BLOCK-000443;BLOCK-000444;BLOCK-000445;BLOCK-000446;BLOCK-000447;BLOCK-000452	KAE-BLOCK-000022;KAE-BLOCK-000157;KAE-BLOCK-000231;KAE-BLOCK-000240;KAE-BLOCK-000241;KAE-BLOCK-000242;KAE-BLOCK-000275;KAE-BLOCK-000276;KAE-BLOCK-000287	routing_matrix;source_recheck_plan;version_boundary_note;patch_token_packet;aid_decision_packet;validation_checks	yes	CONF-000001;CONF-000002;CONF-000004;CONF-000005;CONF-000006;CONF-000007;CONF-000008;CONF-000009	VPM-114;VPM-125;VPM-101;VPM-102;VPM-103;VPM-105;VPM-106;VPM-108;VPM-109;VPM-111;VPM-115;VPM-116;VPM-118;VPM-119;VPM-120;VPM-122;VPM-123;VPM-124;VPM-127;VPM-129;VPM-130;VPM-104;VPM-107;VPM-110;VPM-112;VPM-117;VPM-121	yes	attachment_update	done	Stage 3 attachment route generated from completed scope row; use exact source blocks and missing-input prompts before item-level production claims.
S3-SCOPE-012	J015	S3-J014	GPTs/attachments/08_performance_tuning_monitoring.md	08. Performance Tuning and Monitoring	APB-000005	GPTs/agent_playbooks/dictionary_views.md	Dictionary And Views Playbook	Dictionary and views	pass	7.1;7.3;8.1_verified	SRC-000057;SRC-000026;SRC-000121;SRC-000090;SRC-000181;SRC-000151;SRC-000072;SRC-000134;SRC-000194;SRC-000067;SRC-000035;SRC-000129;SRC-000098;SRC-000189;SRC-000159	SRC-000057/BLOCK-000521;SRC-000026/BLOCK-000520;SRC-000121/BLOCK-000523;SRC-000090/BLOCK-000522;SRC-000181/BLOCK-000525;SRC-000151/BLOCK-000524;SRC-000072/BLOCK-000884;SRC-000134/BLOCK-000886;SRC-000194/BLOCK-000888;SRC-000067/BLOCK-000812;SRC-000035/BLOCK-000811;SRC-000129/BLOCK-000814;SRC-000098/BLOCK-000813;SRC-000189/BLOCK-000816;SRC-000159/BLOCK-000815	KAE-BLOCK-000273;KAE-BLOCK-000283	SQL;diagnostics;validation_sql	no	CONF-000005	VPM-114;VPM-125;VPM-101;VPM-102;VPM-103;VPM-105;VPM-106;VPM-108;VPM-109;VPM-111;VPM-115;VPM-116;VPM-118;VPM-119;VPM-120;VPM-122;VPM-123;VPM-124;VPM-127;VPM-129;VPM-130;VPM-104;VPM-107;VPM-110;VPM-112;VPM-117;VPM-121	yes	attachment_update	done	Stage 3 attachment route generated from completed scope row; use exact source blocks and missing-input prompts before item-level production claims.
S3-SCOPE-012	J015	S3-J014	GPTs/attachments/08_performance_tuning_monitoring.md	08. Performance Tuning and Monitoring	APB-000013	GPTs/agent_playbooks/errors_troubleshooting.md	Errors And Troubleshooting Playbook	Errors and troubleshooting	pass	7.1;7.3;8.1_verified;multi	SRC-000054;SRC-000023;SRC-000118;SRC-000087;SRC-000178;SRC-000148;SRC-000057;SRC-000026;SRC-000121;SRC-000090;SRC-000181;SRC-000151;SRC-000056;SRC-000025;SRC-000120;SRC-000089;SRC-000180;SRC-000150;SRC-000067;SRC-000035;SRC-000129;SRC-000098;SRC-000189;SRC-000159;SRC-000062;SRC-000031;SRC-000126;SRC-000095;SRC-000186;SRC-000156;SRC-000063;SRC-000032;SRC-000127;SRC-000096;SRC-000187;SRC-000157;SRC-000071;SRC-000039;SRC-000133;SRC-000102;SRC-000193;SRC-000162;SRC-000076;SRC-000043;SRC-000137;SRC-000106;SRC-000197;SRC-000166;AID-SRC-000431;AID-SRC-000432	SRC-000054/BLOCK-000509;SRC-000023/BLOCK-000508;SRC-000118/BLOCK-000511;SRC-000087/BLOCK-000510;SRC-000178/BLOCK-000513;SRC-000148/BLOCK-000512;SRC-000057/BLOCK-000521;SRC-000026/BLOCK-000520;SRC-000121/BLOCK-000523;SRC-000090/BLOCK-000522;SRC-000181/BLOCK-000525;SRC-000151/BLOCK-000524;SRC-000056/BLOCK-000515;SRC-000025/BLOCK-000514;SRC-000120/BLOCK-000517;SRC-000089/BLOCK-000516;SRC-000180/BLOCK-000519;SRC-000150/BLOCK-000518;SRC-000067/BLOCK-000812;SRC-000035/BLOCK-000811;SRC-000129/BLOCK-000814;SRC-000098/BLOCK-000813;SRC-000189/BLOCK-000816;SRC-000159/BLOCK-000815;SRC-000062/BLOCK-000564;SRC-000031/BLOCK-000563;SRC-000126/BLOCK-000566;SRC-000095/BLOCK-000565;SRC-000186/BLOCK-000568;SRC-000156/BLOCK-000567;SRC-000063/BLOCK-000605;SRC-000032/BLOCK-000603;SRC-000127/BLOCK-000609;SRC-000096/BLOCK-000607;SRC-000187/BLOCK-000613;SRC-000157/BLOCK-000611;SRC-000071/BLOCK-000606;SRC-000039/BLOCK-000604;SRC-000133/BLOCK-000610;SRC-000102/BLOCK-000608;SRC-000193/BLOCK-000614;SRC-000162/BLOCK-000612;SRC-000076/BLOCK-000927;SRC-000043/BLOCK-000926;SRC-000137/BLOCK-000929;SRC-000106/BLOCK-000928;SRC-000197/BLOCK-000931;SRC-000166/BLOCK-000930;BLOCK-000441;BLOCK-000442	KAE-BLOCK-000273;KAE-BLOCK-000280;KAE-BLOCK-000281;KAE-BLOCK-000282;KAE-BLOCK-000283;KAE-BLOCK-000274;KAE-BLOCK-000276	diagnostics;SQL;commands;configuration;monitoring_checks;validation_sql;next_checks;escalation_packet	yes	CONF-000004;CONF-000005;CONF-000006;CONF-000007;CONF-000008	VPM-114;VPM-125;VPM-101;VPM-102;VPM-103;VPM-105;VPM-106;VPM-108;VPM-109;VPM-111;VPM-115;VPM-116;VPM-118;VPM-119;VPM-120;VPM-122;VPM-123;VPM-124;VPM-127;VPM-129;VPM-130;VPM-104;VPM-107;VPM-110;VPM-112;VPM-117;VPM-121	yes	attachment_update	done	Stage 3 attachment route generated from completed scope row; use exact source blocks and missing-input prompts before item-level production claims.
S3-SCOPE-012	J015	S3-J014	GPTs/attachments/08_performance_tuning_monitoring.md	08. Performance Tuning and Monitoring	APB-000017	GPTs/agent_playbooks/aid_version_release_patch_routing.md	AID, Version, Release, And Patch Routing Playbook	AID, version, release, and patch routing	pass	7.1;7.3;8.1_verified;multi;aid	SRC-000228;SRC-000397;SRC-000424;SRC-000425;SRC-000426;SRC-000450;SRC-000451;SRC-000452;SRC-000477;SRC-000473;SRC-000474;SRC-000475;SRC-000476;SRC-000443;SRC-000444;SRC-000445;SRC-000464;SRC-000465;SRC-000466;AID-000001;AID-000002;AID-000003;AID-000004;AID-000005;AID-000006;AID-000015;AID-000016;AID-000022;AID-000023;AID-000025;AID-000028;AID-SRC-000423;AID-SRC-000424;AID-SRC-000425;AID-SRC-000426;AID-SRC-000427;AID-SRC-000428;AID-SRC-000429;AID-SRC-000430;AID-SRC-000431;AID-SRC-000432;AID-SRC-000433;AID-SRC-000434;AID-SRC-000435;AID-SRC-000436;AID-SRC-000437;AID-SRC-000438	SRC-000228/BLOCK-000615;SRC-000397/BLOCK-000784;SRC-000424/BLOCK-000819;SRC-000425/BLOCK-000822;SRC-000426/BLOCK-000827;SRC-000450/BLOCK-000821;SRC-000451/BLOCK-000824;SRC-000452/BLOCK-000826;SRC-000477/BLOCK-000829;SRC-000473/BLOCK-000562;SRC-000474/BLOCK-000909;SRC-000475/BLOCK-000910;SRC-000476/BLOCK-000911;SRC-000443/BLOCK-000836;SRC-000444/BLOCK-000838;SRC-000445/BLOCK-000840;SRC-000464/BLOCK-000837;SRC-000465/BLOCK-000839;SRC-000466/BLOCK-000841;BLOCK-000454;BLOCK-000457;BLOCK-000459;BLOCK-000460;BLOCK-000429;BLOCK-000433;BLOCK-000431;BLOCK-000432;BLOCK-000451;BLOCK-000453;BLOCK-000448;BLOCK-000436;BLOCK-000437;BLOCK-000438;BLOCK-000439;BLOCK-000440;BLOCK-000441;BLOCK-000442;BLOCK-000443;BLOCK-000444;BLOCK-000445;BLOCK-000446;BLOCK-000447;BLOCK-000452	KAE-BLOCK-000022;KAE-BLOCK-000157;KAE-BLOCK-000231;KAE-BLOCK-000240;KAE-BLOCK-000241;KAE-BLOCK-000242;KAE-BLOCK-000275;KAE-BLOCK-000276;KAE-BLOCK-000287	routing_matrix;source_recheck_plan;version_boundary_note;patch_token_packet;aid_decision_packet;validation_checks	yes	CONF-000001;CONF-000002;CONF-000004;CONF-000005;CONF-000006;CONF-000007;CONF-000008;CONF-000009	VPM-114;VPM-125;VPM-101;VPM-102;VPM-103;VPM-105;VPM-106;VPM-108;VPM-109;VPM-111;VPM-115;VPM-116;VPM-118;VPM-119;VPM-120;VPM-122;VPM-123;VPM-124;VPM-127;VPM-129;VPM-130;VPM-104;VPM-107;VPM-110;VPM-112;VPM-117;VPM-121	yes	attachment_update	done	Stage 3 attachment route generated from completed scope row; use exact source blocks and missing-input prompts before item-level production claims.
S3-SCOPE-013	J016	S3-J015	GPTs/attachments/10_psm_stored_external_procedures.md	10. PSM, Stored Procedures, and External Procedures	APB-000009	GPTs/agent_playbooks/odbc_c_clients.md	ODBC And C Clients Playbook	ODBC and C clients	pass	7.1;7.3;8.1_verified	SRC-000046;SRC-000015;SRC-000050;SRC-000019;SRC-000052;SRC-000021;SRC-000065;SRC-000034;SRC-000068;SRC-000036;SRC-000110;SRC-000079;SRC-000114;SRC-000083;SRC-000116;SRC-000085;SRC-000128;SRC-000097;SRC-000130;SRC-000099;SRC-000170;SRC-000140;SRC-000174;SRC-000144;SRC-000176;SRC-000146;SRC-000188;SRC-000158;SRC-000190;SRC-000160;AID-SRC-000434	SRC-000046/BLOCK-000467;SRC-000015/BLOCK-000462;SRC-000050/BLOCK-000468;SRC-000019/BLOCK-000463;SRC-000052/BLOCK-000469;SRC-000021/BLOCK-000464;SRC-000065/BLOCK-000470;SRC-000034/BLOCK-000465;SRC-000068/BLOCK-000471;SRC-000036/BLOCK-000466;SRC-000110/BLOCK-000477;SRC-000079/BLOCK-000472;SRC-000114/BLOCK-000478;SRC-000083/BLOCK-000473;SRC-000116/BLOCK-000479;SRC-000085/BLOCK-000474;SRC-000128/BLOCK-000480;SRC-000097/BLOCK-000475;SRC-000130/BLOCK-000481;SRC-000099/BLOCK-000476;SRC-000170/BLOCK-000487;SRC-000140/BLOCK-000482;SRC-000174/BLOCK-000488;SRC-000144/BLOCK-000483;SRC-000176/BLOCK-000489;SRC-000146/BLOCK-000484;SRC-000188/BLOCK-000490;SRC-000158/BLOCK-000485;SRC-000190/BLOCK-000491;SRC-000160/BLOCK-000486;BLOCK-000444	KAE-BLOCK-000002;KAE-BLOCK-000003;KAE-BLOCK-000004;KAE-BLOCK-000005;KAE-BLOCK-000006;KAE-BLOCK-000137;KAE-BLOCK-000138;KAE-BLOCK-000139;KAE-BLOCK-000140;KAE-BLOCK-000141;KAE-BLOCK-000192;KAE-BLOCK-000193;KAE-BLOCK-000194;KAE-BLOCK-000195;KAE-BLOCK-000196;KAE-BLOCK-000274;KAE-BLOCK-000276	configuration;code;commands;compile_checks;connection_checks;diagnostics;tests	no	CONF-000006;CONF-000007	TOOL-001;TOOL-004;TOOL-005;TOOL-017;TOOL-018;TOOL-020;TOOL-022;TOOL-024;TOOL-025;TOOL-028;TOOL-031;TOOL-033;TOOL-034;TOOL-035;TOOL-036;TOOL-039;TOOL-045;TOOL-049;TOOL-002;TOOL-003;TOOL-006;TOOL-007;TOOL-012;TOOL-019;TOOL-023;TOOL-027;TOOL-030;TOOL-037;TOOL-038	no	attachment_update	done	Stage 3 attachment route generated from completed scope row; use exact source blocks and missing-input prompts before item-level production claims.
S3-SCOPE-013	J016	S3-J015	GPTs/attachments/10_psm_stored_external_procedures.md	10. PSM, Stored Procedures, and External Procedures	APB-000011	GPTs/agent_playbooks/tools.md	Tools Playbook	Tools	pass	7.1;7.3;8.1_verified;multi	SRC-000044;SRC-000077;SRC-000107;SRC-000138;SRC-000167;SRC-000198;SRC-000045;SRC-000078;SRC-000108;SRC-000139;SRC-000168;SRC-000199;SRC-000043;SRC-000076;SRC-000106;SRC-000137;SRC-000166;SRC-000197;SRC-000206;SRC-000213;SRC-000220;SRC-000227;SRC-000449;SRC-000471;AID-SRC-000043;AID-SRC-000044;AID-SRC-000045;AID-SRC-000046;AID-SRC-000047;AID-SRC-000110	SRC-000044/BLOCK-000538;SRC-000077/BLOCK-000540;SRC-000107/BLOCK-000542;SRC-000138/BLOCK-000544;SRC-000167/BLOCK-000546;SRC-000198/BLOCK-000548;SRC-000045/BLOCK-000539;SRC-000078/BLOCK-000541;SRC-000108/BLOCK-000543;SRC-000139/BLOCK-000545;SRC-000168/BLOCK-000547;SRC-000199/BLOCK-000549;SRC-000043/BLOCK-000926;SRC-000076/BLOCK-000927;SRC-000106/BLOCK-000928;SRC-000137/BLOCK-000929;SRC-000166/BLOCK-000930;SRC-000197/BLOCK-000931;SRC-000206/BLOCK-000939;SRC-000213/BLOCK-000941;SRC-000220/BLOCK-000933;SRC-000227/BLOCK-000935;SRC-000449/BLOCK-000936;SRC-000471/BLOCK-000937;BLOCK-000090;BLOCK-000091;BLOCK-000092;BLOCK-000093;BLOCK-000094;BLOCK-000409	KAE-BLOCK-000014;KAE-BLOCK-000149;KAE-BLOCK-000205;KAE-BLOCK-000015;KAE-BLOCK-000150;KAE-BLOCK-000206;KAE-BLOCK-000038;KAE-BLOCK-000170;KAE-BLOCK-000227;KAE-BLOCK-000229;KAE-BLOCK-000252;KAE-BLOCK-000271;KAE-BLOCK-000274;KAE-BLOCK-000275;KAE-BLOCK-000276	commands;scripts;configuration;diagnostics;validation_checks;SQL	yes	CONF-000004;CONF-000006;CONF-000007	TOOL-001;TOOL-004;TOOL-005;TOOL-017;TOOL-018;TOOL-020;TOOL-022;TOOL-024;TOOL-025;TOOL-028;TOOL-031;TOOL-033;TOOL-034;TOOL-035;TOOL-036;TOOL-039;TOOL-045;TOOL-049;TOOL-002;TOOL-003;TOOL-006;TOOL-007;TOOL-012;TOOL-019;TOOL-023;TOOL-027;TOOL-030;TOOL-037;TOOL-038	no	attachment_update	done	Stage 3 attachment route generated from completed scope row; use exact source blocks and missing-input prompts before item-level production claims.
S3-SCOPE-013	J016	S3-J015	GPTs/attachments/10_psm_stored_external_procedures.md	10. PSM, Stored Procedures, and External Procedures	APB-000017	GPTs/agent_playbooks/aid_version_release_patch_routing.md	AID, Version, Release, And Patch Routing Playbook	AID, version, release, and patch routing	pass	7.1;7.3;8.1_verified;multi;aid	SRC-000228;SRC-000397;SRC-000424;SRC-000425;SRC-000426;SRC-000450;SRC-000451;SRC-000452;SRC-000477;SRC-000473;SRC-000474;SRC-000475;SRC-000476;SRC-000443;SRC-000444;SRC-000445;SRC-000464;SRC-000465;SRC-000466;AID-000001;AID-000002;AID-000003;AID-000004;AID-000005;AID-000006;AID-000015;AID-000016;AID-000022;AID-000023;AID-000025;AID-000028;AID-SRC-000423;AID-SRC-000424;AID-SRC-000425;AID-SRC-000426;AID-SRC-000427;AID-SRC-000428;AID-SRC-000429;AID-SRC-000430;AID-SRC-000431;AID-SRC-000432;AID-SRC-000433;AID-SRC-000434;AID-SRC-000435;AID-SRC-000436;AID-SRC-000437;AID-SRC-000438	SRC-000228/BLOCK-000615;SRC-000397/BLOCK-000784;SRC-000424/BLOCK-000819;SRC-000425/BLOCK-000822;SRC-000426/BLOCK-000827;SRC-000450/BLOCK-000821;SRC-000451/BLOCK-000824;SRC-000452/BLOCK-000826;SRC-000477/BLOCK-000829;SRC-000473/BLOCK-000562;SRC-000474/BLOCK-000909;SRC-000475/BLOCK-000910;SRC-000476/BLOCK-000911;SRC-000443/BLOCK-000836;SRC-000444/BLOCK-000838;SRC-000445/BLOCK-000840;SRC-000464/BLOCK-000837;SRC-000465/BLOCK-000839;SRC-000466/BLOCK-000841;BLOCK-000454;BLOCK-000457;BLOCK-000459;BLOCK-000460;BLOCK-000429;BLOCK-000433;BLOCK-000431;BLOCK-000432;BLOCK-000451;BLOCK-000453;BLOCK-000448;BLOCK-000436;BLOCK-000437;BLOCK-000438;BLOCK-000439;BLOCK-000440;BLOCK-000441;BLOCK-000442;BLOCK-000443;BLOCK-000444;BLOCK-000445;BLOCK-000446;BLOCK-000447;BLOCK-000452	KAE-BLOCK-000022;KAE-BLOCK-000157;KAE-BLOCK-000231;KAE-BLOCK-000240;KAE-BLOCK-000241;KAE-BLOCK-000242;KAE-BLOCK-000275;KAE-BLOCK-000276;KAE-BLOCK-000287	routing_matrix;source_recheck_plan;version_boundary_note;patch_token_packet;aid_decision_packet;validation_checks	yes	CONF-000001;CONF-000002;CONF-000004;CONF-000005;CONF-000006;CONF-000007;CONF-000008;CONF-000009	TOOL-001;TOOL-004;TOOL-005;TOOL-017;TOOL-018;TOOL-020;TOOL-022;TOOL-024;TOOL-025;TOOL-028;TOOL-031;TOOL-033;TOOL-034;TOOL-035;TOOL-036;TOOL-039;TOOL-045;TOOL-049;TOOL-002;TOOL-003;TOOL-006;TOOL-007;TOOL-012;TOOL-019;TOOL-023;TOOL-027;TOOL-030;TOOL-037;TOOL-038	no	attachment_update	done	Stage 3 attachment route generated from completed scope row; use exact source blocks and missing-input prompts before item-level production claims.
S3-SCOPE-013	J016	S3-J015	GPTs/attachments/12_c_cli_odbc_precompiler.md	12. C, CLI, ODBC, Precompiler	APB-000009	GPTs/agent_playbooks/odbc_c_clients.md	ODBC And C Clients Playbook	ODBC and C clients	pass	7.1;7.3;8.1_verified	SRC-000046;SRC-000015;SRC-000050;SRC-000019;SRC-000052;SRC-000021;SRC-000065;SRC-000034;SRC-000068;SRC-000036;SRC-000110;SRC-000079;SRC-000114;SRC-000083;SRC-000116;SRC-000085;SRC-000128;SRC-000097;SRC-000130;SRC-000099;SRC-000170;SRC-000140;SRC-000174;SRC-000144;SRC-000176;SRC-000146;SRC-000188;SRC-000158;SRC-000190;SRC-000160;AID-SRC-000434	SRC-000046/BLOCK-000467;SRC-000015/BLOCK-000462;SRC-000050/BLOCK-000468;SRC-000019/BLOCK-000463;SRC-000052/BLOCK-000469;SRC-000021/BLOCK-000464;SRC-000065/BLOCK-000470;SRC-000034/BLOCK-000465;SRC-000068/BLOCK-000471;SRC-000036/BLOCK-000466;SRC-000110/BLOCK-000477;SRC-000079/BLOCK-000472;SRC-000114/BLOCK-000478;SRC-000083/BLOCK-000473;SRC-000116/BLOCK-000479;SRC-000085/BLOCK-000474;SRC-000128/BLOCK-000480;SRC-000097/BLOCK-000475;SRC-000130/BLOCK-000481;SRC-000099/BLOCK-000476;SRC-000170/BLOCK-000487;SRC-000140/BLOCK-000482;SRC-000174/BLOCK-000488;SRC-000144/BLOCK-000483;SRC-000176/BLOCK-000489;SRC-000146/BLOCK-000484;SRC-000188/BLOCK-000490;SRC-000158/BLOCK-000485;SRC-000190/BLOCK-000491;SRC-000160/BLOCK-000486;BLOCK-000444	KAE-BLOCK-000002;KAE-BLOCK-000003;KAE-BLOCK-000004;KAE-BLOCK-000005;KAE-BLOCK-000006;KAE-BLOCK-000137;KAE-BLOCK-000138;KAE-BLOCK-000139;KAE-BLOCK-000140;KAE-BLOCK-000141;KAE-BLOCK-000192;KAE-BLOCK-000193;KAE-BLOCK-000194;KAE-BLOCK-000195;KAE-BLOCK-000196;KAE-BLOCK-000274;KAE-BLOCK-000276	configuration;code;commands;compile_checks;connection_checks;diagnostics;tests	no	CONF-000006;CONF-000007	TOOL-001;TOOL-004;TOOL-005;TOOL-017;TOOL-018;TOOL-020;TOOL-022;TOOL-024;TOOL-025;TOOL-028;TOOL-031;TOOL-033;TOOL-034;TOOL-035;TOOL-036;TOOL-039;TOOL-045;TOOL-049;TOOL-002;TOOL-003;TOOL-006;TOOL-007;TOOL-012;TOOL-019;TOOL-023;TOOL-027;TOOL-030;TOOL-037;TOOL-038	no	attachment_update	done	Stage 3 attachment route generated from completed scope row; use exact source blocks and missing-input prompts before item-level production claims.
S3-SCOPE-013	J016	S3-J015	GPTs/attachments/12_c_cli_odbc_precompiler.md	12. C, CLI, ODBC, Precompiler	APB-000011	GPTs/agent_playbooks/tools.md	Tools Playbook	Tools	pass	7.1;7.3;8.1_verified;multi	SRC-000044;SRC-000077;SRC-000107;SRC-000138;SRC-000167;SRC-000198;SRC-000045;SRC-000078;SRC-000108;SRC-000139;SRC-000168;SRC-000199;SRC-000043;SRC-000076;SRC-000106;SRC-000137;SRC-000166;SRC-000197;SRC-000206;SRC-000213;SRC-000220;SRC-000227;SRC-000449;SRC-000471;AID-SRC-000043;AID-SRC-000044;AID-SRC-000045;AID-SRC-000046;AID-SRC-000047;AID-SRC-000110	SRC-000044/BLOCK-000538;SRC-000077/BLOCK-000540;SRC-000107/BLOCK-000542;SRC-000138/BLOCK-000544;SRC-000167/BLOCK-000546;SRC-000198/BLOCK-000548;SRC-000045/BLOCK-000539;SRC-000078/BLOCK-000541;SRC-000108/BLOCK-000543;SRC-000139/BLOCK-000545;SRC-000168/BLOCK-000547;SRC-000199/BLOCK-000549;SRC-000043/BLOCK-000926;SRC-000076/BLOCK-000927;SRC-000106/BLOCK-000928;SRC-000137/BLOCK-000929;SRC-000166/BLOCK-000930;SRC-000197/BLOCK-000931;SRC-000206/BLOCK-000939;SRC-000213/BLOCK-000941;SRC-000220/BLOCK-000933;SRC-000227/BLOCK-000935;SRC-000449/BLOCK-000936;SRC-000471/BLOCK-000937;BLOCK-000090;BLOCK-000091;BLOCK-000092;BLOCK-000093;BLOCK-000094;BLOCK-000409	KAE-BLOCK-000014;KAE-BLOCK-000149;KAE-BLOCK-000205;KAE-BLOCK-000015;KAE-BLOCK-000150;KAE-BLOCK-000206;KAE-BLOCK-000038;KAE-BLOCK-000170;KAE-BLOCK-000227;KAE-BLOCK-000229;KAE-BLOCK-000252;KAE-BLOCK-000271;KAE-BLOCK-000274;KAE-BLOCK-000275;KAE-BLOCK-000276	commands;scripts;configuration;diagnostics;validation_checks;SQL	yes	CONF-000004;CONF-000006;CONF-000007	TOOL-001;TOOL-004;TOOL-005;TOOL-017;TOOL-018;TOOL-020;TOOL-022;TOOL-024;TOOL-025;TOOL-028;TOOL-031;TOOL-033;TOOL-034;TOOL-035;TOOL-036;TOOL-039;TOOL-045;TOOL-049;TOOL-002;TOOL-003;TOOL-006;TOOL-007;TOOL-012;TOOL-019;TOOL-023;TOOL-027;TOOL-030;TOOL-037;TOOL-038	no	attachment_update	done	Stage 3 attachment route generated from completed scope row; use exact source blocks and missing-input prompts before item-level production claims.
S3-SCOPE-013	J016	S3-J015	GPTs/attachments/12_c_cli_odbc_precompiler.md	12. C, CLI, ODBC, Precompiler	APB-000017	GPTs/agent_playbooks/aid_version_release_patch_routing.md	AID, Version, Release, And Patch Routing Playbook	AID, version, release, and patch routing	pass	7.1;7.3;8.1_verified;multi;aid	SRC-000228;SRC-000397;SRC-000424;SRC-000425;SRC-000426;SRC-000450;SRC-000451;SRC-000452;SRC-000477;SRC-000473;SRC-000474;SRC-000475;SRC-000476;SRC-000443;SRC-000444;SRC-000445;SRC-000464;SRC-000465;SRC-000466;AID-000001;AID-000002;AID-000003;AID-000004;AID-000005;AID-000006;AID-000015;AID-000016;AID-000022;AID-000023;AID-000025;AID-000028;AID-SRC-000423;AID-SRC-000424;AID-SRC-000425;AID-SRC-000426;AID-SRC-000427;AID-SRC-000428;AID-SRC-000429;AID-SRC-000430;AID-SRC-000431;AID-SRC-000432;AID-SRC-000433;AID-SRC-000434;AID-SRC-000435;AID-SRC-000436;AID-SRC-000437;AID-SRC-000438	SRC-000228/BLOCK-000615;SRC-000397/BLOCK-000784;SRC-000424/BLOCK-000819;SRC-000425/BLOCK-000822;SRC-000426/BLOCK-000827;SRC-000450/BLOCK-000821;SRC-000451/BLOCK-000824;SRC-000452/BLOCK-000826;SRC-000477/BLOCK-000829;SRC-000473/BLOCK-000562;SRC-000474/BLOCK-000909;SRC-000475/BLOCK-000910;SRC-000476/BLOCK-000911;SRC-000443/BLOCK-000836;SRC-000444/BLOCK-000838;SRC-000445/BLOCK-000840;SRC-000464/BLOCK-000837;SRC-000465/BLOCK-000839;SRC-000466/BLOCK-000841;BLOCK-000454;BLOCK-000457;BLOCK-000459;BLOCK-000460;BLOCK-000429;BLOCK-000433;BLOCK-000431;BLOCK-000432;BLOCK-000451;BLOCK-000453;BLOCK-000448;BLOCK-000436;BLOCK-000437;BLOCK-000438;BLOCK-000439;BLOCK-000440;BLOCK-000441;BLOCK-000442;BLOCK-000443;BLOCK-000444;BLOCK-000445;BLOCK-000446;BLOCK-000447;BLOCK-000452	KAE-BLOCK-000022;KAE-BLOCK-000157;KAE-BLOCK-000231;KAE-BLOCK-000240;KAE-BLOCK-000241;KAE-BLOCK-000242;KAE-BLOCK-000275;KAE-BLOCK-000276;KAE-BLOCK-000287	routing_matrix;source_recheck_plan;version_boundary_note;patch_token_packet;aid_decision_packet;validation_checks	yes	CONF-000001;CONF-000002;CONF-000004;CONF-000005;CONF-000006;CONF-000007;CONF-000008;CONF-000009	TOOL-001;TOOL-004;TOOL-005;TOOL-017;TOOL-018;TOOL-020;TOOL-022;TOOL-024;TOOL-025;TOOL-028;TOOL-031;TOOL-033;TOOL-034;TOOL-035;TOOL-036;TOOL-039;TOOL-045;TOOL-049;TOOL-002;TOOL-003;TOOL-006;TOOL-007;TOOL-012;TOOL-019;TOOL-023;TOOL-027;TOOL-030;TOOL-037;TOOL-038	no	attachment_update	done	Stage 3 attachment route generated from completed scope row; use exact source blocks and missing-input prompts before item-level production claims.
S3-SCOPE-013	J016	S3-J015	GPTs/attachments/13_isql_iloader_basic_tools.md	13. iSQL, iLoader, and Basic Tools	APB-000009	GPTs/agent_playbooks/odbc_c_clients.md	ODBC And C Clients Playbook	ODBC and C clients	pass	7.1;7.3;8.1_verified	SRC-000046;SRC-000015;SRC-000050;SRC-000019;SRC-000052;SRC-000021;SRC-000065;SRC-000034;SRC-000068;SRC-000036;SRC-000110;SRC-000079;SRC-000114;SRC-000083;SRC-000116;SRC-000085;SRC-000128;SRC-000097;SRC-000130;SRC-000099;SRC-000170;SRC-000140;SRC-000174;SRC-000144;SRC-000176;SRC-000146;SRC-000188;SRC-000158;SRC-000190;SRC-000160;AID-SRC-000434	SRC-000046/BLOCK-000467;SRC-000015/BLOCK-000462;SRC-000050/BLOCK-000468;SRC-000019/BLOCK-000463;SRC-000052/BLOCK-000469;SRC-000021/BLOCK-000464;SRC-000065/BLOCK-000470;SRC-000034/BLOCK-000465;SRC-000068/BLOCK-000471;SRC-000036/BLOCK-000466;SRC-000110/BLOCK-000477;SRC-000079/BLOCK-000472;SRC-000114/BLOCK-000478;SRC-000083/BLOCK-000473;SRC-000116/BLOCK-000479;SRC-000085/BLOCK-000474;SRC-000128/BLOCK-000480;SRC-000097/BLOCK-000475;SRC-000130/BLOCK-000481;SRC-000099/BLOCK-000476;SRC-000170/BLOCK-000487;SRC-000140/BLOCK-000482;SRC-000174/BLOCK-000488;SRC-000144/BLOCK-000483;SRC-000176/BLOCK-000489;SRC-000146/BLOCK-000484;SRC-000188/BLOCK-000490;SRC-000158/BLOCK-000485;SRC-000190/BLOCK-000491;SRC-000160/BLOCK-000486;BLOCK-000444	KAE-BLOCK-000002;KAE-BLOCK-000003;KAE-BLOCK-000004;KAE-BLOCK-000005;KAE-BLOCK-000006;KAE-BLOCK-000137;KAE-BLOCK-000138;KAE-BLOCK-000139;KAE-BLOCK-000140;KAE-BLOCK-000141;KAE-BLOCK-000192;KAE-BLOCK-000193;KAE-BLOCK-000194;KAE-BLOCK-000195;KAE-BLOCK-000196;KAE-BLOCK-000274;KAE-BLOCK-000276	configuration;code;commands;compile_checks;connection_checks;diagnostics;tests	no	CONF-000006;CONF-000007	TOOL-001;TOOL-004;TOOL-005;TOOL-017;TOOL-018;TOOL-020;TOOL-022;TOOL-024;TOOL-025;TOOL-028;TOOL-031;TOOL-033;TOOL-034;TOOL-035;TOOL-036;TOOL-039;TOOL-045;TOOL-049;TOOL-002;TOOL-003;TOOL-006;TOOL-007;TOOL-012;TOOL-019;TOOL-023;TOOL-027;TOOL-030;TOOL-037;TOOL-038	no	attachment_update	done	Stage 3 attachment route generated from completed scope row; use exact source blocks and missing-input prompts before item-level production claims.
S3-SCOPE-013	J016	S3-J015	GPTs/attachments/13_isql_iloader_basic_tools.md	13. iSQL, iLoader, and Basic Tools	APB-000011	GPTs/agent_playbooks/tools.md	Tools Playbook	Tools	pass	7.1;7.3;8.1_verified;multi	SRC-000044;SRC-000077;SRC-000107;SRC-000138;SRC-000167;SRC-000198;SRC-000045;SRC-000078;SRC-000108;SRC-000139;SRC-000168;SRC-000199;SRC-000043;SRC-000076;SRC-000106;SRC-000137;SRC-000166;SRC-000197;SRC-000206;SRC-000213;SRC-000220;SRC-000227;SRC-000449;SRC-000471;AID-SRC-000043;AID-SRC-000044;AID-SRC-000045;AID-SRC-000046;AID-SRC-000047;AID-SRC-000110	SRC-000044/BLOCK-000538;SRC-000077/BLOCK-000540;SRC-000107/BLOCK-000542;SRC-000138/BLOCK-000544;SRC-000167/BLOCK-000546;SRC-000198/BLOCK-000548;SRC-000045/BLOCK-000539;SRC-000078/BLOCK-000541;SRC-000108/BLOCK-000543;SRC-000139/BLOCK-000545;SRC-000168/BLOCK-000547;SRC-000199/BLOCK-000549;SRC-000043/BLOCK-000926;SRC-000076/BLOCK-000927;SRC-000106/BLOCK-000928;SRC-000137/BLOCK-000929;SRC-000166/BLOCK-000930;SRC-000197/BLOCK-000931;SRC-000206/BLOCK-000939;SRC-000213/BLOCK-000941;SRC-000220/BLOCK-000933;SRC-000227/BLOCK-000935;SRC-000449/BLOCK-000936;SRC-000471/BLOCK-000937;BLOCK-000090;BLOCK-000091;BLOCK-000092;BLOCK-000093;BLOCK-000094;BLOCK-000409	KAE-BLOCK-000014;KAE-BLOCK-000149;KAE-BLOCK-000205;KAE-BLOCK-000015;KAE-BLOCK-000150;KAE-BLOCK-000206;KAE-BLOCK-000038;KAE-BLOCK-000170;KAE-BLOCK-000227;KAE-BLOCK-000229;KAE-BLOCK-000252;KAE-BLOCK-000271;KAE-BLOCK-000274;KAE-BLOCK-000275;KAE-BLOCK-000276	commands;scripts;configuration;diagnostics;validation_checks;SQL	yes	CONF-000004;CONF-000006;CONF-000007	TOOL-001;TOOL-004;TOOL-005;TOOL-017;TOOL-018;TOOL-020;TOOL-022;TOOL-024;TOOL-025;TOOL-028;TOOL-031;TOOL-033;TOOL-034;TOOL-035;TOOL-036;TOOL-039;TOOL-045;TOOL-049;TOOL-002;TOOL-003;TOOL-006;TOOL-007;TOOL-012;TOOL-019;TOOL-023;TOOL-027;TOOL-030;TOOL-037;TOOL-038	no	attachment_update	done	Stage 3 attachment route generated from completed scope row; use exact source blocks and missing-input prompts before item-level production claims.
S3-SCOPE-013	J016	S3-J015	GPTs/attachments/13_isql_iloader_basic_tools.md	13. iSQL, iLoader, and Basic Tools	APB-000017	GPTs/agent_playbooks/aid_version_release_patch_routing.md	AID, Version, Release, And Patch Routing Playbook	AID, version, release, and patch routing	pass	7.1;7.3;8.1_verified;multi;aid	SRC-000228;SRC-000397;SRC-000424;SRC-000425;SRC-000426;SRC-000450;SRC-000451;SRC-000452;SRC-000477;SRC-000473;SRC-000474;SRC-000475;SRC-000476;SRC-000443;SRC-000444;SRC-000445;SRC-000464;SRC-000465;SRC-000466;AID-000001;AID-000002;AID-000003;AID-000004;AID-000005;AID-000006;AID-000015;AID-000016;AID-000022;AID-000023;AID-000025;AID-000028;AID-SRC-000423;AID-SRC-000424;AID-SRC-000425;AID-SRC-000426;AID-SRC-000427;AID-SRC-000428;AID-SRC-000429;AID-SRC-000430;AID-SRC-000431;AID-SRC-000432;AID-SRC-000433;AID-SRC-000434;AID-SRC-000435;AID-SRC-000436;AID-SRC-000437;AID-SRC-000438	SRC-000228/BLOCK-000615;SRC-000397/BLOCK-000784;SRC-000424/BLOCK-000819;SRC-000425/BLOCK-000822;SRC-000426/BLOCK-000827;SRC-000450/BLOCK-000821;SRC-000451/BLOCK-000824;SRC-000452/BLOCK-000826;SRC-000477/BLOCK-000829;SRC-000473/BLOCK-000562;SRC-000474/BLOCK-000909;SRC-000475/BLOCK-000910;SRC-000476/BLOCK-000911;SRC-000443/BLOCK-000836;SRC-000444/BLOCK-000838;SRC-000445/BLOCK-000840;SRC-000464/BLOCK-000837;SRC-000465/BLOCK-000839;SRC-000466/BLOCK-000841;BLOCK-000454;BLOCK-000457;BLOCK-000459;BLOCK-000460;BLOCK-000429;BLOCK-000433;BLOCK-000431;BLOCK-000432;BLOCK-000451;BLOCK-000453;BLOCK-000448;BLOCK-000436;BLOCK-000437;BLOCK-000438;BLOCK-000439;BLOCK-000440;BLOCK-000441;BLOCK-000442;BLOCK-000443;BLOCK-000444;BLOCK-000445;BLOCK-000446;BLOCK-000447;BLOCK-000452	KAE-BLOCK-000022;KAE-BLOCK-000157;KAE-BLOCK-000231;KAE-BLOCK-000240;KAE-BLOCK-000241;KAE-BLOCK-000242;KAE-BLOCK-000275;KAE-BLOCK-000276;KAE-BLOCK-000287	routing_matrix;source_recheck_plan;version_boundary_note;patch_token_packet;aid_decision_packet;validation_checks	yes	CONF-000001;CONF-000002;CONF-000004;CONF-000005;CONF-000006;CONF-000007;CONF-000008;CONF-000009	TOOL-001;TOOL-004;TOOL-005;TOOL-017;TOOL-018;TOOL-020;TOOL-022;TOOL-024;TOOL-025;TOOL-028;TOOL-031;TOOL-033;TOOL-034;TOOL-035;TOOL-036;TOOL-039;TOOL-045;TOOL-049;TOOL-002;TOOL-003;TOOL-006;TOOL-007;TOOL-012;TOOL-019;TOOL-023;TOOL-027;TOOL-030;TOOL-037;TOOL-038	no	attachment_update	done	Stage 3 attachment route generated from completed scope row; use exact source blocks and missing-input prompts before item-level production claims.
S3-SCOPE-013	J016	S3-J015	GPTs/attachments/14_utilities_operation_tools.md	14. Operations Utilities	APB-000009	GPTs/agent_playbooks/odbc_c_clients.md	ODBC And C Clients Playbook	ODBC and C clients	pass	7.1;7.3;8.1_verified	SRC-000046;SRC-000015;SRC-000050;SRC-000019;SRC-000052;SRC-000021;SRC-000065;SRC-000034;SRC-000068;SRC-000036;SRC-000110;SRC-000079;SRC-000114;SRC-000083;SRC-000116;SRC-000085;SRC-000128;SRC-000097;SRC-000130;SRC-000099;SRC-000170;SRC-000140;SRC-000174;SRC-000144;SRC-000176;SRC-000146;SRC-000188;SRC-000158;SRC-000190;SRC-000160;AID-SRC-000434	SRC-000046/BLOCK-000467;SRC-000015/BLOCK-000462;SRC-000050/BLOCK-000468;SRC-000019/BLOCK-000463;SRC-000052/BLOCK-000469;SRC-000021/BLOCK-000464;SRC-000065/BLOCK-000470;SRC-000034/BLOCK-000465;SRC-000068/BLOCK-000471;SRC-000036/BLOCK-000466;SRC-000110/BLOCK-000477;SRC-000079/BLOCK-000472;SRC-000114/BLOCK-000478;SRC-000083/BLOCK-000473;SRC-000116/BLOCK-000479;SRC-000085/BLOCK-000474;SRC-000128/BLOCK-000480;SRC-000097/BLOCK-000475;SRC-000130/BLOCK-000481;SRC-000099/BLOCK-000476;SRC-000170/BLOCK-000487;SRC-000140/BLOCK-000482;SRC-000174/BLOCK-000488;SRC-000144/BLOCK-000483;SRC-000176/BLOCK-000489;SRC-000146/BLOCK-000484;SRC-000188/BLOCK-000490;SRC-000158/BLOCK-000485;SRC-000190/BLOCK-000491;SRC-000160/BLOCK-000486;BLOCK-000444	KAE-BLOCK-000002;KAE-BLOCK-000003;KAE-BLOCK-000004;KAE-BLOCK-000005;KAE-BLOCK-000006;KAE-BLOCK-000137;KAE-BLOCK-000138;KAE-BLOCK-000139;KAE-BLOCK-000140;KAE-BLOCK-000141;KAE-BLOCK-000192;KAE-BLOCK-000193;KAE-BLOCK-000194;KAE-BLOCK-000195;KAE-BLOCK-000196;KAE-BLOCK-000274;KAE-BLOCK-000276	configuration;code;commands;compile_checks;connection_checks;diagnostics;tests	no	CONF-000006;CONF-000007	TOOL-001;TOOL-004;TOOL-005;TOOL-017;TOOL-018;TOOL-020;TOOL-022;TOOL-024;TOOL-025;TOOL-028;TOOL-031;TOOL-033;TOOL-034;TOOL-035;TOOL-036;TOOL-039;TOOL-045;TOOL-049;TOOL-002;TOOL-003;TOOL-006;TOOL-007;TOOL-012;TOOL-019;TOOL-023;TOOL-027;TOOL-030;TOOL-037;TOOL-038	no	attachment_update	done	Stage 3 attachment route generated from completed scope row; use exact source blocks and missing-input prompts before item-level production claims.
S3-SCOPE-013	J016	S3-J015	GPTs/attachments/14_utilities_operation_tools.md	14. Operations Utilities	APB-000011	GPTs/agent_playbooks/tools.md	Tools Playbook	Tools	pass	7.1;7.3;8.1_verified;multi	SRC-000044;SRC-000077;SRC-000107;SRC-000138;SRC-000167;SRC-000198;SRC-000045;SRC-000078;SRC-000108;SRC-000139;SRC-000168;SRC-000199;SRC-000043;SRC-000076;SRC-000106;SRC-000137;SRC-000166;SRC-000197;SRC-000206;SRC-000213;SRC-000220;SRC-000227;SRC-000449;SRC-000471;AID-SRC-000043;AID-SRC-000044;AID-SRC-000045;AID-SRC-000046;AID-SRC-000047;AID-SRC-000110	SRC-000044/BLOCK-000538;SRC-000077/BLOCK-000540;SRC-000107/BLOCK-000542;SRC-000138/BLOCK-000544;SRC-000167/BLOCK-000546;SRC-000198/BLOCK-000548;SRC-000045/BLOCK-000539;SRC-000078/BLOCK-000541;SRC-000108/BLOCK-000543;SRC-000139/BLOCK-000545;SRC-000168/BLOCK-000547;SRC-000199/BLOCK-000549;SRC-000043/BLOCK-000926;SRC-000076/BLOCK-000927;SRC-000106/BLOCK-000928;SRC-000137/BLOCK-000929;SRC-000166/BLOCK-000930;SRC-000197/BLOCK-000931;SRC-000206/BLOCK-000939;SRC-000213/BLOCK-000941;SRC-000220/BLOCK-000933;SRC-000227/BLOCK-000935;SRC-000449/BLOCK-000936;SRC-000471/BLOCK-000937;BLOCK-000090;BLOCK-000091;BLOCK-000092;BLOCK-000093;BLOCK-000094;BLOCK-000409	KAE-BLOCK-000014;KAE-BLOCK-000149;KAE-BLOCK-000205;KAE-BLOCK-000015;KAE-BLOCK-000150;KAE-BLOCK-000206;KAE-BLOCK-000038;KAE-BLOCK-000170;KAE-BLOCK-000227;KAE-BLOCK-000229;KAE-BLOCK-000252;KAE-BLOCK-000271;KAE-BLOCK-000274;KAE-BLOCK-000275;KAE-BLOCK-000276	commands;scripts;configuration;diagnostics;validation_checks;SQL	yes	CONF-000004;CONF-000006;CONF-000007	TOOL-001;TOOL-004;TOOL-005;TOOL-017;TOOL-018;TOOL-020;TOOL-022;TOOL-024;TOOL-025;TOOL-028;TOOL-031;TOOL-033;TOOL-034;TOOL-035;TOOL-036;TOOL-039;TOOL-045;TOOL-049;TOOL-002;TOOL-003;TOOL-006;TOOL-007;TOOL-012;TOOL-019;TOOL-023;TOOL-027;TOOL-030;TOOL-037;TOOL-038	no	attachment_update	done	Stage 3 attachment route generated from completed scope row; use exact source blocks and missing-input prompts before item-level production claims.
S3-SCOPE-013	J016	S3-J015	GPTs/attachments/14_utilities_operation_tools.md	14. Operations Utilities	APB-000017	GPTs/agent_playbooks/aid_version_release_patch_routing.md	AID, Version, Release, And Patch Routing Playbook	AID, version, release, and patch routing	pass	7.1;7.3;8.1_verified;multi;aid	SRC-000228;SRC-000397;SRC-000424;SRC-000425;SRC-000426;SRC-000450;SRC-000451;SRC-000452;SRC-000477;SRC-000473;SRC-000474;SRC-000475;SRC-000476;SRC-000443;SRC-000444;SRC-000445;SRC-000464;SRC-000465;SRC-000466;AID-000001;AID-000002;AID-000003;AID-000004;AID-000005;AID-000006;AID-000015;AID-000016;AID-000022;AID-000023;AID-000025;AID-000028;AID-SRC-000423;AID-SRC-000424;AID-SRC-000425;AID-SRC-000426;AID-SRC-000427;AID-SRC-000428;AID-SRC-000429;AID-SRC-000430;AID-SRC-000431;AID-SRC-000432;AID-SRC-000433;AID-SRC-000434;AID-SRC-000435;AID-SRC-000436;AID-SRC-000437;AID-SRC-000438	SRC-000228/BLOCK-000615;SRC-000397/BLOCK-000784;SRC-000424/BLOCK-000819;SRC-000425/BLOCK-000822;SRC-000426/BLOCK-000827;SRC-000450/BLOCK-000821;SRC-000451/BLOCK-000824;SRC-000452/BLOCK-000826;SRC-000477/BLOCK-000829;SRC-000473/BLOCK-000562;SRC-000474/BLOCK-000909;SRC-000475/BLOCK-000910;SRC-000476/BLOCK-000911;SRC-000443/BLOCK-000836;SRC-000444/BLOCK-000838;SRC-000445/BLOCK-000840;SRC-000464/BLOCK-000837;SRC-000465/BLOCK-000839;SRC-000466/BLOCK-000841;BLOCK-000454;BLOCK-000457;BLOCK-000459;BLOCK-000460;BLOCK-000429;BLOCK-000433;BLOCK-000431;BLOCK-000432;BLOCK-000451;BLOCK-000453;BLOCK-000448;BLOCK-000436;BLOCK-000437;BLOCK-000438;BLOCK-000439;BLOCK-000440;BLOCK-000441;BLOCK-000442;BLOCK-000443;BLOCK-000444;BLOCK-000445;BLOCK-000446;BLOCK-000447;BLOCK-000452	KAE-BLOCK-000022;KAE-BLOCK-000157;KAE-BLOCK-000231;KAE-BLOCK-000240;KAE-BLOCK-000241;KAE-BLOCK-000242;KAE-BLOCK-000275;KAE-BLOCK-000276;KAE-BLOCK-000287	routing_matrix;source_recheck_plan;version_boundary_note;patch_token_packet;aid_decision_packet;validation_checks	yes	CONF-000001;CONF-000002;CONF-000004;CONF-000005;CONF-000006;CONF-000007;CONF-000008;CONF-000009	TOOL-001;TOOL-004;TOOL-005;TOOL-017;TOOL-018;TOOL-020;TOOL-022;TOOL-024;TOOL-025;TOOL-028;TOOL-031;TOOL-033;TOOL-034;TOOL-035;TOOL-036;TOOL-039;TOOL-045;TOOL-049;TOOL-002;TOOL-003;TOOL-006;TOOL-007;TOOL-012;TOOL-019;TOOL-023;TOOL-027;TOOL-030;TOOL-037;TOOL-038	no	attachment_update	done	Stage 3 attachment route generated from completed scope row; use exact source blocks and missing-input prompts before item-level production claims.
S3-SCOPE-014	J017	S3-J016	GPTs/attachments/11_java_jdbc_spring.md	11. Java, JDBC, and Spring	APB-000010	GPTs/agent_playbooks/java_jdbc.md	Java And JDBC Playbook	Java and JDBC	pass	7.1;7.3;8.1_verified	SRC-000047;SRC-000016;SRC-000061;SRC-000030;SRC-000111;SRC-000080;SRC-000125;SRC-000094;SRC-000171;SRC-000141;SRC-000185;SRC-000155;SRC-000473;SRC-000012;SRC-000005;SRC-000013;SRC-000006;AID-SRC-000434;AID-SRC-000435	SRC-000047/BLOCK-000552;SRC-000016/BLOCK-000550;SRC-000061/BLOCK-000553;SRC-000030/BLOCK-000551;SRC-000111/BLOCK-000556;SRC-000080/BLOCK-000554;SRC-000125/BLOCK-000557;SRC-000094/BLOCK-000555;SRC-000171/BLOCK-000560;SRC-000141/BLOCK-000558;SRC-000185/BLOCK-000561;SRC-000155/BLOCK-000559;SRC-000473/BLOCK-000562;SRC-000012/BLOCK-000923;SRC-000005/BLOCK-000916;SRC-000013/BLOCK-000924;SRC-000006/BLOCK-000917;BLOCK-000444;BLOCK-000445	KAE-BLOCK-000016;KAE-BLOCK-000017;KAE-BLOCK-000151;KAE-BLOCK-000152;KAE-BLOCK-000207;KAE-BLOCK-000208;KAE-BLOCK-000231;KAE-BLOCK-000247;KAE-BLOCK-000248;KAE-BLOCK-000274;KAE-BLOCK-000276	configuration;code;commands;tests;connection_checks;diagnostics	no	CONF-000006;CONF-000007	TOOL-046;TOOL-009;TOOL-010;TOOL-013;TOOL-015;TOOL-041;TOOL-048;TOOL-050;TOOL-011;TOOL-014;TOOL-043;TOOL-047	yes	attachment_update	done	Stage 3 attachment route generated from completed scope row; use exact source blocks and missing-input prompts before item-level production claims.
S3-SCOPE-014	J017	S3-J016	GPTs/attachments/11_java_jdbc_spring.md	11. Java, JDBC, and Spring	APB-000012	GPTs/agent_playbooks/migration_integrations.md	Migration And Integrations Playbook	Migration and integrations	pass	7.1;7.3;8.1_verified;multi	SRC-000017;SRC-000048;SRC-000081;SRC-000112;SRC-000142;SRC-000172;SRC-000216;SRC-000223;SRC-000202;SRC-000209;SRC-000430;SRC-000453;SRC-000431;SRC-000454;SRC-000432;SRC-000455;SRC-000433;SRC-000456;SRC-000434;SRC-000457;SRC-000435;SRC-000458;SRC-000436;SRC-000459;SRC-000437;SRC-000460;SRC-000438;SRC-000461;SRC-000439;SRC-000462;SRC-000440;SRC-000441;SRC-000442;SRC-000463;SRC-000022;SRC-000053;SRC-000086;SRC-000117;SRC-000147;SRC-000177;SRC-000028;SRC-000059;SRC-000092;SRC-000123;SRC-000153;SRC-000183;SRC-000214;SRC-000221;SRC-000200;SRC-000207;SRC-000041;SRC-000074;SRC-000104;SRC-000135;SRC-000164;SRC-000195;SRC-000219;SRC-000226;SRC-000205;SRC-000212;SRC-000448;SRC-000470;SRC-000002;SRC-000008;SRC-000003;SRC-000009;SRC-000004;SRC-000010;SRC-000007;SRC-000014;AID-SRC-000356	SRC-000017/BLOCK-000569;SRC-000048/BLOCK-000570;SRC-000081/BLOCK-000571;SRC-000112/BLOCK-000572;SRC-000142/BLOCK-000573;SRC-000172/BLOCK-000574;SRC-000216/BLOCK-000575;SRC-000223/BLOCK-000576;SRC-000202/BLOCK-000601;SRC-000209/BLOCK-000602;SRC-000430/BLOCK-000577;SRC-000453/BLOCK-000578;SRC-000431/BLOCK-000579;SRC-000454/BLOCK-000580;SRC-000432/BLOCK-000581;SRC-000455/BLOCK-000582;SRC-000433/BLOCK-000583;SRC-000456/BLOCK-000584;SRC-000434/BLOCK-000585;SRC-000457/BLOCK-000586;SRC-000435/BLOCK-000587;SRC-000458/BLOCK-000588;SRC-000436/BLOCK-000589;SRC-000459/BLOCK-000590;SRC-000437/BLOCK-000591;SRC-000460/BLOCK-000592;SRC-000438/BLOCK-000593;SRC-000461/BLOCK-000594;SRC-000439/BLOCK-000595;SRC-000462/BLOCK-000596;SRC-000440/BLOCK-000597;SRC-000441/BLOCK-000598;SRC-000442/BLOCK-000599;SRC-000463/BLOCK-000600;SRC-000022/BLOCK-000492;SRC-000053/BLOCK-000494;SRC-000086/BLOCK-000496;SRC-000117/BLOCK-000498;SRC-000147/BLOCK-000500;SRC-000177/BLOCK-000502;SRC-000028/BLOCK-000493;SRC-000059/BLOCK-000495;SRC-000092/BLOCK-000497;SRC-000123/BLOCK-000499;SRC-000153/BLOCK-000501;SRC-000183/BLOCK-000503;SRC-000214/BLOCK-000504;SRC-000221/BLOCK-000505;SRC-000200/BLOCK-000506;SRC-000207/BLOCK-000507;SRC-000041/BLOCK-000871;SRC-000074/BLOCK-000872;SRC-000104/BLOCK-000873;SRC-000135/BLOCK-000874;SRC-000164/BLOCK-000875;SRC-000195/BLOCK-000876;SRC-000219/BLOCK-000877;SRC-000226/BLOCK-000878;SRC-000205/BLOCK-000879;SRC-000212/BLOCK-000880;SRC-000448/BLOCK-000881;SRC-000470/BLOCK-000882;SRC-000002/BLOCK-000913;SRC-000008/BLOCK-000919;SRC-000003/BLOCK-000914;SRC-000009/BLOCK-000920;SRC-000004/BLOCK-000915;SRC-000010/BLOCK-000921;SRC-000007/BLOCK-000918;SRC-000014/BLOCK-000925;BLOCK-000423	KAE-BLOCK-000019;KAE-BLOCK-000154;KAE-BLOCK-000210;KAE-BLOCK-000211;KAE-BLOCK-000232;KAE-BLOCK-000254;KAE-BLOCK-000255;KAE-BLOCK-000256;KAE-BLOCK-000257;KAE-BLOCK-000258;KAE-BLOCK-000259;KAE-BLOCK-000260;KAE-BLOCK-000261;KAE-BLOCK-000262;KAE-BLOCK-000263;KAE-BLOCK-000266;KAE-BLOCK-000007;KAE-BLOCK-000008;KAE-BLOCK-000142;KAE-BLOCK-000143;KAE-BLOCK-000197;KAE-BLOCK-000198;KAE-BLOCK-000230;KAE-BLOCK-000034;KAE-BLOCK-000165;KAE-BLOCK-000221;KAE-BLOCK-000222;KAE-BLOCK-000238;KAE-BLOCK-000239;KAE-BLOCK-000244;KAE-BLOCK-000245;KAE-BLOCK-000246;KAE-BLOCK-000249;KAE-BLOCK-000274;KAE-BLOCK-000275;KAE-BLOCK-000276	commands;scripts;configuration;mapping_notes;validation_checks;SQL;YAML;runbook	yes	CONF-000004;CONF-000006;CONF-000007;CONF-000009	TOOL-046;TOOL-009;TOOL-010;TOOL-013;TOOL-015;TOOL-041;TOOL-048;TOOL-050;TOOL-011;TOOL-014;TOOL-043;TOOL-047	yes	attachment_update	done	Stage 3 attachment route generated from completed scope row; use exact source blocks and missing-input prompts before item-level production claims.
S3-SCOPE-014	J017	S3-J016	GPTs/attachments/11_java_jdbc_spring.md	11. Java, JDBC, and Spring	APB-000017	GPTs/agent_playbooks/aid_version_release_patch_routing.md	AID, Version, Release, And Patch Routing Playbook	AID, version, release, and patch routing	pass	7.1;7.3;8.1_verified;multi;aid	SRC-000228;SRC-000397;SRC-000424;SRC-000425;SRC-000426;SRC-000450;SRC-000451;SRC-000452;SRC-000477;SRC-000473;SRC-000474;SRC-000475;SRC-000476;SRC-000443;SRC-000444;SRC-000445;SRC-000464;SRC-000465;SRC-000466;AID-000001;AID-000002;AID-000003;AID-000004;AID-000005;AID-000006;AID-000015;AID-000016;AID-000022;AID-000023;AID-000025;AID-000028;AID-SRC-000423;AID-SRC-000424;AID-SRC-000425;AID-SRC-000426;AID-SRC-000427;AID-SRC-000428;AID-SRC-000429;AID-SRC-000430;AID-SRC-000431;AID-SRC-000432;AID-SRC-000433;AID-SRC-000434;AID-SRC-000435;AID-SRC-000436;AID-SRC-000437;AID-SRC-000438	SRC-000228/BLOCK-000615;SRC-000397/BLOCK-000784;SRC-000424/BLOCK-000819;SRC-000425/BLOCK-000822;SRC-000426/BLOCK-000827;SRC-000450/BLOCK-000821;SRC-000451/BLOCK-000824;SRC-000452/BLOCK-000826;SRC-000477/BLOCK-000829;SRC-000473/BLOCK-000562;SRC-000474/BLOCK-000909;SRC-000475/BLOCK-000910;SRC-000476/BLOCK-000911;SRC-000443/BLOCK-000836;SRC-000444/BLOCK-000838;SRC-000445/BLOCK-000840;SRC-000464/BLOCK-000837;SRC-000465/BLOCK-000839;SRC-000466/BLOCK-000841;BLOCK-000454;BLOCK-000457;BLOCK-000459;BLOCK-000460;BLOCK-000429;BLOCK-000433;BLOCK-000431;BLOCK-000432;BLOCK-000451;BLOCK-000453;BLOCK-000448;BLOCK-000436;BLOCK-000437;BLOCK-000438;BLOCK-000439;BLOCK-000440;BLOCK-000441;BLOCK-000442;BLOCK-000443;BLOCK-000444;BLOCK-000445;BLOCK-000446;BLOCK-000447;BLOCK-000452	KAE-BLOCK-000022;KAE-BLOCK-000157;KAE-BLOCK-000231;KAE-BLOCK-000240;KAE-BLOCK-000241;KAE-BLOCK-000242;KAE-BLOCK-000275;KAE-BLOCK-000276;KAE-BLOCK-000287	routing_matrix;source_recheck_plan;version_boundary_note;patch_token_packet;aid_decision_packet;validation_checks	yes	CONF-000001;CONF-000002;CONF-000004;CONF-000005;CONF-000006;CONF-000007;CONF-000008;CONF-000009	TOOL-046;TOOL-009;TOOL-010;TOOL-013;TOOL-015;TOOL-041;TOOL-048;TOOL-050;TOOL-011;TOOL-014;TOOL-043;TOOL-047	yes	attachment_update	done	Stage 3 attachment route generated from completed scope row; use exact source blocks and missing-input prompts before item-level production claims.
S3-SCOPE-014	J017	S3-J016	GPTs/attachments/15_migration_oracle_compatibility.md	15. Migration and Oracle Compatibility	APB-000010	GPTs/agent_playbooks/java_jdbc.md	Java And JDBC Playbook	Java and JDBC	pass	7.1;7.3;8.1_verified	SRC-000047;SRC-000016;SRC-000061;SRC-000030;SRC-000111;SRC-000080;SRC-000125;SRC-000094;SRC-000171;SRC-000141;SRC-000185;SRC-000155;SRC-000473;SRC-000012;SRC-000005;SRC-000013;SRC-000006;AID-SRC-000434;AID-SRC-000435	SRC-000047/BLOCK-000552;SRC-000016/BLOCK-000550;SRC-000061/BLOCK-000553;SRC-000030/BLOCK-000551;SRC-000111/BLOCK-000556;SRC-000080/BLOCK-000554;SRC-000125/BLOCK-000557;SRC-000094/BLOCK-000555;SRC-000171/BLOCK-000560;SRC-000141/BLOCK-000558;SRC-000185/BLOCK-000561;SRC-000155/BLOCK-000559;SRC-000473/BLOCK-000562;SRC-000012/BLOCK-000923;SRC-000005/BLOCK-000916;SRC-000013/BLOCK-000924;SRC-000006/BLOCK-000917;BLOCK-000444;BLOCK-000445	KAE-BLOCK-000016;KAE-BLOCK-000017;KAE-BLOCK-000151;KAE-BLOCK-000152;KAE-BLOCK-000207;KAE-BLOCK-000208;KAE-BLOCK-000231;KAE-BLOCK-000247;KAE-BLOCK-000248;KAE-BLOCK-000274;KAE-BLOCK-000276	configuration;code;commands;tests;connection_checks;diagnostics	no	CONF-000006;CONF-000007	TOOL-046;TOOL-009;TOOL-010;TOOL-013;TOOL-015;TOOL-041;TOOL-048;TOOL-050;TOOL-011;TOOL-014;TOOL-043;TOOL-047	yes	attachment_update	done	Stage 3 attachment route generated from completed scope row; use exact source blocks and missing-input prompts before item-level production claims.
S3-SCOPE-014	J017	S3-J016	GPTs/attachments/15_migration_oracle_compatibility.md	15. Migration and Oracle Compatibility	APB-000012	GPTs/agent_playbooks/migration_integrations.md	Migration And Integrations Playbook	Migration and integrations	pass	7.1;7.3;8.1_verified;multi	SRC-000017;SRC-000048;SRC-000081;SRC-000112;SRC-000142;SRC-000172;SRC-000216;SRC-000223;SRC-000202;SRC-000209;SRC-000430;SRC-000453;SRC-000431;SRC-000454;SRC-000432;SRC-000455;SRC-000433;SRC-000456;SRC-000434;SRC-000457;SRC-000435;SRC-000458;SRC-000436;SRC-000459;SRC-000437;SRC-000460;SRC-000438;SRC-000461;SRC-000439;SRC-000462;SRC-000440;SRC-000441;SRC-000442;SRC-000463;SRC-000022;SRC-000053;SRC-000086;SRC-000117;SRC-000147;SRC-000177;SRC-000028;SRC-000059;SRC-000092;SRC-000123;SRC-000153;SRC-000183;SRC-000214;SRC-000221;SRC-000200;SRC-000207;SRC-000041;SRC-000074;SRC-000104;SRC-000135;SRC-000164;SRC-000195;SRC-000219;SRC-000226;SRC-000205;SRC-000212;SRC-000448;SRC-000470;SRC-000002;SRC-000008;SRC-000003;SRC-000009;SRC-000004;SRC-000010;SRC-000007;SRC-000014;AID-SRC-000356	SRC-000017/BLOCK-000569;SRC-000048/BLOCK-000570;SRC-000081/BLOCK-000571;SRC-000112/BLOCK-000572;SRC-000142/BLOCK-000573;SRC-000172/BLOCK-000574;SRC-000216/BLOCK-000575;SRC-000223/BLOCK-000576;SRC-000202/BLOCK-000601;SRC-000209/BLOCK-000602;SRC-000430/BLOCK-000577;SRC-000453/BLOCK-000578;SRC-000431/BLOCK-000579;SRC-000454/BLOCK-000580;SRC-000432/BLOCK-000581;SRC-000455/BLOCK-000582;SRC-000433/BLOCK-000583;SRC-000456/BLOCK-000584;SRC-000434/BLOCK-000585;SRC-000457/BLOCK-000586;SRC-000435/BLOCK-000587;SRC-000458/BLOCK-000588;SRC-000436/BLOCK-000589;SRC-000459/BLOCK-000590;SRC-000437/BLOCK-000591;SRC-000460/BLOCK-000592;SRC-000438/BLOCK-000593;SRC-000461/BLOCK-000594;SRC-000439/BLOCK-000595;SRC-000462/BLOCK-000596;SRC-000440/BLOCK-000597;SRC-000441/BLOCK-000598;SRC-000442/BLOCK-000599;SRC-000463/BLOCK-000600;SRC-000022/BLOCK-000492;SRC-000053/BLOCK-000494;SRC-000086/BLOCK-000496;SRC-000117/BLOCK-000498;SRC-000147/BLOCK-000500;SRC-000177/BLOCK-000502;SRC-000028/BLOCK-000493;SRC-000059/BLOCK-000495;SRC-000092/BLOCK-000497;SRC-000123/BLOCK-000499;SRC-000153/BLOCK-000501;SRC-000183/BLOCK-000503;SRC-000214/BLOCK-000504;SRC-000221/BLOCK-000505;SRC-000200/BLOCK-000506;SRC-000207/BLOCK-000507;SRC-000041/BLOCK-000871;SRC-000074/BLOCK-000872;SRC-000104/BLOCK-000873;SRC-000135/BLOCK-000874;SRC-000164/BLOCK-000875;SRC-000195/BLOCK-000876;SRC-000219/BLOCK-000877;SRC-000226/BLOCK-000878;SRC-000205/BLOCK-000879;SRC-000212/BLOCK-000880;SRC-000448/BLOCK-000881;SRC-000470/BLOCK-000882;SRC-000002/BLOCK-000913;SRC-000008/BLOCK-000919;SRC-000003/BLOCK-000914;SRC-000009/BLOCK-000920;SRC-000004/BLOCK-000915;SRC-000010/BLOCK-000921;SRC-000007/BLOCK-000918;SRC-000014/BLOCK-000925;BLOCK-000423	KAE-BLOCK-000019;KAE-BLOCK-000154;KAE-BLOCK-000210;KAE-BLOCK-000211;KAE-BLOCK-000232;KAE-BLOCK-000254;KAE-BLOCK-000255;KAE-BLOCK-000256;KAE-BLOCK-000257;KAE-BLOCK-000258;KAE-BLOCK-000259;KAE-BLOCK-000260;KAE-BLOCK-000261;KAE-BLOCK-000262;KAE-BLOCK-000263;KAE-BLOCK-000266;KAE-BLOCK-000007;KAE-BLOCK-000008;KAE-BLOCK-000142;KAE-BLOCK-000143;KAE-BLOCK-000197;KAE-BLOCK-000198;KAE-BLOCK-000230;KAE-BLOCK-000034;KAE-BLOCK-000165;KAE-BLOCK-000221;KAE-BLOCK-000222;KAE-BLOCK-000238;KAE-BLOCK-000239;KAE-BLOCK-000244;KAE-BLOCK-000245;KAE-BLOCK-000246;KAE-BLOCK-000249;KAE-BLOCK-000274;KAE-BLOCK-000275;KAE-BLOCK-000276	commands;scripts;configuration;mapping_notes;validation_checks;SQL;YAML;runbook	yes	CONF-000004;CONF-000006;CONF-000007;CONF-000009	TOOL-046;TOOL-009;TOOL-010;TOOL-013;TOOL-015;TOOL-041;TOOL-048;TOOL-050;TOOL-011;TOOL-014;TOOL-043;TOOL-047	yes	attachment_update	done	Stage 3 attachment route generated from completed scope row; use exact source blocks and missing-input prompts before item-level production claims.
S3-SCOPE-014	J017	S3-J016	GPTs/attachments/15_migration_oracle_compatibility.md	15. Migration and Oracle Compatibility	APB-000017	GPTs/agent_playbooks/aid_version_release_patch_routing.md	AID, Version, Release, And Patch Routing Playbook	AID, version, release, and patch routing	pass	7.1;7.3;8.1_verified;multi;aid	SRC-000228;SRC-000397;SRC-000424;SRC-000425;SRC-000426;SRC-000450;SRC-000451;SRC-000452;SRC-000477;SRC-000473;SRC-000474;SRC-000475;SRC-000476;SRC-000443;SRC-000444;SRC-000445;SRC-000464;SRC-000465;SRC-000466;AID-000001;AID-000002;AID-000003;AID-000004;AID-000005;AID-000006;AID-000015;AID-000016;AID-000022;AID-000023;AID-000025;AID-000028;AID-SRC-000423;AID-SRC-000424;AID-SRC-000425;AID-SRC-000426;AID-SRC-000427;AID-SRC-000428;AID-SRC-000429;AID-SRC-000430;AID-SRC-000431;AID-SRC-000432;AID-SRC-000433;AID-SRC-000434;AID-SRC-000435;AID-SRC-000436;AID-SRC-000437;AID-SRC-000438	SRC-000228/BLOCK-000615;SRC-000397/BLOCK-000784;SRC-000424/BLOCK-000819;SRC-000425/BLOCK-000822;SRC-000426/BLOCK-000827;SRC-000450/BLOCK-000821;SRC-000451/BLOCK-000824;SRC-000452/BLOCK-000826;SRC-000477/BLOCK-000829;SRC-000473/BLOCK-000562;SRC-000474/BLOCK-000909;SRC-000475/BLOCK-000910;SRC-000476/BLOCK-000911;SRC-000443/BLOCK-000836;SRC-000444/BLOCK-000838;SRC-000445/BLOCK-000840;SRC-000464/BLOCK-000837;SRC-000465/BLOCK-000839;SRC-000466/BLOCK-000841;BLOCK-000454;BLOCK-000457;BLOCK-000459;BLOCK-000460;BLOCK-000429;BLOCK-000433;BLOCK-000431;BLOCK-000432;BLOCK-000451;BLOCK-000453;BLOCK-000448;BLOCK-000436;BLOCK-000437;BLOCK-000438;BLOCK-000439;BLOCK-000440;BLOCK-000441;BLOCK-000442;BLOCK-000443;BLOCK-000444;BLOCK-000445;BLOCK-000446;BLOCK-000447;BLOCK-000452	KAE-BLOCK-000022;KAE-BLOCK-000157;KAE-BLOCK-000231;KAE-BLOCK-000240;KAE-BLOCK-000241;KAE-BLOCK-000242;KAE-BLOCK-000275;KAE-BLOCK-000276;KAE-BLOCK-000287	routing_matrix;source_recheck_plan;version_boundary_note;patch_token_packet;aid_decision_packet;validation_checks	yes	CONF-000001;CONF-000002;CONF-000004;CONF-000005;CONF-000006;CONF-000007;CONF-000008;CONF-000009	TOOL-046;TOOL-009;TOOL-010;TOOL-013;TOOL-015;TOOL-041;TOOL-048;TOOL-050;TOOL-011;TOOL-014;TOOL-043;TOOL-047	yes	attachment_update	done	Stage 3 attachment route generated from completed scope row; use exact source blocks and missing-input prompts before item-level production claims.
S3-SCOPE-014	J017	S3-J016	GPTs/attachments/16_dblink_external_connectors.md	16. DB Link and External Connectors	APB-000010	GPTs/agent_playbooks/java_jdbc.md	Java And JDBC Playbook	Java and JDBC	pass	7.1;7.3;8.1_verified	SRC-000047;SRC-000016;SRC-000061;SRC-000030;SRC-000111;SRC-000080;SRC-000125;SRC-000094;SRC-000171;SRC-000141;SRC-000185;SRC-000155;SRC-000473;SRC-000012;SRC-000005;SRC-000013;SRC-000006;AID-SRC-000434;AID-SRC-000435	SRC-000047/BLOCK-000552;SRC-000016/BLOCK-000550;SRC-000061/BLOCK-000553;SRC-000030/BLOCK-000551;SRC-000111/BLOCK-000556;SRC-000080/BLOCK-000554;SRC-000125/BLOCK-000557;SRC-000094/BLOCK-000555;SRC-000171/BLOCK-000560;SRC-000141/BLOCK-000558;SRC-000185/BLOCK-000561;SRC-000155/BLOCK-000559;SRC-000473/BLOCK-000562;SRC-000012/BLOCK-000923;SRC-000005/BLOCK-000916;SRC-000013/BLOCK-000924;SRC-000006/BLOCK-000917;BLOCK-000444;BLOCK-000445	KAE-BLOCK-000016;KAE-BLOCK-000017;KAE-BLOCK-000151;KAE-BLOCK-000152;KAE-BLOCK-000207;KAE-BLOCK-000208;KAE-BLOCK-000231;KAE-BLOCK-000247;KAE-BLOCK-000248;KAE-BLOCK-000274;KAE-BLOCK-000276	configuration;code;commands;tests;connection_checks;diagnostics	no	CONF-000006;CONF-000007	TOOL-046;TOOL-009;TOOL-010;TOOL-013;TOOL-015;TOOL-041;TOOL-048;TOOL-050;TOOL-011;TOOL-014;TOOL-043;TOOL-047	yes	attachment_update	done	Stage 3 attachment route generated from completed scope row; use exact source blocks and missing-input prompts before item-level production claims.
S3-SCOPE-014	J017	S3-J016	GPTs/attachments/16_dblink_external_connectors.md	16. DB Link and External Connectors	APB-000012	GPTs/agent_playbooks/migration_integrations.md	Migration And Integrations Playbook	Migration and integrations	pass	7.1;7.3;8.1_verified;multi	SRC-000017;SRC-000048;SRC-000081;SRC-000112;SRC-000142;SRC-000172;SRC-000216;SRC-000223;SRC-000202;SRC-000209;SRC-000430;SRC-000453;SRC-000431;SRC-000454;SRC-000432;SRC-000455;SRC-000433;SRC-000456;SRC-000434;SRC-000457;SRC-000435;SRC-000458;SRC-000436;SRC-000459;SRC-000437;SRC-000460;SRC-000438;SRC-000461;SRC-000439;SRC-000462;SRC-000440;SRC-000441;SRC-000442;SRC-000463;SRC-000022;SRC-000053;SRC-000086;SRC-000117;SRC-000147;SRC-000177;SRC-000028;SRC-000059;SRC-000092;SRC-000123;SRC-000153;SRC-000183;SRC-000214;SRC-000221;SRC-000200;SRC-000207;SRC-000041;SRC-000074;SRC-000104;SRC-000135;SRC-000164;SRC-000195;SRC-000219;SRC-000226;SRC-000205;SRC-000212;SRC-000448;SRC-000470;SRC-000002;SRC-000008;SRC-000003;SRC-000009;SRC-000004;SRC-000010;SRC-000007;SRC-000014;AID-SRC-000356	SRC-000017/BLOCK-000569;SRC-000048/BLOCK-000570;SRC-000081/BLOCK-000571;SRC-000112/BLOCK-000572;SRC-000142/BLOCK-000573;SRC-000172/BLOCK-000574;SRC-000216/BLOCK-000575;SRC-000223/BLOCK-000576;SRC-000202/BLOCK-000601;SRC-000209/BLOCK-000602;SRC-000430/BLOCK-000577;SRC-000453/BLOCK-000578;SRC-000431/BLOCK-000579;SRC-000454/BLOCK-000580;SRC-000432/BLOCK-000581;SRC-000455/BLOCK-000582;SRC-000433/BLOCK-000583;SRC-000456/BLOCK-000584;SRC-000434/BLOCK-000585;SRC-000457/BLOCK-000586;SRC-000435/BLOCK-000587;SRC-000458/BLOCK-000588;SRC-000436/BLOCK-000589;SRC-000459/BLOCK-000590;SRC-000437/BLOCK-000591;SRC-000460/BLOCK-000592;SRC-000438/BLOCK-000593;SRC-000461/BLOCK-000594;SRC-000439/BLOCK-000595;SRC-000462/BLOCK-000596;SRC-000440/BLOCK-000597;SRC-000441/BLOCK-000598;SRC-000442/BLOCK-000599;SRC-000463/BLOCK-000600;SRC-000022/BLOCK-000492;SRC-000053/BLOCK-000494;SRC-000086/BLOCK-000496;SRC-000117/BLOCK-000498;SRC-000147/BLOCK-000500;SRC-000177/BLOCK-000502;SRC-000028/BLOCK-000493;SRC-000059/BLOCK-000495;SRC-000092/BLOCK-000497;SRC-000123/BLOCK-000499;SRC-000153/BLOCK-000501;SRC-000183/BLOCK-000503;SRC-000214/BLOCK-000504;SRC-000221/BLOCK-000505;SRC-000200/BLOCK-000506;SRC-000207/BLOCK-000507;SRC-000041/BLOCK-000871;SRC-000074/BLOCK-000872;SRC-000104/BLOCK-000873;SRC-000135/BLOCK-000874;SRC-000164/BLOCK-000875;SRC-000195/BLOCK-000876;SRC-000219/BLOCK-000877;SRC-000226/BLOCK-000878;SRC-000205/BLOCK-000879;SRC-000212/BLOCK-000880;SRC-000448/BLOCK-000881;SRC-000470/BLOCK-000882;SRC-000002/BLOCK-000913;SRC-000008/BLOCK-000919;SRC-000003/BLOCK-000914;SRC-000009/BLOCK-000920;SRC-000004/BLOCK-000915;SRC-000010/BLOCK-000921;SRC-000007/BLOCK-000918;SRC-000014/BLOCK-000925;BLOCK-000423	KAE-BLOCK-000019;KAE-BLOCK-000154;KAE-BLOCK-000210;KAE-BLOCK-000211;KAE-BLOCK-000232;KAE-BLOCK-000254;KAE-BLOCK-000255;KAE-BLOCK-000256;KAE-BLOCK-000257;KAE-BLOCK-000258;KAE-BLOCK-000259;KAE-BLOCK-000260;KAE-BLOCK-000261;KAE-BLOCK-000262;KAE-BLOCK-000263;KAE-BLOCK-000266;KAE-BLOCK-000007;KAE-BLOCK-000008;KAE-BLOCK-000142;KAE-BLOCK-000143;KAE-BLOCK-000197;KAE-BLOCK-000198;KAE-BLOCK-000230;KAE-BLOCK-000034;KAE-BLOCK-000165;KAE-BLOCK-000221;KAE-BLOCK-000222;KAE-BLOCK-000238;KAE-BLOCK-000239;KAE-BLOCK-000244;KAE-BLOCK-000245;KAE-BLOCK-000246;KAE-BLOCK-000249;KAE-BLOCK-000274;KAE-BLOCK-000275;KAE-BLOCK-000276	commands;scripts;configuration;mapping_notes;validation_checks;SQL;YAML;runbook	yes	CONF-000004;CONF-000006;CONF-000007;CONF-000009	TOOL-046;TOOL-009;TOOL-010;TOOL-013;TOOL-015;TOOL-041;TOOL-048;TOOL-050;TOOL-011;TOOL-014;TOOL-043;TOOL-047	yes	attachment_update	done	Stage 3 attachment route generated from completed scope row; use exact source blocks and missing-input prompts before item-level production claims.
S3-SCOPE-014	J017	S3-J016	GPTs/attachments/16_dblink_external_connectors.md	16. DB Link and External Connectors	APB-000017	GPTs/agent_playbooks/aid_version_release_patch_routing.md	AID, Version, Release, And Patch Routing Playbook	AID, version, release, and patch routing	pass	7.1;7.3;8.1_verified;multi;aid	SRC-000228;SRC-000397;SRC-000424;SRC-000425;SRC-000426;SRC-000450;SRC-000451;SRC-000452;SRC-000477;SRC-000473;SRC-000474;SRC-000475;SRC-000476;SRC-000443;SRC-000444;SRC-000445;SRC-000464;SRC-000465;SRC-000466;AID-000001;AID-000002;AID-000003;AID-000004;AID-000005;AID-000006;AID-000015;AID-000016;AID-000022;AID-000023;AID-000025;AID-000028;AID-SRC-000423;AID-SRC-000424;AID-SRC-000425;AID-SRC-000426;AID-SRC-000427;AID-SRC-000428;AID-SRC-000429;AID-SRC-000430;AID-SRC-000431;AID-SRC-000432;AID-SRC-000433;AID-SRC-000434;AID-SRC-000435;AID-SRC-000436;AID-SRC-000437;AID-SRC-000438	SRC-000228/BLOCK-000615;SRC-000397/BLOCK-000784;SRC-000424/BLOCK-000819;SRC-000425/BLOCK-000822;SRC-000426/BLOCK-000827;SRC-000450/BLOCK-000821;SRC-000451/BLOCK-000824;SRC-000452/BLOCK-000826;SRC-000477/BLOCK-000829;SRC-000473/BLOCK-000562;SRC-000474/BLOCK-000909;SRC-000475/BLOCK-000910;SRC-000476/BLOCK-000911;SRC-000443/BLOCK-000836;SRC-000444/BLOCK-000838;SRC-000445/BLOCK-000840;SRC-000464/BLOCK-000837;SRC-000465/BLOCK-000839;SRC-000466/BLOCK-000841;BLOCK-000454;BLOCK-000457;BLOCK-000459;BLOCK-000460;BLOCK-000429;BLOCK-000433;BLOCK-000431;BLOCK-000432;BLOCK-000451;BLOCK-000453;BLOCK-000448;BLOCK-000436;BLOCK-000437;BLOCK-000438;BLOCK-000439;BLOCK-000440;BLOCK-000441;BLOCK-000442;BLOCK-000443;BLOCK-000444;BLOCK-000445;BLOCK-000446;BLOCK-000447;BLOCK-000452	KAE-BLOCK-000022;KAE-BLOCK-000157;KAE-BLOCK-000231;KAE-BLOCK-000240;KAE-BLOCK-000241;KAE-BLOCK-000242;KAE-BLOCK-000275;KAE-BLOCK-000276;KAE-BLOCK-000287	routing_matrix;source_recheck_plan;version_boundary_note;patch_token_packet;aid_decision_packet;validation_checks	yes	CONF-000001;CONF-000002;CONF-000004;CONF-000005;CONF-000006;CONF-000007;CONF-000008;CONF-000009	TOOL-046;TOOL-009;TOOL-010;TOOL-013;TOOL-015;TOOL-041;TOOL-048;TOOL-050;TOOL-011;TOOL-014;TOOL-043;TOOL-047	yes	attachment_update	done	Stage 3 attachment route generated from completed scope row; use exact source blocks and missing-input prompts before item-level production claims.
S3-SCOPE-014	J017	S3-J016	GPTs/attachments/17_kubernetes_aku_cloud.md	17. Kubernetes and AKU	APB-000010	GPTs/agent_playbooks/java_jdbc.md	Java And JDBC Playbook	Java and JDBC	pass	7.1;7.3;8.1_verified	SRC-000047;SRC-000016;SRC-000061;SRC-000030;SRC-000111;SRC-000080;SRC-000125;SRC-000094;SRC-000171;SRC-000141;SRC-000185;SRC-000155;SRC-000473;SRC-000012;SRC-000005;SRC-000013;SRC-000006;AID-SRC-000434;AID-SRC-000435	SRC-000047/BLOCK-000552;SRC-000016/BLOCK-000550;SRC-000061/BLOCK-000553;SRC-000030/BLOCK-000551;SRC-000111/BLOCK-000556;SRC-000080/BLOCK-000554;SRC-000125/BLOCK-000557;SRC-000094/BLOCK-000555;SRC-000171/BLOCK-000560;SRC-000141/BLOCK-000558;SRC-000185/BLOCK-000561;SRC-000155/BLOCK-000559;SRC-000473/BLOCK-000562;SRC-000012/BLOCK-000923;SRC-000005/BLOCK-000916;SRC-000013/BLOCK-000924;SRC-000006/BLOCK-000917;BLOCK-000444;BLOCK-000445	KAE-BLOCK-000016;KAE-BLOCK-000017;KAE-BLOCK-000151;KAE-BLOCK-000152;KAE-BLOCK-000207;KAE-BLOCK-000208;KAE-BLOCK-000231;KAE-BLOCK-000247;KAE-BLOCK-000248;KAE-BLOCK-000274;KAE-BLOCK-000276	configuration;code;commands;tests;connection_checks;diagnostics	no	CONF-000006;CONF-000007	TOOL-046;TOOL-009;TOOL-010;TOOL-013;TOOL-015;TOOL-041;TOOL-048;TOOL-050;TOOL-011;TOOL-014;TOOL-043;TOOL-047	yes	attachment_update	done	Stage 3 attachment route generated from completed scope row; use exact source blocks and missing-input prompts before item-level production claims.
S3-SCOPE-014	J017	S3-J016	GPTs/attachments/17_kubernetes_aku_cloud.md	17. Kubernetes and AKU	APB-000012	GPTs/agent_playbooks/migration_integrations.md	Migration And Integrations Playbook	Migration and integrations	pass	7.1;7.3;8.1_verified;multi	SRC-000017;SRC-000048;SRC-000081;SRC-000112;SRC-000142;SRC-000172;SRC-000216;SRC-000223;SRC-000202;SRC-000209;SRC-000430;SRC-000453;SRC-000431;SRC-000454;SRC-000432;SRC-000455;SRC-000433;SRC-000456;SRC-000434;SRC-000457;SRC-000435;SRC-000458;SRC-000436;SRC-000459;SRC-000437;SRC-000460;SRC-000438;SRC-000461;SRC-000439;SRC-000462;SRC-000440;SRC-000441;SRC-000442;SRC-000463;SRC-000022;SRC-000053;SRC-000086;SRC-000117;SRC-000147;SRC-000177;SRC-000028;SRC-000059;SRC-000092;SRC-000123;SRC-000153;SRC-000183;SRC-000214;SRC-000221;SRC-000200;SRC-000207;SRC-000041;SRC-000074;SRC-000104;SRC-000135;SRC-000164;SRC-000195;SRC-000219;SRC-000226;SRC-000205;SRC-000212;SRC-000448;SRC-000470;SRC-000002;SRC-000008;SRC-000003;SRC-000009;SRC-000004;SRC-000010;SRC-000007;SRC-000014;AID-SRC-000356	SRC-000017/BLOCK-000569;SRC-000048/BLOCK-000570;SRC-000081/BLOCK-000571;SRC-000112/BLOCK-000572;SRC-000142/BLOCK-000573;SRC-000172/BLOCK-000574;SRC-000216/BLOCK-000575;SRC-000223/BLOCK-000576;SRC-000202/BLOCK-000601;SRC-000209/BLOCK-000602;SRC-000430/BLOCK-000577;SRC-000453/BLOCK-000578;SRC-000431/BLOCK-000579;SRC-000454/BLOCK-000580;SRC-000432/BLOCK-000581;SRC-000455/BLOCK-000582;SRC-000433/BLOCK-000583;SRC-000456/BLOCK-000584;SRC-000434/BLOCK-000585;SRC-000457/BLOCK-000586;SRC-000435/BLOCK-000587;SRC-000458/BLOCK-000588;SRC-000436/BLOCK-000589;SRC-000459/BLOCK-000590;SRC-000437/BLOCK-000591;SRC-000460/BLOCK-000592;SRC-000438/BLOCK-000593;SRC-000461/BLOCK-000594;SRC-000439/BLOCK-000595;SRC-000462/BLOCK-000596;SRC-000440/BLOCK-000597;SRC-000441/BLOCK-000598;SRC-000442/BLOCK-000599;SRC-000463/BLOCK-000600;SRC-000022/BLOCK-000492;SRC-000053/BLOCK-000494;SRC-000086/BLOCK-000496;SRC-000117/BLOCK-000498;SRC-000147/BLOCK-000500;SRC-000177/BLOCK-000502;SRC-000028/BLOCK-000493;SRC-000059/BLOCK-000495;SRC-000092/BLOCK-000497;SRC-000123/BLOCK-000499;SRC-000153/BLOCK-000501;SRC-000183/BLOCK-000503;SRC-000214/BLOCK-000504;SRC-000221/BLOCK-000505;SRC-000200/BLOCK-000506;SRC-000207/BLOCK-000507;SRC-000041/BLOCK-000871;SRC-000074/BLOCK-000872;SRC-000104/BLOCK-000873;SRC-000135/BLOCK-000874;SRC-000164/BLOCK-000875;SRC-000195/BLOCK-000876;SRC-000219/BLOCK-000877;SRC-000226/BLOCK-000878;SRC-000205/BLOCK-000879;SRC-000212/BLOCK-000880;SRC-000448/BLOCK-000881;SRC-000470/BLOCK-000882;SRC-000002/BLOCK-000913;SRC-000008/BLOCK-000919;SRC-000003/BLOCK-000914;SRC-000009/BLOCK-000920;SRC-000004/BLOCK-000915;SRC-000010/BLOCK-000921;SRC-000007/BLOCK-000918;SRC-000014/BLOCK-000925;BLOCK-000423	KAE-BLOCK-000019;KAE-BLOCK-000154;KAE-BLOCK-000210;KAE-BLOCK-000211;KAE-BLOCK-000232;KAE-BLOCK-000254;KAE-BLOCK-000255;KAE-BLOCK-000256;KAE-BLOCK-000257;KAE-BLOCK-000258;KAE-BLOCK-000259;KAE-BLOCK-000260;KAE-BLOCK-000261;KAE-BLOCK-000262;KAE-BLOCK-000263;KAE-BLOCK-000266;KAE-BLOCK-000007;KAE-BLOCK-000008;KAE-BLOCK-000142;KAE-BLOCK-000143;KAE-BLOCK-000197;KAE-BLOCK-000198;KAE-BLOCK-000230;KAE-BLOCK-000034;KAE-BLOCK-000165;KAE-BLOCK-000221;KAE-BLOCK-000222;KAE-BLOCK-000238;KAE-BLOCK-000239;KAE-BLOCK-000244;KAE-BLOCK-000245;KAE-BLOCK-000246;KAE-BLOCK-000249;KAE-BLOCK-000274;KAE-BLOCK-000275;KAE-BLOCK-000276	commands;scripts;configuration;mapping_notes;validation_checks;SQL;YAML;runbook	yes	CONF-000004;CONF-000006;CONF-000007;CONF-000009	TOOL-046;TOOL-009;TOOL-010;TOOL-013;TOOL-015;TOOL-041;TOOL-048;TOOL-050;TOOL-011;TOOL-014;TOOL-043;TOOL-047	yes	attachment_update	done	Stage 3 attachment route generated from completed scope row; use exact source blocks and missing-input prompts before item-level production claims.
S3-SCOPE-014	J017	S3-J016	GPTs/attachments/17_kubernetes_aku_cloud.md	17. Kubernetes and AKU	APB-000017	GPTs/agent_playbooks/aid_version_release_patch_routing.md	AID, Version, Release, And Patch Routing Playbook	AID, version, release, and patch routing	pass	7.1;7.3;8.1_verified;multi;aid	SRC-000228;SRC-000397;SRC-000424;SRC-000425;SRC-000426;SRC-000450;SRC-000451;SRC-000452;SRC-000477;SRC-000473;SRC-000474;SRC-000475;SRC-000476;SRC-000443;SRC-000444;SRC-000445;SRC-000464;SRC-000465;SRC-000466;AID-000001;AID-000002;AID-000003;AID-000004;AID-000005;AID-000006;AID-000015;AID-000016;AID-000022;AID-000023;AID-000025;AID-000028;AID-SRC-000423;AID-SRC-000424;AID-SRC-000425;AID-SRC-000426;AID-SRC-000427;AID-SRC-000428;AID-SRC-000429;AID-SRC-000430;AID-SRC-000431;AID-SRC-000432;AID-SRC-000433;AID-SRC-000434;AID-SRC-000435;AID-SRC-000436;AID-SRC-000437;AID-SRC-000438	SRC-000228/BLOCK-000615;SRC-000397/BLOCK-000784;SRC-000424/BLOCK-000819;SRC-000425/BLOCK-000822;SRC-000426/BLOCK-000827;SRC-000450/BLOCK-000821;SRC-000451/BLOCK-000824;SRC-000452/BLOCK-000826;SRC-000477/BLOCK-000829;SRC-000473/BLOCK-000562;SRC-000474/BLOCK-000909;SRC-000475/BLOCK-000910;SRC-000476/BLOCK-000911;SRC-000443/BLOCK-000836;SRC-000444/BLOCK-000838;SRC-000445/BLOCK-000840;SRC-000464/BLOCK-000837;SRC-000465/BLOCK-000839;SRC-000466/BLOCK-000841;BLOCK-000454;BLOCK-000457;BLOCK-000459;BLOCK-000460;BLOCK-000429;BLOCK-000433;BLOCK-000431;BLOCK-000432;BLOCK-000451;BLOCK-000453;BLOCK-000448;BLOCK-000436;BLOCK-000437;BLOCK-000438;BLOCK-000439;BLOCK-000440;BLOCK-000441;BLOCK-000442;BLOCK-000443;BLOCK-000444;BLOCK-000445;BLOCK-000446;BLOCK-000447;BLOCK-000452	KAE-BLOCK-000022;KAE-BLOCK-000157;KAE-BLOCK-000231;KAE-BLOCK-000240;KAE-BLOCK-000241;KAE-BLOCK-000242;KAE-BLOCK-000275;KAE-BLOCK-000276;KAE-BLOCK-000287	routing_matrix;source_recheck_plan;version_boundary_note;patch_token_packet;aid_decision_packet;validation_checks	yes	CONF-000001;CONF-000002;CONF-000004;CONF-000005;CONF-000006;CONF-000007;CONF-000008;CONF-000009	TOOL-046;TOOL-009;TOOL-010;TOOL-013;TOOL-015;TOOL-041;TOOL-048;TOOL-050;TOOL-011;TOOL-014;TOOL-043;TOOL-047	yes	attachment_update	done	Stage 3 attachment route generated from completed scope row; use exact source blocks and missing-input prompts before item-level production claims.
S3-SCOPE-014	J017	S3-J016	GPTs/attachments/19_spatial_nifi_tableau_misc.md	19. Spatial, NiFi, Tableau, and Miscellaneous Integrations	APB-000010	GPTs/agent_playbooks/java_jdbc.md	Java And JDBC Playbook	Java and JDBC	pass	7.1;7.3;8.1_verified	SRC-000047;SRC-000016;SRC-000061;SRC-000030;SRC-000111;SRC-000080;SRC-000125;SRC-000094;SRC-000171;SRC-000141;SRC-000185;SRC-000155;SRC-000473;SRC-000012;SRC-000005;SRC-000013;SRC-000006;AID-SRC-000434;AID-SRC-000435	SRC-000047/BLOCK-000552;SRC-000016/BLOCK-000550;SRC-000061/BLOCK-000553;SRC-000030/BLOCK-000551;SRC-000111/BLOCK-000556;SRC-000080/BLOCK-000554;SRC-000125/BLOCK-000557;SRC-000094/BLOCK-000555;SRC-000171/BLOCK-000560;SRC-000141/BLOCK-000558;SRC-000185/BLOCK-000561;SRC-000155/BLOCK-000559;SRC-000473/BLOCK-000562;SRC-000012/BLOCK-000923;SRC-000005/BLOCK-000916;SRC-000013/BLOCK-000924;SRC-000006/BLOCK-000917;BLOCK-000444;BLOCK-000445	KAE-BLOCK-000016;KAE-BLOCK-000017;KAE-BLOCK-000151;KAE-BLOCK-000152;KAE-BLOCK-000207;KAE-BLOCK-000208;KAE-BLOCK-000231;KAE-BLOCK-000247;KAE-BLOCK-000248;KAE-BLOCK-000274;KAE-BLOCK-000276	configuration;code;commands;tests;connection_checks;diagnostics	no	CONF-000006;CONF-000007	TOOL-046;TOOL-009;TOOL-010;TOOL-013;TOOL-015;TOOL-041;TOOL-048;TOOL-050;TOOL-011;TOOL-014;TOOL-043;TOOL-047	yes	attachment_update	done	Stage 3 attachment route generated from completed scope row; use exact source blocks and missing-input prompts before item-level production claims.
S3-SCOPE-014	J017	S3-J016	GPTs/attachments/19_spatial_nifi_tableau_misc.md	19. Spatial, NiFi, Tableau, and Miscellaneous Integrations	APB-000012	GPTs/agent_playbooks/migration_integrations.md	Migration And Integrations Playbook	Migration and integrations	pass	7.1;7.3;8.1_verified;multi	SRC-000017;SRC-000048;SRC-000081;SRC-000112;SRC-000142;SRC-000172;SRC-000216;SRC-000223;SRC-000202;SRC-000209;SRC-000430;SRC-000453;SRC-000431;SRC-000454;SRC-000432;SRC-000455;SRC-000433;SRC-000456;SRC-000434;SRC-000457;SRC-000435;SRC-000458;SRC-000436;SRC-000459;SRC-000437;SRC-000460;SRC-000438;SRC-000461;SRC-000439;SRC-000462;SRC-000440;SRC-000441;SRC-000442;SRC-000463;SRC-000022;SRC-000053;SRC-000086;SRC-000117;SRC-000147;SRC-000177;SRC-000028;SRC-000059;SRC-000092;SRC-000123;SRC-000153;SRC-000183;SRC-000214;SRC-000221;SRC-000200;SRC-000207;SRC-000041;SRC-000074;SRC-000104;SRC-000135;SRC-000164;SRC-000195;SRC-000219;SRC-000226;SRC-000205;SRC-000212;SRC-000448;SRC-000470;SRC-000002;SRC-000008;SRC-000003;SRC-000009;SRC-000004;SRC-000010;SRC-000007;SRC-000014;AID-SRC-000356	SRC-000017/BLOCK-000569;SRC-000048/BLOCK-000570;SRC-000081/BLOCK-000571;SRC-000112/BLOCK-000572;SRC-000142/BLOCK-000573;SRC-000172/BLOCK-000574;SRC-000216/BLOCK-000575;SRC-000223/BLOCK-000576;SRC-000202/BLOCK-000601;SRC-000209/BLOCK-000602;SRC-000430/BLOCK-000577;SRC-000453/BLOCK-000578;SRC-000431/BLOCK-000579;SRC-000454/BLOCK-000580;SRC-000432/BLOCK-000581;SRC-000455/BLOCK-000582;SRC-000433/BLOCK-000583;SRC-000456/BLOCK-000584;SRC-000434/BLOCK-000585;SRC-000457/BLOCK-000586;SRC-000435/BLOCK-000587;SRC-000458/BLOCK-000588;SRC-000436/BLOCK-000589;SRC-000459/BLOCK-000590;SRC-000437/BLOCK-000591;SRC-000460/BLOCK-000592;SRC-000438/BLOCK-000593;SRC-000461/BLOCK-000594;SRC-000439/BLOCK-000595;SRC-000462/BLOCK-000596;SRC-000440/BLOCK-000597;SRC-000441/BLOCK-000598;SRC-000442/BLOCK-000599;SRC-000463/BLOCK-000600;SRC-000022/BLOCK-000492;SRC-000053/BLOCK-000494;SRC-000086/BLOCK-000496;SRC-000117/BLOCK-000498;SRC-000147/BLOCK-000500;SRC-000177/BLOCK-000502;SRC-000028/BLOCK-000493;SRC-000059/BLOCK-000495;SRC-000092/BLOCK-000497;SRC-000123/BLOCK-000499;SRC-000153/BLOCK-000501;SRC-000183/BLOCK-000503;SRC-000214/BLOCK-000504;SRC-000221/BLOCK-000505;SRC-000200/BLOCK-000506;SRC-000207/BLOCK-000507;SRC-000041/BLOCK-000871;SRC-000074/BLOCK-000872;SRC-000104/BLOCK-000873;SRC-000135/BLOCK-000874;SRC-000164/BLOCK-000875;SRC-000195/BLOCK-000876;SRC-000219/BLOCK-000877;SRC-000226/BLOCK-000878;SRC-000205/BLOCK-000879;SRC-000212/BLOCK-000880;SRC-000448/BLOCK-000881;SRC-000470/BLOCK-000882;SRC-000002/BLOCK-000913;SRC-000008/BLOCK-000919;SRC-000003/BLOCK-000914;SRC-000009/BLOCK-000920;SRC-000004/BLOCK-000915;SRC-000010/BLOCK-000921;SRC-000007/BLOCK-000918;SRC-000014/BLOCK-000925;BLOCK-000423	KAE-BLOCK-000019;KAE-BLOCK-000154;KAE-BLOCK-000210;KAE-BLOCK-000211;KAE-BLOCK-000232;KAE-BLOCK-000254;KAE-BLOCK-000255;KAE-BLOCK-000256;KAE-BLOCK-000257;KAE-BLOCK-000258;KAE-BLOCK-000259;KAE-BLOCK-000260;KAE-BLOCK-000261;KAE-BLOCK-000262;KAE-BLOCK-000263;KAE-BLOCK-000266;KAE-BLOCK-000007;KAE-BLOCK-000008;KAE-BLOCK-000142;KAE-BLOCK-000143;KAE-BLOCK-000197;KAE-BLOCK-000198;KAE-BLOCK-000230;KAE-BLOCK-000034;KAE-BLOCK-000165;KAE-BLOCK-000221;KAE-BLOCK-000222;KAE-BLOCK-000238;KAE-BLOCK-000239;KAE-BLOCK-000244;KAE-BLOCK-000245;KAE-BLOCK-000246;KAE-BLOCK-000249;KAE-BLOCK-000274;KAE-BLOCK-000275;KAE-BLOCK-000276	commands;scripts;configuration;mapping_notes;validation_checks;SQL;YAML;runbook	yes	CONF-000004;CONF-000006;CONF-000007;CONF-000009	TOOL-046;TOOL-009;TOOL-010;TOOL-013;TOOL-015;TOOL-041;TOOL-048;TOOL-050;TOOL-011;TOOL-014;TOOL-043;TOOL-047	yes	attachment_update	done	Stage 3 attachment route generated from completed scope row; use exact source blocks and missing-input prompts before item-level production claims.
S3-SCOPE-014	J017	S3-J016	GPTs/attachments/19_spatial_nifi_tableau_misc.md	19. Spatial, NiFi, Tableau, and Miscellaneous Integrations	APB-000017	GPTs/agent_playbooks/aid_version_release_patch_routing.md	AID, Version, Release, And Patch Routing Playbook	AID, version, release, and patch routing	pass	7.1;7.3;8.1_verified;multi;aid	SRC-000228;SRC-000397;SRC-000424;SRC-000425;SRC-000426;SRC-000450;SRC-000451;SRC-000452;SRC-000477;SRC-000473;SRC-000474;SRC-000475;SRC-000476;SRC-000443;SRC-000444;SRC-000445;SRC-000464;SRC-000465;SRC-000466;AID-000001;AID-000002;AID-000003;AID-000004;AID-000005;AID-000006;AID-000015;AID-000016;AID-000022;AID-000023;AID-000025;AID-000028;AID-SRC-000423;AID-SRC-000424;AID-SRC-000425;AID-SRC-000426;AID-SRC-000427;AID-SRC-000428;AID-SRC-000429;AID-SRC-000430;AID-SRC-000431;AID-SRC-000432;AID-SRC-000433;AID-SRC-000434;AID-SRC-000435;AID-SRC-000436;AID-SRC-000437;AID-SRC-000438	SRC-000228/BLOCK-000615;SRC-000397/BLOCK-000784;SRC-000424/BLOCK-000819;SRC-000425/BLOCK-000822;SRC-000426/BLOCK-000827;SRC-000450/BLOCK-000821;SRC-000451/BLOCK-000824;SRC-000452/BLOCK-000826;SRC-000477/BLOCK-000829;SRC-000473/BLOCK-000562;SRC-000474/BLOCK-000909;SRC-000475/BLOCK-000910;SRC-000476/BLOCK-000911;SRC-000443/BLOCK-000836;SRC-000444/BLOCK-000838;SRC-000445/BLOCK-000840;SRC-000464/BLOCK-000837;SRC-000465/BLOCK-000839;SRC-000466/BLOCK-000841;BLOCK-000454;BLOCK-000457;BLOCK-000459;BLOCK-000460;BLOCK-000429;BLOCK-000433;BLOCK-000431;BLOCK-000432;BLOCK-000451;BLOCK-000453;BLOCK-000448;BLOCK-000436;BLOCK-000437;BLOCK-000438;BLOCK-000439;BLOCK-000440;BLOCK-000441;BLOCK-000442;BLOCK-000443;BLOCK-000444;BLOCK-000445;BLOCK-000446;BLOCK-000447;BLOCK-000452	KAE-BLOCK-000022;KAE-BLOCK-000157;KAE-BLOCK-000231;KAE-BLOCK-000240;KAE-BLOCK-000241;KAE-BLOCK-000242;KAE-BLOCK-000275;KAE-BLOCK-000276;KAE-BLOCK-000287	routing_matrix;source_recheck_plan;version_boundary_note;patch_token_packet;aid_decision_packet;validation_checks	yes	CONF-000001;CONF-000002;CONF-000004;CONF-000005;CONF-000006;CONF-000007;CONF-000008;CONF-000009	TOOL-046;TOOL-009;TOOL-010;TOOL-013;TOOL-015;TOOL-041;TOOL-048;TOOL-050;TOOL-011;TOOL-014;TOOL-043;TOOL-047	yes	attachment_update	done	Stage 3 attachment route generated from completed scope row; use exact source blocks and missing-input prompts before item-level production claims.
