crosswalk_row_type	source_id	source_origin	source_path	source_role	source_family	version_scope	authority_label	aid_tier	aid_source_class	aid_coverage_status	aid_allowed_downstream_use	aid_required_label	selection_decision	extraction_mode	source_pack_shard_id	source_pack_block_id	source_pack_validation_status	baseline_block_ids	baseline_alignment_statuses	baseline_downstream_uses	baseline_source_types	conflict_or_recheck_ids	downstream_candidate_use	stage2_routing_status	no_baseline_or_blocker_reason	last_verified_job
source_pack_source	SRC-000001	repo	3rd Party Guide for Altibase/README.md	third_party_guide	third_party_guides	multi	Repository source evidence						include_exact	exact_markdown	SHARD-015	BLOCK-000912	pass	KAE-BLOCK-000243;KAE-BLOCK-000275	excluded;aligned	source_pack_only_not_korean_aligned;primary_working_source_after_alignment	repo_no_language_tree;hybrid		candidate_ready_for_stage2_routing	ready_for_guarded_playbook_drafting		S1-J012
source_pack_source	SRC-000002	repo	3rd Party Guide for Altibase/eng/Altibase aku Sample Guide for Kubernetes.md	third_party_guide	third_party_guides	multi	English extraction aid						include_exact	exact_markdown	SHARD-015	BLOCK-000913	pass	KAE-BLOCK-000244;KAE-BLOCK-000274;KAE-BLOCK-000275	pending;aligned	primary_working_source_after_alignment	repo_paired_ko_en;hybrid	CONF-000006	candidate_with_open_recheck_guardrail	guarded_candidate_recheck_before_exhaustive_playbook	An aligned or AID-reuse baseline route exists, but open conflict/recheck rows block exhaustive or production-ready downstream claims.	S1-J012
source_pack_source	SRC-000003	repo	3rd Party Guide for Altibase/eng/Kubernetes User's Guide for Altibase.md	third_party_guide	third_party_guides	multi	English extraction aid						include_exact	exact_markdown	SHARD-015	BLOCK-000914	pass	KAE-BLOCK-000245;KAE-BLOCK-000274;KAE-BLOCK-000275	pending;aligned	primary_working_source_after_alignment	repo_paired_ko_en;hybrid	CONF-000006	candidate_with_open_recheck_guardrail	guarded_candidate_recheck_before_exhaustive_playbook	An aligned or AID-reuse baseline route exists, but open conflict/recheck rows block exhaustive or production-ready downstream claims.	S1-J012
source_pack_source	SRC-000004	repo	3rd Party Guide for Altibase/eng/NiFi User's Guide for Altibase.md	third_party_guide	third_party_guides	multi	English extraction aid						include_exact	exact_markdown	SHARD-015	BLOCK-000915	pass	KAE-BLOCK-000246;KAE-BLOCK-000274;KAE-BLOCK-000275	pending;aligned	primary_working_source_after_alignment	repo_paired_ko_en;hybrid	CONF-000006	candidate_with_open_recheck_guardrail	guarded_candidate_recheck_before_exhaustive_playbook	An aligned or AID-reuse baseline route exists, but open conflict/recheck rows block exhaustive or production-ready downstream claims.	S1-J012
source_pack_source	SRC-000005	repo	3rd Party Guide for Altibase/eng/Spring Data JPA User's Guide for Altibase.md	third_party_guide	third_party_guides	multi	English extraction aid						include_exact	exact_markdown	SHARD-015	BLOCK-000916	pass	KAE-BLOCK-000247;KAE-BLOCK-000274;KAE-BLOCK-000275	pending;aligned	primary_working_source_after_alignment	repo_paired_ko_en;hybrid		candidate_ready_for_stage2_routing	ready_for_guarded_playbook_drafting		S1-J012
source_pack_source	SRC-000006	repo	3rd Party Guide for Altibase/eng/Spring Data JPA With Hibernate 6.4 User's Guide for Altibase.md	third_party_guide	third_party_guides	multi	English extraction aid						include_exact	exact_markdown	SHARD-015	BLOCK-000917	pass	KAE-BLOCK-000248;KAE-BLOCK-000274;KAE-BLOCK-000275	pending;aligned	primary_working_source_after_alignment	repo_paired_ko_en;hybrid		candidate_ready_for_stage2_routing	ready_for_guarded_playbook_drafting		S1-J012
source_pack_source	SRC-000007	repo	3rd Party Guide for Altibase/eng/Tableau User's Guide for Altibase/Tableau User's Guide for Altibase.md	third_party_guide	third_party_guides	multi	English extraction aid						include_exact	exact_markdown	SHARD-015	BLOCK-000918	pass	KAE-BLOCK-000249;KAE-BLOCK-000274;KAE-BLOCK-000275	pending;aligned	primary_working_source_after_alignment	repo_paired_ko_en;hybrid	CONF-000006	candidate_with_open_recheck_guardrail	guarded_candidate_recheck_before_exhaustive_playbook	An aligned or AID-reuse baseline route exists, but open conflict/recheck rows block exhaustive or production-ready downstream claims.	S1-J012
source_pack_source	SRC-000008	repo	3rd Party Guide for Altibase/kor/Altibase aku Sample Guide for Kubernetes.md	third_party_guide	third_party_guides	multi	Korean authoritative						include_exact	exact_markdown	SHARD-015	BLOCK-000919	pass	KAE-BLOCK-000244;KAE-BLOCK-000274;KAE-BLOCK-000275	pending;aligned	primary_working_source_after_alignment	repo_paired_ko_en;hybrid	CONF-000006	candidate_with_open_recheck_guardrail	guarded_candidate_recheck_before_exhaustive_playbook	An aligned or AID-reuse baseline route exists, but open conflict/recheck rows block exhaustive or production-ready downstream claims.	S1-J012
source_pack_source	SRC-000009	repo	3rd Party Guide for Altibase/kor/Kubernetes User's Guide for Altibase.md	third_party_guide	third_party_guides	multi	Korean authoritative						include_exact	exact_markdown	SHARD-015	BLOCK-000920	pass	KAE-BLOCK-000245;KAE-BLOCK-000274;KAE-BLOCK-000275	pending;aligned	primary_working_source_after_alignment	repo_paired_ko_en;hybrid	CONF-000006	candidate_with_open_recheck_guardrail	guarded_candidate_recheck_before_exhaustive_playbook	An aligned or AID-reuse baseline route exists, but open conflict/recheck rows block exhaustive or production-ready downstream claims.	S1-J012
source_pack_source	SRC-000010	repo	3rd Party Guide for Altibase/kor/NiFi User's Guide for Altibase.md	third_party_guide	third_party_guides	multi	Korean authoritative						include_exact	exact_markdown	SHARD-015	BLOCK-000921	pass	KAE-BLOCK-000246;KAE-BLOCK-000274;KAE-BLOCK-000275	pending;aligned	primary_working_source_after_alignment	repo_paired_ko_en;hybrid	CONF-000006	candidate_with_open_recheck_guardrail	guarded_candidate_recheck_before_exhaustive_playbook	An aligned or AID-reuse baseline route exists, but open conflict/recheck rows block exhaustive or production-ready downstream claims.	S1-J012
source_pack_source	SRC-000011	repo	3rd Party Guide for Altibase/kor/README.md	third_party_guide	third_party_guides	multi	Korean authoritative						include_exact	exact_markdown	SHARD-015	BLOCK-000922	pass	KAE-BLOCK-000250;KAE-BLOCK-000275	pending;aligned	translation_candidate_after_alignment;primary_working_source_after_alignment	repo_ko_only;hybrid		candidate_ready_for_stage2_routing	ready_for_guarded_playbook_drafting		S1-J012
source_pack_source	SRC-000012	repo	3rd Party Guide for Altibase/kor/Spring Data JPA User's Guide for Altibase.md	third_party_guide	third_party_guides	multi	Korean authoritative						include_exact	exact_markdown	SHARD-015	BLOCK-000923	pass	KAE-BLOCK-000247;KAE-BLOCK-000274;KAE-BLOCK-000275	pending;aligned	primary_working_source_after_alignment	repo_paired_ko_en;hybrid		candidate_ready_for_stage2_routing	ready_for_guarded_playbook_drafting		S1-J012
source_pack_source	SRC-000013	repo	3rd Party Guide for Altibase/kor/Spring Data JPA with Hibernate 6.4 User's Guide for Altibase.md	third_party_guide	third_party_guides	multi	Korean authoritative						include_exact	exact_markdown	SHARD-015	BLOCK-000924	pass	KAE-BLOCK-000248;KAE-BLOCK-000274;KAE-BLOCK-000275	pending;aligned	primary_working_source_after_alignment	repo_paired_ko_en;hybrid		candidate_ready_for_stage2_routing	ready_for_guarded_playbook_drafting		S1-J012
source_pack_source	SRC-000014	repo	3rd Party Guide for Altibase/kor/Tableau User's Guide for Altibase/Tableau User's Guide for Altibase.md	third_party_guide	third_party_guides	multi	Korean authoritative						include_exact	exact_markdown	SHARD-015	BLOCK-000925	pass	KAE-BLOCK-000249;KAE-BLOCK-000274;KAE-BLOCK-000275	pending;aligned	primary_working_source_after_alignment	repo_paired_ko_en;hybrid	CONF-000006	candidate_with_open_recheck_guardrail	guarded_candidate_recheck_before_exhaustive_playbook	An aligned or AID-reuse baseline route exists, but open conflict/recheck rows block exhaustive or production-ready downstream claims.	S1-J012
source_pack_source	SRC-000015	repo	Manuals/Altibase_7.1/eng/API User's Manual.md	product_source	c_cli_odbc_precompiler	7.1	English extraction aid						include_exact	exact_markdown	SHARD-004	BLOCK-000462	pass	KAE-BLOCK-000002;KAE-BLOCK-000274	pending;aligned	primary_working_source_after_alignment	repo_paired_ko_en;hybrid		candidate_ready_for_stage2_routing	ready_for_guarded_playbook_drafting		S1-J012
source_pack_source	SRC-000016	repo	Manuals/Altibase_7.1/eng/Adapter for JDBC User's Manual.md	product_source	jdbc_java	7.1	English extraction aid						include_exact	exact_markdown	SHARD-009	BLOCK-000550	pass	KAE-BLOCK-000016;KAE-BLOCK-000274	pending;aligned	primary_working_source_after_alignment	repo_paired_ko_en;hybrid		candidate_ready_for_stage2_routing	ready_for_guarded_playbook_drafting		S1-J012
source_pack_source	SRC-000017	repo	Manuals/Altibase_7.1/eng/Adapter for Oracle User's Manual.md	product_source	migration_oracle	7.1	English extraction aid						include_exact	exact_markdown	SHARD-010	BLOCK-000569	pass	KAE-BLOCK-000019;KAE-BLOCK-000274	pending;aligned	primary_working_source_after_alignment	repo_paired_ko_en;hybrid		candidate_ready_for_stage2_routing	ready_for_guarded_playbook_drafting		S1-J012
source_pack_source	SRC-000018	repo	Manuals/Altibase_7.1/eng/Administrator's Manual.md	product_source	administrator_operations	7.1	English extraction aid						include_exact	exact_markdown	SHARD-001	BLOCK-000001	pass	KAE-BLOCK-000001;KAE-BLOCK-000272;KAE-BLOCK-000273	pending;aligned	primary_working_source_after_alignment	repo_paired_ko_en;hybrid	CONF-000004;CONF-000005	candidate_with_open_recheck_guardrail	guarded_candidate_recheck_before_exhaustive_playbook	An aligned or AID-reuse baseline route exists, but open conflict/recheck rows block exhaustive or production-ready downstream claims.	S1-J012
source_pack_source	SRC-000019	repo	Manuals/Altibase_7.1/eng/Altibase C Interface Manual.md	product_source	c_cli_odbc_precompiler	7.1	English extraction aid						include_exact	exact_markdown	SHARD-004	BLOCK-000463	pass	KAE-BLOCK-000003;KAE-BLOCK-000274	pending;aligned	primary_working_source_after_alignment	repo_paired_ko_en;hybrid		candidate_ready_for_stage2_routing	ready_for_guarded_playbook_drafting		S1-J012
source_pack_source	SRC-000020	repo	Manuals/Altibase_7.1/eng/Altibase SSL TLS User's Guide.md	product_source	security_ssl_tls	7.1	English extraction aid						include_exact	exact_markdown	SHARD-012	BLOCK-000850	pass	KAE-BLOCK-000030;KAE-BLOCK-000272	pending;aligned	primary_working_source_after_alignment	repo_paired_ko_en;hybrid	CONF-000004	candidate_with_open_recheck_guardrail	guarded_candidate_recheck_before_exhaustive_playbook	An aligned or AID-reuse baseline route exists, but open conflict/recheck rows block exhaustive or production-ready downstream claims.	S1-J012
source_pack_source	SRC-000021	repo	Manuals/Altibase_7.1/eng/CLI User's Manual.md	product_source	c_cli_odbc_precompiler	7.1	English extraction aid						include_exact	exact_markdown	SHARD-004	BLOCK-000464	pass	KAE-BLOCK-000004;KAE-BLOCK-000274	pending;aligned	primary_working_source_after_alignment	repo_paired_ko_en;hybrid		candidate_ready_for_stage2_routing	ready_for_guarded_playbook_drafting		S1-J012
source_pack_source	SRC-000022	repo	Manuals/Altibase_7.1/eng/DB Link User's Manual.md	product_source	dblink_hadoop_external_connectors	7.1	English extraction aid						include_exact	exact_markdown	SHARD-006	BLOCK-000492	pass	KAE-BLOCK-000007;KAE-BLOCK-000274	pending;aligned	primary_working_source_after_alignment	repo_paired_ko_en;hybrid		candidate_ready_for_stage2_routing	ready_for_guarded_playbook_drafting		S1-J012
source_pack_source	SRC-000023	repo	Manuals/Altibase_7.1/eng/Error Message Reference.md	product_source	error_message_reference	7.1	English extraction aid						include_exact	exact_markdown	SHARD-006	BLOCK-000508	pass	KAE-BLOCK-000009;KAE-BLOCK-000273	pending;aligned	primary_working_source_after_alignment	repo_paired_ko_en;hybrid	CONF-000005	candidate_with_open_recheck_guardrail	guarded_candidate_recheck_before_exhaustive_playbook	An aligned or AID-reuse baseline route exists, but open conflict/recheck rows block exhaustive or production-ready downstream claims.	S1-J012
source_pack_source	SRC-000024	repo	Manuals/Altibase_7.1/eng/External Procedures Manual.md	product_source	stored_external_procedures	7.1	English extraction aid						include_exact	exact_markdown	SHARD-014	BLOCK-000894	pass	KAE-BLOCK-000036	pending	primary_working_source_after_alignment	repo_paired_ko_en	CONF-000008	not_ready_pending_alignment	blocked_pending_baseline_alignment	Only pending Korean-aligned English inventory rows exist for this source; no aligned or AID-reuse downstream working baseline is available yet.	S1-J012
source_pack_source	SRC-000025	repo	Manuals/Altibase_7.1/eng/General Reference-1.Data Types & Altibase Properties.md	product_source	general_reference_1_datatypes_properties	7.1	English extraction aid						include_exact	exact_markdown	SHARD-007	BLOCK-000514	pass	KAE-BLOCK-000010;KAE-BLOCK-000272;KAE-BLOCK-000273	pending;aligned	primary_working_source_after_alignment	repo_paired_ko_en;hybrid	CONF-000003;CONF-000004;CONF-000005	candidate_with_open_recheck_guardrail	guarded_candidate_recheck_before_exhaustive_playbook	An aligned or AID-reuse baseline route exists, but open conflict/recheck rows block exhaustive or production-ready downstream claims.	S1-J012
source_pack_source	SRC-000026	repo	Manuals/Altibase_7.1/eng/General Reference-2.The Data Dictionary.md	product_source	general_reference_2_dictionary_views	7.1	English extraction aid						include_exact	exact_markdown	SHARD-008	BLOCK-000520	pass	KAE-BLOCK-000011;KAE-BLOCK-000273	pending;aligned	primary_working_source_after_alignment	repo_paired_ko_en;hybrid	CONF-000005	candidate_with_open_recheck_guardrail	guarded_candidate_recheck_before_exhaustive_playbook	An aligned or AID-reuse baseline route exists, but open conflict/recheck rows block exhaustive or production-ready downstream claims.	S1-J012
source_pack_source	SRC-000027	repo	Manuals/Altibase_7.1/eng/Getting Started Guide.md	product_source	getting_started_installation	7.1	English extraction aid						include_exact	exact_markdown	SHARD-009	BLOCK-000526	pass	KAE-BLOCK-000012;KAE-BLOCK-000272	pending;aligned	primary_working_source_after_alignment	repo_paired_ko_en;hybrid	CONF-000004	candidate_with_open_recheck_guardrail	guarded_candidate_recheck_before_exhaustive_playbook	An aligned or AID-reuse baseline route exists, but open conflict/recheck rows block exhaustive or production-ready downstream claims.	S1-J012
source_pack_source	SRC-000028	repo	Manuals/Altibase_7.1/eng/Hadoop Connector User's Manual.md	product_source	dblink_hadoop_external_connectors	7.1	English extraction aid						include_exact	exact_markdown	SHARD-006	BLOCK-000493	pass	KAE-BLOCK-000008;KAE-BLOCK-000274	pending;aligned	primary_working_source_after_alignment	repo_paired_ko_en;hybrid		candidate_ready_for_stage2_routing	ready_for_guarded_playbook_drafting		S1-J012
source_pack_source	SRC-000029	repo	Manuals/Altibase_7.1/eng/Installation Guide.md	product_source	getting_started_installation	7.1	English extraction aid						include_exact	exact_markdown	SHARD-009	BLOCK-000527	pass	KAE-BLOCK-000013;KAE-BLOCK-000272	pending;aligned	primary_working_source_after_alignment	repo_paired_ko_en;hybrid	CONF-000003;CONF-000004	candidate_with_open_recheck_guardrail	guarded_candidate_recheck_before_exhaustive_playbook	An aligned or AID-reuse baseline route exists, but open conflict/recheck rows block exhaustive or production-ready downstream claims.	S1-J012
source_pack_source	SRC-000030	repo	Manuals/Altibase_7.1/eng/JDBC User's Manual.md	product_source	jdbc_java	7.1	English extraction aid						include_exact	exact_markdown	SHARD-009	BLOCK-000551	pass	KAE-BLOCK-000017;KAE-BLOCK-000274	pending;aligned	primary_working_source_after_alignment	repo_paired_ko_en;hybrid		candidate_ready_for_stage2_routing	ready_for_guarded_playbook_drafting		S1-J012
source_pack_source	SRC-000031	repo	Manuals/Altibase_7.1/eng/Log Analyzer User's Manual.md	product_source	log_analyzer	7.1	English extraction aid						include_exact	exact_markdown	SHARD-010	BLOCK-000563	pass	KAE-BLOCK-000018	pending	primary_working_source_after_alignment	repo_paired_ko_en	CONF-000008	not_ready_pending_alignment	blocked_pending_baseline_alignment	Only pending Korean-aligned English inventory rows exist for this source; no aligned or AID-reuse downstream working baseline is available yet.	S1-J012
source_pack_source	SRC-000032	repo	Manuals/Altibase_7.1/eng/Monitoring API Developer's Guide.md	product_source	monitoring_api_snmp	7.1	English extraction aid						include_exact	exact_markdown	SHARD-010	BLOCK-000603	pass	KAE-BLOCK-000020	pending	primary_working_source_after_alignment	repo_paired_ko_en	CONF-000008	not_ready_pending_alignment	blocked_pending_baseline_alignment	Only pending Korean-aligned English inventory rows exist for this source; no aligned or AID-reuse downstream working baseline is available yet.	S1-J012
source_pack_source	SRC-000033	repo	Manuals/Altibase_7.1/eng/New Features Guide.md	product_source	release_notes_platform	7.1	English extraction aid						include_exact	exact_markdown	SHARD-012	BLOCK-000817	pass	KAE-BLOCK-000027;KAE-BLOCK-000275	pending;aligned	primary_working_source_after_alignment	repo_paired_ko_en;hybrid		candidate_ready_for_stage2_routing	ready_for_guarded_playbook_drafting		S1-J012
source_pack_source	SRC-000034	repo	Manuals/Altibase_7.1/eng/ODBC User's Manual.md	product_source	c_cli_odbc_precompiler	7.1	English extraction aid						include_exact	exact_markdown	SHARD-004	BLOCK-000465	pass	KAE-BLOCK-000005;KAE-BLOCK-000274	pending;aligned	primary_working_source_after_alignment	repo_paired_ko_en;hybrid		candidate_ready_for_stage2_routing	ready_for_guarded_playbook_drafting		S1-J012
source_pack_source	SRC-000035	repo	Manuals/Altibase_7.1/eng/Performance Tuning Guide.md	product_source	performance_tuning	7.1	English extraction aid						include_exact	exact_markdown	SHARD-012	BLOCK-000811	pass	KAE-BLOCK-000026	pending	primary_working_source_after_alignment	repo_paired_ko_en	CONF-000008	not_ready_pending_alignment	blocked_pending_baseline_alignment	Only pending Korean-aligned English inventory rows exist for this source; no aligned or AID-reuse downstream working baseline is available yet.	S1-J012
source_pack_source	SRC-000036	repo	Manuals/Altibase_7.1/eng/Precompiler User’s Manual.md	product_source	c_cli_odbc_precompiler	7.1	English extraction aid						include_exact	exact_markdown	SHARD-004	BLOCK-000466	pass	KAE-BLOCK-000006;KAE-BLOCK-000274	pending;aligned	primary_working_source_after_alignment	repo_paired_ko_en;hybrid		candidate_ready_for_stage2_routing	ready_for_guarded_playbook_drafting		S1-J012
source_pack_source	SRC-000037	repo	Manuals/Altibase_7.1/eng/README.md	product_source	source_index	7.1	English extraction aid						include_exact	exact_markdown	SHARD-012	BLOCK-000856	pass	KAE-BLOCK-000031	pending	primary_working_source_after_alignment	repo_paired_ko_en	CONF-000008	not_ready_pending_alignment	blocked_pending_baseline_alignment	Only pending Korean-aligned English inventory rows exist for this source; no aligned or AID-reuse downstream working baseline is available yet.	S1-J012
source_pack_source	SRC-000038	repo	Manuals/Altibase_7.1/eng/Replication Manual.md	product_source	replication_manual	7.1	English extraction aid						include_exact	exact_markdown	SHARD-012	BLOCK-000844	pass	KAE-BLOCK-000029;KAE-BLOCK-000272;KAE-BLOCK-000273	pending;aligned	primary_working_source_after_alignment	repo_paired_ko_en;hybrid	CONF-000003;CONF-000004;CONF-000005	candidate_with_open_recheck_guardrail	guarded_candidate_recheck_before_exhaustive_playbook	An aligned or AID-reuse baseline route exists, but open conflict/recheck rows block exhaustive or production-ready downstream claims.	S1-J012
source_pack_source	SRC-000039	repo	Manuals/Altibase_7.1/eng/SNMP Agent Guide.md	product_source	monitoring_api_snmp	7.1	English extraction aid						include_exact	exact_markdown	SHARD-010	BLOCK-000604	pass	KAE-BLOCK-000021	pending	primary_working_source_after_alignment	repo_paired_ko_en	CONF-000008	not_ready_pending_alignment	blocked_pending_baseline_alignment	Only pending Korean-aligned English inventory rows exist for this source; no aligned or AID-reuse downstream working baseline is available yet.	S1-J012
source_pack_source	SRC-000040	repo	Manuals/Altibase_7.1/eng/SQL Reference.md	product_source	sql_reference	7.1	English extraction aid						include_exact	exact_markdown	SHARD-013	BLOCK-000883	pass	KAE-BLOCK-000035;KAE-BLOCK-000272;KAE-BLOCK-000273	pending;aligned	primary_working_source_after_alignment	repo_paired_ko_en;hybrid	CONF-000003;CONF-000004;CONF-000005	candidate_with_open_recheck_guardrail	guarded_candidate_recheck_before_exhaustive_playbook	An aligned or AID-reuse baseline route exists, but open conflict/recheck rows block exhaustive or production-ready downstream claims.	S1-J012
source_pack_source	SRC-000041	repo	Manuals/Altibase_7.1/eng/Spatial SQL Reference.md	product_source	spatial_nifi_tableau	7.1	English extraction aid						include_exact	exact_markdown	SHARD-013	BLOCK-000871	pass	KAE-BLOCK-000034;KAE-BLOCK-000274	pending;aligned	primary_working_source_after_alignment	repo_paired_ko_en;hybrid		candidate_ready_for_stage2_routing	ready_for_guarded_playbook_drafting		S1-J012
source_pack_source	SRC-000042	repo	Manuals/Altibase_7.1/eng/Stored Procedures Manual.md	product_source	stored_external_procedures	7.1	English extraction aid						include_exact	exact_markdown	SHARD-014	BLOCK-000895	pass	KAE-BLOCK-000037	pending	primary_working_source_after_alignment	repo_paired_ko_en	CONF-000008	not_ready_pending_alignment	blocked_pending_baseline_alignment	Only pending Korean-aligned English inventory rows exist for this source; no aligned or AID-reuse downstream working baseline is available yet.	S1-J012
source_pack_source	SRC-000043	repo	Manuals/Altibase_7.1/eng/Utilities Manual.md	product_source	utilities_datacompj	7.1	English extraction aid						include_exact	exact_markdown	SHARD-015	BLOCK-000926	pass	KAE-BLOCK-000038;KAE-BLOCK-000274	pending;aligned	primary_working_source_after_alignment	repo_paired_ko_en;hybrid		candidate_ready_for_stage2_routing	ready_for_guarded_playbook_drafting		S1-J012
source_pack_source	SRC-000044	repo	Manuals/Altibase_7.1/eng/iLoader User's Manual.md	product_source	isql_iloader	7.1	English extraction aid						include_exact	exact_markdown	SHARD-009	BLOCK-000538	pass	KAE-BLOCK-000014;KAE-BLOCK-000274	pending;aligned	primary_working_source_after_alignment	repo_paired_ko_en;hybrid		candidate_ready_for_stage2_routing	ready_for_guarded_playbook_drafting		S1-J012
source_pack_source	SRC-000045	repo	Manuals/Altibase_7.1/eng/iSQL User's Manual.md	product_source	isql_iloader	7.1	English extraction aid						include_exact	exact_markdown	SHARD-009	BLOCK-000539	pass	KAE-BLOCK-000015;KAE-BLOCK-000274	pending;aligned	primary_working_source_after_alignment	repo_paired_ko_en;hybrid		candidate_ready_for_stage2_routing	ready_for_guarded_playbook_drafting		S1-J012
source_pack_source	SRC-000046	repo	Manuals/Altibase_7.1/kor/API User's Manual.md	product_source	c_cli_odbc_precompiler	7.1	Korean authoritative						include_exact	exact_markdown	SHARD-004	BLOCK-000467	pass	KAE-BLOCK-000002;KAE-BLOCK-000274	pending;aligned	primary_working_source_after_alignment	repo_paired_ko_en;hybrid		candidate_ready_for_stage2_routing	ready_for_guarded_playbook_drafting		S1-J012
source_pack_source	SRC-000047	repo	Manuals/Altibase_7.1/kor/Adapter for JDBC User's Manual.md	product_source	jdbc_java	7.1	Korean authoritative						include_exact	exact_markdown	SHARD-009	BLOCK-000552	pass	KAE-BLOCK-000016;KAE-BLOCK-000274	pending;aligned	primary_working_source_after_alignment	repo_paired_ko_en;hybrid		candidate_ready_for_stage2_routing	ready_for_guarded_playbook_drafting		S1-J012
source_pack_source	SRC-000048	repo	Manuals/Altibase_7.1/kor/Adapter for Oracle User's Manual.md	product_source	migration_oracle	7.1	Korean authoritative						include_exact	exact_markdown	SHARD-010	BLOCK-000570	pass	KAE-BLOCK-000019;KAE-BLOCK-000274	pending;aligned	primary_working_source_after_alignment	repo_paired_ko_en;hybrid		candidate_ready_for_stage2_routing	ready_for_guarded_playbook_drafting		S1-J012
source_pack_source	SRC-000049	repo	Manuals/Altibase_7.1/kor/Administrator's Manual.md	product_source	administrator_operations	7.1	Korean authoritative						include_exact	exact_markdown	SHARD-001	BLOCK-000002	pass	KAE-BLOCK-000001;KAE-BLOCK-000272;KAE-BLOCK-000273	pending;aligned	primary_working_source_after_alignment	repo_paired_ko_en;hybrid	CONF-000004;CONF-000005	candidate_with_open_recheck_guardrail	guarded_candidate_recheck_before_exhaustive_playbook	An aligned or AID-reuse baseline route exists, but open conflict/recheck rows block exhaustive or production-ready downstream claims.	S1-J012
source_pack_source	SRC-000050	repo	Manuals/Altibase_7.1/kor/Altibase C Interface Manual.md	product_source	c_cli_odbc_precompiler	7.1	Korean authoritative						include_exact	exact_markdown	SHARD-004	BLOCK-000468	pass	KAE-BLOCK-000003;KAE-BLOCK-000274	pending;aligned	primary_working_source_after_alignment	repo_paired_ko_en;hybrid		candidate_ready_for_stage2_routing	ready_for_guarded_playbook_drafting		S1-J012
source_pack_source	SRC-000051	repo	Manuals/Altibase_7.1/kor/Altibase SSL TLS User's Guide.md	product_source	security_ssl_tls	7.1	Korean authoritative						include_exact	exact_markdown	SHARD-012	BLOCK-000851	pass	KAE-BLOCK-000030;KAE-BLOCK-000272	pending;aligned	primary_working_source_after_alignment	repo_paired_ko_en;hybrid	CONF-000004	candidate_with_open_recheck_guardrail	guarded_candidate_recheck_before_exhaustive_playbook	An aligned or AID-reuse baseline route exists, but open conflict/recheck rows block exhaustive or production-ready downstream claims.	S1-J012
source_pack_source	SRC-000052	repo	Manuals/Altibase_7.1/kor/CLI User's Manual.md	product_source	c_cli_odbc_precompiler	7.1	Korean authoritative						include_exact	exact_markdown	SHARD-004	BLOCK-000469	pass	KAE-BLOCK-000004;KAE-BLOCK-000274	pending;aligned	primary_working_source_after_alignment	repo_paired_ko_en;hybrid		candidate_ready_for_stage2_routing	ready_for_guarded_playbook_drafting		S1-J012
source_pack_source	SRC-000053	repo	Manuals/Altibase_7.1/kor/DB Link User's Manual.md	product_source	dblink_hadoop_external_connectors	7.1	Korean authoritative						include_exact	exact_markdown	SHARD-006	BLOCK-000494	pass	KAE-BLOCK-000007;KAE-BLOCK-000274	pending;aligned	primary_working_source_after_alignment	repo_paired_ko_en;hybrid		candidate_ready_for_stage2_routing	ready_for_guarded_playbook_drafting		S1-J012
source_pack_source	SRC-000054	repo	Manuals/Altibase_7.1/kor/Error Message Reference.md	product_source	error_message_reference	7.1	Korean authoritative						include_exact	exact_markdown	SHARD-006	BLOCK-000509	pass	KAE-BLOCK-000009;KAE-BLOCK-000273	pending;aligned	primary_working_source_after_alignment	repo_paired_ko_en;hybrid	CONF-000005	candidate_with_open_recheck_guardrail	guarded_candidate_recheck_before_exhaustive_playbook	An aligned or AID-reuse baseline route exists, but open conflict/recheck rows block exhaustive or production-ready downstream claims.	S1-J012
source_pack_source	SRC-000055	repo	Manuals/Altibase_7.1/kor/External Procedures Manual.md	product_source	stored_external_procedures	7.1	Korean authoritative						include_exact	exact_markdown	SHARD-014	BLOCK-000896	pass	KAE-BLOCK-000036	pending	primary_working_source_after_alignment	repo_paired_ko_en	CONF-000008	not_ready_pending_alignment	blocked_pending_baseline_alignment	Only pending Korean-aligned English inventory rows exist for this source; no aligned or AID-reuse downstream working baseline is available yet.	S1-J012
source_pack_source	SRC-000056	repo	Manuals/Altibase_7.1/kor/General Reference-1.Data Types & Altibase Properties.md	product_source	general_reference_1_datatypes_properties	7.1	Korean authoritative						include_exact	exact_markdown	SHARD-008	BLOCK-000515	pass	KAE-BLOCK-000010;KAE-BLOCK-000272;KAE-BLOCK-000273	pending;aligned	primary_working_source_after_alignment	repo_paired_ko_en;hybrid	CONF-000004;CONF-000005	candidate_with_open_recheck_guardrail	guarded_candidate_recheck_before_exhaustive_playbook	An aligned or AID-reuse baseline route exists, but open conflict/recheck rows block exhaustive or production-ready downstream claims.	S1-J012
source_pack_source	SRC-000057	repo	Manuals/Altibase_7.1/kor/General Reference-2.The Data Dictionary.md	product_source	general_reference_2_dictionary_views	7.1	Korean authoritative						include_exact	exact_markdown	SHARD-008	BLOCK-000521	pass	KAE-BLOCK-000011;KAE-BLOCK-000273	pending;aligned	primary_working_source_after_alignment	repo_paired_ko_en;hybrid	CONF-000005	candidate_with_open_recheck_guardrail	guarded_candidate_recheck_before_exhaustive_playbook	An aligned or AID-reuse baseline route exists, but open conflict/recheck rows block exhaustive or production-ready downstream claims.	S1-J012
source_pack_source	SRC-000058	repo	Manuals/Altibase_7.1/kor/Getting Started Guide.md	product_source	getting_started_installation	7.1	Korean authoritative						include_exact	exact_markdown	SHARD-009	BLOCK-000528	pass	KAE-BLOCK-000012;KAE-BLOCK-000272	pending;aligned	primary_working_source_after_alignment	repo_paired_ko_en;hybrid	CONF-000004	candidate_with_open_recheck_guardrail	guarded_candidate_recheck_before_exhaustive_playbook	An aligned or AID-reuse baseline route exists, but open conflict/recheck rows block exhaustive or production-ready downstream claims.	S1-J012
source_pack_source	SRC-000059	repo	Manuals/Altibase_7.1/kor/Hadoop Connector User's Manual.md	product_source	dblink_hadoop_external_connectors	7.1	Korean authoritative						include_exact	exact_markdown	SHARD-006	BLOCK-000495	pass	KAE-BLOCK-000008;KAE-BLOCK-000274	pending;aligned	primary_working_source_after_alignment	repo_paired_ko_en;hybrid		candidate_ready_for_stage2_routing	ready_for_guarded_playbook_drafting		S1-J012
source_pack_source	SRC-000060	repo	Manuals/Altibase_7.1/kor/Installation Guide.md	product_source	getting_started_installation	7.1	Korean authoritative						include_exact	exact_markdown	SHARD-009	BLOCK-000529	pass	KAE-BLOCK-000013;KAE-BLOCK-000272	pending;aligned	primary_working_source_after_alignment	repo_paired_ko_en;hybrid	CONF-000004	candidate_with_open_recheck_guardrail	guarded_candidate_recheck_before_exhaustive_playbook	An aligned or AID-reuse baseline route exists, but open conflict/recheck rows block exhaustive or production-ready downstream claims.	S1-J012
source_pack_source	SRC-000061	repo	Manuals/Altibase_7.1/kor/JDBC User's Manual.md	product_source	jdbc_java	7.1	Korean authoritative						include_exact	exact_markdown	SHARD-009	BLOCK-000553	pass	KAE-BLOCK-000017;KAE-BLOCK-000274	pending;aligned	primary_working_source_after_alignment	repo_paired_ko_en;hybrid		candidate_ready_for_stage2_routing	ready_for_guarded_playbook_drafting		S1-J012
source_pack_source	SRC-000062	repo	Manuals/Altibase_7.1/kor/Log Analyzer User's Manual.md	product_source	log_analyzer	7.1	Korean authoritative						include_exact	exact_markdown	SHARD-010	BLOCK-000564	pass	KAE-BLOCK-000018	pending	primary_working_source_after_alignment	repo_paired_ko_en	CONF-000008	not_ready_pending_alignment	blocked_pending_baseline_alignment	Only pending Korean-aligned English inventory rows exist for this source; no aligned or AID-reuse downstream working baseline is available yet.	S1-J012
source_pack_source	SRC-000063	repo	Manuals/Altibase_7.1/kor/Monitoring API Developer's Guide.md	product_source	monitoring_api_snmp	7.1	Korean authoritative						include_exact	exact_markdown	SHARD-011	BLOCK-000605	pass	KAE-BLOCK-000020	pending	primary_working_source_after_alignment	repo_paired_ko_en	CONF-000008	not_ready_pending_alignment	blocked_pending_baseline_alignment	Only pending Korean-aligned English inventory rows exist for this source; no aligned or AID-reuse downstream working baseline is available yet.	S1-J012
source_pack_source	SRC-000064	repo	Manuals/Altibase_7.1/kor/New Features Guide.md	product_source	release_notes_platform	7.1	Korean authoritative						include_exact	exact_markdown	SHARD-012	BLOCK-000818	pass	KAE-BLOCK-000027;KAE-BLOCK-000275	pending;aligned	primary_working_source_after_alignment	repo_paired_ko_en;hybrid		candidate_ready_for_stage2_routing	ready_for_guarded_playbook_drafting		S1-J012
source_pack_source	SRC-000065	repo	Manuals/Altibase_7.1/kor/ODBC User's Manual.md	product_source	c_cli_odbc_precompiler	7.1	Korean authoritative						include_exact	exact_markdown	SHARD-004	BLOCK-000470	pass	KAE-BLOCK-000005;KAE-BLOCK-000274	pending;aligned	primary_working_source_after_alignment	repo_paired_ko_en;hybrid		candidate_ready_for_stage2_routing	ready_for_guarded_playbook_drafting		S1-J012
source_pack_source	SRC-000066	repo	Manuals/Altibase_7.1/kor/PDF/README.md	product_source	source_index	7.1	Korean authoritative						include_exact	exact_markdown	SHARD-012	BLOCK-000857	pass	KAE-BLOCK-000032	pending	translation_candidate_after_alignment	repo_ko_only	CONF-000008	not_ready_pending_alignment	blocked_pending_baseline_alignment	Only pending Korean-aligned English inventory rows exist for this source; no aligned or AID-reuse downstream working baseline is available yet.	S1-J012
source_pack_source	SRC-000067	repo	Manuals/Altibase_7.1/kor/Performance Tuning Guide.md	product_source	performance_tuning	7.1	Korean authoritative						include_exact	exact_markdown	SHARD-012	BLOCK-000812	pass	KAE-BLOCK-000026	pending	primary_working_source_after_alignment	repo_paired_ko_en	CONF-000008	not_ready_pending_alignment	blocked_pending_baseline_alignment	Only pending Korean-aligned English inventory rows exist for this source; no aligned or AID-reuse downstream working baseline is available yet.	S1-J012
source_pack_source	SRC-000068	repo	Manuals/Altibase_7.1/kor/Precompiler User's Manual.md	product_source	c_cli_odbc_precompiler	7.1	Korean authoritative						include_exact	exact_markdown	SHARD-005	BLOCK-000471	pass	KAE-BLOCK-000006;KAE-BLOCK-000274	pending;aligned	primary_working_source_after_alignment	repo_paired_ko_en;hybrid		candidate_ready_for_stage2_routing	ready_for_guarded_playbook_drafting		S1-J012
source_pack_source	SRC-000069	repo	Manuals/Altibase_7.1/kor/README.md	product_source	source_index	7.1	Korean authoritative						include_exact	exact_markdown	SHARD-012	BLOCK-000858	pass	KAE-BLOCK-000031	pending	primary_working_source_after_alignment	repo_paired_ko_en	CONF-000008	not_ready_pending_alignment	blocked_pending_baseline_alignment	Only pending Korean-aligned English inventory rows exist for this source; no aligned or AID-reuse downstream working baseline is available yet.	S1-J012
source_pack_source	SRC-000070	repo	Manuals/Altibase_7.1/kor/Replication Manual.md	product_source	replication_manual	7.1	Korean authoritative						include_exact	exact_markdown	SHARD-012	BLOCK-000845	pass	KAE-BLOCK-000029;KAE-BLOCK-000272;KAE-BLOCK-000273	pending;aligned	primary_working_source_after_alignment	repo_paired_ko_en;hybrid	CONF-000004;CONF-000005	candidate_with_open_recheck_guardrail	guarded_candidate_recheck_before_exhaustive_playbook	An aligned or AID-reuse baseline route exists, but open conflict/recheck rows block exhaustive or production-ready downstream claims.	S1-J012
source_pack_source	SRC-000071	repo	Manuals/Altibase_7.1/kor/SNMP Agent Guide.md	product_source	monitoring_api_snmp	7.1	Korean authoritative						include_exact	exact_markdown	SHARD-011	BLOCK-000606	pass	KAE-BLOCK-000021	pending	primary_working_source_after_alignment	repo_paired_ko_en	CONF-000008	not_ready_pending_alignment	blocked_pending_baseline_alignment	Only pending Korean-aligned English inventory rows exist for this source; no aligned or AID-reuse downstream working baseline is available yet.	S1-J012
source_pack_source	SRC-000072	repo	Manuals/Altibase_7.1/kor/SQL Reference.md	product_source	sql_reference	7.1	Korean authoritative						include_exact	exact_markdown	SHARD-013	BLOCK-000884	pass	KAE-BLOCK-000035;KAE-BLOCK-000272;KAE-BLOCK-000273	pending;aligned	primary_working_source_after_alignment	repo_paired_ko_en;hybrid	CONF-000004;CONF-000005	candidate_with_open_recheck_guardrail	guarded_candidate_recheck_before_exhaustive_playbook	An aligned or AID-reuse baseline route exists, but open conflict/recheck rows block exhaustive or production-ready downstream claims.	S1-J012
source_pack_source	SRC-000073	repo	Manuals/Altibase_7.1/kor/Sharding(deprecated).md	product_source	source_index	7.1	Korean authoritative						include_exact	exact_markdown	SHARD-012	BLOCK-000859	pass	KAE-BLOCK-000033	pending	translation_candidate_after_alignment	repo_ko_only	CONF-000008	not_ready_pending_alignment	blocked_pending_baseline_alignment	Only pending Korean-aligned English inventory rows exist for this source; no aligned or AID-reuse downstream working baseline is available yet.	S1-J012
source_pack_source	SRC-000074	repo	Manuals/Altibase_7.1/kor/Spatial SQL Reference.md	product_source	spatial_nifi_tableau	7.1	Korean authoritative						include_exact	exact_markdown	SHARD-013	BLOCK-000872	pass	KAE-BLOCK-000034;KAE-BLOCK-000274	pending;aligned	primary_working_source_after_alignment	repo_paired_ko_en;hybrid		candidate_ready_for_stage2_routing	ready_for_guarded_playbook_drafting		S1-J012
source_pack_source	SRC-000075	repo	Manuals/Altibase_7.1/kor/Stored Procedures Manual.md	product_source	stored_external_procedures	7.1	Korean authoritative						include_exact	exact_markdown	SHARD-015	BLOCK-000897	pass	KAE-BLOCK-000037	pending	primary_working_source_after_alignment	repo_paired_ko_en	CONF-000008	not_ready_pending_alignment	blocked_pending_baseline_alignment	Only pending Korean-aligned English inventory rows exist for this source; no aligned or AID-reuse downstream working baseline is available yet.	S1-J012
source_pack_source	SRC-000076	repo	Manuals/Altibase_7.1/kor/Utilities Manual.md	product_source	utilities_datacompj	7.1	Korean authoritative						include_exact	exact_markdown	SHARD-015	BLOCK-000927	pass	KAE-BLOCK-000038;KAE-BLOCK-000274	pending;aligned	primary_working_source_after_alignment	repo_paired_ko_en;hybrid		candidate_ready_for_stage2_routing	ready_for_guarded_playbook_drafting		S1-J012
source_pack_source	SRC-000077	repo	Manuals/Altibase_7.1/kor/iLoader User's Manual.md	product_source	isql_iloader	7.1	Korean authoritative						include_exact	exact_markdown	SHARD-009	BLOCK-000540	pass	KAE-BLOCK-000014;KAE-BLOCK-000274	pending;aligned	primary_working_source_after_alignment	repo_paired_ko_en;hybrid		candidate_ready_for_stage2_routing	ready_for_guarded_playbook_drafting		S1-J012
source_pack_source	SRC-000078	repo	Manuals/Altibase_7.1/kor/iSQL User's Manual.md	product_source	isql_iloader	7.1	Korean authoritative						include_exact	exact_markdown	SHARD-009	BLOCK-000541	pass	KAE-BLOCK-000015;KAE-BLOCK-000274	pending;aligned	primary_working_source_after_alignment	repo_paired_ko_en;hybrid		candidate_ready_for_stage2_routing	ready_for_guarded_playbook_drafting		S1-J012
source_pack_source	SRC-000079	repo	Manuals/Altibase_7.3/eng/API User's Manual.md	product_source	c_cli_odbc_precompiler	7.3	English extraction aid						include_exact	exact_markdown	SHARD-005	BLOCK-000472	pass	KAE-BLOCK-000137;KAE-BLOCK-000274	pending;aligned	primary_working_source_after_alignment	repo_paired_ko_en;hybrid		candidate_ready_for_stage2_routing	ready_for_guarded_playbook_drafting		S1-J012
source_pack_source	SRC-000080	repo	Manuals/Altibase_7.3/eng/Adapter for JDBC User's Manual.md	product_source	jdbc_java	7.3	English extraction aid						include_exact	exact_markdown	SHARD-009	BLOCK-000554	pass	KAE-BLOCK-000151;KAE-BLOCK-000274	pending;aligned	primary_working_source_after_alignment	repo_paired_ko_en;hybrid		candidate_ready_for_stage2_routing	ready_for_guarded_playbook_drafting		S1-J012
source_pack_source	SRC-000081	repo	Manuals/Altibase_7.3/eng/Adapter for Oracle User's Manual.md	product_source	migration_oracle	7.3	English extraction aid						include_exact	exact_markdown	SHARD-010	BLOCK-000571	pass	KAE-BLOCK-000154;KAE-BLOCK-000274	pending;aligned	primary_working_source_after_alignment	repo_paired_ko_en;hybrid		candidate_ready_for_stage2_routing	ready_for_guarded_playbook_drafting		S1-J012
source_pack_source	SRC-000082	repo	Manuals/Altibase_7.3/eng/Administrator’s Manual.md	product_source	administrator_operations	7.3	English extraction aid						include_exact	exact_markdown	SHARD-001	BLOCK-000003	pass	KAE-BLOCK-000136;KAE-BLOCK-000272;KAE-BLOCK-000273	pending;aligned	primary_working_source_after_alignment	repo_paired_ko_en;hybrid	CONF-000004;CONF-000005	candidate_with_open_recheck_guardrail	guarded_candidate_recheck_before_exhaustive_playbook	An aligned or AID-reuse baseline route exists, but open conflict/recheck rows block exhaustive or production-ready downstream claims.	S1-J012
source_pack_source	SRC-000083	repo	Manuals/Altibase_7.3/eng/Altibase C Interface Manual.md	product_source	c_cli_odbc_precompiler	7.3	English extraction aid						include_exact	exact_markdown	SHARD-005	BLOCK-000473	pass	KAE-BLOCK-000138;KAE-BLOCK-000274	pending;aligned	primary_working_source_after_alignment	repo_paired_ko_en;hybrid		candidate_ready_for_stage2_routing	ready_for_guarded_playbook_drafting		S1-J012
source_pack_source	SRC-000084	repo	Manuals/Altibase_7.3/eng/Altibase SSL TLS User's Guide.md	product_source	security_ssl_tls	7.3	English extraction aid						include_exact	exact_markdown	SHARD-012	BLOCK-000852	pass	KAE-BLOCK-000163;KAE-BLOCK-000272	pending;aligned	primary_working_source_after_alignment	repo_paired_ko_en;hybrid	CONF-000004	candidate_with_open_recheck_guardrail	guarded_candidate_recheck_before_exhaustive_playbook	An aligned or AID-reuse baseline route exists, but open conflict/recheck rows block exhaustive or production-ready downstream claims.	S1-J012
source_pack_source	SRC-000085	repo	Manuals/Altibase_7.3/eng/CLI User's Manual.md	product_source	c_cli_odbc_precompiler	7.3	English extraction aid						include_exact	exact_markdown	SHARD-005	BLOCK-000474	pass	KAE-BLOCK-000139;KAE-BLOCK-000274	pending;aligned	primary_working_source_after_alignment	repo_paired_ko_en;hybrid		candidate_ready_for_stage2_routing	ready_for_guarded_playbook_drafting		S1-J012
source_pack_source	SRC-000086	repo	Manuals/Altibase_7.3/eng/DB Link User's Manual.md	product_source	dblink_hadoop_external_connectors	7.3	English extraction aid						include_exact	exact_markdown	SHARD-006	BLOCK-000496	pass	KAE-BLOCK-000142;KAE-BLOCK-000274	pending;aligned	primary_working_source_after_alignment	repo_paired_ko_en;hybrid		candidate_ready_for_stage2_routing	ready_for_guarded_playbook_drafting		S1-J012
source_pack_source	SRC-000087	repo	Manuals/Altibase_7.3/eng/Error Message Reference.md	product_source	error_message_reference	7.3	English extraction aid						include_exact	exact_markdown	SHARD-007	BLOCK-000510	pass	KAE-BLOCK-000144;KAE-BLOCK-000273	pending;aligned	primary_working_source_after_alignment	repo_paired_ko_en;hybrid	CONF-000005	candidate_with_open_recheck_guardrail	guarded_candidate_recheck_before_exhaustive_playbook	An aligned or AID-reuse baseline route exists, but open conflict/recheck rows block exhaustive or production-ready downstream claims.	S1-J012
source_pack_source	SRC-000088	repo	Manuals/Altibase_7.3/eng/External Procedures Manual.md	product_source	stored_external_procedures	7.3	English extraction aid						include_exact	exact_markdown	SHARD-015	BLOCK-000898	pass	KAE-BLOCK-000167	pending	primary_working_source_after_alignment	repo_paired_ko_en	CONF-000008	not_ready_pending_alignment	blocked_pending_baseline_alignment	Only pending Korean-aligned English inventory rows exist for this source; no aligned or AID-reuse downstream working baseline is available yet.	S1-J012
source_pack_source	SRC-000089	repo	Manuals/Altibase_7.3/eng/General Reference-1.Data Types & Altibase Properties.md	product_source	general_reference_1_datatypes_properties	7.3	English extraction aid						include_exact	exact_markdown	SHARD-008	BLOCK-000516	pass	KAE-BLOCK-000145;KAE-BLOCK-000272;KAE-BLOCK-000273	pending;aligned	primary_working_source_after_alignment	repo_paired_ko_en;hybrid	CONF-000003;CONF-000004;CONF-000005	candidate_with_open_recheck_guardrail	guarded_candidate_recheck_before_exhaustive_playbook	An aligned or AID-reuse baseline route exists, but open conflict/recheck rows block exhaustive or production-ready downstream claims.	S1-J012
source_pack_source	SRC-000090	repo	Manuals/Altibase_7.3/eng/General Reference-2.The Data Dictionary.md	product_source	general_reference_2_dictionary_views	7.3	English extraction aid						include_exact	exact_markdown	SHARD-008	BLOCK-000522	pass	KAE-BLOCK-000146;KAE-BLOCK-000273	pending;aligned	primary_working_source_after_alignment	repo_paired_ko_en;hybrid	CONF-000005	candidate_with_open_recheck_guardrail	guarded_candidate_recheck_before_exhaustive_playbook	An aligned or AID-reuse baseline route exists, but open conflict/recheck rows block exhaustive or production-ready downstream claims.	S1-J012
source_pack_source	SRC-000091	repo	Manuals/Altibase_7.3/eng/Getting Started Guide.md	product_source	getting_started_installation	7.3	English extraction aid						include_exact	exact_markdown	SHARD-009	BLOCK-000530	pass	KAE-BLOCK-000147;KAE-BLOCK-000272	pending;aligned	primary_working_source_after_alignment	repo_paired_ko_en;hybrid	CONF-000004	candidate_with_open_recheck_guardrail	guarded_candidate_recheck_before_exhaustive_playbook	An aligned or AID-reuse baseline route exists, but open conflict/recheck rows block exhaustive or production-ready downstream claims.	S1-J012
source_pack_source	SRC-000092	repo	Manuals/Altibase_7.3/eng/Hadoop Connector User's Manual.md	product_source	dblink_hadoop_external_connectors	7.3	English extraction aid						include_exact	exact_markdown	SHARD-006	BLOCK-000497	pass	KAE-BLOCK-000143;KAE-BLOCK-000274	pending;aligned	primary_working_source_after_alignment	repo_paired_ko_en;hybrid		candidate_ready_for_stage2_routing	ready_for_guarded_playbook_drafting		S1-J012
source_pack_source	SRC-000093	repo	Manuals/Altibase_7.3/eng/Installation Guide.md	product_source	getting_started_installation	7.3	English extraction aid						include_exact	exact_markdown	SHARD-009	BLOCK-000531	pass	KAE-BLOCK-000148;KAE-BLOCK-000272	pending;aligned	primary_working_source_after_alignment	repo_paired_ko_en;hybrid	CONF-000003;CONF-000004	candidate_with_open_recheck_guardrail	guarded_candidate_recheck_before_exhaustive_playbook	An aligned or AID-reuse baseline route exists, but open conflict/recheck rows block exhaustive or production-ready downstream claims.	S1-J012
source_pack_source	SRC-000094	repo	Manuals/Altibase_7.3/eng/JDBC User's Manual.md	product_source	jdbc_java	7.3	English extraction aid						include_exact	exact_markdown	SHARD-010	BLOCK-000555	pass	KAE-BLOCK-000152;KAE-BLOCK-000274	pending;aligned	primary_working_source_after_alignment	repo_paired_ko_en;hybrid		candidate_ready_for_stage2_routing	ready_for_guarded_playbook_drafting		S1-J012
source_pack_source	SRC-000095	repo	Manuals/Altibase_7.3/eng/Log Analyzer User's Manual.md	product_source	log_analyzer	7.3	English extraction aid						include_exact	exact_markdown	SHARD-010	BLOCK-000565	pass	KAE-BLOCK-000153	pending	primary_working_source_after_alignment	repo_paired_ko_en	CONF-000008	not_ready_pending_alignment	blocked_pending_baseline_alignment	Only pending Korean-aligned English inventory rows exist for this source; no aligned or AID-reuse downstream working baseline is available yet.	S1-J012
source_pack_source	SRC-000096	repo	Manuals/Altibase_7.3/eng/Monitoring API Developer's Guide.md	product_source	monitoring_api_snmp	7.3	English extraction aid						include_exact	exact_markdown	SHARD-011	BLOCK-000607	pass	KAE-BLOCK-000155	pending	primary_working_source_after_alignment	repo_paired_ko_en	CONF-000008	not_ready_pending_alignment	blocked_pending_baseline_alignment	Only pending Korean-aligned English inventory rows exist for this source; no aligned or AID-reuse downstream working baseline is available yet.	S1-J012
source_pack_source	SRC-000097	repo	Manuals/Altibase_7.3/eng/ODBC User's Manual.md	product_source	c_cli_odbc_precompiler	7.3	English extraction aid						include_exact	exact_markdown	SHARD-005	BLOCK-000475	pass	KAE-BLOCK-000140;KAE-BLOCK-000274	pending;aligned	primary_working_source_after_alignment	repo_paired_ko_en;hybrid		candidate_ready_for_stage2_routing	ready_for_guarded_playbook_drafting		S1-J012
source_pack_source	SRC-000098	repo	Manuals/Altibase_7.3/eng/Performance Tuning Guide.md	product_source	performance_tuning	7.3	English extraction aid						include_exact	exact_markdown	SHARD-012	BLOCK-000813	pass	KAE-BLOCK-000160	pending	primary_working_source_after_alignment	repo_paired_ko_en	CONF-000008	not_ready_pending_alignment	blocked_pending_baseline_alignment	Only pending Korean-aligned English inventory rows exist for this source; no aligned or AID-reuse downstream working baseline is available yet.	S1-J012
source_pack_source	SRC-000099	repo	Manuals/Altibase_7.3/eng/Precompiler User's Manual.md	product_source	c_cli_odbc_precompiler	7.3	English extraction aid						include_exact	exact_markdown	SHARD-005	BLOCK-000476	pass	KAE-BLOCK-000141;KAE-BLOCK-000274	pending;aligned	primary_working_source_after_alignment	repo_paired_ko_en;hybrid		candidate_ready_for_stage2_routing	ready_for_guarded_playbook_drafting		S1-J012
source_pack_source	SRC-000100	repo	Manuals/Altibase_7.3/eng/README.md	product_source	source_index	7.3	English extraction aid						include_exact	exact_markdown	SHARD-012	BLOCK-000860	pass	KAE-BLOCK-000164	pending	primary_working_source_after_alignment	repo_paired_ko_en	CONF-000008	not_ready_pending_alignment	blocked_pending_baseline_alignment	Only pending Korean-aligned English inventory rows exist for this source; no aligned or AID-reuse downstream working baseline is available yet.	S1-J012
source_pack_source	SRC-000101	repo	Manuals/Altibase_7.3/eng/Replication Manual.md	product_source	replication_manual	7.3	English extraction aid						include_exact	exact_markdown	SHARD-012	BLOCK-000846	pass	KAE-BLOCK-000162;KAE-BLOCK-000272;KAE-BLOCK-000273	pending;aligned	primary_working_source_after_alignment	repo_paired_ko_en;hybrid	CONF-000003;CONF-000004;CONF-000005	candidate_with_open_recheck_guardrail	guarded_candidate_recheck_before_exhaustive_playbook	An aligned or AID-reuse baseline route exists, but open conflict/recheck rows block exhaustive or production-ready downstream claims.	S1-J012
source_pack_source	SRC-000102	repo	Manuals/Altibase_7.3/eng/SNMP Agent Guide.md	product_source	monitoring_api_snmp	7.3	English extraction aid						include_exact	exact_markdown	SHARD-011	BLOCK-000608	pass	KAE-BLOCK-000156	pending	primary_working_source_after_alignment	repo_paired_ko_en	CONF-000008	not_ready_pending_alignment	blocked_pending_baseline_alignment	Only pending Korean-aligned English inventory rows exist for this source; no aligned or AID-reuse downstream working baseline is available yet.	S1-J012
source_pack_source	SRC-000103	repo	Manuals/Altibase_7.3/eng/SQL Reference.md	product_source	sql_reference	7.3	English extraction aid						include_exact	exact_markdown	SHARD-014	BLOCK-000885	pass	KAE-BLOCK-000166;KAE-BLOCK-000272;KAE-BLOCK-000273	pending;aligned	primary_working_source_after_alignment	repo_paired_ko_en;hybrid	CONF-000003;CONF-000004;CONF-000005	candidate_with_open_recheck_guardrail	guarded_candidate_recheck_before_exhaustive_playbook	An aligned or AID-reuse baseline route exists, but open conflict/recheck rows block exhaustive or production-ready downstream claims.	S1-J012
source_pack_source	SRC-000104	repo	Manuals/Altibase_7.3/eng/Spatial SQL Reference.md	product_source	spatial_nifi_tableau	7.3	English extraction aid						include_exact	exact_markdown	SHARD-013	BLOCK-000873	pass	KAE-BLOCK-000165;KAE-BLOCK-000274	pending;aligned	primary_working_source_after_alignment	repo_paired_ko_en;hybrid		candidate_ready_for_stage2_routing	ready_for_guarded_playbook_drafting		S1-J012
source_pack_source	SRC-000105	repo	Manuals/Altibase_7.3/eng/Stored Procedures Manual.md	product_source	stored_external_procedures	7.3	English extraction aid						include_exact	exact_markdown	SHARD-015	BLOCK-000899	pass	KAE-BLOCK-000168	pending	primary_working_source_after_alignment	repo_paired_ko_en	CONF-000008	not_ready_pending_alignment	blocked_pending_baseline_alignment	Only pending Korean-aligned English inventory rows exist for this source; no aligned or AID-reuse downstream working baseline is available yet.	S1-J012
source_pack_source	SRC-000106	repo	Manuals/Altibase_7.3/eng/Utilities Manual.md	product_source	utilities_datacompj	7.3	English extraction aid						include_exact	exact_markdown	SHARD-015	BLOCK-000928	pass	KAE-BLOCK-000170;KAE-BLOCK-000274	pending;aligned	primary_working_source_after_alignment	repo_paired_ko_en;hybrid		candidate_ready_for_stage2_routing	ready_for_guarded_playbook_drafting		S1-J012
source_pack_source	SRC-000107	repo	Manuals/Altibase_7.3/eng/iLoader User's Manual.md	product_source	isql_iloader	7.3	English extraction aid						include_exact	exact_markdown	SHARD-009	BLOCK-000542	pass	KAE-BLOCK-000149;KAE-BLOCK-000274	pending;aligned	primary_working_source_after_alignment	repo_paired_ko_en;hybrid		candidate_ready_for_stage2_routing	ready_for_guarded_playbook_drafting		S1-J012
source_pack_source	SRC-000108	repo	Manuals/Altibase_7.3/eng/iSQL User's Manual.md	product_source	isql_iloader	7.3	English extraction aid						include_exact	exact_markdown	SHARD-009	BLOCK-000543	pass	KAE-BLOCK-000150;KAE-BLOCK-000274	pending;aligned	primary_working_source_after_alignment	repo_paired_ko_en;hybrid		candidate_ready_for_stage2_routing	ready_for_guarded_playbook_drafting		S1-J012
source_pack_source	SRC-000109	repo	Manuals/Altibase_7.3/eng/media/StoredProcedure/StoredProcedure1_Eng.md	product_source	stored_external_procedures	7.3	English extraction aid						include_exact	exact_markdown	SHARD-015	BLOCK-000900	pass	KAE-BLOCK-000169	excluded	blocked_until_korean_authority_or_auxiliary_label	repo_en_only	CONF-000009	excluded_with_reason	excluded_until_source_authority_or_auxiliary_label	No paired Korean authority source was selected; excluded from the Korean-aligned baseline until Korean authority or approved auxiliary use is recorded.	S1-J012
source_pack_source	SRC-000110	repo	Manuals/Altibase_7.3/kor/API User's Manual.md	product_source	c_cli_odbc_precompiler	7.3	Korean authoritative						include_exact	exact_markdown	SHARD-005	BLOCK-000477	pass	KAE-BLOCK-000137;KAE-BLOCK-000274	pending;aligned	primary_working_source_after_alignment	repo_paired_ko_en;hybrid		candidate_ready_for_stage2_routing	ready_for_guarded_playbook_drafting		S1-J012
source_pack_source	SRC-000111	repo	Manuals/Altibase_7.3/kor/Adapter for JDBC User's Manual.md	product_source	jdbc_java	7.3	Korean authoritative						include_exact	exact_markdown	SHARD-010	BLOCK-000556	pass	KAE-BLOCK-000151;KAE-BLOCK-000274	pending;aligned	primary_working_source_after_alignment	repo_paired_ko_en;hybrid		candidate_ready_for_stage2_routing	ready_for_guarded_playbook_drafting		S1-J012
source_pack_source	SRC-000112	repo	Manuals/Altibase_7.3/kor/Adapter for Oracle User's Manual.md	product_source	migration_oracle	7.3	Korean authoritative						include_exact	exact_markdown	SHARD-010	BLOCK-000572	pass	KAE-BLOCK-000154;KAE-BLOCK-000274	pending;aligned	primary_working_source_after_alignment	repo_paired_ko_en;hybrid		candidate_ready_for_stage2_routing	ready_for_guarded_playbook_drafting		S1-J012
source_pack_source	SRC-000113	repo	Manuals/Altibase_7.3/kor/Administrator's Manual.md	product_source	administrator_operations	7.3	Korean authoritative						include_exact	exact_markdown	SHARD-001	BLOCK-000004	pass	KAE-BLOCK-000136;KAE-BLOCK-000272;KAE-BLOCK-000273	pending;aligned	primary_working_source_after_alignment	repo_paired_ko_en;hybrid	CONF-000004;CONF-000005	candidate_with_open_recheck_guardrail	guarded_candidate_recheck_before_exhaustive_playbook	An aligned or AID-reuse baseline route exists, but open conflict/recheck rows block exhaustive or production-ready downstream claims.	S1-J012
source_pack_source	SRC-000114	repo	Manuals/Altibase_7.3/kor/Altibase C Interface Manual.md	product_source	c_cli_odbc_precompiler	7.3	Korean authoritative						include_exact	exact_markdown	SHARD-005	BLOCK-000478	pass	KAE-BLOCK-000138;KAE-BLOCK-000274	pending;aligned	primary_working_source_after_alignment	repo_paired_ko_en;hybrid		candidate_ready_for_stage2_routing	ready_for_guarded_playbook_drafting		S1-J012
source_pack_source	SRC-000115	repo	Manuals/Altibase_7.3/kor/Altibase SSL TLS User's Guide.md	product_source	security_ssl_tls	7.3	Korean authoritative						include_exact	exact_markdown	SHARD-012	BLOCK-000853	pass	KAE-BLOCK-000163;KAE-BLOCK-000272	pending;aligned	primary_working_source_after_alignment	repo_paired_ko_en;hybrid	CONF-000004	candidate_with_open_recheck_guardrail	guarded_candidate_recheck_before_exhaustive_playbook	An aligned or AID-reuse baseline route exists, but open conflict/recheck rows block exhaustive or production-ready downstream claims.	S1-J012
source_pack_source	SRC-000116	repo	Manuals/Altibase_7.3/kor/CLI User's Manual.md	product_source	c_cli_odbc_precompiler	7.3	Korean authoritative						include_exact	exact_markdown	SHARD-005	BLOCK-000479	pass	KAE-BLOCK-000139;KAE-BLOCK-000274	pending;aligned	primary_working_source_after_alignment	repo_paired_ko_en;hybrid		candidate_ready_for_stage2_routing	ready_for_guarded_playbook_drafting		S1-J012
source_pack_source	SRC-000117	repo	Manuals/Altibase_7.3/kor/DB Link User's Manual.md	product_source	dblink_hadoop_external_connectors	7.3	Korean authoritative						include_exact	exact_markdown	SHARD-006	BLOCK-000498	pass	KAE-BLOCK-000142;KAE-BLOCK-000274	pending;aligned	primary_working_source_after_alignment	repo_paired_ko_en;hybrid		candidate_ready_for_stage2_routing	ready_for_guarded_playbook_drafting		S1-J012
source_pack_source	SRC-000118	repo	Manuals/Altibase_7.3/kor/Error Message Reference.md	product_source	error_message_reference	7.3	Korean authoritative						include_exact	exact_markdown	SHARD-007	BLOCK-000511	pass	KAE-BLOCK-000144;KAE-BLOCK-000273	pending;aligned	primary_working_source_after_alignment	repo_paired_ko_en;hybrid	CONF-000005	candidate_with_open_recheck_guardrail	guarded_candidate_recheck_before_exhaustive_playbook	An aligned or AID-reuse baseline route exists, but open conflict/recheck rows block exhaustive or production-ready downstream claims.	S1-J012
source_pack_source	SRC-000119	repo	Manuals/Altibase_7.3/kor/External Procedures Manual.md	product_source	stored_external_procedures	7.3	Korean authoritative						include_exact	exact_markdown	SHARD-015	BLOCK-000901	pass	KAE-BLOCK-000167	pending	primary_working_source_after_alignment	repo_paired_ko_en	CONF-000008	not_ready_pending_alignment	blocked_pending_baseline_alignment	Only pending Korean-aligned English inventory rows exist for this source; no aligned or AID-reuse downstream working baseline is available yet.	S1-J012
source_pack_source	SRC-000120	repo	Manuals/Altibase_7.3/kor/General_Reference-1.Data Types & Altibase Properties.md	product_source	general_reference_1_datatypes_properties	7.3	Korean authoritative						include_exact	exact_markdown	SHARD-008	BLOCK-000517	pass	KAE-BLOCK-000145;KAE-BLOCK-000272;KAE-BLOCK-000273	pending;aligned	primary_working_source_after_alignment	repo_paired_ko_en;hybrid	CONF-000004;CONF-000005	candidate_with_open_recheck_guardrail	guarded_candidate_recheck_before_exhaustive_playbook	An aligned or AID-reuse baseline route exists, but open conflict/recheck rows block exhaustive or production-ready downstream claims.	S1-J012
source_pack_source	SRC-000121	repo	Manuals/Altibase_7.3/kor/General_Reference-2.The Data Dictionary.md	product_source	general_reference_2_dictionary_views	7.3	Korean authoritative						include_exact	exact_markdown	SHARD-008	BLOCK-000523	pass	KAE-BLOCK-000146;KAE-BLOCK-000273	pending;aligned	primary_working_source_after_alignment	repo_paired_ko_en;hybrid	CONF-000005	candidate_with_open_recheck_guardrail	guarded_candidate_recheck_before_exhaustive_playbook	An aligned or AID-reuse baseline route exists, but open conflict/recheck rows block exhaustive or production-ready downstream claims.	S1-J012
source_pack_source	SRC-000122	repo	Manuals/Altibase_7.3/kor/Getting Started Guide.md	product_source	getting_started_installation	7.3	Korean authoritative						include_exact	exact_markdown	SHARD-009	BLOCK-000532	pass	KAE-BLOCK-000147;KAE-BLOCK-000272	pending;aligned	primary_working_source_after_alignment	repo_paired_ko_en;hybrid	CONF-000004	candidate_with_open_recheck_guardrail	guarded_candidate_recheck_before_exhaustive_playbook	An aligned or AID-reuse baseline route exists, but open conflict/recheck rows block exhaustive or production-ready downstream claims.	S1-J012
source_pack_source	SRC-000123	repo	Manuals/Altibase_7.3/kor/Hadoop Connector User's Manual.md	product_source	dblink_hadoop_external_connectors	7.3	Korean authoritative						include_exact	exact_markdown	SHARD-006	BLOCK-000499	pass	KAE-BLOCK-000143;KAE-BLOCK-000274	pending;aligned	primary_working_source_after_alignment	repo_paired_ko_en;hybrid		candidate_ready_for_stage2_routing	ready_for_guarded_playbook_drafting		S1-J012
source_pack_source	SRC-000124	repo	Manuals/Altibase_7.3/kor/Installation Guide.md	product_source	getting_started_installation	7.3	Korean authoritative						include_exact	exact_markdown	SHARD-009	BLOCK-000533	pass	KAE-BLOCK-000148;KAE-BLOCK-000272	pending;aligned	primary_working_source_after_alignment	repo_paired_ko_en;hybrid	CONF-000004	candidate_with_open_recheck_guardrail	guarded_candidate_recheck_before_exhaustive_playbook	An aligned or AID-reuse baseline route exists, but open conflict/recheck rows block exhaustive or production-ready downstream claims.	S1-J012
source_pack_source	SRC-000125	repo	Manuals/Altibase_7.3/kor/JDBC User's Manual.md	product_source	jdbc_java	7.3	Korean authoritative						include_exact	exact_markdown	SHARD-010	BLOCK-000557	pass	KAE-BLOCK-000152;KAE-BLOCK-000274	pending;aligned	primary_working_source_after_alignment	repo_paired_ko_en;hybrid		candidate_ready_for_stage2_routing	ready_for_guarded_playbook_drafting		S1-J012
source_pack_source	SRC-000126	repo	Manuals/Altibase_7.3/kor/Log Analyzer User's Manual.md	product_source	log_analyzer	7.3	Korean authoritative						include_exact	exact_markdown	SHARD-010	BLOCK-000566	pass	KAE-BLOCK-000153	pending	primary_working_source_after_alignment	repo_paired_ko_en	CONF-000008	not_ready_pending_alignment	blocked_pending_baseline_alignment	Only pending Korean-aligned English inventory rows exist for this source; no aligned or AID-reuse downstream working baseline is available yet.	S1-J012
source_pack_source	SRC-000127	repo	Manuals/Altibase_7.3/kor/Monitoring API Developer's Guide.md	product_source	monitoring_api_snmp	7.3	Korean authoritative						include_exact	exact_markdown	SHARD-011	BLOCK-000609	pass	KAE-BLOCK-000155	pending	primary_working_source_after_alignment	repo_paired_ko_en	CONF-000008	not_ready_pending_alignment	blocked_pending_baseline_alignment	Only pending Korean-aligned English inventory rows exist for this source; no aligned or AID-reuse downstream working baseline is available yet.	S1-J012
source_pack_source	SRC-000128	repo	Manuals/Altibase_7.3/kor/ODBC User's Manual.md	product_source	c_cli_odbc_precompiler	7.3	Korean authoritative						include_exact	exact_markdown	SHARD-005	BLOCK-000480	pass	KAE-BLOCK-000140;KAE-BLOCK-000274	pending;aligned	primary_working_source_after_alignment	repo_paired_ko_en;hybrid		candidate_ready_for_stage2_routing	ready_for_guarded_playbook_drafting		S1-J012
source_pack_source	SRC-000129	repo	Manuals/Altibase_7.3/kor/Performance Tuning Guide.md	product_source	performance_tuning	7.3	Korean authoritative						include_exact	exact_markdown	SHARD-012	BLOCK-000814	pass	KAE-BLOCK-000160	pending	primary_working_source_after_alignment	repo_paired_ko_en	CONF-000008	not_ready_pending_alignment	blocked_pending_baseline_alignment	Only pending Korean-aligned English inventory rows exist for this source; no aligned or AID-reuse downstream working baseline is available yet.	S1-J012
source_pack_source	SRC-000130	repo	Manuals/Altibase_7.3/kor/Precompiler User's Manual.md	product_source	c_cli_odbc_precompiler	7.3	Korean authoritative						include_exact	exact_markdown	SHARD-005	BLOCK-000481	pass	KAE-BLOCK-000141;KAE-BLOCK-000274	pending;aligned	primary_working_source_after_alignment	repo_paired_ko_en;hybrid		candidate_ready_for_stage2_routing	ready_for_guarded_playbook_drafting		S1-J012
source_pack_source	SRC-000131	repo	Manuals/Altibase_7.3/kor/README.md	product_source	source_index	7.3	Korean authoritative						include_exact	exact_markdown	SHARD-012	BLOCK-000861	pass	KAE-BLOCK-000164	pending	primary_working_source_after_alignment	repo_paired_ko_en	CONF-000008	not_ready_pending_alignment	blocked_pending_baseline_alignment	Only pending Korean-aligned English inventory rows exist for this source; no aligned or AID-reuse downstream working baseline is available yet.	S1-J012
source_pack_source	SRC-000132	repo	Manuals/Altibase_7.3/kor/Replication Manual.md	product_source	replication_manual	7.3	Korean authoritative						include_exact	exact_markdown	SHARD-012	BLOCK-000847	pass	KAE-BLOCK-000162;KAE-BLOCK-000272;KAE-BLOCK-000273	pending;aligned	primary_working_source_after_alignment	repo_paired_ko_en;hybrid	CONF-000004;CONF-000005	candidate_with_open_recheck_guardrail	guarded_candidate_recheck_before_exhaustive_playbook	An aligned or AID-reuse baseline route exists, but open conflict/recheck rows block exhaustive or production-ready downstream claims.	S1-J012
source_pack_source	SRC-000133	repo	Manuals/Altibase_7.3/kor/SNMP Agent Guide.md	product_source	monitoring_api_snmp	7.3	Korean authoritative						include_exact	exact_markdown	SHARD-011	BLOCK-000610	pass	KAE-BLOCK-000156	pending	primary_working_source_after_alignment	repo_paired_ko_en	CONF-000008	not_ready_pending_alignment	blocked_pending_baseline_alignment	Only pending Korean-aligned English inventory rows exist for this source; no aligned or AID-reuse downstream working baseline is available yet.	S1-J012
source_pack_source	SRC-000134	repo	Manuals/Altibase_7.3/kor/SQL Reference.md	product_source	sql_reference	7.3	Korean authoritative						include_exact	exact_markdown	SHARD-014	BLOCK-000886	pass	KAE-BLOCK-000166;KAE-BLOCK-000272;KAE-BLOCK-000273	pending;aligned	primary_working_source_after_alignment	repo_paired_ko_en;hybrid	CONF-000004;CONF-000005	candidate_with_open_recheck_guardrail	guarded_candidate_recheck_before_exhaustive_playbook	An aligned or AID-reuse baseline route exists, but open conflict/recheck rows block exhaustive or production-ready downstream claims.	S1-J012
source_pack_source	SRC-000135	repo	Manuals/Altibase_7.3/kor/Spatial SQL Reference.md	product_source	spatial_nifi_tableau	7.3	Korean authoritative						include_exact	exact_markdown	SHARD-013	BLOCK-000874	pass	KAE-BLOCK-000165;KAE-BLOCK-000274	pending;aligned	primary_working_source_after_alignment	repo_paired_ko_en;hybrid		candidate_ready_for_stage2_routing	ready_for_guarded_playbook_drafting		S1-J012
source_pack_source	SRC-000136	repo	Manuals/Altibase_7.3/kor/Stored Procedures Manual.md	product_source	stored_external_procedures	7.3	Korean authoritative						include_exact	exact_markdown	SHARD-015	BLOCK-000902	pass	KAE-BLOCK-000168	pending	primary_working_source_after_alignment	repo_paired_ko_en	CONF-000008	not_ready_pending_alignment	blocked_pending_baseline_alignment	Only pending Korean-aligned English inventory rows exist for this source; no aligned or AID-reuse downstream working baseline is available yet.	S1-J012
source_pack_source	SRC-000137	repo	Manuals/Altibase_7.3/kor/Utilities Manual.md	product_source	utilities_datacompj	7.3	Korean authoritative						include_exact	exact_markdown	SHARD-016	BLOCK-000929	pass	KAE-BLOCK-000170;KAE-BLOCK-000274	pending;aligned	primary_working_source_after_alignment	repo_paired_ko_en;hybrid		candidate_ready_for_stage2_routing	ready_for_guarded_playbook_drafting		S1-J012
source_pack_source	SRC-000138	repo	Manuals/Altibase_7.3/kor/iLoader User's Manual.md	product_source	isql_iloader	7.3	Korean authoritative						include_exact	exact_markdown	SHARD-009	BLOCK-000544	pass	KAE-BLOCK-000149;KAE-BLOCK-000274	pending;aligned	primary_working_source_after_alignment	repo_paired_ko_en;hybrid		candidate_ready_for_stage2_routing	ready_for_guarded_playbook_drafting		S1-J012
source_pack_source	SRC-000139	repo	Manuals/Altibase_7.3/kor/iSQL User's Manual.md	product_source	isql_iloader	7.3	Korean authoritative						include_exact	exact_markdown	SHARD-009	BLOCK-000545	pass	KAE-BLOCK-000150;KAE-BLOCK-000274	pending;aligned	primary_working_source_after_alignment	repo_paired_ko_en;hybrid		candidate_ready_for_stage2_routing	ready_for_guarded_playbook_drafting		S1-J012
source_pack_source	SRC-000140	repo	Manuals/Altibase_trunk/eng/API User's Manual.md	product_source	c_cli_odbc_precompiler	8.1_verified	English extraction aid; Altibase 8.1 verified source						include_exact	exact_markdown	SHARD-005	BLOCK-000482	pass	KAE-BLOCK-000192;KAE-BLOCK-000274	pending;aligned	primary_working_source_after_alignment	repo_paired_ko_en;hybrid		candidate_ready_for_stage2_routing	ready_for_guarded_playbook_drafting		S1-J012
source_pack_source	SRC-000141	repo	Manuals/Altibase_trunk/eng/Adapter for JDBC User's Manual.md	product_source	jdbc_java	8.1_verified	English extraction aid; Altibase 8.1 verified source						include_exact	exact_markdown	SHARD-010	BLOCK-000558	pass	KAE-BLOCK-000207;KAE-BLOCK-000274	pending;aligned	primary_working_source_after_alignment	repo_paired_ko_en;hybrid		candidate_ready_for_stage2_routing	ready_for_guarded_playbook_drafting		S1-J012
source_pack_source	SRC-000142	repo	Manuals/Altibase_trunk/eng/Adapter for Oracle User's Manual.md	product_source	migration_oracle	8.1_verified	English extraction aid; Altibase 8.1 verified source						include_exact	exact_markdown	SHARD-010	BLOCK-000573	pass	KAE-BLOCK-000210;KAE-BLOCK-000274	pending;aligned	primary_working_source_after_alignment	repo_paired_ko_en;hybrid		candidate_ready_for_stage2_routing	ready_for_guarded_playbook_drafting		S1-J012
source_pack_source	SRC-000143	repo	Manuals/Altibase_trunk/eng/Administrator’s Manual.md	product_source	administrator_operations	8.1_verified	English extraction aid; Altibase 8.1 verified source						include_exact	exact_markdown	SHARD-001	BLOCK-000005	pass	KAE-BLOCK-000191;KAE-BLOCK-000272;KAE-BLOCK-000273	pending;aligned	primary_working_source_after_alignment	repo_paired_ko_en;hybrid	CONF-000004;CONF-000005	candidate_with_open_recheck_guardrail	guarded_candidate_recheck_before_exhaustive_playbook	An aligned or AID-reuse baseline route exists, but open conflict/recheck rows block exhaustive or production-ready downstream claims.	S1-J012
source_pack_source	SRC-000144	repo	Manuals/Altibase_trunk/eng/Altibase C Interface Manual.md	product_source	c_cli_odbc_precompiler	8.1_verified	English extraction aid; Altibase 8.1 verified source						include_exact	exact_markdown	SHARD-005	BLOCK-000483	pass	KAE-BLOCK-000193;KAE-BLOCK-000274	pending;aligned	primary_working_source_after_alignment	repo_paired_ko_en;hybrid		candidate_ready_for_stage2_routing	ready_for_guarded_playbook_drafting		S1-J012
source_pack_source	SRC-000145	repo	Manuals/Altibase_trunk/eng/Altibase SSL TLS User's Guide.md	product_source	security_ssl_tls	8.1_verified	English extraction aid; Altibase 8.1 verified source						include_exact	exact_markdown	SHARD-012	BLOCK-000854	pass	KAE-BLOCK-000218;KAE-BLOCK-000272	pending;aligned	primary_working_source_after_alignment	repo_paired_ko_en;hybrid	CONF-000004	candidate_with_open_recheck_guardrail	guarded_candidate_recheck_before_exhaustive_playbook	An aligned or AID-reuse baseline route exists, but open conflict/recheck rows block exhaustive or production-ready downstream claims.	S1-J012
source_pack_source	SRC-000146	repo	Manuals/Altibase_trunk/eng/CLI User's Manual.md	product_source	c_cli_odbc_precompiler	8.1_verified	English extraction aid; Altibase 8.1 verified source						include_exact	exact_markdown	SHARD-005	BLOCK-000484	pass	KAE-BLOCK-000194;KAE-BLOCK-000274	pending;aligned	primary_working_source_after_alignment	repo_paired_ko_en;hybrid	CONF-000006	candidate_with_open_recheck_guardrail	guarded_candidate_recheck_before_exhaustive_playbook	An aligned or AID-reuse baseline route exists, but open conflict/recheck rows block exhaustive or production-ready downstream claims.	S1-J012
source_pack_source	SRC-000147	repo	Manuals/Altibase_trunk/eng/DB Link User's Manual.md	product_source	dblink_hadoop_external_connectors	8.1_verified	English extraction aid; Altibase 8.1 verified source						include_exact	exact_markdown	SHARD-006	BLOCK-000500	pass	KAE-BLOCK-000197;KAE-BLOCK-000274	pending;aligned	primary_working_source_after_alignment	repo_paired_ko_en;hybrid		candidate_ready_for_stage2_routing	ready_for_guarded_playbook_drafting		S1-J012
source_pack_source	SRC-000148	repo	Manuals/Altibase_trunk/eng/Error Message Reference.md	product_source	error_message_reference	8.1_verified	English extraction aid; Altibase 8.1 verified source						include_exact	exact_markdown	SHARD-007	BLOCK-000512	pass	KAE-BLOCK-000200;KAE-BLOCK-000273	pending;aligned	primary_working_source_after_alignment	repo_paired_ko_en;hybrid	CONF-000005	candidate_with_open_recheck_guardrail	guarded_candidate_recheck_before_exhaustive_playbook	An aligned or AID-reuse baseline route exists, but open conflict/recheck rows block exhaustive or production-ready downstream claims.	S1-J012
source_pack_source	SRC-000149	repo	Manuals/Altibase_trunk/eng/External Procedures Manual.md	product_source	stored_external_procedures	8.1_verified	English extraction aid; Altibase 8.1 verified source						include_exact	exact_markdown	SHARD-015	BLOCK-000903	pass	KAE-BLOCK-000224	pending	primary_working_source_after_alignment	repo_paired_ko_en	CONF-000008	not_ready_pending_alignment	blocked_pending_baseline_alignment	Only pending Korean-aligned English inventory rows exist for this source; no aligned or AID-reuse downstream working baseline is available yet.	S1-J012
source_pack_source	SRC-000150	repo	Manuals/Altibase_trunk/eng/General Reference-1.Data Types & Altibase Properties.md	product_source	general_reference_1_datatypes_properties	8.1_verified	English extraction aid; Altibase 8.1 verified source						include_exact	exact_markdown	SHARD-008	BLOCK-000518	pass	KAE-BLOCK-000201;KAE-BLOCK-000272;KAE-BLOCK-000273	pending;aligned	primary_working_source_after_alignment	repo_paired_ko_en;hybrid	CONF-000003;CONF-000004;CONF-000005	candidate_with_open_recheck_guardrail	guarded_candidate_recheck_before_exhaustive_playbook	An aligned or AID-reuse baseline route exists, but open conflict/recheck rows block exhaustive or production-ready downstream claims.	S1-J012
source_pack_source	SRC-000151	repo	Manuals/Altibase_trunk/eng/General Reference-2.The Data Dictionary.md	product_source	general_reference_2_dictionary_views	8.1_verified	English extraction aid; Altibase 8.1 verified source						include_exact	exact_markdown	SHARD-009	BLOCK-000524	pass	KAE-BLOCK-000202;KAE-BLOCK-000273	pending;aligned	primary_working_source_after_alignment	repo_paired_ko_en;hybrid	CONF-000005	candidate_with_open_recheck_guardrail	guarded_candidate_recheck_before_exhaustive_playbook	An aligned or AID-reuse baseline route exists, but open conflict/recheck rows block exhaustive or production-ready downstream claims.	S1-J012
source_pack_source	SRC-000152	repo	Manuals/Altibase_trunk/eng/Getting Started Guide.md	product_source	getting_started_installation	8.1_verified	English extraction aid; Altibase 8.1 verified source						include_exact	exact_markdown	SHARD-009	BLOCK-000534	pass	KAE-BLOCK-000203;KAE-BLOCK-000272	pending;aligned	primary_working_source_after_alignment	repo_paired_ko_en;hybrid	CONF-000004	candidate_with_open_recheck_guardrail	guarded_candidate_recheck_before_exhaustive_playbook	An aligned or AID-reuse baseline route exists, but open conflict/recheck rows block exhaustive or production-ready downstream claims.	S1-J012
source_pack_source	SRC-000153	repo	Manuals/Altibase_trunk/eng/Hadoop Connector User's Manual.md	product_source	dblink_hadoop_external_connectors	8.1_verified	English extraction aid; Altibase 8.1 verified source						include_exact	exact_markdown	SHARD-006	BLOCK-000501	pass	KAE-BLOCK-000198;KAE-BLOCK-000274	pending;aligned	primary_working_source_after_alignment	repo_paired_ko_en;hybrid		candidate_ready_for_stage2_routing	ready_for_guarded_playbook_drafting		S1-J012
source_pack_source	SRC-000154	repo	Manuals/Altibase_trunk/eng/Installation Guide.md	product_source	getting_started_installation	8.1_verified	English extraction aid; Altibase 8.1 verified source						include_exact	exact_markdown	SHARD-009	BLOCK-000535	pass	KAE-BLOCK-000204;KAE-BLOCK-000272	pending;aligned	primary_working_source_after_alignment	repo_paired_ko_en;hybrid	CONF-000003;CONF-000004	candidate_with_open_recheck_guardrail	guarded_candidate_recheck_before_exhaustive_playbook	An aligned or AID-reuse baseline route exists, but open conflict/recheck rows block exhaustive or production-ready downstream claims.	S1-J012
source_pack_source	SRC-000155	repo	Manuals/Altibase_trunk/eng/JDBC User's Manual.md	product_source	jdbc_java	8.1_verified	English extraction aid; Altibase 8.1 verified source						include_exact	exact_markdown	SHARD-010	BLOCK-000559	pass	KAE-BLOCK-000208;KAE-BLOCK-000274	pending;aligned	primary_working_source_after_alignment	repo_paired_ko_en;hybrid		candidate_ready_for_stage2_routing	ready_for_guarded_playbook_drafting		S1-J012
source_pack_source	SRC-000156	repo	Manuals/Altibase_trunk/eng/Log Analyzer User's Manual.md	product_source	log_analyzer	8.1_verified	English extraction aid; Altibase 8.1 verified source						include_exact	exact_markdown	SHARD-010	BLOCK-000567	pass	KAE-BLOCK-000209	pending	primary_working_source_after_alignment	repo_paired_ko_en	CONF-000008	not_ready_pending_alignment	blocked_pending_baseline_alignment	Only pending Korean-aligned English inventory rows exist for this source; no aligned or AID-reuse downstream working baseline is available yet.	S1-J012
source_pack_source	SRC-000157	repo	Manuals/Altibase_trunk/eng/Monitoring API Developer's Guide.md	product_source	monitoring_api_snmp	8.1_verified	English extraction aid; Altibase 8.1 verified source						include_exact	exact_markdown	SHARD-011	BLOCK-000611	pass	KAE-BLOCK-000212	pending	primary_working_source_after_alignment	repo_paired_ko_en	CONF-000008	not_ready_pending_alignment	blocked_pending_baseline_alignment	Only pending Korean-aligned English inventory rows exist for this source; no aligned or AID-reuse downstream working baseline is available yet.	S1-J012
source_pack_source	SRC-000158	repo	Manuals/Altibase_trunk/eng/ODBC User's Manual.md	product_source	c_cli_odbc_precompiler	8.1_verified	English extraction aid; Altibase 8.1 verified source						include_exact	exact_markdown	SHARD-005	BLOCK-000485	pass	KAE-BLOCK-000195;KAE-BLOCK-000274	pending;aligned	primary_working_source_after_alignment	repo_paired_ko_en;hybrid		candidate_ready_for_stage2_routing	ready_for_guarded_playbook_drafting		S1-J012
source_pack_source	SRC-000159	repo	Manuals/Altibase_trunk/eng/Performance Tuning Guide.md	product_source	performance_tuning	8.1_verified	English extraction aid; Altibase 8.1 verified source						include_exact	exact_markdown	SHARD-012	BLOCK-000815	pass	KAE-BLOCK-000214	pending	primary_working_source_after_alignment	repo_paired_ko_en	CONF-000008	not_ready_pending_alignment	blocked_pending_baseline_alignment	Only pending Korean-aligned English inventory rows exist for this source; no aligned or AID-reuse downstream working baseline is available yet.	S1-J012
source_pack_source	SRC-000160	repo	Manuals/Altibase_trunk/eng/Precompiler User's Manual.md	product_source	c_cli_odbc_precompiler	8.1_verified	English extraction aid; Altibase 8.1 verified source						include_exact	exact_markdown	SHARD-005	BLOCK-000486	pass	KAE-BLOCK-000196;KAE-BLOCK-000274	pending;aligned	primary_working_source_after_alignment	repo_paired_ko_en;hybrid		candidate_ready_for_stage2_routing	ready_for_guarded_playbook_drafting		S1-J012
source_pack_source	SRC-000161	repo	Manuals/Altibase_trunk/eng/Replication Manual.md	product_source	replication_manual	8.1_verified	English extraction aid; Altibase 8.1 verified source						include_exact	exact_markdown	SHARD-012	BLOCK-000848	pass	KAE-BLOCK-000217;KAE-BLOCK-000272;KAE-BLOCK-000273	pending;aligned	primary_working_source_after_alignment	repo_paired_ko_en;hybrid	CONF-000003;CONF-000004;CONF-000005	candidate_with_open_recheck_guardrail	guarded_candidate_recheck_before_exhaustive_playbook	An aligned or AID-reuse baseline route exists, but open conflict/recheck rows block exhaustive or production-ready downstream claims.	S1-J012
source_pack_source	SRC-000162	repo	Manuals/Altibase_trunk/eng/SNMP Agent Guide.md	product_source	monitoring_api_snmp	8.1_verified	English extraction aid; Altibase 8.1 verified source						include_exact	exact_markdown	SHARD-011	BLOCK-000612	pass	KAE-BLOCK-000213	pending	primary_working_source_after_alignment	repo_paired_ko_en	CONF-000008	not_ready_pending_alignment	blocked_pending_baseline_alignment	Only pending Korean-aligned English inventory rows exist for this source; no aligned or AID-reuse downstream working baseline is available yet.	S1-J012
source_pack_source	SRC-000163	repo	Manuals/Altibase_trunk/eng/SQL Reference.md	product_source	sql_reference	8.1_verified	English extraction aid; Altibase 8.1 verified source						include_exact	exact_markdown	SHARD-014	BLOCK-000887	pass	KAE-BLOCK-000223;KAE-BLOCK-000272;KAE-BLOCK-000273	pending;aligned	primary_working_source_after_alignment	repo_paired_ko_en;hybrid	CONF-000003;CONF-000004;CONF-000005	candidate_with_open_recheck_guardrail	guarded_candidate_recheck_before_exhaustive_playbook	An aligned or AID-reuse baseline route exists, but open conflict/recheck rows block exhaustive or production-ready downstream claims.	S1-J012
source_pack_source	SRC-000164	repo	Manuals/Altibase_trunk/eng/Spatial SQL Reference.md	product_source	spatial_nifi_tableau	8.1_verified	English extraction aid; Altibase 8.1 verified source						include_exact	exact_markdown	SHARD-013	BLOCK-000875	pass	KAE-BLOCK-000221;KAE-BLOCK-000274	pending;aligned	primary_working_source_after_alignment	repo_paired_ko_en;hybrid		candidate_ready_for_stage2_routing	ready_for_guarded_playbook_drafting		S1-J012
source_pack_source	SRC-000165	repo	Manuals/Altibase_trunk/eng/Stored Procedures Manual.md	product_source	stored_external_procedures	8.1_verified	English extraction aid; Altibase 8.1 verified source						include_exact	exact_markdown	SHARD-015	BLOCK-000904	pass	KAE-BLOCK-000225	pending	primary_working_source_after_alignment	repo_paired_ko_en	CONF-000008	not_ready_pending_alignment	blocked_pending_baseline_alignment	Only pending Korean-aligned English inventory rows exist for this source; no aligned or AID-reuse downstream working baseline is available yet.	S1-J012
source_pack_source	SRC-000166	repo	Manuals/Altibase_trunk/eng/Utilities Manual.md	product_source	utilities_datacompj	8.1_verified	English extraction aid; Altibase 8.1 verified source						include_exact	exact_markdown	SHARD-016	BLOCK-000930	pass	KAE-BLOCK-000227;KAE-BLOCK-000274	pending;aligned	primary_working_source_after_alignment	repo_paired_ko_en;hybrid		candidate_ready_for_stage2_routing	ready_for_guarded_playbook_drafting		S1-J012
source_pack_source	SRC-000167	repo	Manuals/Altibase_trunk/eng/iLoader User's Manual.md	product_source	isql_iloader	8.1_verified	English extraction aid; Altibase 8.1 verified source						include_exact	exact_markdown	SHARD-009	BLOCK-000546	pass	KAE-BLOCK-000205;KAE-BLOCK-000274	pending;aligned	primary_working_source_after_alignment	repo_paired_ko_en;hybrid	CONF-000006	candidate_with_open_recheck_guardrail	guarded_candidate_recheck_before_exhaustive_playbook	An aligned or AID-reuse baseline route exists, but open conflict/recheck rows block exhaustive or production-ready downstream claims.	S1-J012
source_pack_source	SRC-000168	repo	Manuals/Altibase_trunk/eng/iSQL User's Manual.md	product_source	isql_iloader	8.1_verified	English extraction aid; Altibase 8.1 verified source						include_exact	exact_markdown	SHARD-009	BLOCK-000547	pass	KAE-BLOCK-000206;KAE-BLOCK-000274	pending;aligned	primary_working_source_after_alignment	repo_paired_ko_en;hybrid	CONF-000006	candidate_with_open_recheck_guardrail	guarded_candidate_recheck_before_exhaustive_playbook	An aligned or AID-reuse baseline route exists, but open conflict/recheck rows block exhaustive or production-ready downstream claims.	S1-J012
source_pack_source	SRC-000169	repo	Manuals/Altibase_trunk/eng/media/StoredProcedure/StoredProcedure1_Eng.md	product_source	stored_external_procedures	8.1_verified	English extraction aid; Altibase 8.1 verified source						include_exact	exact_markdown	SHARD-015	BLOCK-000905	pass	KAE-BLOCK-000226	excluded	blocked_until_korean_authority_or_auxiliary_label	repo_en_only	CONF-000009	excluded_with_reason	excluded_until_source_authority_or_auxiliary_label	No paired Korean authority source was selected; excluded from the Korean-aligned baseline until Korean authority or approved auxiliary use is recorded.	S1-J012
source_pack_source	SRC-000170	repo	Manuals/Altibase_trunk/kor/API User's Manual.md	product_source	c_cli_odbc_precompiler	8.1_verified	Korean authoritative; Altibase 8.1 verified source						include_exact	exact_markdown	SHARD-005	BLOCK-000487	pass	KAE-BLOCK-000192;KAE-BLOCK-000274	pending;aligned	primary_working_source_after_alignment	repo_paired_ko_en;hybrid		candidate_ready_for_stage2_routing	ready_for_guarded_playbook_drafting		S1-J012
source_pack_source	SRC-000171	repo	Manuals/Altibase_trunk/kor/Adapter for JDBC User's Manual.md	product_source	jdbc_java	8.1_verified	Korean authoritative; Altibase 8.1 verified source						include_exact	exact_markdown	SHARD-010	BLOCK-000560	pass	KAE-BLOCK-000207;KAE-BLOCK-000274	pending;aligned	primary_working_source_after_alignment	repo_paired_ko_en;hybrid		candidate_ready_for_stage2_routing	ready_for_guarded_playbook_drafting		S1-J012
source_pack_source	SRC-000172	repo	Manuals/Altibase_trunk/kor/Adapter for Oracle User's Manual.md	product_source	migration_oracle	8.1_verified	Korean authoritative; Altibase 8.1 verified source						include_exact	exact_markdown	SHARD-010	BLOCK-000574	pass	KAE-BLOCK-000210;KAE-BLOCK-000274	pending;aligned	primary_working_source_after_alignment	repo_paired_ko_en;hybrid		candidate_ready_for_stage2_routing	ready_for_guarded_playbook_drafting		S1-J012
source_pack_source	SRC-000173	repo	Manuals/Altibase_trunk/kor/Administrator's Manual.md	product_source	administrator_operations	8.1_verified	Korean authoritative; Altibase 8.1 verified source						include_exact	exact_markdown	SHARD-001	BLOCK-000006	pass	KAE-BLOCK-000191;KAE-BLOCK-000272;KAE-BLOCK-000273	pending;aligned	primary_working_source_after_alignment	repo_paired_ko_en;hybrid	CONF-000004;CONF-000005	candidate_with_open_recheck_guardrail	guarded_candidate_recheck_before_exhaustive_playbook	An aligned or AID-reuse baseline route exists, but open conflict/recheck rows block exhaustive or production-ready downstream claims.	S1-J012
source_pack_source	SRC-000174	repo	Manuals/Altibase_trunk/kor/Altibase C Interface Manual.md	product_source	c_cli_odbc_precompiler	8.1_verified	Korean authoritative; Altibase 8.1 verified source						include_exact	exact_markdown	SHARD-006	BLOCK-000488	pass	KAE-BLOCK-000193;KAE-BLOCK-000274	pending;aligned	primary_working_source_after_alignment	repo_paired_ko_en;hybrid		candidate_ready_for_stage2_routing	ready_for_guarded_playbook_drafting		S1-J012
source_pack_source	SRC-000175	repo	Manuals/Altibase_trunk/kor/Altibase SSL TLS User's Guide.md	product_source	security_ssl_tls	8.1_verified	Korean authoritative; Altibase 8.1 verified source						include_exact	exact_markdown	SHARD-012	BLOCK-000855	pass	KAE-BLOCK-000218;KAE-BLOCK-000272	pending;aligned	primary_working_source_after_alignment	repo_paired_ko_en;hybrid	CONF-000004	candidate_with_open_recheck_guardrail	guarded_candidate_recheck_before_exhaustive_playbook	An aligned or AID-reuse baseline route exists, but open conflict/recheck rows block exhaustive or production-ready downstream claims.	S1-J012
source_pack_source	SRC-000176	repo	Manuals/Altibase_trunk/kor/CLI User's Manual.md	product_source	c_cli_odbc_precompiler	8.1_verified	Korean authoritative; Altibase 8.1 verified source						include_exact	exact_markdown	SHARD-006	BLOCK-000489	pass	KAE-BLOCK-000194;KAE-BLOCK-000274	pending;aligned	primary_working_source_after_alignment	repo_paired_ko_en;hybrid	CONF-000006	candidate_with_open_recheck_guardrail	guarded_candidate_recheck_before_exhaustive_playbook	An aligned or AID-reuse baseline route exists, but open conflict/recheck rows block exhaustive or production-ready downstream claims.	S1-J012
source_pack_source	SRC-000177	repo	Manuals/Altibase_trunk/kor/DB Link User's Manual.md	product_source	dblink_hadoop_external_connectors	8.1_verified	Korean authoritative; Altibase 8.1 verified source						include_exact	exact_markdown	SHARD-006	BLOCK-000502	pass	KAE-BLOCK-000197;KAE-BLOCK-000274	pending;aligned	primary_working_source_after_alignment	repo_paired_ko_en;hybrid		candidate_ready_for_stage2_routing	ready_for_guarded_playbook_drafting		S1-J012
source_pack_source	SRC-000178	repo	Manuals/Altibase_trunk/kor/Error Message Reference.md	product_source	error_message_reference	8.1_verified	Korean authoritative; Altibase 8.1 verified source						include_exact	exact_markdown	SHARD-007	BLOCK-000513	pass	KAE-BLOCK-000200;KAE-BLOCK-000273	pending;aligned	primary_working_source_after_alignment	repo_paired_ko_en;hybrid	CONF-000005	candidate_with_open_recheck_guardrail	guarded_candidate_recheck_before_exhaustive_playbook	An aligned or AID-reuse baseline route exists, but open conflict/recheck rows block exhaustive or production-ready downstream claims.	S1-J012
source_pack_source	SRC-000179	repo	Manuals/Altibase_trunk/kor/External Procedures Manual.md	product_source	stored_external_procedures	8.1_verified	Korean authoritative; Altibase 8.1 verified source						include_exact	exact_markdown	SHARD-015	BLOCK-000906	pass	KAE-BLOCK-000224	pending	primary_working_source_after_alignment	repo_paired_ko_en	CONF-000008	not_ready_pending_alignment	blocked_pending_baseline_alignment	Only pending Korean-aligned English inventory rows exist for this source; no aligned or AID-reuse downstream working baseline is available yet.	S1-J012
source_pack_source	SRC-000180	repo	Manuals/Altibase_trunk/kor/General_Reference-1.Data Types & Altibase Properties.md	product_source	general_reference_1_datatypes_properties	8.1_verified	Korean authoritative; Altibase 8.1 verified source						include_exact	exact_markdown	SHARD-008	BLOCK-000519	pass	KAE-BLOCK-000201;KAE-BLOCK-000272;KAE-BLOCK-000273	pending;aligned	primary_working_source_after_alignment	repo_paired_ko_en;hybrid	CONF-000004;CONF-000005	candidate_with_open_recheck_guardrail	guarded_candidate_recheck_before_exhaustive_playbook	An aligned or AID-reuse baseline route exists, but open conflict/recheck rows block exhaustive or production-ready downstream claims.	S1-J012
source_pack_source	SRC-000181	repo	Manuals/Altibase_trunk/kor/General_Reference-2.The Data Dictionary.md	product_source	general_reference_2_dictionary_views	8.1_verified	Korean authoritative; Altibase 8.1 verified source						include_exact	exact_markdown	SHARD-009	BLOCK-000525	pass	KAE-BLOCK-000202;KAE-BLOCK-000273	pending;aligned	primary_working_source_after_alignment	repo_paired_ko_en;hybrid	CONF-000005	candidate_with_open_recheck_guardrail	guarded_candidate_recheck_before_exhaustive_playbook	An aligned or AID-reuse baseline route exists, but open conflict/recheck rows block exhaustive or production-ready downstream claims.	S1-J012
source_pack_source	SRC-000182	repo	Manuals/Altibase_trunk/kor/Getting Started Guide.md	product_source	getting_started_installation	8.1_verified	Korean authoritative; Altibase 8.1 verified source						include_exact	exact_markdown	SHARD-009	BLOCK-000536	pass	KAE-BLOCK-000203;KAE-BLOCK-000272	pending;aligned	primary_working_source_after_alignment	repo_paired_ko_en;hybrid	CONF-000004	candidate_with_open_recheck_guardrail	guarded_candidate_recheck_before_exhaustive_playbook	An aligned or AID-reuse baseline route exists, but open conflict/recheck rows block exhaustive or production-ready downstream claims.	S1-J012
source_pack_source	SRC-000183	repo	Manuals/Altibase_trunk/kor/Hadoop Connector User's Manual.md	product_source	dblink_hadoop_external_connectors	8.1_verified	Korean authoritative; Altibase 8.1 verified source						include_exact	exact_markdown	SHARD-006	BLOCK-000503	pass	KAE-BLOCK-000198;KAE-BLOCK-000274	pending;aligned	primary_working_source_after_alignment	repo_paired_ko_en;hybrid		candidate_ready_for_stage2_routing	ready_for_guarded_playbook_drafting		S1-J012
source_pack_source	SRC-000184	repo	Manuals/Altibase_trunk/kor/Installation Guide.md	product_source	getting_started_installation	8.1_verified	Korean authoritative; Altibase 8.1 verified source						include_exact	exact_markdown	SHARD-009	BLOCK-000537	pass	KAE-BLOCK-000204;KAE-BLOCK-000272	pending;aligned	primary_working_source_after_alignment	repo_paired_ko_en;hybrid	CONF-000004	candidate_with_open_recheck_guardrail	guarded_candidate_recheck_before_exhaustive_playbook	An aligned or AID-reuse baseline route exists, but open conflict/recheck rows block exhaustive or production-ready downstream claims.	S1-J012
source_pack_source	SRC-000185	repo	Manuals/Altibase_trunk/kor/JDBC User's Manual.md	product_source	jdbc_java	8.1_verified	Korean authoritative; Altibase 8.1 verified source						include_exact	exact_markdown	SHARD-010	BLOCK-000561	pass	KAE-BLOCK-000208;KAE-BLOCK-000274	pending;aligned	primary_working_source_after_alignment	repo_paired_ko_en;hybrid		candidate_ready_for_stage2_routing	ready_for_guarded_playbook_drafting		S1-J012
source_pack_source	SRC-000186	repo	Manuals/Altibase_trunk/kor/Log Analyzer User's Manual.md	product_source	log_analyzer	8.1_verified	Korean authoritative; Altibase 8.1 verified source						include_exact	exact_markdown	SHARD-010	BLOCK-000568	pass	KAE-BLOCK-000209	pending	primary_working_source_after_alignment	repo_paired_ko_en	CONF-000008	not_ready_pending_alignment	blocked_pending_baseline_alignment	Only pending Korean-aligned English inventory rows exist for this source; no aligned or AID-reuse downstream working baseline is available yet.	S1-J012
source_pack_source	SRC-000187	repo	Manuals/Altibase_trunk/kor/Monitoring API Developer's Guide.md	product_source	monitoring_api_snmp	8.1_verified	Korean authoritative; Altibase 8.1 verified source						include_exact	exact_markdown	SHARD-011	BLOCK-000613	pass	KAE-BLOCK-000212	pending	primary_working_source_after_alignment	repo_paired_ko_en	CONF-000008	not_ready_pending_alignment	blocked_pending_baseline_alignment	Only pending Korean-aligned English inventory rows exist for this source; no aligned or AID-reuse downstream working baseline is available yet.	S1-J012
source_pack_source	SRC-000188	repo	Manuals/Altibase_trunk/kor/ODBC User's Manual.md	product_source	c_cli_odbc_precompiler	8.1_verified	Korean authoritative; Altibase 8.1 verified source						include_exact	exact_markdown	SHARD-006	BLOCK-000490	pass	KAE-BLOCK-000195;KAE-BLOCK-000274	pending;aligned	primary_working_source_after_alignment	repo_paired_ko_en;hybrid		candidate_ready_for_stage2_routing	ready_for_guarded_playbook_drafting		S1-J012
source_pack_source	SRC-000189	repo	Manuals/Altibase_trunk/kor/Performance Tuning Guide.md	product_source	performance_tuning	8.1_verified	Korean authoritative; Altibase 8.1 verified source						include_exact	exact_markdown	SHARD-012	BLOCK-000816	pass	KAE-BLOCK-000214	pending	primary_working_source_after_alignment	repo_paired_ko_en	CONF-000008	not_ready_pending_alignment	blocked_pending_baseline_alignment	Only pending Korean-aligned English inventory rows exist for this source; no aligned or AID-reuse downstream working baseline is available yet.	S1-J012
source_pack_source	SRC-000190	repo	Manuals/Altibase_trunk/kor/Precompiler User's Manual.md	product_source	c_cli_odbc_precompiler	8.1_verified	Korean authoritative; Altibase 8.1 verified source						include_exact	exact_markdown	SHARD-006	BLOCK-000491	pass	KAE-BLOCK-000196;KAE-BLOCK-000274	pending;aligned	primary_working_source_after_alignment	repo_paired_ko_en;hybrid		candidate_ready_for_stage2_routing	ready_for_guarded_playbook_drafting		S1-J012
source_pack_source	SRC-000191	repo	Manuals/Altibase_trunk/kor/README.md	product_source	source_index	8.1_verified	Korean authoritative; Altibase 8.1 verified source						include_exact	exact_markdown	SHARD-012	BLOCK-000862	pass	KAE-BLOCK-000219	pending	translation_candidate_after_alignment	repo_ko_only	CONF-000008	not_ready_pending_alignment	blocked_pending_baseline_alignment	Only pending Korean-aligned English inventory rows exist for this source; no aligned or AID-reuse downstream working baseline is available yet.	S1-J012
source_pack_source	SRC-000192	repo	Manuals/Altibase_trunk/kor/Replication Manual.md	product_source	replication_manual	8.1_verified	Korean authoritative; Altibase 8.1 verified source						include_exact	exact_markdown	SHARD-012	BLOCK-000849	pass	KAE-BLOCK-000217;KAE-BLOCK-000272;KAE-BLOCK-000273	pending;aligned	primary_working_source_after_alignment	repo_paired_ko_en;hybrid	CONF-000004;CONF-000005	candidate_with_open_recheck_guardrail	guarded_candidate_recheck_before_exhaustive_playbook	An aligned or AID-reuse baseline route exists, but open conflict/recheck rows block exhaustive or production-ready downstream claims.	S1-J012
source_pack_source	SRC-000193	repo	Manuals/Altibase_trunk/kor/SNMP Agent Guide.md	product_source	monitoring_api_snmp	8.1_verified	Korean authoritative; Altibase 8.1 verified source						include_exact	exact_markdown	SHARD-011	BLOCK-000614	pass	KAE-BLOCK-000213	pending	primary_working_source_after_alignment	repo_paired_ko_en	CONF-000008	not_ready_pending_alignment	blocked_pending_baseline_alignment	Only pending Korean-aligned English inventory rows exist for this source; no aligned or AID-reuse downstream working baseline is available yet.	S1-J012
source_pack_source	SRC-000194	repo	Manuals/Altibase_trunk/kor/SQL Reference.md	product_source	sql_reference	8.1_verified	Korean authoritative; Altibase 8.1 verified source						include_exact	exact_markdown	SHARD-014	BLOCK-000888	pass	KAE-BLOCK-000223;KAE-BLOCK-000272;KAE-BLOCK-000273	pending;aligned	primary_working_source_after_alignment	repo_paired_ko_en;hybrid	CONF-000004;CONF-000005	candidate_with_open_recheck_guardrail	guarded_candidate_recheck_before_exhaustive_playbook	An aligned or AID-reuse baseline route exists, but open conflict/recheck rows block exhaustive or production-ready downstream claims.	S1-J012
source_pack_source	SRC-000195	repo	Manuals/Altibase_trunk/kor/Spatial SQL Reference.md	product_source	spatial_nifi_tableau	8.1_verified	Korean authoritative; Altibase 8.1 verified source						include_exact	exact_markdown	SHARD-013	BLOCK-000876	pass	KAE-BLOCK-000221;KAE-BLOCK-000274	pending;aligned	primary_working_source_after_alignment	repo_paired_ko_en;hybrid		candidate_ready_for_stage2_routing	ready_for_guarded_playbook_drafting		S1-J012
source_pack_source	SRC-000196	repo	Manuals/Altibase_trunk/kor/Stored Procedures Manual.md	product_source	stored_external_procedures	8.1_verified	Korean authoritative; Altibase 8.1 verified source						include_exact	exact_markdown	SHARD-015	BLOCK-000907	pass	KAE-BLOCK-000225	pending	primary_working_source_after_alignment	repo_paired_ko_en	CONF-000008	not_ready_pending_alignment	blocked_pending_baseline_alignment	Only pending Korean-aligned English inventory rows exist for this source; no aligned or AID-reuse downstream working baseline is available yet.	S1-J012
source_pack_source	SRC-000197	repo	Manuals/Altibase_trunk/kor/Utilities Manual.md	product_source	utilities_datacompj	8.1_verified	Korean authoritative; Altibase 8.1 verified source						include_exact	exact_markdown	SHARD-016	BLOCK-000931	pass	KAE-BLOCK-000227;KAE-BLOCK-000274	pending;aligned	primary_working_source_after_alignment	repo_paired_ko_en;hybrid		candidate_ready_for_stage2_routing	ready_for_guarded_playbook_drafting		S1-J012
source_pack_source	SRC-000198	repo	Manuals/Altibase_trunk/kor/iLoader User's Manual.md	product_source	isql_iloader	8.1_verified	Korean authoritative; Altibase 8.1 verified source						include_exact	exact_markdown	SHARD-009	BLOCK-000548	pass	KAE-BLOCK-000205;KAE-BLOCK-000274	pending;aligned	primary_working_source_after_alignment	repo_paired_ko_en;hybrid	CONF-000006	candidate_with_open_recheck_guardrail	guarded_candidate_recheck_before_exhaustive_playbook	An aligned or AID-reuse baseline route exists, but open conflict/recheck rows block exhaustive or production-ready downstream claims.	S1-J012
source_pack_source	SRC-000199	repo	Manuals/Altibase_trunk/kor/iSQL User's Manual.md	product_source	isql_iloader	8.1_verified	Korean authoritative; Altibase 8.1 verified source						include_exact	exact_markdown	SHARD-009	BLOCK-000549	pass	KAE-BLOCK-000206;KAE-BLOCK-000274	pending;aligned	primary_working_source_after_alignment	repo_paired_ko_en;hybrid	CONF-000006	candidate_with_open_recheck_guardrail	guarded_candidate_recheck_before_exhaustive_playbook	An aligned or AID-reuse baseline route exists, but open conflict/recheck rows block exhaustive or production-ready downstream claims.	S1-J012
source_pack_source	SRC-000200	repo	Manuals/Tools/Altibase_release/eng/Altibase 3rd Party Connector Guide.md	tool_manual	dblink_hadoop_external_connectors	multi	English extraction aid						include_exact	exact_markdown	SHARD-006	BLOCK-000506	pass	KAE-BLOCK-000230;KAE-BLOCK-000274	pending;aligned	primary_working_source_after_alignment	repo_paired_ko_en;hybrid		candidate_ready_for_stage2_routing	ready_for_guarded_playbook_drafting		S1-J012
source_pack_source	SRC-000201	repo	Manuals/Tools/Altibase_release/eng/Altibase Heartbeat User's Guide.md	tool_manual	utilities_datacompj	multi	English extraction aid						include_exact	exact_markdown	SHARD-016	BLOCK-000938	pass	KAE-BLOCK-000251;KAE-BLOCK-000274	pending;aligned	primary_working_source_after_alignment	repo_paired_ko_en;hybrid		candidate_ready_for_stage2_routing	ready_for_guarded_playbook_drafting		S1-J012
source_pack_source	SRC-000202	repo	Manuals/Tools/Altibase_release/eng/Migration Center User's Manual.md	tool_manual	migration_oracle	multi	English extraction aid						include_exact	exact_markdown	SHARD-010	BLOCK-000601	pass	KAE-BLOCK-000232;KAE-BLOCK-000274	pending;aligned	primary_working_source_after_alignment	repo_paired_ko_en;hybrid		candidate_ready_for_stage2_routing	ready_for_guarded_playbook_drafting		S1-J012
source_pack_source	SRC-000203	repo	Manuals/Tools/Altibase_release/eng/README.md	tool_manual	source_index	multi	English extraction aid						include_exact	exact_markdown	SHARD-012	BLOCK-000865	pass	KAE-BLOCK-000237	pending	primary_working_source_after_alignment	repo_paired_ko_en	CONF-000008	not_ready_pending_alignment	blocked_pending_baseline_alignment	Only pending Korean-aligned English inventory rows exist for this source; no aligned or AID-reuse downstream working baseline is available yet.	S1-J012
source_pack_source	SRC-000204	repo	Manuals/Tools/Altibase_release/eng/Replication Manager User's Manual.md	tool_manual	replication_manager	multi	English extraction aid						include_exact	exact_markdown	SHARD-012	BLOCK-000842	pass	KAE-BLOCK-000236	pending	primary_working_source_after_alignment	repo_paired_ko_en	CONF-000008	not_ready_pending_alignment	blocked_pending_baseline_alignment	Only pending Korean-aligned English inventory rows exist for this source; no aligned or AID-reuse downstream working baseline is available yet.	S1-J012
source_pack_source	SRC-000205	repo	Manuals/Tools/Altibase_release/eng/altiShapeLoader User's Manual.md	tool_manual	spatial_nifi_tableau	multi	English extraction aid						include_exact	exact_markdown	SHARD-013	BLOCK-000879	pass	KAE-BLOCK-000238;KAE-BLOCK-000274	pending;aligned	primary_working_source_after_alignment	repo_paired_ko_en;hybrid		candidate_ready_for_stage2_routing	ready_for_guarded_playbook_drafting		S1-J012
source_pack_source	SRC-000206	repo	Manuals/Tools/Altibase_release/eng/dataCompJ User's Manual.md	tool_manual	utilities_datacompj	multi	English extraction aid						include_exact	exact_markdown	SHARD-016	BLOCK-000939	pass	KAE-BLOCK-000252;KAE-BLOCK-000274	pending;aligned	primary_working_source_after_alignment	repo_paired_ko_en;hybrid		candidate_ready_for_stage2_routing	ready_for_guarded_playbook_drafting		S1-J012
source_pack_source	SRC-000207	repo	Manuals/Tools/Altibase_release/kor/Altibase 3rd Party Connector Guide.md	tool_manual	dblink_hadoop_external_connectors	multi	Korean authoritative						include_exact	exact_markdown	SHARD-006	BLOCK-000507	pass	KAE-BLOCK-000230;KAE-BLOCK-000274	pending;aligned	primary_working_source_after_alignment	repo_paired_ko_en;hybrid		candidate_ready_for_stage2_routing	ready_for_guarded_playbook_drafting		S1-J012
source_pack_source	SRC-000208	repo	Manuals/Tools/Altibase_release/kor/Altibase Heartbeat User's Guide.md	tool_manual	utilities_datacompj	multi	Korean authoritative						include_exact	exact_markdown	SHARD-016	BLOCK-000940	pass	KAE-BLOCK-000251;KAE-BLOCK-000274	pending;aligned	primary_working_source_after_alignment	repo_paired_ko_en;hybrid		candidate_ready_for_stage2_routing	ready_for_guarded_playbook_drafting		S1-J012
source_pack_source	SRC-000209	repo	Manuals/Tools/Altibase_release/kor/Migration Center User's Manual.md	tool_manual	migration_oracle	multi	Korean authoritative						include_exact	exact_markdown	SHARD-010	BLOCK-000602	pass	KAE-BLOCK-000232;KAE-BLOCK-000274	pending;aligned	primary_working_source_after_alignment	repo_paired_ko_en;hybrid		candidate_ready_for_stage2_routing	ready_for_guarded_playbook_drafting		S1-J012
source_pack_source	SRC-000210	repo	Manuals/Tools/Altibase_release/kor/README.md	tool_manual	source_index	multi	Korean authoritative						include_exact	exact_markdown	SHARD-012	BLOCK-000866	pass	KAE-BLOCK-000237	pending	primary_working_source_after_alignment	repo_paired_ko_en	CONF-000008	not_ready_pending_alignment	blocked_pending_baseline_alignment	Only pending Korean-aligned English inventory rows exist for this source; no aligned or AID-reuse downstream working baseline is available yet.	S1-J012
source_pack_source	SRC-000211	repo	Manuals/Tools/Altibase_release/kor/Replication Manager User's Manual.md	tool_manual	replication_manager	multi	Korean authoritative						include_exact	exact_markdown	SHARD-012	BLOCK-000843	pass	KAE-BLOCK-000236	pending	primary_working_source_after_alignment	repo_paired_ko_en	CONF-000008	not_ready_pending_alignment	blocked_pending_baseline_alignment	Only pending Korean-aligned English inventory rows exist for this source; no aligned or AID-reuse downstream working baseline is available yet.	S1-J012
source_pack_source	SRC-000212	repo	Manuals/Tools/Altibase_release/kor/altiShapeLoader User's Manual.md	tool_manual	spatial_nifi_tableau	multi	Korean authoritative						include_exact	exact_markdown	SHARD-013	BLOCK-000880	pass	KAE-BLOCK-000238;KAE-BLOCK-000274	pending;aligned	primary_working_source_after_alignment	repo_paired_ko_en;hybrid		candidate_ready_for_stage2_routing	ready_for_guarded_playbook_drafting		S1-J012
source_pack_source	SRC-000213	repo	Manuals/Tools/Altibase_release/kor/dataCompJ User's Manual.md	tool_manual	utilities_datacompj	multi	Korean authoritative						include_exact	exact_markdown	SHARD-016	BLOCK-000941	pass	KAE-BLOCK-000252;KAE-BLOCK-000274	pending;aligned	primary_working_source_after_alignment	repo_paired_ko_en;hybrid		candidate_ready_for_stage2_routing	ready_for_guarded_playbook_drafting		S1-J012
source_pack_source	SRC-000214	repo	Manuals/Tools/Altibase_trunk/eng/Altibase 3rd Party Connector Guide.md	tool_manual	dblink_hadoop_external_connectors	8.1_verified	English extraction aid; Altibase 8.1 verified source						include_exact	exact_markdown	SHARD-006	BLOCK-000504	pass	KAE-BLOCK-000199;KAE-BLOCK-000274	pending;aligned	primary_working_source_after_alignment	repo_paired_ko_en;hybrid		candidate_ready_for_stage2_routing	ready_for_guarded_playbook_drafting		S1-J012
source_pack_source	SRC-000215	repo	Manuals/Tools/Altibase_trunk/eng/Altibase Heartbeat User's Guide.md	tool_manual	utilities_datacompj	8.1_verified	English extraction aid; Altibase 8.1 verified source						include_exact	exact_markdown	SHARD-016	BLOCK-000932	pass	KAE-BLOCK-000228;KAE-BLOCK-000274	pending;aligned	primary_working_source_after_alignment	repo_paired_ko_en;hybrid		candidate_ready_for_stage2_routing	ready_for_guarded_playbook_drafting		S1-J012
source_pack_source	SRC-000216	repo	Manuals/Tools/Altibase_trunk/eng/Migration Center User's Manual.md	tool_manual	migration_oracle	8.1_verified	English extraction aid; Altibase 8.1 verified source						include_exact	exact_markdown	SHARD-010	BLOCK-000575	pass	KAE-BLOCK-000211;KAE-BLOCK-000274	pending;aligned	primary_working_source_after_alignment	repo_paired_ko_en;hybrid		candidate_ready_for_stage2_routing	ready_for_guarded_playbook_drafting		S1-J012
source_pack_source	SRC-000217	repo	Manuals/Tools/Altibase_trunk/eng/README.md	tool_manual	source_index	8.1_verified	English extraction aid; Altibase 8.1 verified source						include_exact	exact_markdown	SHARD-012	BLOCK-000863	pass	KAE-BLOCK-000220	pending	primary_working_source_after_alignment	repo_paired_ko_en	CONF-000008	not_ready_pending_alignment	blocked_pending_baseline_alignment	Only pending Korean-aligned English inventory rows exist for this source; no aligned or AID-reuse downstream working baseline is available yet.	S1-J012
source_pack_source	SRC-000218	repo	Manuals/Tools/Altibase_trunk/eng/Replication Manager User's Manual.md	tool_manual	replication_manager	8.1_verified	English extraction aid; Altibase 8.1 verified source						include_exact	exact_markdown	SHARD-012	BLOCK-000834	pass	KAE-BLOCK-000216	pending	primary_working_source_after_alignment	repo_paired_ko_en	CONF-000008	not_ready_pending_alignment	blocked_pending_baseline_alignment	Only pending Korean-aligned English inventory rows exist for this source; no aligned or AID-reuse downstream working baseline is available yet.	S1-J012
source_pack_source	SRC-000219	repo	Manuals/Tools/Altibase_trunk/eng/altiShapeLoader User's Manual.md	tool_manual	spatial_nifi_tableau	8.1_verified	English extraction aid; Altibase 8.1 verified source						include_exact	exact_markdown	SHARD-013	BLOCK-000877	pass	KAE-BLOCK-000222;KAE-BLOCK-000274	pending;aligned	primary_working_source_after_alignment	repo_paired_ko_en;hybrid		candidate_ready_for_stage2_routing	ready_for_guarded_playbook_drafting		S1-J012
source_pack_source	SRC-000220	repo	Manuals/Tools/Altibase_trunk/eng/dataCompJ User's Manual.md	tool_manual	utilities_datacompj	8.1_verified	English extraction aid; Altibase 8.1 verified source						include_exact	exact_markdown	SHARD-016	BLOCK-000933	pass	KAE-BLOCK-000229;KAE-BLOCK-000274	pending;aligned	primary_working_source_after_alignment	repo_paired_ko_en;hybrid		candidate_ready_for_stage2_routing	ready_for_guarded_playbook_drafting		S1-J012
source_pack_source	SRC-000221	repo	Manuals/Tools/Altibase_trunk/kor/Altibase 3rd Party Connector Guide.md	tool_manual	dblink_hadoop_external_connectors	8.1_verified	Korean authoritative; Altibase 8.1 verified source						include_exact	exact_markdown	SHARD-006	BLOCK-000505	pass	KAE-BLOCK-000199;KAE-BLOCK-000274	pending;aligned	primary_working_source_after_alignment	repo_paired_ko_en;hybrid		candidate_ready_for_stage2_routing	ready_for_guarded_playbook_drafting		S1-J012
source_pack_source	SRC-000222	repo	Manuals/Tools/Altibase_trunk/kor/Altibase Heartbeat User's Guide.md	tool_manual	utilities_datacompj	8.1_verified	Korean authoritative; Altibase 8.1 verified source						include_exact	exact_markdown	SHARD-016	BLOCK-000934	pass	KAE-BLOCK-000228;KAE-BLOCK-000274	pending;aligned	primary_working_source_after_alignment	repo_paired_ko_en;hybrid		candidate_ready_for_stage2_routing	ready_for_guarded_playbook_drafting		S1-J012
source_pack_source	SRC-000223	repo	Manuals/Tools/Altibase_trunk/kor/Migration Center User's Manual.md	tool_manual	migration_oracle	8.1_verified	Korean authoritative; Altibase 8.1 verified source						include_exact	exact_markdown	SHARD-010	BLOCK-000576	pass	KAE-BLOCK-000211;KAE-BLOCK-000274	pending;aligned	primary_working_source_after_alignment	repo_paired_ko_en;hybrid		candidate_ready_for_stage2_routing	ready_for_guarded_playbook_drafting		S1-J012
source_pack_source	SRC-000224	repo	Manuals/Tools/Altibase_trunk/kor/README.md	tool_manual	source_index	8.1_verified	Korean authoritative; Altibase 8.1 verified source						include_exact	exact_markdown	SHARD-012	BLOCK-000864	pass	KAE-BLOCK-000220	pending	primary_working_source_after_alignment	repo_paired_ko_en	CONF-000008	not_ready_pending_alignment	blocked_pending_baseline_alignment	Only pending Korean-aligned English inventory rows exist for this source; no aligned or AID-reuse downstream working baseline is available yet.	S1-J012
source_pack_source	SRC-000225	repo	Manuals/Tools/Altibase_trunk/kor/Replication Manager User's Manual.md	tool_manual	replication_manager	8.1_verified	Korean authoritative; Altibase 8.1 verified source						include_exact	exact_markdown	SHARD-012	BLOCK-000835	pass	KAE-BLOCK-000216	pending	primary_working_source_after_alignment	repo_paired_ko_en	CONF-000008	not_ready_pending_alignment	blocked_pending_baseline_alignment	Only pending Korean-aligned English inventory rows exist for this source; no aligned or AID-reuse downstream working baseline is available yet.	S1-J012
source_pack_source	SRC-000226	repo	Manuals/Tools/Altibase_trunk/kor/altiShapeLoader User's Manual.md	tool_manual	spatial_nifi_tableau	8.1_verified	Korean authoritative; Altibase 8.1 verified source						include_exact	exact_markdown	SHARD-013	BLOCK-000878	pass	KAE-BLOCK-000222;KAE-BLOCK-000274	pending;aligned	primary_working_source_after_alignment	repo_paired_ko_en;hybrid		candidate_ready_for_stage2_routing	ready_for_guarded_playbook_drafting		S1-J012
source_pack_source	SRC-000227	repo	Manuals/Tools/Altibase_trunk/kor/dataCompJ User's Manual.md	tool_manual	utilities_datacompj	8.1_verified	Korean authoritative; Altibase 8.1 verified source						include_exact	exact_markdown	SHARD-016	BLOCK-000935	pass	KAE-BLOCK-000229;KAE-BLOCK-000274	pending;aligned	primary_working_source_after_alignment	repo_paired_ko_en;hybrid		candidate_ready_for_stage2_routing	ready_for_guarded_playbook_drafting		S1-J012
source_pack_source	SRC-000228	repo	PatchNotes/Altibase_7.1/Altibase_7_1_Version_Histories.md	patch_note	patch_notes	7.1	Repository source evidence						include_exact	exact_markdown	SHARD-011	BLOCK-000615	pass	KAE-BLOCK-000022;KAE-BLOCK-000275	excluded;aligned	source_pack_only_not_korean_aligned;primary_working_source_after_alignment	repo_no_language_tree;hybrid	CONF-000007	candidate_with_open_recheck_guardrail	guarded_candidate_recheck_before_exhaustive_playbook	An aligned or AID-reuse baseline route exists, but open conflict/recheck rows block exhaustive or production-ready downstream claims.	S1-J012
source_pack_source	SRC-000229	repo	PatchNotes/Altibase_7.1/README.md	patch_note	patch_notes	7.1	Repository source evidence						include_exact	exact_markdown	SHARD-011	BLOCK-000616	pass	KAE-BLOCK-000023;KAE-BLOCK-000275	excluded;aligned	source_pack_only_not_korean_aligned;primary_working_source_after_alignment	repo_no_language_tree;hybrid	CONF-000007	candidate_with_open_recheck_guardrail	guarded_candidate_recheck_before_exhaustive_playbook	An aligned or AID-reuse baseline route exists, but open conflict/recheck rows block exhaustive or production-ready downstream claims.	S1-J012
source_pack_source	SRC-000230	repo	PatchNotes/Altibase_7.1/README_sample.md	patch_note	patch_notes	7.1	Repository source evidence						include_exact	exact_markdown	SHARD-011	BLOCK-000617	pass	KAE-BLOCK-000024;KAE-BLOCK-000275	excluded;aligned	source_pack_only_not_korean_aligned;primary_working_source_after_alignment	repo_no_language_tree;hybrid	CONF-000007	candidate_with_open_recheck_guardrail	guarded_candidate_recheck_before_exhaustive_playbook	An aligned or AID-reuse baseline route exists, but open conflict/recheck rows block exhaustive or production-ready downstream claims.	S1-J012
source_pack_source	SRC-000231	repo	PatchNotes/Altibase_7.1/eng/Altibase_7_1_0_10_0_Patch_Notes.md	patch_note	patch_notes	7.1.0.10.0	English extraction aid						include_exact	exact_markdown	SHARD-011	BLOCK-000626	pass	KAE-BLOCK-000047;KAE-BLOCK-000275	pending;aligned	primary_working_source_after_alignment	repo_paired_ko_en;hybrid	CONF-000007	candidate_with_open_recheck_guardrail	guarded_candidate_recheck_before_exhaustive_playbook	An aligned or AID-reuse baseline route exists, but open conflict/recheck rows block exhaustive or production-ready downstream claims.	S1-J012
source_pack_source	SRC-000232	repo	PatchNotes/Altibase_7.1/eng/Altibase_7_1_0_10_1_Patch_Notes.md	patch_note	patch_notes	7.1.0.10.1	English extraction aid						include_exact	exact_markdown	SHARD-011	BLOCK-000628	pass	KAE-BLOCK-000048;KAE-BLOCK-000275	pending;aligned	primary_working_source_after_alignment	repo_paired_ko_en;hybrid	CONF-000007	candidate_with_open_recheck_guardrail	guarded_candidate_recheck_before_exhaustive_playbook	An aligned or AID-reuse baseline route exists, but open conflict/recheck rows block exhaustive or production-ready downstream claims.	S1-J012
source_pack_source	SRC-000233	repo	PatchNotes/Altibase_7.1/eng/Altibase_7_1_0_10_2_Patch_Notes.md	patch_note	patch_notes	7.1.0.10.2	English extraction aid						include_exact	exact_markdown	SHARD-011	BLOCK-000630	pass	KAE-BLOCK-000049;KAE-BLOCK-000275	pending;aligned	primary_working_source_after_alignment	repo_paired_ko_en;hybrid	CONF-000007	candidate_with_open_recheck_guardrail	guarded_candidate_recheck_before_exhaustive_playbook	An aligned or AID-reuse baseline route exists, but open conflict/recheck rows block exhaustive or production-ready downstream claims.	S1-J012
source_pack_source	SRC-000234	repo	PatchNotes/Altibase_7.1/eng/Altibase_7_1_0_10_3_Patch_Notes.md	patch_note	patch_notes	7.1.0.10.3	English extraction aid						include_exact	exact_markdown	SHARD-011	BLOCK-000632	pass	KAE-BLOCK-000050;KAE-BLOCK-000275	pending;aligned	primary_working_source_after_alignment	repo_paired_ko_en;hybrid	CONF-000007	candidate_with_open_recheck_guardrail	guarded_candidate_recheck_before_exhaustive_playbook	An aligned or AID-reuse baseline route exists, but open conflict/recheck rows block exhaustive or production-ready downstream claims.	S1-J012
source_pack_source	SRC-000235	repo	PatchNotes/Altibase_7.1/eng/Altibase_7_1_0_10_4_Patch_Notes.md	patch_note	patch_notes	7.1.0.10.4	English extraction aid						include_exact	exact_markdown	SHARD-011	BLOCK-000634	pass	KAE-BLOCK-000051;KAE-BLOCK-000275	pending;aligned	primary_working_source_after_alignment	repo_paired_ko_en;hybrid	CONF-000007	candidate_with_open_recheck_guardrail	guarded_candidate_recheck_before_exhaustive_playbook	An aligned or AID-reuse baseline route exists, but open conflict/recheck rows block exhaustive or production-ready downstream claims.	S1-J012
source_pack_source	SRC-000236	repo	PatchNotes/Altibase_7.1/eng/Altibase_7_1_0_10_5_Patch_Notes.md	patch_note	patch_notes	7.1.0.10.5	English extraction aid						include_exact	exact_markdown	SHARD-011	BLOCK-000636	pass	KAE-BLOCK-000052;KAE-BLOCK-000275	pending;aligned	primary_working_source_after_alignment	repo_paired_ko_en;hybrid	CONF-000007	candidate_with_open_recheck_guardrail	guarded_candidate_recheck_before_exhaustive_playbook	An aligned or AID-reuse baseline route exists, but open conflict/recheck rows block exhaustive or production-ready downstream claims.	S1-J012
source_pack_source	SRC-000237	repo	PatchNotes/Altibase_7.1/eng/Altibase_7_1_0_10_6_Patch_Notes.md	patch_note	patch_notes	7.1.0.10.6	English extraction aid						include_exact	exact_markdown	SHARD-011	BLOCK-000638	pass	KAE-BLOCK-000053;KAE-BLOCK-000275	pending;aligned	primary_working_source_after_alignment	repo_paired_ko_en;hybrid	CONF-000007	candidate_with_open_recheck_guardrail	guarded_candidate_recheck_before_exhaustive_playbook	An aligned or AID-reuse baseline route exists, but open conflict/recheck rows block exhaustive or production-ready downstream claims.	S1-J012
source_pack_source	SRC-000238	repo	PatchNotes/Altibase_7.1/eng/Altibase_7_1_0_10_7_Patch_Notes.md	patch_note	patch_notes	7.1.0.10.7	English extraction aid						include_exact	exact_markdown	SHARD-011	BLOCK-000640	pass	KAE-BLOCK-000054;KAE-BLOCK-000275	pending;aligned	primary_working_source_after_alignment	repo_paired_ko_en;hybrid	CONF-000007	candidate_with_open_recheck_guardrail	guarded_candidate_recheck_before_exhaustive_playbook	An aligned or AID-reuse baseline route exists, but open conflict/recheck rows block exhaustive or production-ready downstream claims.	S1-J012
source_pack_source	SRC-000239	repo	PatchNotes/Altibase_7.1/eng/Altibase_7_1_0_10_8_Patch_Notes.md	patch_note	patch_notes	7.1.0.10.8	English extraction aid						include_exact	exact_markdown	SHARD-011	BLOCK-000642	pass	KAE-BLOCK-000055;KAE-BLOCK-000275	pending;aligned	primary_working_source_after_alignment	repo_paired_ko_en;hybrid	CONF-000007	candidate_with_open_recheck_guardrail	guarded_candidate_recheck_before_exhaustive_playbook	An aligned or AID-reuse baseline route exists, but open conflict/recheck rows block exhaustive or production-ready downstream claims.	S1-J012
source_pack_source	SRC-000240	repo	PatchNotes/Altibase_7.1/eng/Altibase_7_1_0_4_0_Patch_Notes.md	patch_note	patch_notes	7.1.0.4.0	English extraction aid						include_exact	exact_markdown	SHARD-011	BLOCK-000664	pass	KAE-BLOCK-000076;KAE-BLOCK-000275	pending;aligned	primary_working_source_after_alignment	repo_paired_ko_en;hybrid	CONF-000007	candidate_with_open_recheck_guardrail	guarded_candidate_recheck_before_exhaustive_playbook	An aligned or AID-reuse baseline route exists, but open conflict/recheck rows block exhaustive or production-ready downstream claims.	S1-J012
source_pack_source	SRC-000241	repo	PatchNotes/Altibase_7.1/eng/Altibase_7_1_0_4_1_Patch_Notes.md	patch_note	patch_notes	7.1.0.4.1	English extraction aid						include_exact	exact_markdown	SHARD-011	BLOCK-000666	pass	KAE-BLOCK-000077;KAE-BLOCK-000275	pending;aligned	primary_working_source_after_alignment	repo_paired_ko_en;hybrid	CONF-000007	candidate_with_open_recheck_guardrail	guarded_candidate_recheck_before_exhaustive_playbook	An aligned or AID-reuse baseline route exists, but open conflict/recheck rows block exhaustive or production-ready downstream claims.	S1-J012
source_pack_source	SRC-000242	repo	PatchNotes/Altibase_7.1/eng/Altibase_7_1_0_4_2_Patch_Notes.md	patch_note	patch_notes	7.1.0.4.2	English extraction aid						include_exact	exact_markdown	SHARD-011	BLOCK-000668	pass	KAE-BLOCK-000078;KAE-BLOCK-000275	pending;aligned	primary_working_source_after_alignment	repo_paired_ko_en;hybrid	CONF-000007	candidate_with_open_recheck_guardrail	guarded_candidate_recheck_before_exhaustive_playbook	An aligned or AID-reuse baseline route exists, but open conflict/recheck rows block exhaustive or production-ready downstream claims.	S1-J012
source_pack_source	SRC-000243	repo	PatchNotes/Altibase_7.1/eng/Altibase_7_1_0_4_3_Patch_Notes.md	patch_note	patch_notes	7.1.0.4.3	English extraction aid						include_exact	exact_markdown	SHARD-011	BLOCK-000670	pass	KAE-BLOCK-000079;KAE-BLOCK-000275	pending;aligned	primary_working_source_after_alignment	repo_paired_ko_en;hybrid	CONF-000007	candidate_with_open_recheck_guardrail	guarded_candidate_recheck_before_exhaustive_playbook	An aligned or AID-reuse baseline route exists, but open conflict/recheck rows block exhaustive or production-ready downstream claims.	S1-J012
source_pack_source	SRC-000244	repo	PatchNotes/Altibase_7.1/eng/Altibase_7_1_0_4_4_Patch_Notes.md	patch_note	patch_notes	7.1.0.4.4	English extraction aid						include_exact	exact_markdown	SHARD-011	BLOCK-000672	pass	KAE-BLOCK-000080;KAE-BLOCK-000275	pending;aligned	primary_working_source_after_alignment	repo_paired_ko_en;hybrid	CONF-000007	candidate_with_open_recheck_guardrail	guarded_candidate_recheck_before_exhaustive_playbook	An aligned or AID-reuse baseline route exists, but open conflict/recheck rows block exhaustive or production-ready downstream claims.	S1-J012
source_pack_source	SRC-000245	repo	PatchNotes/Altibase_7.1/eng/Altibase_7_1_0_4_5_Patch_Notes.md	patch_note	patch_notes	7.1.0.4.5	English extraction aid						include_exact	exact_markdown	SHARD-011	BLOCK-000674	pass	KAE-BLOCK-000081;KAE-BLOCK-000275	pending;aligned	primary_working_source_after_alignment	repo_paired_ko_en;hybrid	CONF-000007	candidate_with_open_recheck_guardrail	guarded_candidate_recheck_before_exhaustive_playbook	An aligned or AID-reuse baseline route exists, but open conflict/recheck rows block exhaustive or production-ready downstream claims.	S1-J012
source_pack_source	SRC-000246	repo	PatchNotes/Altibase_7.1/eng/Altibase_7_1_0_4_6_Patch_Notes.md	patch_note	patch_notes	7.1.0.4.6	English extraction aid						include_exact	exact_markdown	SHARD-011	BLOCK-000676	pass	KAE-BLOCK-000082;KAE-BLOCK-000275	pending;aligned	primary_working_source_after_alignment	repo_paired_ko_en;hybrid	CONF-000007	candidate_with_open_recheck_guardrail	guarded_candidate_recheck_before_exhaustive_playbook	An aligned or AID-reuse baseline route exists, but open conflict/recheck rows block exhaustive or production-ready downstream claims.	S1-J012
source_pack_source	SRC-000247	repo	PatchNotes/Altibase_7.1/eng/Altibase_7_1_0_4_7_Patch_Notes.md	patch_note	patch_notes	7.1.0.4.7	English extraction aid						include_exact	exact_markdown	SHARD-011	BLOCK-000678	pass	KAE-BLOCK-000083;KAE-BLOCK-000275	pending;aligned	primary_working_source_after_alignment	repo_paired_ko_en;hybrid	CONF-000007	candidate_with_open_recheck_guardrail	guarded_candidate_recheck_before_exhaustive_playbook	An aligned or AID-reuse baseline route exists, but open conflict/recheck rows block exhaustive or production-ready downstream claims.	S1-J012
source_pack_source	SRC-000248	repo	PatchNotes/Altibase_7.1/eng/Altibase_7_1_0_4_8_Patch_Notes.md	patch_note	patch_notes	7.1.0.4.8	English extraction aid						include_exact	exact_markdown	SHARD-011	BLOCK-000680	pass	KAE-BLOCK-000084;KAE-BLOCK-000275	pending;aligned	primary_working_source_after_alignment	repo_paired_ko_en;hybrid	CONF-000007	candidate_with_open_recheck_guardrail	guarded_candidate_recheck_before_exhaustive_playbook	An aligned or AID-reuse baseline route exists, but open conflict/recheck rows block exhaustive or production-ready downstream claims.	S1-J012
source_pack_source	SRC-000249	repo	PatchNotes/Altibase_7.1/eng/Altibase_7_1_0_4_9_Patch_Notes.md	patch_note	patch_notes	7.1.0.4.9	English extraction aid						include_exact	exact_markdown	SHARD-011	BLOCK-000682	pass	KAE-BLOCK-000085;KAE-BLOCK-000275	pending;aligned	primary_working_source_after_alignment	repo_paired_ko_en;hybrid	CONF-000007	candidate_with_open_recheck_guardrail	guarded_candidate_recheck_before_exhaustive_playbook	An aligned or AID-reuse baseline route exists, but open conflict/recheck rows block exhaustive or production-ready downstream claims.	S1-J012
source_pack_source	SRC-000250	repo	PatchNotes/Altibase_7.1/eng/Altibase_7_1_0_5_0_Patch_Notes.md	patch_note	patch_notes	7.1.0.5.0	English extraction aid						include_exact	exact_markdown	SHARD-011	BLOCK-000684	pass	KAE-BLOCK-000086;KAE-BLOCK-000275	pending;aligned	primary_working_source_after_alignment	repo_paired_ko_en;hybrid	CONF-000007	candidate_with_open_recheck_guardrail	guarded_candidate_recheck_before_exhaustive_playbook	An aligned or AID-reuse baseline route exists, but open conflict/recheck rows block exhaustive or production-ready downstream claims.	S1-J012
source_pack_source	SRC-000251	repo	PatchNotes/Altibase_7.1/eng/Altibase_7_1_0_5_1_Patch_Notes.md	patch_note	patch_notes	7.1.0.5.1	English extraction aid						include_exact	exact_markdown	SHARD-011	BLOCK-000686	pass	KAE-BLOCK-000087;KAE-BLOCK-000275	pending;aligned	primary_working_source_after_alignment	repo_paired_ko_en;hybrid	CONF-000007	candidate_with_open_recheck_guardrail	guarded_candidate_recheck_before_exhaustive_playbook	An aligned or AID-reuse baseline route exists, but open conflict/recheck rows block exhaustive or production-ready downstream claims.	S1-J012
source_pack_source	SRC-000252	repo	PatchNotes/Altibase_7.1/eng/Altibase_7_1_0_5_2_Patch_Notes.md	patch_note	patch_notes	7.1.0.5.2	English extraction aid						include_exact	exact_markdown	SHARD-011	BLOCK-000688	pass	KAE-BLOCK-000088;KAE-BLOCK-000275	pending;aligned	primary_working_source_after_alignment	repo_paired_ko_en;hybrid	CONF-000007	candidate_with_open_recheck_guardrail	guarded_candidate_recheck_before_exhaustive_playbook	An aligned or AID-reuse baseline route exists, but open conflict/recheck rows block exhaustive or production-ready downstream claims.	S1-J012
source_pack_source	SRC-000253	repo	PatchNotes/Altibase_7.1/eng/Altibase_7_1_0_5_3_Patch_Notes.md	patch_note	patch_notes	7.1.0.5.3	English extraction aid						include_exact	exact_markdown	SHARD-011	BLOCK-000690	pass	KAE-BLOCK-000089;KAE-BLOCK-000275	pending;aligned	primary_working_source_after_alignment	repo_paired_ko_en;hybrid	CONF-000007	candidate_with_open_recheck_guardrail	guarded_candidate_recheck_before_exhaustive_playbook	An aligned or AID-reuse baseline route exists, but open conflict/recheck rows block exhaustive or production-ready downstream claims.	S1-J012
source_pack_source	SRC-000254	repo	PatchNotes/Altibase_7.1/eng/Altibase_7_1_0_5_4_Patch_Notes.md	patch_note	patch_notes	7.1.0.5.4	English extraction aid						include_exact	exact_markdown	SHARD-011	BLOCK-000692	pass	KAE-BLOCK-000090;KAE-BLOCK-000275	pending;aligned	primary_working_source_after_alignment	repo_paired_ko_en;hybrid	CONF-000007	candidate_with_open_recheck_guardrail	guarded_candidate_recheck_before_exhaustive_playbook	An aligned or AID-reuse baseline route exists, but open conflict/recheck rows block exhaustive or production-ready downstream claims.	S1-J012
source_pack_source	SRC-000255	repo	PatchNotes/Altibase_7.1/eng/Altibase_7_1_0_5_5_Patch_Notes.md	patch_note	patch_notes	7.1.0.5.5	English extraction aid						include_exact	exact_markdown	SHARD-011	BLOCK-000694	pass	KAE-BLOCK-000091;KAE-BLOCK-000275	pending;aligned	primary_working_source_after_alignment	repo_paired_ko_en;hybrid	CONF-000007	candidate_with_open_recheck_guardrail	guarded_candidate_recheck_before_exhaustive_playbook	An aligned or AID-reuse baseline route exists, but open conflict/recheck rows block exhaustive or production-ready downstream claims.	S1-J012
source_pack_source	SRC-000256	repo	PatchNotes/Altibase_7.1/eng/Altibase_7_1_0_5_6_Patch_Notes.md	patch_note	patch_notes	7.1.0.5.6	English extraction aid						include_exact	exact_markdown	SHARD-011	BLOCK-000696	pass	KAE-BLOCK-000092;KAE-BLOCK-000275	pending;aligned	primary_working_source_after_alignment	repo_paired_ko_en;hybrid	CONF-000007	candidate_with_open_recheck_guardrail	guarded_candidate_recheck_before_exhaustive_playbook	An aligned or AID-reuse baseline route exists, but open conflict/recheck rows block exhaustive or production-ready downstream claims.	S1-J012
source_pack_source	SRC-000257	repo	PatchNotes/Altibase_7.1/eng/Altibase_7_1_0_5_7_Patch_Notes.md	patch_note	patch_notes	7.1.0.5.7	English extraction aid						include_exact	exact_markdown	SHARD-011	BLOCK-000698	pass	KAE-BLOCK-000093;KAE-BLOCK-000275	pending;aligned	primary_working_source_after_alignment	repo_paired_ko_en;hybrid	CONF-000007	candidate_with_open_recheck_guardrail	guarded_candidate_recheck_before_exhaustive_playbook	An aligned or AID-reuse baseline route exists, but open conflict/recheck rows block exhaustive or production-ready downstream claims.	S1-J012
source_pack_source	SRC-000258	repo	PatchNotes/Altibase_7.1/eng/Altibase_7_1_0_5_8_Patch_Notes.md	patch_note	patch_notes	7.1.0.5.8	English extraction aid						include_exact	exact_markdown	SHARD-011	BLOCK-000700	pass	KAE-BLOCK-000094;KAE-BLOCK-000275	pending;aligned	primary_working_source_after_alignment	repo_paired_ko_en;hybrid	CONF-000007	candidate_with_open_recheck_guardrail	guarded_candidate_recheck_before_exhaustive_playbook	An aligned or AID-reuse baseline route exists, but open conflict/recheck rows block exhaustive or production-ready downstream claims.	S1-J012
source_pack_source	SRC-000259	repo	PatchNotes/Altibase_7.1/eng/Altibase_7_1_0_5_9_Patch_Notes.md	patch_note	patch_notes	7.1.0.5.9	English extraction aid						include_exact	exact_markdown	SHARD-011	BLOCK-000702	pass	KAE-BLOCK-000095;KAE-BLOCK-000275	pending;aligned	primary_working_source_after_alignment	repo_paired_ko_en;hybrid	CONF-000007	candidate_with_open_recheck_guardrail	guarded_candidate_recheck_before_exhaustive_playbook	An aligned or AID-reuse baseline route exists, but open conflict/recheck rows block exhaustive or production-ready downstream claims.	S1-J012
source_pack_source	SRC-000260	repo	PatchNotes/Altibase_7.1/eng/Altibase_7_1_0_6_0_Patch_Notes.md	patch_note	patch_notes	7.1.0.6.0	English extraction aid						include_exact	exact_markdown	SHARD-011	BLOCK-000704	pass	KAE-BLOCK-000096;KAE-BLOCK-000275	pending;aligned	primary_working_source_after_alignment	repo_paired_ko_en;hybrid	CONF-000007	candidate_with_open_recheck_guardrail	guarded_candidate_recheck_before_exhaustive_playbook	An aligned or AID-reuse baseline route exists, but open conflict/recheck rows block exhaustive or production-ready downstream claims.	S1-J012
source_pack_source	SRC-000261	repo	PatchNotes/Altibase_7.1/eng/Altibase_7_1_0_6_1_Patch_Notes.md	patch_note	patch_notes	7.1.0.6.1	English extraction aid						include_exact	exact_markdown	SHARD-011	BLOCK-000706	pass	KAE-BLOCK-000097;KAE-BLOCK-000275	pending;aligned	primary_working_source_after_alignment	repo_paired_ko_en;hybrid	CONF-000007	candidate_with_open_recheck_guardrail	guarded_candidate_recheck_before_exhaustive_playbook	An aligned or AID-reuse baseline route exists, but open conflict/recheck rows block exhaustive or production-ready downstream claims.	S1-J012
source_pack_source	SRC-000262	repo	PatchNotes/Altibase_7.1/eng/Altibase_7_1_0_6_2_Patch_Notes.md	patch_note	patch_notes	7.1.0.6.2	English extraction aid						include_exact	exact_markdown	SHARD-011	BLOCK-000708	pass	KAE-BLOCK-000098;KAE-BLOCK-000275	pending;aligned	primary_working_source_after_alignment	repo_paired_ko_en;hybrid	CONF-000007	candidate_with_open_recheck_guardrail	guarded_candidate_recheck_before_exhaustive_playbook	An aligned or AID-reuse baseline route exists, but open conflict/recheck rows block exhaustive or production-ready downstream claims.	S1-J012
source_pack_source	SRC-000263	repo	PatchNotes/Altibase_7.1/eng/Altibase_7_1_0_6_3_Patch_Notes.md	patch_note	patch_notes	7.1.0.6.3	English extraction aid						include_exact	exact_markdown	SHARD-011	BLOCK-000710	pass	KAE-BLOCK-000099;KAE-BLOCK-000275	pending;aligned	primary_working_source_after_alignment	repo_paired_ko_en;hybrid	CONF-000007	candidate_with_open_recheck_guardrail	guarded_candidate_recheck_before_exhaustive_playbook	An aligned or AID-reuse baseline route exists, but open conflict/recheck rows block exhaustive or production-ready downstream claims.	S1-J012
source_pack_source	SRC-000264	repo	PatchNotes/Altibase_7.1/eng/Altibase_7_1_0_6_4_Patch_Notes.md	patch_note	patch_notes	7.1.0.6.4	English extraction aid						include_exact	exact_markdown	SHARD-011	BLOCK-000712	pass	KAE-BLOCK-000100;KAE-BLOCK-000275	pending;aligned	primary_working_source_after_alignment	repo_paired_ko_en;hybrid	CONF-000007	candidate_with_open_recheck_guardrail	guarded_candidate_recheck_before_exhaustive_playbook	An aligned or AID-reuse baseline route exists, but open conflict/recheck rows block exhaustive or production-ready downstream claims.	S1-J012
source_pack_source	SRC-000265	repo	PatchNotes/Altibase_7.1/eng/Altibase_7_1_0_6_5_Patch_Notes.md	patch_note	patch_notes	7.1.0.6.5	English extraction aid						include_exact	exact_markdown	SHARD-011	BLOCK-000714	pass	KAE-BLOCK-000101;KAE-BLOCK-000275	pending;aligned	primary_working_source_after_alignment	repo_paired_ko_en;hybrid	CONF-000007	candidate_with_open_recheck_guardrail	guarded_candidate_recheck_before_exhaustive_playbook	An aligned or AID-reuse baseline route exists, but open conflict/recheck rows block exhaustive or production-ready downstream claims.	S1-J012
source_pack_source	SRC-000266	repo	PatchNotes/Altibase_7.1/eng/Altibase_7_1_0_6_6_Patch_Notes.md	patch_note	patch_notes	7.1.0.6.6	English extraction aid						include_exact	exact_markdown	SHARD-011	BLOCK-000716	pass	KAE-BLOCK-000102;KAE-BLOCK-000275	pending;aligned	primary_working_source_after_alignment	repo_paired_ko_en;hybrid	CONF-000007	candidate_with_open_recheck_guardrail	guarded_candidate_recheck_before_exhaustive_playbook	An aligned or AID-reuse baseline route exists, but open conflict/recheck rows block exhaustive or production-ready downstream claims.	S1-J012
source_pack_source	SRC-000267	repo	PatchNotes/Altibase_7.1/eng/Altibase_7_1_0_6_7_Patch_Notes.md	patch_note	patch_notes	7.1.0.6.7	English extraction aid						include_exact	exact_markdown	SHARD-011	BLOCK-000718	pass	KAE-BLOCK-000103;KAE-BLOCK-000275	pending;aligned	primary_working_source_after_alignment	repo_paired_ko_en;hybrid	CONF-000007	candidate_with_open_recheck_guardrail	guarded_candidate_recheck_before_exhaustive_playbook	An aligned or AID-reuse baseline route exists, but open conflict/recheck rows block exhaustive or production-ready downstream claims.	S1-J012
source_pack_source	SRC-000268	repo	PatchNotes/Altibase_7.1/eng/Altibase_7_1_0_6_8_Patch_Notes.md	patch_note	patch_notes	7.1.0.6.8	English extraction aid						include_exact	exact_markdown	SHARD-011	BLOCK-000720	pass	KAE-BLOCK-000104;KAE-BLOCK-000275	pending;aligned	primary_working_source_after_alignment	repo_paired_ko_en;hybrid	CONF-000007	candidate_with_open_recheck_guardrail	guarded_candidate_recheck_before_exhaustive_playbook	An aligned or AID-reuse baseline route exists, but open conflict/recheck rows block exhaustive or production-ready downstream claims.	S1-J012
source_pack_source	SRC-000269	repo	PatchNotes/Altibase_7.1/eng/Altibase_7_1_0_6_9_Patch_Notes.md	patch_note	patch_notes	7.1.0.6.9	English extraction aid						include_exact	exact_markdown	SHARD-011	BLOCK-000722	pass	KAE-BLOCK-000105;KAE-BLOCK-000275	pending;aligned	primary_working_source_after_alignment	repo_paired_ko_en;hybrid	CONF-000007	candidate_with_open_recheck_guardrail	guarded_candidate_recheck_before_exhaustive_playbook	An aligned or AID-reuse baseline route exists, but open conflict/recheck rows block exhaustive or production-ready downstream claims.	S1-J012
source_pack_source	SRC-000270	repo	PatchNotes/Altibase_7.1/eng/Altibase_7_1_0_7_0_Patch_Notes.md	patch_note	patch_notes	7.1.0.7.0	English extraction aid						include_exact	exact_markdown	SHARD-011	BLOCK-000724	pass	KAE-BLOCK-000106;KAE-BLOCK-000275	pending;aligned	primary_working_source_after_alignment	repo_paired_ko_en;hybrid	CONF-000007	candidate_with_open_recheck_guardrail	guarded_candidate_recheck_before_exhaustive_playbook	An aligned or AID-reuse baseline route exists, but open conflict/recheck rows block exhaustive or production-ready downstream claims.	S1-J012
source_pack_source	SRC-000271	repo	PatchNotes/Altibase_7.1/eng/Altibase_7_1_0_7_1_Patch_Notes.md	patch_note	patch_notes	7.1.0.7.1	English extraction aid						include_exact	exact_markdown	SHARD-011	BLOCK-000726	pass	KAE-BLOCK-000107;KAE-BLOCK-000275	pending;aligned	primary_working_source_after_alignment	repo_paired_ko_en;hybrid	CONF-000007	candidate_with_open_recheck_guardrail	guarded_candidate_recheck_before_exhaustive_playbook	An aligned or AID-reuse baseline route exists, but open conflict/recheck rows block exhaustive or production-ready downstream claims.	S1-J012
source_pack_source	SRC-000272	repo	PatchNotes/Altibase_7.1/eng/Altibase_7_1_0_7_2_Patch_Notes.md	patch_note	patch_notes	7.1.0.7.2	English extraction aid						include_exact	exact_markdown	SHARD-011	BLOCK-000728	pass	KAE-BLOCK-000108;KAE-BLOCK-000275	pending;aligned	primary_working_source_after_alignment	repo_paired_ko_en;hybrid	CONF-000007	candidate_with_open_recheck_guardrail	guarded_candidate_recheck_before_exhaustive_playbook	An aligned or AID-reuse baseline route exists, but open conflict/recheck rows block exhaustive or production-ready downstream claims.	S1-J012
source_pack_source	SRC-000273	repo	PatchNotes/Altibase_7.1/eng/Altibase_7_1_0_7_3_Patch_Notes.md	patch_note	patch_notes	7.1.0.7.3	English extraction aid						include_exact	exact_markdown	SHARD-011	BLOCK-000730	pass	KAE-BLOCK-000109;KAE-BLOCK-000275	pending;aligned	primary_working_source_after_alignment	repo_paired_ko_en;hybrid	CONF-000007	candidate_with_open_recheck_guardrail	guarded_candidate_recheck_before_exhaustive_playbook	An aligned or AID-reuse baseline route exists, but open conflict/recheck rows block exhaustive or production-ready downstream claims.	S1-J012
source_pack_source	SRC-000274	repo	PatchNotes/Altibase_7.1/eng/Altibase_7_1_0_7_4_Patch_Notes.md	patch_note	patch_notes	7.1.0.7.4	English extraction aid						include_exact	exact_markdown	SHARD-011	BLOCK-000732	pass	KAE-BLOCK-000110;KAE-BLOCK-000275	pending;aligned	primary_working_source_after_alignment	repo_paired_ko_en;hybrid	CONF-000007	candidate_with_open_recheck_guardrail	guarded_candidate_recheck_before_exhaustive_playbook	An aligned or AID-reuse baseline route exists, but open conflict/recheck rows block exhaustive or production-ready downstream claims.	S1-J012
source_pack_source	SRC-000275	repo	PatchNotes/Altibase_7.1/eng/Altibase_7_1_0_7_5_Patch_Notes.md	patch_note	patch_notes	7.1.0.7.5	English extraction aid						include_exact	exact_markdown	SHARD-011	BLOCK-000734	pass	KAE-BLOCK-000111;KAE-BLOCK-000275	pending;aligned	primary_working_source_after_alignment	repo_paired_ko_en;hybrid	CONF-000007	candidate_with_open_recheck_guardrail	guarded_candidate_recheck_before_exhaustive_playbook	An aligned or AID-reuse baseline route exists, but open conflict/recheck rows block exhaustive or production-ready downstream claims.	S1-J012
source_pack_source	SRC-000276	repo	PatchNotes/Altibase_7.1/eng/Altibase_7_1_0_7_6_Patch_Notes.md	patch_note	patch_notes	7.1.0.7.6	English extraction aid						include_exact	exact_markdown	SHARD-011	BLOCK-000736	pass	KAE-BLOCK-000112;KAE-BLOCK-000275	pending;aligned	primary_working_source_after_alignment	repo_paired_ko_en;hybrid	CONF-000007	candidate_with_open_recheck_guardrail	guarded_candidate_recheck_before_exhaustive_playbook	An aligned or AID-reuse baseline route exists, but open conflict/recheck rows block exhaustive or production-ready downstream claims.	S1-J012
source_pack_source	SRC-000277	repo	PatchNotes/Altibase_7.1/eng/Altibase_7_1_0_7_7_Patch_Notes.md	patch_note	patch_notes	7.1.0.7.7	English extraction aid						include_exact	exact_markdown	SHARD-011	BLOCK-000738	pass	KAE-BLOCK-000113;KAE-BLOCK-000275	pending;aligned	primary_working_source_after_alignment	repo_paired_ko_en;hybrid	CONF-000007	candidate_with_open_recheck_guardrail	guarded_candidate_recheck_before_exhaustive_playbook	An aligned or AID-reuse baseline route exists, but open conflict/recheck rows block exhaustive or production-ready downstream claims.	S1-J012
source_pack_source	SRC-000278	repo	PatchNotes/Altibase_7.1/eng/Altibase_7_1_0_7_8_Patch_Notes.md	patch_note	patch_notes	7.1.0.7.8	English extraction aid						include_exact	exact_markdown	SHARD-011	BLOCK-000740	pass	KAE-BLOCK-000114;KAE-BLOCK-000275	pending;aligned	primary_working_source_after_alignment	repo_paired_ko_en;hybrid	CONF-000007	candidate_with_open_recheck_guardrail	guarded_candidate_recheck_before_exhaustive_playbook	An aligned or AID-reuse baseline route exists, but open conflict/recheck rows block exhaustive or production-ready downstream claims.	S1-J012
source_pack_source	SRC-000279	repo	PatchNotes/Altibase_7.1/eng/Altibase_7_1_0_7_9_Patch_Notes.md	patch_note	patch_notes	7.1.0.7.9	English extraction aid						include_exact	exact_markdown	SHARD-011	BLOCK-000742	pass	KAE-BLOCK-000115;KAE-BLOCK-000275	pending;aligned	primary_working_source_after_alignment	repo_paired_ko_en;hybrid	CONF-000007	candidate_with_open_recheck_guardrail	guarded_candidate_recheck_before_exhaustive_playbook	An aligned or AID-reuse baseline route exists, but open conflict/recheck rows block exhaustive or production-ready downstream claims.	S1-J012
source_pack_source	SRC-000280	repo	PatchNotes/Altibase_7.1/eng/Altibase_7_1_0_8_0_Patch_Notes.md	patch_note	patch_notes	7.1.0.8.0	English extraction aid						include_exact	exact_markdown	SHARD-011	BLOCK-000744	pass	KAE-BLOCK-000116;KAE-BLOCK-000275	pending;aligned	primary_working_source_after_alignment	repo_paired_ko_en;hybrid	CONF-000007	candidate_with_open_recheck_guardrail	guarded_candidate_recheck_before_exhaustive_playbook	An aligned or AID-reuse baseline route exists, but open conflict/recheck rows block exhaustive or production-ready downstream claims.	S1-J012
source_pack_source	SRC-000281	repo	PatchNotes/Altibase_7.1/eng/Altibase_7_1_0_8_1_Patch_Notes.md	patch_note	patch_notes	7.1.0.8.1	English extraction aid						include_exact	exact_markdown	SHARD-011	BLOCK-000746	pass	KAE-BLOCK-000117;KAE-BLOCK-000275	pending;aligned	primary_working_source_after_alignment	repo_paired_ko_en;hybrid	CONF-000007	candidate_with_open_recheck_guardrail	guarded_candidate_recheck_before_exhaustive_playbook	An aligned or AID-reuse baseline route exists, but open conflict/recheck rows block exhaustive or production-ready downstream claims.	S1-J012
source_pack_source	SRC-000282	repo	PatchNotes/Altibase_7.1/eng/Altibase_7_1_0_8_2_Patch_Notes.md	patch_note	patch_notes	7.1.0.8.2	English extraction aid						include_exact	exact_markdown	SHARD-011	BLOCK-000748	pass	KAE-BLOCK-000118;KAE-BLOCK-000275	pending;aligned	primary_working_source_after_alignment	repo_paired_ko_en;hybrid	CONF-000007	candidate_with_open_recheck_guardrail	guarded_candidate_recheck_before_exhaustive_playbook	An aligned or AID-reuse baseline route exists, but open conflict/recheck rows block exhaustive or production-ready downstream claims.	S1-J012
source_pack_source	SRC-000283	repo	PatchNotes/Altibase_7.1/eng/Altibase_7_1_0_8_3_Patch_Notes.md	patch_note	patch_notes	7.1.0.8.3	English extraction aid						include_exact	exact_markdown	SHARD-011	BLOCK-000750	pass	KAE-BLOCK-000119;KAE-BLOCK-000275	pending;aligned	primary_working_source_after_alignment	repo_paired_ko_en;hybrid	CONF-000007	candidate_with_open_recheck_guardrail	guarded_candidate_recheck_before_exhaustive_playbook	An aligned or AID-reuse baseline route exists, but open conflict/recheck rows block exhaustive or production-ready downstream claims.	S1-J012
source_pack_source	SRC-000284	repo	PatchNotes/Altibase_7.1/eng/Altibase_7_1_0_8_4_Patch_Notes.md	patch_note	patch_notes	7.1.0.8.4	English extraction aid						include_exact	exact_markdown	SHARD-011	BLOCK-000752	pass	KAE-BLOCK-000120;KAE-BLOCK-000275	pending;aligned	primary_working_source_after_alignment	repo_paired_ko_en;hybrid	CONF-000007	candidate_with_open_recheck_guardrail	guarded_candidate_recheck_before_exhaustive_playbook	An aligned or AID-reuse baseline route exists, but open conflict/recheck rows block exhaustive or production-ready downstream claims.	S1-J012
source_pack_source	SRC-000285	repo	PatchNotes/Altibase_7.1/eng/Altibase_7_1_0_8_5_Patch_Notes.md	patch_note	patch_notes	7.1.0.8.5	English extraction aid						include_exact	exact_markdown	SHARD-011	BLOCK-000754	pass	KAE-BLOCK-000121;KAE-BLOCK-000275	pending;aligned	primary_working_source_after_alignment	repo_paired_ko_en;hybrid	CONF-000007	candidate_with_open_recheck_guardrail	guarded_candidate_recheck_before_exhaustive_playbook	An aligned or AID-reuse baseline route exists, but open conflict/recheck rows block exhaustive or production-ready downstream claims.	S1-J012
source_pack_source	SRC-000286	repo	PatchNotes/Altibase_7.1/eng/Altibase_7_1_0_8_6_Patch_Notes.md	patch_note	patch_notes	7.1.0.8.6	English extraction aid						include_exact	exact_markdown	SHARD-011	BLOCK-000756	pass	KAE-BLOCK-000122;KAE-BLOCK-000275	pending;aligned	primary_working_source_after_alignment	repo_paired_ko_en;hybrid	CONF-000007	candidate_with_open_recheck_guardrail	guarded_candidate_recheck_before_exhaustive_playbook	An aligned or AID-reuse baseline route exists, but open conflict/recheck rows block exhaustive or production-ready downstream claims.	S1-J012
source_pack_source	SRC-000287	repo	PatchNotes/Altibase_7.1/eng/Altibase_7_1_0_8_7_Patch_Notes.md	patch_note	patch_notes	7.1.0.8.7	English extraction aid						include_exact	exact_markdown	SHARD-011	BLOCK-000758	pass	KAE-BLOCK-000123;KAE-BLOCK-000275	pending;aligned	primary_working_source_after_alignment	repo_paired_ko_en;hybrid	CONF-000007	candidate_with_open_recheck_guardrail	guarded_candidate_recheck_before_exhaustive_playbook	An aligned or AID-reuse baseline route exists, but open conflict/recheck rows block exhaustive or production-ready downstream claims.	S1-J012
source_pack_source	SRC-000288	repo	PatchNotes/Altibase_7.1/eng/Altibase_7_1_0_8_8_Patch_Notes.md	patch_note	patch_notes	7.1.0.8.8	English extraction aid						include_exact	exact_markdown	SHARD-011	BLOCK-000760	pass	KAE-BLOCK-000124;KAE-BLOCK-000275	pending;aligned	primary_working_source_after_alignment	repo_paired_ko_en;hybrid	CONF-000007	candidate_with_open_recheck_guardrail	guarded_candidate_recheck_before_exhaustive_playbook	An aligned or AID-reuse baseline route exists, but open conflict/recheck rows block exhaustive or production-ready downstream claims.	S1-J012
source_pack_source	SRC-000289	repo	PatchNotes/Altibase_7.1/eng/Altibase_7_1_0_8_9_Patch_Notes.md	patch_note	patch_notes	7.1.0.8.9	English extraction aid						include_exact	exact_markdown	SHARD-011	BLOCK-000762	pass	KAE-BLOCK-000125;KAE-BLOCK-000275	pending;aligned	primary_working_source_after_alignment	repo_paired_ko_en;hybrid	CONF-000007	candidate_with_open_recheck_guardrail	guarded_candidate_recheck_before_exhaustive_playbook	An aligned or AID-reuse baseline route exists, but open conflict/recheck rows block exhaustive or production-ready downstream claims.	S1-J012
source_pack_source	SRC-000290	repo	PatchNotes/Altibase_7.1/eng/Altibase_7_1_0_9_0_Patch_Notes.md	patch_note	patch_notes	7.1.0.9.0	English extraction aid						include_exact	exact_markdown	SHARD-011	BLOCK-000764	pass	KAE-BLOCK-000126;KAE-BLOCK-000275	pending;aligned	primary_working_source_after_alignment	repo_paired_ko_en;hybrid	CONF-000007	candidate_with_open_recheck_guardrail	guarded_candidate_recheck_before_exhaustive_playbook	An aligned or AID-reuse baseline route exists, but open conflict/recheck rows block exhaustive or production-ready downstream claims.	S1-J012
source_pack_source	SRC-000291	repo	PatchNotes/Altibase_7.1/eng/Altibase_7_1_0_9_1_Patch_Notes.md	patch_note	patch_notes	7.1.0.9.1	English extraction aid						include_exact	exact_markdown	SHARD-011	BLOCK-000766	pass	KAE-BLOCK-000127;KAE-BLOCK-000275	pending;aligned	primary_working_source_after_alignment	repo_paired_ko_en;hybrid	CONF-000007	candidate_with_open_recheck_guardrail	guarded_candidate_recheck_before_exhaustive_playbook	An aligned or AID-reuse baseline route exists, but open conflict/recheck rows block exhaustive or production-ready downstream claims.	S1-J012
source_pack_source	SRC-000292	repo	PatchNotes/Altibase_7.1/eng/Altibase_7_1_0_9_2_Patch_Notes.md	patch_note	patch_notes	7.1.0.9.2	English extraction aid						include_exact	exact_markdown	SHARD-011	BLOCK-000768	pass	KAE-BLOCK-000128;KAE-BLOCK-000275	pending;aligned	primary_working_source_after_alignment	repo_paired_ko_en;hybrid	CONF-000007	candidate_with_open_recheck_guardrail	guarded_candidate_recheck_before_exhaustive_playbook	An aligned or AID-reuse baseline route exists, but open conflict/recheck rows block exhaustive or production-ready downstream claims.	S1-J012
source_pack_source	SRC-000293	repo	PatchNotes/Altibase_7.1/eng/Altibase_7_1_0_9_3_Patch_Notes.md	patch_note	patch_notes	7.1.0.9.3	English extraction aid						include_exact	exact_markdown	SHARD-011	BLOCK-000770	pass	KAE-BLOCK-000129;KAE-BLOCK-000275	pending;aligned	primary_working_source_after_alignment	repo_paired_ko_en;hybrid	CONF-000007	candidate_with_open_recheck_guardrail	guarded_candidate_recheck_before_exhaustive_playbook	An aligned or AID-reuse baseline route exists, but open conflict/recheck rows block exhaustive or production-ready downstream claims.	S1-J012
source_pack_source	SRC-000294	repo	PatchNotes/Altibase_7.1/eng/Altibase_7_1_0_9_4_Patch_Notes.md	patch_note	patch_notes	7.1.0.9.4	English extraction aid						include_exact	exact_markdown	SHARD-011	BLOCK-000772	pass	KAE-BLOCK-000130;KAE-BLOCK-000275	pending;aligned	primary_working_source_after_alignment	repo_paired_ko_en;hybrid	CONF-000007	candidate_with_open_recheck_guardrail	guarded_candidate_recheck_before_exhaustive_playbook	An aligned or AID-reuse baseline route exists, but open conflict/recheck rows block exhaustive or production-ready downstream claims.	S1-J012
source_pack_source	SRC-000295	repo	PatchNotes/Altibase_7.1/eng/Altibase_7_1_0_9_5_Patch_Notes.md	patch_note	patch_notes	7.1.0.9.5	English extraction aid						include_exact	exact_markdown	SHARD-011	BLOCK-000774	pass	KAE-BLOCK-000131;KAE-BLOCK-000275	pending;aligned	primary_working_source_after_alignment	repo_paired_ko_en;hybrid	CONF-000007	candidate_with_open_recheck_guardrail	guarded_candidate_recheck_before_exhaustive_playbook	An aligned or AID-reuse baseline route exists, but open conflict/recheck rows block exhaustive or production-ready downstream claims.	S1-J012
source_pack_source	SRC-000296	repo	PatchNotes/Altibase_7.1/eng/Altibase_7_1_0_9_6_Patch_Notes.md	patch_note	patch_notes	7.1.0.9.6	English extraction aid						include_exact	exact_markdown	SHARD-011	BLOCK-000776	pass	KAE-BLOCK-000132;KAE-BLOCK-000275	pending;aligned	primary_working_source_after_alignment	repo_paired_ko_en;hybrid	CONF-000007	candidate_with_open_recheck_guardrail	guarded_candidate_recheck_before_exhaustive_playbook	An aligned or AID-reuse baseline route exists, but open conflict/recheck rows block exhaustive or production-ready downstream claims.	S1-J012
source_pack_source	SRC-000297	repo	PatchNotes/Altibase_7.1/eng/Altibase_7_1_0_9_7_Patch_Notes.md	patch_note	patch_notes	7.1.0.9.7	English extraction aid						include_exact	exact_markdown	SHARD-011	BLOCK-000778	pass	KAE-BLOCK-000133;KAE-BLOCK-000275	pending;aligned	primary_working_source_after_alignment	repo_paired_ko_en;hybrid	CONF-000007	candidate_with_open_recheck_guardrail	guarded_candidate_recheck_before_exhaustive_playbook	An aligned or AID-reuse baseline route exists, but open conflict/recheck rows block exhaustive or production-ready downstream claims.	S1-J012
source_pack_source	SRC-000298	repo	PatchNotes/Altibase_7.1/eng/Altibase_7_1_0_9_8_Patch_Notes.md	patch_note	patch_notes	7.1.0.9.8	English extraction aid						include_exact	exact_markdown	SHARD-011	BLOCK-000780	pass	KAE-BLOCK-000134;KAE-BLOCK-000275	pending;aligned	primary_working_source_after_alignment	repo_paired_ko_en;hybrid	CONF-000007	candidate_with_open_recheck_guardrail	guarded_candidate_recheck_before_exhaustive_playbook	An aligned or AID-reuse baseline route exists, but open conflict/recheck rows block exhaustive or production-ready downstream claims.	S1-J012
source_pack_source	SRC-000299	repo	PatchNotes/Altibase_7.1/eng/Altibase_7_1_0_9_9_Patch_Notes.md	patch_note	patch_notes	7.1.0.9.9	English extraction aid						include_exact	exact_markdown	SHARD-011	BLOCK-000782	pass	KAE-BLOCK-000135;KAE-BLOCK-000275	pending;aligned	primary_working_source_after_alignment	repo_paired_ko_en;hybrid	CONF-000007	candidate_with_open_recheck_guardrail	guarded_candidate_recheck_before_exhaustive_playbook	An aligned or AID-reuse baseline route exists, but open conflict/recheck rows block exhaustive or production-ready downstream claims.	S1-J012
source_pack_source	SRC-000300	repo	PatchNotes/Altibase_7.1/eng/README.md	patch_note	patch_notes	7.1	English extraction aid						include_exact	exact_markdown	SHARD-011	BLOCK-000618	pass	KAE-BLOCK-000025;KAE-BLOCK-000275	excluded;aligned	blocked_until_korean_authority_or_auxiliary_label;primary_working_source_after_alignment	repo_en_only;hybrid	CONF-000007	candidate_with_open_recheck_guardrail	guarded_candidate_recheck_before_exhaustive_playbook	An aligned or AID-reuse baseline route exists, but open conflict/recheck rows block exhaustive or production-ready downstream claims.	S1-J012
source_pack_source	SRC-000301	repo	PatchNotes/Altibase_7.1/kor/Altibase_7_1_0_10_0_Patch_Notes.md	patch_note	patch_notes	7.1.0.10.0	Korean authoritative						include_exact	exact_markdown	SHARD-011	BLOCK-000627	pass	KAE-BLOCK-000047;KAE-BLOCK-000275	pending;aligned	primary_working_source_after_alignment	repo_paired_ko_en;hybrid	CONF-000007	candidate_with_open_recheck_guardrail	guarded_candidate_recheck_before_exhaustive_playbook	An aligned or AID-reuse baseline route exists, but open conflict/recheck rows block exhaustive or production-ready downstream claims.	S1-J012
source_pack_source	SRC-000302	repo	PatchNotes/Altibase_7.1/kor/Altibase_7_1_0_10_1_Patch_Notes.md	patch_note	patch_notes	7.1.0.10.1	Korean authoritative						include_exact	exact_markdown	SHARD-011	BLOCK-000629	pass	KAE-BLOCK-000048;KAE-BLOCK-000275	pending;aligned	primary_working_source_after_alignment	repo_paired_ko_en;hybrid	CONF-000007	candidate_with_open_recheck_guardrail	guarded_candidate_recheck_before_exhaustive_playbook	An aligned or AID-reuse baseline route exists, but open conflict/recheck rows block exhaustive or production-ready downstream claims.	S1-J012
source_pack_source	SRC-000303	repo	PatchNotes/Altibase_7.1/kor/Altibase_7_1_0_10_2_Patch_Notes.md	patch_note	patch_notes	7.1.0.10.2	Korean authoritative						include_exact	exact_markdown	SHARD-011	BLOCK-000631	pass	KAE-BLOCK-000049;KAE-BLOCK-000275	pending;aligned	primary_working_source_after_alignment	repo_paired_ko_en;hybrid	CONF-000007	candidate_with_open_recheck_guardrail	guarded_candidate_recheck_before_exhaustive_playbook	An aligned or AID-reuse baseline route exists, but open conflict/recheck rows block exhaustive or production-ready downstream claims.	S1-J012
source_pack_source	SRC-000304	repo	PatchNotes/Altibase_7.1/kor/Altibase_7_1_0_10_3_Patch_Notes.md	patch_note	patch_notes	7.1.0.10.3	Korean authoritative						include_exact	exact_markdown	SHARD-011	BLOCK-000633	pass	KAE-BLOCK-000050;KAE-BLOCK-000275	pending;aligned	primary_working_source_after_alignment	repo_paired_ko_en;hybrid	CONF-000007	candidate_with_open_recheck_guardrail	guarded_candidate_recheck_before_exhaustive_playbook	An aligned or AID-reuse baseline route exists, but open conflict/recheck rows block exhaustive or production-ready downstream claims.	S1-J012
source_pack_source	SRC-000305	repo	PatchNotes/Altibase_7.1/kor/Altibase_7_1_0_10_4_Patch_Notes.md	patch_note	patch_notes	7.1.0.10.4	Korean authoritative						include_exact	exact_markdown	SHARD-011	BLOCK-000635	pass	KAE-BLOCK-000051;KAE-BLOCK-000275	pending;aligned	primary_working_source_after_alignment	repo_paired_ko_en;hybrid	CONF-000007	candidate_with_open_recheck_guardrail	guarded_candidate_recheck_before_exhaustive_playbook	An aligned or AID-reuse baseline route exists, but open conflict/recheck rows block exhaustive or production-ready downstream claims.	S1-J012
source_pack_source	SRC-000306	repo	PatchNotes/Altibase_7.1/kor/Altibase_7_1_0_10_5_Patch_Notes.md	patch_note	patch_notes	7.1.0.10.5	Korean authoritative						include_exact	exact_markdown	SHARD-011	BLOCK-000637	pass	KAE-BLOCK-000052;KAE-BLOCK-000275	pending;aligned	primary_working_source_after_alignment	repo_paired_ko_en;hybrid	CONF-000007	candidate_with_open_recheck_guardrail	guarded_candidate_recheck_before_exhaustive_playbook	An aligned or AID-reuse baseline route exists, but open conflict/recheck rows block exhaustive or production-ready downstream claims.	S1-J012
source_pack_source	SRC-000307	repo	PatchNotes/Altibase_7.1/kor/Altibase_7_1_0_10_6_Patch_Notes.md	patch_note	patch_notes	7.1.0.10.6	Korean authoritative						include_exact	exact_markdown	SHARD-011	BLOCK-000639	pass	KAE-BLOCK-000053;KAE-BLOCK-000275	pending;aligned	primary_working_source_after_alignment	repo_paired_ko_en;hybrid	CONF-000007	candidate_with_open_recheck_guardrail	guarded_candidate_recheck_before_exhaustive_playbook	An aligned or AID-reuse baseline route exists, but open conflict/recheck rows block exhaustive or production-ready downstream claims.	S1-J012
source_pack_source	SRC-000308	repo	PatchNotes/Altibase_7.1/kor/Altibase_7_1_0_10_7_Patch_Notes.md	patch_note	patch_notes	7.1.0.10.7	Korean authoritative						include_exact	exact_markdown	SHARD-011	BLOCK-000641	pass	KAE-BLOCK-000054;KAE-BLOCK-000275	pending;aligned	primary_working_source_after_alignment	repo_paired_ko_en;hybrid	CONF-000007	candidate_with_open_recheck_guardrail	guarded_candidate_recheck_before_exhaustive_playbook	An aligned or AID-reuse baseline route exists, but open conflict/recheck rows block exhaustive or production-ready downstream claims.	S1-J012
source_pack_source	SRC-000309	repo	PatchNotes/Altibase_7.1/kor/Altibase_7_1_0_10_8_Patch_Notes.md	patch_note	patch_notes	7.1.0.10.8	Korean authoritative						include_exact	exact_markdown	SHARD-011	BLOCK-000643	pass	KAE-BLOCK-000055;KAE-BLOCK-000275	pending;aligned	primary_working_source_after_alignment	repo_paired_ko_en;hybrid	CONF-000007	candidate_with_open_recheck_guardrail	guarded_candidate_recheck_before_exhaustive_playbook	An aligned or AID-reuse baseline route exists, but open conflict/recheck rows block exhaustive or production-ready downstream claims.	S1-J012
source_pack_source	SRC-000310	repo	PatchNotes/Altibase_7.1/kor/Altibase_7_1_0_1_3_Patch_Notes.md	patch_note	patch_notes	7.1.0.1.3	Korean authoritative						include_exact	exact_markdown	SHARD-011	BLOCK-000619	pass	KAE-BLOCK-000040;KAE-BLOCK-000275	pending;aligned	translation_candidate_after_alignment;primary_working_source_after_alignment	repo_ko_only;hybrid	CONF-000007	candidate_with_open_recheck_guardrail	guarded_candidate_recheck_before_exhaustive_playbook	An aligned or AID-reuse baseline route exists, but open conflict/recheck rows block exhaustive or production-ready downstream claims.	S1-J012
source_pack_source	SRC-000311	repo	PatchNotes/Altibase_7.1/kor/Altibase_7_1_0_1_4_Patch_Notes.md	patch_note	patch_notes	7.1.0.1.4	Korean authoritative						include_exact	exact_markdown	SHARD-011	BLOCK-000620	pass	KAE-BLOCK-000041;KAE-BLOCK-000275	pending;aligned	translation_candidate_after_alignment;primary_working_source_after_alignment	repo_ko_only;hybrid	CONF-000007	candidate_with_open_recheck_guardrail	guarded_candidate_recheck_before_exhaustive_playbook	An aligned or AID-reuse baseline route exists, but open conflict/recheck rows block exhaustive or production-ready downstream claims.	S1-J012
source_pack_source	SRC-000312	repo	PatchNotes/Altibase_7.1/kor/Altibase_7_1_0_1_5_Patch_Notes.md	patch_note	patch_notes	7.1.0.1.5	Korean authoritative						include_exact	exact_markdown	SHARD-011	BLOCK-000621	pass	KAE-BLOCK-000042;KAE-BLOCK-000275	pending;aligned	translation_candidate_after_alignment;primary_working_source_after_alignment	repo_ko_only;hybrid	CONF-000007	candidate_with_open_recheck_guardrail	guarded_candidate_recheck_before_exhaustive_playbook	An aligned or AID-reuse baseline route exists, but open conflict/recheck rows block exhaustive or production-ready downstream claims.	S1-J012
source_pack_source	SRC-000313	repo	PatchNotes/Altibase_7.1/kor/Altibase_7_1_0_1_6_Patch_Notes.md	patch_note	patch_notes	7.1.0.1.6	Korean authoritative						include_exact	exact_markdown	SHARD-011	BLOCK-000622	pass	KAE-BLOCK-000043;KAE-BLOCK-000275	pending;aligned	translation_candidate_after_alignment;primary_working_source_after_alignment	repo_ko_only;hybrid	CONF-000007	candidate_with_open_recheck_guardrail	guarded_candidate_recheck_before_exhaustive_playbook	An aligned or AID-reuse baseline route exists, but open conflict/recheck rows block exhaustive or production-ready downstream claims.	S1-J012
source_pack_source	SRC-000314	repo	PatchNotes/Altibase_7.1/kor/Altibase_7_1_0_1_7_Patch_Notes.md	patch_note	patch_notes	7.1.0.1.7	Korean authoritative						include_exact	exact_markdown	SHARD-011	BLOCK-000623	pass	KAE-BLOCK-000044;KAE-BLOCK-000275	pending;aligned	translation_candidate_after_alignment;primary_working_source_after_alignment	repo_ko_only;hybrid	CONF-000007	candidate_with_open_recheck_guardrail	guarded_candidate_recheck_before_exhaustive_playbook	An aligned or AID-reuse baseline route exists, but open conflict/recheck rows block exhaustive or production-ready downstream claims.	S1-J012
source_pack_source	SRC-000315	repo	PatchNotes/Altibase_7.1/kor/Altibase_7_1_0_1_8_Patch_Notes.md	patch_note	patch_notes	7.1.0.1.8	Korean authoritative						include_exact	exact_markdown	SHARD-011	BLOCK-000624	pass	KAE-BLOCK-000045;KAE-BLOCK-000275	pending;aligned	translation_candidate_after_alignment;primary_working_source_after_alignment	repo_ko_only;hybrid	CONF-000007	candidate_with_open_recheck_guardrail	guarded_candidate_recheck_before_exhaustive_playbook	An aligned or AID-reuse baseline route exists, but open conflict/recheck rows block exhaustive or production-ready downstream claims.	S1-J012
source_pack_source	SRC-000316	repo	PatchNotes/Altibase_7.1/kor/Altibase_7_1_0_1_9_Patch_Notes.md	patch_note	patch_notes	7.1.0.1.9	Korean authoritative						include_exact	exact_markdown	SHARD-011	BLOCK-000625	pass	KAE-BLOCK-000046;KAE-BLOCK-000275	pending;aligned	translation_candidate_after_alignment;primary_working_source_after_alignment	repo_ko_only;hybrid	CONF-000007	candidate_with_open_recheck_guardrail	guarded_candidate_recheck_before_exhaustive_playbook	An aligned or AID-reuse baseline route exists, but open conflict/recheck rows block exhaustive or production-ready downstream claims.	S1-J012
source_pack_source	SRC-000317	repo	PatchNotes/Altibase_7.1/kor/Altibase_7_1_0_2_0_Patch_Notes.md	patch_note	patch_notes	7.1.0.2.0	Korean authoritative						include_exact	exact_markdown	SHARD-011	BLOCK-000644	pass	KAE-BLOCK-000056;KAE-BLOCK-000275	pending;aligned	translation_candidate_after_alignment;primary_working_source_after_alignment	repo_ko_only;hybrid	CONF-000007	candidate_with_open_recheck_guardrail	guarded_candidate_recheck_before_exhaustive_playbook	An aligned or AID-reuse baseline route exists, but open conflict/recheck rows block exhaustive or production-ready downstream claims.	S1-J012
source_pack_source	SRC-000318	repo	PatchNotes/Altibase_7.1/kor/Altibase_7_1_0_2_1_Patch_Notes.md	patch_note	patch_notes	7.1.0.2.1	Korean authoritative						include_exact	exact_markdown	SHARD-011	BLOCK-000645	pass	KAE-BLOCK-000057;KAE-BLOCK-000275	pending;aligned	translation_candidate_after_alignment;primary_working_source_after_alignment	repo_ko_only;hybrid	CONF-000007	candidate_with_open_recheck_guardrail	guarded_candidate_recheck_before_exhaustive_playbook	An aligned or AID-reuse baseline route exists, but open conflict/recheck rows block exhaustive or production-ready downstream claims.	S1-J012
source_pack_source	SRC-000319	repo	PatchNotes/Altibase_7.1/kor/Altibase_7_1_0_2_2_Patch_Notes.md	patch_note	patch_notes	7.1.0.2.2	Korean authoritative						include_exact	exact_markdown	SHARD-011	BLOCK-000646	pass	KAE-BLOCK-000058;KAE-BLOCK-000275	pending;aligned	translation_candidate_after_alignment;primary_working_source_after_alignment	repo_ko_only;hybrid	CONF-000007	candidate_with_open_recheck_guardrail	guarded_candidate_recheck_before_exhaustive_playbook	An aligned or AID-reuse baseline route exists, but open conflict/recheck rows block exhaustive or production-ready downstream claims.	S1-J012
source_pack_source	SRC-000320	repo	PatchNotes/Altibase_7.1/kor/Altibase_7_1_0_2_3_Patch_Notes.md	patch_note	patch_notes	7.1.0.2.3	Korean authoritative						include_exact	exact_markdown	SHARD-011	BLOCK-000647	pass	KAE-BLOCK-000059;KAE-BLOCK-000275	pending;aligned	translation_candidate_after_alignment;primary_working_source_after_alignment	repo_ko_only;hybrid	CONF-000007	candidate_with_open_recheck_guardrail	guarded_candidate_recheck_before_exhaustive_playbook	An aligned or AID-reuse baseline route exists, but open conflict/recheck rows block exhaustive or production-ready downstream claims.	S1-J012
source_pack_source	SRC-000321	repo	PatchNotes/Altibase_7.1/kor/Altibase_7_1_0_2_4_Patch_Notes.md	patch_note	patch_notes	7.1.0.2.4	Korean authoritative						include_exact	exact_markdown	SHARD-011	BLOCK-000648	pass	KAE-BLOCK-000060;KAE-BLOCK-000275	pending;aligned	translation_candidate_after_alignment;primary_working_source_after_alignment	repo_ko_only;hybrid	CONF-000007	candidate_with_open_recheck_guardrail	guarded_candidate_recheck_before_exhaustive_playbook	An aligned or AID-reuse baseline route exists, but open conflict/recheck rows block exhaustive or production-ready downstream claims.	S1-J012
source_pack_source	SRC-000322	repo	PatchNotes/Altibase_7.1/kor/Altibase_7_1_0_2_5_Patch_Notes.md	patch_note	patch_notes	7.1.0.2.5	Korean authoritative						include_exact	exact_markdown	SHARD-011	BLOCK-000649	pass	KAE-BLOCK-000061;KAE-BLOCK-000275	pending;aligned	translation_candidate_after_alignment;primary_working_source_after_alignment	repo_ko_only;hybrid	CONF-000007	candidate_with_open_recheck_guardrail	guarded_candidate_recheck_before_exhaustive_playbook	An aligned or AID-reuse baseline route exists, but open conflict/recheck rows block exhaustive or production-ready downstream claims.	S1-J012
source_pack_source	SRC-000323	repo	PatchNotes/Altibase_7.1/kor/Altibase_7_1_0_2_6_Patch_Notes.md	patch_note	patch_notes	7.1.0.2.6	Korean authoritative						include_exact	exact_markdown	SHARD-011	BLOCK-000650	pass	KAE-BLOCK-000062;KAE-BLOCK-000275	pending;aligned	translation_candidate_after_alignment;primary_working_source_after_alignment	repo_ko_only;hybrid	CONF-000007	candidate_with_open_recheck_guardrail	guarded_candidate_recheck_before_exhaustive_playbook	An aligned or AID-reuse baseline route exists, but open conflict/recheck rows block exhaustive or production-ready downstream claims.	S1-J012
source_pack_source	SRC-000324	repo	PatchNotes/Altibase_7.1/kor/Altibase_7_1_0_2_7_Patch_Notes.md	patch_note	patch_notes	7.1.0.2.7	Korean authoritative						include_exact	exact_markdown	SHARD-011	BLOCK-000651	pass	KAE-BLOCK-000063;KAE-BLOCK-000275	pending;aligned	translation_candidate_after_alignment;primary_working_source_after_alignment	repo_ko_only;hybrid	CONF-000007	candidate_with_open_recheck_guardrail	guarded_candidate_recheck_before_exhaustive_playbook	An aligned or AID-reuse baseline route exists, but open conflict/recheck rows block exhaustive or production-ready downstream claims.	S1-J012
source_pack_source	SRC-000325	repo	PatchNotes/Altibase_7.1/kor/Altibase_7_1_0_2_8_Patch_Notes.md	patch_note	patch_notes	7.1.0.2.8	Korean authoritative						include_exact	exact_markdown	SHARD-011	BLOCK-000652	pass	KAE-BLOCK-000064;KAE-BLOCK-000275	pending;aligned	translation_candidate_after_alignment;primary_working_source_after_alignment	repo_ko_only;hybrid	CONF-000007	candidate_with_open_recheck_guardrail	guarded_candidate_recheck_before_exhaustive_playbook	An aligned or AID-reuse baseline route exists, but open conflict/recheck rows block exhaustive or production-ready downstream claims.	S1-J012
source_pack_source	SRC-000326	repo	PatchNotes/Altibase_7.1/kor/Altibase_7_1_0_2_9_Patch_Notes.md	patch_note	patch_notes	7.1.0.2.9	Korean authoritative						include_exact	exact_markdown	SHARD-011	BLOCK-000653	pass	KAE-BLOCK-000065;KAE-BLOCK-000275	pending;aligned	translation_candidate_after_alignment;primary_working_source_after_alignment	repo_ko_only;hybrid	CONF-000007	candidate_with_open_recheck_guardrail	guarded_candidate_recheck_before_exhaustive_playbook	An aligned or AID-reuse baseline route exists, but open conflict/recheck rows block exhaustive or production-ready downstream claims.	S1-J012
source_pack_source	SRC-000327	repo	PatchNotes/Altibase_7.1/kor/Altibase_7_1_0_3_0_Patch_Notes.md	patch_note	patch_notes	7.1.0.3.0	Korean authoritative						include_exact	exact_markdown	SHARD-011	BLOCK-000654	pass	KAE-BLOCK-000066;KAE-BLOCK-000275	pending;aligned	translation_candidate_after_alignment;primary_working_source_after_alignment	repo_ko_only;hybrid	CONF-000007	candidate_with_open_recheck_guardrail	guarded_candidate_recheck_before_exhaustive_playbook	An aligned or AID-reuse baseline route exists, but open conflict/recheck rows block exhaustive or production-ready downstream claims.	S1-J012
source_pack_source	SRC-000328	repo	PatchNotes/Altibase_7.1/kor/Altibase_7_1_0_3_1_Patch_Notes.md	patch_note	patch_notes	7.1.0.3.1	Korean authoritative						include_exact	exact_markdown	SHARD-011	BLOCK-000655	pass	KAE-BLOCK-000067;KAE-BLOCK-000275	pending;aligned	translation_candidate_after_alignment;primary_working_source_after_alignment	repo_ko_only;hybrid	CONF-000007	candidate_with_open_recheck_guardrail	guarded_candidate_recheck_before_exhaustive_playbook	An aligned or AID-reuse baseline route exists, but open conflict/recheck rows block exhaustive or production-ready downstream claims.	S1-J012
source_pack_source	SRC-000329	repo	PatchNotes/Altibase_7.1/kor/Altibase_7_1_0_3_2_Patch_Notes.md	patch_note	patch_notes	7.1.0.3.2	Korean authoritative						include_exact	exact_markdown	SHARD-011	BLOCK-000656	pass	KAE-BLOCK-000068;KAE-BLOCK-000275	pending;aligned	translation_candidate_after_alignment;primary_working_source_after_alignment	repo_ko_only;hybrid	CONF-000007	candidate_with_open_recheck_guardrail	guarded_candidate_recheck_before_exhaustive_playbook	An aligned or AID-reuse baseline route exists, but open conflict/recheck rows block exhaustive or production-ready downstream claims.	S1-J012
source_pack_source	SRC-000330	repo	PatchNotes/Altibase_7.1/kor/Altibase_7_1_0_3_3_Patch_Notes.md	patch_note	patch_notes	7.1.0.3.3	Korean authoritative						include_exact	exact_markdown	SHARD-011	BLOCK-000657	pass	KAE-BLOCK-000069;KAE-BLOCK-000275	pending;aligned	translation_candidate_after_alignment;primary_working_source_after_alignment	repo_ko_only;hybrid	CONF-000007	candidate_with_open_recheck_guardrail	guarded_candidate_recheck_before_exhaustive_playbook	An aligned or AID-reuse baseline route exists, but open conflict/recheck rows block exhaustive or production-ready downstream claims.	S1-J012
source_pack_source	SRC-000331	repo	PatchNotes/Altibase_7.1/kor/Altibase_7_1_0_3_4_Patch_Notes.md	patch_note	patch_notes	7.1.0.3.4	Korean authoritative						include_exact	exact_markdown	SHARD-011	BLOCK-000658	pass	KAE-BLOCK-000070;KAE-BLOCK-000275	pending;aligned	translation_candidate_after_alignment;primary_working_source_after_alignment	repo_ko_only;hybrid	CONF-000007	candidate_with_open_recheck_guardrail	guarded_candidate_recheck_before_exhaustive_playbook	An aligned or AID-reuse baseline route exists, but open conflict/recheck rows block exhaustive or production-ready downstream claims.	S1-J012
source_pack_source	SRC-000332	repo	PatchNotes/Altibase_7.1/kor/Altibase_7_1_0_3_5_Patch_Notes.md	patch_note	patch_notes	7.1.0.3.5	Korean authoritative						include_exact	exact_markdown	SHARD-011	BLOCK-000659	pass	KAE-BLOCK-000071;KAE-BLOCK-000275	pending;aligned	translation_candidate_after_alignment;primary_working_source_after_alignment	repo_ko_only;hybrid	CONF-000007	candidate_with_open_recheck_guardrail	guarded_candidate_recheck_before_exhaustive_playbook	An aligned or AID-reuse baseline route exists, but open conflict/recheck rows block exhaustive or production-ready downstream claims.	S1-J012
source_pack_source	SRC-000333	repo	PatchNotes/Altibase_7.1/kor/Altibase_7_1_0_3_6_Patch_Notes.md	patch_note	patch_notes	7.1.0.3.6	Korean authoritative						include_exact	exact_markdown	SHARD-011	BLOCK-000660	pass	KAE-BLOCK-000072;KAE-BLOCK-000275	pending;aligned	translation_candidate_after_alignment;primary_working_source_after_alignment	repo_ko_only;hybrid	CONF-000007	candidate_with_open_recheck_guardrail	guarded_candidate_recheck_before_exhaustive_playbook	An aligned or AID-reuse baseline route exists, but open conflict/recheck rows block exhaustive or production-ready downstream claims.	S1-J012
source_pack_source	SRC-000334	repo	PatchNotes/Altibase_7.1/kor/Altibase_7_1_0_3_7_Patch_Notes.md	patch_note	patch_notes	7.1.0.3.7	Korean authoritative						include_exact	exact_markdown	SHARD-011	BLOCK-000661	pass	KAE-BLOCK-000073;KAE-BLOCK-000275	pending;aligned	translation_candidate_after_alignment;primary_working_source_after_alignment	repo_ko_only;hybrid	CONF-000007	candidate_with_open_recheck_guardrail	guarded_candidate_recheck_before_exhaustive_playbook	An aligned or AID-reuse baseline route exists, but open conflict/recheck rows block exhaustive or production-ready downstream claims.	S1-J012
source_pack_source	SRC-000335	repo	PatchNotes/Altibase_7.1/kor/Altibase_7_1_0_3_8_Patch_Notes.md	patch_note	patch_notes	7.1.0.3.8	Korean authoritative						include_exact	exact_markdown	SHARD-011	BLOCK-000662	pass	KAE-BLOCK-000074;KAE-BLOCK-000275	pending;aligned	translation_candidate_after_alignment;primary_working_source_after_alignment	repo_ko_only;hybrid	CONF-000007	candidate_with_open_recheck_guardrail	guarded_candidate_recheck_before_exhaustive_playbook	An aligned or AID-reuse baseline route exists, but open conflict/recheck rows block exhaustive or production-ready downstream claims.	S1-J012
source_pack_source	SRC-000336	repo	PatchNotes/Altibase_7.1/kor/Altibase_7_1_0_3_9_Patch_Notes.md	patch_note	patch_notes	7.1.0.3.9	Korean authoritative						include_exact	exact_markdown	SHARD-011	BLOCK-000663	pass	KAE-BLOCK-000075;KAE-BLOCK-000275	pending;aligned	translation_candidate_after_alignment;primary_working_source_after_alignment	repo_ko_only;hybrid	CONF-000007	candidate_with_open_recheck_guardrail	guarded_candidate_recheck_before_exhaustive_playbook	An aligned or AID-reuse baseline route exists, but open conflict/recheck rows block exhaustive or production-ready downstream claims.	S1-J012
source_pack_source	SRC-000337	repo	PatchNotes/Altibase_7.1/kor/Altibase_7_1_0_4_0_Patch_Notes.md	patch_note	patch_notes	7.1.0.4.0	Korean authoritative						include_exact	exact_markdown	SHARD-011	BLOCK-000665	pass	KAE-BLOCK-000076;KAE-BLOCK-000275	pending;aligned	primary_working_source_after_alignment	repo_paired_ko_en;hybrid	CONF-000007	candidate_with_open_recheck_guardrail	guarded_candidate_recheck_before_exhaustive_playbook	An aligned or AID-reuse baseline route exists, but open conflict/recheck rows block exhaustive or production-ready downstream claims.	S1-J012
source_pack_source	SRC-000338	repo	PatchNotes/Altibase_7.1/kor/Altibase_7_1_0_4_1_Patch_Notes.md	patch_note	patch_notes	7.1.0.4.1	Korean authoritative						include_exact	exact_markdown	SHARD-011	BLOCK-000667	pass	KAE-BLOCK-000077;KAE-BLOCK-000275	pending;aligned	primary_working_source_after_alignment	repo_paired_ko_en;hybrid	CONF-000007	candidate_with_open_recheck_guardrail	guarded_candidate_recheck_before_exhaustive_playbook	An aligned or AID-reuse baseline route exists, but open conflict/recheck rows block exhaustive or production-ready downstream claims.	S1-J012
source_pack_source	SRC-000339	repo	PatchNotes/Altibase_7.1/kor/Altibase_7_1_0_4_2_Patch_Notes.md	patch_note	patch_notes	7.1.0.4.2	Korean authoritative						include_exact	exact_markdown	SHARD-011	BLOCK-000669	pass	KAE-BLOCK-000078;KAE-BLOCK-000275	pending;aligned	primary_working_source_after_alignment	repo_paired_ko_en;hybrid	CONF-000007	candidate_with_open_recheck_guardrail	guarded_candidate_recheck_before_exhaustive_playbook	An aligned or AID-reuse baseline route exists, but open conflict/recheck rows block exhaustive or production-ready downstream claims.	S1-J012
source_pack_source	SRC-000340	repo	PatchNotes/Altibase_7.1/kor/Altibase_7_1_0_4_3_Patch_Notes.md	patch_note	patch_notes	7.1.0.4.3	Korean authoritative						include_exact	exact_markdown	SHARD-011	BLOCK-000671	pass	KAE-BLOCK-000079;KAE-BLOCK-000275	pending;aligned	primary_working_source_after_alignment	repo_paired_ko_en;hybrid	CONF-000007	candidate_with_open_recheck_guardrail	guarded_candidate_recheck_before_exhaustive_playbook	An aligned or AID-reuse baseline route exists, but open conflict/recheck rows block exhaustive or production-ready downstream claims.	S1-J012
source_pack_source	SRC-000341	repo	PatchNotes/Altibase_7.1/kor/Altibase_7_1_0_4_4_Patch_Notes.md	patch_note	patch_notes	7.1.0.4.4	Korean authoritative						include_exact	exact_markdown	SHARD-011	BLOCK-000673	pass	KAE-BLOCK-000080;KAE-BLOCK-000275	pending;aligned	primary_working_source_after_alignment	repo_paired_ko_en;hybrid	CONF-000007	candidate_with_open_recheck_guardrail	guarded_candidate_recheck_before_exhaustive_playbook	An aligned or AID-reuse baseline route exists, but open conflict/recheck rows block exhaustive or production-ready downstream claims.	S1-J012
source_pack_source	SRC-000342	repo	PatchNotes/Altibase_7.1/kor/Altibase_7_1_0_4_5_Patch_Notes.md	patch_note	patch_notes	7.1.0.4.5	Korean authoritative						include_exact	exact_markdown	SHARD-011	BLOCK-000675	pass	KAE-BLOCK-000081;KAE-BLOCK-000275	pending;aligned	primary_working_source_after_alignment	repo_paired_ko_en;hybrid	CONF-000007	candidate_with_open_recheck_guardrail	guarded_candidate_recheck_before_exhaustive_playbook	An aligned or AID-reuse baseline route exists, but open conflict/recheck rows block exhaustive or production-ready downstream claims.	S1-J012
source_pack_source	SRC-000343	repo	PatchNotes/Altibase_7.1/kor/Altibase_7_1_0_4_6_Patch_Notes.md	patch_note	patch_notes	7.1.0.4.6	Korean authoritative						include_exact	exact_markdown	SHARD-011	BLOCK-000677	pass	KAE-BLOCK-000082;KAE-BLOCK-000275	pending;aligned	primary_working_source_after_alignment	repo_paired_ko_en;hybrid	CONF-000007	candidate_with_open_recheck_guardrail	guarded_candidate_recheck_before_exhaustive_playbook	An aligned or AID-reuse baseline route exists, but open conflict/recheck rows block exhaustive or production-ready downstream claims.	S1-J012
source_pack_source	SRC-000344	repo	PatchNotes/Altibase_7.1/kor/Altibase_7_1_0_4_7_Patch_Notes.md	patch_note	patch_notes	7.1.0.4.7	Korean authoritative						include_exact	exact_markdown	SHARD-011	BLOCK-000679	pass	KAE-BLOCK-000083;KAE-BLOCK-000275	pending;aligned	primary_working_source_after_alignment	repo_paired_ko_en;hybrid	CONF-000007	candidate_with_open_recheck_guardrail	guarded_candidate_recheck_before_exhaustive_playbook	An aligned or AID-reuse baseline route exists, but open conflict/recheck rows block exhaustive or production-ready downstream claims.	S1-J012
source_pack_source	SRC-000345	repo	PatchNotes/Altibase_7.1/kor/Altibase_7_1_0_4_8_Patch_Notes.md	patch_note	patch_notes	7.1.0.4.8	Korean authoritative						include_exact	exact_markdown	SHARD-011	BLOCK-000681	pass	KAE-BLOCK-000084;KAE-BLOCK-000275	pending;aligned	primary_working_source_after_alignment	repo_paired_ko_en;hybrid	CONF-000007	candidate_with_open_recheck_guardrail	guarded_candidate_recheck_before_exhaustive_playbook	An aligned or AID-reuse baseline route exists, but open conflict/recheck rows block exhaustive or production-ready downstream claims.	S1-J012
source_pack_source	SRC-000346	repo	PatchNotes/Altibase_7.1/kor/Altibase_7_1_0_4_9_Patch_Notes.md	patch_note	patch_notes	7.1.0.4.9	Korean authoritative						include_exact	exact_markdown	SHARD-011	BLOCK-000683	pass	KAE-BLOCK-000085;KAE-BLOCK-000275	pending;aligned	primary_working_source_after_alignment	repo_paired_ko_en;hybrid	CONF-000007	candidate_with_open_recheck_guardrail	guarded_candidate_recheck_before_exhaustive_playbook	An aligned or AID-reuse baseline route exists, but open conflict/recheck rows block exhaustive or production-ready downstream claims.	S1-J012
source_pack_source	SRC-000347	repo	PatchNotes/Altibase_7.1/kor/Altibase_7_1_0_5_0_Patch_Notes.md	patch_note	patch_notes	7.1.0.5.0	Korean authoritative						include_exact	exact_markdown	SHARD-011	BLOCK-000685	pass	KAE-BLOCK-000086;KAE-BLOCK-000275	pending;aligned	primary_working_source_after_alignment	repo_paired_ko_en;hybrid	CONF-000007	candidate_with_open_recheck_guardrail	guarded_candidate_recheck_before_exhaustive_playbook	An aligned or AID-reuse baseline route exists, but open conflict/recheck rows block exhaustive or production-ready downstream claims.	S1-J012
source_pack_source	SRC-000348	repo	PatchNotes/Altibase_7.1/kor/Altibase_7_1_0_5_1_Patch_Notes.md	patch_note	patch_notes	7.1.0.5.1	Korean authoritative						include_exact	exact_markdown	SHARD-011	BLOCK-000687	pass	KAE-BLOCK-000087;KAE-BLOCK-000275	pending;aligned	primary_working_source_after_alignment	repo_paired_ko_en;hybrid	CONF-000007	candidate_with_open_recheck_guardrail	guarded_candidate_recheck_before_exhaustive_playbook	An aligned or AID-reuse baseline route exists, but open conflict/recheck rows block exhaustive or production-ready downstream claims.	S1-J012
source_pack_source	SRC-000349	repo	PatchNotes/Altibase_7.1/kor/Altibase_7_1_0_5_2_Patch_Notes.md	patch_note	patch_notes	7.1.0.5.2	Korean authoritative						include_exact	exact_markdown	SHARD-011	BLOCK-000689	pass	KAE-BLOCK-000088;KAE-BLOCK-000275	pending;aligned	primary_working_source_after_alignment	repo_paired_ko_en;hybrid	CONF-000007	candidate_with_open_recheck_guardrail	guarded_candidate_recheck_before_exhaustive_playbook	An aligned or AID-reuse baseline route exists, but open conflict/recheck rows block exhaustive or production-ready downstream claims.	S1-J012
source_pack_source	SRC-000350	repo	PatchNotes/Altibase_7.1/kor/Altibase_7_1_0_5_3_Patch_Notes.md	patch_note	patch_notes	7.1.0.5.3	Korean authoritative						include_exact	exact_markdown	SHARD-011	BLOCK-000691	pass	KAE-BLOCK-000089;KAE-BLOCK-000275	pending;aligned	primary_working_source_after_alignment	repo_paired_ko_en;hybrid	CONF-000007	candidate_with_open_recheck_guardrail	guarded_candidate_recheck_before_exhaustive_playbook	An aligned or AID-reuse baseline route exists, but open conflict/recheck rows block exhaustive or production-ready downstream claims.	S1-J012
source_pack_source	SRC-000351	repo	PatchNotes/Altibase_7.1/kor/Altibase_7_1_0_5_4_Patch_Notes.md	patch_note	patch_notes	7.1.0.5.4	Korean authoritative						include_exact	exact_markdown	SHARD-011	BLOCK-000693	pass	KAE-BLOCK-000090;KAE-BLOCK-000275	pending;aligned	primary_working_source_after_alignment	repo_paired_ko_en;hybrid	CONF-000007	candidate_with_open_recheck_guardrail	guarded_candidate_recheck_before_exhaustive_playbook	An aligned or AID-reuse baseline route exists, but open conflict/recheck rows block exhaustive or production-ready downstream claims.	S1-J012
source_pack_source	SRC-000352	repo	PatchNotes/Altibase_7.1/kor/Altibase_7_1_0_5_5_Patch_Notes.md	patch_note	patch_notes	7.1.0.5.5	Korean authoritative						include_exact	exact_markdown	SHARD-011	BLOCK-000695	pass	KAE-BLOCK-000091;KAE-BLOCK-000275	pending;aligned	primary_working_source_after_alignment	repo_paired_ko_en;hybrid	CONF-000007	candidate_with_open_recheck_guardrail	guarded_candidate_recheck_before_exhaustive_playbook	An aligned or AID-reuse baseline route exists, but open conflict/recheck rows block exhaustive or production-ready downstream claims.	S1-J012
source_pack_source	SRC-000353	repo	PatchNotes/Altibase_7.1/kor/Altibase_7_1_0_5_6_Patch_Notes.md	patch_note	patch_notes	7.1.0.5.6	Korean authoritative						include_exact	exact_markdown	SHARD-011	BLOCK-000697	pass	KAE-BLOCK-000092;KAE-BLOCK-000275	pending;aligned	primary_working_source_after_alignment	repo_paired_ko_en;hybrid	CONF-000007	candidate_with_open_recheck_guardrail	guarded_candidate_recheck_before_exhaustive_playbook	An aligned or AID-reuse baseline route exists, but open conflict/recheck rows block exhaustive or production-ready downstream claims.	S1-J012
source_pack_source	SRC-000354	repo	PatchNotes/Altibase_7.1/kor/Altibase_7_1_0_5_7_Patch_Notes.md	patch_note	patch_notes	7.1.0.5.7	Korean authoritative						include_exact	exact_markdown	SHARD-011	BLOCK-000699	pass	KAE-BLOCK-000093;KAE-BLOCK-000275	pending;aligned	primary_working_source_after_alignment	repo_paired_ko_en;hybrid	CONF-000007	candidate_with_open_recheck_guardrail	guarded_candidate_recheck_before_exhaustive_playbook	An aligned or AID-reuse baseline route exists, but open conflict/recheck rows block exhaustive or production-ready downstream claims.	S1-J012
source_pack_source	SRC-000355	repo	PatchNotes/Altibase_7.1/kor/Altibase_7_1_0_5_8_Patch_Notes.md	patch_note	patch_notes	7.1.0.5.8	Korean authoritative						include_exact	exact_markdown	SHARD-011	BLOCK-000701	pass	KAE-BLOCK-000094;KAE-BLOCK-000275	pending;aligned	primary_working_source_after_alignment	repo_paired_ko_en;hybrid	CONF-000007	candidate_with_open_recheck_guardrail	guarded_candidate_recheck_before_exhaustive_playbook	An aligned or AID-reuse baseline route exists, but open conflict/recheck rows block exhaustive or production-ready downstream claims.	S1-J012
source_pack_source	SRC-000356	repo	PatchNotes/Altibase_7.1/kor/Altibase_7_1_0_5_9_Patch_Notes.md	patch_note	patch_notes	7.1.0.5.9	Korean authoritative						include_exact	exact_markdown	SHARD-011	BLOCK-000703	pass	KAE-BLOCK-000095;KAE-BLOCK-000275	pending;aligned	primary_working_source_after_alignment	repo_paired_ko_en;hybrid	CONF-000007	candidate_with_open_recheck_guardrail	guarded_candidate_recheck_before_exhaustive_playbook	An aligned or AID-reuse baseline route exists, but open conflict/recheck rows block exhaustive or production-ready downstream claims.	S1-J012
source_pack_source	SRC-000357	repo	PatchNotes/Altibase_7.1/kor/Altibase_7_1_0_6_0_Patch_Notes.md	patch_note	patch_notes	7.1.0.6.0	Korean authoritative						include_exact	exact_markdown	SHARD-011	BLOCK-000705	pass	KAE-BLOCK-000096;KAE-BLOCK-000275	pending;aligned	primary_working_source_after_alignment	repo_paired_ko_en;hybrid	CONF-000007	candidate_with_open_recheck_guardrail	guarded_candidate_recheck_before_exhaustive_playbook	An aligned or AID-reuse baseline route exists, but open conflict/recheck rows block exhaustive or production-ready downstream claims.	S1-J012
source_pack_source	SRC-000358	repo	PatchNotes/Altibase_7.1/kor/Altibase_7_1_0_6_1_Patch_Notes.md	patch_note	patch_notes	7.1.0.6.1	Korean authoritative						include_exact	exact_markdown	SHARD-011	BLOCK-000707	pass	KAE-BLOCK-000097;KAE-BLOCK-000275	pending;aligned	primary_working_source_after_alignment	repo_paired_ko_en;hybrid	CONF-000007	candidate_with_open_recheck_guardrail	guarded_candidate_recheck_before_exhaustive_playbook	An aligned or AID-reuse baseline route exists, but open conflict/recheck rows block exhaustive or production-ready downstream claims.	S1-J012
source_pack_source	SRC-000359	repo	PatchNotes/Altibase_7.1/kor/Altibase_7_1_0_6_2_Patch_Notes.md	patch_note	patch_notes	7.1.0.6.2	Korean authoritative						include_exact	exact_markdown	SHARD-011	BLOCK-000709	pass	KAE-BLOCK-000098;KAE-BLOCK-000275	pending;aligned	primary_working_source_after_alignment	repo_paired_ko_en;hybrid	CONF-000007	candidate_with_open_recheck_guardrail	guarded_candidate_recheck_before_exhaustive_playbook	An aligned or AID-reuse baseline route exists, but open conflict/recheck rows block exhaustive or production-ready downstream claims.	S1-J012
source_pack_source	SRC-000360	repo	PatchNotes/Altibase_7.1/kor/Altibase_7_1_0_6_3_Patch_Notes.md	patch_note	patch_notes	7.1.0.6.3	Korean authoritative						include_exact	exact_markdown	SHARD-011	BLOCK-000711	pass	KAE-BLOCK-000099;KAE-BLOCK-000275	pending;aligned	primary_working_source_after_alignment	repo_paired_ko_en;hybrid	CONF-000007	candidate_with_open_recheck_guardrail	guarded_candidate_recheck_before_exhaustive_playbook	An aligned or AID-reuse baseline route exists, but open conflict/recheck rows block exhaustive or production-ready downstream claims.	S1-J012
source_pack_source	SRC-000361	repo	PatchNotes/Altibase_7.1/kor/Altibase_7_1_0_6_4_Patch_Notes.md	patch_note	patch_notes	7.1.0.6.4	Korean authoritative						include_exact	exact_markdown	SHARD-011	BLOCK-000713	pass	KAE-BLOCK-000100;KAE-BLOCK-000275	pending;aligned	primary_working_source_after_alignment	repo_paired_ko_en;hybrid	CONF-000007	candidate_with_open_recheck_guardrail	guarded_candidate_recheck_before_exhaustive_playbook	An aligned or AID-reuse baseline route exists, but open conflict/recheck rows block exhaustive or production-ready downstream claims.	S1-J012
source_pack_source	SRC-000362	repo	PatchNotes/Altibase_7.1/kor/Altibase_7_1_0_6_5_Patch_Notes.md	patch_note	patch_notes	7.1.0.6.5	Korean authoritative						include_exact	exact_markdown	SHARD-011	BLOCK-000715	pass	KAE-BLOCK-000101;KAE-BLOCK-000275	pending;aligned	primary_working_source_after_alignment	repo_paired_ko_en;hybrid	CONF-000007	candidate_with_open_recheck_guardrail	guarded_candidate_recheck_before_exhaustive_playbook	An aligned or AID-reuse baseline route exists, but open conflict/recheck rows block exhaustive or production-ready downstream claims.	S1-J012
source_pack_source	SRC-000363	repo	PatchNotes/Altibase_7.1/kor/Altibase_7_1_0_6_6_Patch_Notes.md	patch_note	patch_notes	7.1.0.6.6	Korean authoritative						include_exact	exact_markdown	SHARD-011	BLOCK-000717	pass	KAE-BLOCK-000102;KAE-BLOCK-000275	pending;aligned	primary_working_source_after_alignment	repo_paired_ko_en;hybrid	CONF-000007	candidate_with_open_recheck_guardrail	guarded_candidate_recheck_before_exhaustive_playbook	An aligned or AID-reuse baseline route exists, but open conflict/recheck rows block exhaustive or production-ready downstream claims.	S1-J012
source_pack_source	SRC-000364	repo	PatchNotes/Altibase_7.1/kor/Altibase_7_1_0_6_7_Patch_Notes.md	patch_note	patch_notes	7.1.0.6.7	Korean authoritative						include_exact	exact_markdown	SHARD-011	BLOCK-000719	pass	KAE-BLOCK-000103;KAE-BLOCK-000275	pending;aligned	primary_working_source_after_alignment	repo_paired_ko_en;hybrid	CONF-000007	candidate_with_open_recheck_guardrail	guarded_candidate_recheck_before_exhaustive_playbook	An aligned or AID-reuse baseline route exists, but open conflict/recheck rows block exhaustive or production-ready downstream claims.	S1-J012
source_pack_source	SRC-000365	repo	PatchNotes/Altibase_7.1/kor/Altibase_7_1_0_6_8_Patch_Notes.md	patch_note	patch_notes	7.1.0.6.8	Korean authoritative						include_exact	exact_markdown	SHARD-011	BLOCK-000721	pass	KAE-BLOCK-000104;KAE-BLOCK-000275	pending;aligned	primary_working_source_after_alignment	repo_paired_ko_en;hybrid	CONF-000007	candidate_with_open_recheck_guardrail	guarded_candidate_recheck_before_exhaustive_playbook	An aligned or AID-reuse baseline route exists, but open conflict/recheck rows block exhaustive or production-ready downstream claims.	S1-J012
source_pack_source	SRC-000366	repo	PatchNotes/Altibase_7.1/kor/Altibase_7_1_0_6_9_Patch_Notes.md	patch_note	patch_notes	7.1.0.6.9	Korean authoritative						include_exact	exact_markdown	SHARD-011	BLOCK-000723	pass	KAE-BLOCK-000105;KAE-BLOCK-000275	pending;aligned	primary_working_source_after_alignment	repo_paired_ko_en;hybrid	CONF-000007	candidate_with_open_recheck_guardrail	guarded_candidate_recheck_before_exhaustive_playbook	An aligned or AID-reuse baseline route exists, but open conflict/recheck rows block exhaustive or production-ready downstream claims.	S1-J012
source_pack_source	SRC-000367	repo	PatchNotes/Altibase_7.1/kor/Altibase_7_1_0_7_0_Patch_Notes.md	patch_note	patch_notes	7.1.0.7.0	Korean authoritative						include_exact	exact_markdown	SHARD-011	BLOCK-000725	pass	KAE-BLOCK-000106;KAE-BLOCK-000275	pending;aligned	primary_working_source_after_alignment	repo_paired_ko_en;hybrid	CONF-000007	candidate_with_open_recheck_guardrail	guarded_candidate_recheck_before_exhaustive_playbook	An aligned or AID-reuse baseline route exists, but open conflict/recheck rows block exhaustive or production-ready downstream claims.	S1-J012
source_pack_source	SRC-000368	repo	PatchNotes/Altibase_7.1/kor/Altibase_7_1_0_7_1_Patch_Notes.md	patch_note	patch_notes	7.1.0.7.1	Korean authoritative						include_exact	exact_markdown	SHARD-011	BLOCK-000727	pass	KAE-BLOCK-000107;KAE-BLOCK-000275	pending;aligned	primary_working_source_after_alignment	repo_paired_ko_en;hybrid	CONF-000007	candidate_with_open_recheck_guardrail	guarded_candidate_recheck_before_exhaustive_playbook	An aligned or AID-reuse baseline route exists, but open conflict/recheck rows block exhaustive or production-ready downstream claims.	S1-J012
source_pack_source	SRC-000369	repo	PatchNotes/Altibase_7.1/kor/Altibase_7_1_0_7_2_Patch_Notes.md	patch_note	patch_notes	7.1.0.7.2	Korean authoritative						include_exact	exact_markdown	SHARD-011	BLOCK-000729	pass	KAE-BLOCK-000108;KAE-BLOCK-000275	pending;aligned	primary_working_source_after_alignment	repo_paired_ko_en;hybrid	CONF-000007	candidate_with_open_recheck_guardrail	guarded_candidate_recheck_before_exhaustive_playbook	An aligned or AID-reuse baseline route exists, but open conflict/recheck rows block exhaustive or production-ready downstream claims.	S1-J012
source_pack_source	SRC-000370	repo	PatchNotes/Altibase_7.1/kor/Altibase_7_1_0_7_3_Patch_Notes.md	patch_note	patch_notes	7.1.0.7.3	Korean authoritative						include_exact	exact_markdown	SHARD-011	BLOCK-000731	pass	KAE-BLOCK-000109;KAE-BLOCK-000275	pending;aligned	primary_working_source_after_alignment	repo_paired_ko_en;hybrid	CONF-000007	candidate_with_open_recheck_guardrail	guarded_candidate_recheck_before_exhaustive_playbook	An aligned or AID-reuse baseline route exists, but open conflict/recheck rows block exhaustive or production-ready downstream claims.	S1-J012
source_pack_source	SRC-000371	repo	PatchNotes/Altibase_7.1/kor/Altibase_7_1_0_7_4_Patch_Notes.md	patch_note	patch_notes	7.1.0.7.4	Korean authoritative						include_exact	exact_markdown	SHARD-011	BLOCK-000733	pass	KAE-BLOCK-000110;KAE-BLOCK-000275	pending;aligned	primary_working_source_after_alignment	repo_paired_ko_en;hybrid	CONF-000007	candidate_with_open_recheck_guardrail	guarded_candidate_recheck_before_exhaustive_playbook	An aligned or AID-reuse baseline route exists, but open conflict/recheck rows block exhaustive or production-ready downstream claims.	S1-J012
source_pack_source	SRC-000372	repo	PatchNotes/Altibase_7.1/kor/Altibase_7_1_0_7_5_Patch_Notes.md	patch_note	patch_notes	7.1.0.7.5	Korean authoritative						include_exact	exact_markdown	SHARD-011	BLOCK-000735	pass	KAE-BLOCK-000111;KAE-BLOCK-000275	pending;aligned	primary_working_source_after_alignment	repo_paired_ko_en;hybrid	CONF-000007	candidate_with_open_recheck_guardrail	guarded_candidate_recheck_before_exhaustive_playbook	An aligned or AID-reuse baseline route exists, but open conflict/recheck rows block exhaustive or production-ready downstream claims.	S1-J012
source_pack_source	SRC-000373	repo	PatchNotes/Altibase_7.1/kor/Altibase_7_1_0_7_6_Patch_Notes.md	patch_note	patch_notes	7.1.0.7.6	Korean authoritative						include_exact	exact_markdown	SHARD-011	BLOCK-000737	pass	KAE-BLOCK-000112;KAE-BLOCK-000275	pending;aligned	primary_working_source_after_alignment	repo_paired_ko_en;hybrid	CONF-000007	candidate_with_open_recheck_guardrail	guarded_candidate_recheck_before_exhaustive_playbook	An aligned or AID-reuse baseline route exists, but open conflict/recheck rows block exhaustive or production-ready downstream claims.	S1-J012
source_pack_source	SRC-000374	repo	PatchNotes/Altibase_7.1/kor/Altibase_7_1_0_7_7_Patch_Notes.md	patch_note	patch_notes	7.1.0.7.7	Korean authoritative						include_exact	exact_markdown	SHARD-011	BLOCK-000739	pass	KAE-BLOCK-000113;KAE-BLOCK-000275	pending;aligned	primary_working_source_after_alignment	repo_paired_ko_en;hybrid	CONF-000007	candidate_with_open_recheck_guardrail	guarded_candidate_recheck_before_exhaustive_playbook	An aligned or AID-reuse baseline route exists, but open conflict/recheck rows block exhaustive or production-ready downstream claims.	S1-J012
source_pack_source	SRC-000375	repo	PatchNotes/Altibase_7.1/kor/Altibase_7_1_0_7_8_Patch_Notes.md	patch_note	patch_notes	7.1.0.7.8	Korean authoritative						include_exact	exact_markdown	SHARD-011	BLOCK-000741	pass	KAE-BLOCK-000114;KAE-BLOCK-000275	pending;aligned	primary_working_source_after_alignment	repo_paired_ko_en;hybrid	CONF-000007	candidate_with_open_recheck_guardrail	guarded_candidate_recheck_before_exhaustive_playbook	An aligned or AID-reuse baseline route exists, but open conflict/recheck rows block exhaustive or production-ready downstream claims.	S1-J012
source_pack_source	SRC-000376	repo	PatchNotes/Altibase_7.1/kor/Altibase_7_1_0_7_9_Patch_Notes.md	patch_note	patch_notes	7.1.0.7.9	Korean authoritative						include_exact	exact_markdown	SHARD-011	BLOCK-000743	pass	KAE-BLOCK-000115;KAE-BLOCK-000275	pending;aligned	primary_working_source_after_alignment	repo_paired_ko_en;hybrid	CONF-000007	candidate_with_open_recheck_guardrail	guarded_candidate_recheck_before_exhaustive_playbook	An aligned or AID-reuse baseline route exists, but open conflict/recheck rows block exhaustive or production-ready downstream claims.	S1-J012
source_pack_source	SRC-000377	repo	PatchNotes/Altibase_7.1/kor/Altibase_7_1_0_8_0_Patch_Notes.md	patch_note	patch_notes	7.1.0.8.0	Korean authoritative						include_exact	exact_markdown	SHARD-011	BLOCK-000745	pass	KAE-BLOCK-000116;KAE-BLOCK-000275	pending;aligned	primary_working_source_after_alignment	repo_paired_ko_en;hybrid	CONF-000007	candidate_with_open_recheck_guardrail	guarded_candidate_recheck_before_exhaustive_playbook	An aligned or AID-reuse baseline route exists, but open conflict/recheck rows block exhaustive or production-ready downstream claims.	S1-J012
source_pack_source	SRC-000378	repo	PatchNotes/Altibase_7.1/kor/Altibase_7_1_0_8_1_Patch_Notes.md	patch_note	patch_notes	7.1.0.8.1	Korean authoritative						include_exact	exact_markdown	SHARD-011	BLOCK-000747	pass	KAE-BLOCK-000117;KAE-BLOCK-000275	pending;aligned	primary_working_source_after_alignment	repo_paired_ko_en;hybrid	CONF-000007	candidate_with_open_recheck_guardrail	guarded_candidate_recheck_before_exhaustive_playbook	An aligned or AID-reuse baseline route exists, but open conflict/recheck rows block exhaustive or production-ready downstream claims.	S1-J012
source_pack_source	SRC-000379	repo	PatchNotes/Altibase_7.1/kor/Altibase_7_1_0_8_2_Patch_Notes.md	patch_note	patch_notes	7.1.0.8.2	Korean authoritative						include_exact	exact_markdown	SHARD-011	BLOCK-000749	pass	KAE-BLOCK-000118;KAE-BLOCK-000275	pending;aligned	primary_working_source_after_alignment	repo_paired_ko_en;hybrid	CONF-000007	candidate_with_open_recheck_guardrail	guarded_candidate_recheck_before_exhaustive_playbook	An aligned or AID-reuse baseline route exists, but open conflict/recheck rows block exhaustive or production-ready downstream claims.	S1-J012
source_pack_source	SRC-000380	repo	PatchNotes/Altibase_7.1/kor/Altibase_7_1_0_8_3_Patch_Notes.md	patch_note	patch_notes	7.1.0.8.3	Korean authoritative						include_exact	exact_markdown	SHARD-011	BLOCK-000751	pass	KAE-BLOCK-000119;KAE-BLOCK-000275	pending;aligned	primary_working_source_after_alignment	repo_paired_ko_en;hybrid	CONF-000007	candidate_with_open_recheck_guardrail	guarded_candidate_recheck_before_exhaustive_playbook	An aligned or AID-reuse baseline route exists, but open conflict/recheck rows block exhaustive or production-ready downstream claims.	S1-J012
source_pack_source	SRC-000381	repo	PatchNotes/Altibase_7.1/kor/Altibase_7_1_0_8_4_Patch_Notes.md	patch_note	patch_notes	7.1.0.8.4	Korean authoritative						include_exact	exact_markdown	SHARD-011	BLOCK-000753	pass	KAE-BLOCK-000120;KAE-BLOCK-000275	pending;aligned	primary_working_source_after_alignment	repo_paired_ko_en;hybrid	CONF-000007	candidate_with_open_recheck_guardrail	guarded_candidate_recheck_before_exhaustive_playbook	An aligned or AID-reuse baseline route exists, but open conflict/recheck rows block exhaustive or production-ready downstream claims.	S1-J012
source_pack_source	SRC-000382	repo	PatchNotes/Altibase_7.1/kor/Altibase_7_1_0_8_5_Patch_Notes.md	patch_note	patch_notes	7.1.0.8.5	Korean authoritative						include_exact	exact_markdown	SHARD-011	BLOCK-000755	pass	KAE-BLOCK-000121;KAE-BLOCK-000275	pending;aligned	primary_working_source_after_alignment	repo_paired_ko_en;hybrid	CONF-000007	candidate_with_open_recheck_guardrail	guarded_candidate_recheck_before_exhaustive_playbook	An aligned or AID-reuse baseline route exists, but open conflict/recheck rows block exhaustive or production-ready downstream claims.	S1-J012
source_pack_source	SRC-000383	repo	PatchNotes/Altibase_7.1/kor/Altibase_7_1_0_8_6_Patch_Notes.md	patch_note	patch_notes	7.1.0.8.6	Korean authoritative						include_exact	exact_markdown	SHARD-011	BLOCK-000757	pass	KAE-BLOCK-000122;KAE-BLOCK-000275	pending;aligned	primary_working_source_after_alignment	repo_paired_ko_en;hybrid	CONF-000007	candidate_with_open_recheck_guardrail	guarded_candidate_recheck_before_exhaustive_playbook	An aligned or AID-reuse baseline route exists, but open conflict/recheck rows block exhaustive or production-ready downstream claims.	S1-J012
source_pack_source	SRC-000384	repo	PatchNotes/Altibase_7.1/kor/Altibase_7_1_0_8_7_Patch_Notes.md	patch_note	patch_notes	7.1.0.8.7	Korean authoritative						include_exact	exact_markdown	SHARD-011	BLOCK-000759	pass	KAE-BLOCK-000123;KAE-BLOCK-000275	pending;aligned	primary_working_source_after_alignment	repo_paired_ko_en;hybrid	CONF-000007	candidate_with_open_recheck_guardrail	guarded_candidate_recheck_before_exhaustive_playbook	An aligned or AID-reuse baseline route exists, but open conflict/recheck rows block exhaustive or production-ready downstream claims.	S1-J012
source_pack_source	SRC-000385	repo	PatchNotes/Altibase_7.1/kor/Altibase_7_1_0_8_8_Patch_Notes.md	patch_note	patch_notes	7.1.0.8.8	Korean authoritative						include_exact	exact_markdown	SHARD-011	BLOCK-000761	pass	KAE-BLOCK-000124;KAE-BLOCK-000275	pending;aligned	primary_working_source_after_alignment	repo_paired_ko_en;hybrid	CONF-000007	candidate_with_open_recheck_guardrail	guarded_candidate_recheck_before_exhaustive_playbook	An aligned or AID-reuse baseline route exists, but open conflict/recheck rows block exhaustive or production-ready downstream claims.	S1-J012
source_pack_source	SRC-000386	repo	PatchNotes/Altibase_7.1/kor/Altibase_7_1_0_8_9_Patch_Notes.md	patch_note	patch_notes	7.1.0.8.9	Korean authoritative						include_exact	exact_markdown	SHARD-011	BLOCK-000763	pass	KAE-BLOCK-000125;KAE-BLOCK-000275	pending;aligned	primary_working_source_after_alignment	repo_paired_ko_en;hybrid	CONF-000007	candidate_with_open_recheck_guardrail	guarded_candidate_recheck_before_exhaustive_playbook	An aligned or AID-reuse baseline route exists, but open conflict/recheck rows block exhaustive or production-ready downstream claims.	S1-J012
source_pack_source	SRC-000387	repo	PatchNotes/Altibase_7.1/kor/Altibase_7_1_0_9_0_Patch_Notes.md	patch_note	patch_notes	7.1.0.9.0	Korean authoritative						include_exact	exact_markdown	SHARD-011	BLOCK-000765	pass	KAE-BLOCK-000126;KAE-BLOCK-000275	pending;aligned	primary_working_source_after_alignment	repo_paired_ko_en;hybrid	CONF-000007	candidate_with_open_recheck_guardrail	guarded_candidate_recheck_before_exhaustive_playbook	An aligned or AID-reuse baseline route exists, but open conflict/recheck rows block exhaustive or production-ready downstream claims.	S1-J012
source_pack_source	SRC-000388	repo	PatchNotes/Altibase_7.1/kor/Altibase_7_1_0_9_1_Patch_Notes.md	patch_note	patch_notes	7.1.0.9.1	Korean authoritative						include_exact	exact_markdown	SHARD-011	BLOCK-000767	pass	KAE-BLOCK-000127;KAE-BLOCK-000275	pending;aligned	primary_working_source_after_alignment	repo_paired_ko_en;hybrid	CONF-000007	candidate_with_open_recheck_guardrail	guarded_candidate_recheck_before_exhaustive_playbook	An aligned or AID-reuse baseline route exists, but open conflict/recheck rows block exhaustive or production-ready downstream claims.	S1-J012
source_pack_source	SRC-000389	repo	PatchNotes/Altibase_7.1/kor/Altibase_7_1_0_9_2_Patch_Notes.md	patch_note	patch_notes	7.1.0.9.2	Korean authoritative						include_exact	exact_markdown	SHARD-011	BLOCK-000769	pass	KAE-BLOCK-000128;KAE-BLOCK-000275	pending;aligned	primary_working_source_after_alignment	repo_paired_ko_en;hybrid	CONF-000007	candidate_with_open_recheck_guardrail	guarded_candidate_recheck_before_exhaustive_playbook	An aligned or AID-reuse baseline route exists, but open conflict/recheck rows block exhaustive or production-ready downstream claims.	S1-J012
source_pack_source	SRC-000390	repo	PatchNotes/Altibase_7.1/kor/Altibase_7_1_0_9_3_Patch_Notes.md	patch_note	patch_notes	7.1.0.9.3	Korean authoritative						include_exact	exact_markdown	SHARD-011	BLOCK-000771	pass	KAE-BLOCK-000129;KAE-BLOCK-000275	pending;aligned	primary_working_source_after_alignment	repo_paired_ko_en;hybrid	CONF-000007	candidate_with_open_recheck_guardrail	guarded_candidate_recheck_before_exhaustive_playbook	An aligned or AID-reuse baseline route exists, but open conflict/recheck rows block exhaustive or production-ready downstream claims.	S1-J012
source_pack_source	SRC-000391	repo	PatchNotes/Altibase_7.1/kor/Altibase_7_1_0_9_4_Patch_Notes.md	patch_note	patch_notes	7.1.0.9.4	Korean authoritative						include_exact	exact_markdown	SHARD-011	BLOCK-000773	pass	KAE-BLOCK-000130;KAE-BLOCK-000275	pending;aligned	primary_working_source_after_alignment	repo_paired_ko_en;hybrid	CONF-000007	candidate_with_open_recheck_guardrail	guarded_candidate_recheck_before_exhaustive_playbook	An aligned or AID-reuse baseline route exists, but open conflict/recheck rows block exhaustive or production-ready downstream claims.	S1-J012
source_pack_source	SRC-000392	repo	PatchNotes/Altibase_7.1/kor/Altibase_7_1_0_9_5_Patch_Notes.md	patch_note	patch_notes	7.1.0.9.5	Korean authoritative						include_exact	exact_markdown	SHARD-011	BLOCK-000775	pass	KAE-BLOCK-000131;KAE-BLOCK-000275	pending;aligned	primary_working_source_after_alignment	repo_paired_ko_en;hybrid	CONF-000007	candidate_with_open_recheck_guardrail	guarded_candidate_recheck_before_exhaustive_playbook	An aligned or AID-reuse baseline route exists, but open conflict/recheck rows block exhaustive or production-ready downstream claims.	S1-J012
source_pack_source	SRC-000393	repo	PatchNotes/Altibase_7.1/kor/Altibase_7_1_0_9_6_Patch_Notes.md	patch_note	patch_notes	7.1.0.9.6	Korean authoritative						include_exact	exact_markdown	SHARD-011	BLOCK-000777	pass	KAE-BLOCK-000132;KAE-BLOCK-000275	pending;aligned	primary_working_source_after_alignment	repo_paired_ko_en;hybrid	CONF-000007	candidate_with_open_recheck_guardrail	guarded_candidate_recheck_before_exhaustive_playbook	An aligned or AID-reuse baseline route exists, but open conflict/recheck rows block exhaustive or production-ready downstream claims.	S1-J012
source_pack_source	SRC-000394	repo	PatchNotes/Altibase_7.1/kor/Altibase_7_1_0_9_7_Patch_Notes.md	patch_note	patch_notes	7.1.0.9.7	Korean authoritative						include_exact	exact_markdown	SHARD-011	BLOCK-000779	pass	KAE-BLOCK-000133;KAE-BLOCK-000275	pending;aligned	primary_working_source_after_alignment	repo_paired_ko_en;hybrid	CONF-000007	candidate_with_open_recheck_guardrail	guarded_candidate_recheck_before_exhaustive_playbook	An aligned or AID-reuse baseline route exists, but open conflict/recheck rows block exhaustive or production-ready downstream claims.	S1-J012
source_pack_source	SRC-000395	repo	PatchNotes/Altibase_7.1/kor/Altibase_7_1_0_9_8_Patch_Notes.md	patch_note	patch_notes	7.1.0.9.8	Korean authoritative						include_exact	exact_markdown	SHARD-011	BLOCK-000781	pass	KAE-BLOCK-000134;KAE-BLOCK-000275	pending;aligned	primary_working_source_after_alignment	repo_paired_ko_en;hybrid	CONF-000007	candidate_with_open_recheck_guardrail	guarded_candidate_recheck_before_exhaustive_playbook	An aligned or AID-reuse baseline route exists, but open conflict/recheck rows block exhaustive or production-ready downstream claims.	S1-J012
source_pack_source	SRC-000396	repo	PatchNotes/Altibase_7.1/kor/Altibase_7_1_0_9_9_Patch_Notes.md	patch_note	patch_notes	7.1.0.9.9	Korean authoritative						include_exact	exact_markdown	SHARD-011	BLOCK-000783	pass	KAE-BLOCK-000135;KAE-BLOCK-000275	pending;aligned	primary_working_source_after_alignment	repo_paired_ko_en;hybrid	CONF-000007	candidate_with_open_recheck_guardrail	guarded_candidate_recheck_before_exhaustive_playbook	An aligned or AID-reuse baseline route exists, but open conflict/recheck rows block exhaustive or production-ready downstream claims.	S1-J012
source_pack_source	SRC-000397	repo	PatchNotes/Altibase_7.3/Altibase_7_3_Version_Histories.md	patch_note	patch_notes	7.3	Repository source evidence						include_exact	exact_markdown	SHARD-011	BLOCK-000784	pass	KAE-BLOCK-000157;KAE-BLOCK-000275	excluded;aligned	source_pack_only_not_korean_aligned;primary_working_source_after_alignment	repo_no_language_tree;hybrid	CONF-000007	candidate_with_open_recheck_guardrail	guarded_candidate_recheck_before_exhaustive_playbook	An aligned or AID-reuse baseline route exists, but open conflict/recheck rows block exhaustive or production-ready downstream claims.	S1-J012
source_pack_source	SRC-000398	repo	PatchNotes/Altibase_7.3/README.md	patch_note	patch_notes	7.3	Repository source evidence						include_exact	exact_markdown	SHARD-011	BLOCK-000785	pass	KAE-BLOCK-000158;KAE-BLOCK-000275	excluded;aligned	source_pack_only_not_korean_aligned;primary_working_source_after_alignment	repo_no_language_tree;hybrid	CONF-000007	candidate_with_open_recheck_guardrail	guarded_candidate_recheck_before_exhaustive_playbook	An aligned or AID-reuse baseline route exists, but open conflict/recheck rows block exhaustive or production-ready downstream claims.	S1-J012
source_pack_source	SRC-000399	repo	PatchNotes/Altibase_7.3/eng/Altibase_7_3_0_1_3_Patch_Notes.md	patch_note	patch_notes	7.3.0.1.3	English extraction aid						include_exact	exact_markdown	SHARD-012	BLOCK-000798	pass	KAE-BLOCK-000183;KAE-BLOCK-000275	pending;aligned	primary_working_source_after_alignment	repo_paired_ko_en;hybrid	CONF-000007	candidate_with_open_recheck_guardrail	guarded_candidate_recheck_before_exhaustive_playbook	An aligned or AID-reuse baseline route exists, but open conflict/recheck rows block exhaustive or production-ready downstream claims.	S1-J012
source_pack_source	SRC-000400	repo	PatchNotes/Altibase_7.3/eng/Altibase_7_3_0_1_7_Patch_Notes.md	patch_note	patch_notes	7.3.0.1.7	English extraction aid						include_exact	exact_markdown	SHARD-012	BLOCK-000803	pass	KAE-BLOCK-000187;KAE-BLOCK-000275	pending;aligned	primary_working_source_after_alignment	repo_paired_ko_en;hybrid	CONF-000007	candidate_with_open_recheck_guardrail	guarded_candidate_recheck_before_exhaustive_playbook	An aligned or AID-reuse baseline route exists, but open conflict/recheck rows block exhaustive or production-ready downstream claims.	S1-J012
source_pack_source	SRC-000401	repo	PatchNotes/Altibase_7.3/eng/Altibase_7_3_0_1_8_Patch_Notes.md	patch_note	patch_notes	7.3.0.1.8	English extraction aid						include_exact	exact_markdown	SHARD-012	BLOCK-000805	pass	KAE-BLOCK-000188;KAE-BLOCK-000275	pending;aligned	primary_working_source_after_alignment	repo_paired_ko_en;hybrid	CONF-000007	candidate_with_open_recheck_guardrail	guarded_candidate_recheck_before_exhaustive_playbook	An aligned or AID-reuse baseline route exists, but open conflict/recheck rows block exhaustive or production-ready downstream claims.	S1-J012
source_pack_source	SRC-000402	repo	PatchNotes/Altibase_7.3/eng/Altibase_7_3_0_1_9_Patch_Notes.md	patch_note	patch_notes	7.3.0.1.9	English extraction aid						include_exact	exact_markdown	SHARD-012	BLOCK-000807	pass	KAE-BLOCK-000189;KAE-BLOCK-000275	pending;aligned	primary_working_source_after_alignment	repo_paired_ko_en;hybrid	CONF-000007	candidate_with_open_recheck_guardrail	guarded_candidate_recheck_before_exhaustive_playbook	An aligned or AID-reuse baseline route exists, but open conflict/recheck rows block exhaustive or production-ready downstream claims.	S1-J012
source_pack_source	SRC-000403	repo	PatchNotes/Altibase_7.3/eng/Altibase_7_3_0_2_0_Patch_Notes.md	patch_note	patch_notes	7.3.0.2.0	English extraction aid						include_exact	exact_markdown	SHARD-012	BLOCK-000809	pass	KAE-BLOCK-000190;KAE-BLOCK-000275	pending;aligned	primary_working_source_after_alignment	repo_paired_ko_en;hybrid	CONF-000007	candidate_with_open_recheck_guardrail	guarded_candidate_recheck_before_exhaustive_playbook	An aligned or AID-reuse baseline route exists, but open conflict/recheck rows block exhaustive or production-ready downstream claims.	S1-J012
source_pack_source	SRC-000404	repo	PatchNotes/Altibase_7.3/eng/README.md	patch_note	patch_notes	7.3	English extraction aid						include_exact	exact_markdown	SHARD-011	BLOCK-000786	pass	KAE-BLOCK-000159;KAE-BLOCK-000275	excluded;aligned	blocked_until_korean_authority_or_auxiliary_label;primary_working_source_after_alignment	repo_en_only;hybrid	CONF-000007	candidate_with_open_recheck_guardrail	guarded_candidate_recheck_before_exhaustive_playbook	An aligned or AID-reuse baseline route exists, but open conflict/recheck rows block exhaustive or production-ready downstream claims.	S1-J012
source_pack_source	SRC-000405	repo	PatchNotes/Altibase_7.3/kor/Altibase_7_3_0_0_2_Patch_Notes.md	patch_note	patch_notes	7.3.0.0.2	Korean authoritative						include_exact	exact_markdown	SHARD-011	BLOCK-000787	pass	KAE-BLOCK-000172;KAE-BLOCK-000275	pending;aligned	translation_candidate_after_alignment;primary_working_source_after_alignment	repo_ko_only;hybrid	CONF-000007	candidate_with_open_recheck_guardrail	guarded_candidate_recheck_before_exhaustive_playbook	An aligned or AID-reuse baseline route exists, but open conflict/recheck rows block exhaustive or production-ready downstream claims.	S1-J012
source_pack_source	SRC-000406	repo	PatchNotes/Altibase_7.3/kor/Altibase_7_3_0_0_3_Patch_Notes.md	patch_note	patch_notes	7.3.0.0.3	Korean authoritative						include_exact	exact_markdown	SHARD-011	BLOCK-000788	pass	KAE-BLOCK-000173;KAE-BLOCK-000275	pending;aligned	translation_candidate_after_alignment;primary_working_source_after_alignment	repo_ko_only;hybrid	CONF-000007	candidate_with_open_recheck_guardrail	guarded_candidate_recheck_before_exhaustive_playbook	An aligned or AID-reuse baseline route exists, but open conflict/recheck rows block exhaustive or production-ready downstream claims.	S1-J012
source_pack_source	SRC-000407	repo	PatchNotes/Altibase_7.3/kor/Altibase_7_3_0_0_4_Patch_Notes.md	patch_note	patch_notes	7.3.0.0.4	Korean authoritative						include_exact	exact_markdown	SHARD-011	BLOCK-000789	pass	KAE-BLOCK-000174;KAE-BLOCK-000275	pending;aligned	translation_candidate_after_alignment;primary_working_source_after_alignment	repo_ko_only;hybrid	CONF-000007	candidate_with_open_recheck_guardrail	guarded_candidate_recheck_before_exhaustive_playbook	An aligned or AID-reuse baseline route exists, but open conflict/recheck rows block exhaustive or production-ready downstream claims.	S1-J012
source_pack_source	SRC-000408	repo	PatchNotes/Altibase_7.3/kor/Altibase_7_3_0_0_5_Patch_Notes.md	patch_note	patch_notes	7.3.0.0.5	Korean authoritative						include_exact	exact_markdown	SHARD-011	BLOCK-000790	pass	KAE-BLOCK-000175;KAE-BLOCK-000275	pending;aligned	translation_candidate_after_alignment;primary_working_source_after_alignment	repo_ko_only;hybrid	CONF-000007	candidate_with_open_recheck_guardrail	guarded_candidate_recheck_before_exhaustive_playbook	An aligned or AID-reuse baseline route exists, but open conflict/recheck rows block exhaustive or production-ready downstream claims.	S1-J012
source_pack_source	SRC-000409	repo	PatchNotes/Altibase_7.3/kor/Altibase_7_3_0_0_6_Patch_Notes.md	patch_note	patch_notes	7.3.0.0.6	Korean authoritative						include_exact	exact_markdown	SHARD-011	BLOCK-000791	pass	KAE-BLOCK-000176;KAE-BLOCK-000275	pending;aligned	translation_candidate_after_alignment;primary_working_source_after_alignment	repo_ko_only;hybrid	CONF-000007	candidate_with_open_recheck_guardrail	guarded_candidate_recheck_before_exhaustive_playbook	An aligned or AID-reuse baseline route exists, but open conflict/recheck rows block exhaustive or production-ready downstream claims.	S1-J012
source_pack_source	SRC-000410	repo	PatchNotes/Altibase_7.3/kor/Altibase_7_3_0_0_7_Patch_Notes.md	patch_note	patch_notes	7.3.0.0.7	Korean authoritative						include_exact	exact_markdown	SHARD-011	BLOCK-000792	pass	KAE-BLOCK-000177;KAE-BLOCK-000275	pending;aligned	translation_candidate_after_alignment;primary_working_source_after_alignment	repo_ko_only;hybrid	CONF-000007	candidate_with_open_recheck_guardrail	guarded_candidate_recheck_before_exhaustive_playbook	An aligned or AID-reuse baseline route exists, but open conflict/recheck rows block exhaustive or production-ready downstream claims.	S1-J012
source_pack_source	SRC-000411	repo	PatchNotes/Altibase_7.3/kor/Altibase_7_3_0_0_8_Patch_Notes.md	patch_note	patch_notes	7.3.0.0.8	Korean authoritative						include_exact	exact_markdown	SHARD-012	BLOCK-000793	pass	KAE-BLOCK-000178;KAE-BLOCK-000275	pending;aligned	translation_candidate_after_alignment;primary_working_source_after_alignment	repo_ko_only;hybrid	CONF-000007	candidate_with_open_recheck_guardrail	guarded_candidate_recheck_before_exhaustive_playbook	An aligned or AID-reuse baseline route exists, but open conflict/recheck rows block exhaustive or production-ready downstream claims.	S1-J012
source_pack_source	SRC-000412	repo	PatchNotes/Altibase_7.3/kor/Altibase_7_3_0_0_9_Patch_Notes.md	patch_note	patch_notes	7.3.0.0.9	Korean authoritative						include_exact	exact_markdown	SHARD-012	BLOCK-000794	pass	KAE-BLOCK-000179;KAE-BLOCK-000275	pending;aligned	translation_candidate_after_alignment;primary_working_source_after_alignment	repo_ko_only;hybrid	CONF-000007	candidate_with_open_recheck_guardrail	guarded_candidate_recheck_before_exhaustive_playbook	An aligned or AID-reuse baseline route exists, but open conflict/recheck rows block exhaustive or production-ready downstream claims.	S1-J012
source_pack_source	SRC-000413	repo	PatchNotes/Altibase_7.3/kor/Altibase_7_3_0_1_0_Patch_Notes.md	patch_note	patch_notes	7.3.0.1.0	Korean authoritative						include_exact	exact_markdown	SHARD-012	BLOCK-000795	pass	KAE-BLOCK-000180;KAE-BLOCK-000275	pending;aligned	translation_candidate_after_alignment;primary_working_source_after_alignment	repo_ko_only;hybrid	CONF-000007	candidate_with_open_recheck_guardrail	guarded_candidate_recheck_before_exhaustive_playbook	An aligned or AID-reuse baseline route exists, but open conflict/recheck rows block exhaustive or production-ready downstream claims.	S1-J012
source_pack_source	SRC-000414	repo	PatchNotes/Altibase_7.3/kor/Altibase_7_3_0_1_1_Patch_Notes.md	patch_note	patch_notes	7.3.0.1.1	Korean authoritative						include_exact	exact_markdown	SHARD-012	BLOCK-000796	pass	KAE-BLOCK-000181;KAE-BLOCK-000275	pending;aligned	translation_candidate_after_alignment;primary_working_source_after_alignment	repo_ko_only;hybrid	CONF-000007	candidate_with_open_recheck_guardrail	guarded_candidate_recheck_before_exhaustive_playbook	An aligned or AID-reuse baseline route exists, but open conflict/recheck rows block exhaustive or production-ready downstream claims.	S1-J012
source_pack_source	SRC-000415	repo	PatchNotes/Altibase_7.3/kor/Altibase_7_3_0_1_2_Patch_Notes.md	patch_note	patch_notes	7.3.0.1.2	Korean authoritative						include_exact	exact_markdown	SHARD-012	BLOCK-000797	pass	KAE-BLOCK-000182;KAE-BLOCK-000275	pending;aligned	translation_candidate_after_alignment;primary_working_source_after_alignment	repo_ko_only;hybrid	CONF-000007	candidate_with_open_recheck_guardrail	guarded_candidate_recheck_before_exhaustive_playbook	An aligned or AID-reuse baseline route exists, but open conflict/recheck rows block exhaustive or production-ready downstream claims.	S1-J012
source_pack_source	SRC-000416	repo	PatchNotes/Altibase_7.3/kor/Altibase_7_3_0_1_3_Patch_Notes.md	patch_note	patch_notes	7.3.0.1.3	Korean authoritative						include_exact	exact_markdown	SHARD-012	BLOCK-000799	pass	KAE-BLOCK-000183;KAE-BLOCK-000275	pending;aligned	primary_working_source_after_alignment	repo_paired_ko_en;hybrid	CONF-000007	candidate_with_open_recheck_guardrail	guarded_candidate_recheck_before_exhaustive_playbook	An aligned or AID-reuse baseline route exists, but open conflict/recheck rows block exhaustive or production-ready downstream claims.	S1-J012
source_pack_source	SRC-000417	repo	PatchNotes/Altibase_7.3/kor/Altibase_7_3_0_1_4_Patch_Notes.md	patch_note	patch_notes	7.3.0.1.4	Korean authoritative						include_exact	exact_markdown	SHARD-012	BLOCK-000800	pass	KAE-BLOCK-000184;KAE-BLOCK-000275	pending;aligned	translation_candidate_after_alignment;primary_working_source_after_alignment	repo_ko_only;hybrid	CONF-000007	candidate_with_open_recheck_guardrail	guarded_candidate_recheck_before_exhaustive_playbook	An aligned or AID-reuse baseline route exists, but open conflict/recheck rows block exhaustive or production-ready downstream claims.	S1-J012
source_pack_source	SRC-000418	repo	PatchNotes/Altibase_7.3/kor/Altibase_7_3_0_1_5_Patch_Notes.md	patch_note	patch_notes	7.3.0.1.5	Korean authoritative						include_exact	exact_markdown	SHARD-012	BLOCK-000801	pass	KAE-BLOCK-000185;KAE-BLOCK-000275	pending;aligned	translation_candidate_after_alignment;primary_working_source_after_alignment	repo_ko_only;hybrid	CONF-000007	candidate_with_open_recheck_guardrail	guarded_candidate_recheck_before_exhaustive_playbook	An aligned or AID-reuse baseline route exists, but open conflict/recheck rows block exhaustive or production-ready downstream claims.	S1-J012
source_pack_source	SRC-000419	repo	PatchNotes/Altibase_7.3/kor/Altibase_7_3_0_1_6_Patch_Notes.md	patch_note	patch_notes	7.3.0.1.6	Korean authoritative						include_exact	exact_markdown	SHARD-012	BLOCK-000802	pass	KAE-BLOCK-000186;KAE-BLOCK-000275	pending;aligned	translation_candidate_after_alignment;primary_working_source_after_alignment	repo_ko_only;hybrid	CONF-000007	candidate_with_open_recheck_guardrail	guarded_candidate_recheck_before_exhaustive_playbook	An aligned or AID-reuse baseline route exists, but open conflict/recheck rows block exhaustive or production-ready downstream claims.	S1-J012
source_pack_source	SRC-000420	repo	PatchNotes/Altibase_7.3/kor/Altibase_7_3_0_1_7_Patch_Notes.md	patch_note	patch_notes	7.3.0.1.7	Korean authoritative						include_exact	exact_markdown	SHARD-012	BLOCK-000804	pass	KAE-BLOCK-000187;KAE-BLOCK-000275	pending;aligned	primary_working_source_after_alignment	repo_paired_ko_en;hybrid	CONF-000007	candidate_with_open_recheck_guardrail	guarded_candidate_recheck_before_exhaustive_playbook	An aligned or AID-reuse baseline route exists, but open conflict/recheck rows block exhaustive or production-ready downstream claims.	S1-J012
source_pack_source	SRC-000421	repo	PatchNotes/Altibase_7.3/kor/Altibase_7_3_0_1_8_Patch_Notes.md	patch_note	patch_notes	7.3.0.1.8	Korean authoritative						include_exact	exact_markdown	SHARD-012	BLOCK-000806	pass	KAE-BLOCK-000188;KAE-BLOCK-000275	pending;aligned	primary_working_source_after_alignment	repo_paired_ko_en;hybrid	CONF-000007	candidate_with_open_recheck_guardrail	guarded_candidate_recheck_before_exhaustive_playbook	An aligned or AID-reuse baseline route exists, but open conflict/recheck rows block exhaustive or production-ready downstream claims.	S1-J012
source_pack_source	SRC-000422	repo	PatchNotes/Altibase_7.3/kor/Altibase_7_3_0_1_9_Patch_Notes.md	patch_note	patch_notes	7.3.0.1.9	Korean authoritative						include_exact	exact_markdown	SHARD-012	BLOCK-000808	pass	KAE-BLOCK-000189;KAE-BLOCK-000275	pending;aligned	primary_working_source_after_alignment	repo_paired_ko_en;hybrid	CONF-000007	candidate_with_open_recheck_guardrail	guarded_candidate_recheck_before_exhaustive_playbook	An aligned or AID-reuse baseline route exists, but open conflict/recheck rows block exhaustive or production-ready downstream claims.	S1-J012
source_pack_source	SRC-000423	repo	PatchNotes/Altibase_7.3/kor/Altibase_7_3_0_2_0_Patch_Notes.md	patch_note	patch_notes	7.3.0.2.0	Korean authoritative						include_exact	exact_markdown	SHARD-012	BLOCK-000810	pass	KAE-BLOCK-000190;KAE-BLOCK-000275	pending;aligned	primary_working_source_after_alignment	repo_paired_ko_en;hybrid	CONF-000007	candidate_with_open_recheck_guardrail	guarded_candidate_recheck_before_exhaustive_playbook	An aligned or AID-reuse baseline route exists, but open conflict/recheck rows block exhaustive or production-ready downstream claims.	S1-J012
source_pack_source	SRC-000424	repo	ReleaseNotes/Altibase 7.1/README.md	release_note	release_notes_platform	7.1	Repository source evidence						include_exact	exact_markdown	SHARD-012	BLOCK-000819	pass	KAE-BLOCK-000028;KAE-BLOCK-000275	excluded;aligned	source_pack_only_not_korean_aligned;primary_working_source_after_alignment	repo_no_language_tree;hybrid		candidate_ready_for_stage2_routing	ready_for_guarded_playbook_drafting		S1-J012
source_pack_source	SRC-000425	repo	ReleaseNotes/Altibase 7.3/README.md	release_note	release_notes_platform	7.3	Repository source evidence						include_exact	exact_markdown	SHARD-012	BLOCK-000822	pass	KAE-BLOCK-000161;KAE-BLOCK-000275	excluded;aligned	source_pack_only_not_korean_aligned;primary_working_source_after_alignment	repo_no_language_tree;hybrid		candidate_ready_for_stage2_routing	ready_for_guarded_playbook_drafting		S1-J012
source_pack_source	SRC-000426	repo	ReleaseNotes/Altibase 8.1/README.md	release_note	release_notes_platform	8.1_verified	Altibase 8.1 verified source index						include_exact	exact_markdown	SHARD-012	BLOCK-000827	pass	KAE-BLOCK-000215;KAE-BLOCK-000275	excluded;aligned	source_pack_only_not_korean_aligned;primary_working_source_after_alignment	repo_no_language_tree;hybrid		candidate_ready_for_stage2_routing	ready_for_guarded_playbook_drafting		S1-J012
source_pack_source	SRC-000427	repo	ReleaseNotes/eng/Altibase_7_1_0_1_2_Release_Notes.md	release_note	release_notes_platform	7.1.0.1.2	English extraction aid						include_exact	exact_markdown	SHARD-012	BLOCK-000820	pass	KAE-BLOCK-000039;KAE-BLOCK-000274;KAE-BLOCK-000275	pending;aligned	primary_working_source_after_alignment	repo_paired_ko_en;hybrid		candidate_ready_for_stage2_routing	ready_for_guarded_playbook_drafting		S1-J012
source_pack_source	SRC-000428	repo	ReleaseNotes/eng/Altibase_7_3_0_0_1_Release_Notes.md	release_note	release_notes_platform	7.3.0.0.1	English extraction aid						include_exact	exact_markdown	SHARD-012	BLOCK-000823	pass	KAE-BLOCK-000171;KAE-BLOCK-000274;KAE-BLOCK-000275	pending;aligned	primary_working_source_after_alignment	repo_paired_ko_en;hybrid		candidate_ready_for_stage2_routing	ready_for_guarded_playbook_drafting		S1-J012
source_pack_source	SRC-000429	repo	ReleaseNotes/eng/Altibase_8_1_0_0_1_Release_Notes.md	release_note	release_notes_platform	8.1.0.0.1	English extraction aid; Altibase 8.1 verified source						include_exact	exact_markdown	SHARD-012	BLOCK-000825	pass	KAE-BLOCK-000253;KAE-BLOCK-000274;KAE-BLOCK-000275	pending;aligned	primary_working_source_after_alignment	repo_paired_ko_en;hybrid	CONF-000006	candidate_with_open_recheck_guardrail	guarded_candidate_recheck_before_exhaustive_playbook	An aligned or AID-reuse baseline route exists, but open conflict/recheck rows block exhaustive or production-ready downstream claims.	S1-J012
source_pack_source	SRC-000430	repo	ReleaseNotes/eng/Altibase_Migration_Center_7_10_Release_Notes.md	release_note	migration_oracle	Migration Center 7.10	English extraction aid						include_exact	exact_markdown	SHARD-010	BLOCK-000577	pass	KAE-BLOCK-000254;KAE-BLOCK-000274;KAE-BLOCK-000275	pending;aligned	primary_working_source_after_alignment	repo_paired_ko_en;hybrid		candidate_ready_for_stage2_routing	ready_for_guarded_playbook_drafting		S1-J012
source_pack_source	SRC-000431	repo	ReleaseNotes/eng/Altibase_Migration_Center_7_11_Release_Notes.md	release_note	migration_oracle	Migration Center 7.11	English extraction aid						include_exact	exact_markdown	SHARD-010	BLOCK-000579	pass	KAE-BLOCK-000255;KAE-BLOCK-000274;KAE-BLOCK-000275	pending;aligned	primary_working_source_after_alignment	repo_paired_ko_en;hybrid		candidate_ready_for_stage2_routing	ready_for_guarded_playbook_drafting		S1-J012
source_pack_source	SRC-000432	repo	ReleaseNotes/eng/Altibase_Migration_Center_7_12_Release_Notes.md	release_note	migration_oracle	Migration Center 7.12	English extraction aid						include_exact	exact_markdown	SHARD-010	BLOCK-000581	pass	KAE-BLOCK-000256;KAE-BLOCK-000274;KAE-BLOCK-000275	pending;aligned	primary_working_source_after_alignment	repo_paired_ko_en;hybrid		candidate_ready_for_stage2_routing	ready_for_guarded_playbook_drafting		S1-J012
source_pack_source	SRC-000433	repo	ReleaseNotes/eng/Altibase_Migration_Center_7_13_Release_Notes.md	release_note	migration_oracle	Migration Center 7.13	English extraction aid						include_exact	exact_markdown	SHARD-010	BLOCK-000583	pass	KAE-BLOCK-000257;KAE-BLOCK-000274;KAE-BLOCK-000275	pending;aligned	primary_working_source_after_alignment	repo_paired_ko_en;hybrid		candidate_ready_for_stage2_routing	ready_for_guarded_playbook_drafting		S1-J012
source_pack_source	SRC-000434	repo	ReleaseNotes/eng/Altibase_Migration_Center_7_14_Release_Notes.md	release_note	migration_oracle	Migration Center 7.14	English extraction aid						include_exact	exact_markdown	SHARD-010	BLOCK-000585	pass	KAE-BLOCK-000258;KAE-BLOCK-000274;KAE-BLOCK-000275	pending;aligned	primary_working_source_after_alignment	repo_paired_ko_en;hybrid		candidate_ready_for_stage2_routing	ready_for_guarded_playbook_drafting		S1-J012
source_pack_source	SRC-000435	repo	ReleaseNotes/eng/Altibase_Migration_Center_7_15_Release_Notes.md	release_note	migration_oracle	Migration Center 7.15	English extraction aid						include_exact	exact_markdown	SHARD-010	BLOCK-000587	pass	KAE-BLOCK-000259;KAE-BLOCK-000274;KAE-BLOCK-000275	pending;aligned	primary_working_source_after_alignment	repo_paired_ko_en;hybrid		candidate_ready_for_stage2_routing	ready_for_guarded_playbook_drafting		S1-J012
source_pack_source	SRC-000436	repo	ReleaseNotes/eng/Altibase_Migration_Center_7_16_Release_Notes.md	release_note	migration_oracle	Migration Center 7.16	English extraction aid						include_exact	exact_markdown	SHARD-010	BLOCK-000589	pass	KAE-BLOCK-000260;KAE-BLOCK-000274;KAE-BLOCK-000275	pending;aligned	primary_working_source_after_alignment	repo_paired_ko_en;hybrid		candidate_ready_for_stage2_routing	ready_for_guarded_playbook_drafting		S1-J012
source_pack_source	SRC-000437	repo	ReleaseNotes/eng/Altibase_Migration_Center_7_17_Release_Notes.md	release_note	migration_oracle	Migration Center 7.17	English extraction aid						include_exact	exact_markdown	SHARD-010	BLOCK-000591	pass	KAE-BLOCK-000261;KAE-BLOCK-000274;KAE-BLOCK-000275	pending;aligned	primary_working_source_after_alignment	repo_paired_ko_en;hybrid		candidate_ready_for_stage2_routing	ready_for_guarded_playbook_drafting		S1-J012
source_pack_source	SRC-000438	repo	ReleaseNotes/eng/Altibase_Migration_Center_7_18_Release_Notes.md	release_note	migration_oracle	Migration Center 7.18	English extraction aid						include_exact	exact_markdown	SHARD-010	BLOCK-000593	pass	KAE-BLOCK-000262;KAE-BLOCK-000274;KAE-BLOCK-000275	pending;aligned	primary_working_source_after_alignment	repo_paired_ko_en;hybrid		candidate_ready_for_stage2_routing	ready_for_guarded_playbook_drafting		S1-J012
source_pack_source	SRC-000439	repo	ReleaseNotes/eng/Altibase_Migration_Center_7_19_Release_Notes.md	release_note	migration_oracle	Migration Center 7.19	English extraction aid						include_exact	exact_markdown	SHARD-010	BLOCK-000595	pass	KAE-BLOCK-000263;KAE-BLOCK-000274;KAE-BLOCK-000275	pending;aligned	primary_working_source_after_alignment	repo_paired_ko_en;hybrid		candidate_ready_for_stage2_routing	ready_for_guarded_playbook_drafting		S1-J012
source_pack_source	SRC-000440	repo	ReleaseNotes/eng/Altibase_Migration_Center_7_7_Release_Notes.md	release_note	migration_oracle	Migration Center 7.7	English extraction aid						include_exact	exact_markdown	SHARD-010	BLOCK-000597	pass	KAE-BLOCK-000264;KAE-BLOCK-000275	excluded;aligned	blocked_until_korean_authority_or_auxiliary_label;primary_working_source_after_alignment	repo_en_only;hybrid	CONF-000006	candidate_with_open_recheck_guardrail	guarded_candidate_recheck_before_exhaustive_playbook	An aligned or AID-reuse baseline route exists, but open conflict/recheck rows block exhaustive or production-ready downstream claims.	S1-J012
source_pack_source	SRC-000441	repo	ReleaseNotes/eng/Altibase_Migration_Center_7_8_Release_Notes.md	release_note	migration_oracle	Migration Center 7.8	English extraction aid						include_exact	exact_markdown	SHARD-010	BLOCK-000598	pass	KAE-BLOCK-000265;KAE-BLOCK-000275	excluded;aligned	blocked_until_korean_authority_or_auxiliary_label;primary_working_source_after_alignment	repo_en_only;hybrid	CONF-000006	candidate_with_open_recheck_guardrail	guarded_candidate_recheck_before_exhaustive_playbook	An aligned or AID-reuse baseline route exists, but open conflict/recheck rows block exhaustive or production-ready downstream claims.	S1-J012
source_pack_source	SRC-000442	repo	ReleaseNotes/eng/Altibase_Migration_Center_7_9_Release_Notes.md	release_note	migration_oracle	Migration Center 7.9	English extraction aid						include_exact	exact_markdown	SHARD-010	BLOCK-000599	pass	KAE-BLOCK-000266;KAE-BLOCK-000274;KAE-BLOCK-000275	pending;aligned	primary_working_source_after_alignment	repo_paired_ko_en;hybrid		candidate_ready_for_stage2_routing	ready_for_guarded_playbook_drafting		S1-J012
source_pack_source	SRC-000443	repo	ReleaseNotes/eng/Altibase_Replication_Manager_1_2_Release_Notes.md	release_note	replication_manager	Replication Manager 1.2	English extraction aid						include_exact	exact_markdown	SHARD-012	BLOCK-000836	pass	KAE-BLOCK-000267;KAE-BLOCK-000275	pending;aligned	primary_working_source_after_alignment	repo_paired_ko_en;hybrid		candidate_ready_for_stage2_routing	ready_for_guarded_playbook_drafting		S1-J012
source_pack_source	SRC-000444	repo	ReleaseNotes/eng/Altibase_Replication_Manager_1_3_Release_Notes.md	release_note	replication_manager	Replication Manager 1.3	English extraction aid						include_exact	exact_markdown	SHARD-012	BLOCK-000838	pass	KAE-BLOCK-000268;KAE-BLOCK-000275	pending;aligned	primary_working_source_after_alignment	repo_paired_ko_en;hybrid		candidate_ready_for_stage2_routing	ready_for_guarded_playbook_drafting		S1-J012
source_pack_source	SRC-000445	repo	ReleaseNotes/eng/Altibase_Replication_Manager_1_4_Release_Notes.md	release_note	replication_manager	Replication Manager 1.4	English extraction aid						include_exact	exact_markdown	SHARD-012	BLOCK-000840	pass	KAE-BLOCK-000269;KAE-BLOCK-000275	pending;aligned	primary_working_source_after_alignment	repo_paired_ko_en;hybrid		candidate_ready_for_stage2_routing	ready_for_guarded_playbook_drafting		S1-J012
source_pack_source	SRC-000446	repo	ReleaseNotes/eng/Altibase_ShardManager_7_2_Release_Notes_v1.0.md	release_note	release_notes_platform	ShardManager 7.2	English extraction aid						include_exact	exact_markdown	SHARD-012	BLOCK-000828	pass	KAE-BLOCK-000270;KAE-BLOCK-000275	excluded;aligned	blocked_until_korean_authority_or_auxiliary_label;primary_working_source_after_alignment	repo_en_only;hybrid		candidate_ready_for_stage2_routing	ready_for_guarded_playbook_drafting		S1-J012
source_pack_source	SRC-000447	repo	ReleaseNotes/eng/Altibase_ShardManager_v.3.2_Release_Notes.md	release_note	release_notes_platform	multi	English extraction aid						include_exact	exact_markdown	SHARD-012	BLOCK-000830	pass	KAE-BLOCK-000233;KAE-BLOCK-000275	pending;aligned	primary_working_source_after_alignment	repo_paired_ko_en;hybrid		candidate_ready_for_stage2_routing	ready_for_guarded_playbook_drafting		S1-J012
source_pack_source	SRC-000448	repo	ReleaseNotes/eng/Altibase_altiShapeLoader_1_0_Release_Notes.md	release_note	spatial_nifi_tableau	multi	English extraction aid						include_exact	exact_markdown	SHARD-013	BLOCK-000881	pass	KAE-BLOCK-000239;KAE-BLOCK-000274;KAE-BLOCK-000275	pending;aligned	primary_working_source_after_alignment	repo_paired_ko_en;hybrid		candidate_ready_for_stage2_routing	ready_for_guarded_playbook_drafting		S1-J012
source_pack_source	SRC-000449	repo	ReleaseNotes/eng/Altibase_dataCompJ_7_2_Release_Notes.md	release_note	utilities_datacompj	dataCompJ 7.2	English extraction aid						include_exact	exact_markdown	SHARD-016	BLOCK-000936	pass	KAE-BLOCK-000271;KAE-BLOCK-000274;KAE-BLOCK-000275	pending;aligned	primary_working_source_after_alignment	repo_paired_ko_en;hybrid		candidate_ready_for_stage2_routing	ready_for_guarded_playbook_drafting		S1-J012
source_pack_source	SRC-000450	repo	ReleaseNotes/kor/Altibase_7_1_0_1_2_Release_Notes.md	release_note	release_notes_platform	7.1.0.1.2	Korean authoritative						include_exact	exact_markdown	SHARD-012	BLOCK-000821	pass	KAE-BLOCK-000039;KAE-BLOCK-000274;KAE-BLOCK-000275	pending;aligned	primary_working_source_after_alignment	repo_paired_ko_en;hybrid		candidate_ready_for_stage2_routing	ready_for_guarded_playbook_drafting		S1-J012
source_pack_source	SRC-000451	repo	ReleaseNotes/kor/Altibase_7_3_0_0_1_Release_Notes.md	release_note	release_notes_platform	7.3.0.0.1	Korean authoritative						include_exact	exact_markdown	SHARD-012	BLOCK-000824	pass	KAE-BLOCK-000171;KAE-BLOCK-000274;KAE-BLOCK-000275	pending;aligned	primary_working_source_after_alignment	repo_paired_ko_en;hybrid		candidate_ready_for_stage2_routing	ready_for_guarded_playbook_drafting		S1-J012
source_pack_source	SRC-000452	repo	ReleaseNotes/kor/Altibase_8_1_0_0_1_Release_Notes.md	release_note	release_notes_platform	8.1.0.0.1	Korean authoritative; Altibase 8.1 verified source						include_exact	exact_markdown	SHARD-012	BLOCK-000826	pass	KAE-BLOCK-000253;KAE-BLOCK-000274;KAE-BLOCK-000275	pending;aligned	primary_working_source_after_alignment	repo_paired_ko_en;hybrid	CONF-000006	candidate_with_open_recheck_guardrail	guarded_candidate_recheck_before_exhaustive_playbook	An aligned or AID-reuse baseline route exists, but open conflict/recheck rows block exhaustive or production-ready downstream claims.	S1-J012
source_pack_source	SRC-000453	repo	ReleaseNotes/kor/Altibase_Migration_Center_7_10_Release_Notes.md	release_note	migration_oracle	Migration Center 7.10	Korean authoritative						include_exact	exact_markdown	SHARD-010	BLOCK-000578	pass	KAE-BLOCK-000254;KAE-BLOCK-000274;KAE-BLOCK-000275	pending;aligned	primary_working_source_after_alignment	repo_paired_ko_en;hybrid		candidate_ready_for_stage2_routing	ready_for_guarded_playbook_drafting		S1-J012
source_pack_source	SRC-000454	repo	ReleaseNotes/kor/Altibase_Migration_Center_7_11_Release_Notes.md	release_note	migration_oracle	Migration Center 7.11	Korean authoritative						include_exact	exact_markdown	SHARD-010	BLOCK-000580	pass	KAE-BLOCK-000255;KAE-BLOCK-000274;KAE-BLOCK-000275	pending;aligned	primary_working_source_after_alignment	repo_paired_ko_en;hybrid		candidate_ready_for_stage2_routing	ready_for_guarded_playbook_drafting		S1-J012
source_pack_source	SRC-000455	repo	ReleaseNotes/kor/Altibase_Migration_Center_7_12_Release_Notes.md	release_note	migration_oracle	Migration Center 7.12	Korean authoritative						include_exact	exact_markdown	SHARD-010	BLOCK-000582	pass	KAE-BLOCK-000256;KAE-BLOCK-000274;KAE-BLOCK-000275	pending;aligned	primary_working_source_after_alignment	repo_paired_ko_en;hybrid		candidate_ready_for_stage2_routing	ready_for_guarded_playbook_drafting		S1-J012
source_pack_source	SRC-000456	repo	ReleaseNotes/kor/Altibase_Migration_Center_7_13_Release_Notes.md	release_note	migration_oracle	Migration Center 7.13	Korean authoritative						include_exact	exact_markdown	SHARD-010	BLOCK-000584	pass	KAE-BLOCK-000257;KAE-BLOCK-000274;KAE-BLOCK-000275	pending;aligned	primary_working_source_after_alignment	repo_paired_ko_en;hybrid		candidate_ready_for_stage2_routing	ready_for_guarded_playbook_drafting		S1-J012
source_pack_source	SRC-000457	repo	ReleaseNotes/kor/Altibase_Migration_Center_7_14_Release_Notes.md	release_note	migration_oracle	Migration Center 7.14	Korean authoritative						include_exact	exact_markdown	SHARD-010	BLOCK-000586	pass	KAE-BLOCK-000258;KAE-BLOCK-000274;KAE-BLOCK-000275	pending;aligned	primary_working_source_after_alignment	repo_paired_ko_en;hybrid		candidate_ready_for_stage2_routing	ready_for_guarded_playbook_drafting		S1-J012
source_pack_source	SRC-000458	repo	ReleaseNotes/kor/Altibase_Migration_Center_7_15_Release_Notes.md	release_note	migration_oracle	Migration Center 7.15	Korean authoritative						include_exact	exact_markdown	SHARD-010	BLOCK-000588	pass	KAE-BLOCK-000259;KAE-BLOCK-000274;KAE-BLOCK-000275	pending;aligned	primary_working_source_after_alignment	repo_paired_ko_en;hybrid		candidate_ready_for_stage2_routing	ready_for_guarded_playbook_drafting		S1-J012
source_pack_source	SRC-000459	repo	ReleaseNotes/kor/Altibase_Migration_Center_7_16_Release_Notes.md	release_note	migration_oracle	Migration Center 7.16	Korean authoritative						include_exact	exact_markdown	SHARD-010	BLOCK-000590	pass	KAE-BLOCK-000260;KAE-BLOCK-000274;KAE-BLOCK-000275	pending;aligned	primary_working_source_after_alignment	repo_paired_ko_en;hybrid		candidate_ready_for_stage2_routing	ready_for_guarded_playbook_drafting		S1-J012
source_pack_source	SRC-000460	repo	ReleaseNotes/kor/Altibase_Migration_Center_7_17_Release_Notes.md	release_note	migration_oracle	Migration Center 7.17	Korean authoritative						include_exact	exact_markdown	SHARD-010	BLOCK-000592	pass	KAE-BLOCK-000261;KAE-BLOCK-000274;KAE-BLOCK-000275	pending;aligned	primary_working_source_after_alignment	repo_paired_ko_en;hybrid		candidate_ready_for_stage2_routing	ready_for_guarded_playbook_drafting		S1-J012
source_pack_source	SRC-000461	repo	ReleaseNotes/kor/Altibase_Migration_Center_7_18_Release_Notes.md	release_note	migration_oracle	Migration Center 7.18	Korean authoritative						include_exact	exact_markdown	SHARD-010	BLOCK-000594	pass	KAE-BLOCK-000262;KAE-BLOCK-000274;KAE-BLOCK-000275	pending;aligned	primary_working_source_after_alignment	repo_paired_ko_en;hybrid		candidate_ready_for_stage2_routing	ready_for_guarded_playbook_drafting		S1-J012
source_pack_source	SRC-000462	repo	ReleaseNotes/kor/Altibase_Migration_Center_7_19_Release_Notes.md	release_note	migration_oracle	Migration Center 7.19	Korean authoritative						include_exact	exact_markdown	SHARD-010	BLOCK-000596	pass	KAE-BLOCK-000263;KAE-BLOCK-000274;KAE-BLOCK-000275	pending;aligned	primary_working_source_after_alignment	repo_paired_ko_en;hybrid		candidate_ready_for_stage2_routing	ready_for_guarded_playbook_drafting		S1-J012
source_pack_source	SRC-000463	repo	ReleaseNotes/kor/Altibase_Migration_Center_7_9_Release_Notes.md	release_note	migration_oracle	Migration Center 7.9	Korean authoritative						include_exact	exact_markdown	SHARD-010	BLOCK-000600	pass	KAE-BLOCK-000266;KAE-BLOCK-000274;KAE-BLOCK-000275	pending;aligned	primary_working_source_after_alignment	repo_paired_ko_en;hybrid		candidate_ready_for_stage2_routing	ready_for_guarded_playbook_drafting		S1-J012
source_pack_source	SRC-000464	repo	ReleaseNotes/kor/Altibase_Replication_Manager_1_2_Release_Notes.md	release_note	replication_manager	Replication Manager 1.2	Korean authoritative						include_exact	exact_markdown	SHARD-012	BLOCK-000837	pass	KAE-BLOCK-000267;KAE-BLOCK-000275	pending;aligned	primary_working_source_after_alignment	repo_paired_ko_en;hybrid		candidate_ready_for_stage2_routing	ready_for_guarded_playbook_drafting		S1-J012
source_pack_source	SRC-000465	repo	ReleaseNotes/kor/Altibase_Replication_Manager_1_3_Release_Notes.md	release_note	replication_manager	Replication Manager 1.3	Korean authoritative						include_exact	exact_markdown	SHARD-012	BLOCK-000839	pass	KAE-BLOCK-000268;KAE-BLOCK-000275	pending;aligned	primary_working_source_after_alignment	repo_paired_ko_en;hybrid		candidate_ready_for_stage2_routing	ready_for_guarded_playbook_drafting		S1-J012
source_pack_source	SRC-000466	repo	ReleaseNotes/kor/Altibase_Replication_Manager_1_4_Release_Notes.md	release_note	replication_manager	Replication Manager 1.4	Korean authoritative						include_exact	exact_markdown	SHARD-012	BLOCK-000841	pass	KAE-BLOCK-000269;KAE-BLOCK-000275	pending;aligned	primary_working_source_after_alignment	repo_paired_ko_en;hybrid		candidate_ready_for_stage2_routing	ready_for_guarded_playbook_drafting		S1-J012
source_pack_source	SRC-000467	repo	ReleaseNotes/kor/Altibase_ShardManager_v.3.2_Release_Notes.md	release_note	release_notes_platform	multi	Korean authoritative						include_exact	exact_markdown	SHARD-012	BLOCK-000831	pass	KAE-BLOCK-000233;KAE-BLOCK-000275	pending;aligned	primary_working_source_after_alignment	repo_paired_ko_en;hybrid		candidate_ready_for_stage2_routing	ready_for_guarded_playbook_drafting		S1-J012
source_pack_source	SRC-000468	repo	ReleaseNotes/kor/Altibase_Sharding3_3_2_0_0_1_Release_Notes.md	release_note	release_notes_platform	multi	Korean authoritative						include_exact	exact_markdown	SHARD-012	BLOCK-000832	pass	KAE-BLOCK-000234;KAE-BLOCK-000275	pending;aligned	translation_candidate_after_alignment;primary_working_source_after_alignment	repo_ko_only;hybrid		candidate_ready_for_stage2_routing	ready_for_guarded_playbook_drafting		S1-J012
source_pack_source	SRC-000469	repo	ReleaseNotes/kor/Altibase_Windows2026_2_6_0_0_1_Release_Notes.md	release_note	release_notes_platform	multi	Korean authoritative						include_exact	exact_markdown	SHARD-012	BLOCK-000833	pass	KAE-BLOCK-000235;KAE-BLOCK-000275	pending;aligned	translation_candidate_after_alignment;primary_working_source_after_alignment	repo_ko_only;hybrid		candidate_ready_for_stage2_routing	ready_for_guarded_playbook_drafting		S1-J012
source_pack_source	SRC-000470	repo	ReleaseNotes/kor/Altibase_altiShapeLoader_1_0_Release_Notes.md	release_note	spatial_nifi_tableau	multi	Korean authoritative						include_exact	exact_markdown	SHARD-013	BLOCK-000882	pass	KAE-BLOCK-000239;KAE-BLOCK-000274;KAE-BLOCK-000275	pending;aligned	primary_working_source_after_alignment	repo_paired_ko_en;hybrid		candidate_ready_for_stage2_routing	ready_for_guarded_playbook_drafting		S1-J012
source_pack_source	SRC-000471	repo	ReleaseNotes/kor/Altibase_dataCompJ_7_2_Release_Notes.md	release_note	utilities_datacompj	dataCompJ 7.2	Korean authoritative						include_exact	exact_markdown	SHARD-016	BLOCK-000937	pass	KAE-BLOCK-000271;KAE-BLOCK-000274;KAE-BLOCK-000275	pending;aligned	primary_working_source_after_alignment	repo_paired_ko_en;hybrid		candidate_ready_for_stage2_routing	ready_for_guarded_playbook_drafting		S1-J012
source_pack_source	SRC-000472	repo	Technical Documents/eng/Supported Platforms.md	technical_document	technical_documents_support	multi	English extraction aid						include_exact	exact_markdown	SHARD-015	BLOCK-000908	pass	KAE-BLOCK-000240;KAE-BLOCK-000275	pending;aligned	primary_working_source_after_alignment	repo_paired_ko_en;hybrid	CONF-000007	candidate_with_open_recheck_guardrail	guarded_candidate_recheck_before_exhaustive_playbook	An aligned or AID-reuse baseline route exists, but open conflict/recheck rows block exhaustive or production-ready downstream claims.	S1-J012
source_pack_source	SRC-000473	repo	Technical Documents/kor/JavaCompatibility.md	technical_document	jdbc_java	multi	Korean authoritative						include_exact	exact_markdown	SHARD-010	BLOCK-000562	pass	KAE-BLOCK-000231;KAE-BLOCK-000274;KAE-BLOCK-000275	pending;aligned	translation_candidate_after_alignment;primary_working_source_after_alignment	repo_ko_only;hybrid	CONF-000007	candidate_with_open_recheck_guardrail	guarded_candidate_recheck_before_exhaustive_playbook	An aligned or AID-reuse baseline route exists, but open conflict/recheck rows block exhaustive or production-ready downstream claims.	S1-J012
source_pack_source	SRC-000474	repo	Technical Documents/kor/Replication network check.md	technical_document	technical_documents_support	multi	Korean authoritative						include_exact	exact_markdown	SHARD-015	BLOCK-000909	pass	KAE-BLOCK-000241;KAE-BLOCK-000275	pending;aligned	translation_candidate_after_alignment;primary_working_source_after_alignment	repo_ko_only;hybrid	CONF-000007	candidate_with_open_recheck_guardrail	guarded_candidate_recheck_before_exhaustive_playbook	An aligned or AID-reuse baseline route exists, but open conflict/recheck rows block exhaustive or production-ready downstream claims.	S1-J012
source_pack_source	SRC-000475	repo	Technical Documents/kor/ReplicationCompatibility.md	technical_document	technical_documents_support	multi	Korean authoritative						include_exact	exact_markdown	SHARD-015	BLOCK-000910	pass	KAE-BLOCK-000242;KAE-BLOCK-000275	pending;aligned	translation_candidate_after_alignment;primary_working_source_after_alignment	repo_ko_only;hybrid	CONF-000007	candidate_with_open_recheck_guardrail	guarded_candidate_recheck_before_exhaustive_playbook	An aligned or AID-reuse baseline route exists, but open conflict/recheck rows block exhaustive or production-ready downstream claims.	S1-J012
source_pack_source	SRC-000476	repo	Technical Documents/kor/Supported Platforms.md	technical_document	technical_documents_support	multi	Korean authoritative						include_exact	exact_markdown	SHARD-015	BLOCK-000911	pass	KAE-BLOCK-000240;KAE-BLOCK-000275	pending;aligned	primary_working_source_after_alignment	repo_paired_ko_en;hybrid	CONF-000007	candidate_with_open_recheck_guardrail	guarded_candidate_recheck_before_exhaustive_playbook	An aligned or AID-reuse baseline route exists, but open conflict/recheck rows block exhaustive or production-ready downstream claims.	S1-J012
source_pack_source	SRC-000477	repo	GPTs/reports/8_1_verification.md	support_evidence	release_notes_platform	multi	Approved support evidence						include_support_evidence	support_evidence_only	SHARD-012	BLOCK-000829	pass	KAE-BLOCK-000275	aligned	primary_working_source_after_alignment	hybrid		evidence_only_with_baseline_routing	evidence_only_support	Evidence-only source is routed through the baseline manifest for classification or audit preservation, not direct customer playbook content.	S1-J012
source_pack_source	SRC-000478	repo	GPTs/reports/coverage_matrix.md	support_evidence	source_inventory_support	multi	Approved support evidence						include_support_evidence	support_evidence_only	SHARD-012	BLOCK-000867	pass						evidence_only_no_baseline_required	evidence_only_support	Support evidence is retained in the exact source pack for audit and classification checks; it is not a customer-facing Korean-aligned English baseline source.	S1-J012
source_pack_source	SRC-000479	repo	GPTs/reports/eng_kor_parity.md	support_evidence	source_inventory_support	multi	Approved support evidence						include_support_evidence	support_evidence_only	SHARD-012	BLOCK-000868	pass						evidence_only_no_baseline_required	evidence_only_support	Support evidence is retained in the exact source pack for audit and classification checks; it is not a customer-facing Korean-aligned English baseline source.	S1-J012
source_pack_source	SRC-000480	repo	GPTs/reports/gap_register.md	support_evidence	source_inventory_support	multi	Approved support evidence						include_support_evidence	support_evidence_only	SHARD-013	BLOCK-000869	pass						evidence_only_no_baseline_required	evidence_only_support	Support evidence is retained in the exact source pack for audit and classification checks; it is not a customer-facing Korean-aligned English baseline source.	S1-J012
source_pack_source	SRC-000481	repo	GPTs/reports/source_inventory.md	support_evidence	source_inventory_support	multi	Approved support evidence						include_support_evidence	support_evidence_only	SHARD-013	BLOCK-000870	pass						evidence_only_no_baseline_required	evidence_only_support	Support evidence is retained in the exact source pack for audit and classification checks; it is not a customer-facing Korean-aligned English baseline source.	S1-J012
source_pack_source	SRC-000482	repo	GPTs/reports/stage_01_source_pack_baseline_plan.md	support_evidence	stage1_source_selection	multi	Approved support evidence						include_support_evidence	support_evidence_only	SHARD-014	BLOCK-000893	pass						evidence_only_no_baseline_required	evidence_only_support	Support evidence is retained in the exact source pack for audit and classification checks; it is not a customer-facing Korean-aligned English baseline source.	S1-J012
source_pack_source	SRC-000483	repo	GPTs/reports/stage_01_aid_tier_manifest_design.md	support_evidence	stage1_aid_tiering	aid	Approved support evidence						include_support_evidence	support_evidence_only	SHARD-014	BLOCK-000891	pass						evidence_only_no_baseline_required	evidence_only_support	Support evidence is retained in the exact source pack for audit and classification checks; it is not a customer-facing Korean-aligned English baseline source.	S1-J012
source_pack_source	SRC-000484	repo	GPTs/reports/aid_tier_manifest.tsv	support_evidence	stage1_aid_tiering	aid	Approved support evidence						include_support_evidence	support_evidence_only	SHARD-014	BLOCK-000889	pass						evidence_only_no_baseline_required	evidence_only_support	Support evidence is retained in the exact source pack for audit and classification checks; it is not a customer-facing Korean-aligned English baseline source.	S1-J012
source_pack_source	SRC-000485	repo	GPTs/reports/source_conflict_register.md	support_evidence	stage1_aid_tiering	aid	Approved support evidence						include_support_evidence	support_evidence_only	SHARD-014	BLOCK-000890	pass						evidence_only_no_baseline_required	evidence_only_support	Support evidence is retained in the exact source pack for audit and classification checks; it is not a customer-facing Korean-aligned English baseline source.	S1-J012
source_pack_source	SRC-000486	repo	GPTs/reports/stage_01_source_pack_shards_design.md	support_evidence	stage1_source_pack_shards	multi	Approved support evidence						include_support_evidence	support_evidence_only	SHARD-014	BLOCK-000892	pass						evidence_only_no_baseline_required	evidence_only_support	Support evidence is retained in the exact source pack for audit and classification checks; it is not a customer-facing Korean-aligned English baseline source.	S1-J012
aid_tier_group	AID-000001	aid	~/AID/arch/Home/	aid_tier_group	aid_tier_manifest	aid	AID stabilized English; preserve per-file Korean-source-verified or Link-validated Korean-source-verified labels	upload_content_candidate	Korean-source-verified; Link-validated Korean-source-verified	covered	primary_working_source_after_file_level_source_manifest_selection	AID stabilized English; preserve per-file Korean-source-verified or Link-validated Korean-source-verified labels	include_exact					KAE-BLOCK-000276	aid_reuse	primary_working_source_after_classification_preservation	aid_reuse	CONF-000007	candidate_with_open_recheck_guardrail	guarded_candidate_recheck_before_exhaustive_playbook	An aligned or AID-reuse baseline route exists, but open conflict/recheck rows block exhaustive or production-ready downstream claims.	S1-J012
aid_tier_group	AID-000002	aid	~/AID/FAQE/Home/ Korean-core verified subset	aid_tier_group	aid_tier_manifest	aid	AID Korean-core FAQE verified source; preserve per-file link-validation labels	upload_content_candidate	Korean-source-verified; Link-validated Korean-source-verified	covered	primary_working_source_after_file_level_source_manifest_selection	AID Korean-core FAQE verified source; preserve per-file link-validation labels	include_exact					KAE-BLOCK-000276	aid_reuse	primary_working_source_after_classification_preservation	aid_reuse	CONF-000007	candidate_with_open_recheck_guardrail	guarded_candidate_recheck_before_exhaustive_playbook	An aligned or AID-reuse baseline route exists, but open conflict/recheck rows block exhaustive or production-ready downstream claims.	S1-J012
aid_tier_group	AID-000003	aid	~/AID/FAQE/Home/ English-only auxiliary subset	aid_tier_group	aid_tier_manifest	aid	English-only source or english_only_auxiliary; do not present as Korean-source-verified	upload_content_candidate	English-only source	covered_with_risk	auxiliary_labeled_only	English-only source or english_only_auxiliary; do not present as Korean-source-verified	include_exact					KAE-BLOCK-000276	aid_reuse	primary_working_source_after_classification_preservation	aid_reuse	CONF-000002;CONF-000007	candidate_with_open_recheck_guardrail	guarded_candidate_recheck_before_exhaustive_playbook	An aligned or AID-reuse baseline route exists, but open conflict/recheck rows block exhaustive or production-ready downstream claims.	S1-J012
aid_tier_group	AID-000004	aid	~/AID/llm-reference/README.md; ~/AID/llm-reference/source-index.md; ~/AID/llm-reference/00-source-classification.md; ~/AID/llm-reference/01-*.md through ~/AID/llm-reference/12-*.md; ~/AID/llm-reference/HANDOFF.md; ~/AID/llm-reference/LLM_REFERENCE_BUILD_REPORT.md	aid_tier_group	aid_tier_manifest	aid	AID source-backed llm-reference with preserved labels including English-only source labels	upload_content_candidate	Korean-source-verified; Link-validated Korean-source-verified; English-only source; source_limitation labels preserved	complete	primary_working_source	AID source-backed llm-reference with preserved labels including English-only source labels	include_exact					KAE-BLOCK-000276	aid_reuse	primary_working_source_after_classification_preservation	aid_reuse	CONF-000007	candidate_with_open_recheck_guardrail	guarded_candidate_recheck_before_exhaustive_playbook	An aligned or AID-reuse baseline route exists, but open conflict/recheck rows block exhaustive or production-ready downstream claims.	S1-J012
aid_tier_group	AID-000005	aid	~/AID/llm-reference/gpts-upload/Altibase_GPT_Knowledge_Encyclopedia.md	aid_tier_group	aid_tier_manifest	aid	AID GPTS_UPLOAD_READY; counts toward global 20 Markdown upload limit if selected	upload_content_candidate	source-backed llm-reference upload package	complete	upload_package_candidate_for_review	AID GPTS_UPLOAD_READY; counts toward global 20 Markdown upload limit if selected	include_exact					KAE-BLOCK-000276	aid_reuse	primary_working_source_after_classification_preservation	aid_reuse	CONF-000007	candidate_with_open_recheck_guardrail	guarded_candidate_recheck_before_exhaustive_playbook	An aligned or AID-reuse baseline route exists, but open conflict/recheck rows block exhaustive or production-ready downstream claims.	S1-J012
aid_tier_group	AID-000006	aid	~/AID/llm-reference/gpts-upload/Altibase_GPT_Knowledge_Audit.md	aid_tier_group	aid_tier_manifest	aid	Optional internal audit evidence	evidence_only_authority	source-backed llm-reference audit package	complete	support_evidence_only	Optional internal audit evidence	include_support_evidence					KAE-BLOCK-000276	aid_reuse	primary_working_source_after_classification_preservation	aid_reuse	CONF-000007	candidate_with_open_recheck_guardrail	guarded_candidate_recheck_before_exhaustive_playbook	An aligned or AID-reuse baseline route exists, but open conflict/recheck rows block exhaustive or production-ready downstream claims.	S1-J012
aid_tier_group	AID-000007	aid	~/AID/DOCK/Home/	aid_tier_group	aid_tier_manifest	aid	AID Korean authority; not direct customer upload	evidence_only_authority	Korean authoritative source	complete	authority_check_only	AID Korean authority; not direct customer upload	include_support_evidence					KAE-BLOCK-000276	aid_reuse	primary_working_source_after_classification_preservation	aid_reuse	CONF-000007	candidate_with_open_recheck_guardrail	guarded_candidate_recheck_before_exhaustive_playbook	An aligned or AID-reuse baseline route exists, but open conflict/recheck rows block exhaustive or production-ready downstream claims.	S1-J012
aid_tier_group	AID-000008	aid	~/AID/faq/Home/	aid_tier_group	aid_tier_manifest	aid	AID Korean authority; not direct customer upload	evidence_only_authority	Korean authoritative source	complete	authority_check_only	AID Korean authority; not direct customer upload	include_support_evidence					KAE-BLOCK-000276	aid_reuse	primary_working_source_after_classification_preservation	aid_reuse	CONF-000007	candidate_with_open_recheck_guardrail	guarded_candidate_recheck_before_exhaustive_playbook	An aligned or AID-reuse baseline route exists, but open conflict/recheck rows block exhaustive or production-ready downstream claims.	S1-J012
source_pack_source;aid_tier_group	AID-000009	aid	~/AID/manifest.json	aid_evidence	aid_manifest	aid	AID evidence-only authority	evidence_only_authority	manifest	complete	support_evidence_only	AID manifest evidence	include_support_evidence	support_evidence_only	SHARD-004	BLOCK-000454	pass	KAE-BLOCK-000276	aid_reuse	primary_working_source_after_classification_preservation	aid_reuse	CONF-000007	candidate_with_open_recheck_guardrail	guarded_candidate_recheck_before_exhaustive_playbook	An aligned or AID-reuse baseline route exists, but open conflict/recheck rows block exhaustive or production-ready downstream claims.	S1-J012
source_pack_source;aid_tier_group	AID-000010	aid	~/AID/KO_EN_SEMANTIC_COVERAGE_REPORT.md	aid_evidence	aid_semantic_coverage	aid	AID evidence-only authority	evidence_only_authority	semantic coverage report	complete	support_evidence_only	AID semantic coverage decision evidence	include_support_evidence	support_evidence_only	SHARD-004	BLOCK-000457	pass	KAE-BLOCK-000276	aid_reuse	primary_working_source_after_classification_preservation	aid_reuse	CONF-000007	candidate_with_open_recheck_guardrail	guarded_candidate_recheck_before_exhaustive_playbook	An aligned or AID-reuse baseline route exists, but open conflict/recheck rows block exhaustive or production-ready downstream claims.	S1-J012
source_pack_source;aid_tier_group	AID-000011	aid	~/AID/KO_EN_DOC_REVIEW_REPORT.md	aid_evidence	aid_review_evidence	aid	AID evidence-only authority	evidence_only_authority	review report	complete	support_evidence_only	AID first-pass Korean-English review evidence	include_support_evidence	support_evidence_only	SHARD-004	BLOCK-000455	pass	KAE-BLOCK-000276	aid_reuse	primary_working_source_after_classification_preservation	aid_reuse	CONF-000007	candidate_with_open_recheck_guardrail	guarded_candidate_recheck_before_exhaustive_playbook	An aligned or AID-reuse baseline route exists, but open conflict/recheck rows block exhaustive or production-ready downstream claims.	S1-J012
source_pack_source;aid_tier_group	AID-000012	aid	~/AID/PASS2_KO_EN_DOC_REVIEW_REPORT.md	aid_evidence	aid_review_evidence	aid	AID evidence-only authority	evidence_only_authority	review report	complete	support_evidence_only	AID pass2 Korean-English review evidence	include_support_evidence	support_evidence_only	SHARD-004	BLOCK-000456	pass	KAE-BLOCK-000276	aid_reuse	primary_working_source_after_classification_preservation	aid_reuse	CONF-000007	candidate_with_open_recheck_guardrail	guarded_candidate_recheck_before_exhaustive_playbook	An aligned or AID-reuse baseline route exists, but open conflict/recheck rows block exhaustive or production-ready downstream claims.	S1-J012
source_pack_source;aid_tier_group	AID-000013	aid	~/AID/source-stabilization/source-classification.tsv	aid_evidence	aid_source_classification	aid	AID evidence-only authority	evidence_only_authority	Korean-source-verified; Link-validated Korean-source-verified; English-only source	complete	support_evidence_only	AID source classification evidence	include_support_evidence	support_evidence_only	SHARD-004	BLOCK-000459	pass	KAE-BLOCK-000276	aid_reuse	primary_working_source_after_classification_preservation	aid_reuse	CONF-000007	candidate_with_open_recheck_guardrail	guarded_candidate_recheck_before_exhaustive_playbook	An aligned or AID-reuse baseline route exists, but open conflict/recheck rows block exhaustive or production-ready downstream claims.	S1-J012
source_pack_source;aid_tier_group	AID-000014	aid	~/AID/source-stabilization/validation-report.md	aid_evidence	aid_source_stabilization	aid	AID evidence-only authority	evidence_only_authority	source-stabilization report	complete	support_evidence_only	AID READY_FOR_LLM_CONSOLIDATION evidence	include_support_evidence	support_evidence_only	SHARD-004	BLOCK-000461	pass	KAE-BLOCK-000276	aid_reuse	primary_working_source_after_classification_preservation	aid_reuse	CONF-000007	candidate_with_open_recheck_guardrail	guarded_candidate_recheck_before_exhaustive_playbook	An aligned or AID-reuse baseline route exists, but open conflict/recheck rows block exhaustive or production-ready downstream claims.	S1-J012
source_pack_source;aid_tier_group	AID-000015	aid	~/AID/source-stabilization/legacy-attachments.tsv	aid_evidence	aid_source_limitation	aid	AID accepted limitation	accepted_limitation	legacy_attachment_label_only	accepted_source_limitation	support_evidence_only	legacy_no_downloadable_url or legacy_attachment_label_only; do not invent URLs	include_support_evidence	support_evidence_only	SHARD-004	BLOCK-000460	pass	KAE-BLOCK-000276	aid_reuse	primary_working_source_after_classification_preservation	aid_reuse	CONF-000001;CONF-000007	candidate_with_open_recheck_guardrail	guarded_candidate_recheck_before_exhaustive_playbook	An aligned or AID-reuse baseline route exists, but open conflict/recheck rows block exhaustive or production-ready downstream claims.	S1-J012
source_pack_source;aid_tier_group	AID-000016	aid	~/AID/source-stabilization/url-backed-attachments.tsv	aid_evidence	aid_attachment_evidence	aid	AID evidence-only authority	accepted_limitation	legacy_no_downloadable_url; not_document_format	accepted_source_limitation	support_evidence_only	Preserve preserved_url rows; keep legacy_no_downloadable_url and not_document_format limitations	include_support_evidence	support_evidence_only	SHARD-002	BLOCK-000429	pass	KAE-BLOCK-000276	aid_reuse	primary_working_source_after_classification_preservation	aid_reuse	CONF-000001;CONF-000007	candidate_with_open_recheck_guardrail	guarded_candidate_recheck_before_exhaustive_playbook	An aligned or AID-reuse baseline route exists, but open conflict/recheck rows block exhaustive or production-ready downstream claims.	S1-J012
source_pack_source;aid_tier_group	AID-000017	aid	~/AID/llm-reference/00-source-classification.md	aid_evidence	aid_source_classification	aid	AID evidence-only authority	evidence_only_authority	source classification guide	complete	support_evidence_only	AID source-label handling guide	include_support_evidence	support_evidence_only	SHARD-004	BLOCK-000458	pass	KAE-BLOCK-000276	aid_reuse	primary_working_source_after_classification_preservation	aid_reuse	CONF-000007	candidate_with_open_recheck_guardrail	guarded_candidate_recheck_before_exhaustive_playbook	An aligned or AID-reuse baseline route exists, but open conflict/recheck rows block exhaustive or production-ready downstream claims.	S1-J012
source_pack_source;aid_tier_group	AID-000018	aid	~/AID/llm-reference/LLM_REFERENCE_BUILD_REPORT.md	aid_evidence	aid_llm_reference	aid	AID evidence-only authority	evidence_only_authority	build report	complete	support_evidence_only	AID COMPLETE_REFERENCE_PACKAGE evidence	include_support_evidence	support_evidence_only	SHARD-003	BLOCK-000450	pass	KAE-BLOCK-000276	aid_reuse	primary_working_source_after_classification_preservation	aid_reuse	CONF-000007	candidate_with_open_recheck_guardrail	guarded_candidate_recheck_before_exhaustive_playbook	An aligned or AID-reuse baseline route exists, but open conflict/recheck rows block exhaustive or production-ready downstream claims.	S1-J012
source_pack_source;aid_tier_group	AID-000019	aid	~/AID/llm-reference/HANDOFF.md	aid_evidence	aid_llm_reference	aid	AID evidence-only authority	evidence_only_authority	handoff report	complete	support_evidence_only	AID final handoff and downstream label instructions	include_support_evidence	support_evidence_only	SHARD-003	BLOCK-000449	pass	KAE-BLOCK-000276	aid_reuse	primary_working_source_after_classification_preservation	aid_reuse	CONF-000007	candidate_with_open_recheck_guardrail	guarded_candidate_recheck_before_exhaustive_playbook	An aligned or AID-reuse baseline route exists, but open conflict/recheck rows block exhaustive or production-ready downstream claims.	S1-J012
source_pack_source;aid_tier_group	AID-000020	aid	~/AID/llm-reference/coverage/source-inventory.tsv	aid_evidence	aid_coverage_ledger	aid	AID evidence-only authority	evidence_only_authority	source inventory ledger	covered; covered_with_risk	support_evidence_only	AID source inventory evidence	include_support_evidence	support_evidence_only	SHARD-003	BLOCK-000434	pass	KAE-BLOCK-000276	aid_reuse	primary_working_source_after_classification_preservation	aid_reuse	CONF-000007	candidate_with_open_recheck_guardrail	guarded_candidate_recheck_before_exhaustive_playbook	An aligned or AID-reuse baseline route exists, but open conflict/recheck rows block exhaustive or production-ready downstream claims.	S1-J012
source_pack_source;aid_tier_group	AID-000021	aid	~/AID/llm-reference/coverage/source-to-topic-map.tsv	aid_evidence	aid_coverage_ledger	aid	AID evidence-only authority	evidence_only_authority	source-to-topic map	complete	support_evidence_only	AID routing evidence	include_support_evidence	support_evidence_only	SHARD-003	BLOCK-000435	pass	KAE-BLOCK-000276	aid_reuse	primary_working_source_after_classification_preservation	aid_reuse	CONF-000007	candidate_with_open_recheck_guardrail	guarded_candidate_recheck_before_exhaustive_playbook	An aligned or AID-reuse baseline route exists, but open conflict/recheck rows block exhaustive or production-ready downstream claims.	S1-J012
source_pack_source;aid_tier_group	AID-000022	aid	~/AID/llm-reference/coverage/semantic-unit-coverage.tsv	aid_evidence	aid_coverage_ledger	aid	AID accepted limitation	accepted_limitation	source_limitation; legacy_attachment_label_only; diagram_unavailable; not_document_format; english_only_auxiliary	covered; accepted_source_limitation; accepted_english_only_auxiliary	support_evidence_only	Preserve source limitation and English-only auxiliary labels	include_support_evidence	support_evidence_only	SHARD-003	BLOCK-000433	pass	KAE-BLOCK-000276	aid_reuse	primary_working_source_after_classification_preservation	aid_reuse	CONF-000001;CONF-000007	candidate_with_open_recheck_guardrail	guarded_candidate_recheck_before_exhaustive_playbook	An aligned or AID-reuse baseline route exists, but open conflict/recheck rows block exhaustive or production-ready downstream claims.	S1-J012
source_pack_source;aid_tier_group	AID-000023	aid	~/AID/llm-reference/coverage/attachment-diagram-register.tsv	aid_evidence	aid_coverage_ledger	aid	AID accepted limitation	accepted_limitation	legacy_no_downloadable_url; diagram_unavailable; not_document_format	accepted_source_limitation	support_evidence_only	Do not invent unavailable diagrams, synthetic URLs, or non-document artifact content	include_support_evidence	support_evidence_only	SHARD-002	BLOCK-000431	pass	KAE-BLOCK-000276	aid_reuse	primary_working_source_after_classification_preservation	aid_reuse	CONF-000001;CONF-000007	candidate_with_open_recheck_guardrail	guarded_candidate_recheck_before_exhaustive_playbook	An aligned or AID-reuse baseline route exists, but open conflict/recheck rows block exhaustive or production-ready downstream claims.	S1-J012
source_pack_source;aid_tier_group	AID-000024	aid	~/AID/llm-reference/coverage/answerability-backtest.tsv	aid_evidence	aid_coverage_ledger	aid	AID evidence-only authority	evidence_only_authority	answerability ledger	complete	support_evidence_only	AID answerability evidence	include_support_evidence	support_evidence_only	SHARD-002	BLOCK-000430	pass	KAE-BLOCK-000276	aid_reuse	primary_working_source_after_classification_preservation	aid_reuse	CONF-000007	candidate_with_open_recheck_guardrail	guarded_candidate_recheck_before_exhaustive_playbook	An aligned or AID-reuse baseline route exists, but open conflict/recheck rows block exhaustive or production-ready downstream claims.	S1-J012
source_pack_source;aid_tier_group	AID-000025	aid	~/AID/llm-reference/coverage/omissions-and-risks.tsv	aid_evidence	aid_coverage_ledger	aid	AID accepted limitation	accepted_limitation	accepted_source_limitation; accepted_english_only_auxiliary; resolved	accepted_source_limitation; accepted_english_only_auxiliary	support_evidence_only	Preserve accepted limitation and accepted English-only auxiliary labels	include_support_evidence	support_evidence_only	SHARD-002	BLOCK-000432	pass	KAE-BLOCK-000276	aid_reuse	primary_working_source_after_classification_preservation	aid_reuse	CONF-000001;CONF-000007	candidate_with_open_recheck_guardrail	guarded_candidate_recheck_before_exhaustive_playbook	An aligned or AID-reuse baseline route exists, but open conflict/recheck rows block exhaustive or production-ready downstream claims.	S1-J012
aid_tier_group	AID-000026	aid	~/AID/semantic-coverage/	aid_tier_group	aid_tier_manifest	aid	AID semantic coverage evidence; not customer upload content	evidence_only_authority	semantic coverage evidence	complete	support_evidence_only	AID semantic coverage evidence; not customer upload content	include_support_evidence					KAE-BLOCK-000276	aid_reuse	primary_working_source_after_classification_preservation	aid_reuse	CONF-000007	candidate_with_open_recheck_guardrail	guarded_candidate_recheck_before_exhaustive_playbook	An aligned or AID-reuse baseline route exists, but open conflict/recheck rows block exhaustive or production-ready downstream claims.	S1-J012
aid_tier_group	AID-000027	aid	~/AID/llm-reference/coverage/	aid_tier_group	aid_tier_manifest	aid	AID traceability and audit evidence; not customer answer text by default	evidence_only_authority	coverage ledgers	complete	support_evidence_only	AID traceability and audit evidence; not customer answer text by default	include_support_evidence					KAE-BLOCK-000276	aid_reuse	primary_working_source_after_classification_preservation	aid_reuse	CONF-000007	candidate_with_open_recheck_guardrail	guarded_candidate_recheck_before_exhaustive_playbook	An aligned or AID-reuse baseline route exists, but open conflict/recheck rows block exhaustive or production-ready downstream claims.	S1-J012
aid_tier_group	AID-000028	aid	~/AID/llm-reference/gpts-upload/README.md; ~/AID/llm-reference/gpts-upload/UPLOAD_MANIFEST.tsv; ~/AID/llm-reference/gpts-upload/GPTS_READINESS_REPORT.md; ~/AID/llm-reference/gpts-upload/VALIDATION_PROCESS.md	aid_tier_group	aid_tier_manifest	aid	AID GPTs packaging evidence	evidence_only_authority	GPTs upload packaging evidence	complete	support_evidence_only	AID GPTs packaging evidence	include_support_evidence					KAE-BLOCK-000276	aid_reuse	primary_working_source_after_classification_preservation	aid_reuse	CONF-000007	candidate_with_open_recheck_guardrail	guarded_candidate_recheck_before_exhaustive_playbook	An aligned or AID-reuse baseline route exists, but open conflict/recheck rows block exhaustive or production-ready downstream claims.	S1-J012
source_pack_source	AID-SRC-000001	aid	~/AID/FAQE/Home/01. Installation, Patch, Upgrade/Altibase Client Installation/Starting from ALTIBASE HDB 5.5.1__16875941.md	aid_source	aid_01_installation_upgrade_platform	aid	AID Korean-source-verified		Korean-source-verified				include_exact	exact_markdown	SHARD-001	BLOCK-000007	pass	KAE-BLOCK-000276	aid_reuse	primary_working_source_after_classification_preservation	aid_reuse	CONF-000007	candidate_with_open_recheck_guardrail	guarded_candidate_recheck_before_exhaustive_playbook	An aligned or AID-reuse baseline route exists, but open conflict/recheck rows block exhaustive or production-ready downstream claims.	S1-J012
source_pack_source	AID-SRC-000002	aid	~/AID/FAQE/Home/01. Installation, Patch, Upgrade/Altibase Server Patch Procedure on Unix and Linux__16875922.md	aid_source	aid_01_installation_upgrade_platform	aid	AID Korean-source-verified		Korean-source-verified				include_exact	exact_markdown	SHARD-001	BLOCK-000008	pass	KAE-BLOCK-000276	aid_reuse	primary_working_source_after_classification_preservation	aid_reuse	CONF-000007	candidate_with_open_recheck_guardrail	guarded_candidate_recheck_before_exhaustive_playbook	An aligned or AID-reuse baseline route exists, but open conflict/recheck rows block exhaustive or production-ready downstream claims.	S1-J012
source_pack_source	AID-SRC-000003	aid	~/AID/FAQE/Home/01. Installation, Patch, Upgrade/What Platforms (OS) Altibase HDB supports__16875920.md	aid_source	aid_01_installation_upgrade_platform	aid	AID Korean-source-verified		Korean-source-verified				include_exact	exact_markdown	SHARD-001	BLOCK-000009	pass	KAE-BLOCK-000276	aid_reuse	primary_working_source_after_classification_preservation	aid_reuse	CONF-000007	candidate_with_open_recheck_guardrail	guarded_candidate_recheck_before_exhaustive_playbook	An aligned or AID-reuse baseline route exists, but open conflict/recheck rows block exhaustive or production-ready downstream claims.	S1-J012
source_pack_source	AID-SRC-000004	aid	~/AID/FAQE/Home/01. Installation, Patch, Upgrade/What to do when installing Altibase on Windows, and it says _It has already been installed__16875943.md	aid_source	aid_01_installation_upgrade_platform	aid	AID Korean-source-verified		Korean-source-verified				include_exact	exact_markdown	SHARD-001	BLOCK-000010	pass	KAE-BLOCK-000276	aid_reuse	primary_working_source_after_classification_preservation	aid_reuse	CONF-000007	candidate_with_open_recheck_guardrail	guarded_candidate_recheck_before_exhaustive_playbook	An aligned or AID-reuse baseline route exists, but open conflict/recheck rows block exhaustive or production-ready downstream claims.	S1-J012
source_pack_source	AID-SRC-000005	aid	~/AID/FAQE/Home/02. Operation and Management/Altibase Server Configuration for IPC Communication__22642933.md	aid_source	aid_03_operation_administration_security	aid	AID Korean-source-verified		Korean-source-verified				include_exact	exact_markdown	SHARD-001	BLOCK-000046	pass	KAE-BLOCK-000276	aid_reuse	primary_working_source_after_classification_preservation	aid_reuse	CONF-000007	candidate_with_open_recheck_guardrail	guarded_candidate_recheck_before_exhaustive_playbook	An aligned or AID-reuse baseline route exists, but open conflict/recheck rows block exhaustive or production-ready downstream claims.	S1-J012
source_pack_source	AID-SRC-000006	aid	~/AID/FAQE/Home/02. Operation and Management/Automatic altibase startup during OS booting in Solaris__16875996.md	aid_source	aid_03_operation_administration_security	aid	AID Korean-source-verified		Korean-source-verified				include_exact	exact_markdown	SHARD-001	BLOCK-000047	pass	KAE-BLOCK-000276	aid_reuse	primary_working_source_after_classification_preservation	aid_reuse	CONF-000007	candidate_with_open_recheck_guardrail	guarded_candidate_recheck_before_exhaustive_playbook	An aligned or AID-reuse baseline route exists, but open conflict/recheck rows block exhaustive or production-ready downstream claims.	S1-J012
source_pack_source	AID-SRC-000007	aid	~/AID/FAQE/Home/02. Operation and Management/Can PUBLIC SYNONYM be dropped__16875993.md	aid_source	aid_03_operation_administration_security	aid	AID Korean-source-verified		Korean-source-verified				include_exact	exact_markdown	SHARD-001	BLOCK-000048	pass	KAE-BLOCK-000276	aid_reuse	primary_working_source_after_classification_preservation	aid_reuse	CONF-000007	candidate_with_open_recheck_guardrail	guarded_candidate_recheck_before_exhaustive_playbook	An aligned or AID-reuse baseline route exists, but open conflict/recheck rows block exhaustive or production-ready downstream claims.	S1-J012
source_pack_source	AID-SRC-000008	aid	~/AID/FAQE/Home/02. Operation and Management/Can table data be saved on disk and only indexes can be created in memory__16876008.md	aid_source	aid_03_operation_administration_security	aid	AID Korean-source-verified		Korean-source-verified				include_exact	exact_markdown	SHARD-001	BLOCK-000049	pass	KAE-BLOCK-000276	aid_reuse	primary_working_source_after_classification_preservation	aid_reuse	CONF-000007	candidate_with_open_recheck_guardrail	guarded_candidate_recheck_before_exhaustive_playbook	An aligned or AID-reuse baseline route exists, but open conflict/recheck rows block exhaustive or production-ready downstream claims.	S1-J012
source_pack_source	AID-SRC-000009	aid	~/AID/FAQE/Home/02. Operation and Management/Database Security Checklist__22642935.md	aid_source	aid_03_operation_administration_security	aid	AID Korean-source-verified		Korean-source-verified				include_exact	exact_markdown	SHARD-001	BLOCK-000050	pass	KAE-BLOCK-000276	aid_reuse	primary_working_source_after_classification_preservation	aid_reuse	CONF-000007	candidate_with_open_recheck_guardrail	guarded_candidate_recheck_before_exhaustive_playbook	An aligned or AID-reuse baseline route exists, but open conflict/recheck rows block exhaustive or production-ready downstream claims.	S1-J012
source_pack_source	AID-SRC-000010	aid	~/AID/FAQE/Home/02. Operation and Management/Detailed procedure for changing character set__16876045.md	aid_source	aid_03_operation_administration_security	aid	AID Korean-source-verified		Korean-source-verified				include_exact	exact_markdown	SHARD-001	BLOCK-000051	pass	KAE-BLOCK-000276	aid_reuse	primary_working_source_after_classification_preservation	aid_reuse	CONF-000007	candidate_with_open_recheck_guardrail	guarded_candidate_recheck_before_exhaustive_playbook	An aligned or AID-reuse baseline route exists, but open conflict/recheck rows block exhaustive or production-ready downstream claims.	S1-J012
source_pack_source	AID-SRC-000011	aid	~/AID/FAQE/Home/02. Operation and Management/How to change sys user password__16876004.md	aid_source	aid_03_operation_administration_security	aid	AID Korean-source-verified		Korean-source-verified				include_exact	exact_markdown	SHARD-001	BLOCK-000052	pass	KAE-BLOCK-000276	aid_reuse	primary_working_source_after_classification_preservation	aid_reuse	CONF-000007	candidate_with_open_recheck_guardrail	guarded_candidate_recheck_before_exhaustive_playbook	An aligned or AID-reuse baseline route exists, but open conflict/recheck rows block exhaustive or production-ready downstream claims.	S1-J012
source_pack_source	AID-SRC-000012	aid	~/AID/FAQE/Home/02. Operation and Management/How to change the database's db name__16875966.md	aid_source	aid_03_operation_administration_security	aid	AID Korean-source-verified		Korean-source-verified				include_exact	exact_markdown	SHARD-001	BLOCK-000053	pass	KAE-BLOCK-000276	aid_reuse	primary_working_source_after_classification_preservation	aid_reuse	CONF-000007	candidate_with_open_recheck_guardrail	guarded_candidate_recheck_before_exhaustive_playbook	An aligned or AID-reuse baseline route exists, but open conflict/recheck rows block exhaustive or production-ready downstream claims.	S1-J012
source_pack_source	AID-SRC-000013	aid	~/AID/FAQE/Home/02. Operation and Management/How to change the path of log anchor, online log file, archive log file, and double write file__16876052.md	aid_source	aid_03_operation_administration_security	aid	AID Korean-source-verified		Korean-source-verified				include_exact	exact_markdown	SHARD-001	BLOCK-000054	pass	KAE-BLOCK-000276	aid_reuse	primary_working_source_after_classification_preservation	aid_reuse	CONF-000007	candidate_with_open_recheck_guardrail	guarded_candidate_recheck_before_exhaustive_playbook	An aligned or AID-reuse baseline route exists, but open conflict/recheck rows block exhaustive or production-ready downstream claims.	S1-J012
source_pack_source	AID-SRC-000014	aid	~/AID/FAQE/Home/02. Operation and Management/How to change the tablespace data file path__16876049.md	aid_source	aid_03_operation_administration_security	aid	AID Korean-source-verified		Korean-source-verified				include_exact	exact_markdown	SHARD-001	BLOCK-000055	pass	KAE-BLOCK-000276	aid_reuse	primary_working_source_after_classification_preservation	aid_reuse	CONF-000007	candidate_with_open_recheck_guardrail	guarded_candidate_recheck_before_exhaustive_playbook	An aligned or AID-reuse baseline route exists, but open conflict/recheck rows block exhaustive or production-ready downstream claims.	S1-J012
source_pack_source	AID-SRC-000015	aid	~/AID/FAQE/Home/02. Operation and Management/How to check the history of adding datafiles__16875969.md	aid_source	aid_03_operation_administration_security	aid	AID Korean-source-verified		Korean-source-verified				include_exact	exact_markdown	SHARD-001	BLOCK-000056	pass	KAE-BLOCK-000276	aid_reuse	primary_working_source_after_classification_preservation	aid_reuse	CONF-000007	candidate_with_open_recheck_guardrail	guarded_candidate_recheck_before_exhaustive_playbook	An aligned or AID-reuse baseline route exists, but open conflict/recheck rows block exhaustive or production-ready downstream claims.	S1-J012
source_pack_source	AID-SRC-000016	aid	~/AID/FAQE/Home/02. Operation and Management/How to create a user (CREATE USER) and change a password (ALTER USER)__16876036.md	aid_source	aid_03_operation_administration_security	aid	AID Korean-source-verified		Korean-source-verified				include_exact	exact_markdown	SHARD-001	BLOCK-000057	pass	KAE-BLOCK-000276	aid_reuse	primary_working_source_after_classification_preservation	aid_reuse	CONF-000007	candidate_with_open_recheck_guardrail	guarded_candidate_recheck_before_exhaustive_playbook	An aligned or AID-reuse baseline route exists, but open conflict/recheck rows block exhaustive or production-ready downstream claims.	S1-J012
source_pack_source	AID-SRC-000017	aid	~/AID/FAQE/Home/02. Operation and Management/How to create and execute Job objects__16876042.md	aid_source	aid_03_operation_administration_security	aid	AID Korean-source-verified		Korean-source-verified				include_exact	exact_markdown	SHARD-001	BLOCK-000058	pass	KAE-BLOCK-000276	aid_reuse	primary_working_source_after_classification_preservation	aid_reuse	CONF-000007	candidate_with_open_recheck_guardrail	guarded_candidate_recheck_before_exhaustive_playbook	An aligned or AID-reuse baseline route exists, but open conflict/recheck rows block exhaustive or production-ready downstream claims.	S1-J012
source_pack_source	AID-SRC-000018	aid	~/AID/FAQE/Home/02. Operation and Management/How to forcefully close a session that is being locked__16875986.md	aid_source	aid_03_operation_administration_security	aid	AID Korean-source-verified		Korean-source-verified				include_exact	exact_markdown	SHARD-001	BLOCK-000059	pass	KAE-BLOCK-000276	aid_reuse	primary_working_source_after_classification_preservation	aid_reuse	CONF-000007	candidate_with_open_recheck_guardrail	guarded_candidate_recheck_before_exhaustive_playbook	An aligned or AID-reuse baseline route exists, but open conflict/recheck rows block exhaustive or production-ready downstream claims.	S1-J012
source_pack_source	AID-SRC-000019	aid	~/AID/FAQE/Home/02. Operation and Management/How to modify column__16875952.md	aid_source	aid_03_operation_administration_security	aid	AID Korean-source-verified		Korean-source-verified				include_exact	exact_markdown	SHARD-001	BLOCK-000060	pass	KAE-BLOCK-000276	aid_reuse	primary_working_source_after_classification_preservation	aid_reuse	CONF-000007	candidate_with_open_recheck_guardrail	guarded_candidate_recheck_before_exhaustive_playbook	An aligned or AID-reuse baseline route exists, but open conflict/recheck rows block exhaustive or production-ready downstream claims.	S1-J012
source_pack_source	AID-SRC-000020	aid	~/AID/FAQE/Home/02. Operation and Management/How to resolve when LOCK TIMEOUT occurs__16875984.md	aid_source	aid_03_operation_administration_security	aid	AID Korean-source-verified		Korean-source-verified				include_exact	exact_markdown	SHARD-001	BLOCK-000061	pass	KAE-BLOCK-000276	aid_reuse	primary_working_source_after_classification_preservation	aid_reuse	CONF-000007	candidate_with_open_recheck_guardrail	guarded_candidate_recheck_before_exhaustive_playbook	An aligned or AID-reuse baseline route exists, but open conflict/recheck rows block exhaustive or production-ready downstream claims.	S1-J012
source_pack_source	AID-SRC-000021	aid	~/AID/FAQE/Home/02. Operation and Management/How to start and stop the database__22642937.md	aid_source	aid_03_operation_administration_security	aid	AID Korean-source-verified		Korean-source-verified				include_exact	exact_markdown	SHARD-001	BLOCK-000062	pass	KAE-BLOCK-000276	aid_reuse	primary_working_source_after_classification_preservation	aid_reuse	CONF-000007	candidate_with_open_recheck_guardrail	guarded_candidate_recheck_before_exhaustive_playbook	An aligned or AID-reuse baseline route exists, but open conflict/recheck rows block exhaustive or production-ready downstream claims.	S1-J012
source_pack_source	AID-SRC-000022	aid	~/AID/FAQE/Home/02. Operation and Management/How to startup Altibase automatically when booting from HP-UX__16875976.md	aid_source	aid_03_operation_administration_security	aid	AID Korean-source-verified		Korean-source-verified				include_exact	exact_markdown	SHARD-001	BLOCK-000063	pass	KAE-BLOCK-000276	aid_reuse	primary_working_source_after_classification_preservation	aid_reuse	CONF-000007	candidate_with_open_recheck_guardrail	guarded_candidate_recheck_before_exhaustive_playbook	An aligned or AID-reuse baseline route exists, but open conflict/recheck rows block exhaustive or production-ready downstream claims.	S1-J012
source_pack_source	AID-SRC-000023	aid	~/AID/FAQE/Home/02. Operation and Management/Maximum Capacity Specifications for Altibase__16875989.md	aid_source	aid_03_operation_administration_security	aid	AID Korean-source-verified		Korean-source-verified				include_exact	exact_markdown	SHARD-001	BLOCK-000064	pass	KAE-BLOCK-000276	aid_reuse	primary_working_source_after_classification_preservation	aid_reuse	CONF-000007	candidate_with_open_recheck_guardrail	guarded_candidate_recheck_before_exhaustive_playbook	An aligned or AID-reuse baseline route exists, but open conflict/recheck rows block exhaustive or production-ready downstream claims.	S1-J012
source_pack_source	AID-SRC-000024	aid	~/AID/FAQE/Home/02. Operation and Management/Notes on using floating point data type (double, float)__16875974.md	aid_source	aid_03_operation_administration_security	aid	AID Korean-source-verified		Korean-source-verified				include_exact	exact_markdown	SHARD-001	BLOCK-000065	pass	KAE-BLOCK-000276	aid_reuse	primary_working_source_after_classification_preservation	aid_reuse	CONF-000007	candidate_with_open_recheck_guardrail	guarded_candidate_recheck_before_exhaustive_playbook	An aligned or AID-reuse baseline route exists, but open conflict/recheck rows block exhaustive or production-ready downstream claims.	S1-J012
source_pack_source	AID-SRC-000025	aid	~/AID/FAQE/Home/02. Operation and Management/Notes_Considerations when changing TRANSACTION_TABLE_SIZE__16876013.md	aid_source	aid_03_operation_administration_security	aid	AID Korean-source-verified		Korean-source-verified				include_exact	exact_markdown	SHARD-001	BLOCK-000066	pass	KAE-BLOCK-000276	aid_reuse	primary_working_source_after_classification_preservation	aid_reuse	CONF-000007	candidate_with_open_recheck_guardrail	guarded_candidate_recheck_before_exhaustive_playbook	An aligned or AID-reuse baseline route exists, but open conflict/recheck rows block exhaustive or production-ready downstream claims.	S1-J012
source_pack_source	AID-SRC-000026	aid	~/AID/FAQE/Home/02. Operation and Management/Notes_Considerations when increasing the number of concurrent connection sessions (MAX_CLIENT)__16876028.md	aid_source	aid_03_operation_administration_security	aid	AID Korean-source-verified		Korean-source-verified				include_exact	exact_markdown	SHARD-001	BLOCK-000067	pass	KAE-BLOCK-000276	aid_reuse	primary_working_source_after_classification_preservation	aid_reuse	CONF-000007	candidate_with_open_recheck_guardrail	guarded_candidate_recheck_before_exhaustive_playbook	An aligned or AID-reuse baseline route exists, but open conflict/recheck rows block exhaustive or production-ready downstream claims.	S1-J012
source_pack_source	AID-SRC-000027	aid	~/AID/FAQE/Home/02. Operation and Management/The OS time and the DB time do not match__22642939.md	aid_source	aid_03_operation_administration_security	aid	AID Korean-source-verified		Korean-source-verified				include_exact	exact_markdown	SHARD-001	BLOCK-000068	pass	KAE-BLOCK-000276	aid_reuse	primary_working_source_after_classification_preservation	aid_reuse	CONF-000007	candidate_with_open_recheck_guardrail	guarded_candidate_recheck_before_exhaustive_playbook	An aligned or AID-reuse baseline route exists, but open conflict/recheck rows block exhaustive or production-ready downstream claims.	S1-J012
source_pack_source	AID-SRC-000028	aid	~/AID/FAQE/Home/02. Operation and Management/User password length limitation - Differences by version__22642941.md	aid_source	aid_03_operation_administration_security	aid	AID Korean-source-verified		Korean-source-verified				include_exact	exact_markdown	SHARD-001	BLOCK-000069	pass	KAE-BLOCK-000276	aid_reuse	primary_working_source_after_classification_preservation	aid_reuse	CONF-000007	candidate_with_open_recheck_guardrail	guarded_candidate_recheck_before_exhaustive_playbook	An aligned or AID-reuse baseline route exists, but open conflict/recheck rows block exhaustive or production-ready downstream claims.	S1-J012
source_pack_source	AID-SRC-000029	aid	~/AID/FAQE/Home/02. Operation and Management/What is MEM_MAX_DB_SIZE__16875991.md	aid_source	aid_03_operation_administration_security	aid	AID Korean-source-verified		Korean-source-verified				include_exact	exact_markdown	SHARD-001	BLOCK-000070	pass	KAE-BLOCK-000276	aid_reuse	primary_working_source_after_classification_preservation	aid_reuse	CONF-000007	candidate_with_open_recheck_guardrail	guarded_candidate_recheck_before_exhaustive_playbook	An aligned or AID-reuse baseline route exists, but open conflict/recheck rows block exhaustive or production-ready downstream claims.	S1-J012
source_pack_source	AID-SRC-000030	aid	~/AID/FAQE/Home/02. Operation and Management/When log disk is FULL and its countermeasures__16876034.md	aid_source	aid_03_operation_administration_security	aid	AID Korean-source-verified		Korean-source-verified				include_exact	exact_markdown	SHARD-001	BLOCK-000071	pass	KAE-BLOCK-000276	aid_reuse	primary_working_source_after_classification_preservation	aid_reuse	CONF-000007	candidate_with_open_recheck_guardrail	guarded_candidate_recheck_before_exhaustive_playbook	An aligned or AID-reuse baseline route exists, but open conflict/recheck rows block exhaustive or production-ready downstream claims.	S1-J012
source_pack_source	AID-SRC-000031	aid	~/AID/FAQE/Home/02. Operation and Management/When server create errors occur after DB name change__16875972.md	aid_source	aid_03_operation_administration_security	aid	AID Korean-source-verified		Korean-source-verified				include_exact	exact_markdown	SHARD-001	BLOCK-000072	pass	KAE-BLOCK-000276	aid_reuse	primary_working_source_after_classification_preservation	aid_reuse	CONF-000007	candidate_with_open_recheck_guardrail	guarded_candidate_recheck_before_exhaustive_playbook	An aligned or AID-reuse baseline route exists, but open conflict/recheck rows block exhaustive or production-ready downstream claims.	S1-J012
source_pack_source	AID-SRC-000032	aid	~/AID/FAQE/Home/02. Operation and Management/[Linux] How to register Altibase server process auto start script__16875947.md	aid_source	aid_03_operation_administration_security	aid	AID Korean-source-verified		Korean-source-verified				include_exact	exact_markdown	SHARD-001	BLOCK-000073	pass	KAE-BLOCK-000276	aid_reuse	primary_working_source_after_classification_preservation	aid_reuse	CONF-000007	candidate_with_open_recheck_guardrail	guarded_candidate_recheck_before_exhaustive_playbook	An aligned or AID-reuse baseline route exists, but open conflict/recheck rows block exhaustive or production-ready downstream claims.	S1-J012
source_pack_source	AID-SRC-000033	aid	~/AID/FAQE/Home/03. Replication/Causes and Solutions of Replication Conflicts__16876059.md	aid_source	aid_05_replication_ha	aid	AID Korean-source-verified		Korean-source-verified				include_exact	exact_markdown	SHARD-001	BLOCK-000103	pass	KAE-BLOCK-000276	aid_reuse	primary_working_source_after_classification_preservation	aid_reuse	CONF-000007	candidate_with_open_recheck_guardrail	guarded_candidate_recheck_before_exhaustive_playbook	An aligned or AID-reuse baseline route exists, but open conflict/recheck rows block exhaustive or production-ready downstream claims.	S1-J012
source_pack_source	AID-SRC-000034	aid	~/AID/FAQE/Home/03. Replication/DDL operation on the table for Altibase replication__22642943.md	aid_source	aid_05_replication_ha	aid	AID Korean-source-verified		Korean-source-verified				include_exact	exact_markdown	SHARD-001	BLOCK-000104	pass	KAE-BLOCK-000276	aid_reuse	primary_working_source_after_classification_preservation	aid_reuse	CONF-000007	candidate_with_open_recheck_guardrail	guarded_candidate_recheck_before_exhaustive_playbook	An aligned or AID-reuse baseline route exists, but open conflict/recheck rows block exhaustive or production-ready downstream claims.	S1-J012
source_pack_source	AID-SRC-000035	aid	~/AID/FAQE/Home/03. Replication/How to add_delete replication target table__16876094.md	aid_source	aid_05_replication_ha	aid	AID Korean-source-verified		Korean-source-verified				include_exact	exact_markdown	SHARD-001	BLOCK-000105	pass	KAE-BLOCK-000276	aid_reuse	primary_working_source_after_classification_preservation	aid_reuse	CONF-000007	candidate_with_open_recheck_guardrail	guarded_candidate_recheck_before_exhaustive_playbook	An aligned or AID-reuse baseline route exists, but open conflict/recheck rows block exhaustive or production-ready downstream claims.	S1-J012
source_pack_source	AID-SRC-000036	aid	~/AID/FAQE/Home/03. Replication/How to change replication object IP__16876079.md	aid_source	aid_05_replication_ha	aid	AID Korean-source-verified		Korean-source-verified				include_exact	exact_markdown	SHARD-001	BLOCK-000106	pass	KAE-BLOCK-000276	aid_reuse	primary_working_source_after_classification_preservation	aid_reuse	CONF-000007	candidate_with_open_recheck_guardrail	guarded_candidate_recheck_before_exhaustive_playbook	An aligned or AID-reuse baseline route exists, but open conflict/recheck rows block exhaustive or production-ready downstream claims.	S1-J012
source_pack_source	AID-SRC-000037	aid	~/AID/FAQE/Home/03. Replication/How to create multiple replication objects with the same IP__16876063.md	aid_source	aid_05_replication_ha	aid	AID Korean-source-verified		Korean-source-verified				include_exact	exact_markdown	SHARD-001	BLOCK-000107	pass	KAE-BLOCK-000276	aid_reuse	primary_working_source_after_classification_preservation	aid_reuse	CONF-000007	candidate_with_open_recheck_guardrail	guarded_candidate_recheck_before_exhaustive_playbook	An aligned or AID-reuse baseline route exists, but open conflict/recheck rows block exhaustive or production-ready downstream claims.	S1-J012
source_pack_source	AID-SRC-000038	aid	~/AID/FAQE/Home/03. Replication/How to create_delete replication objects__16876082.md	aid_source	aid_05_replication_ha	aid	AID Link-validated Korean-source-verified		Link-validated Korean-source-verified				include_exact	exact_markdown	SHARD-001	BLOCK-000108	pass	KAE-BLOCK-000276	aid_reuse	primary_working_source_after_classification_preservation	aid_reuse	CONF-000007	candidate_with_open_recheck_guardrail	guarded_candidate_recheck_before_exhaustive_playbook	An aligned or AID-reuse baseline route exists, but open conflict/recheck rows block exhaustive or production-ready downstream claims.	S1-J012
source_pack_source	AID-SRC-000039	aid	~/AID/FAQE/Home/03. Replication/Replication give-up__22642945.md	aid_source	aid_05_replication_ha	aid	AID Korean-source-verified		Korean-source-verified				include_exact	exact_markdown	SHARD-001	BLOCK-000109	pass	KAE-BLOCK-000276	aid_reuse	primary_working_source_after_classification_preservation	aid_reuse	CONF-000007	candidate_with_open_recheck_guardrail	guarded_candidate_recheck_before_exhaustive_playbook	An aligned or AID-reuse baseline route exists, but open conflict/recheck rows block exhaustive or production-ready downstream claims.	S1-J012
source_pack_source	AID-SRC-000040	aid	~/AID/FAQE/Home/03. Replication/Replication monitoring query__22642947.md	aid_source	aid_05_replication_ha	aid	AID Korean-source-verified		Korean-source-verified				include_exact	exact_markdown	SHARD-001	BLOCK-000110	pass	KAE-BLOCK-000276	aid_reuse	primary_working_source_after_classification_preservation	aid_reuse	CONF-000007	candidate_with_open_recheck_guardrail	guarded_candidate_recheck_before_exhaustive_playbook	An aligned or AID-reuse baseline route exists, but open conflict/recheck rows block exhaustive or production-ready downstream claims.	S1-J012
source_pack_source	AID-SRC-000041	aid	~/AID/FAQE/Home/04. Backup and Recovery/How to recover cold backup by changing directory path__16876133.md	aid_source	aid_04_backup_recovery	aid	AID Korean-source-verified		Korean-source-verified				include_exact	exact_markdown	SHARD-001	BLOCK-000088	pass	KAE-BLOCK-000276	aid_reuse	primary_working_source_after_classification_preservation	aid_reuse	CONF-000007	candidate_with_open_recheck_guardrail	guarded_candidate_recheck_before_exhaustive_playbook	An aligned or AID-reuse baseline route exists, but open conflict/recheck rows block exhaustive or production-ready downstream claims.	S1-J012
source_pack_source	AID-SRC-000042	aid	~/AID/FAQE/Home/04. Backup and Recovery/Online Backup and Time Based Recovery__16876135.md	aid_source	aid_04_backup_recovery	aid	AID Korean-source-verified		Korean-source-verified				include_exact	exact_markdown	SHARD-001	BLOCK-000089	pass	KAE-BLOCK-000276	aid_reuse	primary_working_source_after_classification_preservation	aid_reuse	CONF-000007	candidate_with_open_recheck_guardrail	guarded_candidate_recheck_before_exhaustive_playbook	An aligned or AID-reuse baseline route exists, but open conflict/recheck rows block exhaustive or production-ready downstream claims.	S1-J012
source_pack_source	AID-SRC-000043	aid	~/AID/FAQE/Home/04. Backup and Recovery/Using aexport and iloader/Create database object and upload data__16876145.md	aid_source	aid_04_backup_recovery	aid	AID Korean-source-verified		Korean-source-verified				include_exact	exact_markdown	SHARD-001	BLOCK-000090	pass	KAE-BLOCK-000276	aid_reuse	primary_working_source_after_classification_preservation	aid_reuse	CONF-000007	candidate_with_open_recheck_guardrail	guarded_candidate_recheck_before_exhaustive_playbook	An aligned or AID-reuse baseline route exists, but open conflict/recheck rows block exhaustive or production-ready downstream claims.	S1-J012
source_pack_source	AID-SRC-000044	aid	~/AID/FAQE/Home/04. Backup and Recovery/Using aexport and iloader/Data download using iloader__16876147.md	aid_source	aid_04_backup_recovery	aid	AID Korean-source-verified		Korean-source-verified				include_exact	exact_markdown	SHARD-001	BLOCK-000091	pass	KAE-BLOCK-000276	aid_reuse	primary_working_source_after_classification_preservation	aid_reuse	CONF-000007	candidate_with_open_recheck_guardrail	guarded_candidate_recheck_before_exhaustive_playbook	An aligned or AID-reuse baseline route exists, but open conflict/recheck rows block exhaustive or production-ready downstream claims.	S1-J012
source_pack_source	AID-SRC-000045	aid	~/AID/FAQE/Home/04. Backup and Recovery/Using aexport and iloader/Database object backup using aexport__22642949.md	aid_source	aid_04_backup_recovery	aid	AID Korean-source-verified		Korean-source-verified				include_exact	exact_markdown	SHARD-001	BLOCK-000092	pass	KAE-BLOCK-000276	aid_reuse	primary_working_source_after_classification_preservation	aid_reuse	CONF-000007	candidate_with_open_recheck_guardrail	guarded_candidate_recheck_before_exhaustive_playbook	An aligned or AID-reuse baseline route exists, but open conflict/recheck rows block exhaustive or production-ready downstream claims.	S1-J012
source_pack_source	AID-SRC-000046	aid	~/AID/FAQE/Home/04. Backup and Recovery/Using aexport and iloader/What is aexport, iloader__16876105.md	aid_source	aid_04_backup_recovery	aid	AID Korean-source-verified		Korean-source-verified				include_exact	exact_markdown	SHARD-001	BLOCK-000093	pass	KAE-BLOCK-000276	aid_reuse	primary_working_source_after_classification_preservation	aid_reuse	CONF-000007	candidate_with_open_recheck_guardrail	guarded_candidate_recheck_before_exhaustive_playbook	An aligned or AID-reuse baseline route exists, but open conflict/recheck rows block exhaustive or production-ready downstream claims.	S1-J012
source_pack_source	AID-SRC-000047	aid	~/AID/FAQE/Home/04. Backup and Recovery/Using aexport and iloader__16876103.md	aid_source	aid_04_backup_recovery	aid	AID Korean-source-verified		Korean-source-verified				include_exact	exact_markdown	SHARD-001	BLOCK-000094	pass	KAE-BLOCK-000276	aid_reuse	primary_working_source_after_classification_preservation	aid_reuse	CONF-000007	candidate_with_open_recheck_guardrail	guarded_candidate_recheck_before_exhaustive_playbook	An aligned or AID-reuse baseline route exists, but open conflict/recheck rows block exhaustive or production-ready downstream claims.	S1-J012
source_pack_source	AID-SRC-000048	aid	~/AID/FAQE/Home/05. SQL/Comparison between VARCHAR and CHAR types__16876151.md	aid_source	aid_08_sql_performance_tuning	aid	AID Korean-source-verified		Korean-source-verified				include_exact	exact_markdown	SHARD-002	BLOCK-000308	pass	KAE-BLOCK-000276	aid_reuse	primary_working_source_after_classification_preservation	aid_reuse	CONF-000007	candidate_with_open_recheck_guardrail	guarded_candidate_recheck_before_exhaustive_playbook	An aligned or AID-reuse baseline route exists, but open conflict/recheck rows block exhaustive or production-ready downstream claims.	S1-J012
source_pack_source	AID-SRC-000049	aid	~/AID/FAQE/Home/05. SQL/How to check the privileges granted to an object__16876153.md	aid_source	aid_08_sql_performance_tuning	aid	AID Korean-source-verified		Korean-source-verified				include_exact	exact_markdown	SHARD-002	BLOCK-000309	pass	KAE-BLOCK-000276	aid_reuse	primary_working_source_after_classification_preservation	aid_reuse	CONF-000007	candidate_with_open_recheck_guardrail	guarded_candidate_recheck_before_exhaustive_playbook	An aligned or AID-reuse baseline route exists, but open conflict/recheck rows block exhaustive or production-ready downstream claims.	S1-J012
source_pack_source	AID-SRC-000050	aid	~/AID/FAQE/Home/06. Stored Procedure/How to check the contents of stored procedure__16876159.md	aid_source	aid_08_sql_performance_tuning	aid	AID Korean-source-verified		Korean-source-verified				include_exact	exact_markdown	SHARD-002	BLOCK-000310	pass	KAE-BLOCK-000276	aid_reuse	primary_working_source_after_classification_preservation	aid_reuse	CONF-000007	candidate_with_open_recheck_guardrail	guarded_candidate_recheck_before_exhaustive_playbook	An aligned or AID-reuse baseline route exists, but open conflict/recheck rows block exhaustive or production-ready downstream claims.	S1-J012
source_pack_source	AID-SRC-000051	aid	~/AID/FAQE/Home/06. Stored Procedure/How to check the number of records affected by DML within the stored procedure__16876157.md	aid_source	aid_08_sql_performance_tuning	aid	AID Link-validated Korean-source-verified		Link-validated Korean-source-verified				include_exact	exact_markdown	SHARD-002	BLOCK-000311	pass	KAE-BLOCK-000276	aid_reuse	primary_working_source_after_classification_preservation	aid_reuse	CONF-000007	candidate_with_open_recheck_guardrail	guarded_candidate_recheck_before_exhaustive_playbook	An aligned or AID-reuse baseline route exists, but open conflict/recheck rows block exhaustive or production-ready downstream claims.	S1-J012
source_pack_source	AID-SRC-000052	aid	~/AID/FAQE/Home/07. Development and API/Connection disconnection, error codes, and error messages in each case (APRE_C_C++, SQLCLI)__16876167.md	aid_source	aid_09_development_client_api	aid	AID Korean-source-verified		Korean-source-verified				include_exact	exact_markdown	SHARD-002	BLOCK-000321	pass	KAE-BLOCK-000276	aid_reuse	primary_working_source_after_classification_preservation	aid_reuse	CONF-000007	candidate_with_open_recheck_guardrail	guarded_candidate_recheck_before_exhaustive_playbook	An aligned or AID-reuse baseline route exists, but open conflict/recheck rows block exhaustive or production-ready downstream claims.	S1-J012
source_pack_source	AID-SRC-000053	aid	~/AID/FAQE/Home/07. Development and API/How to manage Spring+iBatis transaction__16876194.md	aid_source	aid_09_development_client_api	aid	AID Link-validated Korean-source-verified		Link-validated Korean-source-verified				include_exact	exact_markdown	SHARD-002	BLOCK-000322	pass	KAE-BLOCK-000276	aid_reuse	primary_working_source_after_classification_preservation	aid_reuse	CONF-000007	candidate_with_open_recheck_guardrail	guarded_candidate_recheck_before_exhaustive_playbook	An aligned or AID-reuse baseline route exists, but open conflict/recheck rows block exhaustive or production-ready downstream claims.	S1-J012
source_pack_source	AID-SRC-000054	aid	~/AID/FAQE/Home/07. Development and API/JDBC/How to change the jdbc.trc file creation location__16876175.md	aid_source	aid_09_development_client_api	aid	AID Korean-source-verified		Korean-source-verified				include_exact	exact_markdown	SHARD-002	BLOCK-000323	pass	KAE-BLOCK-000276	aid_reuse	primary_working_source_after_classification_preservation	aid_reuse	CONF-000007	candidate_with_open_recheck_guardrail	guarded_candidate_recheck_before_exhaustive_playbook	An aligned or AID-reuse baseline route exists, but open conflict/recheck rows block exhaustive or production-ready downstream claims.	S1-J012
source_pack_source	AID-SRC-000055	aid	~/AID/FAQE/Home/07. Development and API/JDBC/How to use Fail-Over in Altibase JDBC__16876173.md	aid_source	aid_09_development_client_api	aid	AID Korean-source-verified		Korean-source-verified				include_exact	exact_markdown	SHARD-002	BLOCK-000324	pass	KAE-BLOCK-000276	aid_reuse	primary_working_source_after_classification_preservation	aid_reuse	CONF-000007	candidate_with_open_recheck_guardrail	guarded_candidate_recheck_before_exhaustive_playbook	An aligned or AID-reuse baseline route exists, but open conflict/recheck rows block exhaustive or production-ready downstream claims.	S1-J012
source_pack_source	AID-SRC-000056	aid	~/AID/FAQE/Home/07. Development and API/JDBC/Simultaneous connections to different Altibase versions via JDBC__22642951.md	aid_source	aid_09_development_client_api	aid	AID Korean-source-verified		Korean-source-verified				include_exact	exact_markdown	SHARD-002	BLOCK-000325	pass	KAE-BLOCK-000276	aid_reuse	primary_working_source_after_classification_preservation	aid_reuse	CONF-000007	candidate_with_open_recheck_guardrail	guarded_candidate_recheck_before_exhaustive_playbook	An aligned or AID-reuse baseline route exists, but open conflict/recheck rows block exhaustive or production-ready downstream claims.	S1-J012
source_pack_source	AID-SRC-000057	aid	~/AID/FAQE/Home/07. Development and API/ODBC/32-bit ODBC installation on 64-bit Windows__22642957.md	aid_source	aid_09_development_client_api	aid	AID Korean-source-verified		Korean-source-verified				include_exact	exact_markdown	SHARD-002	BLOCK-000326	pass	KAE-BLOCK-000276	aid_reuse	primary_working_source_after_classification_preservation	aid_reuse	CONF-000007	candidate_with_open_recheck_guardrail	guarded_candidate_recheck_before_exhaustive_playbook	An aligned or AID-reuse baseline route exists, but open conflict/recheck rows block exhaustive or production-ready downstream claims.	S1-J012
source_pack_source	AID-SRC-000058	aid	~/AID/FAQE/Home/07. Development and API/ODBC/Integrating with unix_odbc__16876187.md	aid_source	aid_09_development_client_api	aid	AID Korean-source-verified		Korean-source-verified				include_exact	exact_markdown	SHARD-002	BLOCK-000327	pass	KAE-BLOCK-000276	aid_reuse	primary_working_source_after_classification_preservation	aid_reuse	CONF-000007	candidate_with_open_recheck_guardrail	guarded_candidate_recheck_before_exhaustive_playbook	An aligned or AID-reuse baseline route exists, but open conflict/recheck rows block exhaustive or production-ready downstream claims.	S1-J012
source_pack_source	AID-SRC-000059	aid	~/AID/FAQE/Home/07. Development and API/ODBC/ODBC function, SQLFreeStmt__16876183.md	aid_source	aid_09_development_client_api	aid	AID Korean-source-verified		Korean-source-verified				include_exact	exact_markdown	SHARD-002	BLOCK-000328	pass	KAE-BLOCK-000276	aid_reuse	primary_working_source_after_classification_preservation	aid_reuse	CONF-000007	candidate_with_open_recheck_guardrail	guarded_candidate_recheck_before_exhaustive_playbook	An aligned or AID-reuse baseline route exists, but open conflict/recheck rows block exhaustive or production-ready downstream claims.	S1-J012
source_pack_source	AID-SRC-000060	aid	~/AID/FAQE/Home/07. Development and API/PHP/Hangul is broken when using php__16876191.md	aid_source	aid_09_development_client_api	aid	AID Korean-source-verified		Korean-source-verified				include_exact	exact_markdown	SHARD-002	BLOCK-000329	pass	KAE-BLOCK-000276	aid_reuse	primary_working_source_after_classification_preservation	aid_reuse	CONF-000007	candidate_with_open_recheck_guardrail	guarded_candidate_recheck_before_exhaustive_playbook	An aligned or AID-reuse baseline route exists, but open conflict/recheck rows block exhaustive or production-ready downstream claims.	S1-J012
source_pack_source	AID-SRC-000061	aid	~/AID/FAQE/Home/08. Monitoring/Disk table and index usage/ALTIBASE HDB 4.3.9.x__16876229.md	aid_source	aid_06_monitoring_diagnostics	aid	AID Korean-source-verified		Korean-source-verified				include_exact	exact_markdown	SHARD-001	BLOCK-000117	pass	KAE-BLOCK-000276	aid_reuse	primary_working_source_after_classification_preservation	aid_reuse	CONF-000007	candidate_with_open_recheck_guardrail	guarded_candidate_recheck_before_exhaustive_playbook	An aligned or AID-reuse baseline route exists, but open conflict/recheck rows block exhaustive or production-ready downstream claims.	S1-J012
source_pack_source	AID-SRC-000062	aid	~/AID/FAQE/Home/08. Monitoring/Disk table and index usage/ALTIBASE HDB 5.1.5.x__16876234.md	aid_source	aid_06_monitoring_diagnostics	aid	AID Korean-source-verified		Korean-source-verified				include_exact	exact_markdown	SHARD-001	BLOCK-000118	pass	KAE-BLOCK-000276	aid_reuse	primary_working_source_after_classification_preservation	aid_reuse	CONF-000007	candidate_with_open_recheck_guardrail	guarded_candidate_recheck_before_exhaustive_playbook	An aligned or AID-reuse baseline route exists, but open conflict/recheck rows block exhaustive or production-ready downstream claims.	S1-J012
source_pack_source	AID-SRC-000063	aid	~/AID/FAQE/Home/08. Monitoring/Disk table and index usage/ALTIBASE HDB 5.3.x, 5.5.1, 6.1.1, 6.3.1__16876240.md	aid_source	aid_06_monitoring_diagnostics	aid	AID Korean-source-verified		Korean-source-verified				include_exact	exact_markdown	SHARD-001	BLOCK-000119	pass	KAE-BLOCK-000276	aid_reuse	primary_working_source_after_classification_preservation	aid_reuse	CONF-000007	candidate_with_open_recheck_guardrail	guarded_candidate_recheck_before_exhaustive_playbook	An aligned or AID-reuse baseline route exists, but open conflict/recheck rows block exhaustive or production-ready downstream claims.	S1-J012
source_pack_source	AID-SRC-000064	aid	~/AID/FAQE/Home/08. Monitoring/Disk table and index usage__16876226.md	aid_source	aid_06_monitoring_diagnostics	aid	AID Korean-source-verified		Korean-source-verified				include_exact	exact_markdown	SHARD-001	BLOCK-000120	pass	KAE-BLOCK-000276	aid_reuse	primary_working_source_after_classification_preservation	aid_reuse	CONF-000007	candidate_with_open_recheck_guardrail	guarded_candidate_recheck_before_exhaustive_playbook	An aligned or AID-reuse baseline route exists, but open conflict/recheck rows block exhaustive or production-ready downstream claims.	S1-J012
source_pack_source	AID-SRC-000065	aid	~/AID/FAQE/Home/08. Monitoring/Disk tablespace usage/ALTIBASE HDB 4.3.9__16876249.md	aid_source	aid_06_monitoring_diagnostics	aid	AID Korean-source-verified		Korean-source-verified				include_exact	exact_markdown	SHARD-001	BLOCK-000121	pass	KAE-BLOCK-000276	aid_reuse	primary_working_source_after_classification_preservation	aid_reuse	CONF-000007	candidate_with_open_recheck_guardrail	guarded_candidate_recheck_before_exhaustive_playbook	An aligned or AID-reuse baseline route exists, but open conflict/recheck rows block exhaustive or production-ready downstream claims.	S1-J012
source_pack_source	AID-SRC-000066	aid	~/AID/FAQE/Home/08. Monitoring/Disk tablespace usage/ALTIBASE HDB 5.1.5__16876251.md	aid_source	aid_06_monitoring_diagnostics	aid	AID Korean-source-verified		Korean-source-verified				include_exact	exact_markdown	SHARD-001	BLOCK-000122	pass	KAE-BLOCK-000276	aid_reuse	primary_working_source_after_classification_preservation	aid_reuse	CONF-000007	candidate_with_open_recheck_guardrail	guarded_candidate_recheck_before_exhaustive_playbook	An aligned or AID-reuse baseline route exists, but open conflict/recheck rows block exhaustive or production-ready downstream claims.	S1-J012
source_pack_source	AID-SRC-000067	aid	~/AID/FAQE/Home/08. Monitoring/Disk tablespace usage/ALTIBASE HDB 5.3.3, 5.3.5__16876253.md	aid_source	aid_06_monitoring_diagnostics	aid	AID Korean-source-verified		Korean-source-verified				include_exact	exact_markdown	SHARD-001	BLOCK-000123	pass	KAE-BLOCK-000276	aid_reuse	primary_working_source_after_classification_preservation	aid_reuse	CONF-000007	candidate_with_open_recheck_guardrail	guarded_candidate_recheck_before_exhaustive_playbook	An aligned or AID-reuse baseline route exists, but open conflict/recheck rows block exhaustive or production-ready downstream claims.	S1-J012
source_pack_source	AID-SRC-000068	aid	~/AID/FAQE/Home/08. Monitoring/Disk tablespace usage/ALTIBASE HDB 5.5.1, 6.1.1, 6.3.1__16876255.md	aid_source	aid_06_monitoring_diagnostics	aid	AID Korean-source-verified		Korean-source-verified				include_exact	exact_markdown	SHARD-001	BLOCK-000124	pass	KAE-BLOCK-000276	aid_reuse	primary_working_source_after_classification_preservation	aid_reuse	CONF-000007	candidate_with_open_recheck_guardrail	guarded_candidate_recheck_before_exhaustive_playbook	An aligned or AID-reuse baseline route exists, but open conflict/recheck rows block exhaustive or production-ready downstream claims.	S1-J012
source_pack_source	AID-SRC-000069	aid	~/AID/FAQE/Home/08. Monitoring/How to determine which queries are being rolled back__16876296.md	aid_source	aid_06_monitoring_diagnostics	aid	AID Korean-source-verified		Korean-source-verified				include_exact	exact_markdown	SHARD-001	BLOCK-000125	pass	KAE-BLOCK-000276	aid_reuse	primary_working_source_after_classification_preservation	aid_reuse	CONF-000007	candidate_with_open_recheck_guardrail	guarded_candidate_recheck_before_exhaustive_playbook	An aligned or AID-reuse baseline route exists, but open conflict/recheck rows block exhaustive or production-ready downstream claims.	S1-J012
source_pack_source	AID-SRC-000070	aid	~/AID/FAQE/Home/08. Monitoring/How to log queries performed in Altibase (altiProfile)__22642959.md	aid_source	aid_06_monitoring_diagnostics	aid	AID Korean-source-verified		Korean-source-verified				include_exact	exact_markdown	SHARD-002	BLOCK-000126	pass	KAE-BLOCK-000276	aid_reuse	primary_working_source_after_classification_preservation	aid_reuse	CONF-000007	candidate_with_open_recheck_guardrail	guarded_candidate_recheck_before_exhaustive_playbook	An aligned or AID-reuse baseline route exists, but open conflict/recheck rows block exhaustive or production-ready downstream claims.	S1-J012
source_pack_source	AID-SRC-000071	aid	~/AID/FAQE/Home/08. Monitoring/How to set up and execute altimon__16876266.md	aid_source	aid_06_monitoring_diagnostics	aid	AID Link-validated Korean-source-verified		Link-validated Korean-source-verified				include_exact	exact_markdown	SHARD-002	BLOCK-000127	pass	KAE-BLOCK-000276	aid_reuse	primary_working_source_after_classification_preservation	aid_reuse	CONF-000007	candidate_with_open_recheck_guardrail	guarded_candidate_recheck_before_exhaustive_playbook	An aligned or AID-reuse baseline route exists, but open conflict/recheck rows block exhaustive or production-ready downstream claims.	S1-J012
source_pack_source	AID-SRC-000072	aid	~/AID/FAQE/Home/08. Monitoring/Lock related properties__16876204.md	aid_source	aid_06_monitoring_diagnostics	aid	AID Korean-source-verified		Korean-source-verified				include_exact	exact_markdown	SHARD-002	BLOCK-000128	pass	KAE-BLOCK-000276	aid_reuse	primary_working_source_after_classification_preservation	aid_reuse	CONF-000007	candidate_with_open_recheck_guardrail	guarded_candidate_recheck_before_exhaustive_playbook	An aligned or AID-reuse baseline route exists, but open conflict/recheck rows block exhaustive or production-ready downstream claims.	S1-J012
source_pack_source	AID-SRC-000073	aid	~/AID/FAQE/Home/08. Monitoring/Memory table and index usage__16876259.md	aid_source	aid_06_monitoring_diagnostics	aid	AID Korean-source-verified		Korean-source-verified				include_exact	exact_markdown	SHARD-002	BLOCK-000129	pass	KAE-BLOCK-000276	aid_reuse	primary_working_source_after_classification_preservation	aid_reuse	CONF-000007	candidate_with_open_recheck_guardrail	guarded_candidate_recheck_before_exhaustive_playbook	An aligned or AID-reuse baseline route exists, but open conflict/recheck rows block exhaustive or production-ready downstream claims.	S1-J012
source_pack_source	AID-SRC-000074	aid	~/AID/FAQE/Home/08. Monitoring/Memory tablespace usage/ALTIBASE HDB 5.5.1, 6.1.1, 6.3.1__16876263.md	aid_source	aid_06_monitoring_diagnostics	aid	AID Korean-source-verified		Korean-source-verified				include_exact	exact_markdown	SHARD-002	BLOCK-000130	pass	KAE-BLOCK-000276	aid_reuse	primary_working_source_after_classification_preservation	aid_reuse	CONF-000007	candidate_with_open_recheck_guardrail	guarded_candidate_recheck_before_exhaustive_playbook	An aligned or AID-reuse baseline route exists, but open conflict/recheck rows block exhaustive or production-ready downstream claims.	S1-J012
source_pack_source	AID-SRC-000075	aid	~/AID/FAQE/Home/08. Monitoring/Monitoring Tools for Windows__16876220.md	aid_source	aid_06_monitoring_diagnostics	aid	AID Link-validated Korean-source-verified		Link-validated Korean-source-verified				include_exact	exact_markdown	SHARD-002	BLOCK-000131	pass	KAE-BLOCK-000276	aid_reuse	primary_working_source_after_classification_preservation	aid_reuse	CONF-000007	candidate_with_open_recheck_guardrail	guarded_candidate_recheck_before_exhaustive_playbook	An aligned or AID-reuse baseline route exists, but open conflict/recheck rows block exhaustive or production-ready downstream claims.	S1-J012
source_pack_source	AID-SRC-000076	aid	~/AID/FAQE/Home/08. Monitoring/System information by OS__16876206.md	aid_source	aid_06_monitoring_diagnostics	aid	AID Korean-source-verified		Korean-source-verified				include_exact	exact_markdown	SHARD-002	BLOCK-000132	pass	KAE-BLOCK-000276	aid_reuse	primary_working_source_after_classification_preservation	aid_reuse	CONF-000007	candidate_with_open_recheck_guardrail	guarded_candidate_recheck_before_exhaustive_playbook	An aligned or AID-reuse baseline route exists, but open conflict/recheck rows block exhaustive or production-ready downstream claims.	S1-J012
source_pack_source	AID-SRC-000077	aid	~/AID/FAQE/Home/08. Monitoring/Table_Column Definition__22642961.md	aid_source	aid_06_monitoring_diagnostics	aid	AID Korean-source-verified		Korean-source-verified				include_exact	exact_markdown	SHARD-002	BLOCK-000133	pass	KAE-BLOCK-000276	aid_reuse	primary_working_source_after_classification_preservation	aid_reuse	CONF-000007	candidate_with_open_recheck_guardrail	guarded_candidate_recheck_before_exhaustive_playbook	An aligned or AID-reuse baseline route exists, but open conflict/recheck rows block exhaustive or production-ready downstream claims.	S1-J012
source_pack_source	AID-SRC-000078	aid	~/AID/FAQE/Home/08. Monitoring/Undo Tablespace/Monitoring method when undo tablespace usage increases__22642963.md	aid_source	aid_06_monitoring_diagnostics	aid	AID Korean-source-verified		Korean-source-verified				include_exact	exact_markdown	SHARD-002	BLOCK-000134	pass	KAE-BLOCK-000276	aid_reuse	primary_working_source_after_classification_preservation	aid_reuse	CONF-000007	candidate_with_open_recheck_guardrail	guarded_candidate_recheck_before_exhaustive_playbook	An aligned or AID-reuse baseline route exists, but open conflict/recheck rows block exhaustive or production-ready downstream claims.	S1-J012
source_pack_source	AID-SRC-000079	aid	~/AID/FAQE/Home/08. Monitoring/Undo Tablespace/Undo tablespace usage__22642965.md	aid_source	aid_06_monitoring_diagnostics	aid	AID Korean-source-verified		Korean-source-verified				include_exact	exact_markdown	SHARD-002	BLOCK-000135	pass	KAE-BLOCK-000276	aid_reuse	primary_working_source_after_classification_preservation	aid_reuse	CONF-000007	candidate_with_open_recheck_guardrail	guarded_candidate_recheck_before_exhaustive_playbook	An aligned or AID-reuse baseline route exists, but open conflict/recheck rows block exhaustive or production-ready downstream claims.	S1-J012
source_pack_source	AID-SRC-000080	aid	~/AID/FAQE/Home/09. Error Messages/Closed Socket by client is Detected__16876319.md	aid_source	aid_07_troubleshooting_error_messages	aid	AID Korean-source-verified		Korean-source-verified				include_exact	exact_markdown	SHARD-002	BLOCK-000169	pass	KAE-BLOCK-000276	aid_reuse	primary_working_source_after_classification_preservation	aid_reuse	CONF-000007	candidate_with_open_recheck_guardrail	guarded_candidate_recheck_before_exhaustive_playbook	An aligned or AID-reuse baseline route exists, but open conflict/recheck rows block exhaustive or production-ready downstream claims.	S1-J012
source_pack_source	AID-SRC-000081	aid	~/AID/FAQE/Home/09. Error Messages/ERR-0109D Insufficient memory__16876324.md	aid_source	aid_07_troubleshooting_error_messages	aid	AID Korean-source-verified		Korean-source-verified				include_exact	exact_markdown	SHARD-002	BLOCK-000170	pass	KAE-BLOCK-000276	aid_reuse	primary_working_source_after_classification_preservation	aid_reuse	CONF-000007	candidate_with_open_recheck_guardrail	guarded_candidate_recheck_before_exhaustive_playbook	An aligned or AID-reuse baseline route exists, but open conflict/recheck rows block exhaustive or production-ready downstream claims.	S1-J012
source_pack_source	AID-SRC-000082	aid	~/AID/FAQE/Home/09. Error Messages/ERR-11030 ( 69680) The data file cannot be extended because the requested size is bigger than the maximum size (FID_0%d__16876378.md	aid_source	aid_07_troubleshooting_error_messages	aid	AID Korean-source-verified		Korean-source-verified				include_exact	exact_markdown	SHARD-002	BLOCK-000171	pass	KAE-BLOCK-000276	aid_reuse	primary_working_source_after_classification_preservation	aid_reuse	CONF-000007	candidate_with_open_recheck_guardrail	guarded_candidate_recheck_before_exhaustive_playbook	An aligned or AID-reuse baseline route exists, but open conflict/recheck rows block exhaustive or production-ready downstream claims.	S1-J012
source_pack_source	AID-SRC-000083	aid	~/AID/FAQE/Home/09. Error Messages/ERR-11036 The data file is in use__16876380.md	aid_source	aid_07_troubleshooting_error_messages	aid	AID Korean-source-verified		Korean-source-verified				include_exact	exact_markdown	SHARD-002	BLOCK-000172	pass	KAE-BLOCK-000276	aid_reuse	primary_working_source_after_classification_preservation	aid_reuse	CONF-000007	candidate_with_open_recheck_guardrail	guarded_candidate_recheck_before_exhaustive_playbook	An aligned or AID-reuse baseline route exists, but open conflict/recheck rows block exhaustive or production-ready downstream claims.	S1-J012
source_pack_source	AID-SRC-000084	aid	~/AID/FAQE/Home/09. Error Messages/ERR-11049 ( 69705) Too many pages are allocated ( Maximum Number of Pages= #)__16876385.md	aid_source	aid_07_troubleshooting_error_messages	aid	AID Korean-source-verified		Korean-source-verified				include_exact	exact_markdown	SHARD-002	BLOCK-000173	pass	KAE-BLOCK-000276	aid_reuse	primary_working_source_after_classification_preservation	aid_reuse	CONF-000007	candidate_with_open_recheck_guardrail	guarded_candidate_recheck_before_exhaustive_playbook	An aligned or AID-reuse baseline route exists, but open conflict/recheck rows block exhaustive or production-ready downstream claims.	S1-J012
source_pack_source	AID-SRC-000085	aid	~/AID/FAQE/Home/09. Error Messages/ERR-1105D Unable to begin a new update statement__22642969.md	aid_source	aid_07_troubleshooting_error_messages	aid	AID Korean-source-verified		Korean-source-verified				include_exact	exact_markdown	SHARD-002	BLOCK-000174	pass	KAE-BLOCK-000276	aid_reuse	primary_working_source_after_classification_preservation	aid_reuse	CONF-000007	candidate_with_open_recheck_guardrail	guarded_candidate_recheck_before_exhaustive_playbook	An aligned or AID-reuse baseline route exists, but open conflict/recheck rows block exhaustive or production-ready downstream claims.	S1-J012
source_pack_source	AID-SRC-000086	aid	~/AID/FAQE/Home/09. Error Messages/ERR-11075 The transaction has exceeded the lock timeout specified by the user__16876388.md	aid_source	aid_07_troubleshooting_error_messages	aid	AID Korean-source-verified		Korean-source-verified				include_exact	exact_markdown	SHARD-002	BLOCK-000175	pass	KAE-BLOCK-000276	aid_reuse	primary_working_source_after_classification_preservation	aid_reuse	CONF-000007	candidate_with_open_recheck_guardrail	guarded_candidate_recheck_before_exhaustive_playbook	An aligned or AID-reuse baseline route exists, but open conflict/recheck rows block exhaustive or production-ready downstream claims.	S1-J012
source_pack_source	AID-SRC-000087	aid	~/AID/FAQE/Home/09. Error Messages/ERR-11118 ( 69912) The update log size '_' is bigger than TRX_UPDATE_MAX_LOGSIZE '_'__16876399.md	aid_source	aid_07_troubleshooting_error_messages	aid	AID Korean-source-verified		Korean-source-verified				include_exact	exact_markdown	SHARD-002	BLOCK-000176	pass	KAE-BLOCK-000276	aid_reuse	primary_working_source_after_classification_preservation	aid_reuse	CONF-000007	candidate_with_open_recheck_guardrail	guarded_candidate_recheck_before_exhaustive_playbook	An aligned or AID-reuse baseline route exists, but open conflict/recheck rows block exhaustive or production-ready downstream claims.	S1-J012
source_pack_source	AID-SRC-000088	aid	~/AID/FAQE/Home/09. Error Messages/ERR-11183 ( 70019) Insufficient page descriptor area in the temp table__16876409.md	aid_source	aid_07_troubleshooting_error_messages	aid	AID Korean-source-verified		Korean-source-verified				include_exact	exact_markdown	SHARD-002	BLOCK-000177	pass	KAE-BLOCK-000276	aid_reuse	primary_working_source_after_classification_preservation	aid_reuse	CONF-000007	candidate_with_open_recheck_guardrail	guarded_candidate_recheck_before_exhaustive_playbook	An aligned or AID-reuse baseline route exists, but open conflict/recheck rows block exhaustive or production-ready downstream claims.	S1-J012
source_pack_source	AID-SRC-000089	aid	~/AID/FAQE/Home/09. Error Messages/ERR-11184 ( 70020) Insufficient free space in work area__16876418.md	aid_source	aid_07_troubleshooting_error_messages	aid	AID Korean-source-verified		Korean-source-verified				include_exact	exact_markdown	SHARD-002	BLOCK-000178	pass	KAE-BLOCK-000276	aid_reuse	primary_working_source_after_classification_preservation	aid_reuse	CONF-000007	candidate_with_open_recheck_guardrail	guarded_candidate_recheck_before_exhaustive_playbook	An aligned or AID-reuse baseline route exists, but open conflict/recheck rows block exhaustive or production-ready downstream claims.	S1-J012
source_pack_source	AID-SRC-000090	aid	~/AID/FAQE/Home/09. Error Messages/ERR-21010 Value overflow__16876422.md	aid_source	aid_07_troubleshooting_error_messages	aid	AID Korean-source-verified		Korean-source-verified				include_exact	exact_markdown	SHARD-002	BLOCK-000179	pass	KAE-BLOCK-000276	aid_reuse	primary_working_source_after_classification_preservation	aid_reuse	CONF-000007	candidate_with_open_recheck_guardrail	guarded_candidate_recheck_before_exhaustive_playbook	An aligned or AID-reuse baseline route exists, but open conflict/recheck rows block exhaustive or production-ready downstream claims.	S1-J012
source_pack_source	AID-SRC-000091	aid	~/AID/FAQE/Home/09. Error Messages/ERR-21011 _ Invalid literal__16876425.md	aid_source	aid_07_troubleshooting_error_messages	aid	AID Korean-source-verified		Korean-source-verified				include_exact	exact_markdown	SHARD-002	BLOCK-000180	pass	KAE-BLOCK-000276	aid_reuse	primary_working_source_after_classification_preservation	aid_reuse	CONF-000007	candidate_with_open_recheck_guardrail	guarded_candidate_recheck_before_exhaustive_playbook	An aligned or AID-reuse baseline route exists, but open conflict/recheck rows block exhaustive or production-ready downstream claims.	S1-J012
source_pack_source	AID-SRC-000092	aid	~/AID/FAQE/Home/09. Error Messages/ERR-311E0 The estimated size of the index key exceeds the maximum limit__16876328.md	aid_source	aid_07_troubleshooting_error_messages	aid	AID Korean-source-verified		Korean-source-verified				include_exact	exact_markdown	SHARD-002	BLOCK-000181	pass	KAE-BLOCK-000276	aid_reuse	primary_working_source_after_classification_preservation	aid_reuse	CONF-000007	candidate_with_open_recheck_guardrail	guarded_candidate_recheck_before_exhaustive_playbook	An aligned or AID-reuse baseline route exists, but open conflict/recheck rows block exhaustive or production-ready downstream claims.	S1-J012
source_pack_source	AID-SRC-000093	aid	~/AID/FAQE/Home/09. Error Messages/ERR-31283 Unable to create a primary key or a unique key constraint in the local non-prefixed index__16876430.md	aid_source	aid_07_troubleshooting_error_messages	aid	AID Korean-source-verified		Korean-source-verified				include_exact	exact_markdown	SHARD-002	BLOCK-000182	pass	KAE-BLOCK-000276	aid_reuse	primary_working_source_after_classification_preservation	aid_reuse	CONF-000007	candidate_with_open_recheck_guardrail	guarded_candidate_recheck_before_exhaustive_playbook	An aligned or AID-reuse baseline route exists, but open conflict/recheck rows block exhaustive or production-ready downstream claims.	S1-J012
source_pack_source	AID-SRC-000094	aid	~/AID/FAQE/Home/09. Error Messages/ERR-4103C (266300) Request of fetching data to an unprepared SQL statement__16876347.md	aid_source	aid_07_troubleshooting_error_messages	aid	AID Korean-source-verified		Korean-source-verified				include_exact	exact_markdown	SHARD-002	BLOCK-000183	pass	KAE-BLOCK-000276	aid_reuse	primary_working_source_after_classification_preservation	aid_reuse	CONF-000007	candidate_with_open_recheck_guardrail	guarded_candidate_recheck_before_exhaustive_playbook	An aligned or AID-reuse baseline route exists, but open conflict/recheck rows block exhaustive or production-ready downstream claims.	S1-J012
source_pack_source	AID-SRC-000095	aid	~/AID/FAQE/Home/09. Error Messages/ERR-41059 ( 266329) Task pool overflow. Check properties__16876433.md	aid_source	aid_07_troubleshooting_error_messages	aid	AID Korean-source-verified		Korean-source-verified				include_exact	exact_markdown	SHARD-002	BLOCK-000184	pass	KAE-BLOCK-000276	aid_reuse	primary_working_source_after_classification_preservation	aid_reuse	CONF-000007	candidate_with_open_recheck_guardrail	guarded_candidate_recheck_before_exhaustive_playbook	An aligned or AID-reuse baseline route exists, but open conflict/recheck rows block exhaustive or production-ready downstream claims.	S1-J012
source_pack_source	AID-SRC-000096	aid	~/AID/FAQE/Home/09. Error Messages/ERR-4109C Invalid session property__22642975.md	aid_source	aid_07_troubleshooting_error_messages	aid	AID Korean-source-verified		Korean-source-verified				include_exact	exact_markdown	SHARD-002	BLOCK-000185	pass	KAE-BLOCK-000276	aid_reuse	primary_working_source_after_classification_preservation	aid_reuse	CONF-000007	candidate_with_open_recheck_guardrail	guarded_candidate_recheck_before_exhaustive_playbook	An aligned or AID-reuse baseline route exists, but open conflict/recheck rows block exhaustive or production-ready downstream claims.	S1-J012
source_pack_source	AID-SRC-000097	aid	~/AID/FAQE/Home/09. Error Messages/ERR-410D2 (266450) Fetch out of sequence__16876332.md	aid_source	aid_07_troubleshooting_error_messages	aid	AID Korean-source-verified		Korean-source-verified				include_exact	exact_markdown	SHARD-002	BLOCK-000186	pass	KAE-BLOCK-000276	aid_reuse	primary_working_source_after_classification_preservation	aid_reuse	CONF-000007	candidate_with_open_recheck_guardrail	guarded_candidate_recheck_before_exhaustive_playbook	An aligned or AID-reuse baseline route exists, but open conflict/recheck rows block exhaustive or production-ready downstream claims.	S1-J012
source_pack_source	AID-SRC-000098	aid	~/AID/FAQE/Home/09. Error Messages/ERR-5102E ( 331822) Invalid cursor state__16876356.md	aid_source	aid_07_troubleshooting_error_messages	aid	AID Korean-source-verified		Korean-source-verified				include_exact	exact_markdown	SHARD-002	BLOCK-000187	pass	KAE-BLOCK-000276	aid_reuse	primary_working_source_after_classification_preservation	aid_reuse	CONF-000007	candidate_with_open_recheck_guardrail	guarded_candidate_recheck_before_exhaustive_playbook	An aligned or AID-reuse baseline route exists, but open conflict/recheck rows block exhaustive or production-ready downstream claims.	S1-J012
source_pack_source	AID-SRC-000099	aid	~/AID/FAQE/Home/09. Error Messages/ERR-71018 ( 462872) Failed to invoke a system function, read() or Failed to invoke the read() system function__16876441.md	aid_source	aid_07_troubleshooting_error_messages	aid	AID Korean-source-verified		Korean-source-verified				include_exact	exact_markdown	SHARD-002	BLOCK-000188	pass	KAE-BLOCK-000276	aid_reuse	primary_working_source_after_classification_preservation	aid_reuse	CONF-000007	candidate_with_open_recheck_guardrail	guarded_candidate_recheck_before_exhaustive_playbook	An aligned or AID-reuse baseline route exists, but open conflict/recheck rows block exhaustive or production-ready downstream claims.	S1-J012
source_pack_source	AID-SRC-000100	aid	~/AID/FAQE/Home/09. Error Messages/ERR-71019(errno=104) Failed to invoke a system function, write()__16876443.md	aid_source	aid_07_troubleshooting_error_messages	aid	AID Korean-source-verified		Korean-source-verified				include_exact	exact_markdown	SHARD-002	BLOCK-000189	pass	KAE-BLOCK-000276	aid_reuse	primary_working_source_after_classification_preservation	aid_reuse	CONF-000007	candidate_with_open_recheck_guardrail	guarded_candidate_recheck_before_exhaustive_playbook	An aligned or AID-reuse baseline route exists, but open conflict/recheck rows block exhaustive or production-ready downstream claims.	S1-J012
source_pack_source	AID-SRC-000101	aid	~/AID/FAQE/Home/09. Error Messages/ERR-7101D ( 462877) Protocol header error__16876373.md	aid_source	aid_07_troubleshooting_error_messages	aid	AID Korean-source-verified		Korean-source-verified				include_exact	exact_markdown	SHARD-002	BLOCK-000190	pass	KAE-BLOCK-000276	aid_reuse	primary_working_source_after_classification_preservation	aid_reuse	CONF-000007	candidate_with_open_recheck_guardrail	guarded_candidate_recheck_before_exhaustive_playbook	An aligned or AID-reuse baseline route exists, but open conflict/recheck rows block exhaustive or production-ready downstream claims.	S1-J012
source_pack_source	AID-SRC-000102	aid	~/AID/FAQE/Home/09. Error Messages/ERR-91015 ( 593941) Communication failure__22642976.md	aid_source	aid_07_troubleshooting_error_messages	aid	AID Korean-source-verified		Korean-source-verified				include_exact	exact_markdown	SHARD-002	BLOCK-000191	pass	KAE-BLOCK-000276	aid_reuse	primary_working_source_after_classification_preservation	aid_reuse	CONF-000007	candidate_with_open_recheck_guardrail	guarded_candidate_recheck_before_exhaustive_playbook	An aligned or AID-reuse baseline route exists, but open conflict/recheck rows block exhaustive or production-ready downstream claims.	S1-J012
source_pack_source	AID-SRC-000103	aid	~/AID/FAQE/Home/09. Error Messages/How to check the 8-digit errorcode of altibase_qp.log__16876313.md	aid_source	aid_07_troubleshooting_error_messages	aid	AID Korean-source-verified		Korean-source-verified				include_exact	exact_markdown	SHARD-002	BLOCK-000192	pass	KAE-BLOCK-000276	aid_reuse	primary_working_source_after_classification_preservation	aid_reuse	CONF-000007	candidate_with_open_recheck_guardrail	guarded_candidate_recheck_before_exhaustive_playbook	An aligned or AID-reuse baseline route exists, but open conflict/recheck rows block exhaustive or production-ready downstream claims.	S1-J012
source_pack_source	AID-SRC-000104	aid	~/AID/FAQE/Home/09. Error Messages/Not found data__16876451.md	aid_source	aid_07_troubleshooting_error_messages	aid	AID Korean-source-verified		Korean-source-verified				include_exact	exact_markdown	SHARD-002	BLOCK-000193	pass	KAE-BLOCK-000276	aid_reuse	primary_working_source_after_classification_preservation	aid_reuse	CONF-000007	candidate_with_open_recheck_guardrail	guarded_candidate_recheck_before_exhaustive_playbook	An aligned or AID-reuse baseline route exists, but open conflict/recheck rows block exhaustive or production-ready downstream claims.	S1-J012
source_pack_source	AID-SRC-000105	aid	~/AID/FAQE/Home/09. Error Messages/[Notify _ Fetch Timeout] Session Closed by Server__16876301.md	aid_source	aid_07_troubleshooting_error_messages	aid	AID Korean-source-verified		Korean-source-verified				include_exact	exact_markdown	SHARD-002	BLOCK-000194	pass	KAE-BLOCK-000276	aid_reuse	primary_working_source_after_classification_preservation	aid_reuse	CONF-000007	candidate_with_open_recheck_guardrail	guarded_candidate_recheck_before_exhaustive_playbook	An aligned or AID-reuse baseline route exists, but open conflict/recheck rows block exhaustive or production-ready downstream claims.	S1-J012
source_pack_source	AID-SRC-000106	aid	~/AID/FAQE/Home/09. Error Messages/[Warning] Memory allocation failed__16876308.md	aid_source	aid_07_troubleshooting_error_messages	aid	AID Link-validated Korean-source-verified		Link-validated Korean-source-verified				include_exact	exact_markdown	SHARD-002	BLOCK-000195	pass	KAE-BLOCK-000276	aid_reuse	primary_working_source_after_classification_preservation	aid_reuse	CONF-000007	candidate_with_open_recheck_guardrail	guarded_candidate_recheck_before_exhaustive_playbook	An aligned or AID-reuse baseline route exists, but open conflict/recheck rows block exhaustive or production-ready downstream claims.	S1-J012
source_pack_source	AID-SRC-000107	aid	~/AID/FAQE/Home/09. Error Messages/altibase_boot.log - TRY_COUNT, LOCK_COUNT, MISS_COUNT__22642967.md	aid_source	aid_07_troubleshooting_error_messages	aid	AID Korean-source-verified		Korean-source-verified				include_exact	exact_markdown	SHARD-002	BLOCK-000196	pass	KAE-BLOCK-000276	aid_reuse	primary_working_source_after_classification_preservation	aid_reuse	CONF-000007	candidate_with_open_recheck_guardrail	guarded_candidate_recheck_before_exhaustive_playbook	An aligned or AID-reuse baseline route exists, but open conflict/recheck rows block exhaustive or production-ready downstream claims.	S1-J012
source_pack_source	AID-SRC-000108	aid	~/AID/FAQE/Home/09. Error Messages/tablespace does not have enough free space error__16876454.md	aid_source	aid_07_troubleshooting_error_messages	aid	AID Korean-source-verified		Korean-source-verified				include_exact	exact_markdown	SHARD-002	BLOCK-000197	pass	KAE-BLOCK-000276	aid_reuse	primary_working_source_after_classification_preservation	aid_reuse	CONF-000007	candidate_with_open_recheck_guardrail	guarded_candidate_recheck_before_exhaustive_playbook	An aligned or AID-reuse baseline route exists, but open conflict/recheck rows block exhaustive or production-ready downstream claims.	S1-J012
source_pack_source	AID-SRC-000109	aid	~/AID/FAQE/Home/11. Utilities/AdminCenter2 execution file__16876465.md	aid_source	aid_11_migration_conversion_tools	aid	AID Link-validated Korean-source-verified		Link-validated Korean-source-verified				include_exact	exact_markdown	SHARD-002	BLOCK-000408	pass	KAE-BLOCK-000276	aid_reuse	primary_working_source_after_classification_preservation	aid_reuse	CONF-000007	candidate_with_open_recheck_guardrail	guarded_candidate_recheck_before_exhaustive_playbook	An aligned or AID-reuse baseline route exists, but open conflict/recheck rows block exhaustive or production-ready downstream claims.	S1-J012
source_pack_source	AID-SRC-000110	aid	~/AID/FAQE/Home/11. Utilities/iLoader/An error occurs when uploading a DOS format data file to iloader__16876469.md	aid_source	aid_11_migration_conversion_tools	aid	AID Korean-source-verified		Korean-source-verified				include_exact	exact_markdown	SHARD-002	BLOCK-000409	pass	KAE-BLOCK-000276	aid_reuse	primary_working_source_after_classification_preservation	aid_reuse	CONF-000007	candidate_with_open_recheck_guardrail	guarded_candidate_recheck_before_exhaustive_playbook	An aligned or AID-reuse baseline route exists, but open conflict/recheck rows block exhaustive or production-ready downstream claims.	S1-J012
source_pack_source	AID-SRC-000111	aid	~/AID/FAQE/Home/12. Others/Building a Large-Scale DRDB Index__22642978.md	aid_source	aid_08_sql_performance_tuning	aid	AID Korean-source-verified		Korean-source-verified				include_exact	exact_markdown	SHARD-002	BLOCK-000312	pass	KAE-BLOCK-000276	aid_reuse	primary_working_source_after_classification_preservation	aid_reuse	CONF-000007	candidate_with_open_recheck_guardrail	guarded_candidate_recheck_before_exhaustive_playbook	An aligned or AID-reuse baseline route exists, but open conflict/recheck rows block exhaustive or production-ready downstream claims.	S1-J012
source_pack_source	AID-SRC-000112	aid	~/AID/FAQE/Home/12. Others/Thread process debugging method__16876474.md	aid_source	aid_06_monitoring_diagnostics	aid	AID Korean-source-verified		Korean-source-verified				include_exact	exact_markdown	SHARD-002	BLOCK-000136	pass	KAE-BLOCK-000276	aid_reuse	primary_working_source_after_classification_preservation	aid_reuse	CONF-000007	candidate_with_open_recheck_guardrail	guarded_candidate_recheck_before_exhaustive_playbook	An aligned or AID-reuse baseline route exists, but open conflict/recheck rows block exhaustive or production-ready downstream claims.	S1-J012
source_pack_source	AID-SRC-000113	aid	~/AID/FAQE/Home/13. General/The entire database exists in memory. Is there any problem with the safety of the data__22642980.md	aid_source	aid_02_architecture_storage_concepts	aid	AID Korean-source-verified		Korean-source-verified				include_exact	exact_markdown	SHARD-001	BLOCK-000031	pass	KAE-BLOCK-000276	aid_reuse	primary_working_source_after_classification_preservation	aid_reuse	CONF-000007	candidate_with_open_recheck_guardrail	guarded_candidate_recheck_before_exhaustive_playbook	An aligned or AID-reuse baseline route exists, but open conflict/recheck rows block exhaustive or production-ready downstream claims.	S1-J012
source_pack_source	AID-SRC-000114	aid	~/AID/FAQE/Home/13. General/What interface does Altibase provide__22642982.md	aid_source	aid_02_architecture_storage_concepts	aid	AID Korean-source-verified		Korean-source-verified				include_exact	exact_markdown	SHARD-001	BLOCK-000032	pass	KAE-BLOCK-000276	aid_reuse	primary_working_source_after_classification_preservation	aid_reuse	CONF-000007	candidate_with_open_recheck_guardrail	guarded_candidate_recheck_before_exhaustive_playbook	An aligned or AID-reuse baseline route exists, but open conflict/recheck rows block exhaustive or production-ready downstream claims.	S1-J012
source_pack_source	AID-SRC-000115	aid	~/AID/FAQE/Home/13. General/What is the biggest difference between Altibase and disk-based DBMS__16876485.md	aid_source	aid_02_architecture_storage_concepts	aid	AID Korean-source-verified		Korean-source-verified				include_exact	exact_markdown	SHARD-001	BLOCK-000033	pass	KAE-BLOCK-000276	aid_reuse	primary_working_source_after_classification_preservation	aid_reuse	CONF-000007	candidate_with_open_recheck_guardrail	guarded_candidate_recheck_before_exhaustive_playbook	An aligned or AID-reuse baseline route exists, but open conflict/recheck rows block exhaustive or production-ready downstream claims.	S1-J012
source_pack_source	AID-SRC-000116	aid	~/AID/FAQE/Home/ALTIBASE HDB Administration/How to terminate a session__1802689.md	aid_source	aid_03_operation_administration_security	aid	AID English-only auxiliary		English-only source				include_exact	exact_markdown	SHARD-001	BLOCK-000074	pass	KAE-BLOCK-000276	aid_reuse	primary_working_source_after_classification_preservation	aid_reuse	CONF-000007	candidate_with_open_recheck_guardrail	guarded_candidate_recheck_before_exhaustive_playbook	An aligned or AID-reuse baseline route exists, but open conflict/recheck rows block exhaustive or production-ready downstream claims.	S1-J012
source_pack_source	AID-SRC-000117	aid	~/AID/FAQE/Home/ALTIBASE HDB Administration/Useful SQL/Miscellaneous queries__1802687.md	aid_source	aid_03_operation_administration_security	aid	AID English-only auxiliary		English-only source				include_exact	exact_markdown	SHARD-001	BLOCK-000075	pass	KAE-BLOCK-000276	aid_reuse	primary_working_source_after_classification_preservation	aid_reuse	CONF-000007	candidate_with_open_recheck_guardrail	guarded_candidate_recheck_before_exhaustive_playbook	An aligned or AID-reuse baseline route exists, but open conflict/recheck rows block exhaustive or production-ready downstream claims.	S1-J012
source_pack_source	AID-SRC-000118	aid	~/AID/FAQE/Home/ALTIBASE HDB Administration/Useful SQL/SQL about Objects__1802681.md	aid_source	aid_03_operation_administration_security	aid	AID English-only auxiliary		English-only source				include_exact	exact_markdown	SHARD-001	BLOCK-000076	pass	KAE-BLOCK-000276	aid_reuse	primary_working_source_after_classification_preservation	aid_reuse	CONF-000007	candidate_with_open_recheck_guardrail	guarded_candidate_recheck_before_exhaustive_playbook	An aligned or AID-reuse baseline route exists, but open conflict/recheck rows block exhaustive or production-ready downstream claims.	S1-J012
source_pack_source	AID-SRC-000119	aid	~/AID/FAQE/Home/ALTIBASE HDB Administration/Useful SQL/SQL about Replication__1802683.md	aid_source	aid_03_operation_administration_security	aid	AID English-only auxiliary		English-only source				include_exact	exact_markdown	SHARD-001	BLOCK-000077	pass	KAE-BLOCK-000276	aid_reuse	primary_working_source_after_classification_preservation	aid_reuse	CONF-000007	candidate_with_open_recheck_guardrail	guarded_candidate_recheck_before_exhaustive_playbook	An aligned or AID-reuse baseline route exists, but open conflict/recheck rows block exhaustive or production-ready downstream claims.	S1-J012
source_pack_source	AID-SRC-000120	aid	~/AID/FAQE/Home/ALTIBASE HDB Administration/Useful SQL/SQL about Sessions__1802677.md	aid_source	aid_03_operation_administration_security	aid	AID English-only auxiliary		English-only source				include_exact	exact_markdown	SHARD-001	BLOCK-000078	pass	KAE-BLOCK-000276	aid_reuse	primary_working_source_after_classification_preservation	aid_reuse	CONF-000007	candidate_with_open_recheck_guardrail	guarded_candidate_recheck_before_exhaustive_playbook	An aligned or AID-reuse baseline route exists, but open conflict/recheck rows block exhaustive or production-ready downstream claims.	S1-J012
source_pack_source	AID-SRC-000121	aid	~/AID/FAQE/Home/ALTIBASE HDB Administration/Useful SQL/SQL about Statements__1802679.md	aid_source	aid_03_operation_administration_security	aid	AID English-only auxiliary		English-only source				include_exact	exact_markdown	SHARD-001	BLOCK-000079	pass	KAE-BLOCK-000276	aid_reuse	primary_working_source_after_classification_preservation	aid_reuse	CONF-000007	candidate_with_open_recheck_guardrail	guarded_candidate_recheck_before_exhaustive_playbook	An aligned or AID-reuse baseline route exists, but open conflict/recheck rows block exhaustive or production-ready downstream claims.	S1-J012
source_pack_source	AID-SRC-000122	aid	~/AID/FAQE/Home/ALTIBASE HDB Administration/Useful SQL/SQL about Tablespaces__1802685.md	aid_source	aid_03_operation_administration_security	aid	AID English-only auxiliary		English-only source				include_exact	exact_markdown	SHARD-001	BLOCK-000080	pass	KAE-BLOCK-000276	aid_reuse	primary_working_source_after_classification_preservation	aid_reuse	CONF-000007	candidate_with_open_recheck_guardrail	guarded_candidate_recheck_before_exhaustive_playbook	An aligned or AID-reuse baseline route exists, but open conflict/recheck rows block exhaustive or production-ready downstream claims.	S1-J012
source_pack_source	AID-SRC-000123	aid	~/AID/FAQE/Home/ALTIBASE HDB Architecture/ALTIBASE HDB Architecture Overview__2983417.md	aid_source	aid_02_architecture_storage_concepts	aid	AID English-only auxiliary		English-only source				include_exact	exact_markdown	SHARD-001	BLOCK-000034	pass	KAE-BLOCK-000276	aid_reuse	primary_working_source_after_classification_preservation	aid_reuse	CONF-000007	candidate_with_open_recheck_guardrail	guarded_candidate_recheck_before_exhaustive_playbook	An aligned or AID-reuse baseline route exists, but open conflict/recheck rows block exhaustive or production-ready downstream claims.	S1-J012
source_pack_source	AID-SRC-000124	aid	~/AID/FAQE/Home/ALTIBASE HDB Architecture/How a query is executed in ALTIBASE HDB__1802795.md	aid_source	aid_02_architecture_storage_concepts	aid	AID English-only auxiliary		English-only source				include_exact	exact_markdown	SHARD-001	BLOCK-000035	pass	KAE-BLOCK-000276	aid_reuse	primary_working_source_after_classification_preservation	aid_reuse	CONF-000007	candidate_with_open_recheck_guardrail	guarded_candidate_recheck_before_exhaustive_playbook	An aligned or AID-reuse baseline route exists, but open conflict/recheck rows block exhaustive or production-ready downstream claims.	S1-J012
source_pack_source	AID-SRC-000125	aid	~/AID/FAQE/Home/ALTIBASE HDB Architecture/Transaction Durability in ALTIBASE HDB__2558087.md	aid_source	aid_02_architecture_storage_concepts	aid	AID English-only auxiliary		English-only source				include_exact	exact_markdown	SHARD-001	BLOCK-000036	pass	KAE-BLOCK-000276	aid_reuse	primary_working_source_after_classification_preservation	aid_reuse	CONF-000007	candidate_with_open_recheck_guardrail	guarded_candidate_recheck_before_exhaustive_playbook	An aligned or AID-reuse baseline route exists, but open conflict/recheck rows block exhaustive or production-ready downstream claims.	S1-J012
source_pack_source	AID-SRC-000126	aid	~/AID/FAQE/Home/ALTIBASE HDB Performance Tuning/Performance diagnostics for ALTIBASE HDB/1. Application side diagnostics__1802808.md	aid_source	aid_08_sql_performance_tuning	aid	AID English-only auxiliary		English-only source				include_exact	exact_markdown	SHARD-002	BLOCK-000313	pass	KAE-BLOCK-000276	aid_reuse	primary_working_source_after_classification_preservation	aid_reuse	CONF-000007	candidate_with_open_recheck_guardrail	guarded_candidate_recheck_before_exhaustive_playbook	An aligned or AID-reuse baseline route exists, but open conflict/recheck rows block exhaustive or production-ready downstream claims.	S1-J012
source_pack_source	AID-SRC-000127	aid	~/AID/FAQE/Home/ALTIBASE HDB Performance Tuning/Performance diagnostics for ALTIBASE HDB/2. Database side diagnostics__1802812.md	aid_source	aid_08_sql_performance_tuning	aid	AID English-only auxiliary		English-only source				include_exact	exact_markdown	SHARD-002	BLOCK-000314	pass	KAE-BLOCK-000276	aid_reuse	primary_working_source_after_classification_preservation	aid_reuse	CONF-000007	candidate_with_open_recheck_guardrail	guarded_candidate_recheck_before_exhaustive_playbook	An aligned or AID-reuse baseline route exists, but open conflict/recheck rows block exhaustive or production-ready downstream claims.	S1-J012
source_pack_source	AID-SRC-000128	aid	~/AID/FAQE/Home/ALTIBASE HDB Performance Tuning/Performance diagnostics for ALTIBASE HDB/3. System side diagnostics__1802815.md	aid_source	aid_08_sql_performance_tuning	aid	AID English-only auxiliary		English-only source				include_exact	exact_markdown	SHARD-002	BLOCK-000315	pass	KAE-BLOCK-000276	aid_reuse	primary_working_source_after_classification_preservation	aid_reuse	CONF-000007	candidate_with_open_recheck_guardrail	guarded_candidate_recheck_before_exhaustive_playbook	An aligned or AID-reuse baseline route exists, but open conflict/recheck rows block exhaustive or production-ready downstream claims.	S1-J012
source_pack_source	AID-SRC-000129	aid	~/AID/FAQE/Home/ALTIBASE HDB Performance Tuning/Performance diagnostics for ALTIBASE HDB__1802804.md	aid_source	aid_08_sql_performance_tuning	aid	AID English-only auxiliary		English-only source				include_exact	exact_markdown	SHARD-002	BLOCK-000316	pass	KAE-BLOCK-000276	aid_reuse	primary_working_source_after_classification_preservation	aid_reuse	CONF-000007	candidate_with_open_recheck_guardrail	guarded_candidate_recheck_before_exhaustive_playbook	An aligned or AID-reuse baseline route exists, but open conflict/recheck rows block exhaustive or production-ready downstream claims.	S1-J012
source_pack_source	AID-SRC-000130	aid	~/AID/FAQE/Home/ALTIBASE HDB Replication/How to resolve a replication conflict__1802562.md	aid_source	aid_05_replication_ha	aid	AID English-only auxiliary		English-only source				include_exact	exact_markdown	SHARD-001	BLOCK-000111	pass	KAE-BLOCK-000276	aid_reuse	primary_working_source_after_classification_preservation	aid_reuse	CONF-000007	candidate_with_open_recheck_guardrail	guarded_candidate_recheck_before_exhaustive_playbook	An aligned or AID-reuse baseline route exists, but open conflict/recheck rows block exhaustive or production-ready downstream claims.	S1-J012
source_pack_source	AID-SRC-000131	aid	~/AID/FAQE/Home/ALTIBASE HDB Replication/Replication Overview__1802501.md	aid_source	aid_05_replication_ha	aid	AID English-only auxiliary		English-only source				include_exact	exact_markdown	SHARD-001	BLOCK-000112	pass	KAE-BLOCK-000276	aid_reuse	primary_working_source_after_classification_preservation	aid_reuse	CONF-000007	candidate_with_open_recheck_guardrail	guarded_candidate_recheck_before_exhaustive_playbook	An aligned or AID-reuse baseline route exists, but open conflict/recheck rows block exhaustive or production-ready downstream claims.	S1-J012
source_pack_source	AID-SRC-000132	aid	~/AID/FAQE/Home/ALTIBASE HDB Replication/What is Offline Replicator__1803108.md	aid_source	aid_05_replication_ha	aid	AID English-only auxiliary		English-only source				include_exact	exact_markdown	SHARD-001	BLOCK-000113	pass	KAE-BLOCK-000276	aid_reuse	primary_working_source_after_classification_preservation	aid_reuse	CONF-000007	candidate_with_open_recheck_guardrail	guarded_candidate_recheck_before_exhaustive_playbook	An aligned or AID-reuse baseline route exists, but open conflict/recheck rows block exhaustive or production-ready downstream claims.	S1-J012
source_pack_source	AID-SRC-000133	aid	~/AID/FAQE/Home/ALTIBASE HDB Replication/What is a Replication Conflict__1802533.md	aid_source	aid_05_replication_ha	aid	AID English-only auxiliary		English-only source				include_exact	exact_markdown	SHARD-001	BLOCK-000114	pass	KAE-BLOCK-000276	aid_reuse	primary_working_source_after_classification_preservation	aid_reuse	CONF-000007	candidate_with_open_recheck_guardrail	guarded_candidate_recheck_before_exhaustive_playbook	An aligned or AID-reuse baseline route exists, but open conflict/recheck rows block exhaustive or production-ready downstream claims.	S1-J012
source_pack_source	AID-SRC-000134	aid	~/AID/FAQE/Home/ALTIBASE HDB Troubleshooting/A transaction exceeds lock timeout value specified by user__2130190.md	aid_source	aid_07_troubleshooting_error_messages	aid	AID English-only auxiliary		English-only source				include_exact	exact_markdown	SHARD-002	BLOCK-000198	pass	KAE-BLOCK-000276	aid_reuse	primary_working_source_after_classification_preservation	aid_reuse	CONF-000007	candidate_with_open_recheck_guardrail	guarded_candidate_recheck_before_exhaustive_playbook	An aligned or AID-reuse baseline route exists, but open conflict/recheck rows block exhaustive or production-ready downstream claims.	S1-J012
source_pack_source	AID-SRC-000135	aid	~/AID/FAQE/Home/ALTIBASE HDB Troubleshooting/A user tablespace does not have enough free space__2130199.md	aid_source	aid_07_troubleshooting_error_messages	aid	AID English-only auxiliary		English-only source				include_exact	exact_markdown	SHARD-002	BLOCK-000199	pass	KAE-BLOCK-000276	aid_reuse	primary_working_source_after_classification_preservation	aid_reuse	CONF-000007	candidate_with_open_recheck_guardrail	guarded_candidate_recheck_before_exhaustive_playbook	An aligned or AID-reuse baseline route exists, but open conflict/recheck rows block exhaustive or production-ready downstream claims.	S1-J012
source_pack_source	AID-SRC-000136	aid	~/AID/FAQE/Home/ALTIBASE HDB Troubleshooting/Cannot insert new records after deleting bulk records/1. Test case with ALTIBASE HDB 5.3.3__2558084.md	aid_source	aid_07_troubleshooting_error_messages	aid	AID English-only auxiliary		English-only source				include_exact	exact_markdown	SHARD-002	BLOCK-000200	pass	KAE-BLOCK-000276	aid_reuse	primary_working_source_after_classification_preservation	aid_reuse	CONF-000007	candidate_with_open_recheck_guardrail	guarded_candidate_recheck_before_exhaustive_playbook	An aligned or AID-reuse baseline route exists, but open conflict/recheck rows block exhaustive or production-ready downstream claims.	S1-J012
source_pack_source	AID-SRC-000137	aid	~/AID/FAQE/Home/ALTIBASE HDB Troubleshooting/Cannot insert new records after deleting bulk records/2. How did we determine that the cause of the problem is the Index Segment__2558186.md	aid_source	aid_07_troubleshooting_error_messages	aid	AID English-only auxiliary		English-only source				include_exact	exact_markdown	SHARD-002	BLOCK-000201	pass	KAE-BLOCK-000276	aid_reuse	primary_working_source_after_classification_preservation	aid_reuse	CONF-000007	candidate_with_open_recheck_guardrail	guarded_candidate_recheck_before_exhaustive_playbook	An aligned or AID-reuse baseline route exists, but open conflict/recheck rows block exhaustive or production-ready downstream claims.	S1-J012
source_pack_source	AID-SRC-000138	aid	~/AID/FAQE/Home/ALTIBASE HDB Troubleshooting/Cannot insert new records after deleting bulk records/3. How to avoid the problem by seperating Tablespaces__2558192.md	aid_source	aid_07_troubleshooting_error_messages	aid	AID English-only auxiliary		English-only source				include_exact	exact_markdown	SHARD-002	BLOCK-000202	pass	KAE-BLOCK-000276	aid_reuse	primary_working_source_after_classification_preservation	aid_reuse	CONF-000007	candidate_with_open_recheck_guardrail	guarded_candidate_recheck_before_exhaustive_playbook	An aligned or AID-reuse baseline route exists, but open conflict/recheck rows block exhaustive or production-ready downstream claims.	S1-J012
source_pack_source	AID-SRC-000139	aid	~/AID/FAQE/Home/ALTIBASE HDB Troubleshooting/Cannot insert new records after deleting bulk records__2557870.md	aid_source	aid_07_troubleshooting_error_messages	aid	AID English-only auxiliary		English-only source				include_exact	exact_markdown	SHARD-002	BLOCK-000203	pass	KAE-BLOCK-000276	aid_reuse	primary_working_source_after_classification_preservation	aid_reuse	CONF-000007	candidate_with_open_recheck_guardrail	guarded_candidate_recheck_before_exhaustive_playbook	An aligned or AID-reuse baseline route exists, but open conflict/recheck rows block exhaustive or production-ready downstream claims.	S1-J012
source_pack_source	AID-SRC-000140	aid	~/AID/FAQE/Home/ALTIBASE HDB Troubleshooting/Information required to diagnose ALTIBASE HDB problems__1802800.md	aid_source	aid_07_troubleshooting_error_messages	aid	AID English-only auxiliary		English-only source				include_exact	exact_markdown	SHARD-002	BLOCK-000204	pass	KAE-BLOCK-000276	aid_reuse	primary_working_source_after_classification_preservation	aid_reuse	CONF-000007	candidate_with_open_recheck_guardrail	guarded_candidate_recheck_before_exhaustive_playbook	An aligned or AID-reuse baseline route exists, but open conflict/recheck rows block exhaustive or production-ready downstream claims.	S1-J012
source_pack_source	AID-SRC-000141	aid	~/AID/FAQE/Home/ALTIBASE HDB Troubleshooting/Performance degradation issue when upgrading AIX OS to 6.1__2984400.md	aid_source	aid_07_troubleshooting_error_messages	aid	AID English-only auxiliary		English-only source				include_exact	exact_markdown	SHARD-002	BLOCK-000205	pass	KAE-BLOCK-000276	aid_reuse	primary_working_source_after_classification_preservation	aid_reuse	CONF-000007	candidate_with_open_recheck_guardrail	guarded_candidate_recheck_before_exhaustive_playbook	An aligned or AID-reuse baseline route exists, but open conflict/recheck rows block exhaustive or production-ready downstream claims.	S1-J012
source_pack_source	AID-SRC-000142	aid	~/AID/FAQE/Home/ALTIBASE HDB Troubleshooting/The number of logfiles grows rapidly__1802691.md	aid_source	aid_07_troubleshooting_error_messages	aid	AID English-only auxiliary		English-only source				include_exact	exact_markdown	SHARD-002	BLOCK-000206	pass	KAE-BLOCK-000276	aid_reuse	primary_working_source_after_classification_preservation	aid_reuse	CONF-000007	candidate_with_open_recheck_guardrail	guarded_candidate_recheck_before_exhaustive_playbook	An aligned or AID-reuse baseline route exists, but open conflict/recheck rows block exhaustive or production-ready downstream claims.	S1-J012
source_pack_source	AID-SRC-000143	aid	~/AID/FAQE/Home/Altibase Error Messages/ERR-0001c Unable to shutdown the communication channel__7340235.md	aid_source	aid_07_troubleshooting_error_messages	aid	AID English-only auxiliary		English-only source				include_exact	exact_markdown	SHARD-002	BLOCK-000207	pass	KAE-BLOCK-000276	aid_reuse	primary_working_source_after_classification_preservation	aid_reuse	CONF-000007	candidate_with_open_recheck_guardrail	guarded_candidate_recheck_before_exhaustive_playbook	An aligned or AID-reuse baseline route exists, but open conflict/recheck rows block exhaustive or production-ready downstream claims.	S1-J012
source_pack_source	AID-SRC-000144	aid	~/AID/FAQE/Home/Altibase Error Messages/ERR-01002 Invalid character in use__7340276.md	aid_source	aid_07_troubleshooting_error_messages	aid	AID English-only auxiliary		English-only source				include_exact	exact_markdown	SHARD-002	BLOCK-000208	pass	KAE-BLOCK-000276	aid_reuse	primary_working_source_after_classification_preservation	aid_reuse	CONF-000007	candidate_with_open_recheck_guardrail	guarded_candidate_recheck_before_exhaustive_playbook	An aligned or AID-reuse baseline route exists, but open conflict/recheck rows block exhaustive or production-ready downstream claims.	S1-J012
source_pack_source	AID-SRC-000145	aid	~/AID/FAQE/Home/Altibase Error Messages/ERR-01027 No more IPC channel__7340237.md	aid_source	aid_07_troubleshooting_error_messages	aid	AID English-only auxiliary		English-only source				include_exact	exact_markdown	SHARD-002	BLOCK-000209	pass	KAE-BLOCK-000276	aid_reuse	primary_working_source_after_classification_preservation	aid_reuse	CONF-000007	candidate_with_open_recheck_guardrail	guarded_candidate_recheck_before_exhaustive_playbook	An aligned or AID-reuse baseline route exists, but open conflict/recheck rows block exhaustive or production-ready downstream claims.	S1-J012
source_pack_source	AID-SRC-000146	aid	~/AID/FAQE/Home/Altibase Error Messages/ERR-01044 Client's query exceeded in the execution time limitation__6979720.md	aid_source	aid_07_troubleshooting_error_messages	aid	AID English-only auxiliary		English-only source				include_exact	exact_markdown	SHARD-002	BLOCK-000210	pass	KAE-BLOCK-000276	aid_reuse	primary_working_source_after_classification_preservation	aid_reuse	CONF-000007	candidate_with_open_recheck_guardrail	guarded_candidate_recheck_before_exhaustive_playbook	An aligned or AID-reuse baseline route exists, but open conflict/recheck rows block exhaustive or production-ready downstream claims.	S1-J012
source_pack_source	AID-SRC-000147	aid	~/AID/FAQE/Home/Altibase Error Messages/ERR-0104E The property XXX is read-only__7340662.md	aid_source	aid_07_troubleshooting_error_messages	aid	AID English-only auxiliary		English-only source				include_exact	exact_markdown	SHARD-002	BLOCK-000211	pass	KAE-BLOCK-000276	aid_reuse	primary_working_source_after_classification_preservation	aid_reuse	CONF-000007	candidate_with_open_recheck_guardrail	guarded_candidate_recheck_before_exhaustive_playbook	An aligned or AID-reuse baseline route exists, but open conflict/recheck rows block exhaustive or production-ready downstream claims.	S1-J012
source_pack_source	AID-SRC-000148	aid	~/AID/FAQE/Home/Altibase Error Messages/ERR-01050 License File does not exist__6979815.md	aid_source	aid_07_troubleshooting_error_messages	aid	AID English-only auxiliary		English-only source				include_exact	exact_markdown	SHARD-002	BLOCK-000212	pass	KAE-BLOCK-000276	aid_reuse	primary_working_source_after_classification_preservation	aid_reuse	CONF-000007	candidate_with_open_recheck_guardrail	guarded_candidate_recheck_before_exhaustive_playbook	An aligned or AID-reuse baseline route exists, but open conflict/recheck rows block exhaustive or production-ready downstream claims.	S1-J012
source_pack_source	AID-SRC-000149	aid	~/AID/FAQE/Home/Altibase Error Messages/ERR-01067 The memory size allocated for the statement has exceeded the maximum limit__6979765.md	aid_source	aid_07_troubleshooting_error_messages	aid	AID English-only auxiliary		English-only source				include_exact	exact_markdown	SHARD-002	BLOCK-000213	pass	KAE-BLOCK-000276	aid_reuse	primary_working_source_after_classification_preservation	aid_reuse	CONF-000007	candidate_with_open_recheck_guardrail	guarded_candidate_recheck_before_exhaustive_playbook	An aligned or AID-reuse baseline route exists, but open conflict/recheck rows block exhaustive or production-ready downstream claims.	S1-J012
source_pack_source	AID-SRC-000150	aid	~/AID/FAQE/Home/Altibase Error Messages/ERR-0106B The session has been disconnected by the client__6979739.md	aid_source	aid_07_troubleshooting_error_messages	aid	AID English-only auxiliary		English-only source				include_exact	exact_markdown	SHARD-002	BLOCK-000214	pass	KAE-BLOCK-000276	aid_reuse	primary_working_source_after_classification_preservation	aid_reuse	CONF-000007	candidate_with_open_recheck_guardrail	guarded_candidate_recheck_before_exhaustive_playbook	An aligned or AID-reuse baseline route exists, but open conflict/recheck rows block exhaustive or production-ready downstream claims.	S1-J012
source_pack_source	AID-SRC-000151	aid	~/AID/FAQE/Home/Altibase Error Messages/ERR-0108D License invalid or expired__6979817.md	aid_source	aid_07_troubleshooting_error_messages	aid	AID English-only auxiliary		English-only source				include_exact	exact_markdown	SHARD-002	BLOCK-000215	pass	KAE-BLOCK-000276	aid_reuse	primary_working_source_after_classification_preservation	aid_reuse	CONF-000007	candidate_with_open_recheck_guardrail	guarded_candidate_recheck_before_exhaustive_playbook	An aligned or AID-reuse baseline route exists, but open conflict/recheck rows block exhaustive or production-ready downstream claims.	S1-J012
source_pack_source	AID-SRC-000152	aid	~/AID/FAQE/Home/Altibase Error Messages/ERR-0109D Insufficient memory__6979800.md	aid_source	aid_07_troubleshooting_error_messages	aid	AID English-only auxiliary		English-only source				include_exact	exact_markdown	SHARD-002	BLOCK-000216	pass	KAE-BLOCK-000276	aid_reuse	primary_working_source_after_classification_preservation	aid_reuse	CONF-000007	candidate_with_open_recheck_guardrail	guarded_candidate_recheck_before_exhaustive_playbook	An aligned or AID-reuse baseline route exists, but open conflict/recheck rows block exhaustive or production-ready downstream claims.	S1-J012
source_pack_source	AID-SRC-000153	aid	~/AID/FAQE/Home/Altibase Error Messages/ERR-0109F Library file for external procedure(function) not found__6980119.md	aid_source	aid_07_troubleshooting_error_messages	aid	AID English-only auxiliary		English-only source				include_exact	exact_markdown	SHARD-002	BLOCK-000217	pass	KAE-BLOCK-000276	aid_reuse	primary_working_source_after_classification_preservation	aid_reuse	CONF-000007	candidate_with_open_recheck_guardrail	guarded_candidate_recheck_before_exhaustive_playbook	An aligned or AID-reuse baseline route exists, but open conflict/recheck rows block exhaustive or production-ready downstream claims.	S1-J012
source_pack_source	AID-SRC-000154	aid	~/AID/FAQE/Home/Altibase Error Messages/ERR-1051 Memory allocation failed__6980122.md	aid_source	aid_07_troubleshooting_error_messages	aid	AID English-only auxiliary		English-only source				include_exact	exact_markdown	SHARD-002	BLOCK-000218	pass	KAE-BLOCK-000276	aid_reuse	primary_working_source_after_classification_preservation	aid_reuse	CONF-000007	candidate_with_open_recheck_guardrail	guarded_candidate_recheck_before_exhaustive_playbook	An aligned or AID-reuse baseline route exists, but open conflict/recheck rows block exhaustive or production-ready downstream claims.	S1-J012
source_pack_source	AID-SRC-000155	aid	~/AID/FAQE/Home/Altibase Error Messages/ERR-11009 Failed to invoke a system function, shmat()__7340315.md	aid_source	aid_07_troubleshooting_error_messages	aid	AID English-only auxiliary		English-only source				include_exact	exact_markdown	SHARD-002	BLOCK-000219	pass	KAE-BLOCK-000276	aid_reuse	primary_working_source_after_classification_preservation	aid_reuse	CONF-000007	candidate_with_open_recheck_guardrail	guarded_candidate_recheck_before_exhaustive_playbook	An aligned or AID-reuse baseline route exists, but open conflict/recheck rows block exhaustive or production-ready downstream claims.	S1-J012
source_pack_source	AID-SRC-000156	aid	~/AID/FAQE/Home/Altibase Error Messages/ERR-11025 The data file already exists__6980129.md	aid_source	aid_07_troubleshooting_error_messages	aid	AID English-only auxiliary		English-only source				include_exact	exact_markdown	SHARD-002	BLOCK-000220	pass	KAE-BLOCK-000276	aid_reuse	primary_working_source_after_classification_preservation	aid_reuse	CONF-000007	candidate_with_open_recheck_guardrail	guarded_candidate_recheck_before_exhaustive_playbook	An aligned or AID-reuse baseline route exists, but open conflict/recheck rows block exhaustive or production-ready downstream claims.	S1-J012
source_pack_source	AID-SRC-000157	aid	~/AID/FAQE/Home/Altibase Error Messages/ERR-11027 The data file does not exist__7340037.md	aid_source	aid_07_troubleshooting_error_messages	aid	AID English-only auxiliary		English-only source				include_exact	exact_markdown	SHARD-002	BLOCK-000221	pass	KAE-BLOCK-000276	aid_reuse	primary_working_source_after_classification_preservation	aid_reuse	CONF-000007	candidate_with_open_recheck_guardrail	guarded_candidate_recheck_before_exhaustive_playbook	An aligned or AID-reuse baseline route exists, but open conflict/recheck rows block exhaustive or production-ready downstream claims.	S1-J012
source_pack_source	AID-SRC-000158	aid	~/AID/FAQE/Home/Altibase Error Messages/ERR-1102A Tablespace node not found__11207177.md	aid_source	aid_07_troubleshooting_error_messages	aid	AID English-only auxiliary		English-only source				include_exact	exact_markdown	SHARD-002	BLOCK-000222	pass	KAE-BLOCK-000276	aid_reuse	primary_working_source_after_classification_preservation	aid_reuse	CONF-000007	candidate_with_open_recheck_guardrail	guarded_candidate_recheck_before_exhaustive_playbook	An aligned or AID-reuse baseline route exists, but open conflict/recheck rows block exhaustive or production-ready downstream claims.	S1-J012
source_pack_source	AID-SRC-000159	aid	~/AID/FAQE/Home/Altibase Error Messages/ERR-11030 The data file cannot be extended because the requested size is bigger than the maximum size (262144 pages)__6979787.md	aid_source	aid_07_troubleshooting_error_messages	aid	AID English-only auxiliary		English-only source				include_exact	exact_markdown	SHARD-002	BLOCK-000223	pass	KAE-BLOCK-000276	aid_reuse	primary_working_source_after_classification_preservation	aid_reuse	CONF-000007	candidate_with_open_recheck_guardrail	guarded_candidate_recheck_before_exhaustive_playbook	An aligned or AID-reuse baseline route exists, but open conflict/recheck rows block exhaustive or production-ready downstream claims.	S1-J012
source_pack_source	AID-SRC-000160	aid	~/AID/FAQE/Home/Altibase Error Messages/ERR-11035 The tablespace does not have enough free space__7340049.md	aid_source	aid_07_troubleshooting_error_messages	aid	AID English-only auxiliary		English-only source				include_exact	exact_markdown	SHARD-002	BLOCK-000224	pass	KAE-BLOCK-000276	aid_reuse	primary_working_source_after_classification_preservation	aid_reuse	CONF-000007	candidate_with_open_recheck_guardrail	guarded_candidate_recheck_before_exhaustive_playbook	An aligned or AID-reuse baseline route exists, but open conflict/recheck rows block exhaustive or production-ready downstream claims.	S1-J012
source_pack_source	AID-SRC-000161	aid	~/AID/FAQE/Home/Altibase Error Messages/ERR-11036 The data file is in use__6979796.md	aid_source	aid_07_troubleshooting_error_messages	aid	AID English-only auxiliary		English-only source				include_exact	exact_markdown	SHARD-002	BLOCK-000225	pass	KAE-BLOCK-000276	aid_reuse	primary_working_source_after_classification_preservation	aid_reuse	CONF-000007	candidate_with_open_recheck_guardrail	guarded_candidate_recheck_before_exhaustive_playbook	An aligned or AID-reuse baseline route exists, but open conflict/recheck rows block exhaustive or production-ready downstream claims.	S1-J012
source_pack_source	AID-SRC-000162	aid	~/AID/FAQE/Home/Altibase Error Messages/ERR-11041 A deadlock situation has been detected__6979819.md	aid_source	aid_07_troubleshooting_error_messages	aid	AID English-only auxiliary		English-only source				include_exact	exact_markdown	SHARD-002	BLOCK-000226	pass	KAE-BLOCK-000276	aid_reuse	primary_working_source_after_classification_preservation	aid_reuse	CONF-000007	candidate_with_open_recheck_guardrail	guarded_candidate_recheck_before_exhaustive_playbook	An aligned or AID-reuse baseline route exists, but open conflict/recheck rows block exhaustive or production-ready downstream claims.	S1-J012
source_pack_source	AID-SRC-000163	aid	~/AID/FAQE/Home/Altibase Error Messages/ERR-11049 Too many pages were allocated__6979809.md	aid_source	aid_07_troubleshooting_error_messages	aid	AID English-only auxiliary		English-only source				include_exact	exact_markdown	SHARD-002	BLOCK-000227	pass	KAE-BLOCK-000276	aid_reuse	primary_working_source_after_classification_preservation	aid_reuse	CONF-000007	candidate_with_open_recheck_guardrail	guarded_candidate_recheck_before_exhaustive_playbook	An aligned or AID-reuse baseline route exists, but open conflict/recheck rows block exhaustive or production-ready downstream claims.	S1-J012
source_pack_source	AID-SRC-000164	aid	~/AID/FAQE/Home/Altibase Error Messages/ERR-11058 The row already exists in a unique index__6979811.md	aid_source	aid_07_troubleshooting_error_messages	aid	AID English-only auxiliary		English-only source				include_exact	exact_markdown	SHARD-002	BLOCK-000228	pass	KAE-BLOCK-000276	aid_reuse	primary_working_source_after_classification_preservation	aid_reuse	CONF-000007	candidate_with_open_recheck_guardrail	guarded_candidate_recheck_before_exhaustive_playbook	An aligned or AID-reuse baseline route exists, but open conflict/recheck rows block exhaustive or production-ready downstream claims.	S1-J012
source_pack_source	AID-SRC-000165	aid	~/AID/FAQE/Home/Altibase Error Messages/ERR-1105D Unable to begin a new update statement__6979825.md	aid_source	aid_07_troubleshooting_error_messages	aid	AID English-only auxiliary		English-only source				include_exact	exact_markdown	SHARD-002	BLOCK-000229	pass	KAE-BLOCK-000276	aid_reuse	primary_working_source_after_classification_preservation	aid_reuse	CONF-000007	candidate_with_open_recheck_guardrail	guarded_candidate_recheck_before_exhaustive_playbook	An aligned or AID-reuse baseline route exists, but open conflict/recheck rows block exhaustive or production-ready downstream claims.	S1-J012
source_pack_source	AID-SRC-000166	aid	~/AID/FAQE/Home/Altibase Error Messages/ERR-11075 The transaction has exceeded the lock timeout specified by the user__6979715.md	aid_source	aid_07_troubleshooting_error_messages	aid	AID English-only auxiliary		English-only source				include_exact	exact_markdown	SHARD-002	BLOCK-000230	pass	KAE-BLOCK-000276	aid_reuse	primary_working_source_after_classification_preservation	aid_reuse	CONF-000007	candidate_with_open_recheck_guardrail	guarded_candidate_recheck_before_exhaustive_playbook	An aligned or AID-reuse baseline route exists, but open conflict/recheck rows block exhaustive or production-ready downstream claims.	S1-J012
source_pack_source	AID-SRC-000167	aid	~/AID/FAQE/Home/Altibase Error Messages/ERR-11098 smERR_ABORT_BackupLogMode cannot be executed in no archive log mode__6980107.md	aid_source	aid_07_troubleshooting_error_messages	aid	AID English-only auxiliary		English-only source				include_exact	exact_markdown	SHARD-002	BLOCK-000231	pass	KAE-BLOCK-000276	aid_reuse	primary_working_source_after_classification_preservation	aid_reuse	CONF-000007	candidate_with_open_recheck_guardrail	guarded_candidate_recheck_before_exhaustive_playbook	An aligned or AID-reuse baseline route exists, but open conflict/recheck rows block exhaustive or production-ready downstream claims.	S1-J012
source_pack_source	AID-SRC-000168	aid	~/AID/FAQE/Home/Altibase Error Messages/ERR-110AA Duplicate tablespace names__6980117.md	aid_source	aid_07_troubleshooting_error_messages	aid	AID English-only auxiliary		English-only source				include_exact	exact_markdown	SHARD-002	BLOCK-000232	pass	KAE-BLOCK-000276	aid_reuse	primary_working_source_after_classification_preservation	aid_reuse	CONF-000007	candidate_with_open_recheck_guardrail	guarded_candidate_recheck_before_exhaustive_playbook	An aligned or AID-reuse baseline route exists, but open conflict/recheck rows block exhaustive or production-ready downstream claims.	S1-J012
source_pack_source	AID-SRC-000169	aid	~/AID/FAQE/Home/Altibase Error Messages/ERR-110F0 Unable to extend the tablespace (SYS_TBS_MEM_DIC) because the database would be larger than MEM_MAX_DB_SIZE(12__7340747.md	aid_source	aid_07_troubleshooting_error_messages	aid	AID English-only auxiliary		English-only source				include_exact	exact_markdown	SHARD-002	BLOCK-000233	pass	KAE-BLOCK-000276	aid_reuse	primary_working_source_after_classification_preservation	aid_reuse	CONF-000007	candidate_with_open_recheck_guardrail	guarded_candidate_recheck_before_exhaustive_playbook	An aligned or AID-reuse baseline route exists, but open conflict/recheck rows block exhaustive or production-ready downstream claims.	S1-J012
source_pack_source	AID-SRC-000170	aid	~/AID/FAQE/Home/Altibase Error Messages/ERR-11107 smERR_ABORT_UNABLE_TO_CREATE_CUZ_VOL_MAX_DB_SIZE Unable to create the tablespace because the database would be__7340317.md	aid_source	aid_07_troubleshooting_error_messages	aid	AID English-only auxiliary		English-only source				include_exact	exact_markdown	SHARD-002	BLOCK-000234	pass	KAE-BLOCK-000276	aid_reuse	primary_working_source_after_classification_preservation	aid_reuse	CONF-000007	candidate_with_open_recheck_guardrail	guarded_candidate_recheck_before_exhaustive_playbook	An aligned or AID-reuse baseline route exists, but open conflict/recheck rows block exhaustive or production-ready downstream claims.	S1-J012
source_pack_source	AID-SRC-000171	aid	~/AID/FAQE/Home/Altibase Error Messages/ERR-11118 The update log size '...' is bigger than TRX_UPDATE_MAX_LOGSIZE '...'__7340281.md	aid_source	aid_07_troubleshooting_error_messages	aid	AID English-only auxiliary		English-only source				include_exact	exact_markdown	SHARD-002	BLOCK-000235	pass	KAE-BLOCK-000276	aid_reuse	primary_working_source_after_classification_preservation	aid_reuse	CONF-000007	candidate_with_open_recheck_guardrail	guarded_candidate_recheck_before_exhaustive_playbook	An aligned or AID-reuse baseline route exists, but open conflict/recheck rows block exhaustive or production-ready downstream claims.	S1-J012
source_pack_source	AID-SRC-000172	aid	~/AID/FAQE/Home/Altibase Error Messages/ERR-11118 The update log size '10485760' is bigger than TRX_UPDATE_MAX_LOGSIZE__6979741.md	aid_source	aid_07_troubleshooting_error_messages	aid	AID English-only auxiliary		English-only source				include_exact	exact_markdown	SHARD-002	BLOCK-000236	pass	KAE-BLOCK-000276	aid_reuse	primary_working_source_after_classification_preservation	aid_reuse	CONF-000007	candidate_with_open_recheck_guardrail	guarded_candidate_recheck_before_exhaustive_playbook	An aligned or AID-reuse baseline route exists, but open conflict/recheck rows block exhaustive or production-ready downstream claims.	S1-J012
source_pack_source	AID-SRC-000173	aid	~/AID/FAQE/Home/Altibase Error Messages/ERR-11123 The tablespace does not have enough free space__6979770.md	aid_source	aid_07_troubleshooting_error_messages	aid	AID English-only auxiliary		English-only source				include_exact	exact_markdown	SHARD-002	BLOCK-000237	pass	KAE-BLOCK-000276	aid_reuse	primary_working_source_after_classification_preservation	aid_reuse	CONF-000007	candidate_with_open_recheck_guardrail	guarded_candidate_recheck_before_exhaustive_playbook	An aligned or AID-reuse baseline route exists, but open conflict/recheck rows block exhaustive or production-ready downstream claims.	S1-J012
source_pack_source	AID-SRC-000174	aid	~/AID/FAQE/Home/Altibase Error Messages/ERR-11136 The LogAnchor file already exists__7340099.md	aid_source	aid_07_troubleshooting_error_messages	aid	AID English-only auxiliary		English-only source				include_exact	exact_markdown	SHARD-002	BLOCK-000238	pass	KAE-BLOCK-000276	aid_reuse	primary_working_source_after_classification_preservation	aid_reuse	CONF-000007	candidate_with_open_recheck_guardrail	guarded_candidate_recheck_before_exhaustive_playbook	An aligned or AID-reuse baseline route exists, but open conflict/recheck rows block exhaustive or production-ready downstream claims.	S1-J012
source_pack_source	AID-SRC-000175	aid	~/AID/FAQE/Home/Altibase Error Messages/ERR-135181 Invalid data type length__7340105.md	aid_source	aid_07_troubleshooting_error_messages	aid	AID English-only auxiliary		English-only source				include_exact	exact_markdown	SHARD-002	BLOCK-000239	pass	KAE-BLOCK-000276	aid_reuse	primary_working_source_after_classification_preservation	aid_reuse	CONF-000007	candidate_with_open_recheck_guardrail	guarded_candidate_recheck_before_exhaustive_playbook	An aligned or AID-reuse baseline route exists, but open conflict/recheck rows block exhaustive or production-ready downstream claims.	S1-J012
source_pack_source	AID-SRC-000176	aid	~/AID/FAQE/Home/Altibase Error Messages/ERR-201436 The number of host variables exceed the maximum limit (1024)__6979839.md	aid_source	aid_07_troubleshooting_error_messages	aid	AID English-only auxiliary		English-only source				include_exact	exact_markdown	SHARD-002	BLOCK-000240	pass	KAE-BLOCK-000276	aid_reuse	primary_working_source_after_classification_preservation	aid_reuse	CONF-000007	candidate_with_open_recheck_guardrail	guarded_candidate_recheck_before_exhaustive_playbook	An aligned or AID-reuse baseline route exists, but open conflict/recheck rows block exhaustive or production-ready downstream claims.	S1-J012
source_pack_source	AID-SRC-000177	aid	~/AID/FAQE/Home/Altibase Error Messages/ERR-2100D Invalid length of the data type__6979821.md	aid_source	aid_07_troubleshooting_error_messages	aid	AID English-only auxiliary		English-only source				include_exact	exact_markdown	SHARD-002	BLOCK-000241	pass	KAE-BLOCK-000276	aid_reuse	primary_working_source_after_classification_preservation	aid_reuse	CONF-000007	candidate_with_open_recheck_guardrail	guarded_candidate_recheck_before_exhaustive_playbook	An aligned or AID-reuse baseline route exists, but open conflict/recheck rows block exhaustive or production-ready downstream claims.	S1-J012
source_pack_source	AID-SRC-000178	aid	~/AID/FAQE/Home/Altibase Error Messages/ERR-21010 Value overflow__6979763.md	aid_source	aid_07_troubleshooting_error_messages	aid	AID English-only auxiliary		English-only source				include_exact	exact_markdown	SHARD-002	BLOCK-000242	pass	KAE-BLOCK-000276	aid_reuse	primary_working_source_after_classification_preservation	aid_reuse	CONF-000007	candidate_with_open_recheck_guardrail	guarded_candidate_recheck_before_exhaustive_playbook	An aligned or AID-reuse baseline route exists, but open conflict/recheck rows block exhaustive or production-ready downstream claims.	S1-J012
source_pack_source	AID-SRC-000179	aid	~/AID/FAQE/Home/Altibase Error Messages/ERR-21011 Invalid literal__6979802.md	aid_source	aid_07_troubleshooting_error_messages	aid	AID English-only auxiliary		English-only source				include_exact	exact_markdown	SHARD-002	BLOCK-000243	pass	KAE-BLOCK-000276	aid_reuse	primary_working_source_after_classification_preservation	aid_reuse	CONF-000007	candidate_with_open_recheck_guardrail	guarded_candidate_recheck_before_exhaustive_playbook	An aligned or AID-reuse baseline route exists, but open conflict/recheck rows block exhaustive or production-ready downstream claims.	S1-J012
source_pack_source	AID-SRC-000180	aid	~/AID/FAQE/Home/Altibase Error Messages/ERR-21013 Calculation stack overflow__6979710.md	aid_source	aid_07_troubleshooting_error_messages	aid	AID English-only auxiliary		English-only source				include_exact	exact_markdown	SHARD-002	BLOCK-000244	pass	KAE-BLOCK-000276	aid_reuse	primary_working_source_after_classification_preservation	aid_reuse	CONF-000007	candidate_with_open_recheck_guardrail	guarded_candidate_recheck_before_exhaustive_playbook	An aligned or AID-reuse baseline route exists, but open conflict/recheck rows block exhaustive or production-ready downstream claims.	S1-J012
source_pack_source	AID-SRC-000181	aid	~/AID/FAQE/Home/Altibase Error Messages/ERR-266300 Request of fetching data to an unprepared SQL statement__7340131.md	aid_source	aid_07_troubleshooting_error_messages	aid	AID English-only auxiliary		English-only source				include_exact	exact_markdown	SHARD-002	BLOCK-000245	pass	KAE-BLOCK-000276	aid_reuse	primary_working_source_after_classification_preservation	aid_reuse	CONF-000007	candidate_with_open_recheck_guardrail	guarded_candidate_recheck_before_exhaustive_playbook	An aligned or AID-reuse baseline route exists, but open conflict/recheck rows block exhaustive or production-ready downstream claims.	S1-J012
source_pack_source	AID-SRC-000182	aid	~/AID/FAQE/Home/Altibase Error Messages/ERR-266447 mmERR_ABORT_TOO_MANY_STATEMENTS_IN_THE_SESSION__7340133.md	aid_source	aid_07_troubleshooting_error_messages	aid	AID English-only auxiliary		English-only source				include_exact	exact_markdown	SHARD-002	BLOCK-000246	pass	KAE-BLOCK-000276	aid_reuse	primary_working_source_after_classification_preservation	aid_reuse	CONF-000007	candidate_with_open_recheck_guardrail	guarded_candidate_recheck_before_exhaustive_playbook	An aligned or AID-reuse baseline route exists, but open conflict/recheck rows block exhaustive or production-ready downstream claims.	S1-J012
source_pack_source	AID-SRC-000183	aid	~/AID/FAQE/Home/Altibase Error Messages/ERR-31020 You cannot execute DDL on a replicated table__7340135.md	aid_source	aid_07_troubleshooting_error_messages	aid	AID English-only auxiliary		English-only source				include_exact	exact_markdown	SHARD-002	BLOCK-000247	pass	KAE-BLOCK-000276	aid_reuse	primary_working_source_after_classification_preservation	aid_reuse	CONF-000007	candidate_with_open_recheck_guardrail	guarded_candidate_recheck_before_exhaustive_playbook	An aligned or AID-reuse baseline route exists, but open conflict/recheck rows block exhaustive or production-ready downstream claims.	S1-J012
source_pack_source	AID-SRC-000184	aid	~/AID/FAQE/Home/Altibase Error Messages/ERR-3103F No DDL statement is allowed to be executed on a replicated table__7340137.md	aid_source	aid_07_troubleshooting_error_messages	aid	AID English-only auxiliary		English-only source				include_exact	exact_markdown	SHARD-002	BLOCK-000248	pass	KAE-BLOCK-000276	aid_reuse	primary_working_source_after_classification_preservation	aid_reuse	CONF-000007	candidate_with_open_recheck_guardrail	guarded_candidate_recheck_before_exhaustive_playbook	An aligned or AID-reuse baseline route exists, but open conflict/recheck rows block exhaustive or production-ready downstream claims.	S1-J012
source_pack_source	AID-SRC-000185	aid	~/AID/FAQE/Home/Altibase Error Messages/ERR-31088 A replicated table must have a primary key__6979805.md	aid_source	aid_07_troubleshooting_error_messages	aid	AID English-only auxiliary		English-only source				include_exact	exact_markdown	SHARD-002	BLOCK-000249	pass	KAE-BLOCK-000276	aid_reuse	primary_working_source_after_classification_preservation	aid_reuse	CONF-000007	candidate_with_open_recheck_guardrail	guarded_candidate_recheck_before_exhaustive_playbook	An aligned or AID-reuse baseline route exists, but open conflict/recheck rows block exhaustive or production-ready downstream claims.	S1-J012
source_pack_source	AID-SRC-000186	aid	~/AID/FAQE/Home/Altibase Error Messages/ERR-3109F REPL sender failure to handshake with peer server__6979813.md	aid_source	aid_07_troubleshooting_error_messages	aid	AID English-only auxiliary		English-only source				include_exact	exact_markdown	SHARD-002	BLOCK-000250	pass	KAE-BLOCK-000276	aid_reuse	primary_working_source_after_classification_preservation	aid_reuse	CONF-000007	candidate_with_open_recheck_guardrail	guarded_candidate_recheck_before_exhaustive_playbook	An aligned or AID-reuse baseline route exists, but open conflict/recheck rows block exhaustive or production-ready downstream claims.	S1-J012
source_pack_source	AID-SRC-000187	aid	~/AID/FAQE/Home/Altibase Error Messages/ERR-311B1 The user must have SYSDBA privilege(s) to execute this statement__7340144.md	aid_source	aid_07_troubleshooting_error_messages	aid	AID English-only auxiliary		English-only source				include_exact	exact_markdown	SHARD-002	BLOCK-000251	pass	KAE-BLOCK-000276	aid_reuse	primary_working_source_after_classification_preservation	aid_reuse	CONF-000007	candidate_with_open_recheck_guardrail	guarded_candidate_recheck_before_exhaustive_playbook	An aligned or AID-reuse baseline route exists, but open conflict/recheck rows block exhaustive or production-ready downstream claims.	S1-J012
source_pack_source	AID-SRC-000188	aid	~/AID/FAQE/Home/Altibase Error Messages/ERR-311E0 The estimated size of the index key exceeds the maximum limit__6979717.md	aid_source	aid_07_troubleshooting_error_messages	aid	AID English-only auxiliary		English-only source				include_exact	exact_markdown	SHARD-002	BLOCK-000252	pass	KAE-BLOCK-000276	aid_reuse	primary_working_source_after_classification_preservation	aid_reuse	CONF-000007	candidate_with_open_recheck_guardrail	guarded_candidate_recheck_before_exhaustive_playbook	An aligned or AID-reuse baseline route exists, but open conflict/recheck rows block exhaustive or production-ready downstream claims.	S1-J012
source_pack_source	AID-SRC-000189	aid	~/AID/FAQE/Home/Altibase Error Messages/ERR-31233 The fixed record size exceeds the page size__7340252.md	aid_source	aid_07_troubleshooting_error_messages	aid	AID English-only auxiliary		English-only source				include_exact	exact_markdown	SHARD-002	BLOCK-000253	pass	KAE-BLOCK-000276	aid_reuse	primary_working_source_after_classification_preservation	aid_reuse	CONF-000007	candidate_with_open_recheck_guardrail	guarded_candidate_recheck_before_exhaustive_playbook	An aligned or AID-reuse baseline route exists, but open conflict/recheck rows block exhaustive or production-ready downstream claims.	S1-J012
source_pack_source	AID-SRC-000190	aid	~/AID/FAQE/Home/Altibase Error Messages/ERR-31240 Invalid request to process SQL statement__7340268.md	aid_source	aid_07_troubleshooting_error_messages	aid	AID English-only auxiliary		English-only source				include_exact	exact_markdown	SHARD-002	BLOCK-000254	pass	KAE-BLOCK-000276	aid_reuse	primary_working_source_after_classification_preservation	aid_reuse	CONF-000007	candidate_with_open_recheck_guardrail	guarded_candidate_recheck_before_exhaustive_playbook	An aligned or AID-reuse baseline route exists, but open conflict/recheck rows block exhaustive or production-ready downstream claims.	S1-J012
source_pack_source	AID-SRC-000191	aid	~/AID/FAQE/Home/Altibase Error Messages/ERR-31283 Unable to create a primary key or a unique key constraint in the local non-prefixed index__6979844.md	aid_source	aid_07_troubleshooting_error_messages	aid	AID English-only auxiliary		English-only source				include_exact	exact_markdown	SHARD-002	BLOCK-000255	pass	KAE-BLOCK-000276	aid_reuse	primary_working_source_after_classification_preservation	aid_reuse	CONF-000007	candidate_with_open_recheck_guardrail	guarded_candidate_recheck_before_exhaustive_playbook	An aligned or AID-reuse baseline route exists, but open conflict/recheck rows block exhaustive or production-ready downstream claims.	S1-J012
source_pack_source	AID-SRC-000192	aid	~/AID/FAQE/Home/Altibase Error Messages/ERR-312C4 Cannot execute this DDL on a replicated table when the system property REPLICATION_DDL_ENABLE is 0__7340146.md	aid_source	aid_07_troubleshooting_error_messages	aid	AID English-only auxiliary		English-only source				include_exact	exact_markdown	SHARD-002	BLOCK-000256	pass	KAE-BLOCK-000276	aid_reuse	primary_working_source_after_classification_preservation	aid_reuse	CONF-000007	candidate_with_open_recheck_guardrail	guarded_candidate_recheck_before_exhaustive_playbook	An aligned or AID-reuse baseline route exists, but open conflict/recheck rows block exhaustive or production-ready downstream claims.	S1-J012
source_pack_source	AID-SRC-000193	aid	~/AID/FAQE/Home/Altibase Error Messages/ERR-40029 Failed to invoke a system function, flock_trywrlock()__6979846.md	aid_source	aid_07_troubleshooting_error_messages	aid	AID English-only auxiliary		English-only source				include_exact	exact_markdown	SHARD-002	BLOCK-000257	pass	KAE-BLOCK-000276	aid_reuse	primary_working_source_after_classification_preservation	aid_reuse	CONF-000007	candidate_with_open_recheck_guardrail	guarded_candidate_recheck_before_exhaustive_playbook	An aligned or AID-reuse baseline route exists, but open conflict/recheck rows block exhaustive or production-ready downstream claims.	S1-J012
source_pack_source	AID-SRC-000194	aid	~/AID/FAQE/Home/Altibase Error Messages/ERR-4102C Incompatible NLS between the client and the server__6979729.md	aid_source	aid_07_troubleshooting_error_messages	aid	AID English-only auxiliary		English-only source				include_exact	exact_markdown	SHARD-002	BLOCK-000258	pass	KAE-BLOCK-000276	aid_reuse	primary_working_source_after_classification_preservation	aid_reuse	CONF-000007	candidate_with_open_recheck_guardrail	guarded_candidate_recheck_before_exhaustive_playbook	An aligned or AID-reuse baseline route exists, but open conflict/recheck rows block exhaustive or production-ready downstream claims.	S1-J012
source_pack_source	AID-SRC-000195	aid	~/AID/FAQE/Home/Altibase Error Messages/ERR-41041 Another SYSDBA session is already running__7340761.md	aid_source	aid_07_troubleshooting_error_messages	aid	AID English-only auxiliary		English-only source				include_exact	exact_markdown	SHARD-002	BLOCK-000259	pass	KAE-BLOCK-000276	aid_reuse	primary_working_source_after_classification_preservation	aid_reuse	CONF-000007	candidate_with_open_recheck_guardrail	guarded_candidate_recheck_before_exhaustive_playbook	An aligned or AID-reuse baseline route exists, but open conflict/recheck rows block exhaustive or production-ready downstream claims.	S1-J012
source_pack_source	AID-SRC-000196	aid	~/AID/FAQE/Home/Altibase Error Messages/ERR-41047 The transaction is already active__6979774.md	aid_source	aid_07_troubleshooting_error_messages	aid	AID English-only auxiliary		English-only source				include_exact	exact_markdown	SHARD-002	BLOCK-000260	pass	KAE-BLOCK-000276	aid_reuse	primary_working_source_after_classification_preservation	aid_reuse	CONF-000007	candidate_with_open_recheck_guardrail	guarded_candidate_recheck_before_exhaustive_playbook	An aligned or AID-reuse baseline route exists, but open conflict/recheck rows block exhaustive or production-ready downstream claims.	S1-J012
source_pack_source	AID-SRC-000197	aid	~/AID/FAQE/Home/Altibase Error Messages/ERR-41059 Task pool overflow__6979777.md	aid_source	aid_07_troubleshooting_error_messages	aid	AID English-only auxiliary		English-only source				include_exact	exact_markdown	SHARD-002	BLOCK-000261	pass	KAE-BLOCK-000276	aid_reuse	primary_working_source_after_classification_preservation	aid_reuse	CONF-000007	candidate_with_open_recheck_guardrail	guarded_candidate_recheck_before_exhaustive_playbook	An aligned or AID-reuse baseline route exists, but open conflict/recheck rows block exhaustive or production-ready downstream claims.	S1-J012
source_pack_source	AID-SRC-000198	aid	~/AID/FAQE/Home/Altibase Error Messages/ERR-4105A Several statements still open__7340285.md	aid_source	aid_07_troubleshooting_error_messages	aid	AID English-only auxiliary		English-only source				include_exact	exact_markdown	SHARD-002	BLOCK-000262	pass	KAE-BLOCK-000276	aid_reuse	primary_working_source_after_classification_preservation	aid_reuse	CONF-000007	candidate_with_open_recheck_guardrail	guarded_candidate_recheck_before_exhaustive_playbook	An aligned or AID-reuse baseline route exists, but open conflict/recheck rows block exhaustive or production-ready downstream claims.	S1-J012
source_pack_source	AID-SRC-000199	aid	~/AID/FAQE/Home/Altibase Error Messages/ERR-4109C invalid session property__6979790.md	aid_source	aid_07_troubleshooting_error_messages	aid	AID English-only auxiliary		English-only source				include_exact	exact_markdown	SHARD-002	BLOCK-000263	pass	KAE-BLOCK-000276	aid_reuse	primary_working_source_after_classification_preservation	aid_reuse	CONF-000007	candidate_with_open_recheck_guardrail	guarded_candidate_recheck_before_exhaustive_playbook	An aligned or AID-reuse baseline route exists, but open conflict/recheck rows block exhaustive or production-ready downstream claims.	S1-J012
source_pack_source	AID-SRC-000200	aid	~/AID/FAQE/Home/Altibase Error Messages/ERR-410B7 Invalid size of data to bind to a host variable Data Size__7340272.md	aid_source	aid_07_troubleshooting_error_messages	aid	AID English-only auxiliary		English-only source				include_exact	exact_markdown	SHARD-002	BLOCK-000264	pass	KAE-BLOCK-000276	aid_reuse	primary_working_source_after_classification_preservation	aid_reuse	CONF-000007	candidate_with_open_recheck_guardrail	guarded_candidate_recheck_before_exhaustive_playbook	An aligned or AID-reuse baseline route exists, but open conflict/recheck rows block exhaustive or production-ready downstream claims.	S1-J012
source_pack_source	AID-SRC-000201	aid	~/AID/FAQE/Home/Altibase Error Messages/ERR-410CF Too many statements have been allocated to this session__6979761.md	aid_source	aid_07_troubleshooting_error_messages	aid	AID English-only auxiliary		English-only source				include_exact	exact_markdown	SHARD-002	BLOCK-000265	pass	KAE-BLOCK-000276	aid_reuse	primary_working_source_after_classification_preservation	aid_reuse	CONF-000007	candidate_with_open_recheck_guardrail	guarded_candidate_recheck_before_exhaustive_playbook	An aligned or AID-reuse baseline route exists, but open conflict/recheck rows block exhaustive or production-ready downstream claims.	S1-J012
source_pack_source	AID-SRC-000202	aid	~/AID/FAQE/Home/Altibase Error Messages/ERR-410D5 Client unable to establish connection__6979736.md	aid_source	aid_07_troubleshooting_error_messages	aid	AID English-only auxiliary		English-only source				include_exact	exact_markdown	SHARD-002	BLOCK-000266	pass	KAE-BLOCK-000276	aid_reuse	primary_working_source_after_classification_preservation	aid_reuse	CONF-000007	candidate_with_open_recheck_guardrail	guarded_candidate_recheck_before_exhaustive_playbook	An aligned or AID-reuse baseline route exists, but open conflict/recheck rows block exhaustive or production-ready downstream claims.	S1-J012
source_pack_source	AID-SRC-000203	aid	~/AID/FAQE/Home/Altibase Error Messages/ERR-51014 Function sequence error__7340763.md	aid_source	aid_07_troubleshooting_error_messages	aid	AID English-only auxiliary		English-only source				include_exact	exact_markdown	SHARD-002	BLOCK-000267	pass	KAE-BLOCK-000276	aid_reuse	primary_working_source_after_classification_preservation	aid_reuse	CONF-000007	candidate_with_open_recheck_guardrail	guarded_candidate_recheck_before_exhaustive_playbook	An aligned or AID-reuse baseline route exists, but open conflict/recheck rows block exhaustive or production-ready downstream claims.	S1-J012
source_pack_source	AID-SRC-000204	aid	~/AID/FAQE/Home/Altibase Error Messages/ERR-51024 Different protocol versions__7340157.md	aid_source	aid_07_troubleshooting_error_messages	aid	AID English-only auxiliary		English-only source				include_exact	exact_markdown	SHARD-002	BLOCK-000268	pass	KAE-BLOCK-000276	aid_reuse	primary_working_source_after_classification_preservation	aid_reuse	CONF-000007	candidate_with_open_recheck_guardrail	guarded_candidate_recheck_before_exhaustive_playbook	An aligned or AID-reuse baseline route exists, but open conflict/recheck rows block exhaustive or production-ready downstream claims.	S1-J012
source_pack_source	AID-SRC-000205	aid	~/AID/FAQE/Home/Altibase Error Messages/ERR-5102E Invalid cursor state__7340159.md	aid_source	aid_07_troubleshooting_error_messages	aid	AID English-only auxiliary		English-only source				include_exact	exact_markdown	SHARD-002	BLOCK-000269	pass	KAE-BLOCK-000276	aid_reuse	primary_working_source_after_classification_preservation	aid_reuse	CONF-000007	candidate_with_open_recheck_guardrail	guarded_candidate_recheck_before_exhaustive_playbook	An aligned or AID-reuse baseline route exists, but open conflict/recheck rows block exhaustive or production-ready downstream claims.	S1-J012
source_pack_source	AID-SRC-000206	aid	~/AID/FAQE/Home/Altibase Error Messages/ERR-51039 Invalid Protocol__6979743.md	aid_source	aid_07_troubleshooting_error_messages	aid	AID English-only auxiliary		English-only source				include_exact	exact_markdown	SHARD-002	BLOCK-000270	pass	KAE-BLOCK-000276	aid_reuse	primary_working_source_after_classification_preservation	aid_reuse	CONF-000007	candidate_with_open_recheck_guardrail	guarded_candidate_recheck_before_exhaustive_playbook	An aligned or AID-reuse baseline route exists, but open conflict/recheck rows block exhaustive or production-ready downstream claims.	S1-J012
source_pack_source	AID-SRC-000207	aid	~/AID/FAQE/Home/Altibase Error Messages/ERR-51041 Indicator variable required but not supplied__7340270.md	aid_source	aid_07_troubleshooting_error_messages	aid	AID English-only auxiliary		English-only source				include_exact	exact_markdown	SHARD-002	BLOCK-000271	pass	KAE-BLOCK-000276	aid_reuse	primary_working_source_after_classification_preservation	aid_reuse	CONF-000007	candidate_with_open_recheck_guardrail	guarded_candidate_recheck_before_exhaustive_playbook	An aligned or AID-reuse baseline route exists, but open conflict/recheck rows block exhaustive or production-ready downstream claims.	S1-J012
source_pack_source	AID-SRC-000208	aid	~/AID/FAQE/Home/Altibase Error Messages/ERR-51043 Communication link failure__6979768.md	aid_source	aid_07_troubleshooting_error_messages	aid	AID English-only auxiliary		English-only source				include_exact	exact_markdown	SHARD-002	BLOCK-000272	pass	KAE-BLOCK-000276	aid_reuse	primary_working_source_after_classification_preservation	aid_reuse	CONF-000007	candidate_with_open_recheck_guardrail	guarded_candidate_recheck_before_exhaustive_playbook	An aligned or AID-reuse baseline route exists, but open conflict/recheck rows block exhaustive or production-ready downstream claims.	S1-J012
source_pack_source	AID-SRC-000209	aid	~/AID/FAQE/Home/Altibase Error Messages/ERR-5104D Connection timeout__7340765.md	aid_source	aid_07_troubleshooting_error_messages	aid	AID English-only auxiliary		English-only source				include_exact	exact_markdown	SHARD-002	BLOCK-000273	pass	KAE-BLOCK-000276	aid_reuse	primary_working_source_after_classification_preservation	aid_reuse	CONF-000007	candidate_with_open_recheck_guardrail	guarded_candidate_recheck_before_exhaustive_playbook	An aligned or AID-reuse baseline route exists, but open conflict/recheck rows block exhaustive or production-ready downstream claims.	S1-J012
source_pack_source	AID-SRC-000210	aid	~/AID/FAQE/Home/Altibase Error Messages/ERR-5104F Communication link failure__7340245.md	aid_source	aid_07_troubleshooting_error_messages	aid	AID English-only auxiliary		English-only source				include_exact	exact_markdown	SHARD-002	BLOCK-000274	pass	KAE-BLOCK-000276	aid_reuse	primary_working_source_after_classification_preservation	aid_reuse	CONF-000007	candidate_with_open_recheck_guardrail	guarded_candidate_recheck_before_exhaustive_playbook	An aligned or AID-reuse baseline route exists, but open conflict/recheck rows block exhaustive or production-ready downstream claims.	S1-J012
source_pack_source	AID-SRC-000211	aid	~/AID/FAQE/Home/Altibase Error Messages/ERR-5105A The connection does not exist__7340243.md	aid_source	aid_07_troubleshooting_error_messages	aid	AID English-only auxiliary		English-only source				include_exact	exact_markdown	SHARD-002	BLOCK-000275	pass	KAE-BLOCK-000276	aid_reuse	primary_working_source_after_classification_preservation	aid_reuse	CONF-000007	candidate_with_open_recheck_guardrail	guarded_candidate_recheck_before_exhaustive_playbook	An aligned or AID-reuse baseline route exists, but open conflict/recheck rows block exhaustive or production-ready downstream claims.	S1-J012
source_pack_source	AID-SRC-000212	aid	~/AID/FAQE/Home/Altibase Error Messages/ERR-51067 Neither PORT_NO in the connection string or ALTIBASE_PORT_NO environment variable are set__7340767.md	aid_source	aid_07_troubleshooting_error_messages	aid	AID English-only auxiliary		English-only source				include_exact	exact_markdown	SHARD-002	BLOCK-000276	pass	KAE-BLOCK-000276	aid_reuse	primary_working_source_after_classification_preservation	aid_reuse	CONF-000007	candidate_with_open_recheck_guardrail	guarded_candidate_recheck_before_exhaustive_playbook	An aligned or AID-reuse baseline route exists, but open conflict/recheck rows block exhaustive or production-ready downstream claims.	S1-J012
source_pack_source	AID-SRC-000213	aid	~/AID/FAQE/Home/Altibase Error Messages/ERR-51192 The call to getaddrinfo() failed. The host name or service may be unknown__7340769.md	aid_source	aid_07_troubleshooting_error_messages	aid	AID English-only auxiliary		English-only source				include_exact	exact_markdown	SHARD-002	BLOCK-000277	pass	KAE-BLOCK-000276	aid_reuse	primary_working_source_after_classification_preservation	aid_reuse	CONF-000007	candidate_with_open_recheck_guardrail	guarded_candidate_recheck_before_exhaustive_playbook	An aligned or AID-reuse baseline route exists, but open conflict/recheck rows block exhaustive or production-ready downstream claims.	S1-J012
source_pack_source	AID-SRC-000214	aid	~/AID/FAQE/Home/Altibase Error Messages/ERR-52027 String data right-truncated__7340167.md	aid_source	aid_07_troubleshooting_error_messages	aid	AID English-only auxiliary		English-only source				include_exact	exact_markdown	SHARD-002	BLOCK-000278	pass	KAE-BLOCK-000276	aid_reuse	primary_working_source_after_classification_preservation	aid_reuse	CONF-000007	candidate_with_open_recheck_guardrail	guarded_candidate_recheck_before_exhaustive_playbook	An aligned or AID-reuse baseline route exists, but open conflict/recheck rows block exhaustive or production-ready downstream claims.	S1-J012
source_pack_source	AID-SRC-000215	aid	~/AID/FAQE/Home/Altibase Error Messages/ERR-61000 The received record was not found in the database__7340772.md	aid_source	aid_07_troubleshooting_error_messages	aid	AID English-only auxiliary		English-only source				include_exact	exact_markdown	SHARD-002	BLOCK-000279	pass	KAE-BLOCK-000276	aid_reuse	primary_working_source_after_classification_preservation	aid_reuse	CONF-000007	candidate_with_open_recheck_guardrail	guarded_candidate_recheck_before_exhaustive_playbook	An aligned or AID-reuse baseline route exists, but open conflict/recheck rows block exhaustive or production-ready downstream claims.	S1-J012
source_pack_source	AID-SRC-000216	aid	~/AID/FAQE/Home/Altibase Error Messages/ERR-61001 A conflict occurred while executing the received statement__7340171.md	aid_source	aid_07_troubleshooting_error_messages	aid	AID English-only auxiliary		English-only source				include_exact	exact_markdown	SHARD-002	BLOCK-000280	pass	KAE-BLOCK-000276	aid_reuse	primary_working_source_after_classification_preservation	aid_reuse	CONF-000007	candidate_with_open_recheck_guardrail	guarded_candidate_recheck_before_exhaustive_playbook	An aligned or AID-reuse baseline route exists, but open conflict/recheck rows block exhaustive or production-ready downstream claims.	S1-J012
source_pack_source	AID-SRC-000217	aid	~/AID/FAQE/Home/Altibase Error Messages/ERR-6100C rpERR_ABORT_RP_RECEIVER_NOT_FOUND The receiver does not exist__7340774.md	aid_source	aid_07_troubleshooting_error_messages	aid	AID English-only auxiliary		English-only source				include_exact	exact_markdown	SHARD-002	BLOCK-000281	pass	KAE-BLOCK-000276	aid_reuse	primary_working_source_after_classification_preservation	aid_reuse	CONF-000007	candidate_with_open_recheck_guardrail	guarded_candidate_recheck_before_exhaustive_playbook	An aligned or AID-reuse baseline route exists, but open conflict/recheck rows block exhaustive or production-ready downstream claims.	S1-J012
source_pack_source	AID-SRC-000218	aid	~/AID/FAQE/Home/Altibase Error Messages/ERR-6100D Sender failed to handshake with the peer server__6979754.md	aid_source	aid_07_troubleshooting_error_messages	aid	AID English-only auxiliary		English-only source				include_exact	exact_markdown	SHARD-002	BLOCK-000282	pass	KAE-BLOCK-000276	aid_reuse	primary_working_source_after_classification_preservation	aid_reuse	CONF-000007	candidate_with_open_recheck_guardrail	guarded_candidate_recheck_before_exhaustive_playbook	An aligned or AID-reuse baseline route exists, but open conflict/recheck rows block exhaustive or production-ready downstream claims.	S1-J012
source_pack_source	AID-SRC-000219	aid	~/AID/FAQE/Home/Altibase Error Messages/ERR-61016 rpERR_ABORT_RP_SENDER_MAKE_XLOG Sender Failed to make an xlog__7340206.md	aid_source	aid_07_troubleshooting_error_messages	aid	AID English-only auxiliary		English-only source				include_exact	exact_markdown	SHARD-002	BLOCK-000283	pass	KAE-BLOCK-000276	aid_reuse	primary_working_source_after_classification_preservation	aid_reuse	CONF-000007	candidate_with_open_recheck_guardrail	guarded_candidate_recheck_before_exhaustive_playbook	An aligned or AID-reuse baseline route exists, but open conflict/recheck rows block exhaustive or production-ready downstream claims.	S1-J012
source_pack_source	AID-SRC-000220	aid	~/AID/FAQE/Home/Altibase Error Messages/ERR-61023 rpERR_ABORT_RP_REPLICATION_DISABLED Replication is disabled__7340208.md	aid_source	aid_07_troubleshooting_error_messages	aid	AID English-only auxiliary		English-only source				include_exact	exact_markdown	SHARD-002	BLOCK-000284	pass	KAE-BLOCK-000276	aid_reuse	primary_working_source_after_classification_preservation	aid_reuse	CONF-000007	candidate_with_open_recheck_guardrail	guarded_candidate_recheck_before_exhaustive_playbook	An aligned or AID-reuse baseline route exists, but open conflict/recheck rows block exhaustive or production-ready downstream claims.	S1-J012
source_pack_source	AID-SRC-000221	aid	~/AID/FAQE/Home/Altibase Error Messages/ERR-61035 Receiver - An update conflict occurred__6979849.md	aid_source	aid_07_troubleshooting_error_messages	aid	AID English-only auxiliary		English-only source				include_exact	exact_markdown	SHARD-002	BLOCK-000285	pass	KAE-BLOCK-000276	aid_reuse	primary_working_source_after_classification_preservation	aid_reuse	CONF-000007	candidate_with_open_recheck_guardrail	guarded_candidate_recheck_before_exhaustive_playbook	An aligned or AID-reuse baseline route exists, but open conflict/recheck rows block exhaustive or production-ready downstream claims.	S1-J012
source_pack_source	AID-SRC-000222	aid	~/AID/FAQE/Home/Altibase Error Messages/ERR-61036 Receiver err_not found in deleteXlog()__7340210.md	aid_source	aid_07_troubleshooting_error_messages	aid	AID English-only auxiliary		English-only source				include_exact	exact_markdown	SHARD-002	BLOCK-000286	pass	KAE-BLOCK-000276	aid_reuse	primary_working_source_after_classification_preservation	aid_reuse	CONF-000007	candidate_with_open_recheck_guardrail	guarded_candidate_recheck_before_exhaustive_playbook	An aligned or AID-reuse baseline route exists, but open conflict/recheck rows block exhaustive or production-ready downstream claims.	S1-J012
source_pack_source	AID-SRC-000223	aid	~/AID/FAQE/Home/Altibase Error Messages/ERR-6103a Receiver err_not_found in updateXlog()__7340213.md	aid_source	aid_07_troubleshooting_error_messages	aid	AID English-only auxiliary		English-only source				include_exact	exact_markdown	SHARD-002	BLOCK-000287	pass	KAE-BLOCK-000276	aid_reuse	primary_working_source_after_classification_preservation	aid_reuse	CONF-000007	candidate_with_open_recheck_guardrail	guarded_candidate_recheck_before_exhaustive_playbook	An aligned or AID-reuse baseline route exists, but open conflict/recheck rows block exhaustive or production-ready downstream claims.	S1-J012
source_pack_source	AID-SRC-000224	aid	~/AID/FAQE/Home/Altibase Error Messages/ERR-610CF The transaction table size of the replication does not match__7340217.md	aid_source	aid_07_troubleshooting_error_messages	aid	AID English-only auxiliary		English-only source				include_exact	exact_markdown	SHARD-002	BLOCK-000288	pass	KAE-BLOCK-000276	aid_reuse	primary_working_source_after_classification_preservation	aid_reuse	CONF-000007	candidate_with_open_recheck_guardrail	guarded_candidate_recheck_before_exhaustive_playbook	An aligned or AID-reuse baseline route exists, but open conflict/recheck rows block exhaustive or production-ready downstream claims.	S1-J012
source_pack_source	AID-SRC-000225	aid	~/AID/FAQE/Home/Altibase Error Messages/ERR-610D2 The primary key column count of the replicated table does not match__7340220.md	aid_source	aid_07_troubleshooting_error_messages	aid	AID English-only auxiliary		English-only source				include_exact	exact_markdown	SHARD-002	BLOCK-000289	pass	KAE-BLOCK-000276	aid_reuse	primary_working_source_after_classification_preservation	aid_reuse	CONF-000007	candidate_with_open_recheck_guardrail	guarded_candidate_recheck_before_exhaustive_playbook	An aligned or AID-reuse baseline route exists, but open conflict/recheck rows block exhaustive or production-ready downstream claims.	S1-J012
source_pack_source	AID-SRC-000226	aid	~/AID/FAQE/Home/Altibase Error Messages/ERR-610a0 Sender Stopping REP1 sender thread__7340215.md	aid_source	aid_07_troubleshooting_error_messages	aid	AID English-only auxiliary		English-only source				include_exact	exact_markdown	SHARD-002	BLOCK-000290	pass	KAE-BLOCK-000276	aid_reuse	primary_working_source_after_classification_preservation	aid_reuse	CONF-000007	candidate_with_open_recheck_guardrail	guarded_candidate_recheck_before_exhaustive_playbook	An aligned or AID-reuse baseline route exists, but open conflict/recheck rows block exhaustive or production-ready downstream claims.	S1-J012
source_pack_source	AID-SRC-000227	aid	~/AID/FAQE/Home/Altibase Error Messages/ERR-61100 rpERR_ABORT_RPC_DUPLICATE_REPLICATION Duplicate replication names. The replication name already exists in the__6979851.md	aid_source	aid_07_troubleshooting_error_messages	aid	AID English-only auxiliary		English-only source				include_exact	exact_markdown	SHARD-002	BLOCK-000291	pass	KAE-BLOCK-000276	aid_reuse	primary_working_source_after_classification_preservation	aid_reuse	CONF-000007	candidate_with_open_recheck_guardrail	guarded_candidate_recheck_before_exhaustive_playbook	An aligned or AID-reuse baseline route exists, but open conflict/recheck rows block exhaustive or production-ready downstream claims.	S1-J012
source_pack_source	AID-SRC-000228	aid	~/AID/FAQE/Home/Altibase Error Messages/ERR-61113 A replicated table must have a primary key__7340225.md	aid_source	aid_07_troubleshooting_error_messages	aid	AID English-only auxiliary		English-only source				include_exact	exact_markdown	SHARD-002	BLOCK-000292	pass	KAE-BLOCK-000276	aid_reuse	primary_working_source_after_classification_preservation	aid_reuse	CONF-000007	candidate_with_open_recheck_guardrail	guarded_candidate_recheck_before_exhaustive_playbook	An aligned or AID-reuse baseline route exists, but open conflict/recheck rows block exhaustive or production-ready downstream claims.	S1-J012
source_pack_source	AID-SRC-000229	aid	~/AID/FAQE/Home/Altibase Error Messages/ERR-71015 cmERR_ABORT_SELECT_ERROR Failed to invoke the select() system function__7340227.md	aid_source	aid_07_troubleshooting_error_messages	aid	AID English-only auxiliary		English-only source				include_exact	exact_markdown	SHARD-002	BLOCK-000293	pass	KAE-BLOCK-000276	aid_reuse	primary_working_source_after_classification_preservation	aid_reuse	CONF-000007	candidate_with_open_recheck_guardrail	guarded_candidate_recheck_before_exhaustive_playbook	An aligned or AID-reuse baseline route exists, but open conflict/recheck rows block exhaustive or production-ready downstream claims.	S1-J012
source_pack_source	AID-SRC-000230	aid	~/AID/FAQE/Home/Altibase Error Messages/ERR-71018 Failed to invoke the read() system function__6979756.md	aid_source	aid_07_troubleshooting_error_messages	aid	AID English-only auxiliary		English-only source				include_exact	exact_markdown	SHARD-002	BLOCK-000294	pass	KAE-BLOCK-000276	aid_reuse	primary_working_source_after_classification_preservation	aid_reuse	CONF-000007	candidate_with_open_recheck_guardrail	guarded_candidate_recheck_before_exhaustive_playbook	An aligned or AID-reuse baseline route exists, but open conflict/recheck rows block exhaustive or production-ready downstream claims.	S1-J012
source_pack_source	AID-SRC-000231	aid	~/AID/FAQE/Home/Altibase Error Messages/ERR-71019 Failed to invoke the write() system function Flush protocol failed. Close connection__6979853.md	aid_source	aid_07_troubleshooting_error_messages	aid	AID English-only auxiliary		English-only source				include_exact	exact_markdown	SHARD-002	BLOCK-000295	pass	KAE-BLOCK-000276	aid_reuse	primary_working_source_after_classification_preservation	aid_reuse	CONF-000007	candidate_with_open_recheck_guardrail	guarded_candidate_recheck_before_exhaustive_playbook	An aligned or AID-reuse baseline route exists, but open conflict/recheck rows block exhaustive or production-ready downstream claims.	S1-J012
source_pack_source	AID-SRC-000232	aid	~/AID/FAQE/Home/Altibase Error Messages/ERR-7101d Protocol header error__6979734.md	aid_source	aid_07_troubleshooting_error_messages	aid	AID English-only auxiliary		English-only source				include_exact	exact_markdown	SHARD-002	BLOCK-000296	pass	KAE-BLOCK-000276	aid_reuse	primary_working_source_after_classification_preservation	aid_reuse	CONF-000007	candidate_with_open_recheck_guardrail	guarded_candidate_recheck_before_exhaustive_playbook	An aligned or AID-reuse baseline route exists, but open conflict/recheck rows block exhaustive or production-ready downstream claims.	S1-J012
source_pack_source	AID-SRC-000233	aid	~/AID/FAQE/Home/Altibase Error Messages/ERR-91013 The query was too long the maximum length is 65536__7340229.md	aid_source	aid_07_troubleshooting_error_messages	aid	AID English-only auxiliary		English-only source				include_exact	exact_markdown	SHARD-002	BLOCK-000297	pass	KAE-BLOCK-000276	aid_reuse	primary_working_source_after_classification_preservation	aid_reuse	CONF-000007	candidate_with_open_recheck_guardrail	guarded_candidate_recheck_before_exhaustive_playbook	An aligned or AID-reuse baseline route exists, but open conflict/recheck rows block exhaustive or production-ready downstream claims.	S1-J012
source_pack_source	AID-SRC-000234	aid	~/AID/FAQE/Home/Altibase Error Messages/ERR-91020 No Connection State__6979855.md	aid_source	aid_07_troubleshooting_error_messages	aid	AID English-only auxiliary		English-only source				include_exact	exact_markdown	SHARD-002	BLOCK-000298	pass	KAE-BLOCK-000276	aid_reuse	primary_working_source_after_classification_preservation	aid_reuse	CONF-000007	candidate_with_open_recheck_guardrail	guarded_candidate_recheck_before_exhaustive_playbook	An aligned or AID-reuse baseline route exists, but open conflict/recheck rows block exhaustive or production-ready downstream claims.	S1-J012
source_pack_source	AID-SRC-000235	aid	~/AID/FAQE/Home/Altibase Error Messages/ERR-9102B utERR_ABORT_Token_Value_Range_Error Token value length overflow. Maximum token length=0%d. Column =1%s, Value=__7340231.md	aid_source	aid_07_troubleshooting_error_messages	aid	AID English-only auxiliary		English-only source				include_exact	exact_markdown	SHARD-002	BLOCK-000299	pass	KAE-BLOCK-000276	aid_reuse	primary_working_source_after_classification_preservation	aid_reuse	CONF-000007	candidate_with_open_recheck_guardrail	guarded_candidate_recheck_before_exhaustive_playbook	An aligned or AID-reuse baseline route exists, but open conflict/recheck rows block exhaustive or production-ready downstream claims.	S1-J012
source_pack_source	AID-SRC-000236	aid	~/AID/FAQE/Home/Altibase Error Messages/ERR-9103D Data parsing error - LineXXXX__6979857.md	aid_source	aid_07_troubleshooting_error_messages	aid	AID English-only auxiliary		English-only source				include_exact	exact_markdown	SHARD-002	BLOCK-000300	pass	KAE-BLOCK-000276	aid_reuse	primary_working_source_after_classification_preservation	aid_reuse	CONF-000007	candidate_with_open_recheck_guardrail	guarded_candidate_recheck_before_exhaustive_playbook	An aligned or AID-reuse baseline route exists, but open conflict/recheck rows block exhaustive or production-ready downstream claims.	S1-J012
source_pack_source	AID-SRC-000237	aid	~/AID/FAQE/Home/Altibase Error Messages/ERR-91044 Error occurred during data file IO__7340233.md	aid_source	aid_07_troubleshooting_error_messages	aid	AID English-only auxiliary		English-only source				include_exact	exact_markdown	SHARD-002	BLOCK-000301	pass	KAE-BLOCK-000276	aid_reuse	primary_working_source_after_classification_preservation	aid_reuse	CONF-000007	candidate_with_open_recheck_guardrail	guarded_candidate_recheck_before_exhaustive_playbook	An aligned or AID-reuse baseline route exists, but open conflict/recheck rows block exhaustive or production-ready downstream claims.	S1-J012
source_pack_source	AID-SRC-000238	aid	~/AID/FAQE/Home/Altibase Error Messages/ERR-A100C Conversion not applicable__7340250.md	aid_source	aid_07_troubleshooting_error_messages	aid	AID English-only auxiliary		English-only source				include_exact	exact_markdown	SHARD-002	BLOCK-000302	pass	KAE-BLOCK-000276	aid_reuse	primary_working_source_after_classification_preservation	aid_reuse	CONF-000007	candidate_with_open_recheck_guardrail	guarded_candidate_recheck_before_exhaustive_playbook	An aligned or AID-reuse baseline route exists, but open conflict/recheck rows block exhaustive or production-ready downstream claims.	S1-J012
source_pack_source	AID-SRC-000239	aid	~/AID/FAQE/Home/Altibase Error Messages/ERR-A1013 Calculation stack overflow__7340247.md	aid_source	aid_07_troubleshooting_error_messages	aid	AID English-only auxiliary		English-only source				include_exact	exact_markdown	SHARD-002	BLOCK-000303	pass	KAE-BLOCK-000276	aid_reuse	primary_working_source_after_classification_preservation	aid_reuse	CONF-000007	candidate_with_open_recheck_guardrail	guarded_candidate_recheck_before_exhaustive_playbook	An aligned or AID-reuse baseline route exists, but open conflict/recheck rows block exhaustive or production-ready downstream claims.	S1-J012
source_pack_source	AID-SRC-000240	aid	~/AID/FAQE/Home/Altibase Error Messages/make Cannot find a rule to create target connect1.o from dependencies__7340239.md	aid_source	aid_07_troubleshooting_error_messages	aid	AID English-only auxiliary		English-only source				include_exact	exact_markdown	SHARD-002	BLOCK-000304	pass	KAE-BLOCK-000276	aid_reuse	primary_working_source_after_classification_preservation	aid_reuse	CONF-000007	candidate_with_open_recheck_guardrail	guarded_candidate_recheck_before_exhaustive_playbook	An aligned or AID-reuse baseline route exists, but open conflict/recheck rows block exhaustive or production-ready downstream claims.	S1-J012
source_pack_source	AID-SRC-000241	aid	~/AID/FAQE/Home/Altibase Error Messages__6979655.md	aid_source	aid_07_troubleshooting_error_messages	aid	AID English-only auxiliary		English-only source				include_exact	exact_markdown	SHARD-002	BLOCK-000305	pass	KAE-BLOCK-000276	aid_reuse	primary_working_source_after_classification_preservation	aid_reuse	CONF-000007	candidate_with_open_recheck_guardrail	guarded_candidate_recheck_before_exhaustive_playbook	An aligned or AID-reuse baseline route exists, but open conflict/recheck rows block exhaustive or production-ready downstream claims.	S1-J012
source_pack_source	AID-SRC-000242	aid	~/AID/arch/Home/AIX Setup Guide for Altibase__14058298.md	aid_source	aid_01_installation_upgrade_platform	aid	AID Korean-source-verified		Korean-source-verified				include_exact	exact_markdown	SHARD-001	BLOCK-000011	pass	KAE-BLOCK-000276	aid_reuse	primary_working_source_after_classification_preservation	aid_reuse	CONF-000007	candidate_with_open_recheck_guardrail	guarded_candidate_recheck_before_exhaustive_playbook	An aligned or AID-reuse baseline route exists, but open conflict/recheck rows block exhaustive or production-ready downstream claims.	S1-J012
source_pack_source	AID-SRC-000243	aid	~/AID/arch/Home/APRE_C_C++ New Features & Upgrade Guide__22643052.md	aid_source	aid_09_development_client_api	aid	AID Link-validated Korean-source-verified		Link-validated Korean-source-verified				include_exact	exact_markdown	SHARD-002	BLOCK-000330	pass	KAE-BLOCK-000276	aid_reuse	primary_working_source_after_classification_preservation	aid_reuse	CONF-000007	candidate_with_open_recheck_guardrail	guarded_candidate_recheck_before_exhaustive_playbook	An aligned or AID-reuse baseline route exists, but open conflict/recheck rows block exhaustive or production-ready downstream claims.	S1-J012
source_pack_source	AID-SRC-000244	aid	~/AID/arch/Home/Altibase APRE(SES) _C_C++ Makefile/How to make a basic Makefile__15630382.md	aid_source	aid_09_development_client_api	aid	AID Korean-source-verified		Korean-source-verified				include_exact	exact_markdown	SHARD-002	BLOCK-000331	pass	KAE-BLOCK-000276	aid_reuse	primary_working_source_after_classification_preservation	aid_reuse	CONF-000007	candidate_with_open_recheck_guardrail	guarded_candidate_recheck_before_exhaustive_playbook	An aligned or AID-reuse baseline route exists, but open conflict/recheck rows block exhaustive or production-ready downstream claims.	S1-J012
source_pack_source	AID-SRC-000245	aid	~/AID/arch/Home/Altibase APRE(SES) _C_C++ Makefile/Makefile for AIX xlc__16252935.md	aid_source	aid_09_development_client_api	aid	AID Korean-source-verified		Korean-source-verified				include_exact	exact_markdown	SHARD-002	BLOCK-000332	pass	KAE-BLOCK-000276	aid_reuse	primary_working_source_after_classification_preservation	aid_reuse	CONF-000007	candidate_with_open_recheck_guardrail	guarded_candidate_recheck_before_exhaustive_playbook	An aligned or AID-reuse baseline route exists, but open conflict/recheck rows block exhaustive or production-ready downstream claims.	S1-J012
source_pack_source	AID-SRC-000246	aid	~/AID/arch/Home/Altibase APRE(SES) _C_C++ Makefile/Makefile for HP acc__16449546.md	aid_source	aid_09_development_client_api	aid	AID Korean-source-verified		Korean-source-verified				include_exact	exact_markdown	SHARD-002	BLOCK-000333	pass	KAE-BLOCK-000276	aid_reuse	primary_working_source_after_classification_preservation	aid_reuse	CONF-000007	candidate_with_open_recheck_guardrail	guarded_candidate_recheck_before_exhaustive_playbook	An aligned or AID-reuse baseline route exists, but open conflict/recheck rows block exhaustive or production-ready downstream claims.	S1-J012
source_pack_source	AID-SRC-000247	aid	~/AID/arch/Home/Altibase APRE(SES) _C_C++ Makefile/Makefile for Linux gcc__15630400.md	aid_source	aid_09_development_client_api	aid	AID Korean-source-verified		Korean-source-verified				include_exact	exact_markdown	SHARD-002	BLOCK-000334	pass	KAE-BLOCK-000276	aid_reuse	primary_working_source_after_classification_preservation	aid_reuse	CONF-000007	candidate_with_open_recheck_guardrail	guarded_candidate_recheck_before_exhaustive_playbook	An aligned or AID-reuse baseline route exists, but open conflict/recheck rows block exhaustive or production-ready downstream claims.	S1-J012
source_pack_source	AID-SRC-000248	aid	~/AID/arch/Home/Altibase APRE(SES) _C_C++ Makefile/Makefile for SUN(Solaris) cc__16678920.md	aid_source	aid_09_development_client_api	aid	AID Korean-source-verified		Korean-source-verified				include_exact	exact_markdown	SHARD-002	BLOCK-000335	pass	KAE-BLOCK-000276	aid_reuse	primary_working_source_after_classification_preservation	aid_reuse	CONF-000007	candidate_with_open_recheck_guardrail	guarded_candidate_recheck_before_exhaustive_playbook	An aligned or AID-reuse baseline route exists, but open conflict/recheck rows block exhaustive or production-ready downstream claims.	S1-J012
source_pack_source	AID-SRC-000249	aid	~/AID/arch/Home/Altibase APRE(SES) _C_C++ Makefile/Notes_Considerations__16678933.md	aid_source	aid_09_development_client_api	aid	AID Korean-source-verified		Korean-source-verified				include_exact	exact_markdown	SHARD-002	BLOCK-000336	pass	KAE-BLOCK-000276	aid_reuse	primary_working_source_after_classification_preservation	aid_reuse	CONF-000007	candidate_with_open_recheck_guardrail	guarded_candidate_recheck_before_exhaustive_playbook	An aligned or AID-reuse baseline route exists, but open conflict/recheck rows block exhaustive or production-ready downstream claims.	S1-J012
source_pack_source	AID-SRC-000250	aid	~/AID/arch/Home/Altibase APRE(SES) _C_C++ Makefile__15630378.md	aid_source	aid_09_development_client_api	aid	AID Korean-source-verified		Korean-source-verified				include_exact	exact_markdown	SHARD-002	BLOCK-000337	pass	KAE-BLOCK-000276	aid_reuse	primary_working_source_after_classification_preservation	aid_reuse	CONF-000007	candidate_with_open_recheck_guardrail	guarded_candidate_recheck_before_exhaustive_playbook	An aligned or AID-reuse baseline route exists, but open conflict/recheck rows block exhaustive or production-ready downstream claims.	S1-J012
source_pack_source	AID-SRC-000251	aid	~/AID/arch/Home/Altibase CPU Overload Analysis Guide/1. Routine Checklist__14647587.md	aid_source	aid_06_monitoring_diagnostics	aid	AID Link-validated Korean-source-verified		Link-validated Korean-source-verified				include_exact	exact_markdown	SHARD-002	BLOCK-000137	pass	KAE-BLOCK-000276	aid_reuse	primary_working_source_after_classification_preservation	aid_reuse	CONF-000007	candidate_with_open_recheck_guardrail	guarded_candidate_recheck_before_exhaustive_playbook	An aligned or AID-reuse baseline route exists, but open conflict/recheck rows block exhaustive or production-ready downstream claims.	S1-J012
source_pack_source	AID-SRC-000252	aid	~/AID/arch/Home/Altibase CPU Overload Analysis Guide/2. General Analysis Procedure__14647591.md	aid_source	aid_06_monitoring_diagnostics	aid	AID Link-validated Korean-source-verified		Link-validated Korean-source-verified				include_exact	exact_markdown	SHARD-002	BLOCK-000138	pass	KAE-BLOCK-000276	aid_reuse	primary_working_source_after_classification_preservation	aid_reuse	CONF-000007	candidate_with_open_recheck_guardrail	guarded_candidate_recheck_before_exhaustive_playbook	An aligned or AID-reuse baseline route exists, but open conflict/recheck rows block exhaustive or production-ready downstream claims.	S1-J012
source_pack_source	AID-SRC-000253	aid	~/AID/arch/Home/Altibase CPU Overload Analysis Guide/3. CPU Cost of Query Processing__14647598.md	aid_source	aid_06_monitoring_diagnostics	aid	AID Link-validated Korean-source-verified		Link-validated Korean-source-verified				include_exact	exact_markdown	SHARD-002	BLOCK-000139	pass	KAE-BLOCK-000276	aid_reuse	primary_working_source_after_classification_preservation	aid_reuse	CONF-000007	candidate_with_open_recheck_guardrail	guarded_candidate_recheck_before_exhaustive_playbook	An aligned or AID-reuse baseline route exists, but open conflict/recheck rows block exhaustive or production-ready downstream claims.	S1-J012
source_pack_source	AID-SRC-000254	aid	~/AID/arch/Home/Altibase CPU Overload Analysis Guide/4. CPU problems with other cases__14647606.md	aid_source	aid_06_monitoring_diagnostics	aid	AID Link-validated Korean-source-verified		Link-validated Korean-source-verified				include_exact	exact_markdown	SHARD-002	BLOCK-000140	pass	KAE-BLOCK-000276	aid_reuse	primary_working_source_after_classification_preservation	aid_reuse	CONF-000007	candidate_with_open_recheck_guardrail	guarded_candidate_recheck_before_exhaustive_playbook	An aligned or AID-reuse baseline route exists, but open conflict/recheck rows block exhaustive or production-ready downstream claims.	S1-J012
source_pack_source	AID-SRC-000255	aid	~/AID/arch/Home/Altibase CPU Overload Analysis Guide/5. Summary__14647615.md	aid_source	aid_06_monitoring_diagnostics	aid	AID Link-validated Korean-source-verified		Link-validated Korean-source-verified				include_exact	exact_markdown	SHARD-002	BLOCK-000141	pass	KAE-BLOCK-000276	aid_reuse	primary_working_source_after_classification_preservation	aid_reuse	CONF-000007	candidate_with_open_recheck_guardrail	guarded_candidate_recheck_before_exhaustive_playbook	An aligned or AID-reuse baseline route exists, but open conflict/recheck rows block exhaustive or production-ready downstream claims.	S1-J012
source_pack_source	AID-SRC-000256	aid	~/AID/arch/Home/Altibase CPU Overload Analysis Guide__14647581.md	aid_source	aid_06_monitoring_diagnostics	aid	AID Link-validated Korean-source-verified		Link-validated Korean-source-verified				include_exact	exact_markdown	SHARD-002	BLOCK-000142	pass	KAE-BLOCK-000276	aid_reuse	primary_working_source_after_classification_preservation	aid_reuse	CONF-000007	candidate_with_open_recheck_guardrail	guarded_candidate_recheck_before_exhaustive_playbook	An aligned or AID-reuse baseline route exists, but open conflict/recheck rows block exhaustive or production-ready downstream claims.	S1-J012
source_pack_source	AID-SRC-000257	aid	~/AID/arch/Home/Altibase Configuration File Guide__22642991.md	aid_source	aid_03_operation_administration_security	aid	AID Link-validated Korean-source-verified		Link-validated Korean-source-verified				include_exact	exact_markdown	SHARD-001	BLOCK-000081	pass	KAE-BLOCK-000276	aid_reuse	primary_working_source_after_classification_preservation	aid_reuse	CONF-000007	candidate_with_open_recheck_guardrail	guarded_candidate_recheck_before_exhaustive_playbook	An aligned or AID-reuse baseline route exists, but open conflict/recheck rows block exhaustive or production-ready downstream claims.	S1-J012
source_pack_source	AID-SRC-000258	aid	~/AID/arch/Home/Altibase Data Migration Process Guide__22642994.md	aid_source	aid_11_migration_conversion_tools	aid	AID Korean-source-verified		Korean-source-verified				include_exact	exact_markdown	SHARD-002	BLOCK-000410	pass	KAE-BLOCK-000276	aid_reuse	primary_working_source_after_classification_preservation	aid_reuse	CONF-000007	candidate_with_open_recheck_guardrail	guarded_candidate_recheck_before_exhaustive_playbook	An aligned or AID-reuse baseline route exists, but open conflict/recheck rows block exhaustive or production-ready downstream claims.	S1-J012
source_pack_source	AID-SRC-000259	aid	~/AID/arch/Home/Altibase Developer Training__22642996.md	aid_source	aid_09_development_client_api	aid	AID Link-validated Korean-source-verified		Link-validated Korean-source-verified				include_exact	exact_markdown	SHARD-002	BLOCK-000338	pass	KAE-BLOCK-000276	aid_reuse	primary_working_source_after_classification_preservation	aid_reuse	CONF-000007	candidate_with_open_recheck_guardrail	guarded_candidate_recheck_before_exhaustive_playbook	An aligned or AID-reuse baseline route exists, but open conflict/recheck rows block exhaustive or production-ready downstream claims.	S1-J012
source_pack_source	AID-SRC-000260	aid	~/AID/arch/Home/Altibase Development Guide/1. Considerations when Designing__22642998.md	aid_source	aid_08_sql_performance_tuning	aid	AID Link-validated Korean-source-verified		Link-validated Korean-source-verified				include_exact	exact_markdown	SHARD-002	BLOCK-000317	pass	KAE-BLOCK-000276	aid_reuse	primary_working_source_after_classification_preservation	aid_reuse	CONF-000007	candidate_with_open_recheck_guardrail	guarded_candidate_recheck_before_exhaustive_playbook	An aligned or AID-reuse baseline route exists, but open conflict/recheck rows block exhaustive or production-ready downstream claims.	S1-J012
source_pack_source	AID-SRC-000261	aid	~/AID/arch/Home/Altibase Development Guide/2. Considerations when Developing__14058531.md	aid_source	aid_08_sql_performance_tuning	aid	AID Link-validated Korean-source-verified		Link-validated Korean-source-verified				include_exact	exact_markdown	SHARD-002	BLOCK-000318	pass	KAE-BLOCK-000276	aid_reuse	primary_working_source_after_classification_preservation	aid_reuse	CONF-000007	candidate_with_open_recheck_guardrail	guarded_candidate_recheck_before_exhaustive_playbook	An aligned or AID-reuse baseline route exists, but open conflict/recheck rows block exhaustive or production-ready downstream claims.	S1-J012
source_pack_source	AID-SRC-000262	aid	~/AID/arch/Home/Altibase Development Guide/3. Altibase Trace Logs__22643000.md	aid_source	aid_06_monitoring_diagnostics	aid	AID Link-validated Korean-source-verified		Link-validated Korean-source-verified				include_exact	exact_markdown	SHARD-002	BLOCK-000143	pass	KAE-BLOCK-000276	aid_reuse	primary_working_source_after_classification_preservation	aid_reuse	CONF-000007	candidate_with_open_recheck_guardrail	guarded_candidate_recheck_before_exhaustive_playbook	An aligned or AID-reuse baseline route exists, but open conflict/recheck rows block exhaustive or production-ready downstream claims.	S1-J012
source_pack_source	AID-SRC-000263	aid	~/AID/arch/Home/Altibase Development Guide/4. CLIENT APPLICATION Error Messages__14058547.md	aid_source	aid_07_troubleshooting_error_messages	aid	AID Link-validated Korean-source-verified		Link-validated Korean-source-verified				include_exact	exact_markdown	SHARD-002	BLOCK-000306	pass	KAE-BLOCK-000276	aid_reuse	primary_working_source_after_classification_preservation	aid_reuse	CONF-000007	candidate_with_open_recheck_guardrail	guarded_candidate_recheck_before_exhaustive_playbook	An aligned or AID-reuse baseline route exists, but open conflict/recheck rows block exhaustive or production-ready downstream claims.	S1-J012
source_pack_source	AID-SRC-000264	aid	~/AID/arch/Home/Altibase Development Guide__14058519.md	aid_source	aid_08_sql_performance_tuning	aid	AID Link-validated Korean-source-verified		Link-validated Korean-source-verified				include_exact	exact_markdown	SHARD-002	BLOCK-000319	pass	KAE-BLOCK-000276	aid_reuse	primary_working_source_after_classification_preservation	aid_reuse	CONF-000007	candidate_with_open_recheck_guardrail	guarded_candidate_recheck_before_exhaustive_playbook	An aligned or AID-reuse baseline route exists, but open conflict/recheck rows block exhaustive or production-ready downstream claims.	S1-J012
source_pack_source	AID-SRC-000265	aid	~/AID/arch/Home/Altibase Docker Guide/1. Overview of Docker__14647745.md	aid_source	aid_01_installation_upgrade_platform	aid	AID Link-validated Korean-source-verified		Link-validated Korean-source-verified				include_exact	exact_markdown	SHARD-001	BLOCK-000012	pass	KAE-BLOCK-000276	aid_reuse	primary_working_source_after_classification_preservation	aid_reuse	CONF-000007	candidate_with_open_recheck_guardrail	guarded_candidate_recheck_before_exhaustive_playbook	An aligned or AID-reuse baseline route exists, but open conflict/recheck rows block exhaustive or production-ready downstream claims.	S1-J012
source_pack_source	AID-SRC-000266	aid	~/AID/arch/Home/Altibase Docker Guide/2. Docker Installation__14647748.md	aid_source	aid_01_installation_upgrade_platform	aid	AID Link-validated Korean-source-verified		Link-validated Korean-source-verified				include_exact	exact_markdown	SHARD-001	BLOCK-000013	pass	KAE-BLOCK-000276	aid_reuse	primary_working_source_after_classification_preservation	aid_reuse	CONF-000007	candidate_with_open_recheck_guardrail	guarded_candidate_recheck_before_exhaustive_playbook	An aligned or AID-reuse baseline route exists, but open conflict/recheck rows block exhaustive or production-ready downstream claims.	S1-J012
source_pack_source	AID-SRC-000267	aid	~/AID/arch/Home/Altibase Docker Guide/3. Altibase Docker Image__14647754.md	aid_source	aid_01_installation_upgrade_platform	aid	AID Link-validated Korean-source-verified		Link-validated Korean-source-verified				include_exact	exact_markdown	SHARD-001	BLOCK-000014	pass	KAE-BLOCK-000276	aid_reuse	primary_working_source_after_classification_preservation	aid_reuse	CONF-000007	candidate_with_open_recheck_guardrail	guarded_candidate_recheck_before_exhaustive_playbook	An aligned or AID-reuse baseline route exists, but open conflict/recheck rows block exhaustive or production-ready downstream claims.	S1-J012
source_pack_source	AID-SRC-000268	aid	~/AID/arch/Home/Altibase Docker Guide/4. Creating Altibase Service Container__14647760.md	aid_source	aid_01_installation_upgrade_platform	aid	AID Link-validated Korean-source-verified		Link-validated Korean-source-verified				include_exact	exact_markdown	SHARD-001	BLOCK-000015	pass	KAE-BLOCK-000276	aid_reuse	primary_working_source_after_classification_preservation	aid_reuse	CONF-000007	candidate_with_open_recheck_guardrail	guarded_candidate_recheck_before_exhaustive_playbook	An aligned or AID-reuse baseline route exists, but open conflict/recheck rows block exhaustive or production-ready downstream claims.	S1-J012
source_pack_source	AID-SRC-000269	aid	~/AID/arch/Home/Altibase Docker Guide/5. Stopping_Deleting Altibase Service Container__14909445.md	aid_source	aid_01_installation_upgrade_platform	aid	AID Link-validated Korean-source-verified		Link-validated Korean-source-verified				include_exact	exact_markdown	SHARD-001	BLOCK-000016	pass	KAE-BLOCK-000276	aid_reuse	primary_working_source_after_classification_preservation	aid_reuse	CONF-000007	candidate_with_open_recheck_guardrail	guarded_candidate_recheck_before_exhaustive_playbook	An aligned or AID-reuse baseline route exists, but open conflict/recheck rows block exhaustive or production-ready downstream claims.	S1-J012
source_pack_source	AID-SRC-000270	aid	~/AID/arch/Home/Altibase Docker Guide__14647741.md	aid_source	aid_01_installation_upgrade_platform	aid	AID Link-validated Korean-source-verified		Link-validated Korean-source-verified				include_exact	exact_markdown	SHARD-001	BLOCK-000017	pass	KAE-BLOCK-000276	aid_reuse	primary_working_source_after_classification_preservation	aid_reuse	CONF-000007	candidate_with_open_recheck_guardrail	guarded_candidate_recheck_before_exhaustive_playbook	An aligned or AID-reuse baseline route exists, but open conflict/recheck rows block exhaustive or production-ready downstream claims.	S1-J012
source_pack_source	AID-SRC-000271	aid	~/AID/arch/Home/Altibase GeoServer Integration Guide__22643004.md	aid_source	aid_11_migration_conversion_tools	aid	AID Link-validated Korean-source-verified		Link-validated Korean-source-verified				include_exact	exact_markdown	SHARD-002	BLOCK-000411	pass	KAE-BLOCK-000276	aid_reuse	primary_working_source_after_classification_preservation	aid_reuse	CONF-000007	candidate_with_open_recheck_guardrail	guarded_candidate_recheck_before_exhaustive_playbook	An aligned or AID-reuse baseline route exists, but open conflict/recheck rows block exhaustive or production-ready downstream claims.	S1-J012
source_pack_source	AID-SRC-000272	aid	~/AID/arch/Home/Altibase Installation Guide/1. Altibase HDB package installer__14647639.md	aid_source	aid_01_installation_upgrade_platform	aid	AID Korean-source-verified		Korean-source-verified				include_exact	exact_markdown	SHARD-001	BLOCK-000018	pass	KAE-BLOCK-000276	aid_reuse	primary_working_source_after_classification_preservation	aid_reuse	CONF-000007	candidate_with_open_recheck_guardrail	guarded_candidate_recheck_before_exhaustive_playbook	An aligned or AID-reuse baseline route exists, but open conflict/recheck rows block exhaustive or production-ready downstream claims.	S1-J012
source_pack_source	AID-SRC-000273	aid	~/AID/arch/Home/Altibase Installation Guide/2. Product Installation using the Package Installer__14647653.md	aid_source	aid_01_installation_upgrade_platform	aid	AID Korean-source-verified		Korean-source-verified				include_exact	exact_markdown	SHARD-001	BLOCK-000019	pass	KAE-BLOCK-000276	aid_reuse	primary_working_source_after_classification_preservation	aid_reuse	CONF-000007	candidate_with_open_recheck_guardrail	guarded_candidate_recheck_before_exhaustive_playbook	An aligned or AID-reuse baseline route exists, but open conflict/recheck rows block exhaustive or production-ready downstream claims.	S1-J012
source_pack_source	AID-SRC-000274	aid	~/AID/arch/Home/Altibase Installation Guide/3. License Key Request__14647666.md	aid_source	aid_01_installation_upgrade_platform	aid	AID Korean-source-verified		Korean-source-verified				include_exact	exact_markdown	SHARD-001	BLOCK-000020	pass	KAE-BLOCK-000276	aid_reuse	primary_working_source_after_classification_preservation	aid_reuse	CONF-000007	candidate_with_open_recheck_guardrail	guarded_candidate_recheck_before_exhaustive_playbook	An aligned or AID-reuse baseline route exists, but open conflict/recheck rows block exhaustive or production-ready downstream claims.	S1-J012
source_pack_source	AID-SRC-000275	aid	~/AID/arch/Home/Altibase Installation Guide__14647632.md	aid_source	aid_01_installation_upgrade_platform	aid	AID Korean-source-verified		Korean-source-verified				include_exact	exact_markdown	SHARD-001	BLOCK-000021	pass	KAE-BLOCK-000276	aid_reuse	primary_working_source_after_classification_preservation	aid_reuse	CONF-000007	candidate_with_open_recheck_guardrail	guarded_candidate_recheck_before_exhaustive_playbook	An aligned or AID-reuse baseline route exists, but open conflict/recheck rows block exhaustive or production-ready downstream claims.	S1-J012
source_pack_source	AID-SRC-000276	aid	~/AID/arch/Home/Altibase Memory Usage Increase Analysis Guide/1. Routine Check of Memory Usage__14647392.md	aid_source	aid_06_monitoring_diagnostics	aid	AID Link-validated Korean-source-verified		Link-validated Korean-source-verified				include_exact	exact_markdown	SHARD-002	BLOCK-000144	pass	KAE-BLOCK-000276	aid_reuse	primary_working_source_after_classification_preservation	aid_reuse	CONF-000007	candidate_with_open_recheck_guardrail	guarded_candidate_recheck_before_exhaustive_playbook	An aligned or AID-reuse baseline route exists, but open conflict/recheck rows block exhaustive or production-ready downstream claims.	S1-J012
source_pack_source	AID-SRC-000277	aid	~/AID/arch/Home/Altibase Memory Usage Increase Analysis Guide/2. Causes and resolution for increase of Altibase process memory usage__14647396.md	aid_source	aid_06_monitoring_diagnostics	aid	AID Link-validated Korean-source-verified		Link-validated Korean-source-verified				include_exact	exact_markdown	SHARD-002	BLOCK-000145	pass	KAE-BLOCK-000276	aid_reuse	primary_working_source_after_classification_preservation	aid_reuse	CONF-000007	candidate_with_open_recheck_guardrail	guarded_candidate_recheck_before_exhaustive_playbook	An aligned or AID-reuse baseline route exists, but open conflict/recheck rows block exhaustive or production-ready downstream claims.	S1-J012
source_pack_source	AID-SRC-000278	aid	~/AID/arch/Home/Altibase Memory Usage Increase Analysis Guide__14647388.md	aid_source	aid_06_monitoring_diagnostics	aid	AID Link-validated Korean-source-verified		Link-validated Korean-source-verified				include_exact	exact_markdown	SHARD-002	BLOCK-000146	pass	KAE-BLOCK-000276	aid_reuse	primary_working_source_after_classification_preservation	aid_reuse	CONF-000007	candidate_with_open_recheck_guardrail	guarded_candidate_recheck_before_exhaustive_playbook	An aligned or AID-reuse baseline route exists, but open conflict/recheck rows block exhaustive or production-ready downstream claims.	S1-J012
source_pack_source	AID-SRC-000279	aid	~/AID/arch/Home/Altibase Monitoring Queries Guide/1. Altibase Server Monitoring Overview__14058232.md	aid_source	aid_06_monitoring_diagnostics	aid	AID Link-validated Korean-source-verified		Link-validated Korean-source-verified				include_exact	exact_markdown	SHARD-002	BLOCK-000147	pass	KAE-BLOCK-000276	aid_reuse	primary_working_source_after_classification_preservation	aid_reuse	CONF-000007	candidate_with_open_recheck_guardrail	guarded_candidate_recheck_before_exhaustive_playbook	An aligned or AID-reuse baseline route exists, but open conflict/recheck rows block exhaustive or production-ready downstream claims.	S1-J012
source_pack_source	AID-SRC-000280	aid	~/AID/arch/Home/Altibase Monitoring Queries Guide/2. Altibase Meta Table and Performance View Overview/1. Main meta table and performance views related to session, query, transaction, lock, service thread, and memory DB GC__14058240.md	aid_source	aid_06_monitoring_diagnostics	aid	AID Link-validated Korean-source-verified		Link-validated Korean-source-verified				include_exact	exact_markdown	SHARD-002	BLOCK-000148	pass	KAE-BLOCK-000276	aid_reuse	primary_working_source_after_classification_preservation	aid_reuse	CONF-000007	candidate_with_open_recheck_guardrail	guarded_candidate_recheck_before_exhaustive_playbook	An aligned or AID-reuse baseline route exists, but open conflict/recheck rows block exhaustive or production-ready downstream claims.	S1-J012
source_pack_source	AID-SRC-000281	aid	~/AID/arch/Home/Altibase Monitoring Queries Guide/2. Altibase Meta Table and Performance View Overview/2. Major Meta Tables and Performance Views related to tablespace, table, column, index, and constraint__14058242.md	aid_source	aid_06_monitoring_diagnostics	aid	AID Link-validated Korean-source-verified		Link-validated Korean-source-verified				include_exact	exact_markdown	SHARD-002	BLOCK-000149	pass	KAE-BLOCK-000276	aid_reuse	primary_working_source_after_classification_preservation	aid_reuse	CONF-000007	candidate_with_open_recheck_guardrail	guarded_candidate_recheck_before_exhaustive_playbook	An aligned or AID-reuse baseline route exists, but open conflict/recheck rows block exhaustive or production-ready downstream claims.	S1-J012
source_pack_source	AID-SRC-000282	aid	~/AID/arch/Home/Altibase Monitoring Queries Guide/2. Altibase Meta Table and Performance View Overview/3. Main Performance View related to Statistical Information__14058244.md	aid_source	aid_06_monitoring_diagnostics	aid	AID Link-validated Korean-source-verified		Link-validated Korean-source-verified				include_exact	exact_markdown	SHARD-002	BLOCK-000150	pass	KAE-BLOCK-000276	aid_reuse	primary_working_source_after_classification_preservation	aid_reuse	CONF-000007	candidate_with_open_recheck_guardrail	guarded_candidate_recheck_before_exhaustive_playbook	An aligned or AID-reuse baseline route exists, but open conflict/recheck rows block exhaustive or production-ready downstream claims.	S1-J012
source_pack_source	AID-SRC-000283	aid	~/AID/arch/Home/Altibase Monitoring Queries Guide/2. Altibase Meta Table and Performance View Overview/4. Main Metal Tables and Performance Views Related to Replication__14058248.md	aid_source	aid_06_monitoring_diagnostics	aid	AID Link-validated Korean-source-verified		Link-validated Korean-source-verified				include_exact	exact_markdown	SHARD-002	BLOCK-000151	pass	KAE-BLOCK-000276	aid_reuse	primary_working_source_after_classification_preservation	aid_reuse	CONF-000007	candidate_with_open_recheck_guardrail	guarded_candidate_recheck_before_exhaustive_playbook	An aligned or AID-reuse baseline route exists, but open conflict/recheck rows block exhaustive or production-ready downstream claims.	S1-J012
source_pack_source	AID-SRC-000284	aid	~/AID/arch/Home/Altibase Monitoring Queries Guide/2. Altibase Meta Table and Performance View Overview/5. Whether Users can Access the Tablespace, System_Object Privileges, PSM, View related Meta Tables and Peformance Views__14058250.md	aid_source	aid_06_monitoring_diagnostics	aid	AID Link-validated Korean-source-verified		Link-validated Korean-source-verified				include_exact	exact_markdown	SHARD-002	BLOCK-000152	pass	KAE-BLOCK-000276	aid_reuse	primary_working_source_after_classification_preservation	aid_reuse	CONF-000007	candidate_with_open_recheck_guardrail	guarded_candidate_recheck_before_exhaustive_playbook	An aligned or AID-reuse baseline route exists, but open conflict/recheck rows block exhaustive or production-ready downstream claims.	S1-J012
source_pack_source	AID-SRC-000285	aid	~/AID/arch/Home/Altibase Monitoring Queries Guide/2. Altibase Meta Table and Performance View Overview__14058238.md	aid_source	aid_06_monitoring_diagnostics	aid	AID Link-validated Korean-source-verified		Link-validated Korean-source-verified				include_exact	exact_markdown	SHARD-002	BLOCK-000153	pass	KAE-BLOCK-000276	aid_reuse	primary_working_source_after_classification_preservation	aid_reuse	CONF-000007	candidate_with_open_recheck_guardrail	guarded_candidate_recheck_before_exhaustive_playbook	An aligned or AID-reuse baseline route exists, but open conflict/recheck rows block exhaustive or production-ready downstream claims.	S1-J012
source_pack_source	AID-SRC-000286	aid	~/AID/arch/Home/Altibase Monitoring Queries Guide/3. Monitoring Elements and Corresponding Monitoring Queries/1. Session__14058254.md	aid_source	aid_06_monitoring_diagnostics	aid	AID Link-validated Korean-source-verified		Link-validated Korean-source-verified				include_exact	exact_markdown	SHARD-002	BLOCK-000154	pass	KAE-BLOCK-000276	aid_reuse	primary_working_source_after_classification_preservation	aid_reuse	CONF-000007	candidate_with_open_recheck_guardrail	guarded_candidate_recheck_before_exhaustive_playbook	An aligned or AID-reuse baseline route exists, but open conflict/recheck rows block exhaustive or production-ready downstream claims.	S1-J012
source_pack_source	AID-SRC-000287	aid	~/AID/arch/Home/Altibase Monitoring Queries Guide/3. Monitoring Elements and Corresponding Monitoring Queries/10. Object__14058276.md	aid_source	aid_06_monitoring_diagnostics	aid	AID Link-validated Korean-source-verified		Link-validated Korean-source-verified				include_exact	exact_markdown	SHARD-002	BLOCK-000155	pass	KAE-BLOCK-000276	aid_reuse	primary_working_source_after_classification_preservation	aid_reuse	CONF-000007	candidate_with_open_recheck_guardrail	guarded_candidate_recheck_before_exhaustive_playbook	An aligned or AID-reuse baseline route exists, but open conflict/recheck rows block exhaustive or production-ready downstream claims.	S1-J012
source_pack_source	AID-SRC-000288	aid	~/AID/arch/Home/Altibase Monitoring Queries Guide/3. Monitoring Elements and Corresponding Monitoring Queries/11. Privileges__14058278.md	aid_source	aid_06_monitoring_diagnostics	aid	AID Link-validated Korean-source-verified		Link-validated Korean-source-verified				include_exact	exact_markdown	SHARD-002	BLOCK-000156	pass	KAE-BLOCK-000276	aid_reuse	primary_working_source_after_classification_preservation	aid_reuse	CONF-000007	candidate_with_open_recheck_guardrail	guarded_candidate_recheck_before_exhaustive_playbook	An aligned or AID-reuse baseline route exists, but open conflict/recheck rows block exhaustive or production-ready downstream claims.	S1-J012
source_pack_source	AID-SRC-000289	aid	~/AID/arch/Home/Altibase Monitoring Queries Guide/3. Monitoring Elements and Corresponding Monitoring Queries/12. Constraints__14058280.md	aid_source	aid_06_monitoring_diagnostics	aid	AID Link-validated Korean-source-verified		Link-validated Korean-source-verified				include_exact	exact_markdown	SHARD-002	BLOCK-000157	pass	KAE-BLOCK-000276	aid_reuse	primary_working_source_after_classification_preservation	aid_reuse	CONF-000007	candidate_with_open_recheck_guardrail	guarded_candidate_recheck_before_exhaustive_playbook	An aligned or AID-reuse baseline route exists, but open conflict/recheck rows block exhaustive or production-ready downstream claims.	S1-J012
source_pack_source	AID-SRC-000290	aid	~/AID/arch/Home/Altibase Monitoring Queries Guide/3. Monitoring Elements and Corresponding Monitoring Queries/13. Replication__14058282.md	aid_source	aid_06_monitoring_diagnostics	aid	AID Link-validated Korean-source-verified		Link-validated Korean-source-verified				include_exact	exact_markdown	SHARD-002	BLOCK-000158	pass	KAE-BLOCK-000276	aid_reuse	primary_working_source_after_classification_preservation	aid_reuse	CONF-000007	candidate_with_open_recheck_guardrail	guarded_candidate_recheck_before_exhaustive_playbook	An aligned or AID-reuse baseline route exists, but open conflict/recheck rows block exhaustive or production-ready downstream claims.	S1-J012
source_pack_source	AID-SRC-000291	aid	~/AID/arch/Home/Altibase Monitoring Queries Guide/3. Monitoring Elements and Corresponding Monitoring Queries/2. Statement__14058256.md	aid_source	aid_06_monitoring_diagnostics	aid	AID Link-validated Korean-source-verified		Link-validated Korean-source-verified				include_exact	exact_markdown	SHARD-002	BLOCK-000159	pass	KAE-BLOCK-000276	aid_reuse	primary_working_source_after_classification_preservation	aid_reuse	CONF-000007	candidate_with_open_recheck_guardrail	guarded_candidate_recheck_before_exhaustive_playbook	An aligned or AID-reuse baseline route exists, but open conflict/recheck rows block exhaustive or production-ready downstream claims.	S1-J012
source_pack_source	AID-SRC-000292	aid	~/AID/arch/Home/Altibase Monitoring Queries Guide/3. Monitoring Elements and Corresponding Monitoring Queries/3. Service Thread__14058260.md	aid_source	aid_06_monitoring_diagnostics	aid	AID Link-validated Korean-source-verified		Link-validated Korean-source-verified				include_exact	exact_markdown	SHARD-002	BLOCK-000160	pass	KAE-BLOCK-000276	aid_reuse	primary_working_source_after_classification_preservation	aid_reuse	CONF-000007	candidate_with_open_recheck_guardrail	guarded_candidate_recheck_before_exhaustive_playbook	An aligned or AID-reuse baseline route exists, but open conflict/recheck rows block exhaustive or production-ready downstream claims.	S1-J012
source_pack_source	AID-SRC-000293	aid	~/AID/arch/Home/Altibase Monitoring Queries Guide/3. Monitoring Elements and Corresponding Monitoring Queries/4. Transaction & Lock__14058264.md	aid_source	aid_06_monitoring_diagnostics	aid	AID Link-validated Korean-source-verified		Link-validated Korean-source-verified				include_exact	exact_markdown	SHARD-002	BLOCK-000161	pass	KAE-BLOCK-000276	aid_reuse	primary_working_source_after_classification_preservation	aid_reuse	CONF-000007	candidate_with_open_recheck_guardrail	guarded_candidate_recheck_before_exhaustive_playbook	An aligned or AID-reuse baseline route exists, but open conflict/recheck rows block exhaustive or production-ready downstream claims.	S1-J012
source_pack_source	AID-SRC-000294	aid	~/AID/arch/Home/Altibase Monitoring Queries Guide/3. Monitoring Elements and Corresponding Monitoring Queries/5. Redo Logfile__14058266.md	aid_source	aid_06_monitoring_diagnostics	aid	AID Link-validated Korean-source-verified		Link-validated Korean-source-verified				include_exact	exact_markdown	SHARD-002	BLOCK-000162	pass	KAE-BLOCK-000276	aid_reuse	primary_working_source_after_classification_preservation	aid_reuse	CONF-000007	candidate_with_open_recheck_guardrail	guarded_candidate_recheck_before_exhaustive_playbook	An aligned or AID-reuse baseline route exists, but open conflict/recheck rows block exhaustive or production-ready downstream claims.	S1-J012
source_pack_source	AID-SRC-000295	aid	~/AID/arch/Home/Altibase Monitoring Queries Guide/3. Monitoring Elements and Corresponding Monitoring Queries/6. GC (Garbage Collector)__14058268.md	aid_source	aid_06_monitoring_diagnostics	aid	AID Link-validated Korean-source-verified		Link-validated Korean-source-verified				include_exact	exact_markdown	SHARD-002	BLOCK-000163	pass	KAE-BLOCK-000276	aid_reuse	primary_working_source_after_classification_preservation	aid_reuse	CONF-000007	candidate_with_open_recheck_guardrail	guarded_candidate_recheck_before_exhaustive_playbook	An aligned or AID-reuse baseline route exists, but open conflict/recheck rows block exhaustive or production-ready downstream claims.	S1-J012
source_pack_source	AID-SRC-000296	aid	~/AID/arch/Home/Altibase Monitoring Queries Guide/3. Monitoring Elements and Corresponding Monitoring Queries/7. Memory__14058270.md	aid_source	aid_06_monitoring_diagnostics	aid	AID Link-validated Korean-source-verified		Link-validated Korean-source-verified				include_exact	exact_markdown	SHARD-002	BLOCK-000164	pass	KAE-BLOCK-000276	aid_reuse	primary_working_source_after_classification_preservation	aid_reuse	CONF-000007	candidate_with_open_recheck_guardrail	guarded_candidate_recheck_before_exhaustive_playbook	An aligned or AID-reuse baseline route exists, but open conflict/recheck rows block exhaustive or production-ready downstream claims.	S1-J012
source_pack_source	AID-SRC-000297	aid	~/AID/arch/Home/Altibase Monitoring Queries Guide/3. Monitoring Elements and Corresponding Monitoring Queries/8. Tablespace (TBS)__14058272.md	aid_source	aid_06_monitoring_diagnostics	aid	AID Link-validated Korean-source-verified		Link-validated Korean-source-verified				include_exact	exact_markdown	SHARD-002	BLOCK-000165	pass	KAE-BLOCK-000276	aid_reuse	primary_working_source_after_classification_preservation	aid_reuse	CONF-000007	candidate_with_open_recheck_guardrail	guarded_candidate_recheck_before_exhaustive_playbook	An aligned or AID-reuse baseline route exists, but open conflict/recheck rows block exhaustive or production-ready downstream claims.	S1-J012
source_pack_source	AID-SRC-000298	aid	~/AID/arch/Home/Altibase Monitoring Queries Guide/3. Monitoring Elements and Corresponding Monitoring Queries/9. Disk Buffer__14058274.md	aid_source	aid_06_monitoring_diagnostics	aid	AID Link-validated Korean-source-verified		Link-validated Korean-source-verified				include_exact	exact_markdown	SHARD-002	BLOCK-000166	pass	KAE-BLOCK-000276	aid_reuse	primary_working_source_after_classification_preservation	aid_reuse	CONF-000007	candidate_with_open_recheck_guardrail	guarded_candidate_recheck_before_exhaustive_playbook	An aligned or AID-reuse baseline route exists, but open conflict/recheck rows block exhaustive or production-ready downstream claims.	S1-J012
source_pack_source	AID-SRC-000299	aid	~/AID/arch/Home/Altibase Monitoring Queries Guide/3. Monitoring Elements and Corresponding Monitoring Queries__14058252.md	aid_source	aid_06_monitoring_diagnostics	aid	AID Link-validated Korean-source-verified		Link-validated Korean-source-verified				include_exact	exact_markdown	SHARD-002	BLOCK-000167	pass	KAE-BLOCK-000276	aid_reuse	primary_working_source_after_classification_preservation	aid_reuse	CONF-000007	candidate_with_open_recheck_guardrail	guarded_candidate_recheck_before_exhaustive_playbook	An aligned or AID-reuse baseline route exists, but open conflict/recheck rows block exhaustive or production-ready downstream claims.	S1-J012
source_pack_source	AID-SRC-000300	aid	~/AID/arch/Home/Altibase Monitoring Queries Guide__14058229.md	aid_source	aid_06_monitoring_diagnostics	aid	AID Link-validated Korean-source-verified		Link-validated Korean-source-verified				include_exact	exact_markdown	SHARD-002	BLOCK-000168	pass	KAE-BLOCK-000276	aid_reuse	primary_working_source_after_classification_preservation	aid_reuse	CONF-000007	candidate_with_open_recheck_guardrail	guarded_candidate_recheck_before_exhaustive_playbook	An aligned or AID-reuse baseline route exists, but open conflict/recheck rows block exhaustive or production-ready downstream claims.	S1-J012
source_pack_source	AID-SRC-000301	aid	~/AID/arch/Home/Altibase ODBC Development Guide in Windows Environment__15138911.md	aid_source	aid_09_development_client_api	aid	AID Link-validated Korean-source-verified		Link-validated Korean-source-verified				include_exact	exact_markdown	SHARD-002	BLOCK-000339	pass	KAE-BLOCK-000276	aid_reuse	primary_working_source_after_classification_preservation	aid_reuse	CONF-000007	candidate_with_open_recheck_guardrail	guarded_candidate_recheck_before_exhaustive_playbook	An aligned or AID-reuse baseline route exists, but open conflict/recheck rows block exhaustive or production-ready downstream claims.	S1-J012
source_pack_source	AID-SRC-000302	aid	~/AID/arch/Home/Altibase Oracle Conversion Guide/1. Environment Configuration__14647318.md	aid_source	aid_11_migration_conversion_tools	aid	AID Korean-source-verified		Korean-source-verified				include_exact	exact_markdown	SHARD-002	BLOCK-000412	pass	KAE-BLOCK-000276	aid_reuse	primary_working_source_after_classification_preservation	aid_reuse	CONF-000007	candidate_with_open_recheck_guardrail	guarded_candidate_recheck_before_exhaustive_playbook	An aligned or AID-reuse baseline route exists, but open conflict/recheck rows block exhaustive or production-ready downstream claims.	S1-J012
source_pack_source	AID-SRC-000303	aid	~/AID/arch/Home/Altibase Oracle Conversion Guide/2. Environment Setting/2-1 Object Conversion__14647322.md	aid_source	aid_11_migration_conversion_tools	aid	AID Korean-source-verified		Korean-source-verified				include_exact	exact_markdown	SHARD-002	BLOCK-000413	pass	KAE-BLOCK-000276	aid_reuse	primary_working_source_after_classification_preservation	aid_reuse	CONF-000007	candidate_with_open_recheck_guardrail	guarded_candidate_recheck_before_exhaustive_playbook	An aligned or AID-reuse baseline route exists, but open conflict/recheck rows block exhaustive or production-ready downstream claims.	S1-J012
source_pack_source	AID-SRC-000304	aid	~/AID/arch/Home/Altibase Oracle Conversion Guide/2. Environment Setting/2-2 SQL Conversion__14647324.md	aid_source	aid_11_migration_conversion_tools	aid	AID Korean-source-verified		Korean-source-verified				include_exact	exact_markdown	SHARD-002	BLOCK-000414	pass	KAE-BLOCK-000276	aid_reuse	primary_working_source_after_classification_preservation	aid_reuse	CONF-000007	candidate_with_open_recheck_guardrail	guarded_candidate_recheck_before_exhaustive_playbook	An aligned or AID-reuse baseline route exists, but open conflict/recheck rows block exhaustive or production-ready downstream claims.	S1-J012
source_pack_source	AID-SRC-000305	aid	~/AID/arch/Home/Altibase Oracle Conversion Guide/2. Environment Setting/2-3 Stored Procedure _ Function Conversion__14647326.md	aid_source	aid_11_migration_conversion_tools	aid	AID Korean-source-verified		Korean-source-verified				include_exact	exact_markdown	SHARD-002	BLOCK-000415	pass	KAE-BLOCK-000276	aid_reuse	primary_working_source_after_classification_preservation	aid_reuse	CONF-000007	candidate_with_open_recheck_guardrail	guarded_candidate_recheck_before_exhaustive_playbook	An aligned or AID-reuse baseline route exists, but open conflict/recheck rows block exhaustive or production-ready downstream claims.	S1-J012
source_pack_source	AID-SRC-000306	aid	~/AID/arch/Home/Altibase Oracle Conversion Guide/2. Environment Setting__14647320.md	aid_source	aid_11_migration_conversion_tools	aid	AID Korean-source-verified		Korean-source-verified				include_exact	exact_markdown	SHARD-002	BLOCK-000416	pass	KAE-BLOCK-000276	aid_reuse	primary_working_source_after_classification_preservation	aid_reuse	CONF-000007	candidate_with_open_recheck_guardrail	guarded_candidate_recheck_before_exhaustive_playbook	An aligned or AID-reuse baseline route exists, but open conflict/recheck rows block exhaustive or production-ready downstream claims.	S1-J012
source_pack_source	AID-SRC-000307	aid	~/AID/arch/Home/Altibase Oracle Conversion Guide/3. Conversion Procedure__14647349.md	aid_source	aid_11_migration_conversion_tools	aid	AID Korean-source-verified		Korean-source-verified				include_exact	exact_markdown	SHARD-002	BLOCK-000417	pass	KAE-BLOCK-000276	aid_reuse	primary_working_source_after_classification_preservation	aid_reuse	CONF-000007	candidate_with_open_recheck_guardrail	guarded_candidate_recheck_before_exhaustive_playbook	An aligned or AID-reuse baseline route exists, but open conflict/recheck rows block exhaustive or production-ready downstream claims.	S1-J012
source_pack_source	AID-SRC-000308	aid	~/AID/arch/Home/Altibase Oracle Conversion Guide__14647316.md	aid_source	aid_11_migration_conversion_tools	aid	AID Korean-source-verified		Korean-source-verified				include_exact	exact_markdown	SHARD-002	BLOCK-000418	pass	KAE-BLOCK-000276	aid_reuse	primary_working_source_after_classification_preservation	aid_reuse	CONF-000007	candidate_with_open_recheck_guardrail	guarded_candidate_recheck_before_exhaustive_playbook	An aligned or AID-reuse baseline route exists, but open conflict/recheck rows block exhaustive or production-ready downstream claims.	S1-J012
source_pack_source	AID-SRC-000309	aid	~/AID/arch/Home/Altibase Precompiler Guide/1. Considerations for ALTIBASE Development__14647447.md	aid_source	aid_09_development_client_api	aid	AID Korean-source-verified		Korean-source-verified				include_exact	exact_markdown	SHARD-002	BLOCK-000340	pass	KAE-BLOCK-000276	aid_reuse	primary_working_source_after_classification_preservation	aid_reuse	CONF-000007	candidate_with_open_recheck_guardrail	guarded_candidate_recheck_before_exhaustive_playbook	An aligned or AID-reuse baseline route exists, but open conflict/recheck rows block exhaustive or production-ready downstream claims.	S1-J012
source_pack_source	AID-SRC-000310	aid	~/AID/arch/Home/Altibase Precompiler Guide/2. How to use APRE__14647451.md	aid_source	aid_09_development_client_api	aid	AID Korean-source-verified		Korean-source-verified				include_exact	exact_markdown	SHARD-002	BLOCK-000341	pass	KAE-BLOCK-000276	aid_reuse	primary_working_source_after_classification_preservation	aid_reuse	CONF-000007	candidate_with_open_recheck_guardrail	guarded_candidate_recheck_before_exhaustive_playbook	An aligned or AID-reuse baseline route exists, but open conflict/recheck rows block exhaustive or production-ready downstream claims.	S1-J012
source_pack_source	AID-SRC-000311	aid	~/AID/arch/Home/Altibase Precompiler Guide/3. APRE Sample Program__14647488.md	aid_source	aid_09_development_client_api	aid	AID Korean-source-verified		Korean-source-verified				include_exact	exact_markdown	SHARD-002	BLOCK-000342	pass	KAE-BLOCK-000276	aid_reuse	primary_working_source_after_classification_preservation	aid_reuse	CONF-000007	candidate_with_open_recheck_guardrail	guarded_candidate_recheck_before_exhaustive_playbook	An aligned or AID-reuse baseline route exists, but open conflict/recheck rows block exhaustive or production-ready downstream claims.	S1-J012
source_pack_source	AID-SRC-000312	aid	~/AID/arch/Home/Altibase Precompiler Guide/4. Frequently Occurring Error Messages__22643006.md	aid_source	aid_07_troubleshooting_error_messages	aid	AID Korean-source-verified		Korean-source-verified				include_exact	exact_markdown	SHARD-002	BLOCK-000307	pass	KAE-BLOCK-000276	aid_reuse	primary_working_source_after_classification_preservation	aid_reuse	CONF-000007	candidate_with_open_recheck_guardrail	guarded_candidate_recheck_before_exhaustive_playbook	An aligned or AID-reuse baseline route exists, but open conflict/recheck rows block exhaustive or production-ready downstream claims.	S1-J012
source_pack_source	AID-SRC-000313	aid	~/AID/arch/Home/Altibase Precompiler Guide/5. Considerations when converting from other DBMSs__14647506.md	aid_source	aid_09_development_client_api	aid	AID Korean-source-verified		Korean-source-verified				include_exact	exact_markdown	SHARD-002	BLOCK-000343	pass	KAE-BLOCK-000276	aid_reuse	primary_working_source_after_classification_preservation	aid_reuse	CONF-000007	candidate_with_open_recheck_guardrail	guarded_candidate_recheck_before_exhaustive_playbook	An aligned or AID-reuse baseline route exists, but open conflict/recheck rows block exhaustive or production-ready downstream claims.	S1-J012
source_pack_source	AID-SRC-000314	aid	~/AID/arch/Home/Altibase Precompiler Guide__14647438.md	aid_source	aid_09_development_client_api	aid	AID Korean-source-verified		Korean-source-verified				include_exact	exact_markdown	SHARD-002	BLOCK-000344	pass	KAE-BLOCK-000276	aid_reuse	primary_working_source_after_classification_preservation	aid_reuse	CONF-000007	candidate_with_open_recheck_guardrail	guarded_candidate_recheck_before_exhaustive_playbook	An aligned or AID-reuse baseline route exists, but open conflict/recheck rows block exhaustive or production-ready downstream claims.	S1-J012
source_pack_source	AID-SRC-000315	aid	~/AID/arch/Home/Altibase Quick Install & Start for UNIX__16875604.md	aid_source	aid_01_installation_upgrade_platform	aid	AID Link-validated Korean-source-verified		Link-validated Korean-source-verified				include_exact	exact_markdown	SHARD-001	BLOCK-000022	pass	KAE-BLOCK-000276	aid_reuse	primary_working_source_after_classification_preservation	aid_reuse	CONF-000007	candidate_with_open_recheck_guardrail	guarded_candidate_recheck_before_exhaustive_playbook	An aligned or AID-reuse baseline route exists, but open conflict/recheck rows block exhaustive or production-ready downstream claims.	S1-J012
source_pack_source	AID-SRC-000316	aid	~/AID/arch/Home/Altibase Replication Configuration Guide__14647672.md	aid_source	aid_05_replication_ha	aid	AID Korean-source-verified		Korean-source-verified				include_exact	exact_markdown	SHARD-001	BLOCK-000115	pass	KAE-BLOCK-000276	aid_reuse	primary_working_source_after_classification_preservation	aid_reuse	CONF-000007	candidate_with_open_recheck_guardrail	guarded_candidate_recheck_before_exhaustive_playbook	An aligned or AID-reuse baseline route exists, but open conflict/recheck rows block exhaustive or production-ready downstream claims.	S1-J012
source_pack_source	AID-SRC-000317	aid	~/AID/arch/Home/Altibase Replication Constraints Guide__22643008.md	aid_source	aid_05_replication_ha	aid	AID Link-validated Korean-source-verified		Link-validated Korean-source-verified				include_exact	exact_markdown	SHARD-001	BLOCK-000116	pass	KAE-BLOCK-000276	aid_reuse	primary_working_source_after_classification_preservation	aid_reuse	CONF-000007	candidate_with_open_recheck_guardrail	guarded_candidate_recheck_before_exhaustive_playbook	An aligned or AID-reuse baseline route exists, but open conflict/recheck rows block exhaustive or production-ready downstream claims.	S1-J012
source_pack_source	AID-SRC-000318	aid	~/AID/arch/Home/Altibase SQL Tuning Guide__22643010.md	aid_source	aid_08_sql_performance_tuning	aid	AID Link-validated Korean-source-verified		Link-validated Korean-source-verified				include_exact	exact_markdown	SHARD-002	BLOCK-000320	pass	KAE-BLOCK-000276	aid_reuse	primary_working_source_after_classification_preservation	aid_reuse	CONF-000007	candidate_with_open_recheck_guardrail	guarded_candidate_recheck_before_exhaustive_playbook	An aligned or AID-reuse baseline route exists, but open conflict/recheck rows block exhaustive or production-ready downstream claims.	S1-J012
source_pack_source	AID-SRC-000319	aid	~/AID/arch/Home/Altibase VC 2008 Development Guide__19333567.md	aid_source	aid_11_migration_conversion_tools	aid	AID Link-validated Korean-source-verified		Link-validated Korean-source-verified				include_exact	exact_markdown	SHARD-002	BLOCK-000419	pass	KAE-BLOCK-000276	aid_reuse	primary_working_source_after_classification_preservation	aid_reuse	CONF-000007	candidate_with_open_recheck_guardrail	guarded_candidate_recheck_before_exhaustive_playbook	An aligned or AID-reuse baseline route exists, but open conflict/recheck rows block exhaustive or production-ready downstream claims.	S1-J012
source_pack_source	AID-SRC-000320	aid	~/AID/arch/Home/Altibase VC 2010 Development Guide__19334121.md	aid_source	aid_11_migration_conversion_tools	aid	AID Link-validated Korean-source-verified		Link-validated Korean-source-verified				include_exact	exact_markdown	SHARD-002	BLOCK-000420	pass	KAE-BLOCK-000276	aid_reuse	primary_working_source_after_classification_preservation	aid_reuse	CONF-000007	candidate_with_open_recheck_guardrail	guarded_candidate_recheck_before_exhaustive_playbook	An aligned or AID-reuse baseline route exists, but open conflict/recheck rows block exhaustive or production-ready downstream claims.	S1-J012
source_pack_source	AID-SRC-000321	aid	~/AID/arch/Home/Altibase Window ADO.NET Development Guide/1. ADO.NET Settings__14647569.md	aid_source	aid_09_development_client_api	aid	AID Link-validated Korean-source-verified		Link-validated Korean-source-verified				include_exact	exact_markdown	SHARD-002	BLOCK-000345	pass	KAE-BLOCK-000276	aid_reuse	primary_working_source_after_classification_preservation	aid_reuse	CONF-000007	candidate_with_open_recheck_guardrail	guarded_candidate_recheck_before_exhaustive_playbook	An aligned or AID-reuse baseline route exists, but open conflict/recheck rows block exhaustive or production-ready downstream claims.	S1-J012
source_pack_source	AID-SRC-000322	aid	~/AID/arch/Home/Altibase Window ADO.NET Development Guide/2. ADO.NET Development Guide__14647573.md	aid_source	aid_09_development_client_api	aid	AID Link-validated Korean-source-verified		Link-validated Korean-source-verified				include_exact	exact_markdown	SHARD-002	BLOCK-000346	pass	KAE-BLOCK-000276	aid_reuse	primary_working_source_after_classification_preservation	aid_reuse	CONF-000007	candidate_with_open_recheck_guardrail	guarded_candidate_recheck_before_exhaustive_playbook	An aligned or AID-reuse baseline route exists, but open conflict/recheck rows block exhaustive or production-ready downstream claims.	S1-J012
source_pack_source	AID-SRC-000323	aid	~/AID/arch/Home/Altibase Window ADO.NET Development Guide/3. Frequent Error Messages__14647579.md	aid_source	aid_09_development_client_api	aid	AID Link-validated Korean-source-verified		Link-validated Korean-source-verified				include_exact	exact_markdown	SHARD-002	BLOCK-000347	pass	KAE-BLOCK-000276	aid_reuse	primary_working_source_after_classification_preservation	aid_reuse	CONF-000007	candidate_with_open_recheck_guardrail	guarded_candidate_recheck_before_exhaustive_playbook	An aligned or AID-reuse baseline route exists, but open conflict/recheck rows block exhaustive or production-ready downstream claims.	S1-J012
source_pack_source	AID-SRC-000324	aid	~/AID/arch/Home/Altibase Window ADO.NET Development Guide__14647565.md	aid_source	aid_09_development_client_api	aid	AID Link-validated Korean-source-verified		Link-validated Korean-source-verified				include_exact	exact_markdown	SHARD-002	BLOCK-000348	pass	KAE-BLOCK-000276	aid_reuse	primary_working_source_after_classification_preservation	aid_reuse	CONF-000007	candidate_with_open_recheck_guardrail	guarded_candidate_recheck_before_exhaustive_playbook	An aligned or AID-reuse baseline route exists, but open conflict/recheck rows block exhaustive or production-ready downstream claims.	S1-J012
source_pack_source	AID-SRC-000325	aid	~/AID/arch/Home/Altibase and unixODBC Integration Guide/1. unixODBC Manager Installation__14647417.md	aid_source	aid_09_development_client_api	aid	AID Korean-source-verified		Korean-source-verified				include_exact	exact_markdown	SHARD-002	BLOCK-000349	pass	KAE-BLOCK-000276	aid_reuse	primary_working_source_after_classification_preservation	aid_reuse	CONF-000007	candidate_with_open_recheck_guardrail	guarded_candidate_recheck_before_exhaustive_playbook	An aligned or AID-reuse baseline route exists, but open conflict/recheck rows block exhaustive or production-ready downstream claims.	S1-J012
source_pack_source	AID-SRC-000326	aid	~/AID/arch/Home/Altibase and unixODBC Integration Guide/2. Integrating unixODBC Manager__14647432.md	aid_source	aid_09_development_client_api	aid	AID Korean-source-verified		Korean-source-verified				include_exact	exact_markdown	SHARD-002	BLOCK-000350	pass	KAE-BLOCK-000276	aid_reuse	primary_working_source_after_classification_preservation	aid_reuse	CONF-000007	candidate_with_open_recheck_guardrail	guarded_candidate_recheck_before_exhaustive_playbook	An aligned or AID-reuse baseline route exists, but open conflict/recheck rows block exhaustive or production-ready downstream claims.	S1-J012
source_pack_source	AID-SRC-000327	aid	~/AID/arch/Home/Altibase and unixODBC Integration Guide__14647413.md	aid_source	aid_09_development_client_api	aid	AID Korean-source-verified		Korean-source-verified				include_exact	exact_markdown	SHARD-002	BLOCK-000351	pass	KAE-BLOCK-000276	aid_reuse	primary_working_source_after_classification_preservation	aid_reuse	CONF-000007	candidate_with_open_recheck_guardrail	guarded_candidate_recheck_before_exhaustive_playbook	An aligned or AID-reuse baseline route exists, but open conflict/recheck rows block exhaustive or production-ready downstream claims.	S1-J012
source_pack_source	AID-SRC-000328	aid	~/AID/arch/Home/Altibase_Oracle Comparison__16875638.md	aid_source	aid_11_migration_conversion_tools	aid	AID Link-validated Korean-source-verified		Link-validated Korean-source-verified				include_exact	exact_markdown	SHARD-002	BLOCK-000421	pass	KAE-BLOCK-000276	aid_reuse	primary_working_source_after_classification_preservation	aid_reuse	CONF-000007	candidate_with_open_recheck_guardrail	guarded_candidate_recheck_before_exhaustive_playbook	An aligned or AID-reuse baseline route exists, but open conflict/recheck rows block exhaustive or production-ready downstream claims.	S1-J012
source_pack_source	AID-SRC-000329	aid	~/AID/arch/Home/Configuration Guide For Minimizing Disk I_O Contention__22643018.md	aid_source	aid_02_architecture_storage_concepts	aid	AID Link-validated Korean-source-verified		Link-validated Korean-source-verified				include_exact	exact_markdown	SHARD-001	BLOCK-000037	pass	KAE-BLOCK-000276	aid_reuse	primary_working_source_after_classification_preservation	aid_reuse	CONF-000007	candidate_with_open_recheck_guardrail	guarded_candidate_recheck_before_exhaustive_playbook	An aligned or AID-reuse baseline route exists, but open conflict/recheck rows block exhaustive or production-ready downstream claims.	S1-J012
source_pack_source	AID-SRC-000330	aid	~/AID/arch/Home/Considerations for Altibase Backup Policy/1. Backup Types__14647714.md	aid_source	aid_04_backup_recovery	aid	AID Link-validated Korean-source-verified		Link-validated Korean-source-verified				include_exact	exact_markdown	SHARD-001	BLOCK-000095	pass	KAE-BLOCK-000276	aid_reuse	primary_working_source_after_classification_preservation	aid_reuse	CONF-000007	candidate_with_open_recheck_guardrail	guarded_candidate_recheck_before_exhaustive_playbook	An aligned or AID-reuse baseline route exists, but open conflict/recheck rows block exhaustive or production-ready downstream claims.	S1-J012
source_pack_source	AID-SRC-000331	aid	~/AID/arch/Home/Considerations for Altibase Backup Policy/2. Considerations for Determining Backup Policy__14647722.md	aid_source	aid_04_backup_recovery	aid	AID Link-validated Korean-source-verified		Link-validated Korean-source-verified				include_exact	exact_markdown	SHARD-001	BLOCK-000096	pass	KAE-BLOCK-000276	aid_reuse	primary_working_source_after_classification_preservation	aid_reuse	CONF-000007	candidate_with_open_recheck_guardrail	guarded_candidate_recheck_before_exhaustive_playbook	An aligned or AID-reuse baseline route exists, but open conflict/recheck rows block exhaustive or production-ready downstream claims.	S1-J012
source_pack_source	AID-SRC-000332	aid	~/AID/arch/Home/Considerations for Altibase Backup Policy/3. Summary (Considerations for Altibase Backup Policy)__14647728.md	aid_source	aid_04_backup_recovery	aid	AID Link-validated Korean-source-verified		Link-validated Korean-source-verified				include_exact	exact_markdown	SHARD-001	BLOCK-000097	pass	KAE-BLOCK-000276	aid_reuse	primary_working_source_after_classification_preservation	aid_reuse	CONF-000007	candidate_with_open_recheck_guardrail	guarded_candidate_recheck_before_exhaustive_playbook	An aligned or AID-reuse baseline route exists, but open conflict/recheck rows block exhaustive or production-ready downstream claims.	S1-J012
source_pack_source	AID-SRC-000333	aid	~/AID/arch/Home/Considerations for Altibase Backup Policy__14647709.md	aid_source	aid_04_backup_recovery	aid	AID Link-validated Korean-source-verified		Link-validated Korean-source-verified				include_exact	exact_markdown	SHARD-001	BLOCK-000098	pass	KAE-BLOCK-000276	aid_reuse	primary_working_source_after_classification_preservation	aid_reuse	CONF-000007	candidate_with_open_recheck_guardrail	guarded_candidate_recheck_before_exhaustive_playbook	An aligned or AID-reuse baseline route exists, but open conflict/recheck rows block exhaustive or production-ready downstream claims.	S1-J012
source_pack_source	AID-SRC-000334	aid	~/AID/arch/Home/Creating ALTIBASE Database__22643020.md	aid_source	aid_01_installation_upgrade_platform	aid	AID Link-validated Korean-source-verified		Link-validated Korean-source-verified				include_exact	exact_markdown	SHARD-001	BLOCK-000023	pass	KAE-BLOCK-000276	aid_reuse	primary_working_source_after_classification_preservation	aid_reuse	CONF-000007	candidate_with_open_recheck_guardrail	guarded_candidate_recheck_before_exhaustive_playbook	An aligned or AID-reuse baseline route exists, but open conflict/recheck rows block exhaustive or production-ready downstream claims.	S1-J012
source_pack_source	AID-SRC-000335	aid	~/AID/arch/Home/Disk Configuration Guide for Altibase/1. Disk I_O Occurrence Type__14647512.md	aid_source	aid_02_architecture_storage_concepts	aid	AID Korean-source-verified		Korean-source-verified				include_exact	exact_markdown	SHARD-001	BLOCK-000038	pass	KAE-BLOCK-000276	aid_reuse	primary_working_source_after_classification_preservation	aid_reuse	CONF-000007	candidate_with_open_recheck_guardrail	guarded_candidate_recheck_before_exhaustive_playbook	An aligned or AID-reuse baseline route exists, but open conflict/recheck rows block exhaustive or production-ready downstream claims.	S1-J012
source_pack_source	AID-SRC-000336	aid	~/AID/arch/Home/Disk Configuration Guide for Altibase/2. Data File Configuration Plan__14647521.md	aid_source	aid_02_architecture_storage_concepts	aid	AID Korean-source-verified		Korean-source-verified				include_exact	exact_markdown	SHARD-001	BLOCK-000039	pass	KAE-BLOCK-000276	aid_reuse	primary_working_source_after_classification_preservation	aid_reuse	CONF-000007	candidate_with_open_recheck_guardrail	guarded_candidate_recheck_before_exhaustive_playbook	An aligned or AID-reuse baseline route exists, but open conflict/recheck rows block exhaustive or production-ready downstream claims.	S1-J012
source_pack_source	AID-SRC-000337	aid	~/AID/arch/Home/Disk Configuration Guide for Altibase/3. File System__14647523.md	aid_source	aid_02_architecture_storage_concepts	aid	AID Korean-source-verified		Korean-source-verified				include_exact	exact_markdown	SHARD-001	BLOCK-000040	pass	KAE-BLOCK-000276	aid_reuse	primary_working_source_after_classification_preservation	aid_reuse	CONF-000007	candidate_with_open_recheck_guardrail	guarded_candidate_recheck_before_exhaustive_playbook	An aligned or AID-reuse baseline route exists, but open conflict/recheck rows block exhaustive or production-ready downstream claims.	S1-J012
source_pack_source	AID-SRC-000338	aid	~/AID/arch/Home/Disk Configuration Guide for Altibase/4. Disk Configuraiton__14647527.md	aid_source	aid_02_architecture_storage_concepts	aid	AID Korean-source-verified		Korean-source-verified				include_exact	exact_markdown	SHARD-001	BLOCK-000041	pass	KAE-BLOCK-000276	aid_reuse	primary_working_source_after_classification_preservation	aid_reuse	CONF-000007	candidate_with_open_recheck_guardrail	guarded_candidate_recheck_before_exhaustive_playbook	An aligned or AID-reuse baseline route exists, but open conflict/recheck rows block exhaustive or production-ready downstream claims.	S1-J012
source_pack_source	AID-SRC-000339	aid	~/AID/arch/Home/Disk Configuration Guide for Altibase/5. Disk I_O Optimization__14647545.md	aid_source	aid_02_architecture_storage_concepts	aid	AID Korean-source-verified		Korean-source-verified				include_exact	exact_markdown	SHARD-001	BLOCK-000042	pass	KAE-BLOCK-000276	aid_reuse	primary_working_source_after_classification_preservation	aid_reuse	CONF-000007	candidate_with_open_recheck_guardrail	guarded_candidate_recheck_before_exhaustive_playbook	An aligned or AID-reuse baseline route exists, but open conflict/recheck rows block exhaustive or production-ready downstream claims.	S1-J012
source_pack_source	AID-SRC-000340	aid	~/AID/arch/Home/Disk Configuration Guide for Altibase__14647508.md	aid_source	aid_02_architecture_storage_concepts	aid	AID Korean-source-verified		Korean-source-verified				include_exact	exact_markdown	SHARD-001	BLOCK-000043	pass	KAE-BLOCK-000276	aid_reuse	primary_working_source_after_classification_preservation	aid_reuse	CONF-000007	candidate_with_open_recheck_guardrail	guarded_candidate_recheck_before_exhaustive_playbook	An aligned or AID-reuse baseline route exists, but open conflict/recheck rows block exhaustive or production-ready downstream claims.	S1-J012
source_pack_source	AID-SRC-000341	aid	~/AID/arch/Home/HPUX Setup Guide for Altibase__14058288.md	aid_source	aid_01_installation_upgrade_platform	aid	AID Korean-source-verified		Korean-source-verified				include_exact	exact_markdown	SHARD-001	BLOCK-000024	pass	KAE-BLOCK-000276	aid_reuse	primary_working_source_after_classification_preservation	aid_reuse	CONF-000007	candidate_with_open_recheck_guardrail	guarded_candidate_recheck_before_exhaustive_playbook	An aligned or AID-reuse baseline route exists, but open conflict/recheck rows block exhaustive or production-ready downstream claims.	S1-J012
source_pack_source	AID-SRC-000342	aid	~/AID/arch/Home/Hibernate Integration Guide for Altibase__14058388.md	aid_source	aid_10_application_framework_integration	aid	AID Link-validated Korean-source-verified		Link-validated Korean-source-verified				include_exact	exact_markdown	SHARD-002	BLOCK-000357	pass	KAE-BLOCK-000276	aid_reuse	primary_working_source_after_classification_preservation	aid_reuse	CONF-000007	candidate_with_open_recheck_guardrail	guarded_candidate_recheck_before_exhaustive_playbook	An aligned or AID-reuse baseline route exists, but open conflict/recheck rows block exhaustive or production-ready downstream claims.	S1-J012
source_pack_source	AID-SRC-000343	aid	~/AID/arch/Home/Home/ALTIBASE HDB White papers__4030581.md	aid_source	aid_02_architecture_storage_concepts	aid	AID Korean-source-verified		Korean-source-verified				include_exact	exact_markdown	SHARD-001	BLOCK-000044	pass	KAE-BLOCK-000276	aid_reuse	primary_working_source_after_classification_preservation	aid_reuse	CONF-000007	candidate_with_open_recheck_guardrail	guarded_candidate_recheck_before_exhaustive_playbook	An aligned or AID-reuse baseline route exists, but open conflict/recheck rows block exhaustive or production-ready downstream claims.	S1-J012
source_pack_source	AID-SRC-000344	aid	~/AID/arch/Home/Home/Storage Guide__9110563.md	aid_source	aid_02_architecture_storage_concepts	aid	AID Korean-source-verified		Korean-source-verified				include_exact	exact_markdown	SHARD-001	BLOCK-000045	pass	KAE-BLOCK-000276	aid_reuse	primary_working_source_after_classification_preservation	aid_reuse	CONF-000007	candidate_with_open_recheck_guardrail	guarded_candidate_recheck_before_exhaustive_playbook	An aligned or AID-reuse baseline route exists, but open conflict/recheck rows block exhaustive or production-ready downstream claims.	S1-J012
source_pack_source	AID-SRC-000345	aid	~/AID/arch/Home/JAVA Developer's Guide__16875544.md	aid_source	aid_09_development_client_api	aid	AID Link-validated Korean-source-verified		Link-validated Korean-source-verified				include_exact	exact_markdown	SHARD-002	BLOCK-000352	pass	KAE-BLOCK-000276	aid_reuse	primary_working_source_after_classification_preservation	aid_reuse	CONF-000007	candidate_with_open_recheck_guardrail	guarded_candidate_recheck_before_exhaustive_playbook	An aligned or AID-reuse baseline route exists, but open conflict/recheck rows block exhaustive or production-ready downstream claims.	S1-J012
source_pack_source	AID-SRC-000346	aid	~/AID/arch/Home/JBOSS Integration Guide for Altibase/1. JBoss Installation__14647370.md	aid_source	aid_10_application_framework_integration	aid	AID Korean-source-verified		Korean-source-verified				include_exact	exact_markdown	SHARD-002	BLOCK-000358	pass	KAE-BLOCK-000276	aid_reuse	primary_working_source_after_classification_preservation	aid_reuse	CONF-000007	candidate_with_open_recheck_guardrail	guarded_candidate_recheck_before_exhaustive_playbook	An aligned or AID-reuse baseline route exists, but open conflict/recheck rows block exhaustive or production-ready downstream claims.	S1-J012
source_pack_source	AID-SRC-000347	aid	~/AID/arch/Home/JBOSS Integration Guide for Altibase/2. Integrating Altibase and JBOSS__14647372.md	aid_source	aid_10_application_framework_integration	aid	AID Korean-source-verified		Korean-source-verified				include_exact	exact_markdown	SHARD-002	BLOCK-000359	pass	KAE-BLOCK-000276	aid_reuse	primary_working_source_after_classification_preservation	aid_reuse	CONF-000007	candidate_with_open_recheck_guardrail	guarded_candidate_recheck_before_exhaustive_playbook	An aligned or AID-reuse baseline route exists, but open conflict/recheck rows block exhaustive or production-ready downstream claims.	S1-J012
source_pack_source	AID-SRC-000348	aid	~/AID/arch/Home/JBOSS Integration Guide for Altibase/3. Examples__14647382.md	aid_source	aid_10_application_framework_integration	aid	AID Korean-source-verified		Korean-source-verified				include_exact	exact_markdown	SHARD-002	BLOCK-000360	pass	KAE-BLOCK-000276	aid_reuse	primary_working_source_after_classification_preservation	aid_reuse	CONF-000007	candidate_with_open_recheck_guardrail	guarded_candidate_recheck_before_exhaustive_playbook	An aligned or AID-reuse baseline route exists, but open conflict/recheck rows block exhaustive or production-ready downstream claims.	S1-J012
source_pack_source	AID-SRC-000349	aid	~/AID/arch/Home/JBOSS Integration Guide for Altibase__14647358.md	aid_source	aid_10_application_framework_integration	aid	AID Korean-source-verified		Korean-source-verified				include_exact	exact_markdown	SHARD-002	BLOCK-000361	pass	KAE-BLOCK-000276	aid_reuse	primary_working_source_after_classification_preservation	aid_reuse	CONF-000007	candidate_with_open_recheck_guardrail	guarded_candidate_recheck_before_exhaustive_playbook	An aligned or AID-reuse baseline route exists, but open conflict/recheck rows block exhaustive or production-ready downstream claims.	S1-J012
source_pack_source	AID-SRC-000350	aid	~/AID/arch/Home/JEUS Integration Guide for Altibase/1. JEUS Installation__14058463.md	aid_source	aid_10_application_framework_integration	aid	AID Link-validated Korean-source-verified		Link-validated Korean-source-verified				include_exact	exact_markdown	SHARD-002	BLOCK-000362	pass	KAE-BLOCK-000276	aid_reuse	primary_working_source_after_classification_preservation	aid_reuse	CONF-000007	candidate_with_open_recheck_guardrail	guarded_candidate_recheck_before_exhaustive_playbook	An aligned or AID-reuse baseline route exists, but open conflict/recheck rows block exhaustive or production-ready downstream claims.	S1-J012
source_pack_source	AID-SRC-000351	aid	~/AID/arch/Home/JEUS Integration Guide for Altibase/2. Integrating ALTIBASE and JEUS__14058474.md	aid_source	aid_10_application_framework_integration	aid	AID Link-validated Korean-source-verified		Link-validated Korean-source-verified				include_exact	exact_markdown	SHARD-002	BLOCK-000363	pass	KAE-BLOCK-000276	aid_reuse	primary_working_source_after_classification_preservation	aid_reuse	CONF-000007	candidate_with_open_recheck_guardrail	guarded_candidate_recheck_before_exhaustive_playbook	An aligned or AID-reuse baseline route exists, but open conflict/recheck rows block exhaustive or production-ready downstream claims.	S1-J012
source_pack_source	AID-SRC-000352	aid	~/AID/arch/Home/JEUS Integration Guide for Altibase/3. Sample Examples__14058486.md	aid_source	aid_10_application_framework_integration	aid	AID Link-validated Korean-source-verified		Link-validated Korean-source-verified				include_exact	exact_markdown	SHARD-002	BLOCK-000364	pass	KAE-BLOCK-000276	aid_reuse	primary_working_source_after_classification_preservation	aid_reuse	CONF-000007	candidate_with_open_recheck_guardrail	guarded_candidate_recheck_before_exhaustive_playbook	An aligned or AID-reuse baseline route exists, but open conflict/recheck rows block exhaustive or production-ready downstream claims.	S1-J012
source_pack_source	AID-SRC-000353	aid	~/AID/arch/Home/JEUS Integration Guide for Altibase__14058459.md	aid_source	aid_10_application_framework_integration	aid	AID Link-validated Korean-source-verified		Link-validated Korean-source-verified				include_exact	exact_markdown	SHARD-002	BLOCK-000365	pass	KAE-BLOCK-000276	aid_reuse	primary_working_source_after_classification_preservation	aid_reuse	CONF-000007	candidate_with_open_recheck_guardrail	guarded_candidate_recheck_before_exhaustive_playbook	An aligned or AID-reuse baseline route exists, but open conflict/recheck rows block exhaustive or production-ready downstream claims.	S1-J012
source_pack_source	AID-SRC-000354	aid	~/AID/arch/Home/Linux Setup Guide for Altibase__22643022.md	aid_source	aid_01_installation_upgrade_platform	aid	AID Link-validated Korean-source-verified		Link-validated Korean-source-verified				include_exact	exact_markdown	SHARD-001	BLOCK-000025	pass	KAE-BLOCK-000276	aid_reuse	primary_working_source_after_classification_preservation	aid_reuse	CONF-000007	candidate_with_open_recheck_guardrail	guarded_candidate_recheck_before_exhaustive_playbook	An aligned or AID-reuse baseline route exists, but open conflict/recheck rows block exhaustive or production-ready downstream claims.	S1-J012
source_pack_source	AID-SRC-000355	aid	~/AID/arch/Home/MSSQL to ALTIBASE Conversion Guide__22643024.md	aid_source	aid_11_migration_conversion_tools	aid	AID Link-validated Korean-source-verified		Link-validated Korean-source-verified				include_exact	exact_markdown	SHARD-002	BLOCK-000422	pass	KAE-BLOCK-000276	aid_reuse	primary_working_source_after_classification_preservation	aid_reuse	CONF-000007	candidate_with_open_recheck_guardrail	guarded_candidate_recheck_before_exhaustive_playbook	An aligned or AID-reuse baseline route exists, but open conflict/recheck rows block exhaustive or production-ready downstream claims.	S1-J012
source_pack_source	AID-SRC-000356	aid	~/AID/arch/Home/Migration Center User Guide__19955861.md	aid_source	aid_11_migration_conversion_tools	aid	AID Link-validated Korean-source-verified		Link-validated Korean-source-verified				include_exact	exact_markdown	SHARD-002	BLOCK-000423	pass	KAE-BLOCK-000276	aid_reuse	primary_working_source_after_classification_preservation	aid_reuse	CONF-000007	candidate_with_open_recheck_guardrail	guarded_candidate_recheck_before_exhaustive_playbook	An aligned or AID-reuse baseline route exists, but open conflict/recheck rows block exhaustive or production-ready downstream claims.	S1-J012
source_pack_source	AID-SRC-000357	aid	~/AID/arch/Home/MyBatis Integration Guide for Altibase/1. MyBatis Overview__14058351.md	aid_source	aid_10_application_framework_integration	aid	AID Link-validated Korean-source-verified		Link-validated Korean-source-verified				include_exact	exact_markdown	SHARD-002	BLOCK-000366	pass	KAE-BLOCK-000276	aid_reuse	primary_working_source_after_classification_preservation	aid_reuse	CONF-000007	candidate_with_open_recheck_guardrail	guarded_candidate_recheck_before_exhaustive_playbook	An aligned or AID-reuse baseline route exists, but open conflict/recheck rows block exhaustive or production-ready downstream claims.	S1-J012
source_pack_source	AID-SRC-000358	aid	~/AID/arch/Home/MyBatis Integration Guide for Altibase/2. Differences Between MyBatis, and iBatis__14058354.md	aid_source	aid_10_application_framework_integration	aid	AID Link-validated Korean-source-verified		Link-validated Korean-source-verified				include_exact	exact_markdown	SHARD-002	BLOCK-000367	pass	KAE-BLOCK-000276	aid_reuse	primary_working_source_after_classification_preservation	aid_reuse	CONF-000007	candidate_with_open_recheck_guardrail	guarded_candidate_recheck_before_exhaustive_playbook	An aligned or AID-reuse baseline route exists, but open conflict/recheck rows block exhaustive or production-ready downstream claims.	S1-J012
source_pack_source	AID-SRC-000359	aid	~/AID/arch/Home/MyBatis Integration Guide for Altibase/3. Sample Preparation using MyBatis__14058356.md	aid_source	aid_10_application_framework_integration	aid	AID Link-validated Korean-source-verified		Link-validated Korean-source-verified				include_exact	exact_markdown	SHARD-002	BLOCK-000368	pass	KAE-BLOCK-000276	aid_reuse	primary_working_source_after_classification_preservation	aid_reuse	CONF-000007	candidate_with_open_recheck_guardrail	guarded_candidate_recheck_before_exhaustive_playbook	An aligned or AID-reuse baseline route exists, but open conflict/recheck rows block exhaustive or production-ready downstream claims.	S1-J012
source_pack_source	AID-SRC-000360	aid	~/AID/arch/Home/MyBatis Integration Guide for Altibase/4. Altibase Integration__22643026.md	aid_source	aid_10_application_framework_integration	aid	AID Link-validated Korean-source-verified		Link-validated Korean-source-verified				include_exact	exact_markdown	SHARD-002	BLOCK-000369	pass	KAE-BLOCK-000276	aid_reuse	primary_working_source_after_classification_preservation	aid_reuse	CONF-000007	candidate_with_open_recheck_guardrail	guarded_candidate_recheck_before_exhaustive_playbook	An aligned or AID-reuse baseline route exists, but open conflict/recheck rows block exhaustive or production-ready downstream claims.	S1-J012
source_pack_source	AID-SRC-000361	aid	~/AID/arch/Home/MyBatis Integration Guide for Altibase/5. MyBatis, Spring, Altibase Integration__22643028.md	aid_source	aid_10_application_framework_integration	aid	AID Link-validated Korean-source-verified		Link-validated Korean-source-verified				include_exact	exact_markdown	SHARD-002	BLOCK-000370	pass	KAE-BLOCK-000276	aid_reuse	primary_working_source_after_classification_preservation	aid_reuse	CONF-000007	candidate_with_open_recheck_guardrail	guarded_candidate_recheck_before_exhaustive_playbook	An aligned or AID-reuse baseline route exists, but open conflict/recheck rows block exhaustive or production-ready downstream claims.	S1-J012
source_pack_source	AID-SRC-000362	aid	~/AID/arch/Home/MyBatis Integration Guide for Altibase/6. Transaction Management__22643030.md	aid_source	aid_10_application_framework_integration	aid	AID Link-validated Korean-source-verified		Link-validated Korean-source-verified				include_exact	exact_markdown	SHARD-002	BLOCK-000371	pass	KAE-BLOCK-000276	aid_reuse	primary_working_source_after_classification_preservation	aid_reuse	CONF-000007	candidate_with_open_recheck_guardrail	guarded_candidate_recheck_before_exhaustive_playbook	An aligned or AID-reuse baseline route exists, but open conflict/recheck rows block exhaustive or production-ready downstream claims.	S1-J012
source_pack_source	AID-SRC-000363	aid	~/AID/arch/Home/MyBatis Integration Guide for Altibase/7. Considerations for MyBatis Integration__22643032.md	aid_source	aid_10_application_framework_integration	aid	AID Link-validated Korean-source-verified		Link-validated Korean-source-verified				include_exact	exact_markdown	SHARD-002	BLOCK-000372	pass	KAE-BLOCK-000276	aid_reuse	primary_working_source_after_classification_preservation	aid_reuse	CONF-000007	candidate_with_open_recheck_guardrail	guarded_candidate_recheck_before_exhaustive_playbook	An aligned or AID-reuse baseline route exists, but open conflict/recheck rows block exhaustive or production-ready downstream claims.	S1-J012
source_pack_source	AID-SRC-000364	aid	~/AID/arch/Home/MyBatis Integration Guide for Altibase/8. Appendix 1 (MyBatis-Altibase Integration)__22643034.md	aid_source	aid_10_application_framework_integration	aid	AID Link-validated Korean-source-verified		Link-validated Korean-source-verified				include_exact	exact_markdown	SHARD-002	BLOCK-000373	pass	KAE-BLOCK-000276	aid_reuse	primary_working_source_after_classification_preservation	aid_reuse	CONF-000007	candidate_with_open_recheck_guardrail	guarded_candidate_recheck_before_exhaustive_playbook	An aligned or AID-reuse baseline route exists, but open conflict/recheck rows block exhaustive or production-ready downstream claims.	S1-J012
source_pack_source	AID-SRC-000365	aid	~/AID/arch/Home/MyBatis Integration Guide for Altibase/9. Appendix 2(Spring-MyBatis-Altibase Integration)__22643036.md	aid_source	aid_10_application_framework_integration	aid	AID Link-validated Korean-source-verified		Link-validated Korean-source-verified				include_exact	exact_markdown	SHARD-002	BLOCK-000374	pass	KAE-BLOCK-000276	aid_reuse	primary_working_source_after_classification_preservation	aid_reuse	CONF-000007	candidate_with_open_recheck_guardrail	guarded_candidate_recheck_before_exhaustive_playbook	An aligned or AID-reuse baseline route exists, but open conflict/recheck rows block exhaustive or production-ready downstream claims.	S1-J012
source_pack_source	AID-SRC-000366	aid	~/AID/arch/Home/MyBatis Integration Guide for Altibase__14058349.md	aid_source	aid_10_application_framework_integration	aid	AID Link-validated Korean-source-verified		Link-validated Korean-source-verified				include_exact	exact_markdown	SHARD-002	BLOCK-000375	pass	KAE-BLOCK-000276	aid_reuse	primary_working_source_after_classification_preservation	aid_reuse	CONF-000007	candidate_with_open_recheck_guardrail	guarded_candidate_recheck_before_exhaustive_playbook	An aligned or AID-reuse baseline route exists, but open conflict/recheck rows block exhaustive or production-ready downstream claims.	S1-J012
source_pack_source	AID-SRC-000367	aid	~/AID/arch/Home/ORACLE to ALTIBASE Conversion Guide__22643038.md	aid_source	aid_11_migration_conversion_tools	aid	AID Link-validated Korean-source-verified		Link-validated Korean-source-verified				include_exact	exact_markdown	SHARD-002	BLOCK-000424	pass	KAE-BLOCK-000276	aid_reuse	primary_working_source_after_classification_preservation	aid_reuse	CONF-000007	candidate_with_open_recheck_guardrail	guarded_candidate_recheck_before_exhaustive_playbook	An aligned or AID-reuse baseline route exists, but open conflict/recheck rows block exhaustive or production-ready downstream claims.	S1-J012
source_pack_source	AID-SRC-000368	aid	~/AID/arch/Home/PHP Integration Guide for Altibase/1. ALTIBASE HDB PHP Module Reference__14647310.md	aid_source	aid_09_development_client_api	aid	AID Korean-source-verified		Korean-source-verified				include_exact	exact_markdown	SHARD-002	BLOCK-000353	pass	KAE-BLOCK-000276	aid_reuse	primary_working_source_after_classification_preservation	aid_reuse	CONF-000007	candidate_with_open_recheck_guardrail	guarded_candidate_recheck_before_exhaustive_playbook	An aligned or AID-reuse baseline route exists, but open conflict/recheck rows block exhaustive or production-ready downstream claims.	S1-J012
source_pack_source	AID-SRC-000369	aid	~/AID/arch/Home/PHP Integration Guide for Altibase/2. ODBC Manger Installation for PHP Integration__14647312.md	aid_source	aid_09_development_client_api	aid	AID Korean-source-verified		Korean-source-verified				include_exact	exact_markdown	SHARD-002	BLOCK-000354	pass	KAE-BLOCK-000276	aid_reuse	primary_working_source_after_classification_preservation	aid_reuse	CONF-000007	candidate_with_open_recheck_guardrail	guarded_candidate_recheck_before_exhaustive_playbook	An aligned or AID-reuse baseline route exists, but open conflict/recheck rows block exhaustive or production-ready downstream claims.	S1-J012
source_pack_source	AID-SRC-000370	aid	~/AID/arch/Home/PHP Integration Guide for Altibase/3. PHP Functions for ODBC Connection__14647314.md	aid_source	aid_09_development_client_api	aid	AID Korean-source-verified		Korean-source-verified				include_exact	exact_markdown	SHARD-002	BLOCK-000355	pass	KAE-BLOCK-000276	aid_reuse	primary_working_source_after_classification_preservation	aid_reuse	CONF-000007	candidate_with_open_recheck_guardrail	guarded_candidate_recheck_before_exhaustive_playbook	An aligned or AID-reuse baseline route exists, but open conflict/recheck rows block exhaustive or production-ready downstream claims.	S1-J012
source_pack_source	AID-SRC-000371	aid	~/AID/arch/Home/PHP Integration Guide for Altibase__14647305.md	aid_source	aid_09_development_client_api	aid	AID Korean-source-verified		Korean-source-verified				include_exact	exact_markdown	SHARD-002	BLOCK-000356	pass	KAE-BLOCK-000276	aid_reuse	primary_working_source_after_classification_preservation	aid_reuse	CONF-000007	candidate_with_open_recheck_guardrail	guarded_candidate_recheck_before_exhaustive_playbook	An aligned or AID-reuse baseline route exists, but open conflict/recheck rows block exhaustive or production-ready downstream claims.	S1-J012
source_pack_source	AID-SRC-000372	aid	~/AID/arch/Home/Responding to Failures Guide for Altibase/1. Classification by type of failure__15138822.md	aid_source	aid_04_backup_recovery	aid	AID Korean-source-verified		Korean-source-verified				include_exact	exact_markdown	SHARD-001	BLOCK-000099	pass	KAE-BLOCK-000276	aid_reuse	primary_working_source_after_classification_preservation	aid_reuse	CONF-000007	candidate_with_open_recheck_guardrail	guarded_candidate_recheck_before_exhaustive_playbook	An aligned or AID-reuse baseline route exists, but open conflict/recheck rows block exhaustive or production-ready downstream claims.	S1-J012
source_pack_source	AID-SRC-000373	aid	~/AID/arch/Home/Responding to Failures Guide for Altibase/2. Procedure by type of failure__15138835.md	aid_source	aid_04_backup_recovery	aid	AID Korean-source-verified		Korean-source-verified				include_exact	exact_markdown	SHARD-001	BLOCK-000100	pass	KAE-BLOCK-000276	aid_reuse	primary_working_source_after_classification_preservation	aid_reuse	CONF-000007	candidate_with_open_recheck_guardrail	guarded_candidate_recheck_before_exhaustive_playbook	An aligned or AID-reuse baseline route exists, but open conflict/recheck rows block exhaustive or production-ready downstream claims.	S1-J012
source_pack_source	AID-SRC-000374	aid	~/AID/arch/Home/Responding to Failures Guide for Altibase/3. References__15138869.md	aid_source	aid_04_backup_recovery	aid	AID Korean-source-verified		Korean-source-verified				include_exact	exact_markdown	SHARD-001	BLOCK-000101	pass	KAE-BLOCK-000276	aid_reuse	primary_working_source_after_classification_preservation	aid_reuse	CONF-000007	candidate_with_open_recheck_guardrail	guarded_candidate_recheck_before_exhaustive_playbook	An aligned or AID-reuse baseline route exists, but open conflict/recheck rows block exhaustive or production-ready downstream claims.	S1-J012
source_pack_source	AID-SRC-000375	aid	~/AID/arch/Home/Responding to Failures Guide for Altibase__15138818.md	aid_source	aid_04_backup_recovery	aid	AID Korean-source-verified		Korean-source-verified				include_exact	exact_markdown	SHARD-001	BLOCK-000102	pass	KAE-BLOCK-000276	aid_reuse	primary_working_source_after_classification_preservation	aid_reuse	CONF-000007	candidate_with_open_recheck_guardrail	guarded_candidate_recheck_before_exhaustive_playbook	An aligned or AID-reuse baseline route exists, but open conflict/recheck rows block exhaustive or production-ready downstream claims.	S1-J012
source_pack_source	AID-SRC-000376	aid	~/AID/arch/Home/SQuirrel SQL Client Quick Guide for Altibase/1. SQuirrel SQL Client Installation__14647626.md	aid_source	aid_11_migration_conversion_tools	aid	AID Korean-source-verified		Korean-source-verified				include_exact	exact_markdown	SHARD-002	BLOCK-000425	pass	KAE-BLOCK-000276	aid_reuse	primary_working_source_after_classification_preservation	aid_reuse	CONF-000007	candidate_with_open_recheck_guardrail	guarded_candidate_recheck_before_exhaustive_playbook	An aligned or AID-reuse baseline route exists, but open conflict/recheck rows block exhaustive or production-ready downstream claims.	S1-J012
source_pack_source	AID-SRC-000377	aid	~/AID/arch/Home/SQuirrel SQL Client Quick Guide for Altibase/2. Altibase JDBC Driver Registeration__14647628.md	aid_source	aid_11_migration_conversion_tools	aid	AID Korean-source-verified		Korean-source-verified				include_exact	exact_markdown	SHARD-002	BLOCK-000426	pass	KAE-BLOCK-000276	aid_reuse	primary_working_source_after_classification_preservation	aid_reuse	CONF-000007	candidate_with_open_recheck_guardrail	guarded_candidate_recheck_before_exhaustive_playbook	An aligned or AID-reuse baseline route exists, but open conflict/recheck rows block exhaustive or production-ready downstream claims.	S1-J012
source_pack_source	AID-SRC-000378	aid	~/AID/arch/Home/SQuirrel SQL Client Quick Guide for Altibase/3. Integration with Altibase__14647630.md	aid_source	aid_11_migration_conversion_tools	aid	AID Korean-source-verified		Korean-source-verified				include_exact	exact_markdown	SHARD-002	BLOCK-000427	pass	KAE-BLOCK-000276	aid_reuse	primary_working_source_after_classification_preservation	aid_reuse	CONF-000007	candidate_with_open_recheck_guardrail	guarded_candidate_recheck_before_exhaustive_playbook	An aligned or AID-reuse baseline route exists, but open conflict/recheck rows block exhaustive or production-ready downstream claims.	S1-J012
source_pack_source	AID-SRC-000379	aid	~/AID/arch/Home/SQuirrel SQL Client Quick Guide for Altibase__14647622.md	aid_source	aid_11_migration_conversion_tools	aid	AID Korean-source-verified		Korean-source-verified				include_exact	exact_markdown	SHARD-002	BLOCK-000428	pass	KAE-BLOCK-000276	aid_reuse	primary_working_source_after_classification_preservation	aid_reuse	CONF-000007	candidate_with_open_recheck_guardrail	guarded_candidate_recheck_before_exhaustive_playbook	An aligned or AID-reuse baseline route exists, but open conflict/recheck rows block exhaustive or production-ready downstream claims.	S1-J012
source_pack_source	AID-SRC-000380	aid	~/AID/arch/Home/Solaris Setup Guide for Altibase/1. Kernel Parameters__22643040.md	aid_source	aid_01_installation_upgrade_platform	aid	AID Korean-source-verified		Korean-source-verified				include_exact	exact_markdown	SHARD-001	BLOCK-000026	pass	KAE-BLOCK-000276	aid_reuse	primary_working_source_after_classification_preservation	aid_reuse	CONF-000007	candidate_with_open_recheck_guardrail	guarded_candidate_recheck_before_exhaustive_playbook	An aligned or AID-reuse baseline route exists, but open conflict/recheck rows block exhaustive or production-ready downstream claims.	S1-J012
source_pack_source	AID-SRC-000381	aid	~/AID/arch/Home/Solaris Setup Guide for Altibase/2. User Settings__14058294.md	aid_source	aid_01_installation_upgrade_platform	aid	AID Korean-source-verified		Korean-source-verified				include_exact	exact_markdown	SHARD-001	BLOCK-000027	pass	KAE-BLOCK-000276	aid_reuse	primary_working_source_after_classification_preservation	aid_reuse	CONF-000007	candidate_with_open_recheck_guardrail	guarded_candidate_recheck_before_exhaustive_playbook	An aligned or AID-reuse baseline route exists, but open conflict/recheck rows block exhaustive or production-ready downstream claims.	S1-J012
source_pack_source	AID-SRC-000382	aid	~/AID/arch/Home/Solaris Setup Guide for Altibase/3. Summary__14058296.md	aid_source	aid_01_installation_upgrade_platform	aid	AID Korean-source-verified		Korean-source-verified				include_exact	exact_markdown	SHARD-001	BLOCK-000028	pass	KAE-BLOCK-000276	aid_reuse	primary_working_source_after_classification_preservation	aid_reuse	CONF-000007	candidate_with_open_recheck_guardrail	guarded_candidate_recheck_before_exhaustive_playbook	An aligned or AID-reuse baseline route exists, but open conflict/recheck rows block exhaustive or production-ready downstream claims.	S1-J012
source_pack_source	AID-SRC-000383	aid	~/AID/arch/Home/Solaris Setup Guide for Altibase__14058290.md	aid_source	aid_01_installation_upgrade_platform	aid	AID Korean-source-verified		Korean-source-verified				include_exact	exact_markdown	SHARD-001	BLOCK-000029	pass	KAE-BLOCK-000276	aid_reuse	primary_working_source_after_classification_preservation	aid_reuse	CONF-000007	candidate_with_open_recheck_guardrail	guarded_candidate_recheck_before_exhaustive_playbook	An aligned or AID-reuse baseline route exists, but open conflict/recheck rows block exhaustive or production-ready downstream claims.	S1-J012
source_pack_source	AID-SRC-000384	aid	~/AID/arch/Home/Spring Integration Guide for Altibase/1. What is Spring__14058412.md	aid_source	aid_10_application_framework_integration	aid	AID Link-validated Korean-source-verified		Link-validated Korean-source-verified				include_exact	exact_markdown	SHARD-002	BLOCK-000376	pass	KAE-BLOCK-000276	aid_reuse	primary_working_source_after_classification_preservation	aid_reuse	CONF-000007	candidate_with_open_recheck_guardrail	guarded_candidate_recheck_before_exhaustive_playbook	An aligned or AID-reuse baseline route exists, but open conflict/recheck rows block exhaustive or production-ready downstream claims.	S1-J012
source_pack_source	AID-SRC-000385	aid	~/AID/arch/Home/Spring Integration Guide for Altibase/2. Setting before Developing Spring__14058420.md	aid_source	aid_10_application_framework_integration	aid	AID Link-validated Korean-source-verified		Link-validated Korean-source-verified				include_exact	exact_markdown	SHARD-002	BLOCK-000377	pass	KAE-BLOCK-000276	aid_reuse	primary_working_source_after_classification_preservation	aid_reuse	CONF-000007	candidate_with_open_recheck_guardrail	guarded_candidate_recheck_before_exhaustive_playbook	An aligned or AID-reuse baseline route exists, but open conflict/recheck rows block exhaustive or production-ready downstream claims.	S1-J012
source_pack_source	AID-SRC-000386	aid	~/AID/arch/Home/Spring Integration Guide for Altibase/3. Setting up JDBC Driver__14058424.md	aid_source	aid_10_application_framework_integration	aid	AID Link-validated Korean-source-verified		Link-validated Korean-source-verified				include_exact	exact_markdown	SHARD-002	BLOCK-000378	pass	KAE-BLOCK-000276	aid_reuse	primary_working_source_after_classification_preservation	aid_reuse	CONF-000007	candidate_with_open_recheck_guardrail	guarded_candidate_recheck_before_exhaustive_playbook	An aligned or AID-reuse baseline route exists, but open conflict/recheck rows block exhaustive or production-ready downstream claims.	S1-J012
source_pack_source	AID-SRC-000387	aid	~/AID/arch/Home/Spring Integration Guide for Altibase/4. Configuring DataSource__14058429.md	aid_source	aid_10_application_framework_integration	aid	AID Link-validated Korean-source-verified		Link-validated Korean-source-verified				include_exact	exact_markdown	SHARD-002	BLOCK-000379	pass	KAE-BLOCK-000276	aid_reuse	primary_working_source_after_classification_preservation	aid_reuse	CONF-000007	candidate_with_open_recheck_guardrail	guarded_candidate_recheck_before_exhaustive_playbook	An aligned or AID-reuse baseline route exists, but open conflict/recheck rows block exhaustive or production-ready downstream claims.	S1-J012
source_pack_source	AID-SRC-000388	aid	~/AID/arch/Home/Spring Integration Guide for Altibase/5. Additional Connection__14058433.md	aid_source	aid_10_application_framework_integration	aid	AID Link-validated Korean-source-verified		Link-validated Korean-source-verified				include_exact	exact_markdown	SHARD-002	BLOCK-000380	pass	KAE-BLOCK-000276	aid_reuse	primary_working_source_after_classification_preservation	aid_reuse	CONF-000007	candidate_with_open_recheck_guardrail	guarded_candidate_recheck_before_exhaustive_playbook	An aligned or AID-reuse baseline route exists, but open conflict/recheck rows block exhaustive or production-ready downstream claims.	S1-J012
source_pack_source	AID-SRC-000389	aid	~/AID/arch/Home/Spring Integration Guide for Altibase/6. Transaction Manager__14058437.md	aid_source	aid_10_application_framework_integration	aid	AID Link-validated Korean-source-verified		Link-validated Korean-source-verified				include_exact	exact_markdown	SHARD-002	BLOCK-000381	pass	KAE-BLOCK-000276	aid_reuse	primary_working_source_after_classification_preservation	aid_reuse	CONF-000007	candidate_with_open_recheck_guardrail	guarded_candidate_recheck_before_exhaustive_playbook	An aligned or AID-reuse baseline route exists, but open conflict/recheck rows block exhaustive or production-ready downstream claims.	S1-J012
source_pack_source	AID-SRC-000390	aid	~/AID/arch/Home/Spring Integration Guide for Altibase/7. Considerations_Notes for Spring Integration__14058445.md	aid_source	aid_10_application_framework_integration	aid	AID Link-validated Korean-source-verified		Link-validated Korean-source-verified				include_exact	exact_markdown	SHARD-002	BLOCK-000382	pass	KAE-BLOCK-000276	aid_reuse	primary_working_source_after_classification_preservation	aid_reuse	CONF-000007	candidate_with_open_recheck_guardrail	guarded_candidate_recheck_before_exhaustive_playbook	An aligned or AID-reuse baseline route exists, but open conflict/recheck rows block exhaustive or production-ready downstream claims.	S1-J012
source_pack_source	AID-SRC-000391	aid	~/AID/arch/Home/Spring Integration Guide for Altibase/8. Appendix - HelloSpring__14058449.md	aid_source	aid_10_application_framework_integration	aid	AID Link-validated Korean-source-verified		Link-validated Korean-source-verified				include_exact	exact_markdown	SHARD-002	BLOCK-000383	pass	KAE-BLOCK-000276	aid_reuse	primary_working_source_after_classification_preservation	aid_reuse	CONF-000007	candidate_with_open_recheck_guardrail	guarded_candidate_recheck_before_exhaustive_playbook	An aligned or AID-reuse baseline route exists, but open conflict/recheck rows block exhaustive or production-ready downstream claims.	S1-J012
source_pack_source	AID-SRC-000392	aid	~/AID/arch/Home/Spring Integration Guide for Altibase__14058410.md	aid_source	aid_10_application_framework_integration	aid	AID Link-validated Korean-source-verified		Link-validated Korean-source-verified				include_exact	exact_markdown	SHARD-002	BLOCK-000384	pass	KAE-BLOCK-000276	aid_reuse	primary_working_source_after_classification_preservation	aid_reuse	CONF-000007	candidate_with_open_recheck_guardrail	guarded_candidate_recheck_before_exhaustive_playbook	An aligned or AID-reuse baseline route exists, but open conflict/recheck rows block exhaustive or production-ready downstream claims.	S1-J012
source_pack_source	AID-SRC-000393	aid	~/AID/arch/Home/System Data Capacity Estimation Guide for Altibase Operations__22643042.md	aid_source	aid_03_operation_administration_security	aid	AID Link-validated Korean-source-verified		Link-validated Korean-source-verified				include_exact	exact_markdown	SHARD-001	BLOCK-000082	pass	KAE-BLOCK-000276	aid_reuse	primary_working_source_after_classification_preservation	aid_reuse	CONF-000007	candidate_with_open_recheck_guardrail	guarded_candidate_recheck_before_exhaustive_playbook	An aligned or AID-reuse baseline route exists, but open conflict/recheck rows block exhaustive or production-ready downstream claims.	S1-J012
source_pack_source	AID-SRC-000394	aid	~/AID/arch/Home/TOMCAT Integration Guide for Altibase/1. TOMCAT Installation__14058491.md	aid_source	aid_10_application_framework_integration	aid	AID Link-validated Korean-source-verified		Link-validated Korean-source-verified				include_exact	exact_markdown	SHARD-002	BLOCK-000385	pass	KAE-BLOCK-000276	aid_reuse	primary_working_source_after_classification_preservation	aid_reuse	CONF-000007	candidate_with_open_recheck_guardrail	guarded_candidate_recheck_before_exhaustive_playbook	An aligned or AID-reuse baseline route exists, but open conflict/recheck rows block exhaustive or production-ready downstream claims.	S1-J012
source_pack_source	AID-SRC-000395	aid	~/AID/arch/Home/TOMCAT Integration Guide for Altibase/2. JDBC Driver Configuration__14058500.md	aid_source	aid_10_application_framework_integration	aid	AID Link-validated Korean-source-verified		Link-validated Korean-source-verified				include_exact	exact_markdown	SHARD-002	BLOCK-000386	pass	KAE-BLOCK-000276	aid_reuse	primary_working_source_after_classification_preservation	aid_reuse	CONF-000007	candidate_with_open_recheck_guardrail	guarded_candidate_recheck_before_exhaustive_playbook	An aligned or AID-reuse baseline route exists, but open conflict/recheck rows block exhaustive or production-ready downstream claims.	S1-J012
source_pack_source	AID-SRC-000396	aid	~/AID/arch/Home/TOMCAT Integration Guide for Altibase/3. Integrating ALTIBASE and TOMCAT__14058506.md	aid_source	aid_10_application_framework_integration	aid	AID Link-validated Korean-source-verified		Link-validated Korean-source-verified				include_exact	exact_markdown	SHARD-002	BLOCK-000387	pass	KAE-BLOCK-000276	aid_reuse	primary_working_source_after_classification_preservation	aid_reuse	CONF-000007	candidate_with_open_recheck_guardrail	guarded_candidate_recheck_before_exhaustive_playbook	An aligned or AID-reuse baseline route exists, but open conflict/recheck rows block exhaustive or production-ready downstream claims.	S1-J012
source_pack_source	AID-SRC-000397	aid	~/AID/arch/Home/TOMCAT Integration Guide for Altibase/4. Fail-Over Configuration__14058508.md	aid_source	aid_10_application_framework_integration	aid	AID Link-validated Korean-source-verified		Link-validated Korean-source-verified				include_exact	exact_markdown	SHARD-002	BLOCK-000388	pass	KAE-BLOCK-000276	aid_reuse	primary_working_source_after_classification_preservation	aid_reuse	CONF-000007	candidate_with_open_recheck_guardrail	guarded_candidate_recheck_before_exhaustive_playbook	An aligned or AID-reuse baseline route exists, but open conflict/recheck rows block exhaustive or production-ready downstream claims.	S1-J012
source_pack_source	AID-SRC-000398	aid	~/AID/arch/Home/TOMCAT Integration Guide for Altibase/5. Considerations when integrating TOMCAT__22643044.md	aid_source	aid_10_application_framework_integration	aid	AID Link-validated Korean-source-verified		Link-validated Korean-source-verified				include_exact	exact_markdown	SHARD-002	BLOCK-000389	pass	KAE-BLOCK-000276	aid_reuse	primary_working_source_after_classification_preservation	aid_reuse	CONF-000007	candidate_with_open_recheck_guardrail	guarded_candidate_recheck_before_exhaustive_playbook	An aligned or AID-reuse baseline route exists, but open conflict/recheck rows block exhaustive or production-ready downstream claims.	S1-J012
source_pack_source	AID-SRC-000399	aid	~/AID/arch/Home/TOMCAT Integration Guide for Altibase/6. Errors when integrating TOMCAT__14058515.md	aid_source	aid_10_application_framework_integration	aid	AID Link-validated Korean-source-verified		Link-validated Korean-source-verified				include_exact	exact_markdown	SHARD-002	BLOCK-000390	pass	KAE-BLOCK-000276	aid_reuse	primary_working_source_after_classification_preservation	aid_reuse	CONF-000007	candidate_with_open_recheck_guardrail	guarded_candidate_recheck_before_exhaustive_playbook	An aligned or AID-reuse baseline route exists, but open conflict/recheck rows block exhaustive or production-ready downstream claims.	S1-J012
source_pack_source	AID-SRC-000400	aid	~/AID/arch/Home/TOMCAT Integration Guide for Altibase__14058489.md	aid_source	aid_10_application_framework_integration	aid	AID Link-validated Korean-source-verified		Link-validated Korean-source-verified				include_exact	exact_markdown	SHARD-002	BLOCK-000391	pass	KAE-BLOCK-000276	aid_reuse	primary_working_source_after_classification_preservation	aid_reuse	CONF-000007	candidate_with_open_recheck_guardrail	guarded_candidate_recheck_before_exhaustive_playbook	An aligned or AID-reuse baseline route exists, but open conflict/recheck rows block exhaustive or production-ready downstream claims.	S1-J012
source_pack_source	AID-SRC-000401	aid	~/AID/arch/Home/Troubleshooting Altibase Installation Problems__15138879.md	aid_source	aid_01_installation_upgrade_platform	aid	AID Link-validated Korean-source-verified		Link-validated Korean-source-verified				include_exact	exact_markdown	SHARD-001	BLOCK-000030	pass	KAE-BLOCK-000276	aid_reuse	primary_working_source_after_classification_preservation	aid_reuse	CONF-000007	candidate_with_open_recheck_guardrail	guarded_candidate_recheck_before_exhaustive_playbook	An aligned or AID-reuse baseline route exists, but open conflict/recheck rows block exhaustive or production-ready downstream claims.	S1-J012
source_pack_source	AID-SRC-000402	aid	~/AID/arch/Home/UNIX Memory Management__16875572.md	aid_source	aid_03_operation_administration_security	aid	AID Link-validated Korean-source-verified		Link-validated Korean-source-verified				include_exact	exact_markdown	SHARD-001	BLOCK-000083	pass	KAE-BLOCK-000276	aid_reuse	primary_working_source_after_classification_preservation	aid_reuse	CONF-000007	candidate_with_open_recheck_guardrail	guarded_candidate_recheck_before_exhaustive_playbook	An aligned or AID-reuse baseline route exists, but open conflict/recheck rows block exhaustive or production-ready downstream claims.	S1-J012
source_pack_source	AID-SRC-000403	aid	~/AID/arch/Home/Understanding the Altibase Start_Shut down Process/1. Starting Altibase__14909452.md	aid_source	aid_03_operation_administration_security	aid	AID Link-validated Korean-source-verified		Link-validated Korean-source-verified				include_exact	exact_markdown	SHARD-001	BLOCK-000084	pass	KAE-BLOCK-000276	aid_reuse	primary_working_source_after_classification_preservation	aid_reuse	CONF-000007	candidate_with_open_recheck_guardrail	guarded_candidate_recheck_before_exhaustive_playbook	An aligned or AID-reuse baseline route exists, but open conflict/recheck rows block exhaustive or production-ready downstream claims.	S1-J012
source_pack_source	AID-SRC-000404	aid	~/AID/arch/Home/Understanding the Altibase Start_Shut down Process/2. Shutting Altibase Down__14909483.md	aid_source	aid_03_operation_administration_security	aid	AID Link-validated Korean-source-verified		Link-validated Korean-source-verified				include_exact	exact_markdown	SHARD-001	BLOCK-000085	pass	KAE-BLOCK-000276	aid_reuse	primary_working_source_after_classification_preservation	aid_reuse	CONF-000007	candidate_with_open_recheck_guardrail	guarded_candidate_recheck_before_exhaustive_playbook	An aligned or AID-reuse baseline route exists, but open conflict/recheck rows block exhaustive or production-ready downstream claims.	S1-J012
source_pack_source	AID-SRC-000405	aid	~/AID/arch/Home/Understanding the Altibase Start_Shut down Process__14909450.md	aid_source	aid_03_operation_administration_security	aid	AID Link-validated Korean-source-verified		Link-validated Korean-source-verified				include_exact	exact_markdown	SHARD-001	BLOCK-000086	pass	KAE-BLOCK-000276	aid_reuse	primary_working_source_after_classification_preservation	aid_reuse	CONF-000007	candidate_with_open_recheck_guardrail	guarded_candidate_recheck_before_exhaustive_playbook	An aligned or AID-reuse baseline route exists, but open conflict/recheck rows block exhaustive or production-ready downstream claims.	S1-J012
source_pack_source	AID-SRC-000406	aid	~/AID/arch/Home/Utility Guide for each OS for Problem Analysis__16875587.md	aid_source	aid_03_operation_administration_security	aid	AID Link-validated Korean-source-verified		Link-validated Korean-source-verified				include_exact	exact_markdown	SHARD-001	BLOCK-000087	pass	KAE-BLOCK-000276	aid_reuse	primary_working_source_after_classification_preservation	aid_reuse	CONF-000007	candidate_with_open_recheck_guardrail	guarded_candidate_recheck_before_exhaustive_playbook	An aligned or AID-reuse baseline route exists, but open conflict/recheck rows block exhaustive or production-ready downstream claims.	S1-J012
source_pack_source	AID-SRC-000407	aid	~/AID/arch/Home/WEBLOGIC Integration Guide for Altibase/0. Prerequisites__14058324.md	aid_source	aid_10_application_framework_integration	aid	AID Link-validated Korean-source-verified		Link-validated Korean-source-verified				include_exact	exact_markdown	SHARD-002	BLOCK-000392	pass	KAE-BLOCK-000276	aid_reuse	primary_working_source_after_classification_preservation	aid_reuse	CONF-000007	candidate_with_open_recheck_guardrail	guarded_candidate_recheck_before_exhaustive_playbook	An aligned or AID-reuse baseline route exists, but open conflict/recheck rows block exhaustive or production-ready downstream claims.	S1-J012
source_pack_source	AID-SRC-000408	aid	~/AID/arch/Home/WEBLOGIC Integration Guide for Altibase/1. WebLogic Setup__14058327.md	aid_source	aid_10_application_framework_integration	aid	AID Link-validated Korean-source-verified		Link-validated Korean-source-verified				include_exact	exact_markdown	SHARD-002	BLOCK-000393	pass	KAE-BLOCK-000276	aid_reuse	primary_working_source_after_classification_preservation	aid_reuse	CONF-000007	candidate_with_open_recheck_guardrail	guarded_candidate_recheck_before_exhaustive_playbook	An aligned or AID-reuse baseline route exists, but open conflict/recheck rows block exhaustive or production-ready downstream claims.	S1-J012
source_pack_source	AID-SRC-000409	aid	~/AID/arch/Home/WEBLOGIC Integration Guide for Altibase/2. Starting and Shutdown the WebLogic Server Instance__14058329.md	aid_source	aid_10_application_framework_integration	aid	AID Link-validated Korean-source-verified		Link-validated Korean-source-verified				include_exact	exact_markdown	SHARD-002	BLOCK-000394	pass	KAE-BLOCK-000276	aid_reuse	primary_working_source_after_classification_preservation	aid_reuse	CONF-000007	candidate_with_open_recheck_guardrail	guarded_candidate_recheck_before_exhaustive_playbook	An aligned or AID-reuse baseline route exists, but open conflict/recheck rows block exhaustive or production-ready downstream claims.	S1-J012
source_pack_source	AID-SRC-000410	aid	~/AID/arch/Home/WEBLOGIC Integration Guide for Altibase/3. ALTIBASE and WebLogic Integration__14058331.md	aid_source	aid_10_application_framework_integration	aid	AID Link-validated Korean-source-verified		Link-validated Korean-source-verified				include_exact	exact_markdown	SHARD-002	BLOCK-000395	pass	KAE-BLOCK-000276	aid_reuse	primary_working_source_after_classification_preservation	aid_reuse	CONF-000007	candidate_with_open_recheck_guardrail	guarded_candidate_recheck_before_exhaustive_playbook	An aligned or AID-reuse baseline route exists, but open conflict/recheck rows block exhaustive or production-ready downstream claims.	S1-J012
source_pack_source	AID-SRC-000411	aid	~/AID/arch/Home/WEBLOGIC Integration Guide for Altibase/4. Fail-Over & Load-Balancing Settings__14058337.md	aid_source	aid_10_application_framework_integration	aid	AID Link-validated Korean-source-verified		Link-validated Korean-source-verified				include_exact	exact_markdown	SHARD-002	BLOCK-000396	pass	KAE-BLOCK-000276	aid_reuse	primary_working_source_after_classification_preservation	aid_reuse	CONF-000007	candidate_with_open_recheck_guardrail	guarded_candidate_recheck_before_exhaustive_playbook	An aligned or AID-reuse baseline route exists, but open conflict/recheck rows block exhaustive or production-ready downstream claims.	S1-J012
source_pack_source	AID-SRC-000412	aid	~/AID/arch/Home/WEBLOGIC Integration Guide for Altibase/Integration Error__14058339.md	aid_source	aid_10_application_framework_integration	aid	AID Link-validated Korean-source-verified		Link-validated Korean-source-verified				include_exact	exact_markdown	SHARD-002	BLOCK-000397	pass	KAE-BLOCK-000276	aid_reuse	primary_working_source_after_classification_preservation	aid_reuse	CONF-000007	candidate_with_open_recheck_guardrail	guarded_candidate_recheck_before_exhaustive_playbook	An aligned or AID-reuse baseline route exists, but open conflict/recheck rows block exhaustive or production-ready downstream claims.	S1-J012
source_pack_source	AID-SRC-000413	aid	~/AID/arch/Home/WEBLOGIC Integration Guide for Altibase/WebLogic Glossary__14058321.md	aid_source	aid_10_application_framework_integration	aid	AID Link-validated Korean-source-verified		Link-validated Korean-source-verified				include_exact	exact_markdown	SHARD-002	BLOCK-000398	pass	KAE-BLOCK-000276	aid_reuse	primary_working_source_after_classification_preservation	aid_reuse	CONF-000007	candidate_with_open_recheck_guardrail	guarded_candidate_recheck_before_exhaustive_playbook	An aligned or AID-reuse baseline route exists, but open conflict/recheck rows block exhaustive or production-ready downstream claims.	S1-J012
source_pack_source	AID-SRC-000414	aid	~/AID/arch/Home/WEBLOGIC Integration Guide for Altibase__14058319.md	aid_source	aid_10_application_framework_integration	aid	AID Link-validated Korean-source-verified		Link-validated Korean-source-verified				include_exact	exact_markdown	SHARD-002	BLOCK-000399	pass	KAE-BLOCK-000276	aid_reuse	primary_working_source_after_classification_preservation	aid_reuse	CONF-000007	candidate_with_open_recheck_guardrail	guarded_candidate_recheck_before_exhaustive_playbook	An aligned or AID-reuse baseline route exists, but open conflict/recheck rows block exhaustive or production-ready downstream claims.	S1-J012
source_pack_source	AID-SRC-000415	aid	~/AID/arch/Home/WebSphere Integration Guide for Altibase__14058343.md	aid_source	aid_10_application_framework_integration	aid	AID Link-validated Korean-source-verified		Link-validated Korean-source-verified				include_exact	exact_markdown	SHARD-002	BLOCK-000400	pass	KAE-BLOCK-000276	aid_reuse	primary_working_source_after_classification_preservation	aid_reuse	CONF-000007	candidate_with_open_recheck_guardrail	guarded_candidate_recheck_before_exhaustive_playbook	An aligned or AID-reuse baseline route exists, but open conflict/recheck rows block exhaustive or production-ready downstream claims.	S1-J012
source_pack_source	AID-SRC-000416	aid	~/AID/arch/Home/iBatis Integration Guide for Altibase/1. iBatis Overview__14058305.md	aid_source	aid_10_application_framework_integration	aid	AID Link-validated Korean-source-verified		Link-validated Korean-source-verified				include_exact	exact_markdown	SHARD-002	BLOCK-000401	pass	KAE-BLOCK-000276	aid_reuse	primary_working_source_after_classification_preservation	aid_reuse	CONF-000007	candidate_with_open_recheck_guardrail	guarded_candidate_recheck_before_exhaustive_playbook	An aligned or AID-reuse baseline route exists, but open conflict/recheck rows block exhaustive or production-ready downstream claims.	S1-J012
source_pack_source	AID-SRC-000417	aid	~/AID/arch/Home/iBatis Integration Guide for Altibase/2. Sample Preparation using iBATIS__14058307.md	aid_source	aid_10_application_framework_integration	aid	AID Link-validated Korean-source-verified		Link-validated Korean-source-verified				include_exact	exact_markdown	SHARD-002	BLOCK-000402	pass	KAE-BLOCK-000276	aid_reuse	primary_working_source_after_classification_preservation	aid_reuse	CONF-000007	candidate_with_open_recheck_guardrail	guarded_candidate_recheck_before_exhaustive_playbook	An aligned or AID-reuse baseline route exists, but open conflict/recheck rows block exhaustive or production-ready downstream claims.	S1-J012
source_pack_source	AID-SRC-000418	aid	~/AID/arch/Home/iBatis Integration Guide for Altibase/3. Altibase Integration__14058309.md	aid_source	aid_10_application_framework_integration	aid	AID Link-validated Korean-source-verified		Link-validated Korean-source-verified				include_exact	exact_markdown	SHARD-002	BLOCK-000403	pass	KAE-BLOCK-000276	aid_reuse	primary_working_source_after_classification_preservation	aid_reuse	CONF-000007	candidate_with_open_recheck_guardrail	guarded_candidate_recheck_before_exhaustive_playbook	An aligned or AID-reuse baseline route exists, but open conflict/recheck rows block exhaustive or production-ready downstream claims.	S1-J012
source_pack_source	AID-SRC-000419	aid	~/AID/arch/Home/iBatis Integration Guide for Altibase/4. iBATIS, Spring, Altibase Integration__14058311.md	aid_source	aid_10_application_framework_integration	aid	AID Link-validated Korean-source-verified		Link-validated Korean-source-verified				include_exact	exact_markdown	SHARD-002	BLOCK-000404	pass	KAE-BLOCK-000276	aid_reuse	primary_working_source_after_classification_preservation	aid_reuse	CONF-000007	candidate_with_open_recheck_guardrail	guarded_candidate_recheck_before_exhaustive_playbook	An aligned or AID-reuse baseline route exists, but open conflict/recheck rows block exhaustive or production-ready downstream claims.	S1-J012
source_pack_source	AID-SRC-000420	aid	~/AID/arch/Home/iBatis Integration Guide for Altibase/5. Spring Integration Guide for Altibase__14058315.md	aid_source	aid_10_application_framework_integration	aid	AID Link-validated Korean-source-verified		Link-validated Korean-source-verified				include_exact	exact_markdown	SHARD-002	BLOCK-000405	pass	KAE-BLOCK-000276	aid_reuse	primary_working_source_after_classification_preservation	aid_reuse	CONF-000007	candidate_with_open_recheck_guardrail	guarded_candidate_recheck_before_exhaustive_playbook	An aligned or AID-reuse baseline route exists, but open conflict/recheck rows block exhaustive or production-ready downstream claims.	S1-J012
source_pack_source	AID-SRC-000421	aid	~/AID/arch/Home/iBatis Integration Guide for Altibase/Appendix__14058317.md	aid_source	aid_10_application_framework_integration	aid	AID Link-validated Korean-source-verified		Link-validated Korean-source-verified				include_exact	exact_markdown	SHARD-002	BLOCK-000406	pass	KAE-BLOCK-000276	aid_reuse	primary_working_source_after_classification_preservation	aid_reuse	CONF-000007	candidate_with_open_recheck_guardrail	guarded_candidate_recheck_before_exhaustive_playbook	An aligned or AID-reuse baseline route exists, but open conflict/recheck rows block exhaustive or production-ready downstream claims.	S1-J012
source_pack_source	AID-SRC-000422	aid	~/AID/arch/Home/iBatis Integration Guide for Altibase__14058303.md	aid_source	aid_10_application_framework_integration	aid	AID Link-validated Korean-source-verified		Link-validated Korean-source-verified				include_exact	exact_markdown	SHARD-002	BLOCK-000407	pass	KAE-BLOCK-000276	aid_reuse	primary_working_source_after_classification_preservation	aid_reuse	CONF-000007	candidate_with_open_recheck_guardrail	guarded_candidate_recheck_before_exhaustive_playbook	An aligned or AID-reuse baseline route exists, but open conflict/recheck rows block exhaustive or production-ready downstream claims.	S1-J012
source_pack_source	AID-SRC-000423	aid	~/AID/llm-reference/README.md	aid_source	aid_llm_reference	aid	AID source-backed llm-reference		Korean-source-verified; Link-validated Korean-source-verified; English-only source; source_limitation labels preserved				include_exact	exact_markdown	SHARD-003	BLOCK-000451	pass	KAE-BLOCK-000276	aid_reuse	primary_working_source_after_classification_preservation	aid_reuse	CONF-000007	candidate_with_open_recheck_guardrail	guarded_candidate_recheck_before_exhaustive_playbook	An aligned or AID-reuse baseline route exists, but open conflict/recheck rows block exhaustive or production-ready downstream claims.	S1-J012
source_pack_source	AID-SRC-000424	aid	~/AID/llm-reference/source-index.md	aid_source	aid_llm_reference	aid	AID source-backed llm-reference		Korean-source-verified; Link-validated Korean-source-verified; English-only source; source_limitation labels preserved				include_exact	exact_markdown	SHARD-004	BLOCK-000453	pass	KAE-BLOCK-000276	aid_reuse	primary_working_source_after_classification_preservation	aid_reuse	CONF-000007	candidate_with_open_recheck_guardrail	guarded_candidate_recheck_before_exhaustive_playbook	An aligned or AID-reuse baseline route exists, but open conflict/recheck rows block exhaustive or production-ready downstream claims.	S1-J012
source_pack_source	AID-SRC-000425	aid	~/AID/llm-reference/GPTS_KNOWLEDGE_PACKAGING_RECOMMENDATIONS.md	aid_source	aid_llm_reference	aid	AID source-backed llm-reference		Korean-source-verified; Link-validated Korean-source-verified; English-only source; source_limitation labels preserved				include_exact	exact_markdown	SHARD-003	BLOCK-000448	pass	KAE-BLOCK-000276	aid_reuse	primary_working_source_after_classification_preservation	aid_reuse	CONF-000007	candidate_with_open_recheck_guardrail	guarded_candidate_recheck_before_exhaustive_playbook	An aligned or AID-reuse baseline route exists, but open conflict/recheck rows block exhaustive or production-ready downstream claims.	S1-J012
source_pack_source	AID-SRC-000426	aid	~/AID/llm-reference/01-installation-upgrade-platform.md	aid_source	aid_llm_reference	aid	AID source-backed llm-reference		Korean-source-verified; Link-validated Korean-source-verified; English-only source; source_limitation labels preserved				include_exact	exact_markdown	SHARD-003	BLOCK-000436	pass	KAE-BLOCK-000276	aid_reuse	primary_working_source_after_classification_preservation	aid_reuse	CONF-000007	candidate_with_open_recheck_guardrail	guarded_candidate_recheck_before_exhaustive_playbook	An aligned or AID-reuse baseline route exists, but open conflict/recheck rows block exhaustive or production-ready downstream claims.	S1-J012
source_pack_source	AID-SRC-000427	aid	~/AID/llm-reference/02-architecture-storage-concepts.md	aid_source	aid_llm_reference	aid	AID source-backed llm-reference		Korean-source-verified; Link-validated Korean-source-verified; English-only source; source_limitation labels preserved				include_exact	exact_markdown	SHARD-003	BLOCK-000437	pass	KAE-BLOCK-000276	aid_reuse	primary_working_source_after_classification_preservation	aid_reuse	CONF-000007	candidate_with_open_recheck_guardrail	guarded_candidate_recheck_before_exhaustive_playbook	An aligned or AID-reuse baseline route exists, but open conflict/recheck rows block exhaustive or production-ready downstream claims.	S1-J012
source_pack_source	AID-SRC-000428	aid	~/AID/llm-reference/03-operation-administration-security.md	aid_source	aid_llm_reference	aid	AID source-backed llm-reference		Korean-source-verified; Link-validated Korean-source-verified; English-only source; source_limitation labels preserved				include_exact	exact_markdown	SHARD-003	BLOCK-000438	pass	KAE-BLOCK-000276	aid_reuse	primary_working_source_after_classification_preservation	aid_reuse	CONF-000007	candidate_with_open_recheck_guardrail	guarded_candidate_recheck_before_exhaustive_playbook	An aligned or AID-reuse baseline route exists, but open conflict/recheck rows block exhaustive or production-ready downstream claims.	S1-J012
source_pack_source	AID-SRC-000429	aid	~/AID/llm-reference/04-backup-recovery.md	aid_source	aid_llm_reference	aid	AID source-backed llm-reference		Korean-source-verified; Link-validated Korean-source-verified; English-only source; source_limitation labels preserved				include_exact	exact_markdown	SHARD-003	BLOCK-000439	pass	KAE-BLOCK-000276	aid_reuse	primary_working_source_after_classification_preservation	aid_reuse	CONF-000007	candidate_with_open_recheck_guardrail	guarded_candidate_recheck_before_exhaustive_playbook	An aligned or AID-reuse baseline route exists, but open conflict/recheck rows block exhaustive or production-ready downstream claims.	S1-J012
source_pack_source	AID-SRC-000430	aid	~/AID/llm-reference/05-replication-ha.md	aid_source	aid_llm_reference	aid	AID source-backed llm-reference		Korean-source-verified; Link-validated Korean-source-verified; English-only source; source_limitation labels preserved				include_exact	exact_markdown	SHARD-003	BLOCK-000440	pass	KAE-BLOCK-000276	aid_reuse	primary_working_source_after_classification_preservation	aid_reuse	CONF-000007	candidate_with_open_recheck_guardrail	guarded_candidate_recheck_before_exhaustive_playbook	An aligned or AID-reuse baseline route exists, but open conflict/recheck rows block exhaustive or production-ready downstream claims.	S1-J012
source_pack_source	AID-SRC-000431	aid	~/AID/llm-reference/06-monitoring-diagnostics.md	aid_source	aid_llm_reference	aid	AID source-backed llm-reference		Korean-source-verified; Link-validated Korean-source-verified; English-only source; source_limitation labels preserved				include_exact	exact_markdown	SHARD-003	BLOCK-000441	pass	KAE-BLOCK-000276	aid_reuse	primary_working_source_after_classification_preservation	aid_reuse	CONF-000007	candidate_with_open_recheck_guardrail	guarded_candidate_recheck_before_exhaustive_playbook	An aligned or AID-reuse baseline route exists, but open conflict/recheck rows block exhaustive or production-ready downstream claims.	S1-J012
source_pack_source	AID-SRC-000432	aid	~/AID/llm-reference/07-troubleshooting-error-messages.md	aid_source	aid_llm_reference	aid	AID source-backed llm-reference		Korean-source-verified; Link-validated Korean-source-verified; English-only source; source_limitation labels preserved				include_exact	exact_markdown	SHARD-003	BLOCK-000442	pass	KAE-BLOCK-000276	aid_reuse	primary_working_source_after_classification_preservation	aid_reuse	CONF-000007	candidate_with_open_recheck_guardrail	guarded_candidate_recheck_before_exhaustive_playbook	An aligned or AID-reuse baseline route exists, but open conflict/recheck rows block exhaustive or production-ready downstream claims.	S1-J012
source_pack_source	AID-SRC-000433	aid	~/AID/llm-reference/08-sql-performance-tuning.md	aid_source	aid_llm_reference	aid	AID source-backed llm-reference		Korean-source-verified; Link-validated Korean-source-verified; English-only source; source_limitation labels preserved				include_exact	exact_markdown	SHARD-003	BLOCK-000443	pass	KAE-BLOCK-000276	aid_reuse	primary_working_source_after_classification_preservation	aid_reuse	CONF-000007	candidate_with_open_recheck_guardrail	guarded_candidate_recheck_before_exhaustive_playbook	An aligned or AID-reuse baseline route exists, but open conflict/recheck rows block exhaustive or production-ready downstream claims.	S1-J012
source_pack_source	AID-SRC-000434	aid	~/AID/llm-reference/09-development-client-api.md	aid_source	aid_llm_reference	aid	AID source-backed llm-reference		Korean-source-verified; Link-validated Korean-source-verified; English-only source; source_limitation labels preserved				include_exact	exact_markdown	SHARD-003	BLOCK-000444	pass	KAE-BLOCK-000276	aid_reuse	primary_working_source_after_classification_preservation	aid_reuse	CONF-000007	candidate_with_open_recheck_guardrail	guarded_candidate_recheck_before_exhaustive_playbook	An aligned or AID-reuse baseline route exists, but open conflict/recheck rows block exhaustive or production-ready downstream claims.	S1-J012
source_pack_source	AID-SRC-000435	aid	~/AID/llm-reference/10-application-framework-integration.md	aid_source	aid_llm_reference	aid	AID source-backed llm-reference		Korean-source-verified; Link-validated Korean-source-verified; English-only source; source_limitation labels preserved				include_exact	exact_markdown	SHARD-003	BLOCK-000445	pass	KAE-BLOCK-000276	aid_reuse	primary_working_source_after_classification_preservation	aid_reuse	CONF-000007	candidate_with_open_recheck_guardrail	guarded_candidate_recheck_before_exhaustive_playbook	An aligned or AID-reuse baseline route exists, but open conflict/recheck rows block exhaustive or production-ready downstream claims.	S1-J012
source_pack_source	AID-SRC-000436	aid	~/AID/llm-reference/11-migration-conversion-tools.md	aid_source	aid_llm_reference	aid	AID source-backed llm-reference		Korean-source-verified; Link-validated Korean-source-verified; English-only source; source_limitation labels preserved				include_exact	exact_markdown	SHARD-003	BLOCK-000446	pass	KAE-BLOCK-000276	aid_reuse	primary_working_source_after_classification_preservation	aid_reuse	CONF-000007	candidate_with_open_recheck_guardrail	guarded_candidate_recheck_before_exhaustive_playbook	An aligned or AID-reuse baseline route exists, but open conflict/recheck rows block exhaustive or production-ready downstream claims.	S1-J012
source_pack_source	AID-SRC-000437	aid	~/AID/llm-reference/12-terminology-multilingual-preservation.md	aid_source	aid_llm_reference	aid	AID source-backed llm-reference		Korean-source-verified; Link-validated Korean-source-verified; English-only source; source_limitation labels preserved				include_exact	exact_markdown	SHARD-003	BLOCK-000447	pass	KAE-BLOCK-000276	aid_reuse	primary_working_source_after_classification_preservation	aid_reuse	CONF-000007	candidate_with_open_recheck_guardrail	guarded_candidate_recheck_before_exhaustive_playbook	An aligned or AID-reuse baseline route exists, but open conflict/recheck rows block exhaustive or production-ready downstream claims.	S1-J012
source_pack_source	AID-SRC-000438	aid	~/AID/llm-reference/gpts-upload/Altibase_GPT_Knowledge_Encyclopedia.md	aid_source	aid_llm_reference	aid	AID source-backed llm-reference		Korean-source-verified; Link-validated Korean-source-verified; English-only source; source_limitation labels preserved				include_exact	exact_markdown	SHARD-004	BLOCK-000452	pass	KAE-BLOCK-000276	aid_reuse	primary_working_source_after_classification_preservation	aid_reuse	CONF-000007	candidate_with_open_recheck_guardrail	guarded_candidate_recheck_before_exhaustive_playbook	An aligned or AID-reuse baseline route exists, but open conflict/recheck rows block exhaustive or production-ready downstream claims.	S1-J012
