scope_row_id	source_inventory_job_group	owning_stage3_job	attachment_path	attachment_title	source_id	source_origin	source_role	source_family	source_title	version_scope	authority_label	source_pack_shard_id	source_pack_block_id	source_pack_block_ref	source_pack_validation_status	question_ids	exact_tokens	stage2_playbook_ids	protected_topic_flag	stage3_disposition	stage3_status	notes
S3-SCOPE-001	J004	S3-J003	GPTs/attachments/05_data_types_properties.md	05. Data Types and Properties	SRC-000056	repo	product_source	general_reference_1_datatypes_properties	Altibase 7.1	7.1	Korean authoritative	SHARD-008	BLOCK-000515	SRC-000056/BLOCK-000515	pass	PROP-105;PROP-112;PROP-130;PROP-131;PROP-132;PROP-134;PROP-148;PROP-103;PROP-107;PROP-146;PROP-147;PROP-149	STOREDCOUNT;VALUE8;1000;CHECKPOINT_INTERVAL_IN_SEC;CHECKPOINT_INTERVAL_IN_LOG;write();fallocate();4000;$ALTIBASE_HOME/logs;altibase_sm.log	APB-000004;APB-000016;APB-000017	yes	attachment_update	done	Stage 3 attachment route generated from completed scope row; use exact source blocks and missing-input prompts before item-level production claims.
S3-SCOPE-001	J004	S3-J003	GPTs/attachments/05_data_types_properties.md	05. Data Types and Properties	SRC-000120	repo	product_source	general_reference_1_datatypes_properties	Altibase 7.3	7.3	Korean authoritative	SHARD-008	BLOCK-000517	SRC-000120/BLOCK-000517	pass	PROP-105;PROP-112;PROP-130;PROP-131;PROP-132;PROP-134;PROP-148;PROP-103;PROP-107;PROP-146;PROP-147;PROP-149	STOREDCOUNT;VALUE8;1000;CHECKPOINT_INTERVAL_IN_SEC;CHECKPOINT_INTERVAL_IN_LOG;write();fallocate();4000;$ALTIBASE_HOME/logs;altibase_sm.log	APB-000004;APB-000016;APB-000017	yes	attachment_update	done	Stage 3 attachment route generated from completed scope row; use exact source blocks and missing-input prompts before item-level production claims.
S3-SCOPE-001	J004	S3-J003	GPTs/attachments/05_data_types_properties.md	05. Data Types and Properties	SRC-000121	repo	product_source	general_reference_2_dictionary_views	Altibase 7.3	7.3	Korean authoritative	SHARD-008	BLOCK-000523	SRC-000121/BLOCK-000523	pass	PROP-105;PROP-112;PROP-130;PROP-131;PROP-132;PROP-134;PROP-148;PROP-103;PROP-107;PROP-146;PROP-147;PROP-149	STOREDCOUNT;VALUE8;1000;CHECKPOINT_INTERVAL_IN_SEC;CHECKPOINT_INTERVAL_IN_LOG;write();fallocate();4000;$ALTIBASE_HOME/logs;altibase_sm.log	APB-000004;APB-000016;APB-000017	yes	attachment_update	done	Stage 3 attachment route generated from completed scope row; use exact source blocks and missing-input prompts before item-level production claims.
S3-SCOPE-001	J004	S3-J003	GPTs/attachments/05_data_types_properties.md	05. Data Types and Properties	SRC-000180	repo	product_source	general_reference_1_datatypes_properties	General Reference-1.Data Types & Altibase Properties	8.1_verified	Korean authoritative; Altibase 8.1 verified source	SHARD-008	BLOCK-000519	SRC-000180/BLOCK-000519	pass	PROP-105;PROP-112;PROP-130;PROP-131;PROP-132;PROP-134;PROP-148;PROP-103;PROP-107;PROP-146;PROP-147;PROP-149	STOREDCOUNT;VALUE8;1000;CHECKPOINT_INTERVAL_IN_SEC;CHECKPOINT_INTERVAL_IN_LOG;write();fallocate();4000;$ALTIBASE_HOME/logs;altibase_sm.log	APB-000004;APB-000016;APB-000017	yes	attachment_update	done	Stage 3 attachment route generated from completed scope row; use exact source blocks and missing-input prompts before item-level production claims.
S3-SCOPE-001	J004	S3-J003	GPTs/attachments/05_data_types_properties.md	05. Data Types and Properties	SRC-000181	repo	product_source	general_reference_2_dictionary_views	Trunk	8.1_verified	Korean authoritative; Altibase 8.1 verified source	SHARD-009	BLOCK-000525	SRC-000181/BLOCK-000525	pass	PROP-105;PROP-112;PROP-130;PROP-131;PROP-132;PROP-134;PROP-148;PROP-103;PROP-107;PROP-146;PROP-147;PROP-149	STOREDCOUNT;VALUE8;1000;CHECKPOINT_INTERVAL_IN_SEC;CHECKPOINT_INTERVAL_IN_LOG;write();fallocate();4000;$ALTIBASE_HOME/logs;altibase_sm.log	APB-000004;APB-000016;APB-000017	yes	attachment_update	done	Stage 3 attachment route generated from completed scope row; use exact source blocks and missing-input prompts before item-level production claims.
S3-SCOPE-001	J004	S3-J003	GPTs/attachments/05_data_types_properties.md	05. Data Types and Properties	SRC-000452	repo	release_note	release_notes_platform	1. 시스템 요구사항	8.1.0.0.1	Korean authoritative; Altibase 8.1 verified source	SHARD-012	BLOCK-000826	SRC-000452/BLOCK-000826	pass	PROP-105;PROP-112;PROP-130;PROP-131;PROP-132;PROP-134;PROP-148;PROP-103;PROP-107;PROP-146;PROP-147;PROP-149	STOREDCOUNT;VALUE8;1000;CHECKPOINT_INTERVAL_IN_SEC;CHECKPOINT_INTERVAL_IN_LOG;write();fallocate();4000;$ALTIBASE_HOME/logs;altibase_sm.log	APB-000004;APB-000016;APB-000017	yes	attachment_update	done	Stage 3 attachment route generated from completed scope row; use exact source blocks and missing-input prompts before item-level production claims.
S3-SCOPE-001	J004	S3-J003	GPTs/attachments/00_version_release_platform.md	00. Versions, Releases, and Supported Platforms	SRC-000056	repo	product_source	general_reference_1_datatypes_properties	Altibase 7.1	7.1	Korean authoritative	SHARD-008	BLOCK-000515	SRC-000056/BLOCK-000515	pass	PROP-105;PROP-112;PROP-130;PROP-131;PROP-132;PROP-134;PROP-148;PROP-103;PROP-107;PROP-146;PROP-147;PROP-149	STOREDCOUNT;VALUE8;1000;CHECKPOINT_INTERVAL_IN_SEC;CHECKPOINT_INTERVAL_IN_LOG;write();fallocate();4000;$ALTIBASE_HOME/logs;altibase_sm.log	APB-000004;APB-000016;APB-000017	yes	attachment_update	done	Stage 3 attachment route generated from completed scope row; use exact source blocks and missing-input prompts before item-level production claims.
S3-SCOPE-001	J004	S3-J003	GPTs/attachments/00_version_release_platform.md	00. Versions, Releases, and Supported Platforms	SRC-000120	repo	product_source	general_reference_1_datatypes_properties	Altibase 7.3	7.3	Korean authoritative	SHARD-008	BLOCK-000517	SRC-000120/BLOCK-000517	pass	PROP-105;PROP-112;PROP-130;PROP-131;PROP-132;PROP-134;PROP-148;PROP-103;PROP-107;PROP-146;PROP-147;PROP-149	STOREDCOUNT;VALUE8;1000;CHECKPOINT_INTERVAL_IN_SEC;CHECKPOINT_INTERVAL_IN_LOG;write();fallocate();4000;$ALTIBASE_HOME/logs;altibase_sm.log	APB-000004;APB-000016;APB-000017	yes	attachment_update	done	Stage 3 attachment route generated from completed scope row; use exact source blocks and missing-input prompts before item-level production claims.
S3-SCOPE-001	J004	S3-J003	GPTs/attachments/00_version_release_platform.md	00. Versions, Releases, and Supported Platforms	SRC-000121	repo	product_source	general_reference_2_dictionary_views	Altibase 7.3	7.3	Korean authoritative	SHARD-008	BLOCK-000523	SRC-000121/BLOCK-000523	pass	PROP-105;PROP-112;PROP-130;PROP-131;PROP-132;PROP-134;PROP-148;PROP-103;PROP-107;PROP-146;PROP-147;PROP-149	STOREDCOUNT;VALUE8;1000;CHECKPOINT_INTERVAL_IN_SEC;CHECKPOINT_INTERVAL_IN_LOG;write();fallocate();4000;$ALTIBASE_HOME/logs;altibase_sm.log	APB-000004;APB-000016;APB-000017	yes	attachment_update	done	Stage 3 attachment route generated from completed scope row; use exact source blocks and missing-input prompts before item-level production claims.
S3-SCOPE-001	J004	S3-J003	GPTs/attachments/00_version_release_platform.md	00. Versions, Releases, and Supported Platforms	SRC-000180	repo	product_source	general_reference_1_datatypes_properties	General Reference-1.Data Types & Altibase Properties	8.1_verified	Korean authoritative; Altibase 8.1 verified source	SHARD-008	BLOCK-000519	SRC-000180/BLOCK-000519	pass	PROP-105;PROP-112;PROP-130;PROP-131;PROP-132;PROP-134;PROP-148;PROP-103;PROP-107;PROP-146;PROP-147;PROP-149	STOREDCOUNT;VALUE8;1000;CHECKPOINT_INTERVAL_IN_SEC;CHECKPOINT_INTERVAL_IN_LOG;write();fallocate();4000;$ALTIBASE_HOME/logs;altibase_sm.log	APB-000004;APB-000016;APB-000017	yes	attachment_update	done	Stage 3 attachment route generated from completed scope row; use exact source blocks and missing-input prompts before item-level production claims.
S3-SCOPE-001	J004	S3-J003	GPTs/attachments/00_version_release_platform.md	00. Versions, Releases, and Supported Platforms	SRC-000181	repo	product_source	general_reference_2_dictionary_views	Trunk	8.1_verified	Korean authoritative; Altibase 8.1 verified source	SHARD-009	BLOCK-000525	SRC-000181/BLOCK-000525	pass	PROP-105;PROP-112;PROP-130;PROP-131;PROP-132;PROP-134;PROP-148;PROP-103;PROP-107;PROP-146;PROP-147;PROP-149	STOREDCOUNT;VALUE8;1000;CHECKPOINT_INTERVAL_IN_SEC;CHECKPOINT_INTERVAL_IN_LOG;write();fallocate();4000;$ALTIBASE_HOME/logs;altibase_sm.log	APB-000004;APB-000016;APB-000017	yes	attachment_update	done	Stage 3 attachment route generated from completed scope row; use exact source blocks and missing-input prompts before item-level production claims.
S3-SCOPE-001	J004	S3-J003	GPTs/attachments/00_version_release_platform.md	00. Versions, Releases, and Supported Platforms	SRC-000452	repo	release_note	release_notes_platform	1. 시스템 요구사항	8.1.0.0.1	Korean authoritative; Altibase 8.1 verified source	SHARD-012	BLOCK-000826	SRC-000452/BLOCK-000826	pass	PROP-105;PROP-112;PROP-130;PROP-131;PROP-132;PROP-134;PROP-148;PROP-103;PROP-107;PROP-146;PROP-147;PROP-149	STOREDCOUNT;VALUE8;1000;CHECKPOINT_INTERVAL_IN_SEC;CHECKPOINT_INTERVAL_IN_LOG;write();fallocate();4000;$ALTIBASE_HOME/logs;altibase_sm.log	APB-000004;APB-000016;APB-000017	yes	attachment_update	done	Stage 3 attachment route generated from completed scope row; use exact source blocks and missing-input prompts before item-level production claims.
S3-SCOPE-001	J004	S3-J003	GPTs/attachments/01_getting_started_installation.md	01. Getting Started and Installation	SRC-000056	repo	product_source	general_reference_1_datatypes_properties	Altibase 7.1	7.1	Korean authoritative	SHARD-008	BLOCK-000515	SRC-000056/BLOCK-000515	pass	PROP-105;PROP-112;PROP-130;PROP-131;PROP-132;PROP-134;PROP-148;PROP-103;PROP-107;PROP-146;PROP-147;PROP-149	STOREDCOUNT;VALUE8;1000;CHECKPOINT_INTERVAL_IN_SEC;CHECKPOINT_INTERVAL_IN_LOG;write();fallocate();4000;$ALTIBASE_HOME/logs;altibase_sm.log	APB-000004;APB-000016;APB-000017	yes	attachment_update	done	Stage 3 attachment route generated from completed scope row; use exact source blocks and missing-input prompts before item-level production claims.
S3-SCOPE-001	J004	S3-J003	GPTs/attachments/01_getting_started_installation.md	01. Getting Started and Installation	SRC-000120	repo	product_source	general_reference_1_datatypes_properties	Altibase 7.3	7.3	Korean authoritative	SHARD-008	BLOCK-000517	SRC-000120/BLOCK-000517	pass	PROP-105;PROP-112;PROP-130;PROP-131;PROP-132;PROP-134;PROP-148;PROP-103;PROP-107;PROP-146;PROP-147;PROP-149	STOREDCOUNT;VALUE8;1000;CHECKPOINT_INTERVAL_IN_SEC;CHECKPOINT_INTERVAL_IN_LOG;write();fallocate();4000;$ALTIBASE_HOME/logs;altibase_sm.log	APB-000004;APB-000016;APB-000017	yes	attachment_update	done	Stage 3 attachment route generated from completed scope row; use exact source blocks and missing-input prompts before item-level production claims.
S3-SCOPE-001	J004	S3-J003	GPTs/attachments/01_getting_started_installation.md	01. Getting Started and Installation	SRC-000121	repo	product_source	general_reference_2_dictionary_views	Altibase 7.3	7.3	Korean authoritative	SHARD-008	BLOCK-000523	SRC-000121/BLOCK-000523	pass	PROP-105;PROP-112;PROP-130;PROP-131;PROP-132;PROP-134;PROP-148;PROP-103;PROP-107;PROP-146;PROP-147;PROP-149	STOREDCOUNT;VALUE8;1000;CHECKPOINT_INTERVAL_IN_SEC;CHECKPOINT_INTERVAL_IN_LOG;write();fallocate();4000;$ALTIBASE_HOME/logs;altibase_sm.log	APB-000004;APB-000016;APB-000017	yes	attachment_update	done	Stage 3 attachment route generated from completed scope row; use exact source blocks and missing-input prompts before item-level production claims.
S3-SCOPE-001	J004	S3-J003	GPTs/attachments/01_getting_started_installation.md	01. Getting Started and Installation	SRC-000180	repo	product_source	general_reference_1_datatypes_properties	General Reference-1.Data Types & Altibase Properties	8.1_verified	Korean authoritative; Altibase 8.1 verified source	SHARD-008	BLOCK-000519	SRC-000180/BLOCK-000519	pass	PROP-105;PROP-112;PROP-130;PROP-131;PROP-132;PROP-134;PROP-148;PROP-103;PROP-107;PROP-146;PROP-147;PROP-149	STOREDCOUNT;VALUE8;1000;CHECKPOINT_INTERVAL_IN_SEC;CHECKPOINT_INTERVAL_IN_LOG;write();fallocate();4000;$ALTIBASE_HOME/logs;altibase_sm.log	APB-000004;APB-000016;APB-000017	yes	attachment_update	done	Stage 3 attachment route generated from completed scope row; use exact source blocks and missing-input prompts before item-level production claims.
S3-SCOPE-001	J004	S3-J003	GPTs/attachments/01_getting_started_installation.md	01. Getting Started and Installation	SRC-000181	repo	product_source	general_reference_2_dictionary_views	Trunk	8.1_verified	Korean authoritative; Altibase 8.1 verified source	SHARD-009	BLOCK-000525	SRC-000181/BLOCK-000525	pass	PROP-105;PROP-112;PROP-130;PROP-131;PROP-132;PROP-134;PROP-148;PROP-103;PROP-107;PROP-146;PROP-147;PROP-149	STOREDCOUNT;VALUE8;1000;CHECKPOINT_INTERVAL_IN_SEC;CHECKPOINT_INTERVAL_IN_LOG;write();fallocate();4000;$ALTIBASE_HOME/logs;altibase_sm.log	APB-000004;APB-000016;APB-000017	yes	attachment_update	done	Stage 3 attachment route generated from completed scope row; use exact source blocks and missing-input prompts before item-level production claims.
S3-SCOPE-001	J004	S3-J003	GPTs/attachments/01_getting_started_installation.md	01. Getting Started and Installation	SRC-000452	repo	release_note	release_notes_platform	1. 시스템 요구사항	8.1.0.0.1	Korean authoritative; Altibase 8.1 verified source	SHARD-012	BLOCK-000826	SRC-000452/BLOCK-000826	pass	PROP-105;PROP-112;PROP-130;PROP-131;PROP-132;PROP-134;PROP-148;PROP-103;PROP-107;PROP-146;PROP-147;PROP-149	STOREDCOUNT;VALUE8;1000;CHECKPOINT_INTERVAL_IN_SEC;CHECKPOINT_INTERVAL_IN_LOG;write();fallocate();4000;$ALTIBASE_HOME/logs;altibase_sm.log	APB-000004;APB-000016;APB-000017	yes	attachment_update	done	Stage 3 attachment route generated from completed scope row; use exact source blocks and missing-input prompts before item-level production claims.
S3-SCOPE-001	J004	S3-J003	GPTs/attachments/02_administration_operations.md	02. Administration and Operations	SRC-000056	repo	product_source	general_reference_1_datatypes_properties	Altibase 7.1	7.1	Korean authoritative	SHARD-008	BLOCK-000515	SRC-000056/BLOCK-000515	pass	PROP-105;PROP-112;PROP-130;PROP-131;PROP-132;PROP-134;PROP-148;PROP-103;PROP-107;PROP-146;PROP-147;PROP-149	STOREDCOUNT;VALUE8;1000;CHECKPOINT_INTERVAL_IN_SEC;CHECKPOINT_INTERVAL_IN_LOG;write();fallocate();4000;$ALTIBASE_HOME/logs;altibase_sm.log	APB-000004;APB-000016;APB-000017	yes	attachment_update	done	Stage 3 attachment route generated from completed scope row; use exact source blocks and missing-input prompts before item-level production claims.
S3-SCOPE-001	J004	S3-J003	GPTs/attachments/02_administration_operations.md	02. Administration and Operations	SRC-000120	repo	product_source	general_reference_1_datatypes_properties	Altibase 7.3	7.3	Korean authoritative	SHARD-008	BLOCK-000517	SRC-000120/BLOCK-000517	pass	PROP-105;PROP-112;PROP-130;PROP-131;PROP-132;PROP-134;PROP-148;PROP-103;PROP-107;PROP-146;PROP-147;PROP-149	STOREDCOUNT;VALUE8;1000;CHECKPOINT_INTERVAL_IN_SEC;CHECKPOINT_INTERVAL_IN_LOG;write();fallocate();4000;$ALTIBASE_HOME/logs;altibase_sm.log	APB-000004;APB-000016;APB-000017	yes	attachment_update	done	Stage 3 attachment route generated from completed scope row; use exact source blocks and missing-input prompts before item-level production claims.
S3-SCOPE-001	J004	S3-J003	GPTs/attachments/02_administration_operations.md	02. Administration and Operations	SRC-000121	repo	product_source	general_reference_2_dictionary_views	Altibase 7.3	7.3	Korean authoritative	SHARD-008	BLOCK-000523	SRC-000121/BLOCK-000523	pass	PROP-105;PROP-112;PROP-130;PROP-131;PROP-132;PROP-134;PROP-148;PROP-103;PROP-107;PROP-146;PROP-147;PROP-149	STOREDCOUNT;VALUE8;1000;CHECKPOINT_INTERVAL_IN_SEC;CHECKPOINT_INTERVAL_IN_LOG;write();fallocate();4000;$ALTIBASE_HOME/logs;altibase_sm.log	APB-000004;APB-000016;APB-000017	yes	attachment_update	done	Stage 3 attachment route generated from completed scope row; use exact source blocks and missing-input prompts before item-level production claims.
S3-SCOPE-001	J004	S3-J003	GPTs/attachments/02_administration_operations.md	02. Administration and Operations	SRC-000180	repo	product_source	general_reference_1_datatypes_properties	General Reference-1.Data Types & Altibase Properties	8.1_verified	Korean authoritative; Altibase 8.1 verified source	SHARD-008	BLOCK-000519	SRC-000180/BLOCK-000519	pass	PROP-105;PROP-112;PROP-130;PROP-131;PROP-132;PROP-134;PROP-148;PROP-103;PROP-107;PROP-146;PROP-147;PROP-149	STOREDCOUNT;VALUE8;1000;CHECKPOINT_INTERVAL_IN_SEC;CHECKPOINT_INTERVAL_IN_LOG;write();fallocate();4000;$ALTIBASE_HOME/logs;altibase_sm.log	APB-000004;APB-000016;APB-000017	yes	attachment_update	done	Stage 3 attachment route generated from completed scope row; use exact source blocks and missing-input prompts before item-level production claims.
S3-SCOPE-001	J004	S3-J003	GPTs/attachments/02_administration_operations.md	02. Administration and Operations	SRC-000181	repo	product_source	general_reference_2_dictionary_views	Trunk	8.1_verified	Korean authoritative; Altibase 8.1 verified source	SHARD-009	BLOCK-000525	SRC-000181/BLOCK-000525	pass	PROP-105;PROP-112;PROP-130;PROP-131;PROP-132;PROP-134;PROP-148;PROP-103;PROP-107;PROP-146;PROP-147;PROP-149	STOREDCOUNT;VALUE8;1000;CHECKPOINT_INTERVAL_IN_SEC;CHECKPOINT_INTERVAL_IN_LOG;write();fallocate();4000;$ALTIBASE_HOME/logs;altibase_sm.log	APB-000004;APB-000016;APB-000017	yes	attachment_update	done	Stage 3 attachment route generated from completed scope row; use exact source blocks and missing-input prompts before item-level production claims.
S3-SCOPE-001	J004	S3-J003	GPTs/attachments/02_administration_operations.md	02. Administration and Operations	SRC-000452	repo	release_note	release_notes_platform	1. 시스템 요구사항	8.1.0.0.1	Korean authoritative; Altibase 8.1 verified source	SHARD-012	BLOCK-000826	SRC-000452/BLOCK-000826	pass	PROP-105;PROP-112;PROP-130;PROP-131;PROP-132;PROP-134;PROP-148;PROP-103;PROP-107;PROP-146;PROP-147;PROP-149	STOREDCOUNT;VALUE8;1000;CHECKPOINT_INTERVAL_IN_SEC;CHECKPOINT_INTERVAL_IN_LOG;write();fallocate();4000;$ALTIBASE_HOME/logs;altibase_sm.log	APB-000004;APB-000016;APB-000017	yes	attachment_update	done	Stage 3 attachment route generated from completed scope row; use exact source blocks and missing-input prompts before item-level production claims.
S3-SCOPE-001	J004	S3-J003	GPTs/attachments/06_data_dictionary_performance_views.md	06. Data Dictionary and Performance Views	SRC-000056	repo	product_source	general_reference_1_datatypes_properties	Altibase 7.1	7.1	Korean authoritative	SHARD-008	BLOCK-000515	SRC-000056/BLOCK-000515	pass	PROP-105;PROP-112;PROP-130;PROP-131;PROP-132;PROP-134;PROP-148;PROP-103;PROP-107;PROP-146;PROP-147;PROP-149	STOREDCOUNT;VALUE8;1000;CHECKPOINT_INTERVAL_IN_SEC;CHECKPOINT_INTERVAL_IN_LOG;write();fallocate();4000;$ALTIBASE_HOME/logs;altibase_sm.log	APB-000004;APB-000016;APB-000017	yes	attachment_update	done	Stage 3 attachment route generated from completed scope row; use exact source blocks and missing-input prompts before item-level production claims.
S3-SCOPE-001	J004	S3-J003	GPTs/attachments/06_data_dictionary_performance_views.md	06. Data Dictionary and Performance Views	SRC-000120	repo	product_source	general_reference_1_datatypes_properties	Altibase 7.3	7.3	Korean authoritative	SHARD-008	BLOCK-000517	SRC-000120/BLOCK-000517	pass	PROP-105;PROP-112;PROP-130;PROP-131;PROP-132;PROP-134;PROP-148;PROP-103;PROP-107;PROP-146;PROP-147;PROP-149	STOREDCOUNT;VALUE8;1000;CHECKPOINT_INTERVAL_IN_SEC;CHECKPOINT_INTERVAL_IN_LOG;write();fallocate();4000;$ALTIBASE_HOME/logs;altibase_sm.log	APB-000004;APB-000016;APB-000017	yes	attachment_update	done	Stage 3 attachment route generated from completed scope row; use exact source blocks and missing-input prompts before item-level production claims.
S3-SCOPE-001	J004	S3-J003	GPTs/attachments/06_data_dictionary_performance_views.md	06. Data Dictionary and Performance Views	SRC-000121	repo	product_source	general_reference_2_dictionary_views	Altibase 7.3	7.3	Korean authoritative	SHARD-008	BLOCK-000523	SRC-000121/BLOCK-000523	pass	PROP-105;PROP-112;PROP-130;PROP-131;PROP-132;PROP-134;PROP-148;PROP-103;PROP-107;PROP-146;PROP-147;PROP-149	STOREDCOUNT;VALUE8;1000;CHECKPOINT_INTERVAL_IN_SEC;CHECKPOINT_INTERVAL_IN_LOG;write();fallocate();4000;$ALTIBASE_HOME/logs;altibase_sm.log	APB-000004;APB-000016;APB-000017	yes	attachment_update	done	Stage 3 attachment route generated from completed scope row; use exact source blocks and missing-input prompts before item-level production claims.
S3-SCOPE-001	J004	S3-J003	GPTs/attachments/06_data_dictionary_performance_views.md	06. Data Dictionary and Performance Views	SRC-000180	repo	product_source	general_reference_1_datatypes_properties	General Reference-1.Data Types & Altibase Properties	8.1_verified	Korean authoritative; Altibase 8.1 verified source	SHARD-008	BLOCK-000519	SRC-000180/BLOCK-000519	pass	PROP-105;PROP-112;PROP-130;PROP-131;PROP-132;PROP-134;PROP-148;PROP-103;PROP-107;PROP-146;PROP-147;PROP-149	STOREDCOUNT;VALUE8;1000;CHECKPOINT_INTERVAL_IN_SEC;CHECKPOINT_INTERVAL_IN_LOG;write();fallocate();4000;$ALTIBASE_HOME/logs;altibase_sm.log	APB-000004;APB-000016;APB-000017	yes	attachment_update	done	Stage 3 attachment route generated from completed scope row; use exact source blocks and missing-input prompts before item-level production claims.
S3-SCOPE-001	J004	S3-J003	GPTs/attachments/06_data_dictionary_performance_views.md	06. Data Dictionary and Performance Views	SRC-000181	repo	product_source	general_reference_2_dictionary_views	Trunk	8.1_verified	Korean authoritative; Altibase 8.1 verified source	SHARD-009	BLOCK-000525	SRC-000181/BLOCK-000525	pass	PROP-105;PROP-112;PROP-130;PROP-131;PROP-132;PROP-134;PROP-148;PROP-103;PROP-107;PROP-146;PROP-147;PROP-149	STOREDCOUNT;VALUE8;1000;CHECKPOINT_INTERVAL_IN_SEC;CHECKPOINT_INTERVAL_IN_LOG;write();fallocate();4000;$ALTIBASE_HOME/logs;altibase_sm.log	APB-000004;APB-000016;APB-000017	yes	attachment_update	done	Stage 3 attachment route generated from completed scope row; use exact source blocks and missing-input prompts before item-level production claims.
S3-SCOPE-001	J004	S3-J003	GPTs/attachments/06_data_dictionary_performance_views.md	06. Data Dictionary and Performance Views	SRC-000452	repo	release_note	release_notes_platform	1. 시스템 요구사항	8.1.0.0.1	Korean authoritative; Altibase 8.1 verified source	SHARD-012	BLOCK-000826	SRC-000452/BLOCK-000826	pass	PROP-105;PROP-112;PROP-130;PROP-131;PROP-132;PROP-134;PROP-148;PROP-103;PROP-107;PROP-146;PROP-147;PROP-149	STOREDCOUNT;VALUE8;1000;CHECKPOINT_INTERVAL_IN_SEC;CHECKPOINT_INTERVAL_IN_LOG;write();fallocate();4000;$ALTIBASE_HOME/logs;altibase_sm.log	APB-000004;APB-000016;APB-000017	yes	attachment_update	done	Stage 3 attachment route generated from completed scope row; use exact source blocks and missing-input prompts before item-level production claims.
S3-SCOPE-002	J005	S3-J004	GPTs/attachments/05_data_types_properties.md	05. Data Types and Properties	SRC-000120	repo	product_source	general_reference_1_datatypes_properties	Altibase 7.3	7.3	Korean authoritative	SHARD-008	BLOCK-000517	SRC-000120/BLOCK-000517	pass	PROP-104;PROP-108;PROP-109;PROP-110;PROP-111;PROP-117;PROP-133;PROP-144	10M;ULONG MAX;4096;2097152;2^31;2^32 + 1;16777216;2147483648;STOREDCOUNT;VALUE8;2G;2^64	APB-000004;APB-000005;APB-000016;APB-000017	yes	attachment_update	done	Stage 3 attachment route generated from completed scope row; use exact source blocks and missing-input prompts before item-level production claims.
S3-SCOPE-002	J005	S3-J004	GPTs/attachments/05_data_types_properties.md	05. Data Types and Properties	SRC-000121	repo	product_source	general_reference_2_dictionary_views	Altibase 7.3	7.3	Korean authoritative	SHARD-008	BLOCK-000523	SRC-000121/BLOCK-000523	pass	PROP-104;PROP-108;PROP-109;PROP-110;PROP-111;PROP-117;PROP-133;PROP-144	10M;ULONG MAX;4096;2097152;2^31;2^32 + 1;16777216;2147483648;STOREDCOUNT;VALUE8;2G;2^64	APB-000004;APB-000005;APB-000016;APB-000017	yes	attachment_update	done	Stage 3 attachment route generated from completed scope row; use exact source blocks and missing-input prompts before item-level production claims.
S3-SCOPE-002	J005	S3-J004	GPTs/attachments/05_data_types_properties.md	05. Data Types and Properties	SRC-000180	repo	product_source	general_reference_1_datatypes_properties	General Reference-1.Data Types & Altibase Properties	8.1_verified	Korean authoritative; Altibase 8.1 verified source	SHARD-008	BLOCK-000519	SRC-000180/BLOCK-000519	pass	PROP-104;PROP-108;PROP-109;PROP-110;PROP-111;PROP-117;PROP-133;PROP-144	10M;ULONG MAX;4096;2097152;2^31;2^32 + 1;16777216;2147483648;STOREDCOUNT;VALUE8;2G;2^64	APB-000004;APB-000005;APB-000016;APB-000017	yes	attachment_update	done	Stage 3 attachment route generated from completed scope row; use exact source blocks and missing-input prompts before item-level production claims.
S3-SCOPE-002	J005	S3-J004	GPTs/attachments/05_data_types_properties.md	05. Data Types and Properties	SRC-000181	repo	product_source	general_reference_2_dictionary_views	Trunk	8.1_verified	Korean authoritative; Altibase 8.1 verified source	SHARD-009	BLOCK-000525	SRC-000181/BLOCK-000525	pass	PROP-104;PROP-108;PROP-109;PROP-110;PROP-111;PROP-117;PROP-133;PROP-144	10M;ULONG MAX;4096;2097152;2^31;2^32 + 1;16777216;2147483648;STOREDCOUNT;VALUE8;2G;2^64	APB-000004;APB-000005;APB-000016;APB-000017	yes	attachment_update	done	Stage 3 attachment route generated from completed scope row; use exact source blocks and missing-input prompts before item-level production claims.
S3-SCOPE-002	J005	S3-J004	GPTs/attachments/05_data_types_properties.md	05. Data Types and Properties	SRC-000452	repo	release_note	release_notes_platform	1. 시스템 요구사항	8.1.0.0.1	Korean authoritative; Altibase 8.1 verified source	SHARD-012	BLOCK-000826	SRC-000452/BLOCK-000826	pass	PROP-104;PROP-108;PROP-109;PROP-110;PROP-111;PROP-117;PROP-133;PROP-144	10M;ULONG MAX;4096;2097152;2^31;2^32 + 1;16777216;2147483648;STOREDCOUNT;VALUE8;2G;2^64	APB-000004;APB-000005;APB-000016;APB-000017	yes	attachment_update	done	Stage 3 attachment route generated from completed scope row; use exact source blocks and missing-input prompts before item-level production claims.
S3-SCOPE-002	J005	S3-J004	GPTs/attachments/00_version_release_platform.md	00. Versions, Releases, and Supported Platforms	SRC-000120	repo	product_source	general_reference_1_datatypes_properties	Altibase 7.3	7.3	Korean authoritative	SHARD-008	BLOCK-000517	SRC-000120/BLOCK-000517	pass	PROP-104;PROP-108;PROP-109;PROP-110;PROP-111;PROP-117;PROP-133;PROP-144	10M;ULONG MAX;4096;2097152;2^31;2^32 + 1;16777216;2147483648;STOREDCOUNT;VALUE8;2G;2^64	APB-000004;APB-000005;APB-000016;APB-000017	yes	attachment_update	done	Stage 3 attachment route generated from completed scope row; use exact source blocks and missing-input prompts before item-level production claims.
S3-SCOPE-002	J005	S3-J004	GPTs/attachments/00_version_release_platform.md	00. Versions, Releases, and Supported Platforms	SRC-000121	repo	product_source	general_reference_2_dictionary_views	Altibase 7.3	7.3	Korean authoritative	SHARD-008	BLOCK-000523	SRC-000121/BLOCK-000523	pass	PROP-104;PROP-108;PROP-109;PROP-110;PROP-111;PROP-117;PROP-133;PROP-144	10M;ULONG MAX;4096;2097152;2^31;2^32 + 1;16777216;2147483648;STOREDCOUNT;VALUE8;2G;2^64	APB-000004;APB-000005;APB-000016;APB-000017	yes	attachment_update	done	Stage 3 attachment route generated from completed scope row; use exact source blocks and missing-input prompts before item-level production claims.
S3-SCOPE-002	J005	S3-J004	GPTs/attachments/00_version_release_platform.md	00. Versions, Releases, and Supported Platforms	SRC-000180	repo	product_source	general_reference_1_datatypes_properties	General Reference-1.Data Types & Altibase Properties	8.1_verified	Korean authoritative; Altibase 8.1 verified source	SHARD-008	BLOCK-000519	SRC-000180/BLOCK-000519	pass	PROP-104;PROP-108;PROP-109;PROP-110;PROP-111;PROP-117;PROP-133;PROP-144	10M;ULONG MAX;4096;2097152;2^31;2^32 + 1;16777216;2147483648;STOREDCOUNT;VALUE8;2G;2^64	APB-000004;APB-000005;APB-000016;APB-000017	yes	attachment_update	done	Stage 3 attachment route generated from completed scope row; use exact source blocks and missing-input prompts before item-level production claims.
S3-SCOPE-002	J005	S3-J004	GPTs/attachments/00_version_release_platform.md	00. Versions, Releases, and Supported Platforms	SRC-000181	repo	product_source	general_reference_2_dictionary_views	Trunk	8.1_verified	Korean authoritative; Altibase 8.1 verified source	SHARD-009	BLOCK-000525	SRC-000181/BLOCK-000525	pass	PROP-104;PROP-108;PROP-109;PROP-110;PROP-111;PROP-117;PROP-133;PROP-144	10M;ULONG MAX;4096;2097152;2^31;2^32 + 1;16777216;2147483648;STOREDCOUNT;VALUE8;2G;2^64	APB-000004;APB-000005;APB-000016;APB-000017	yes	attachment_update	done	Stage 3 attachment route generated from completed scope row; use exact source blocks and missing-input prompts before item-level production claims.
S3-SCOPE-002	J005	S3-J004	GPTs/attachments/00_version_release_platform.md	00. Versions, Releases, and Supported Platforms	SRC-000452	repo	release_note	release_notes_platform	1. 시스템 요구사항	8.1.0.0.1	Korean authoritative; Altibase 8.1 verified source	SHARD-012	BLOCK-000826	SRC-000452/BLOCK-000826	pass	PROP-104;PROP-108;PROP-109;PROP-110;PROP-111;PROP-117;PROP-133;PROP-144	10M;ULONG MAX;4096;2097152;2^31;2^32 + 1;16777216;2147483648;STOREDCOUNT;VALUE8;2G;2^64	APB-000004;APB-000005;APB-000016;APB-000017	yes	attachment_update	done	Stage 3 attachment route generated from completed scope row; use exact source blocks and missing-input prompts before item-level production claims.
S3-SCOPE-002	J005	S3-J004	GPTs/attachments/02_administration_operations.md	02. Administration and Operations	SRC-000120	repo	product_source	general_reference_1_datatypes_properties	Altibase 7.3	7.3	Korean authoritative	SHARD-008	BLOCK-000517	SRC-000120/BLOCK-000517	pass	PROP-104;PROP-108;PROP-109;PROP-110;PROP-111;PROP-117;PROP-133;PROP-144	10M;ULONG MAX;4096;2097152;2^31;2^32 + 1;16777216;2147483648;STOREDCOUNT;VALUE8;2G;2^64	APB-000004;APB-000005;APB-000016;APB-000017	yes	attachment_update	done	Stage 3 attachment route generated from completed scope row; use exact source blocks and missing-input prompts before item-level production claims.
S3-SCOPE-002	J005	S3-J004	GPTs/attachments/02_administration_operations.md	02. Administration and Operations	SRC-000121	repo	product_source	general_reference_2_dictionary_views	Altibase 7.3	7.3	Korean authoritative	SHARD-008	BLOCK-000523	SRC-000121/BLOCK-000523	pass	PROP-104;PROP-108;PROP-109;PROP-110;PROP-111;PROP-117;PROP-133;PROP-144	10M;ULONG MAX;4096;2097152;2^31;2^32 + 1;16777216;2147483648;STOREDCOUNT;VALUE8;2G;2^64	APB-000004;APB-000005;APB-000016;APB-000017	yes	attachment_update	done	Stage 3 attachment route generated from completed scope row; use exact source blocks and missing-input prompts before item-level production claims.
S3-SCOPE-002	J005	S3-J004	GPTs/attachments/02_administration_operations.md	02. Administration and Operations	SRC-000180	repo	product_source	general_reference_1_datatypes_properties	General Reference-1.Data Types & Altibase Properties	8.1_verified	Korean authoritative; Altibase 8.1 verified source	SHARD-008	BLOCK-000519	SRC-000180/BLOCK-000519	pass	PROP-104;PROP-108;PROP-109;PROP-110;PROP-111;PROP-117;PROP-133;PROP-144	10M;ULONG MAX;4096;2097152;2^31;2^32 + 1;16777216;2147483648;STOREDCOUNT;VALUE8;2G;2^64	APB-000004;APB-000005;APB-000016;APB-000017	yes	attachment_update	done	Stage 3 attachment route generated from completed scope row; use exact source blocks and missing-input prompts before item-level production claims.
S3-SCOPE-002	J005	S3-J004	GPTs/attachments/02_administration_operations.md	02. Administration and Operations	SRC-000181	repo	product_source	general_reference_2_dictionary_views	Trunk	8.1_verified	Korean authoritative; Altibase 8.1 verified source	SHARD-009	BLOCK-000525	SRC-000181/BLOCK-000525	pass	PROP-104;PROP-108;PROP-109;PROP-110;PROP-111;PROP-117;PROP-133;PROP-144	10M;ULONG MAX;4096;2097152;2^31;2^32 + 1;16777216;2147483648;STOREDCOUNT;VALUE8;2G;2^64	APB-000004;APB-000005;APB-000016;APB-000017	yes	attachment_update	done	Stage 3 attachment route generated from completed scope row; use exact source blocks and missing-input prompts before item-level production claims.
S3-SCOPE-002	J005	S3-J004	GPTs/attachments/02_administration_operations.md	02. Administration and Operations	SRC-000452	repo	release_note	release_notes_platform	1. 시스템 요구사항	8.1.0.0.1	Korean authoritative; Altibase 8.1 verified source	SHARD-012	BLOCK-000826	SRC-000452/BLOCK-000826	pass	PROP-104;PROP-108;PROP-109;PROP-110;PROP-111;PROP-117;PROP-133;PROP-144	10M;ULONG MAX;4096;2097152;2^31;2^32 + 1;16777216;2147483648;STOREDCOUNT;VALUE8;2G;2^64	APB-000004;APB-000005;APB-000016;APB-000017	yes	attachment_update	done	Stage 3 attachment route generated from completed scope row; use exact source blocks and missing-input prompts before item-level production claims.
S3-SCOPE-002	J005	S3-J004	GPTs/attachments/08_performance_tuning_monitoring.md	08. Performance Tuning and Monitoring	SRC-000120	repo	product_source	general_reference_1_datatypes_properties	Altibase 7.3	7.3	Korean authoritative	SHARD-008	BLOCK-000517	SRC-000120/BLOCK-000517	pass	PROP-104;PROP-108;PROP-109;PROP-110;PROP-111;PROP-117;PROP-133;PROP-144	10M;ULONG MAX;4096;2097152;2^31;2^32 + 1;16777216;2147483648;STOREDCOUNT;VALUE8;2G;2^64	APB-000004;APB-000005;APB-000016;APB-000017	yes	attachment_update	done	Stage 3 attachment route generated from completed scope row; use exact source blocks and missing-input prompts before item-level production claims.
S3-SCOPE-002	J005	S3-J004	GPTs/attachments/08_performance_tuning_monitoring.md	08. Performance Tuning and Monitoring	SRC-000121	repo	product_source	general_reference_2_dictionary_views	Altibase 7.3	7.3	Korean authoritative	SHARD-008	BLOCK-000523	SRC-000121/BLOCK-000523	pass	PROP-104;PROP-108;PROP-109;PROP-110;PROP-111;PROP-117;PROP-133;PROP-144	10M;ULONG MAX;4096;2097152;2^31;2^32 + 1;16777216;2147483648;STOREDCOUNT;VALUE8;2G;2^64	APB-000004;APB-000005;APB-000016;APB-000017	yes	attachment_update	done	Stage 3 attachment route generated from completed scope row; use exact source blocks and missing-input prompts before item-level production claims.
S3-SCOPE-002	J005	S3-J004	GPTs/attachments/08_performance_tuning_monitoring.md	08. Performance Tuning and Monitoring	SRC-000180	repo	product_source	general_reference_1_datatypes_properties	General Reference-1.Data Types & Altibase Properties	8.1_verified	Korean authoritative; Altibase 8.1 verified source	SHARD-008	BLOCK-000519	SRC-000180/BLOCK-000519	pass	PROP-104;PROP-108;PROP-109;PROP-110;PROP-111;PROP-117;PROP-133;PROP-144	10M;ULONG MAX;4096;2097152;2^31;2^32 + 1;16777216;2147483648;STOREDCOUNT;VALUE8;2G;2^64	APB-000004;APB-000005;APB-000016;APB-000017	yes	attachment_update	done	Stage 3 attachment route generated from completed scope row; use exact source blocks and missing-input prompts before item-level production claims.
S3-SCOPE-002	J005	S3-J004	GPTs/attachments/08_performance_tuning_monitoring.md	08. Performance Tuning and Monitoring	SRC-000181	repo	product_source	general_reference_2_dictionary_views	Trunk	8.1_verified	Korean authoritative; Altibase 8.1 verified source	SHARD-009	BLOCK-000525	SRC-000181/BLOCK-000525	pass	PROP-104;PROP-108;PROP-109;PROP-110;PROP-111;PROP-117;PROP-133;PROP-144	10M;ULONG MAX;4096;2097152;2^31;2^32 + 1;16777216;2147483648;STOREDCOUNT;VALUE8;2G;2^64	APB-000004;APB-000005;APB-000016;APB-000017	yes	attachment_update	done	Stage 3 attachment route generated from completed scope row; use exact source blocks and missing-input prompts before item-level production claims.
S3-SCOPE-002	J005	S3-J004	GPTs/attachments/08_performance_tuning_monitoring.md	08. Performance Tuning and Monitoring	SRC-000452	repo	release_note	release_notes_platform	1. 시스템 요구사항	8.1.0.0.1	Korean authoritative; Altibase 8.1 verified source	SHARD-012	BLOCK-000826	SRC-000452/BLOCK-000826	pass	PROP-104;PROP-108;PROP-109;PROP-110;PROP-111;PROP-117;PROP-133;PROP-144	10M;ULONG MAX;4096;2097152;2^31;2^32 + 1;16777216;2147483648;STOREDCOUNT;VALUE8;2G;2^64	APB-000004;APB-000005;APB-000016;APB-000017	yes	attachment_update	done	Stage 3 attachment route generated from completed scope row; use exact source blocks and missing-input prompts before item-level production claims.
S3-SCOPE-003	J006	S3-J005	GPTs/attachments/05_data_types_properties.md	05. Data Types and Properties	SRC-000056	repo	product_source	general_reference_1_datatypes_properties	Altibase 7.1	7.1	Korean authoritative	SHARD-008	BLOCK-000515	SRC-000056/BLOCK-000515	pass	PROP-101;PROP-115;PROP-120;PROP-122;PROP-124;PROP-126;PROP-127;PROP-128;PROP-129;PROP-150;PROP-116;PROP-125;PROP-143;PROP-102	environment variable;NNF;1000MB;inplace update;NLS_TERRITORY;'.,';ALTER SESSION SET AUTOCOMMIT = FALSE;ALTER SYSTEM;ALTER SESSION;V$PROPERTY	APB-000004;APB-000005;APB-000015;APB-000017	yes	attachment_update	done	Stage 3 attachment route generated from completed scope row; use exact source blocks and missing-input prompts before item-level production claims.
S3-SCOPE-003	J006	S3-J005	GPTs/attachments/05_data_types_properties.md	05. Data Types and Properties	SRC-000057	repo	product_source	general_reference_2_dictionary_views	Altibase 7.1	7.1	Korean authoritative	SHARD-008	BLOCK-000521	SRC-000057/BLOCK-000521	pass	PROP-101;PROP-115;PROP-120;PROP-122;PROP-124;PROP-126;PROP-127;PROP-128;PROP-129;PROP-150;PROP-116;PROP-125;PROP-143;PROP-102	environment variable;NNF;1000MB;inplace update;NLS_TERRITORY;'.,';ALTER SESSION SET AUTOCOMMIT = FALSE;ALTER SYSTEM;ALTER SESSION;V$PROPERTY	APB-000004;APB-000005;APB-000015;APB-000017	yes	attachment_update	done	Stage 3 attachment route generated from completed scope row; use exact source blocks and missing-input prompts before item-level production claims.
S3-SCOPE-003	J006	S3-J005	GPTs/attachments/05_data_types_properties.md	05. Data Types and Properties	SRC-000120	repo	product_source	general_reference_1_datatypes_properties	Altibase 7.3	7.3	Korean authoritative	SHARD-008	BLOCK-000517	SRC-000120/BLOCK-000517	pass	PROP-101;PROP-115;PROP-120;PROP-122;PROP-124;PROP-126;PROP-127;PROP-128;PROP-129;PROP-150;PROP-116;PROP-125;PROP-143;PROP-102	environment variable;NNF;1000MB;inplace update;NLS_TERRITORY;'.,';ALTER SESSION SET AUTOCOMMIT = FALSE;ALTER SYSTEM;ALTER SESSION;V$PROPERTY	APB-000004;APB-000005;APB-000015;APB-000017	yes	attachment_update	done	Stage 3 attachment route generated from completed scope row; use exact source blocks and missing-input prompts before item-level production claims.
S3-SCOPE-003	J006	S3-J005	GPTs/attachments/05_data_types_properties.md	05. Data Types and Properties	SRC-000121	repo	product_source	general_reference_2_dictionary_views	Altibase 7.3	7.3	Korean authoritative	SHARD-008	BLOCK-000523	SRC-000121/BLOCK-000523	pass	PROP-101;PROP-115;PROP-120;PROP-122;PROP-124;PROP-126;PROP-127;PROP-128;PROP-129;PROP-150;PROP-116;PROP-125;PROP-143;PROP-102	environment variable;NNF;1000MB;inplace update;NLS_TERRITORY;'.,';ALTER SESSION SET AUTOCOMMIT = FALSE;ALTER SYSTEM;ALTER SESSION;V$PROPERTY	APB-000004;APB-000005;APB-000015;APB-000017	yes	attachment_update	done	Stage 3 attachment route generated from completed scope row; use exact source blocks and missing-input prompts before item-level production claims.
S3-SCOPE-003	J006	S3-J005	GPTs/attachments/05_data_types_properties.md	05. Data Types and Properties	SRC-000180	repo	product_source	general_reference_1_datatypes_properties	General Reference-1.Data Types & Altibase Properties	8.1_verified	Korean authoritative; Altibase 8.1 verified source	SHARD-008	BLOCK-000519	SRC-000180/BLOCK-000519	pass	PROP-101;PROP-115;PROP-120;PROP-122;PROP-124;PROP-126;PROP-127;PROP-128;PROP-129;PROP-150;PROP-116;PROP-125;PROP-143;PROP-102	environment variable;NNF;1000MB;inplace update;NLS_TERRITORY;'.,';ALTER SESSION SET AUTOCOMMIT = FALSE;ALTER SYSTEM;ALTER SESSION;V$PROPERTY	APB-000004;APB-000005;APB-000015;APB-000017	yes	attachment_update	done	Stage 3 attachment route generated from completed scope row; use exact source blocks and missing-input prompts before item-level production claims.
S3-SCOPE-003	J006	S3-J005	GPTs/attachments/05_data_types_properties.md	05. Data Types and Properties	SRC-000181	repo	product_source	general_reference_2_dictionary_views	Trunk	8.1_verified	Korean authoritative; Altibase 8.1 verified source	SHARD-009	BLOCK-000525	SRC-000181/BLOCK-000525	pass	PROP-101;PROP-115;PROP-120;PROP-122;PROP-124;PROP-126;PROP-127;PROP-128;PROP-129;PROP-150;PROP-116;PROP-125;PROP-143;PROP-102	environment variable;NNF;1000MB;inplace update;NLS_TERRITORY;'.,';ALTER SESSION SET AUTOCOMMIT = FALSE;ALTER SYSTEM;ALTER SESSION;V$PROPERTY	APB-000004;APB-000005;APB-000015;APB-000017	yes	attachment_update	done	Stage 3 attachment route generated from completed scope row; use exact source blocks and missing-input prompts before item-level production claims.
S3-SCOPE-003	J006	S3-J005	GPTs/attachments/05_data_types_properties.md	05. Data Types and Properties	SRC-000452	repo	release_note	release_notes_platform	1. 시스템 요구사항	8.1.0.0.1	Korean authoritative; Altibase 8.1 verified source	SHARD-012	BLOCK-000826	SRC-000452/BLOCK-000826	pass	PROP-101;PROP-115;PROP-120;PROP-122;PROP-124;PROP-126;PROP-127;PROP-128;PROP-129;PROP-150;PROP-116;PROP-125;PROP-143;PROP-102	environment variable;NNF;1000MB;inplace update;NLS_TERRITORY;'.,';ALTER SESSION SET AUTOCOMMIT = FALSE;ALTER SYSTEM;ALTER SESSION;V$PROPERTY	APB-000004;APB-000005;APB-000015;APB-000017	yes	attachment_update	done	Stage 3 attachment route generated from completed scope row; use exact source blocks and missing-input prompts before item-level production claims.
S3-SCOPE-003	J006	S3-J005	GPTs/attachments/08_performance_tuning_monitoring.md	08. Performance Tuning and Monitoring	SRC-000056	repo	product_source	general_reference_1_datatypes_properties	Altibase 7.1	7.1	Korean authoritative	SHARD-008	BLOCK-000515	SRC-000056/BLOCK-000515	pass	PROP-101;PROP-115;PROP-120;PROP-122;PROP-124;PROP-126;PROP-127;PROP-128;PROP-129;PROP-150;PROP-116;PROP-125;PROP-143;PROP-102	environment variable;NNF;1000MB;inplace update;NLS_TERRITORY;'.,';ALTER SESSION SET AUTOCOMMIT = FALSE;ALTER SYSTEM;ALTER SESSION;V$PROPERTY	APB-000004;APB-000005;APB-000015;APB-000017	yes	attachment_update	done	Stage 3 attachment route generated from completed scope row; use exact source blocks and missing-input prompts before item-level production claims.
S3-SCOPE-003	J006	S3-J005	GPTs/attachments/08_performance_tuning_monitoring.md	08. Performance Tuning and Monitoring	SRC-000057	repo	product_source	general_reference_2_dictionary_views	Altibase 7.1	7.1	Korean authoritative	SHARD-008	BLOCK-000521	SRC-000057/BLOCK-000521	pass	PROP-101;PROP-115;PROP-120;PROP-122;PROP-124;PROP-126;PROP-127;PROP-128;PROP-129;PROP-150;PROP-116;PROP-125;PROP-143;PROP-102	environment variable;NNF;1000MB;inplace update;NLS_TERRITORY;'.,';ALTER SESSION SET AUTOCOMMIT = FALSE;ALTER SYSTEM;ALTER SESSION;V$PROPERTY	APB-000004;APB-000005;APB-000015;APB-000017	yes	attachment_update	done	Stage 3 attachment route generated from completed scope row; use exact source blocks and missing-input prompts before item-level production claims.
S3-SCOPE-003	J006	S3-J005	GPTs/attachments/08_performance_tuning_monitoring.md	08. Performance Tuning and Monitoring	SRC-000120	repo	product_source	general_reference_1_datatypes_properties	Altibase 7.3	7.3	Korean authoritative	SHARD-008	BLOCK-000517	SRC-000120/BLOCK-000517	pass	PROP-101;PROP-115;PROP-120;PROP-122;PROP-124;PROP-126;PROP-127;PROP-128;PROP-129;PROP-150;PROP-116;PROP-125;PROP-143;PROP-102	environment variable;NNF;1000MB;inplace update;NLS_TERRITORY;'.,';ALTER SESSION SET AUTOCOMMIT = FALSE;ALTER SYSTEM;ALTER SESSION;V$PROPERTY	APB-000004;APB-000005;APB-000015;APB-000017	yes	attachment_update	done	Stage 3 attachment route generated from completed scope row; use exact source blocks and missing-input prompts before item-level production claims.
S3-SCOPE-003	J006	S3-J005	GPTs/attachments/08_performance_tuning_monitoring.md	08. Performance Tuning and Monitoring	SRC-000121	repo	product_source	general_reference_2_dictionary_views	Altibase 7.3	7.3	Korean authoritative	SHARD-008	BLOCK-000523	SRC-000121/BLOCK-000523	pass	PROP-101;PROP-115;PROP-120;PROP-122;PROP-124;PROP-126;PROP-127;PROP-128;PROP-129;PROP-150;PROP-116;PROP-125;PROP-143;PROP-102	environment variable;NNF;1000MB;inplace update;NLS_TERRITORY;'.,';ALTER SESSION SET AUTOCOMMIT = FALSE;ALTER SYSTEM;ALTER SESSION;V$PROPERTY	APB-000004;APB-000005;APB-000015;APB-000017	yes	attachment_update	done	Stage 3 attachment route generated from completed scope row; use exact source blocks and missing-input prompts before item-level production claims.
S3-SCOPE-003	J006	S3-J005	GPTs/attachments/08_performance_tuning_monitoring.md	08. Performance Tuning and Monitoring	SRC-000180	repo	product_source	general_reference_1_datatypes_properties	General Reference-1.Data Types & Altibase Properties	8.1_verified	Korean authoritative; Altibase 8.1 verified source	SHARD-008	BLOCK-000519	SRC-000180/BLOCK-000519	pass	PROP-101;PROP-115;PROP-120;PROP-122;PROP-124;PROP-126;PROP-127;PROP-128;PROP-129;PROP-150;PROP-116;PROP-125;PROP-143;PROP-102	environment variable;NNF;1000MB;inplace update;NLS_TERRITORY;'.,';ALTER SESSION SET AUTOCOMMIT = FALSE;ALTER SYSTEM;ALTER SESSION;V$PROPERTY	APB-000004;APB-000005;APB-000015;APB-000017	yes	attachment_update	done	Stage 3 attachment route generated from completed scope row; use exact source blocks and missing-input prompts before item-level production claims.
S3-SCOPE-003	J006	S3-J005	GPTs/attachments/08_performance_tuning_monitoring.md	08. Performance Tuning and Monitoring	SRC-000181	repo	product_source	general_reference_2_dictionary_views	Trunk	8.1_verified	Korean authoritative; Altibase 8.1 verified source	SHARD-009	BLOCK-000525	SRC-000181/BLOCK-000525	pass	PROP-101;PROP-115;PROP-120;PROP-122;PROP-124;PROP-126;PROP-127;PROP-128;PROP-129;PROP-150;PROP-116;PROP-125;PROP-143;PROP-102	environment variable;NNF;1000MB;inplace update;NLS_TERRITORY;'.,';ALTER SESSION SET AUTOCOMMIT = FALSE;ALTER SYSTEM;ALTER SESSION;V$PROPERTY	APB-000004;APB-000005;APB-000015;APB-000017	yes	attachment_update	done	Stage 3 attachment route generated from completed scope row; use exact source blocks and missing-input prompts before item-level production claims.
S3-SCOPE-003	J006	S3-J005	GPTs/attachments/08_performance_tuning_monitoring.md	08. Performance Tuning and Monitoring	SRC-000452	repo	release_note	release_notes_platform	1. 시스템 요구사항	8.1.0.0.1	Korean authoritative; Altibase 8.1 verified source	SHARD-012	BLOCK-000826	SRC-000452/BLOCK-000826	pass	PROP-101;PROP-115;PROP-120;PROP-122;PROP-124;PROP-126;PROP-127;PROP-128;PROP-129;PROP-150;PROP-116;PROP-125;PROP-143;PROP-102	environment variable;NNF;1000MB;inplace update;NLS_TERRITORY;'.,';ALTER SESSION SET AUTOCOMMIT = FALSE;ALTER SYSTEM;ALTER SESSION;V$PROPERTY	APB-000004;APB-000005;APB-000015;APB-000017	yes	attachment_update	done	Stage 3 attachment route generated from completed scope row; use exact source blocks and missing-input prompts before item-level production claims.
S3-SCOPE-003	J006	S3-J005	GPTs/attachments/06_data_dictionary_performance_views.md	06. Data Dictionary and Performance Views	SRC-000056	repo	product_source	general_reference_1_datatypes_properties	Altibase 7.1	7.1	Korean authoritative	SHARD-008	BLOCK-000515	SRC-000056/BLOCK-000515	pass	PROP-101;PROP-115;PROP-120;PROP-122;PROP-124;PROP-126;PROP-127;PROP-128;PROP-129;PROP-150;PROP-116;PROP-125;PROP-143;PROP-102	environment variable;NNF;1000MB;inplace update;NLS_TERRITORY;'.,';ALTER SESSION SET AUTOCOMMIT = FALSE;ALTER SYSTEM;ALTER SESSION;V$PROPERTY	APB-000004;APB-000005;APB-000015;APB-000017	yes	attachment_update	done	Stage 3 attachment route generated from completed scope row; use exact source blocks and missing-input prompts before item-level production claims.
S3-SCOPE-003	J006	S3-J005	GPTs/attachments/06_data_dictionary_performance_views.md	06. Data Dictionary and Performance Views	SRC-000057	repo	product_source	general_reference_2_dictionary_views	Altibase 7.1	7.1	Korean authoritative	SHARD-008	BLOCK-000521	SRC-000057/BLOCK-000521	pass	PROP-101;PROP-115;PROP-120;PROP-122;PROP-124;PROP-126;PROP-127;PROP-128;PROP-129;PROP-150;PROP-116;PROP-125;PROP-143;PROP-102	environment variable;NNF;1000MB;inplace update;NLS_TERRITORY;'.,';ALTER SESSION SET AUTOCOMMIT = FALSE;ALTER SYSTEM;ALTER SESSION;V$PROPERTY	APB-000004;APB-000005;APB-000015;APB-000017	yes	attachment_update	done	Stage 3 attachment route generated from completed scope row; use exact source blocks and missing-input prompts before item-level production claims.
S3-SCOPE-003	J006	S3-J005	GPTs/attachments/06_data_dictionary_performance_views.md	06. Data Dictionary and Performance Views	SRC-000120	repo	product_source	general_reference_1_datatypes_properties	Altibase 7.3	7.3	Korean authoritative	SHARD-008	BLOCK-000517	SRC-000120/BLOCK-000517	pass	PROP-101;PROP-115;PROP-120;PROP-122;PROP-124;PROP-126;PROP-127;PROP-128;PROP-129;PROP-150;PROP-116;PROP-125;PROP-143;PROP-102	environment variable;NNF;1000MB;inplace update;NLS_TERRITORY;'.,';ALTER SESSION SET AUTOCOMMIT = FALSE;ALTER SYSTEM;ALTER SESSION;V$PROPERTY	APB-000004;APB-000005;APB-000015;APB-000017	yes	attachment_update	done	Stage 3 attachment route generated from completed scope row; use exact source blocks and missing-input prompts before item-level production claims.
S3-SCOPE-003	J006	S3-J005	GPTs/attachments/06_data_dictionary_performance_views.md	06. Data Dictionary and Performance Views	SRC-000121	repo	product_source	general_reference_2_dictionary_views	Altibase 7.3	7.3	Korean authoritative	SHARD-008	BLOCK-000523	SRC-000121/BLOCK-000523	pass	PROP-101;PROP-115;PROP-120;PROP-122;PROP-124;PROP-126;PROP-127;PROP-128;PROP-129;PROP-150;PROP-116;PROP-125;PROP-143;PROP-102	environment variable;NNF;1000MB;inplace update;NLS_TERRITORY;'.,';ALTER SESSION SET AUTOCOMMIT = FALSE;ALTER SYSTEM;ALTER SESSION;V$PROPERTY	APB-000004;APB-000005;APB-000015;APB-000017	yes	attachment_update	done	Stage 3 attachment route generated from completed scope row; use exact source blocks and missing-input prompts before item-level production claims.
S3-SCOPE-003	J006	S3-J005	GPTs/attachments/06_data_dictionary_performance_views.md	06. Data Dictionary and Performance Views	SRC-000180	repo	product_source	general_reference_1_datatypes_properties	General Reference-1.Data Types & Altibase Properties	8.1_verified	Korean authoritative; Altibase 8.1 verified source	SHARD-008	BLOCK-000519	SRC-000180/BLOCK-000519	pass	PROP-101;PROP-115;PROP-120;PROP-122;PROP-124;PROP-126;PROP-127;PROP-128;PROP-129;PROP-150;PROP-116;PROP-125;PROP-143;PROP-102	environment variable;NNF;1000MB;inplace update;NLS_TERRITORY;'.,';ALTER SESSION SET AUTOCOMMIT = FALSE;ALTER SYSTEM;ALTER SESSION;V$PROPERTY	APB-000004;APB-000005;APB-000015;APB-000017	yes	attachment_update	done	Stage 3 attachment route generated from completed scope row; use exact source blocks and missing-input prompts before item-level production claims.
S3-SCOPE-003	J006	S3-J005	GPTs/attachments/06_data_dictionary_performance_views.md	06. Data Dictionary and Performance Views	SRC-000181	repo	product_source	general_reference_2_dictionary_views	Trunk	8.1_verified	Korean authoritative; Altibase 8.1 verified source	SHARD-009	BLOCK-000525	SRC-000181/BLOCK-000525	pass	PROP-101;PROP-115;PROP-120;PROP-122;PROP-124;PROP-126;PROP-127;PROP-128;PROP-129;PROP-150;PROP-116;PROP-125;PROP-143;PROP-102	environment variable;NNF;1000MB;inplace update;NLS_TERRITORY;'.,';ALTER SESSION SET AUTOCOMMIT = FALSE;ALTER SYSTEM;ALTER SESSION;V$PROPERTY	APB-000004;APB-000005;APB-000015;APB-000017	yes	attachment_update	done	Stage 3 attachment route generated from completed scope row; use exact source blocks and missing-input prompts before item-level production claims.
S3-SCOPE-003	J006	S3-J005	GPTs/attachments/06_data_dictionary_performance_views.md	06. Data Dictionary and Performance Views	SRC-000452	repo	release_note	release_notes_platform	1. 시스템 요구사항	8.1.0.0.1	Korean authoritative; Altibase 8.1 verified source	SHARD-012	BLOCK-000826	SRC-000452/BLOCK-000826	pass	PROP-101;PROP-115;PROP-120;PROP-122;PROP-124;PROP-126;PROP-127;PROP-128;PROP-129;PROP-150;PROP-116;PROP-125;PROP-143;PROP-102	environment variable;NNF;1000MB;inplace update;NLS_TERRITORY;'.,';ALTER SESSION SET AUTOCOMMIT = FALSE;ALTER SYSTEM;ALTER SESSION;V$PROPERTY	APB-000004;APB-000005;APB-000015;APB-000017	yes	attachment_update	done	Stage 3 attachment route generated from completed scope row; use exact source blocks and missing-input prompts before item-level production claims.
S3-SCOPE-004	J007	S3-J006	GPTs/attachments/05_data_types_properties.md	05. Data Types and Properties	SRC-000120	repo	product_source	general_reference_1_datatypes_properties	Altibase 7.3	7.3	Korean authoritative	SHARD-008	BLOCK-000517	SRC-000120/BLOCK-000517	pass	PROP-137;PROP-138;PROP-140;PROP-141;PROP-142;PROP-118;PROP-135;PROP-136;PROP-139;PROP-113	DENY;PERMIT;V$ACCESS_LIST;ACCESS_LIST_FILE;Handshaking;PORT_NO;V$PROPERTY;Replication Manual;Lazy	APB-000004;APB-000007;APB-000008;APB-000017	yes	attachment_update	done	Stage 3 attachment route generated from completed scope row; use exact source blocks and missing-input prompts before item-level production claims.
S3-SCOPE-004	J007	S3-J006	GPTs/attachments/05_data_types_properties.md	05. Data Types and Properties	SRC-000121	repo	product_source	general_reference_2_dictionary_views	Altibase 7.3	7.3	Korean authoritative	SHARD-008	BLOCK-000523	SRC-000121/BLOCK-000523	pass	PROP-137;PROP-138;PROP-140;PROP-141;PROP-142;PROP-118;PROP-135;PROP-136;PROP-139;PROP-113	DENY;PERMIT;V$ACCESS_LIST;ACCESS_LIST_FILE;Handshaking;PORT_NO;V$PROPERTY;Replication Manual;Lazy	APB-000004;APB-000007;APB-000008;APB-000017	yes	attachment_update	done	Stage 3 attachment route generated from completed scope row; use exact source blocks and missing-input prompts before item-level production claims.
S3-SCOPE-004	J007	S3-J006	GPTs/attachments/05_data_types_properties.md	05. Data Types and Properties	SRC-000180	repo	product_source	general_reference_1_datatypes_properties	General Reference-1.Data Types & Altibase Properties	8.1_verified	Korean authoritative; Altibase 8.1 verified source	SHARD-008	BLOCK-000519	SRC-000180/BLOCK-000519	pass	PROP-137;PROP-138;PROP-140;PROP-141;PROP-142;PROP-118;PROP-135;PROP-136;PROP-139;PROP-113	DENY;PERMIT;V$ACCESS_LIST;ACCESS_LIST_FILE;Handshaking;PORT_NO;V$PROPERTY;Replication Manual;Lazy	APB-000004;APB-000007;APB-000008;APB-000017	yes	attachment_update	done	Stage 3 attachment route generated from completed scope row; use exact source blocks and missing-input prompts before item-level production claims.
S3-SCOPE-004	J007	S3-J006	GPTs/attachments/05_data_types_properties.md	05. Data Types and Properties	SRC-000181	repo	product_source	general_reference_2_dictionary_views	Trunk	8.1_verified	Korean authoritative; Altibase 8.1 verified source	SHARD-009	BLOCK-000525	SRC-000181/BLOCK-000525	pass	PROP-137;PROP-138;PROP-140;PROP-141;PROP-142;PROP-118;PROP-135;PROP-136;PROP-139;PROP-113	DENY;PERMIT;V$ACCESS_LIST;ACCESS_LIST_FILE;Handshaking;PORT_NO;V$PROPERTY;Replication Manual;Lazy	APB-000004;APB-000007;APB-000008;APB-000017	yes	attachment_update	done	Stage 3 attachment route generated from completed scope row; use exact source blocks and missing-input prompts before item-level production claims.
S3-SCOPE-004	J007	S3-J006	GPTs/attachments/05_data_types_properties.md	05. Data Types and Properties	SRC-000452	repo	release_note	release_notes_platform	1. 시스템 요구사항	8.1.0.0.1	Korean authoritative; Altibase 8.1 verified source	SHARD-012	BLOCK-000826	SRC-000452/BLOCK-000826	pass	PROP-137;PROP-138;PROP-140;PROP-141;PROP-142;PROP-118;PROP-135;PROP-136;PROP-139;PROP-113	DENY;PERMIT;V$ACCESS_LIST;ACCESS_LIST_FILE;Handshaking;PORT_NO;V$PROPERTY;Replication Manual;Lazy	APB-000004;APB-000007;APB-000008;APB-000017	yes	attachment_update	done	Stage 3 attachment route generated from completed scope row; use exact source blocks and missing-input prompts before item-level production claims.
S3-SCOPE-004	J007	S3-J006	GPTs/attachments/09_replication_ha_cdc.md	09. Replication, HA, and CDC	SRC-000120	repo	product_source	general_reference_1_datatypes_properties	Altibase 7.3	7.3	Korean authoritative	SHARD-008	BLOCK-000517	SRC-000120/BLOCK-000517	pass	PROP-137;PROP-138;PROP-140;PROP-141;PROP-142;PROP-118;PROP-135;PROP-136;PROP-139;PROP-113	DENY;PERMIT;V$ACCESS_LIST;ACCESS_LIST_FILE;Handshaking;PORT_NO;V$PROPERTY;Replication Manual;Lazy	APB-000004;APB-000007;APB-000008;APB-000017	yes	attachment_update	done	Stage 3 attachment route generated from completed scope row; use exact source blocks and missing-input prompts before item-level production claims.
S3-SCOPE-004	J007	S3-J006	GPTs/attachments/09_replication_ha_cdc.md	09. Replication, HA, and CDC	SRC-000121	repo	product_source	general_reference_2_dictionary_views	Altibase 7.3	7.3	Korean authoritative	SHARD-008	BLOCK-000523	SRC-000121/BLOCK-000523	pass	PROP-137;PROP-138;PROP-140;PROP-141;PROP-142;PROP-118;PROP-135;PROP-136;PROP-139;PROP-113	DENY;PERMIT;V$ACCESS_LIST;ACCESS_LIST_FILE;Handshaking;PORT_NO;V$PROPERTY;Replication Manual;Lazy	APB-000004;APB-000007;APB-000008;APB-000017	yes	attachment_update	done	Stage 3 attachment route generated from completed scope row; use exact source blocks and missing-input prompts before item-level production claims.
S3-SCOPE-004	J007	S3-J006	GPTs/attachments/09_replication_ha_cdc.md	09. Replication, HA, and CDC	SRC-000180	repo	product_source	general_reference_1_datatypes_properties	General Reference-1.Data Types & Altibase Properties	8.1_verified	Korean authoritative; Altibase 8.1 verified source	SHARD-008	BLOCK-000519	SRC-000180/BLOCK-000519	pass	PROP-137;PROP-138;PROP-140;PROP-141;PROP-142;PROP-118;PROP-135;PROP-136;PROP-139;PROP-113	DENY;PERMIT;V$ACCESS_LIST;ACCESS_LIST_FILE;Handshaking;PORT_NO;V$PROPERTY;Replication Manual;Lazy	APB-000004;APB-000007;APB-000008;APB-000017	yes	attachment_update	done	Stage 3 attachment route generated from completed scope row; use exact source blocks and missing-input prompts before item-level production claims.
S3-SCOPE-004	J007	S3-J006	GPTs/attachments/09_replication_ha_cdc.md	09. Replication, HA, and CDC	SRC-000181	repo	product_source	general_reference_2_dictionary_views	Trunk	8.1_verified	Korean authoritative; Altibase 8.1 verified source	SHARD-009	BLOCK-000525	SRC-000181/BLOCK-000525	pass	PROP-137;PROP-138;PROP-140;PROP-141;PROP-142;PROP-118;PROP-135;PROP-136;PROP-139;PROP-113	DENY;PERMIT;V$ACCESS_LIST;ACCESS_LIST_FILE;Handshaking;PORT_NO;V$PROPERTY;Replication Manual;Lazy	APB-000004;APB-000007;APB-000008;APB-000017	yes	attachment_update	done	Stage 3 attachment route generated from completed scope row; use exact source blocks and missing-input prompts before item-level production claims.
S3-SCOPE-004	J007	S3-J006	GPTs/attachments/09_replication_ha_cdc.md	09. Replication, HA, and CDC	SRC-000452	repo	release_note	release_notes_platform	1. 시스템 요구사항	8.1.0.0.1	Korean authoritative; Altibase 8.1 verified source	SHARD-012	BLOCK-000826	SRC-000452/BLOCK-000826	pass	PROP-137;PROP-138;PROP-140;PROP-141;PROP-142;PROP-118;PROP-135;PROP-136;PROP-139;PROP-113	DENY;PERMIT;V$ACCESS_LIST;ACCESS_LIST_FILE;Handshaking;PORT_NO;V$PROPERTY;Replication Manual;Lazy	APB-000004;APB-000007;APB-000008;APB-000017	yes	attachment_update	done	Stage 3 attachment route generated from completed scope row; use exact source blocks and missing-input prompts before item-level production claims.
S3-SCOPE-004	J007	S3-J006	GPTs/attachments/18_security_ssl_tls.md	18. Security and SSL/TLS	SRC-000120	repo	product_source	general_reference_1_datatypes_properties	Altibase 7.3	7.3	Korean authoritative	SHARD-008	BLOCK-000517	SRC-000120/BLOCK-000517	pass	PROP-137;PROP-138;PROP-140;PROP-141;PROP-142;PROP-118;PROP-135;PROP-136;PROP-139;PROP-113	DENY;PERMIT;V$ACCESS_LIST;ACCESS_LIST_FILE;Handshaking;PORT_NO;V$PROPERTY;Replication Manual;Lazy	APB-000004;APB-000007;APB-000008;APB-000017	yes	attachment_update	done	Stage 3 attachment route generated from completed scope row; use exact source blocks and missing-input prompts before item-level production claims.
S3-SCOPE-004	J007	S3-J006	GPTs/attachments/18_security_ssl_tls.md	18. Security and SSL/TLS	SRC-000121	repo	product_source	general_reference_2_dictionary_views	Altibase 7.3	7.3	Korean authoritative	SHARD-008	BLOCK-000523	SRC-000121/BLOCK-000523	pass	PROP-137;PROP-138;PROP-140;PROP-141;PROP-142;PROP-118;PROP-135;PROP-136;PROP-139;PROP-113	DENY;PERMIT;V$ACCESS_LIST;ACCESS_LIST_FILE;Handshaking;PORT_NO;V$PROPERTY;Replication Manual;Lazy	APB-000004;APB-000007;APB-000008;APB-000017	yes	attachment_update	done	Stage 3 attachment route generated from completed scope row; use exact source blocks and missing-input prompts before item-level production claims.
S3-SCOPE-004	J007	S3-J006	GPTs/attachments/18_security_ssl_tls.md	18. Security and SSL/TLS	SRC-000180	repo	product_source	general_reference_1_datatypes_properties	General Reference-1.Data Types & Altibase Properties	8.1_verified	Korean authoritative; Altibase 8.1 verified source	SHARD-008	BLOCK-000519	SRC-000180/BLOCK-000519	pass	PROP-137;PROP-138;PROP-140;PROP-141;PROP-142;PROP-118;PROP-135;PROP-136;PROP-139;PROP-113	DENY;PERMIT;V$ACCESS_LIST;ACCESS_LIST_FILE;Handshaking;PORT_NO;V$PROPERTY;Replication Manual;Lazy	APB-000004;APB-000007;APB-000008;APB-000017	yes	attachment_update	done	Stage 3 attachment route generated from completed scope row; use exact source blocks and missing-input prompts before item-level production claims.
S3-SCOPE-004	J007	S3-J006	GPTs/attachments/18_security_ssl_tls.md	18. Security and SSL/TLS	SRC-000181	repo	product_source	general_reference_2_dictionary_views	Trunk	8.1_verified	Korean authoritative; Altibase 8.1 verified source	SHARD-009	BLOCK-000525	SRC-000181/BLOCK-000525	pass	PROP-137;PROP-138;PROP-140;PROP-141;PROP-142;PROP-118;PROP-135;PROP-136;PROP-139;PROP-113	DENY;PERMIT;V$ACCESS_LIST;ACCESS_LIST_FILE;Handshaking;PORT_NO;V$PROPERTY;Replication Manual;Lazy	APB-000004;APB-000007;APB-000008;APB-000017	yes	attachment_update	done	Stage 3 attachment route generated from completed scope row; use exact source blocks and missing-input prompts before item-level production claims.
S3-SCOPE-004	J007	S3-J006	GPTs/attachments/18_security_ssl_tls.md	18. Security and SSL/TLS	SRC-000452	repo	release_note	release_notes_platform	1. 시스템 요구사항	8.1.0.0.1	Korean authoritative; Altibase 8.1 verified source	SHARD-012	BLOCK-000826	SRC-000452/BLOCK-000826	pass	PROP-137;PROP-138;PROP-140;PROP-141;PROP-142;PROP-118;PROP-135;PROP-136;PROP-139;PROP-113	DENY;PERMIT;V$ACCESS_LIST;ACCESS_LIST_FILE;Handshaking;PORT_NO;V$PROPERTY;Replication Manual;Lazy	APB-000004;APB-000007;APB-000008;APB-000017	yes	attachment_update	done	Stage 3 attachment route generated from completed scope row; use exact source blocks and missing-input prompts before item-level production claims.
S3-SCOPE-005	J008	S3-J007	GPTs/attachments/03_sql_ddl_generation.md	03. SQL DDL Generation	SRC-000072	repo	product_source	sql_reference	SQL Reference	7.1	Korean authoritative	SHARD-013	BLOCK-000884	SRC-000072/BLOCK-000884	pass	SQL-105;SQL-114;SQL-129;SQL-140;SQL-101;SQL-102;SQL-103;SQL-104;SQL-106;SQL-108;SQL-109;SQL-110;SQL-111;SQL-113;SQL-117;SQL-121;SQL-122;SQL-124;SQL-145;SQL-107;SQL-112	CREATE VOLATILE TABLESPACE;CREATE DISK TABLESPACE;ALTER TABLE ADD PARTITION;LOB(column_name);table_compression_clause;CREATE INDEX;CREATE SEQUENCE;NON-AUTOCOMMIT;multiple_update;8-byte;alias;join condition	APB-000002;APB-000016;APB-000017	yes	attachment_update	done	Stage 3 attachment route generated from completed scope row; use exact source blocks and missing-input prompts before item-level production claims.
S3-SCOPE-005	J008	S3-J007	GPTs/attachments/03_sql_ddl_generation.md	03. SQL DDL Generation	SRC-000134	repo	product_source	sql_reference	Altibase 7.3	7.3	Korean authoritative	SHARD-014	BLOCK-000886	SRC-000134/BLOCK-000886	pass	SQL-105;SQL-114;SQL-129;SQL-140;SQL-101;SQL-102;SQL-103;SQL-104;SQL-106;SQL-108;SQL-109;SQL-110;SQL-111;SQL-113;SQL-117;SQL-121;SQL-122;SQL-124;SQL-145;SQL-107;SQL-112	CREATE VOLATILE TABLESPACE;CREATE DISK TABLESPACE;ALTER TABLE ADD PARTITION;LOB(column_name);table_compression_clause;CREATE INDEX;CREATE SEQUENCE;NON-AUTOCOMMIT;multiple_update;8-byte;alias;join condition	APB-000002;APB-000016;APB-000017	yes	attachment_update	done	Stage 3 attachment route generated from completed scope row; use exact source blocks and missing-input prompts before item-level production claims.
S3-SCOPE-005	J008	S3-J007	GPTs/attachments/03_sql_ddl_generation.md	03. SQL DDL Generation	SRC-000180	repo	product_source	general_reference_1_datatypes_properties	General Reference-1.Data Types & Altibase Properties	8.1_verified	Korean authoritative; Altibase 8.1 verified source	SHARD-008	BLOCK-000519	SRC-000180/BLOCK-000519	pass	SQL-105;SQL-114;SQL-129;SQL-140;SQL-101;SQL-102;SQL-103;SQL-104;SQL-106;SQL-108;SQL-109;SQL-110;SQL-111;SQL-113;SQL-117;SQL-121;SQL-122;SQL-124;SQL-145;SQL-107;SQL-112	CREATE VOLATILE TABLESPACE;CREATE DISK TABLESPACE;ALTER TABLE ADD PARTITION;LOB(column_name);table_compression_clause;CREATE INDEX;CREATE SEQUENCE;NON-AUTOCOMMIT;multiple_update;8-byte;alias;join condition	APB-000002;APB-000016;APB-000017	yes	attachment_update	done	Stage 3 attachment route generated from completed scope row; use exact source blocks and missing-input prompts before item-level production claims.
S3-SCOPE-005	J008	S3-J007	GPTs/attachments/03_sql_ddl_generation.md	03. SQL DDL Generation	SRC-000194	repo	product_source	sql_reference	Trunk	8.1_verified	Korean authoritative; Altibase 8.1 verified source	SHARD-014	BLOCK-000888	SRC-000194/BLOCK-000888	pass	SQL-105;SQL-114;SQL-129;SQL-140;SQL-101;SQL-102;SQL-103;SQL-104;SQL-106;SQL-108;SQL-109;SQL-110;SQL-111;SQL-113;SQL-117;SQL-121;SQL-122;SQL-124;SQL-145;SQL-107;SQL-112	CREATE VOLATILE TABLESPACE;CREATE DISK TABLESPACE;ALTER TABLE ADD PARTITION;LOB(column_name);table_compression_clause;CREATE INDEX;CREATE SEQUENCE;NON-AUTOCOMMIT;multiple_update;8-byte;alias;join condition	APB-000002;APB-000016;APB-000017	yes	attachment_update	done	Stage 3 attachment route generated from completed scope row; use exact source blocks and missing-input prompts before item-level production claims.
S3-SCOPE-005	J008	S3-J007	GPTs/attachments/03_sql_ddl_generation.md	03. SQL DDL Generation	SRC-000450	repo	release_note	release_notes_platform	하드웨어 최저 사양	7.1.0.1.2	Korean authoritative	SHARD-012	BLOCK-000821	SRC-000450/BLOCK-000821	pass	SQL-105;SQL-114;SQL-129;SQL-140;SQL-101;SQL-102;SQL-103;SQL-104;SQL-106;SQL-108;SQL-109;SQL-110;SQL-111;SQL-113;SQL-117;SQL-121;SQL-122;SQL-124;SQL-145;SQL-107;SQL-112	CREATE VOLATILE TABLESPACE;CREATE DISK TABLESPACE;ALTER TABLE ADD PARTITION;LOB(column_name);table_compression_clause;CREATE INDEX;CREATE SEQUENCE;NON-AUTOCOMMIT;multiple_update;8-byte;alias;join condition	APB-000002;APB-000016;APB-000017	yes	attachment_update	done	Stage 3 attachment route generated from completed scope row; use exact source blocks and missing-input prompts before item-level production claims.
S3-SCOPE-005	J008	S3-J007	GPTs/attachments/03_sql_ddl_generation.md	03. SQL DDL Generation	SRC-000451	repo	release_note	release_notes_platform	1. 시스템 요구사항	7.3.0.0.1	Korean authoritative	SHARD-012	BLOCK-000824	SRC-000451/BLOCK-000824	pass	SQL-105;SQL-114;SQL-129;SQL-140;SQL-101;SQL-102;SQL-103;SQL-104;SQL-106;SQL-108;SQL-109;SQL-110;SQL-111;SQL-113;SQL-117;SQL-121;SQL-122;SQL-124;SQL-145;SQL-107;SQL-112	CREATE VOLATILE TABLESPACE;CREATE DISK TABLESPACE;ALTER TABLE ADD PARTITION;LOB(column_name);table_compression_clause;CREATE INDEX;CREATE SEQUENCE;NON-AUTOCOMMIT;multiple_update;8-byte;alias;join condition	APB-000002;APB-000016;APB-000017	yes	attachment_update	done	Stage 3 attachment route generated from completed scope row; use exact source blocks and missing-input prompts before item-level production claims.
S3-SCOPE-005	J008	S3-J007	GPTs/attachments/03_sql_ddl_generation.md	03. SQL DDL Generation	SRC-000452	repo	release_note	release_notes_platform	1. 시스템 요구사항	8.1.0.0.1	Korean authoritative; Altibase 8.1 verified source	SHARD-012	BLOCK-000826	SRC-000452/BLOCK-000826	pass	SQL-105;SQL-114;SQL-129;SQL-140;SQL-101;SQL-102;SQL-103;SQL-104;SQL-106;SQL-108;SQL-109;SQL-110;SQL-111;SQL-113;SQL-117;SQL-121;SQL-122;SQL-124;SQL-145;SQL-107;SQL-112	CREATE VOLATILE TABLESPACE;CREATE DISK TABLESPACE;ALTER TABLE ADD PARTITION;LOB(column_name);table_compression_clause;CREATE INDEX;CREATE SEQUENCE;NON-AUTOCOMMIT;multiple_update;8-byte;alias;join condition	APB-000002;APB-000016;APB-000017	yes	attachment_update	done	Stage 3 attachment route generated from completed scope row; use exact source blocks and missing-input prompts before item-level production claims.
S3-SCOPE-005	J008	S3-J007	GPTs/attachments/02_administration_operations.md	02. Administration and Operations	SRC-000072	repo	product_source	sql_reference	SQL Reference	7.1	Korean authoritative	SHARD-013	BLOCK-000884	SRC-000072/BLOCK-000884	pass	SQL-105;SQL-114;SQL-129;SQL-140;SQL-101;SQL-102;SQL-103;SQL-104;SQL-106;SQL-108;SQL-109;SQL-110;SQL-111;SQL-113;SQL-117;SQL-121;SQL-122;SQL-124;SQL-145;SQL-107;SQL-112	CREATE VOLATILE TABLESPACE;CREATE DISK TABLESPACE;ALTER TABLE ADD PARTITION;LOB(column_name);table_compression_clause;CREATE INDEX;CREATE SEQUENCE;NON-AUTOCOMMIT;multiple_update;8-byte;alias;join condition	APB-000002;APB-000016;APB-000017	yes	attachment_update	done	Stage 3 attachment route generated from completed scope row; use exact source blocks and missing-input prompts before item-level production claims.
S3-SCOPE-005	J008	S3-J007	GPTs/attachments/02_administration_operations.md	02. Administration and Operations	SRC-000134	repo	product_source	sql_reference	Altibase 7.3	7.3	Korean authoritative	SHARD-014	BLOCK-000886	SRC-000134/BLOCK-000886	pass	SQL-105;SQL-114;SQL-129;SQL-140;SQL-101;SQL-102;SQL-103;SQL-104;SQL-106;SQL-108;SQL-109;SQL-110;SQL-111;SQL-113;SQL-117;SQL-121;SQL-122;SQL-124;SQL-145;SQL-107;SQL-112	CREATE VOLATILE TABLESPACE;CREATE DISK TABLESPACE;ALTER TABLE ADD PARTITION;LOB(column_name);table_compression_clause;CREATE INDEX;CREATE SEQUENCE;NON-AUTOCOMMIT;multiple_update;8-byte;alias;join condition	APB-000002;APB-000016;APB-000017	yes	attachment_update	done	Stage 3 attachment route generated from completed scope row; use exact source blocks and missing-input prompts before item-level production claims.
S3-SCOPE-005	J008	S3-J007	GPTs/attachments/02_administration_operations.md	02. Administration and Operations	SRC-000180	repo	product_source	general_reference_1_datatypes_properties	General Reference-1.Data Types & Altibase Properties	8.1_verified	Korean authoritative; Altibase 8.1 verified source	SHARD-008	BLOCK-000519	SRC-000180/BLOCK-000519	pass	SQL-105;SQL-114;SQL-129;SQL-140;SQL-101;SQL-102;SQL-103;SQL-104;SQL-106;SQL-108;SQL-109;SQL-110;SQL-111;SQL-113;SQL-117;SQL-121;SQL-122;SQL-124;SQL-145;SQL-107;SQL-112	CREATE VOLATILE TABLESPACE;CREATE DISK TABLESPACE;ALTER TABLE ADD PARTITION;LOB(column_name);table_compression_clause;CREATE INDEX;CREATE SEQUENCE;NON-AUTOCOMMIT;multiple_update;8-byte;alias;join condition	APB-000002;APB-000016;APB-000017	yes	attachment_update	done	Stage 3 attachment route generated from completed scope row; use exact source blocks and missing-input prompts before item-level production claims.
S3-SCOPE-005	J008	S3-J007	GPTs/attachments/02_administration_operations.md	02. Administration and Operations	SRC-000194	repo	product_source	sql_reference	Trunk	8.1_verified	Korean authoritative; Altibase 8.1 verified source	SHARD-014	BLOCK-000888	SRC-000194/BLOCK-000888	pass	SQL-105;SQL-114;SQL-129;SQL-140;SQL-101;SQL-102;SQL-103;SQL-104;SQL-106;SQL-108;SQL-109;SQL-110;SQL-111;SQL-113;SQL-117;SQL-121;SQL-122;SQL-124;SQL-145;SQL-107;SQL-112	CREATE VOLATILE TABLESPACE;CREATE DISK TABLESPACE;ALTER TABLE ADD PARTITION;LOB(column_name);table_compression_clause;CREATE INDEX;CREATE SEQUENCE;NON-AUTOCOMMIT;multiple_update;8-byte;alias;join condition	APB-000002;APB-000016;APB-000017	yes	attachment_update	done	Stage 3 attachment route generated from completed scope row; use exact source blocks and missing-input prompts before item-level production claims.
S3-SCOPE-005	J008	S3-J007	GPTs/attachments/02_administration_operations.md	02. Administration and Operations	SRC-000450	repo	release_note	release_notes_platform	하드웨어 최저 사양	7.1.0.1.2	Korean authoritative	SHARD-012	BLOCK-000821	SRC-000450/BLOCK-000821	pass	SQL-105;SQL-114;SQL-129;SQL-140;SQL-101;SQL-102;SQL-103;SQL-104;SQL-106;SQL-108;SQL-109;SQL-110;SQL-111;SQL-113;SQL-117;SQL-121;SQL-122;SQL-124;SQL-145;SQL-107;SQL-112	CREATE VOLATILE TABLESPACE;CREATE DISK TABLESPACE;ALTER TABLE ADD PARTITION;LOB(column_name);table_compression_clause;CREATE INDEX;CREATE SEQUENCE;NON-AUTOCOMMIT;multiple_update;8-byte;alias;join condition	APB-000002;APB-000016;APB-000017	yes	attachment_update	done	Stage 3 attachment route generated from completed scope row; use exact source blocks and missing-input prompts before item-level production claims.
S3-SCOPE-005	J008	S3-J007	GPTs/attachments/02_administration_operations.md	02. Administration and Operations	SRC-000451	repo	release_note	release_notes_platform	1. 시스템 요구사항	7.3.0.0.1	Korean authoritative	SHARD-012	BLOCK-000824	SRC-000451/BLOCK-000824	pass	SQL-105;SQL-114;SQL-129;SQL-140;SQL-101;SQL-102;SQL-103;SQL-104;SQL-106;SQL-108;SQL-109;SQL-110;SQL-111;SQL-113;SQL-117;SQL-121;SQL-122;SQL-124;SQL-145;SQL-107;SQL-112	CREATE VOLATILE TABLESPACE;CREATE DISK TABLESPACE;ALTER TABLE ADD PARTITION;LOB(column_name);table_compression_clause;CREATE INDEX;CREATE SEQUENCE;NON-AUTOCOMMIT;multiple_update;8-byte;alias;join condition	APB-000002;APB-000016;APB-000017	yes	attachment_update	done	Stage 3 attachment route generated from completed scope row; use exact source blocks and missing-input prompts before item-level production claims.
S3-SCOPE-005	J008	S3-J007	GPTs/attachments/02_administration_operations.md	02. Administration and Operations	SRC-000452	repo	release_note	release_notes_platform	1. 시스템 요구사항	8.1.0.0.1	Korean authoritative; Altibase 8.1 verified source	SHARD-012	BLOCK-000826	SRC-000452/BLOCK-000826	pass	SQL-105;SQL-114;SQL-129;SQL-140;SQL-101;SQL-102;SQL-103;SQL-104;SQL-106;SQL-108;SQL-109;SQL-110;SQL-111;SQL-113;SQL-117;SQL-121;SQL-122;SQL-124;SQL-145;SQL-107;SQL-112	CREATE VOLATILE TABLESPACE;CREATE DISK TABLESPACE;ALTER TABLE ADD PARTITION;LOB(column_name);table_compression_clause;CREATE INDEX;CREATE SEQUENCE;NON-AUTOCOMMIT;multiple_update;8-byte;alias;join condition	APB-000002;APB-000016;APB-000017	yes	attachment_update	done	Stage 3 attachment route generated from completed scope row; use exact source blocks and missing-input prompts before item-level production claims.
S3-SCOPE-005	J008	S3-J007	GPTs/attachments/05_data_types_properties.md	05. Data Types and Properties	SRC-000072	repo	product_source	sql_reference	SQL Reference	7.1	Korean authoritative	SHARD-013	BLOCK-000884	SRC-000072/BLOCK-000884	pass	SQL-105;SQL-114;SQL-129;SQL-140;SQL-101;SQL-102;SQL-103;SQL-104;SQL-106;SQL-108;SQL-109;SQL-110;SQL-111;SQL-113;SQL-117;SQL-121;SQL-122;SQL-124;SQL-145;SQL-107;SQL-112	CREATE VOLATILE TABLESPACE;CREATE DISK TABLESPACE;ALTER TABLE ADD PARTITION;LOB(column_name);table_compression_clause;CREATE INDEX;CREATE SEQUENCE;NON-AUTOCOMMIT;multiple_update;8-byte;alias;join condition	APB-000002;APB-000016;APB-000017	yes	attachment_update	done	Stage 3 attachment route generated from completed scope row; use exact source blocks and missing-input prompts before item-level production claims.
S3-SCOPE-005	J008	S3-J007	GPTs/attachments/05_data_types_properties.md	05. Data Types and Properties	SRC-000134	repo	product_source	sql_reference	Altibase 7.3	7.3	Korean authoritative	SHARD-014	BLOCK-000886	SRC-000134/BLOCK-000886	pass	SQL-105;SQL-114;SQL-129;SQL-140;SQL-101;SQL-102;SQL-103;SQL-104;SQL-106;SQL-108;SQL-109;SQL-110;SQL-111;SQL-113;SQL-117;SQL-121;SQL-122;SQL-124;SQL-145;SQL-107;SQL-112	CREATE VOLATILE TABLESPACE;CREATE DISK TABLESPACE;ALTER TABLE ADD PARTITION;LOB(column_name);table_compression_clause;CREATE INDEX;CREATE SEQUENCE;NON-AUTOCOMMIT;multiple_update;8-byte;alias;join condition	APB-000002;APB-000016;APB-000017	yes	attachment_update	done	Stage 3 attachment route generated from completed scope row; use exact source blocks and missing-input prompts before item-level production claims.
S3-SCOPE-005	J008	S3-J007	GPTs/attachments/05_data_types_properties.md	05. Data Types and Properties	SRC-000180	repo	product_source	general_reference_1_datatypes_properties	General Reference-1.Data Types & Altibase Properties	8.1_verified	Korean authoritative; Altibase 8.1 verified source	SHARD-008	BLOCK-000519	SRC-000180/BLOCK-000519	pass	SQL-105;SQL-114;SQL-129;SQL-140;SQL-101;SQL-102;SQL-103;SQL-104;SQL-106;SQL-108;SQL-109;SQL-110;SQL-111;SQL-113;SQL-117;SQL-121;SQL-122;SQL-124;SQL-145;SQL-107;SQL-112	CREATE VOLATILE TABLESPACE;CREATE DISK TABLESPACE;ALTER TABLE ADD PARTITION;LOB(column_name);table_compression_clause;CREATE INDEX;CREATE SEQUENCE;NON-AUTOCOMMIT;multiple_update;8-byte;alias;join condition	APB-000002;APB-000016;APB-000017	yes	attachment_update	done	Stage 3 attachment route generated from completed scope row; use exact source blocks and missing-input prompts before item-level production claims.
S3-SCOPE-005	J008	S3-J007	GPTs/attachments/05_data_types_properties.md	05. Data Types and Properties	SRC-000194	repo	product_source	sql_reference	Trunk	8.1_verified	Korean authoritative; Altibase 8.1 verified source	SHARD-014	BLOCK-000888	SRC-000194/BLOCK-000888	pass	SQL-105;SQL-114;SQL-129;SQL-140;SQL-101;SQL-102;SQL-103;SQL-104;SQL-106;SQL-108;SQL-109;SQL-110;SQL-111;SQL-113;SQL-117;SQL-121;SQL-122;SQL-124;SQL-145;SQL-107;SQL-112	CREATE VOLATILE TABLESPACE;CREATE DISK TABLESPACE;ALTER TABLE ADD PARTITION;LOB(column_name);table_compression_clause;CREATE INDEX;CREATE SEQUENCE;NON-AUTOCOMMIT;multiple_update;8-byte;alias;join condition	APB-000002;APB-000016;APB-000017	yes	attachment_update	done	Stage 3 attachment route generated from completed scope row; use exact source blocks and missing-input prompts before item-level production claims.
S3-SCOPE-005	J008	S3-J007	GPTs/attachments/05_data_types_properties.md	05. Data Types and Properties	SRC-000450	repo	release_note	release_notes_platform	하드웨어 최저 사양	7.1.0.1.2	Korean authoritative	SHARD-012	BLOCK-000821	SRC-000450/BLOCK-000821	pass	SQL-105;SQL-114;SQL-129;SQL-140;SQL-101;SQL-102;SQL-103;SQL-104;SQL-106;SQL-108;SQL-109;SQL-110;SQL-111;SQL-113;SQL-117;SQL-121;SQL-122;SQL-124;SQL-145;SQL-107;SQL-112	CREATE VOLATILE TABLESPACE;CREATE DISK TABLESPACE;ALTER TABLE ADD PARTITION;LOB(column_name);table_compression_clause;CREATE INDEX;CREATE SEQUENCE;NON-AUTOCOMMIT;multiple_update;8-byte;alias;join condition	APB-000002;APB-000016;APB-000017	yes	attachment_update	done	Stage 3 attachment route generated from completed scope row; use exact source blocks and missing-input prompts before item-level production claims.
S3-SCOPE-005	J008	S3-J007	GPTs/attachments/05_data_types_properties.md	05. Data Types and Properties	SRC-000451	repo	release_note	release_notes_platform	1. 시스템 요구사항	7.3.0.0.1	Korean authoritative	SHARD-012	BLOCK-000824	SRC-000451/BLOCK-000824	pass	SQL-105;SQL-114;SQL-129;SQL-140;SQL-101;SQL-102;SQL-103;SQL-104;SQL-106;SQL-108;SQL-109;SQL-110;SQL-111;SQL-113;SQL-117;SQL-121;SQL-122;SQL-124;SQL-145;SQL-107;SQL-112	CREATE VOLATILE TABLESPACE;CREATE DISK TABLESPACE;ALTER TABLE ADD PARTITION;LOB(column_name);table_compression_clause;CREATE INDEX;CREATE SEQUENCE;NON-AUTOCOMMIT;multiple_update;8-byte;alias;join condition	APB-000002;APB-000016;APB-000017	yes	attachment_update	done	Stage 3 attachment route generated from completed scope row; use exact source blocks and missing-input prompts before item-level production claims.
S3-SCOPE-005	J008	S3-J007	GPTs/attachments/05_data_types_properties.md	05. Data Types and Properties	SRC-000452	repo	release_note	release_notes_platform	1. 시스템 요구사항	8.1.0.0.1	Korean authoritative; Altibase 8.1 verified source	SHARD-012	BLOCK-000826	SRC-000452/BLOCK-000826	pass	SQL-105;SQL-114;SQL-129;SQL-140;SQL-101;SQL-102;SQL-103;SQL-104;SQL-106;SQL-108;SQL-109;SQL-110;SQL-111;SQL-113;SQL-117;SQL-121;SQL-122;SQL-124;SQL-145;SQL-107;SQL-112	CREATE VOLATILE TABLESPACE;CREATE DISK TABLESPACE;ALTER TABLE ADD PARTITION;LOB(column_name);table_compression_clause;CREATE INDEX;CREATE SEQUENCE;NON-AUTOCOMMIT;multiple_update;8-byte;alias;join condition	APB-000002;APB-000016;APB-000017	yes	attachment_update	done	Stage 3 attachment route generated from completed scope row; use exact source blocks and missing-input prompts before item-level production claims.
S3-SCOPE-006	J009	S3-J008	GPTs/attachments/04_sql_dml_oracle_compatibility.md	04. SQL DML and Oracle Compatibility	SRC-000072	repo	product_source	sql_reference	SQL Reference	7.1	Korean authoritative	SHARD-013	BLOCK-000884	SRC-000072/BLOCK-000884	pass	SQL-141;SQL-115;SQL-118;SQL-120;SQL-123;SQL-125;SQL-130;SQL-131;SQL-132;SQL-133;SQL-134;SQL-135;SQL-136;SQL-137;SQL-138;SQL-139;SQL-142;SQL-143;SQL-144;SQL-116;SQL-119;SQL-126	DECODE;arg1;expr1;0-9;A-Z;a-z;D$;X$;POSIX Basic Regular Expression;replace_string;replication_host_ip;replication_host_port_no;2,147,483,648;ISO/IEC 19075-6(2021);Anti Join;Semi Join;no_rows_insert_clause	APB-000003;APB-000015;APB-000017	yes	attachment_update	done	Stage 3 attachment route generated from completed scope row; use exact source blocks and missing-input prompts before item-level production claims.
S3-SCOPE-006	J009	S3-J008	GPTs/attachments/04_sql_dml_oracle_compatibility.md	04. SQL DML and Oracle Compatibility	SRC-000120	repo	product_source	general_reference_1_datatypes_properties	Altibase 7.3	7.3	Korean authoritative	SHARD-008	BLOCK-000517	SRC-000120/BLOCK-000517	pass	SQL-141;SQL-115;SQL-118;SQL-120;SQL-123;SQL-125;SQL-130;SQL-131;SQL-132;SQL-133;SQL-134;SQL-135;SQL-136;SQL-137;SQL-138;SQL-139;SQL-142;SQL-143;SQL-144;SQL-116;SQL-119;SQL-126	DECODE;arg1;expr1;0-9;A-Z;a-z;D$;X$;POSIX Basic Regular Expression;replace_string;replication_host_ip;replication_host_port_no;2,147,483,648;ISO/IEC 19075-6(2021);Anti Join;Semi Join;no_rows_insert_clause	APB-000003;APB-000015;APB-000017	yes	attachment_update	done	Stage 3 attachment route generated from completed scope row; use exact source blocks and missing-input prompts before item-level production claims.
S3-SCOPE-006	J009	S3-J008	GPTs/attachments/04_sql_dml_oracle_compatibility.md	04. SQL DML and Oracle Compatibility	SRC-000134	repo	product_source	sql_reference	Altibase 7.3	7.3	Korean authoritative	SHARD-014	BLOCK-000886	SRC-000134/BLOCK-000886	pass	SQL-141;SQL-115;SQL-118;SQL-120;SQL-123;SQL-125;SQL-130;SQL-131;SQL-132;SQL-133;SQL-134;SQL-135;SQL-136;SQL-137;SQL-138;SQL-139;SQL-142;SQL-143;SQL-144;SQL-116;SQL-119;SQL-126	DECODE;arg1;expr1;0-9;A-Z;a-z;D$;X$;POSIX Basic Regular Expression;replace_string;replication_host_ip;replication_host_port_no;2,147,483,648;ISO/IEC 19075-6(2021);Anti Join;Semi Join;no_rows_insert_clause	APB-000003;APB-000015;APB-000017	yes	attachment_update	done	Stage 3 attachment route generated from completed scope row; use exact source blocks and missing-input prompts before item-level production claims.
S3-SCOPE-006	J009	S3-J008	GPTs/attachments/04_sql_dml_oracle_compatibility.md	04. SQL DML and Oracle Compatibility	SRC-000172	repo	product_source	migration_oracle	Trunk	8.1_verified	Korean authoritative; Altibase 8.1 verified source	SHARD-010	BLOCK-000574	SRC-000172/BLOCK-000574	pass	SQL-141;SQL-115;SQL-118;SQL-120;SQL-123;SQL-125;SQL-130;SQL-131;SQL-132;SQL-133;SQL-134;SQL-135;SQL-136;SQL-137;SQL-138;SQL-139;SQL-142;SQL-143;SQL-144;SQL-116;SQL-119;SQL-126	DECODE;arg1;expr1;0-9;A-Z;a-z;D$;X$;POSIX Basic Regular Expression;replace_string;replication_host_ip;replication_host_port_no;2,147,483,648;ISO/IEC 19075-6(2021);Anti Join;Semi Join;no_rows_insert_clause	APB-000003;APB-000015;APB-000017	yes	attachment_update	done	Stage 3 attachment route generated from completed scope row; use exact source blocks and missing-input prompts before item-level production claims.
S3-SCOPE-006	J009	S3-J008	GPTs/attachments/04_sql_dml_oracle_compatibility.md	04. SQL DML and Oracle Compatibility	SRC-000180	repo	product_source	general_reference_1_datatypes_properties	General Reference-1.Data Types & Altibase Properties	8.1_verified	Korean authoritative; Altibase 8.1 verified source	SHARD-008	BLOCK-000519	SRC-000180/BLOCK-000519	pass	SQL-141;SQL-115;SQL-118;SQL-120;SQL-123;SQL-125;SQL-130;SQL-131;SQL-132;SQL-133;SQL-134;SQL-135;SQL-136;SQL-137;SQL-138;SQL-139;SQL-142;SQL-143;SQL-144;SQL-116;SQL-119;SQL-126	DECODE;arg1;expr1;0-9;A-Z;a-z;D$;X$;POSIX Basic Regular Expression;replace_string;replication_host_ip;replication_host_port_no;2,147,483,648;ISO/IEC 19075-6(2021);Anti Join;Semi Join;no_rows_insert_clause	APB-000003;APB-000015;APB-000017	yes	attachment_update	done	Stage 3 attachment route generated from completed scope row; use exact source blocks and missing-input prompts before item-level production claims.
S3-SCOPE-006	J009	S3-J008	GPTs/attachments/04_sql_dml_oracle_compatibility.md	04. SQL DML and Oracle Compatibility	SRC-000194	repo	product_source	sql_reference	Trunk	8.1_verified	Korean authoritative; Altibase 8.1 verified source	SHARD-014	BLOCK-000888	SRC-000194/BLOCK-000888	pass	SQL-141;SQL-115;SQL-118;SQL-120;SQL-123;SQL-125;SQL-130;SQL-131;SQL-132;SQL-133;SQL-134;SQL-135;SQL-136;SQL-137;SQL-138;SQL-139;SQL-142;SQL-143;SQL-144;SQL-116;SQL-119;SQL-126	DECODE;arg1;expr1;0-9;A-Z;a-z;D$;X$;POSIX Basic Regular Expression;replace_string;replication_host_ip;replication_host_port_no;2,147,483,648;ISO/IEC 19075-6(2021);Anti Join;Semi Join;no_rows_insert_clause	APB-000003;APB-000015;APB-000017	yes	attachment_update	done	Stage 3 attachment route generated from completed scope row; use exact source blocks and missing-input prompts before item-level production claims.
S3-SCOPE-006	J009	S3-J008	GPTs/attachments/04_sql_dml_oracle_compatibility.md	04. SQL DML and Oracle Compatibility	SRC-000452	repo	release_note	release_notes_platform	1. 시스템 요구사항	8.1.0.0.1	Korean authoritative; Altibase 8.1 verified source	SHARD-012	BLOCK-000826	SRC-000452/BLOCK-000826	pass	SQL-141;SQL-115;SQL-118;SQL-120;SQL-123;SQL-125;SQL-130;SQL-131;SQL-132;SQL-133;SQL-134;SQL-135;SQL-136;SQL-137;SQL-138;SQL-139;SQL-142;SQL-143;SQL-144;SQL-116;SQL-119;SQL-126	DECODE;arg1;expr1;0-9;A-Z;a-z;D$;X$;POSIX Basic Regular Expression;replace_string;replication_host_ip;replication_host_port_no;2,147,483,648;ISO/IEC 19075-6(2021);Anti Join;Semi Join;no_rows_insert_clause	APB-000003;APB-000015;APB-000017	yes	attachment_update	done	Stage 3 attachment route generated from completed scope row; use exact source blocks and missing-input prompts before item-level production claims.
S3-SCOPE-006	J009	S3-J008	GPTs/attachments/05_data_types_properties.md	05. Data Types and Properties	SRC-000072	repo	product_source	sql_reference	SQL Reference	7.1	Korean authoritative	SHARD-013	BLOCK-000884	SRC-000072/BLOCK-000884	pass	SQL-141;SQL-115;SQL-118;SQL-120;SQL-123;SQL-125;SQL-130;SQL-131;SQL-132;SQL-133;SQL-134;SQL-135;SQL-136;SQL-137;SQL-138;SQL-139;SQL-142;SQL-143;SQL-144;SQL-116;SQL-119;SQL-126	DECODE;arg1;expr1;0-9;A-Z;a-z;D$;X$;POSIX Basic Regular Expression;replace_string;replication_host_ip;replication_host_port_no;2,147,483,648;ISO/IEC 19075-6(2021);Anti Join;Semi Join;no_rows_insert_clause	APB-000003;APB-000015;APB-000017	yes	attachment_update	done	Stage 3 attachment route generated from completed scope row; use exact source blocks and missing-input prompts before item-level production claims.
S3-SCOPE-006	J009	S3-J008	GPTs/attachments/05_data_types_properties.md	05. Data Types and Properties	SRC-000120	repo	product_source	general_reference_1_datatypes_properties	Altibase 7.3	7.3	Korean authoritative	SHARD-008	BLOCK-000517	SRC-000120/BLOCK-000517	pass	SQL-141;SQL-115;SQL-118;SQL-120;SQL-123;SQL-125;SQL-130;SQL-131;SQL-132;SQL-133;SQL-134;SQL-135;SQL-136;SQL-137;SQL-138;SQL-139;SQL-142;SQL-143;SQL-144;SQL-116;SQL-119;SQL-126	DECODE;arg1;expr1;0-9;A-Z;a-z;D$;X$;POSIX Basic Regular Expression;replace_string;replication_host_ip;replication_host_port_no;2,147,483,648;ISO/IEC 19075-6(2021);Anti Join;Semi Join;no_rows_insert_clause	APB-000003;APB-000015;APB-000017	yes	attachment_update	done	Stage 3 attachment route generated from completed scope row; use exact source blocks and missing-input prompts before item-level production claims.
S3-SCOPE-006	J009	S3-J008	GPTs/attachments/05_data_types_properties.md	05. Data Types and Properties	SRC-000134	repo	product_source	sql_reference	Altibase 7.3	7.3	Korean authoritative	SHARD-014	BLOCK-000886	SRC-000134/BLOCK-000886	pass	SQL-141;SQL-115;SQL-118;SQL-120;SQL-123;SQL-125;SQL-130;SQL-131;SQL-132;SQL-133;SQL-134;SQL-135;SQL-136;SQL-137;SQL-138;SQL-139;SQL-142;SQL-143;SQL-144;SQL-116;SQL-119;SQL-126	DECODE;arg1;expr1;0-9;A-Z;a-z;D$;X$;POSIX Basic Regular Expression;replace_string;replication_host_ip;replication_host_port_no;2,147,483,648;ISO/IEC 19075-6(2021);Anti Join;Semi Join;no_rows_insert_clause	APB-000003;APB-000015;APB-000017	yes	attachment_update	done	Stage 3 attachment route generated from completed scope row; use exact source blocks and missing-input prompts before item-level production claims.
S3-SCOPE-006	J009	S3-J008	GPTs/attachments/05_data_types_properties.md	05. Data Types and Properties	SRC-000172	repo	product_source	migration_oracle	Trunk	8.1_verified	Korean authoritative; Altibase 8.1 verified source	SHARD-010	BLOCK-000574	SRC-000172/BLOCK-000574	pass	SQL-141;SQL-115;SQL-118;SQL-120;SQL-123;SQL-125;SQL-130;SQL-131;SQL-132;SQL-133;SQL-134;SQL-135;SQL-136;SQL-137;SQL-138;SQL-139;SQL-142;SQL-143;SQL-144;SQL-116;SQL-119;SQL-126	DECODE;arg1;expr1;0-9;A-Z;a-z;D$;X$;POSIX Basic Regular Expression;replace_string;replication_host_ip;replication_host_port_no;2,147,483,648;ISO/IEC 19075-6(2021);Anti Join;Semi Join;no_rows_insert_clause	APB-000003;APB-000015;APB-000017	yes	attachment_update	done	Stage 3 attachment route generated from completed scope row; use exact source blocks and missing-input prompts before item-level production claims.
S3-SCOPE-006	J009	S3-J008	GPTs/attachments/05_data_types_properties.md	05. Data Types and Properties	SRC-000180	repo	product_source	general_reference_1_datatypes_properties	General Reference-1.Data Types & Altibase Properties	8.1_verified	Korean authoritative; Altibase 8.1 verified source	SHARD-008	BLOCK-000519	SRC-000180/BLOCK-000519	pass	SQL-141;SQL-115;SQL-118;SQL-120;SQL-123;SQL-125;SQL-130;SQL-131;SQL-132;SQL-133;SQL-134;SQL-135;SQL-136;SQL-137;SQL-138;SQL-139;SQL-142;SQL-143;SQL-144;SQL-116;SQL-119;SQL-126	DECODE;arg1;expr1;0-9;A-Z;a-z;D$;X$;POSIX Basic Regular Expression;replace_string;replication_host_ip;replication_host_port_no;2,147,483,648;ISO/IEC 19075-6(2021);Anti Join;Semi Join;no_rows_insert_clause	APB-000003;APB-000015;APB-000017	yes	attachment_update	done	Stage 3 attachment route generated from completed scope row; use exact source blocks and missing-input prompts before item-level production claims.
S3-SCOPE-006	J009	S3-J008	GPTs/attachments/05_data_types_properties.md	05. Data Types and Properties	SRC-000194	repo	product_source	sql_reference	Trunk	8.1_verified	Korean authoritative; Altibase 8.1 verified source	SHARD-014	BLOCK-000888	SRC-000194/BLOCK-000888	pass	SQL-141;SQL-115;SQL-118;SQL-120;SQL-123;SQL-125;SQL-130;SQL-131;SQL-132;SQL-133;SQL-134;SQL-135;SQL-136;SQL-137;SQL-138;SQL-139;SQL-142;SQL-143;SQL-144;SQL-116;SQL-119;SQL-126	DECODE;arg1;expr1;0-9;A-Z;a-z;D$;X$;POSIX Basic Regular Expression;replace_string;replication_host_ip;replication_host_port_no;2,147,483,648;ISO/IEC 19075-6(2021);Anti Join;Semi Join;no_rows_insert_clause	APB-000003;APB-000015;APB-000017	yes	attachment_update	done	Stage 3 attachment route generated from completed scope row; use exact source blocks and missing-input prompts before item-level production claims.
S3-SCOPE-006	J009	S3-J008	GPTs/attachments/05_data_types_properties.md	05. Data Types and Properties	SRC-000452	repo	release_note	release_notes_platform	1. 시스템 요구사항	8.1.0.0.1	Korean authoritative; Altibase 8.1 verified source	SHARD-012	BLOCK-000826	SRC-000452/BLOCK-000826	pass	SQL-141;SQL-115;SQL-118;SQL-120;SQL-123;SQL-125;SQL-130;SQL-131;SQL-132;SQL-133;SQL-134;SQL-135;SQL-136;SQL-137;SQL-138;SQL-139;SQL-142;SQL-143;SQL-144;SQL-116;SQL-119;SQL-126	DECODE;arg1;expr1;0-9;A-Z;a-z;D$;X$;POSIX Basic Regular Expression;replace_string;replication_host_ip;replication_host_port_no;2,147,483,648;ISO/IEC 19075-6(2021);Anti Join;Semi Join;no_rows_insert_clause	APB-000003;APB-000015;APB-000017	yes	attachment_update	done	Stage 3 attachment route generated from completed scope row; use exact source blocks and missing-input prompts before item-level production claims.
S3-SCOPE-006	J009	S3-J008	GPTs/attachments/15_migration_oracle_compatibility.md	15. Migration and Oracle Compatibility	SRC-000072	repo	product_source	sql_reference	SQL Reference	7.1	Korean authoritative	SHARD-013	BLOCK-000884	SRC-000072/BLOCK-000884	pass	SQL-141;SQL-115;SQL-118;SQL-120;SQL-123;SQL-125;SQL-130;SQL-131;SQL-132;SQL-133;SQL-134;SQL-135;SQL-136;SQL-137;SQL-138;SQL-139;SQL-142;SQL-143;SQL-144;SQL-116;SQL-119;SQL-126	DECODE;arg1;expr1;0-9;A-Z;a-z;D$;X$;POSIX Basic Regular Expression;replace_string;replication_host_ip;replication_host_port_no;2,147,483,648;ISO/IEC 19075-6(2021);Anti Join;Semi Join;no_rows_insert_clause	APB-000003;APB-000015;APB-000017	yes	attachment_update	done	Stage 3 attachment route generated from completed scope row; use exact source blocks and missing-input prompts before item-level production claims.
S3-SCOPE-006	J009	S3-J008	GPTs/attachments/15_migration_oracle_compatibility.md	15. Migration and Oracle Compatibility	SRC-000120	repo	product_source	general_reference_1_datatypes_properties	Altibase 7.3	7.3	Korean authoritative	SHARD-008	BLOCK-000517	SRC-000120/BLOCK-000517	pass	SQL-141;SQL-115;SQL-118;SQL-120;SQL-123;SQL-125;SQL-130;SQL-131;SQL-132;SQL-133;SQL-134;SQL-135;SQL-136;SQL-137;SQL-138;SQL-139;SQL-142;SQL-143;SQL-144;SQL-116;SQL-119;SQL-126	DECODE;arg1;expr1;0-9;A-Z;a-z;D$;X$;POSIX Basic Regular Expression;replace_string;replication_host_ip;replication_host_port_no;2,147,483,648;ISO/IEC 19075-6(2021);Anti Join;Semi Join;no_rows_insert_clause	APB-000003;APB-000015;APB-000017	yes	attachment_update	done	Stage 3 attachment route generated from completed scope row; use exact source blocks and missing-input prompts before item-level production claims.
S3-SCOPE-006	J009	S3-J008	GPTs/attachments/15_migration_oracle_compatibility.md	15. Migration and Oracle Compatibility	SRC-000134	repo	product_source	sql_reference	Altibase 7.3	7.3	Korean authoritative	SHARD-014	BLOCK-000886	SRC-000134/BLOCK-000886	pass	SQL-141;SQL-115;SQL-118;SQL-120;SQL-123;SQL-125;SQL-130;SQL-131;SQL-132;SQL-133;SQL-134;SQL-135;SQL-136;SQL-137;SQL-138;SQL-139;SQL-142;SQL-143;SQL-144;SQL-116;SQL-119;SQL-126	DECODE;arg1;expr1;0-9;A-Z;a-z;D$;X$;POSIX Basic Regular Expression;replace_string;replication_host_ip;replication_host_port_no;2,147,483,648;ISO/IEC 19075-6(2021);Anti Join;Semi Join;no_rows_insert_clause	APB-000003;APB-000015;APB-000017	yes	attachment_update	done	Stage 3 attachment route generated from completed scope row; use exact source blocks and missing-input prompts before item-level production claims.
S3-SCOPE-006	J009	S3-J008	GPTs/attachments/15_migration_oracle_compatibility.md	15. Migration and Oracle Compatibility	SRC-000172	repo	product_source	migration_oracle	Trunk	8.1_verified	Korean authoritative; Altibase 8.1 verified source	SHARD-010	BLOCK-000574	SRC-000172/BLOCK-000574	pass	SQL-141;SQL-115;SQL-118;SQL-120;SQL-123;SQL-125;SQL-130;SQL-131;SQL-132;SQL-133;SQL-134;SQL-135;SQL-136;SQL-137;SQL-138;SQL-139;SQL-142;SQL-143;SQL-144;SQL-116;SQL-119;SQL-126	DECODE;arg1;expr1;0-9;A-Z;a-z;D$;X$;POSIX Basic Regular Expression;replace_string;replication_host_ip;replication_host_port_no;2,147,483,648;ISO/IEC 19075-6(2021);Anti Join;Semi Join;no_rows_insert_clause	APB-000003;APB-000015;APB-000017	yes	attachment_update	done	Stage 3 attachment route generated from completed scope row; use exact source blocks and missing-input prompts before item-level production claims.
S3-SCOPE-006	J009	S3-J008	GPTs/attachments/15_migration_oracle_compatibility.md	15. Migration and Oracle Compatibility	SRC-000180	repo	product_source	general_reference_1_datatypes_properties	General Reference-1.Data Types & Altibase Properties	8.1_verified	Korean authoritative; Altibase 8.1 verified source	SHARD-008	BLOCK-000519	SRC-000180/BLOCK-000519	pass	SQL-141;SQL-115;SQL-118;SQL-120;SQL-123;SQL-125;SQL-130;SQL-131;SQL-132;SQL-133;SQL-134;SQL-135;SQL-136;SQL-137;SQL-138;SQL-139;SQL-142;SQL-143;SQL-144;SQL-116;SQL-119;SQL-126	DECODE;arg1;expr1;0-9;A-Z;a-z;D$;X$;POSIX Basic Regular Expression;replace_string;replication_host_ip;replication_host_port_no;2,147,483,648;ISO/IEC 19075-6(2021);Anti Join;Semi Join;no_rows_insert_clause	APB-000003;APB-000015;APB-000017	yes	attachment_update	done	Stage 3 attachment route generated from completed scope row; use exact source blocks and missing-input prompts before item-level production claims.
S3-SCOPE-006	J009	S3-J008	GPTs/attachments/15_migration_oracle_compatibility.md	15. Migration and Oracle Compatibility	SRC-000194	repo	product_source	sql_reference	Trunk	8.1_verified	Korean authoritative; Altibase 8.1 verified source	SHARD-014	BLOCK-000888	SRC-000194/BLOCK-000888	pass	SQL-141;SQL-115;SQL-118;SQL-120;SQL-123;SQL-125;SQL-130;SQL-131;SQL-132;SQL-133;SQL-134;SQL-135;SQL-136;SQL-137;SQL-138;SQL-139;SQL-142;SQL-143;SQL-144;SQL-116;SQL-119;SQL-126	DECODE;arg1;expr1;0-9;A-Z;a-z;D$;X$;POSIX Basic Regular Expression;replace_string;replication_host_ip;replication_host_port_no;2,147,483,648;ISO/IEC 19075-6(2021);Anti Join;Semi Join;no_rows_insert_clause	APB-000003;APB-000015;APB-000017	yes	attachment_update	done	Stage 3 attachment route generated from completed scope row; use exact source blocks and missing-input prompts before item-level production claims.
S3-SCOPE-006	J009	S3-J008	GPTs/attachments/15_migration_oracle_compatibility.md	15. Migration and Oracle Compatibility	SRC-000452	repo	release_note	release_notes_platform	1. 시스템 요구사항	8.1.0.0.1	Korean authoritative; Altibase 8.1 verified source	SHARD-012	BLOCK-000826	SRC-000452/BLOCK-000826	pass	SQL-141;SQL-115;SQL-118;SQL-120;SQL-123;SQL-125;SQL-130;SQL-131;SQL-132;SQL-133;SQL-134;SQL-135;SQL-136;SQL-137;SQL-138;SQL-139;SQL-142;SQL-143;SQL-144;SQL-116;SQL-119;SQL-126	DECODE;arg1;expr1;0-9;A-Z;a-z;D$;X$;POSIX Basic Regular Expression;replace_string;replication_host_ip;replication_host_port_no;2,147,483,648;ISO/IEC 19075-6(2021);Anti Join;Semi Join;no_rows_insert_clause	APB-000003;APB-000015;APB-000017	yes	attachment_update	done	Stage 3 attachment route generated from completed scope row; use exact source blocks and missing-input prompts before item-level production claims.
S3-SCOPE-007	J010	S3-J009	GPTs/attachments/07_error_messages_troubleshooting.md	07. Error Messages and Troubleshooting	SRC-000087	repo	product_source	error_message_reference	Error Message Reference	7.3	English extraction aid	SHARD-007	BLOCK-000510	SRC-000087/BLOCK-000510	pass	ERR-104;ERR-110;ERR-113;ERR-120;ERR-122;ERR-127;ERR-128;ERR-130;ERR-103;ERR-106;ERR-107;ERR-108;ERR-112;ERR-114;ERR-115;ERR-116;ERR-117;ERR-119;ERR-121;ERR-124;ERR-125;ERR-101;ERR-102;ERR-105;ERR-109;ERR-111;ERR-118;ERR-123;ERR-129	0x31010;0x31011;0x31012;0x31013;0x31014;0x31017;0x4102E;0x0001F;0x311B1;0x31293;0x4107C;ERR-00015;long-term lock;deadlock;Unable to bind the INET socket	APB-000013;APB-000017	yes	attachment_update	done	Stage 3 attachment route generated from completed scope row; use exact source blocks and missing-input prompts before item-level production claims.
S3-SCOPE-007	J010	S3-J009	GPTs/attachments/07_error_messages_troubleshooting.md	07. Error Messages and Troubleshooting	SRC-000106	repo	product_source	utilities_datacompj	Altibase 7.3	7.3	English extraction aid	SHARD-015	BLOCK-000928	SRC-000106/BLOCK-000928	pass	ERR-104;ERR-110;ERR-113;ERR-120;ERR-122;ERR-127;ERR-128;ERR-130;ERR-103;ERR-106;ERR-107;ERR-108;ERR-112;ERR-114;ERR-115;ERR-116;ERR-117;ERR-119;ERR-121;ERR-124;ERR-125;ERR-101;ERR-102;ERR-105;ERR-109;ERR-111;ERR-118;ERR-123;ERR-129	0x31010;0x31011;0x31012;0x31013;0x31014;0x31017;0x4102E;0x0001F;0x311B1;0x31293;0x4107C;ERR-00015;long-term lock;deadlock;Unable to bind the INET socket	APB-000013;APB-000017	yes	attachment_update	done	Stage 3 attachment route generated from completed scope row; use exact source blocks and missing-input prompts before item-level production claims.
S3-SCOPE-007	J010	S3-J009	GPTs/attachments/07_error_messages_troubleshooting.md	07. Error Messages and Troubleshooting	SRC-000107	repo	product_source	isql_iloader	Altibase 7.3	7.3	English extraction aid	SHARD-009	BLOCK-000542	SRC-000107/BLOCK-000542	pass	ERR-104;ERR-110;ERR-113;ERR-120;ERR-122;ERR-127;ERR-128;ERR-130;ERR-103;ERR-106;ERR-107;ERR-108;ERR-112;ERR-114;ERR-115;ERR-116;ERR-117;ERR-119;ERR-121;ERR-124;ERR-125;ERR-101;ERR-102;ERR-105;ERR-109;ERR-111;ERR-118;ERR-123;ERR-129	0x31010;0x31011;0x31012;0x31013;0x31014;0x31017;0x4102E;0x0001F;0x311B1;0x31293;0x4107C;ERR-00015;long-term lock;deadlock;Unable to bind the INET socket	APB-000013;APB-000017	yes	attachment_update	done	Stage 3 attachment route generated from completed scope row; use exact source blocks and missing-input prompts before item-level production claims.
S3-SCOPE-007	J010	S3-J009	GPTs/attachments/07_error_messages_troubleshooting.md	07. Error Messages and Troubleshooting	SRC-000118	repo	product_source	error_message_reference	Altibase 7.3	7.3	Korean authoritative	SHARD-007	BLOCK-000511	SRC-000118/BLOCK-000511	pass	ERR-104;ERR-110;ERR-113;ERR-120;ERR-122;ERR-127;ERR-128;ERR-130;ERR-103;ERR-106;ERR-107;ERR-108;ERR-112;ERR-114;ERR-115;ERR-116;ERR-117;ERR-119;ERR-121;ERR-124;ERR-125;ERR-101;ERR-102;ERR-105;ERR-109;ERR-111;ERR-118;ERR-123;ERR-129	0x31010;0x31011;0x31012;0x31013;0x31014;0x31017;0x4102E;0x0001F;0x311B1;0x31293;0x4107C;ERR-00015;long-term lock;deadlock;Unable to bind the INET socket	APB-000013;APB-000017	yes	attachment_update	done	Stage 3 attachment route generated from completed scope row; use exact source blocks and missing-input prompts before item-level production claims.
S3-SCOPE-007	J010	S3-J009	GPTs/attachments/07_error_messages_troubleshooting.md	07. Error Messages and Troubleshooting	SRC-000137	repo	product_source	utilities_datacompj	Altibase 7.3	7.3	Korean authoritative	SHARD-016	BLOCK-000929	SRC-000137/BLOCK-000929	pass	ERR-104;ERR-110;ERR-113;ERR-120;ERR-122;ERR-127;ERR-128;ERR-130;ERR-103;ERR-106;ERR-107;ERR-108;ERR-112;ERR-114;ERR-115;ERR-116;ERR-117;ERR-119;ERR-121;ERR-124;ERR-125;ERR-101;ERR-102;ERR-105;ERR-109;ERR-111;ERR-118;ERR-123;ERR-129	0x31010;0x31011;0x31012;0x31013;0x31014;0x31017;0x4102E;0x0001F;0x311B1;0x31293;0x4107C;ERR-00015;long-term lock;deadlock;Unable to bind the INET socket	APB-000013;APB-000017	yes	attachment_update	done	Stage 3 attachment route generated from completed scope row; use exact source blocks and missing-input prompts before item-level production claims.
S3-SCOPE-007	J010	S3-J009	GPTs/attachments/07_error_messages_troubleshooting.md	07. Error Messages and Troubleshooting	SRC-000138	repo	product_source	isql_iloader	Altibase 7.3	7.3	Korean authoritative	SHARD-009	BLOCK-000544	SRC-000138/BLOCK-000544	pass	ERR-104;ERR-110;ERR-113;ERR-120;ERR-122;ERR-127;ERR-128;ERR-130;ERR-103;ERR-106;ERR-107;ERR-108;ERR-112;ERR-114;ERR-115;ERR-116;ERR-117;ERR-119;ERR-121;ERR-124;ERR-125;ERR-101;ERR-102;ERR-105;ERR-109;ERR-111;ERR-118;ERR-123;ERR-129	0x31010;0x31011;0x31012;0x31013;0x31014;0x31017;0x4102E;0x0001F;0x311B1;0x31293;0x4107C;ERR-00015;long-term lock;deadlock;Unable to bind the INET socket	APB-000013;APB-000017	yes	attachment_update	done	Stage 3 attachment route generated from completed scope row; use exact source blocks and missing-input prompts before item-level production claims.
S3-SCOPE-007	J010	S3-J009	GPTs/attachments/07_error_messages_troubleshooting.md	07. Error Messages and Troubleshooting	SRC-000178	repo	product_source	error_message_reference	Trunk	8.1_verified	Korean authoritative; Altibase 8.1 verified source	SHARD-007	BLOCK-000513	SRC-000178/BLOCK-000513	pass	ERR-104;ERR-110;ERR-113;ERR-120;ERR-122;ERR-127;ERR-128;ERR-130;ERR-103;ERR-106;ERR-107;ERR-108;ERR-112;ERR-114;ERR-115;ERR-116;ERR-117;ERR-119;ERR-121;ERR-124;ERR-125;ERR-101;ERR-102;ERR-105;ERR-109;ERR-111;ERR-118;ERR-123;ERR-129	0x31010;0x31011;0x31012;0x31013;0x31014;0x31017;0x4102E;0x0001F;0x311B1;0x31293;0x4107C;ERR-00015;long-term lock;deadlock;Unable to bind the INET socket	APB-000013;APB-000017	yes	attachment_update	done	Stage 3 attachment route generated from completed scope row; use exact source blocks and missing-input prompts before item-level production claims.
S3-SCOPE-007	J010	S3-J009	GPTs/attachments/13_isql_iloader_basic_tools.md	13. iSQL, iLoader, and Basic Tools	SRC-000087	repo	product_source	error_message_reference	Error Message Reference	7.3	English extraction aid	SHARD-007	BLOCK-000510	SRC-000087/BLOCK-000510	pass	ERR-104;ERR-110;ERR-113;ERR-120;ERR-122;ERR-127;ERR-128;ERR-130;ERR-103;ERR-106;ERR-107;ERR-108;ERR-112;ERR-114;ERR-115;ERR-116;ERR-117;ERR-119;ERR-121;ERR-124;ERR-125;ERR-101;ERR-102;ERR-105;ERR-109;ERR-111;ERR-118;ERR-123;ERR-129	0x31010;0x31011;0x31012;0x31013;0x31014;0x31017;0x4102E;0x0001F;0x311B1;0x31293;0x4107C;ERR-00015;long-term lock;deadlock;Unable to bind the INET socket	APB-000013;APB-000017	yes	attachment_update	done	Stage 3 attachment route generated from completed scope row; use exact source blocks and missing-input prompts before item-level production claims.
S3-SCOPE-007	J010	S3-J009	GPTs/attachments/13_isql_iloader_basic_tools.md	13. iSQL, iLoader, and Basic Tools	SRC-000106	repo	product_source	utilities_datacompj	Altibase 7.3	7.3	English extraction aid	SHARD-015	BLOCK-000928	SRC-000106/BLOCK-000928	pass	ERR-104;ERR-110;ERR-113;ERR-120;ERR-122;ERR-127;ERR-128;ERR-130;ERR-103;ERR-106;ERR-107;ERR-108;ERR-112;ERR-114;ERR-115;ERR-116;ERR-117;ERR-119;ERR-121;ERR-124;ERR-125;ERR-101;ERR-102;ERR-105;ERR-109;ERR-111;ERR-118;ERR-123;ERR-129	0x31010;0x31011;0x31012;0x31013;0x31014;0x31017;0x4102E;0x0001F;0x311B1;0x31293;0x4107C;ERR-00015;long-term lock;deadlock;Unable to bind the INET socket	APB-000013;APB-000017	yes	attachment_update	done	Stage 3 attachment route generated from completed scope row; use exact source blocks and missing-input prompts before item-level production claims.
S3-SCOPE-007	J010	S3-J009	GPTs/attachments/13_isql_iloader_basic_tools.md	13. iSQL, iLoader, and Basic Tools	SRC-000107	repo	product_source	isql_iloader	Altibase 7.3	7.3	English extraction aid	SHARD-009	BLOCK-000542	SRC-000107/BLOCK-000542	pass	ERR-104;ERR-110;ERR-113;ERR-120;ERR-122;ERR-127;ERR-128;ERR-130;ERR-103;ERR-106;ERR-107;ERR-108;ERR-112;ERR-114;ERR-115;ERR-116;ERR-117;ERR-119;ERR-121;ERR-124;ERR-125;ERR-101;ERR-102;ERR-105;ERR-109;ERR-111;ERR-118;ERR-123;ERR-129	0x31010;0x31011;0x31012;0x31013;0x31014;0x31017;0x4102E;0x0001F;0x311B1;0x31293;0x4107C;ERR-00015;long-term lock;deadlock;Unable to bind the INET socket	APB-000013;APB-000017	yes	attachment_update	done	Stage 3 attachment route generated from completed scope row; use exact source blocks and missing-input prompts before item-level production claims.
S3-SCOPE-007	J010	S3-J009	GPTs/attachments/13_isql_iloader_basic_tools.md	13. iSQL, iLoader, and Basic Tools	SRC-000118	repo	product_source	error_message_reference	Altibase 7.3	7.3	Korean authoritative	SHARD-007	BLOCK-000511	SRC-000118/BLOCK-000511	pass	ERR-104;ERR-110;ERR-113;ERR-120;ERR-122;ERR-127;ERR-128;ERR-130;ERR-103;ERR-106;ERR-107;ERR-108;ERR-112;ERR-114;ERR-115;ERR-116;ERR-117;ERR-119;ERR-121;ERR-124;ERR-125;ERR-101;ERR-102;ERR-105;ERR-109;ERR-111;ERR-118;ERR-123;ERR-129	0x31010;0x31011;0x31012;0x31013;0x31014;0x31017;0x4102E;0x0001F;0x311B1;0x31293;0x4107C;ERR-00015;long-term lock;deadlock;Unable to bind the INET socket	APB-000013;APB-000017	yes	attachment_update	done	Stage 3 attachment route generated from completed scope row; use exact source blocks and missing-input prompts before item-level production claims.
S3-SCOPE-007	J010	S3-J009	GPTs/attachments/13_isql_iloader_basic_tools.md	13. iSQL, iLoader, and Basic Tools	SRC-000137	repo	product_source	utilities_datacompj	Altibase 7.3	7.3	Korean authoritative	SHARD-016	BLOCK-000929	SRC-000137/BLOCK-000929	pass	ERR-104;ERR-110;ERR-113;ERR-120;ERR-122;ERR-127;ERR-128;ERR-130;ERR-103;ERR-106;ERR-107;ERR-108;ERR-112;ERR-114;ERR-115;ERR-116;ERR-117;ERR-119;ERR-121;ERR-124;ERR-125;ERR-101;ERR-102;ERR-105;ERR-109;ERR-111;ERR-118;ERR-123;ERR-129	0x31010;0x31011;0x31012;0x31013;0x31014;0x31017;0x4102E;0x0001F;0x311B1;0x31293;0x4107C;ERR-00015;long-term lock;deadlock;Unable to bind the INET socket	APB-000013;APB-000017	yes	attachment_update	done	Stage 3 attachment route generated from completed scope row; use exact source blocks and missing-input prompts before item-level production claims.
S3-SCOPE-007	J010	S3-J009	GPTs/attachments/13_isql_iloader_basic_tools.md	13. iSQL, iLoader, and Basic Tools	SRC-000138	repo	product_source	isql_iloader	Altibase 7.3	7.3	Korean authoritative	SHARD-009	BLOCK-000544	SRC-000138/BLOCK-000544	pass	ERR-104;ERR-110;ERR-113;ERR-120;ERR-122;ERR-127;ERR-128;ERR-130;ERR-103;ERR-106;ERR-107;ERR-108;ERR-112;ERR-114;ERR-115;ERR-116;ERR-117;ERR-119;ERR-121;ERR-124;ERR-125;ERR-101;ERR-102;ERR-105;ERR-109;ERR-111;ERR-118;ERR-123;ERR-129	0x31010;0x31011;0x31012;0x31013;0x31014;0x31017;0x4102E;0x0001F;0x311B1;0x31293;0x4107C;ERR-00015;long-term lock;deadlock;Unable to bind the INET socket	APB-000013;APB-000017	yes	attachment_update	done	Stage 3 attachment route generated from completed scope row; use exact source blocks and missing-input prompts before item-level production claims.
S3-SCOPE-007	J010	S3-J009	GPTs/attachments/13_isql_iloader_basic_tools.md	13. iSQL, iLoader, and Basic Tools	SRC-000178	repo	product_source	error_message_reference	Trunk	8.1_verified	Korean authoritative; Altibase 8.1 verified source	SHARD-007	BLOCK-000513	SRC-000178/BLOCK-000513	pass	ERR-104;ERR-110;ERR-113;ERR-120;ERR-122;ERR-127;ERR-128;ERR-130;ERR-103;ERR-106;ERR-107;ERR-108;ERR-112;ERR-114;ERR-115;ERR-116;ERR-117;ERR-119;ERR-121;ERR-124;ERR-125;ERR-101;ERR-102;ERR-105;ERR-109;ERR-111;ERR-118;ERR-123;ERR-129	0x31010;0x31011;0x31012;0x31013;0x31014;0x31017;0x4102E;0x0001F;0x311B1;0x31293;0x4107C;ERR-00015;long-term lock;deadlock;Unable to bind the INET socket	APB-000013;APB-000017	yes	attachment_update	done	Stage 3 attachment route generated from completed scope row; use exact source blocks and missing-input prompts before item-level production claims.
S3-SCOPE-007	J010	S3-J009	GPTs/attachments/14_utilities_operation_tools.md	14. Operations Utilities	SRC-000087	repo	product_source	error_message_reference	Error Message Reference	7.3	English extraction aid	SHARD-007	BLOCK-000510	SRC-000087/BLOCK-000510	pass	ERR-104;ERR-110;ERR-113;ERR-120;ERR-122;ERR-127;ERR-128;ERR-130;ERR-103;ERR-106;ERR-107;ERR-108;ERR-112;ERR-114;ERR-115;ERR-116;ERR-117;ERR-119;ERR-121;ERR-124;ERR-125;ERR-101;ERR-102;ERR-105;ERR-109;ERR-111;ERR-118;ERR-123;ERR-129	0x31010;0x31011;0x31012;0x31013;0x31014;0x31017;0x4102E;0x0001F;0x311B1;0x31293;0x4107C;ERR-00015;long-term lock;deadlock;Unable to bind the INET socket	APB-000013;APB-000017	yes	attachment_update	done	Stage 3 attachment route generated from completed scope row; use exact source blocks and missing-input prompts before item-level production claims.
S3-SCOPE-007	J010	S3-J009	GPTs/attachments/14_utilities_operation_tools.md	14. Operations Utilities	SRC-000106	repo	product_source	utilities_datacompj	Altibase 7.3	7.3	English extraction aid	SHARD-015	BLOCK-000928	SRC-000106/BLOCK-000928	pass	ERR-104;ERR-110;ERR-113;ERR-120;ERR-122;ERR-127;ERR-128;ERR-130;ERR-103;ERR-106;ERR-107;ERR-108;ERR-112;ERR-114;ERR-115;ERR-116;ERR-117;ERR-119;ERR-121;ERR-124;ERR-125;ERR-101;ERR-102;ERR-105;ERR-109;ERR-111;ERR-118;ERR-123;ERR-129	0x31010;0x31011;0x31012;0x31013;0x31014;0x31017;0x4102E;0x0001F;0x311B1;0x31293;0x4107C;ERR-00015;long-term lock;deadlock;Unable to bind the INET socket	APB-000013;APB-000017	yes	attachment_update	done	Stage 3 attachment route generated from completed scope row; use exact source blocks and missing-input prompts before item-level production claims.
S3-SCOPE-007	J010	S3-J009	GPTs/attachments/14_utilities_operation_tools.md	14. Operations Utilities	SRC-000107	repo	product_source	isql_iloader	Altibase 7.3	7.3	English extraction aid	SHARD-009	BLOCK-000542	SRC-000107/BLOCK-000542	pass	ERR-104;ERR-110;ERR-113;ERR-120;ERR-122;ERR-127;ERR-128;ERR-130;ERR-103;ERR-106;ERR-107;ERR-108;ERR-112;ERR-114;ERR-115;ERR-116;ERR-117;ERR-119;ERR-121;ERR-124;ERR-125;ERR-101;ERR-102;ERR-105;ERR-109;ERR-111;ERR-118;ERR-123;ERR-129	0x31010;0x31011;0x31012;0x31013;0x31014;0x31017;0x4102E;0x0001F;0x311B1;0x31293;0x4107C;ERR-00015;long-term lock;deadlock;Unable to bind the INET socket	APB-000013;APB-000017	yes	attachment_update	done	Stage 3 attachment route generated from completed scope row; use exact source blocks and missing-input prompts before item-level production claims.
S3-SCOPE-007	J010	S3-J009	GPTs/attachments/14_utilities_operation_tools.md	14. Operations Utilities	SRC-000118	repo	product_source	error_message_reference	Altibase 7.3	7.3	Korean authoritative	SHARD-007	BLOCK-000511	SRC-000118/BLOCK-000511	pass	ERR-104;ERR-110;ERR-113;ERR-120;ERR-122;ERR-127;ERR-128;ERR-130;ERR-103;ERR-106;ERR-107;ERR-108;ERR-112;ERR-114;ERR-115;ERR-116;ERR-117;ERR-119;ERR-121;ERR-124;ERR-125;ERR-101;ERR-102;ERR-105;ERR-109;ERR-111;ERR-118;ERR-123;ERR-129	0x31010;0x31011;0x31012;0x31013;0x31014;0x31017;0x4102E;0x0001F;0x311B1;0x31293;0x4107C;ERR-00015;long-term lock;deadlock;Unable to bind the INET socket	APB-000013;APB-000017	yes	attachment_update	done	Stage 3 attachment route generated from completed scope row; use exact source blocks and missing-input prompts before item-level production claims.
S3-SCOPE-007	J010	S3-J009	GPTs/attachments/14_utilities_operation_tools.md	14. Operations Utilities	SRC-000137	repo	product_source	utilities_datacompj	Altibase 7.3	7.3	Korean authoritative	SHARD-016	BLOCK-000929	SRC-000137/BLOCK-000929	pass	ERR-104;ERR-110;ERR-113;ERR-120;ERR-122;ERR-127;ERR-128;ERR-130;ERR-103;ERR-106;ERR-107;ERR-108;ERR-112;ERR-114;ERR-115;ERR-116;ERR-117;ERR-119;ERR-121;ERR-124;ERR-125;ERR-101;ERR-102;ERR-105;ERR-109;ERR-111;ERR-118;ERR-123;ERR-129	0x31010;0x31011;0x31012;0x31013;0x31014;0x31017;0x4102E;0x0001F;0x311B1;0x31293;0x4107C;ERR-00015;long-term lock;deadlock;Unable to bind the INET socket	APB-000013;APB-000017	yes	attachment_update	done	Stage 3 attachment route generated from completed scope row; use exact source blocks and missing-input prompts before item-level production claims.
S3-SCOPE-007	J010	S3-J009	GPTs/attachments/14_utilities_operation_tools.md	14. Operations Utilities	SRC-000138	repo	product_source	isql_iloader	Altibase 7.3	7.3	Korean authoritative	SHARD-009	BLOCK-000544	SRC-000138/BLOCK-000544	pass	ERR-104;ERR-110;ERR-113;ERR-120;ERR-122;ERR-127;ERR-128;ERR-130;ERR-103;ERR-106;ERR-107;ERR-108;ERR-112;ERR-114;ERR-115;ERR-116;ERR-117;ERR-119;ERR-121;ERR-124;ERR-125;ERR-101;ERR-102;ERR-105;ERR-109;ERR-111;ERR-118;ERR-123;ERR-129	0x31010;0x31011;0x31012;0x31013;0x31014;0x31017;0x4102E;0x0001F;0x311B1;0x31293;0x4107C;ERR-00015;long-term lock;deadlock;Unable to bind the INET socket	APB-000013;APB-000017	yes	attachment_update	done	Stage 3 attachment route generated from completed scope row; use exact source blocks and missing-input prompts before item-level production claims.
S3-SCOPE-007	J010	S3-J009	GPTs/attachments/14_utilities_operation_tools.md	14. Operations Utilities	SRC-000178	repo	product_source	error_message_reference	Trunk	8.1_verified	Korean authoritative; Altibase 8.1 verified source	SHARD-007	BLOCK-000513	SRC-000178/BLOCK-000513	pass	ERR-104;ERR-110;ERR-113;ERR-120;ERR-122;ERR-127;ERR-128;ERR-130;ERR-103;ERR-106;ERR-107;ERR-108;ERR-112;ERR-114;ERR-115;ERR-116;ERR-117;ERR-119;ERR-121;ERR-124;ERR-125;ERR-101;ERR-102;ERR-105;ERR-109;ERR-111;ERR-118;ERR-123;ERR-129	0x31010;0x31011;0x31012;0x31013;0x31014;0x31017;0x4102E;0x0001F;0x311B1;0x31293;0x4107C;ERR-00015;long-term lock;deadlock;Unable to bind the INET socket	APB-000013;APB-000017	yes	attachment_update	done	Stage 3 attachment route generated from completed scope row; use exact source blocks and missing-input prompts before item-level production claims.
S3-SCOPE-008	J011	S3-J010	GPTs/attachments/01_getting_started_installation.md	01. Getting Started and Installation	SRC-000049	repo	product_source	administrator_operations	Altibase 7.1	7.1	Korean authoritative	SHARD-001	BLOCK-000002	SRC-000049/BLOCK-000002	pass	OPS-102;OPS-105;OPS-126;OPS-128;OPS-130;OPS-131;OPS-101;OPS-107;OPS-108	PRE-PROCESS;PRE_PROCESS;DB_NAME;LOGANCHOR_DIR;LOG_DIR;SERVER_MSGLOG_DIR;GNU glibc 2.12 ~ 2.33;DOWNGRADE;$ALTIBASE_HOME/trc/altibase_qp.log;CREATE USER system privilege	APB-000001;APB-000011;APB-000016;APB-000017	no	attachment_update	done	Stage 3 attachment route generated from completed scope row; use exact source blocks and missing-input prompts before item-level production claims.
S3-SCOPE-008	J011	S3-J010	GPTs/attachments/01_getting_started_installation.md	01. Getting Started and Installation	SRC-000060	repo	product_source	getting_started_installation	Altibase 7.1	7.1	Korean authoritative	SHARD-009	BLOCK-000529	SRC-000060/BLOCK-000529	pass	OPS-102;OPS-105;OPS-126;OPS-128;OPS-130;OPS-131;OPS-101;OPS-107;OPS-108	PRE-PROCESS;PRE_PROCESS;DB_NAME;LOGANCHOR_DIR;LOG_DIR;SERVER_MSGLOG_DIR;GNU glibc 2.12 ~ 2.33;DOWNGRADE;$ALTIBASE_HOME/trc/altibase_qp.log;CREATE USER system privilege	APB-000001;APB-000011;APB-000016;APB-000017	no	attachment_update	done	Stage 3 attachment route generated from completed scope row; use exact source blocks and missing-input prompts before item-level production claims.
S3-SCOPE-008	J011	S3-J010	GPTs/attachments/01_getting_started_installation.md	01. Getting Started and Installation	SRC-000113	repo	product_source	administrator_operations	Altibase 7.3	7.3	Korean authoritative	SHARD-001	BLOCK-000004	SRC-000113/BLOCK-000004	pass	OPS-102;OPS-105;OPS-126;OPS-128;OPS-130;OPS-131;OPS-101;OPS-107;OPS-108	PRE-PROCESS;PRE_PROCESS;DB_NAME;LOGANCHOR_DIR;LOG_DIR;SERVER_MSGLOG_DIR;GNU glibc 2.12 ~ 2.33;DOWNGRADE;$ALTIBASE_HOME/trc/altibase_qp.log;CREATE USER system privilege	APB-000001;APB-000011;APB-000016;APB-000017	no	attachment_update	done	Stage 3 attachment route generated from completed scope row; use exact source blocks and missing-input prompts before item-level production claims.
S3-SCOPE-008	J011	S3-J010	GPTs/attachments/01_getting_started_installation.md	01. Getting Started and Installation	SRC-000124	repo	product_source	getting_started_installation	Altibase 7.3	7.3	Korean authoritative	SHARD-009	BLOCK-000533	SRC-000124/BLOCK-000533	pass	OPS-102;OPS-105;OPS-126;OPS-128;OPS-130;OPS-131;OPS-101;OPS-107;OPS-108	PRE-PROCESS;PRE_PROCESS;DB_NAME;LOGANCHOR_DIR;LOG_DIR;SERVER_MSGLOG_DIR;GNU glibc 2.12 ~ 2.33;DOWNGRADE;$ALTIBASE_HOME/trc/altibase_qp.log;CREATE USER system privilege	APB-000001;APB-000011;APB-000016;APB-000017	no	attachment_update	done	Stage 3 attachment route generated from completed scope row; use exact source blocks and missing-input prompts before item-level production claims.
S3-SCOPE-008	J011	S3-J010	GPTs/attachments/01_getting_started_installation.md	01. Getting Started and Installation	SRC-000173	repo	product_source	administrator_operations	Administrator’s Manual	8.1_verified	Korean authoritative; Altibase 8.1 verified source	SHARD-001	BLOCK-000006	SRC-000173/BLOCK-000006	pass	OPS-102;OPS-105;OPS-126;OPS-128;OPS-130;OPS-131;OPS-101;OPS-107;OPS-108	PRE-PROCESS;PRE_PROCESS;DB_NAME;LOGANCHOR_DIR;LOG_DIR;SERVER_MSGLOG_DIR;GNU glibc 2.12 ~ 2.33;DOWNGRADE;$ALTIBASE_HOME/trc/altibase_qp.log;CREATE USER system privilege	APB-000001;APB-000011;APB-000016;APB-000017	no	attachment_update	done	Stage 3 attachment route generated from completed scope row; use exact source blocks and missing-input prompts before item-level production claims.
S3-SCOPE-008	J011	S3-J010	GPTs/attachments/01_getting_started_installation.md	01. Getting Started and Installation	SRC-000181	repo	product_source	general_reference_2_dictionary_views	Trunk	8.1_verified	Korean authoritative; Altibase 8.1 verified source	SHARD-009	BLOCK-000525	SRC-000181/BLOCK-000525	pass	OPS-102;OPS-105;OPS-126;OPS-128;OPS-130;OPS-131;OPS-101;OPS-107;OPS-108	PRE-PROCESS;PRE_PROCESS;DB_NAME;LOGANCHOR_DIR;LOG_DIR;SERVER_MSGLOG_DIR;GNU glibc 2.12 ~ 2.33;DOWNGRADE;$ALTIBASE_HOME/trc/altibase_qp.log;CREATE USER system privilege	APB-000001;APB-000011;APB-000016;APB-000017	no	attachment_update	done	Stage 3 attachment route generated from completed scope row; use exact source blocks and missing-input prompts before item-level production claims.
S3-SCOPE-008	J011	S3-J010	GPTs/attachments/01_getting_started_installation.md	01. Getting Started and Installation	SRC-000194	repo	product_source	sql_reference	Trunk	8.1_verified	Korean authoritative; Altibase 8.1 verified source	SHARD-014	BLOCK-000888	SRC-000194/BLOCK-000888	pass	OPS-102;OPS-105;OPS-126;OPS-128;OPS-130;OPS-131;OPS-101;OPS-107;OPS-108	PRE-PROCESS;PRE_PROCESS;DB_NAME;LOGANCHOR_DIR;LOG_DIR;SERVER_MSGLOG_DIR;GNU glibc 2.12 ~ 2.33;DOWNGRADE;$ALTIBASE_HOME/trc/altibase_qp.log;CREATE USER system privilege	APB-000001;APB-000011;APB-000016;APB-000017	no	attachment_update	done	Stage 3 attachment route generated from completed scope row; use exact source blocks and missing-input prompts before item-level production claims.
S3-SCOPE-008	J011	S3-J010	GPTs/attachments/02_administration_operations.md	02. Administration and Operations	SRC-000049	repo	product_source	administrator_operations	Altibase 7.1	7.1	Korean authoritative	SHARD-001	BLOCK-000002	SRC-000049/BLOCK-000002	pass	OPS-102;OPS-105;OPS-126;OPS-128;OPS-130;OPS-131;OPS-101;OPS-107;OPS-108	PRE-PROCESS;PRE_PROCESS;DB_NAME;LOGANCHOR_DIR;LOG_DIR;SERVER_MSGLOG_DIR;GNU glibc 2.12 ~ 2.33;DOWNGRADE;$ALTIBASE_HOME/trc/altibase_qp.log;CREATE USER system privilege	APB-000001;APB-000011;APB-000016;APB-000017	no	attachment_update	done	Stage 3 attachment route generated from completed scope row; use exact source blocks and missing-input prompts before item-level production claims.
S3-SCOPE-008	J011	S3-J010	GPTs/attachments/02_administration_operations.md	02. Administration and Operations	SRC-000060	repo	product_source	getting_started_installation	Altibase 7.1	7.1	Korean authoritative	SHARD-009	BLOCK-000529	SRC-000060/BLOCK-000529	pass	OPS-102;OPS-105;OPS-126;OPS-128;OPS-130;OPS-131;OPS-101;OPS-107;OPS-108	PRE-PROCESS;PRE_PROCESS;DB_NAME;LOGANCHOR_DIR;LOG_DIR;SERVER_MSGLOG_DIR;GNU glibc 2.12 ~ 2.33;DOWNGRADE;$ALTIBASE_HOME/trc/altibase_qp.log;CREATE USER system privilege	APB-000001;APB-000011;APB-000016;APB-000017	no	attachment_update	done	Stage 3 attachment route generated from completed scope row; use exact source blocks and missing-input prompts before item-level production claims.
S3-SCOPE-008	J011	S3-J010	GPTs/attachments/02_administration_operations.md	02. Administration and Operations	SRC-000113	repo	product_source	administrator_operations	Altibase 7.3	7.3	Korean authoritative	SHARD-001	BLOCK-000004	SRC-000113/BLOCK-000004	pass	OPS-102;OPS-105;OPS-126;OPS-128;OPS-130;OPS-131;OPS-101;OPS-107;OPS-108	PRE-PROCESS;PRE_PROCESS;DB_NAME;LOGANCHOR_DIR;LOG_DIR;SERVER_MSGLOG_DIR;GNU glibc 2.12 ~ 2.33;DOWNGRADE;$ALTIBASE_HOME/trc/altibase_qp.log;CREATE USER system privilege	APB-000001;APB-000011;APB-000016;APB-000017	no	attachment_update	done	Stage 3 attachment route generated from completed scope row; use exact source blocks and missing-input prompts before item-level production claims.
S3-SCOPE-008	J011	S3-J010	GPTs/attachments/02_administration_operations.md	02. Administration and Operations	SRC-000124	repo	product_source	getting_started_installation	Altibase 7.3	7.3	Korean authoritative	SHARD-009	BLOCK-000533	SRC-000124/BLOCK-000533	pass	OPS-102;OPS-105;OPS-126;OPS-128;OPS-130;OPS-131;OPS-101;OPS-107;OPS-108	PRE-PROCESS;PRE_PROCESS;DB_NAME;LOGANCHOR_DIR;LOG_DIR;SERVER_MSGLOG_DIR;GNU glibc 2.12 ~ 2.33;DOWNGRADE;$ALTIBASE_HOME/trc/altibase_qp.log;CREATE USER system privilege	APB-000001;APB-000011;APB-000016;APB-000017	no	attachment_update	done	Stage 3 attachment route generated from completed scope row; use exact source blocks and missing-input prompts before item-level production claims.
S3-SCOPE-008	J011	S3-J010	GPTs/attachments/02_administration_operations.md	02. Administration and Operations	SRC-000173	repo	product_source	administrator_operations	Administrator’s Manual	8.1_verified	Korean authoritative; Altibase 8.1 verified source	SHARD-001	BLOCK-000006	SRC-000173/BLOCK-000006	pass	OPS-102;OPS-105;OPS-126;OPS-128;OPS-130;OPS-131;OPS-101;OPS-107;OPS-108	PRE-PROCESS;PRE_PROCESS;DB_NAME;LOGANCHOR_DIR;LOG_DIR;SERVER_MSGLOG_DIR;GNU glibc 2.12 ~ 2.33;DOWNGRADE;$ALTIBASE_HOME/trc/altibase_qp.log;CREATE USER system privilege	APB-000001;APB-000011;APB-000016;APB-000017	no	attachment_update	done	Stage 3 attachment route generated from completed scope row; use exact source blocks and missing-input prompts before item-level production claims.
S3-SCOPE-008	J011	S3-J010	GPTs/attachments/02_administration_operations.md	02. Administration and Operations	SRC-000181	repo	product_source	general_reference_2_dictionary_views	Trunk	8.1_verified	Korean authoritative; Altibase 8.1 verified source	SHARD-009	BLOCK-000525	SRC-000181/BLOCK-000525	pass	OPS-102;OPS-105;OPS-126;OPS-128;OPS-130;OPS-131;OPS-101;OPS-107;OPS-108	PRE-PROCESS;PRE_PROCESS;DB_NAME;LOGANCHOR_DIR;LOG_DIR;SERVER_MSGLOG_DIR;GNU glibc 2.12 ~ 2.33;DOWNGRADE;$ALTIBASE_HOME/trc/altibase_qp.log;CREATE USER system privilege	APB-000001;APB-000011;APB-000016;APB-000017	no	attachment_update	done	Stage 3 attachment route generated from completed scope row; use exact source blocks and missing-input prompts before item-level production claims.
S3-SCOPE-008	J011	S3-J010	GPTs/attachments/02_administration_operations.md	02. Administration and Operations	SRC-000194	repo	product_source	sql_reference	Trunk	8.1_verified	Korean authoritative; Altibase 8.1 verified source	SHARD-014	BLOCK-000888	SRC-000194/BLOCK-000888	pass	OPS-102;OPS-105;OPS-126;OPS-128;OPS-130;OPS-131;OPS-101;OPS-107;OPS-108	PRE-PROCESS;PRE_PROCESS;DB_NAME;LOGANCHOR_DIR;LOG_DIR;SERVER_MSGLOG_DIR;GNU glibc 2.12 ~ 2.33;DOWNGRADE;$ALTIBASE_HOME/trc/altibase_qp.log;CREATE USER system privilege	APB-000001;APB-000011;APB-000016;APB-000017	no	attachment_update	done	Stage 3 attachment route generated from completed scope row; use exact source blocks and missing-input prompts before item-level production claims.
S3-SCOPE-008	J011	S3-J010	GPTs/attachments/13_isql_iloader_basic_tools.md	13. iSQL, iLoader, and Basic Tools	SRC-000049	repo	product_source	administrator_operations	Altibase 7.1	7.1	Korean authoritative	SHARD-001	BLOCK-000002	SRC-000049/BLOCK-000002	pass	OPS-102;OPS-105;OPS-126;OPS-128;OPS-130;OPS-131;OPS-101;OPS-107;OPS-108	PRE-PROCESS;PRE_PROCESS;DB_NAME;LOGANCHOR_DIR;LOG_DIR;SERVER_MSGLOG_DIR;GNU glibc 2.12 ~ 2.33;DOWNGRADE;$ALTIBASE_HOME/trc/altibase_qp.log;CREATE USER system privilege	APB-000001;APB-000011;APB-000016;APB-000017	no	attachment_update	done	Stage 3 attachment route generated from completed scope row; use exact source blocks and missing-input prompts before item-level production claims.
S3-SCOPE-008	J011	S3-J010	GPTs/attachments/13_isql_iloader_basic_tools.md	13. iSQL, iLoader, and Basic Tools	SRC-000060	repo	product_source	getting_started_installation	Altibase 7.1	7.1	Korean authoritative	SHARD-009	BLOCK-000529	SRC-000060/BLOCK-000529	pass	OPS-102;OPS-105;OPS-126;OPS-128;OPS-130;OPS-131;OPS-101;OPS-107;OPS-108	PRE-PROCESS;PRE_PROCESS;DB_NAME;LOGANCHOR_DIR;LOG_DIR;SERVER_MSGLOG_DIR;GNU glibc 2.12 ~ 2.33;DOWNGRADE;$ALTIBASE_HOME/trc/altibase_qp.log;CREATE USER system privilege	APB-000001;APB-000011;APB-000016;APB-000017	no	attachment_update	done	Stage 3 attachment route generated from completed scope row; use exact source blocks and missing-input prompts before item-level production claims.
S3-SCOPE-008	J011	S3-J010	GPTs/attachments/13_isql_iloader_basic_tools.md	13. iSQL, iLoader, and Basic Tools	SRC-000113	repo	product_source	administrator_operations	Altibase 7.3	7.3	Korean authoritative	SHARD-001	BLOCK-000004	SRC-000113/BLOCK-000004	pass	OPS-102;OPS-105;OPS-126;OPS-128;OPS-130;OPS-131;OPS-101;OPS-107;OPS-108	PRE-PROCESS;PRE_PROCESS;DB_NAME;LOGANCHOR_DIR;LOG_DIR;SERVER_MSGLOG_DIR;GNU glibc 2.12 ~ 2.33;DOWNGRADE;$ALTIBASE_HOME/trc/altibase_qp.log;CREATE USER system privilege	APB-000001;APB-000011;APB-000016;APB-000017	no	attachment_update	done	Stage 3 attachment route generated from completed scope row; use exact source blocks and missing-input prompts before item-level production claims.
S3-SCOPE-008	J011	S3-J010	GPTs/attachments/13_isql_iloader_basic_tools.md	13. iSQL, iLoader, and Basic Tools	SRC-000124	repo	product_source	getting_started_installation	Altibase 7.3	7.3	Korean authoritative	SHARD-009	BLOCK-000533	SRC-000124/BLOCK-000533	pass	OPS-102;OPS-105;OPS-126;OPS-128;OPS-130;OPS-131;OPS-101;OPS-107;OPS-108	PRE-PROCESS;PRE_PROCESS;DB_NAME;LOGANCHOR_DIR;LOG_DIR;SERVER_MSGLOG_DIR;GNU glibc 2.12 ~ 2.33;DOWNGRADE;$ALTIBASE_HOME/trc/altibase_qp.log;CREATE USER system privilege	APB-000001;APB-000011;APB-000016;APB-000017	no	attachment_update	done	Stage 3 attachment route generated from completed scope row; use exact source blocks and missing-input prompts before item-level production claims.
S3-SCOPE-008	J011	S3-J010	GPTs/attachments/13_isql_iloader_basic_tools.md	13. iSQL, iLoader, and Basic Tools	SRC-000173	repo	product_source	administrator_operations	Administrator’s Manual	8.1_verified	Korean authoritative; Altibase 8.1 verified source	SHARD-001	BLOCK-000006	SRC-000173/BLOCK-000006	pass	OPS-102;OPS-105;OPS-126;OPS-128;OPS-130;OPS-131;OPS-101;OPS-107;OPS-108	PRE-PROCESS;PRE_PROCESS;DB_NAME;LOGANCHOR_DIR;LOG_DIR;SERVER_MSGLOG_DIR;GNU glibc 2.12 ~ 2.33;DOWNGRADE;$ALTIBASE_HOME/trc/altibase_qp.log;CREATE USER system privilege	APB-000001;APB-000011;APB-000016;APB-000017	no	attachment_update	done	Stage 3 attachment route generated from completed scope row; use exact source blocks and missing-input prompts before item-level production claims.
S3-SCOPE-008	J011	S3-J010	GPTs/attachments/13_isql_iloader_basic_tools.md	13. iSQL, iLoader, and Basic Tools	SRC-000181	repo	product_source	general_reference_2_dictionary_views	Trunk	8.1_verified	Korean authoritative; Altibase 8.1 verified source	SHARD-009	BLOCK-000525	SRC-000181/BLOCK-000525	pass	OPS-102;OPS-105;OPS-126;OPS-128;OPS-130;OPS-131;OPS-101;OPS-107;OPS-108	PRE-PROCESS;PRE_PROCESS;DB_NAME;LOGANCHOR_DIR;LOG_DIR;SERVER_MSGLOG_DIR;GNU glibc 2.12 ~ 2.33;DOWNGRADE;$ALTIBASE_HOME/trc/altibase_qp.log;CREATE USER system privilege	APB-000001;APB-000011;APB-000016;APB-000017	no	attachment_update	done	Stage 3 attachment route generated from completed scope row; use exact source blocks and missing-input prompts before item-level production claims.
S3-SCOPE-008	J011	S3-J010	GPTs/attachments/13_isql_iloader_basic_tools.md	13. iSQL, iLoader, and Basic Tools	SRC-000194	repo	product_source	sql_reference	Trunk	8.1_verified	Korean authoritative; Altibase 8.1 verified source	SHARD-014	BLOCK-000888	SRC-000194/BLOCK-000888	pass	OPS-102;OPS-105;OPS-126;OPS-128;OPS-130;OPS-131;OPS-101;OPS-107;OPS-108	PRE-PROCESS;PRE_PROCESS;DB_NAME;LOGANCHOR_DIR;LOG_DIR;SERVER_MSGLOG_DIR;GNU glibc 2.12 ~ 2.33;DOWNGRADE;$ALTIBASE_HOME/trc/altibase_qp.log;CREATE USER system privilege	APB-000001;APB-000011;APB-000016;APB-000017	no	attachment_update	done	Stage 3 attachment route generated from completed scope row; use exact source blocks and missing-input prompts before item-level production claims.
S3-SCOPE-009	J012	S3-J011	GPTs/attachments/02_administration_operations.md	02. Administration and Operations	SRC-000049	repo	product_source	administrator_operations	Altibase 7.1	7.1	Korean authoritative	SHARD-001	BLOCK-000002	SRC-000049/BLOCK-000002	pass	OPS-103;OPS-104;OPS-111;OPS-112;OPS-113;OPS-114;OPS-116;OPS-117;OPS-118;OPS-123;OPS-124;OPS-125;OPS-127;OPS-129;OPS-133;OPS-134;OPS-109;OPS-110;OPS-115;OPS-119;OPS-121;OPS-122;OPS-135	ALTER DATABASE db_name META RESETLOGS;ALTER DATABASE dbname SERVICE;Database-Level Backup Completed [SUCCESS];CREATE_LSN_FILENO;SYS_TBS_DISK_TEMP;$ALTIBASE_HOME/dbs1;t1.fmt;t1.dat;current loganchor;backup-time metadata;DROP DATAFILE;BEGIN BACKUP;END BACKUP	APB-000006;APB-000016;APB-000017	yes	attachment_update	done	Stage 3 attachment route generated from completed scope row; use exact source blocks and missing-input prompts before item-level production claims.
S3-SCOPE-009	J012	S3-J011	GPTs/attachments/02_administration_operations.md	02. Administration and Operations	SRC-000113	repo	product_source	administrator_operations	Altibase 7.3	7.3	Korean authoritative	SHARD-001	BLOCK-000004	SRC-000113/BLOCK-000004	pass	OPS-103;OPS-104;OPS-111;OPS-112;OPS-113;OPS-114;OPS-116;OPS-117;OPS-118;OPS-123;OPS-124;OPS-125;OPS-127;OPS-129;OPS-133;OPS-134;OPS-109;OPS-110;OPS-115;OPS-119;OPS-121;OPS-122;OPS-135	ALTER DATABASE db_name META RESETLOGS;ALTER DATABASE dbname SERVICE;Database-Level Backup Completed [SUCCESS];CREATE_LSN_FILENO;SYS_TBS_DISK_TEMP;$ALTIBASE_HOME/dbs1;t1.fmt;t1.dat;current loganchor;backup-time metadata;DROP DATAFILE;BEGIN BACKUP;END BACKUP	APB-000006;APB-000016;APB-000017	yes	attachment_update	done	Stage 3 attachment route generated from completed scope row; use exact source blocks and missing-input prompts before item-level production claims.
S3-SCOPE-009	J012	S3-J011	GPTs/attachments/02_administration_operations.md	02. Administration and Operations	SRC-000124	repo	product_source	getting_started_installation	Altibase 7.3	7.3	Korean authoritative	SHARD-009	BLOCK-000533	SRC-000124/BLOCK-000533	pass	OPS-103;OPS-104;OPS-111;OPS-112;OPS-113;OPS-114;OPS-116;OPS-117;OPS-118;OPS-123;OPS-124;OPS-125;OPS-127;OPS-129;OPS-133;OPS-134;OPS-109;OPS-110;OPS-115;OPS-119;OPS-121;OPS-122;OPS-135	ALTER DATABASE db_name META RESETLOGS;ALTER DATABASE dbname SERVICE;Database-Level Backup Completed [SUCCESS];CREATE_LSN_FILENO;SYS_TBS_DISK_TEMP;$ALTIBASE_HOME/dbs1;t1.fmt;t1.dat;current loganchor;backup-time metadata;DROP DATAFILE;BEGIN BACKUP;END BACKUP	APB-000006;APB-000016;APB-000017	yes	attachment_update	done	Stage 3 attachment route generated from completed scope row; use exact source blocks and missing-input prompts before item-level production claims.
S3-SCOPE-009	J012	S3-J011	GPTs/attachments/02_administration_operations.md	02. Administration and Operations	SRC-000173	repo	product_source	administrator_operations	Administrator’s Manual	8.1_verified	Korean authoritative; Altibase 8.1 verified source	SHARD-001	BLOCK-000006	SRC-000173/BLOCK-000006	pass	OPS-103;OPS-104;OPS-111;OPS-112;OPS-113;OPS-114;OPS-116;OPS-117;OPS-118;OPS-123;OPS-124;OPS-125;OPS-127;OPS-129;OPS-133;OPS-134;OPS-109;OPS-110;OPS-115;OPS-119;OPS-121;OPS-122;OPS-135	ALTER DATABASE db_name META RESETLOGS;ALTER DATABASE dbname SERVICE;Database-Level Backup Completed [SUCCESS];CREATE_LSN_FILENO;SYS_TBS_DISK_TEMP;$ALTIBASE_HOME/dbs1;t1.fmt;t1.dat;current loganchor;backup-time metadata;DROP DATAFILE;BEGIN BACKUP;END BACKUP	APB-000006;APB-000016;APB-000017	yes	attachment_update	done	Stage 3 attachment route generated from completed scope row; use exact source blocks and missing-input prompts before item-level production claims.
S3-SCOPE-009	J012	S3-J011	GPTs/attachments/02_administration_operations.md	02. Administration and Operations	SRC-000181	repo	product_source	general_reference_2_dictionary_views	Trunk	8.1_verified	Korean authoritative; Altibase 8.1 verified source	SHARD-009	BLOCK-000525	SRC-000181/BLOCK-000525	pass	OPS-103;OPS-104;OPS-111;OPS-112;OPS-113;OPS-114;OPS-116;OPS-117;OPS-118;OPS-123;OPS-124;OPS-125;OPS-127;OPS-129;OPS-133;OPS-134;OPS-109;OPS-110;OPS-115;OPS-119;OPS-121;OPS-122;OPS-135	ALTER DATABASE db_name META RESETLOGS;ALTER DATABASE dbname SERVICE;Database-Level Backup Completed [SUCCESS];CREATE_LSN_FILENO;SYS_TBS_DISK_TEMP;$ALTIBASE_HOME/dbs1;t1.fmt;t1.dat;current loganchor;backup-time metadata;DROP DATAFILE;BEGIN BACKUP;END BACKUP	APB-000006;APB-000016;APB-000017	yes	attachment_update	done	Stage 3 attachment route generated from completed scope row; use exact source blocks and missing-input prompts before item-level production claims.
S3-SCOPE-009	J012	S3-J011	GPTs/attachments/02_administration_operations.md	02. Administration and Operations	SRC-000194	repo	product_source	sql_reference	Trunk	8.1_verified	Korean authoritative; Altibase 8.1 verified source	SHARD-014	BLOCK-000888	SRC-000194/BLOCK-000888	pass	OPS-103;OPS-104;OPS-111;OPS-112;OPS-113;OPS-114;OPS-116;OPS-117;OPS-118;OPS-123;OPS-124;OPS-125;OPS-127;OPS-129;OPS-133;OPS-134;OPS-109;OPS-110;OPS-115;OPS-119;OPS-121;OPS-122;OPS-135	ALTER DATABASE db_name META RESETLOGS;ALTER DATABASE dbname SERVICE;Database-Level Backup Completed [SUCCESS];CREATE_LSN_FILENO;SYS_TBS_DISK_TEMP;$ALTIBASE_HOME/dbs1;t1.fmt;t1.dat;current loganchor;backup-time metadata;DROP DATAFILE;BEGIN BACKUP;END BACKUP	APB-000006;APB-000016;APB-000017	yes	attachment_update	done	Stage 3 attachment route generated from completed scope row; use exact source blocks and missing-input prompts before item-level production claims.
S3-SCOPE-009	J012	S3-J011	GPTs/attachments/03_sql_ddl_generation.md	03. SQL DDL Generation	SRC-000049	repo	product_source	administrator_operations	Altibase 7.1	7.1	Korean authoritative	SHARD-001	BLOCK-000002	SRC-000049/BLOCK-000002	pass	OPS-103;OPS-104;OPS-111;OPS-112;OPS-113;OPS-114;OPS-116;OPS-117;OPS-118;OPS-123;OPS-124;OPS-125;OPS-127;OPS-129;OPS-133;OPS-134;OPS-109;OPS-110;OPS-115;OPS-119;OPS-121;OPS-122;OPS-135	ALTER DATABASE db_name META RESETLOGS;ALTER DATABASE dbname SERVICE;Database-Level Backup Completed [SUCCESS];CREATE_LSN_FILENO;SYS_TBS_DISK_TEMP;$ALTIBASE_HOME/dbs1;t1.fmt;t1.dat;current loganchor;backup-time metadata;DROP DATAFILE;BEGIN BACKUP;END BACKUP	APB-000006;APB-000016;APB-000017	yes	attachment_update	done	Stage 3 attachment route generated from completed scope row; use exact source blocks and missing-input prompts before item-level production claims.
S3-SCOPE-009	J012	S3-J011	GPTs/attachments/03_sql_ddl_generation.md	03. SQL DDL Generation	SRC-000113	repo	product_source	administrator_operations	Altibase 7.3	7.3	Korean authoritative	SHARD-001	BLOCK-000004	SRC-000113/BLOCK-000004	pass	OPS-103;OPS-104;OPS-111;OPS-112;OPS-113;OPS-114;OPS-116;OPS-117;OPS-118;OPS-123;OPS-124;OPS-125;OPS-127;OPS-129;OPS-133;OPS-134;OPS-109;OPS-110;OPS-115;OPS-119;OPS-121;OPS-122;OPS-135	ALTER DATABASE db_name META RESETLOGS;ALTER DATABASE dbname SERVICE;Database-Level Backup Completed [SUCCESS];CREATE_LSN_FILENO;SYS_TBS_DISK_TEMP;$ALTIBASE_HOME/dbs1;t1.fmt;t1.dat;current loganchor;backup-time metadata;DROP DATAFILE;BEGIN BACKUP;END BACKUP	APB-000006;APB-000016;APB-000017	yes	attachment_update	done	Stage 3 attachment route generated from completed scope row; use exact source blocks and missing-input prompts before item-level production claims.
S3-SCOPE-009	J012	S3-J011	GPTs/attachments/03_sql_ddl_generation.md	03. SQL DDL Generation	SRC-000124	repo	product_source	getting_started_installation	Altibase 7.3	7.3	Korean authoritative	SHARD-009	BLOCK-000533	SRC-000124/BLOCK-000533	pass	OPS-103;OPS-104;OPS-111;OPS-112;OPS-113;OPS-114;OPS-116;OPS-117;OPS-118;OPS-123;OPS-124;OPS-125;OPS-127;OPS-129;OPS-133;OPS-134;OPS-109;OPS-110;OPS-115;OPS-119;OPS-121;OPS-122;OPS-135	ALTER DATABASE db_name META RESETLOGS;ALTER DATABASE dbname SERVICE;Database-Level Backup Completed [SUCCESS];CREATE_LSN_FILENO;SYS_TBS_DISK_TEMP;$ALTIBASE_HOME/dbs1;t1.fmt;t1.dat;current loganchor;backup-time metadata;DROP DATAFILE;BEGIN BACKUP;END BACKUP	APB-000006;APB-000016;APB-000017	yes	attachment_update	done	Stage 3 attachment route generated from completed scope row; use exact source blocks and missing-input prompts before item-level production claims.
S3-SCOPE-009	J012	S3-J011	GPTs/attachments/03_sql_ddl_generation.md	03. SQL DDL Generation	SRC-000173	repo	product_source	administrator_operations	Administrator’s Manual	8.1_verified	Korean authoritative; Altibase 8.1 verified source	SHARD-001	BLOCK-000006	SRC-000173/BLOCK-000006	pass	OPS-103;OPS-104;OPS-111;OPS-112;OPS-113;OPS-114;OPS-116;OPS-117;OPS-118;OPS-123;OPS-124;OPS-125;OPS-127;OPS-129;OPS-133;OPS-134;OPS-109;OPS-110;OPS-115;OPS-119;OPS-121;OPS-122;OPS-135	ALTER DATABASE db_name META RESETLOGS;ALTER DATABASE dbname SERVICE;Database-Level Backup Completed [SUCCESS];CREATE_LSN_FILENO;SYS_TBS_DISK_TEMP;$ALTIBASE_HOME/dbs1;t1.fmt;t1.dat;current loganchor;backup-time metadata;DROP DATAFILE;BEGIN BACKUP;END BACKUP	APB-000006;APB-000016;APB-000017	yes	attachment_update	done	Stage 3 attachment route generated from completed scope row; use exact source blocks and missing-input prompts before item-level production claims.
S3-SCOPE-009	J012	S3-J011	GPTs/attachments/03_sql_ddl_generation.md	03. SQL DDL Generation	SRC-000181	repo	product_source	general_reference_2_dictionary_views	Trunk	8.1_verified	Korean authoritative; Altibase 8.1 verified source	SHARD-009	BLOCK-000525	SRC-000181/BLOCK-000525	pass	OPS-103;OPS-104;OPS-111;OPS-112;OPS-113;OPS-114;OPS-116;OPS-117;OPS-118;OPS-123;OPS-124;OPS-125;OPS-127;OPS-129;OPS-133;OPS-134;OPS-109;OPS-110;OPS-115;OPS-119;OPS-121;OPS-122;OPS-135	ALTER DATABASE db_name META RESETLOGS;ALTER DATABASE dbname SERVICE;Database-Level Backup Completed [SUCCESS];CREATE_LSN_FILENO;SYS_TBS_DISK_TEMP;$ALTIBASE_HOME/dbs1;t1.fmt;t1.dat;current loganchor;backup-time metadata;DROP DATAFILE;BEGIN BACKUP;END BACKUP	APB-000006;APB-000016;APB-000017	yes	attachment_update	done	Stage 3 attachment route generated from completed scope row; use exact source blocks and missing-input prompts before item-level production claims.
S3-SCOPE-009	J012	S3-J011	GPTs/attachments/03_sql_ddl_generation.md	03. SQL DDL Generation	SRC-000194	repo	product_source	sql_reference	Trunk	8.1_verified	Korean authoritative; Altibase 8.1 verified source	SHARD-014	BLOCK-000888	SRC-000194/BLOCK-000888	pass	OPS-103;OPS-104;OPS-111;OPS-112;OPS-113;OPS-114;OPS-116;OPS-117;OPS-118;OPS-123;OPS-124;OPS-125;OPS-127;OPS-129;OPS-133;OPS-134;OPS-109;OPS-110;OPS-115;OPS-119;OPS-121;OPS-122;OPS-135	ALTER DATABASE db_name META RESETLOGS;ALTER DATABASE dbname SERVICE;Database-Level Backup Completed [SUCCESS];CREATE_LSN_FILENO;SYS_TBS_DISK_TEMP;$ALTIBASE_HOME/dbs1;t1.fmt;t1.dat;current loganchor;backup-time metadata;DROP DATAFILE;BEGIN BACKUP;END BACKUP	APB-000006;APB-000016;APB-000017	yes	attachment_update	done	Stage 3 attachment route generated from completed scope row; use exact source blocks and missing-input prompts before item-level production claims.
S3-SCOPE-009	J012	S3-J011	GPTs/attachments/07_error_messages_troubleshooting.md	07. Error Messages and Troubleshooting	SRC-000049	repo	product_source	administrator_operations	Altibase 7.1	7.1	Korean authoritative	SHARD-001	BLOCK-000002	SRC-000049/BLOCK-000002	pass	OPS-103;OPS-104;OPS-111;OPS-112;OPS-113;OPS-114;OPS-116;OPS-117;OPS-118;OPS-123;OPS-124;OPS-125;OPS-127;OPS-129;OPS-133;OPS-134;OPS-109;OPS-110;OPS-115;OPS-119;OPS-121;OPS-122;OPS-135	ALTER DATABASE db_name META RESETLOGS;ALTER DATABASE dbname SERVICE;Database-Level Backup Completed [SUCCESS];CREATE_LSN_FILENO;SYS_TBS_DISK_TEMP;$ALTIBASE_HOME/dbs1;t1.fmt;t1.dat;current loganchor;backup-time metadata;DROP DATAFILE;BEGIN BACKUP;END BACKUP	APB-000006;APB-000016;APB-000017	yes	attachment_update	done	Stage 3 attachment route generated from completed scope row; use exact source blocks and missing-input prompts before item-level production claims.
S3-SCOPE-009	J012	S3-J011	GPTs/attachments/07_error_messages_troubleshooting.md	07. Error Messages and Troubleshooting	SRC-000113	repo	product_source	administrator_operations	Altibase 7.3	7.3	Korean authoritative	SHARD-001	BLOCK-000004	SRC-000113/BLOCK-000004	pass	OPS-103;OPS-104;OPS-111;OPS-112;OPS-113;OPS-114;OPS-116;OPS-117;OPS-118;OPS-123;OPS-124;OPS-125;OPS-127;OPS-129;OPS-133;OPS-134;OPS-109;OPS-110;OPS-115;OPS-119;OPS-121;OPS-122;OPS-135	ALTER DATABASE db_name META RESETLOGS;ALTER DATABASE dbname SERVICE;Database-Level Backup Completed [SUCCESS];CREATE_LSN_FILENO;SYS_TBS_DISK_TEMP;$ALTIBASE_HOME/dbs1;t1.fmt;t1.dat;current loganchor;backup-time metadata;DROP DATAFILE;BEGIN BACKUP;END BACKUP	APB-000006;APB-000016;APB-000017	yes	attachment_update	done	Stage 3 attachment route generated from completed scope row; use exact source blocks and missing-input prompts before item-level production claims.
S3-SCOPE-009	J012	S3-J011	GPTs/attachments/07_error_messages_troubleshooting.md	07. Error Messages and Troubleshooting	SRC-000124	repo	product_source	getting_started_installation	Altibase 7.3	7.3	Korean authoritative	SHARD-009	BLOCK-000533	SRC-000124/BLOCK-000533	pass	OPS-103;OPS-104;OPS-111;OPS-112;OPS-113;OPS-114;OPS-116;OPS-117;OPS-118;OPS-123;OPS-124;OPS-125;OPS-127;OPS-129;OPS-133;OPS-134;OPS-109;OPS-110;OPS-115;OPS-119;OPS-121;OPS-122;OPS-135	ALTER DATABASE db_name META RESETLOGS;ALTER DATABASE dbname SERVICE;Database-Level Backup Completed [SUCCESS];CREATE_LSN_FILENO;SYS_TBS_DISK_TEMP;$ALTIBASE_HOME/dbs1;t1.fmt;t1.dat;current loganchor;backup-time metadata;DROP DATAFILE;BEGIN BACKUP;END BACKUP	APB-000006;APB-000016;APB-000017	yes	attachment_update	done	Stage 3 attachment route generated from completed scope row; use exact source blocks and missing-input prompts before item-level production claims.
S3-SCOPE-009	J012	S3-J011	GPTs/attachments/07_error_messages_troubleshooting.md	07. Error Messages and Troubleshooting	SRC-000173	repo	product_source	administrator_operations	Administrator’s Manual	8.1_verified	Korean authoritative; Altibase 8.1 verified source	SHARD-001	BLOCK-000006	SRC-000173/BLOCK-000006	pass	OPS-103;OPS-104;OPS-111;OPS-112;OPS-113;OPS-114;OPS-116;OPS-117;OPS-118;OPS-123;OPS-124;OPS-125;OPS-127;OPS-129;OPS-133;OPS-134;OPS-109;OPS-110;OPS-115;OPS-119;OPS-121;OPS-122;OPS-135	ALTER DATABASE db_name META RESETLOGS;ALTER DATABASE dbname SERVICE;Database-Level Backup Completed [SUCCESS];CREATE_LSN_FILENO;SYS_TBS_DISK_TEMP;$ALTIBASE_HOME/dbs1;t1.fmt;t1.dat;current loganchor;backup-time metadata;DROP DATAFILE;BEGIN BACKUP;END BACKUP	APB-000006;APB-000016;APB-000017	yes	attachment_update	done	Stage 3 attachment route generated from completed scope row; use exact source blocks and missing-input prompts before item-level production claims.
S3-SCOPE-009	J012	S3-J011	GPTs/attachments/07_error_messages_troubleshooting.md	07. Error Messages and Troubleshooting	SRC-000181	repo	product_source	general_reference_2_dictionary_views	Trunk	8.1_verified	Korean authoritative; Altibase 8.1 verified source	SHARD-009	BLOCK-000525	SRC-000181/BLOCK-000525	pass	OPS-103;OPS-104;OPS-111;OPS-112;OPS-113;OPS-114;OPS-116;OPS-117;OPS-118;OPS-123;OPS-124;OPS-125;OPS-127;OPS-129;OPS-133;OPS-134;OPS-109;OPS-110;OPS-115;OPS-119;OPS-121;OPS-122;OPS-135	ALTER DATABASE db_name META RESETLOGS;ALTER DATABASE dbname SERVICE;Database-Level Backup Completed [SUCCESS];CREATE_LSN_FILENO;SYS_TBS_DISK_TEMP;$ALTIBASE_HOME/dbs1;t1.fmt;t1.dat;current loganchor;backup-time metadata;DROP DATAFILE;BEGIN BACKUP;END BACKUP	APB-000006;APB-000016;APB-000017	yes	attachment_update	done	Stage 3 attachment route generated from completed scope row; use exact source blocks and missing-input prompts before item-level production claims.
S3-SCOPE-009	J012	S3-J011	GPTs/attachments/07_error_messages_troubleshooting.md	07. Error Messages and Troubleshooting	SRC-000194	repo	product_source	sql_reference	Trunk	8.1_verified	Korean authoritative; Altibase 8.1 verified source	SHARD-014	BLOCK-000888	SRC-000194/BLOCK-000888	pass	OPS-103;OPS-104;OPS-111;OPS-112;OPS-113;OPS-114;OPS-116;OPS-117;OPS-118;OPS-123;OPS-124;OPS-125;OPS-127;OPS-129;OPS-133;OPS-134;OPS-109;OPS-110;OPS-115;OPS-119;OPS-121;OPS-122;OPS-135	ALTER DATABASE db_name META RESETLOGS;ALTER DATABASE dbname SERVICE;Database-Level Backup Completed [SUCCESS];CREATE_LSN_FILENO;SYS_TBS_DISK_TEMP;$ALTIBASE_HOME/dbs1;t1.fmt;t1.dat;current loganchor;backup-time metadata;DROP DATAFILE;BEGIN BACKUP;END BACKUP	APB-000006;APB-000016;APB-000017	yes	attachment_update	done	Stage 3 attachment route generated from completed scope row; use exact source blocks and missing-input prompts before item-level production claims.
S3-SCOPE-010	J013	S3-J012	GPTs/attachments/09_replication_ha_cdc.md	09. Replication, HA, and CDC	SRC-000121	repo	product_source	general_reference_2_dictionary_views	Altibase 7.3	7.3	Korean authoritative	SHARD-008	BLOCK-000523	SRC-000121/BLOCK-000523	pass	REPL-102;REPL-103;REPL-104;REPL-126;REPL-127;REPL-129;REPL-108;REPL-109;REPL-101;REPL-106;REPL-107	ACT_REPL_MODE;START_FLAG;NET_ERROR_FLAG;Replication Gap;Master-Slave Scheme;User-Oriented Scheme;BUG-45946;ERR-61186;Different replication protocols;restartXSN;XSN;7.4.4;7.4.5	APB-000002;APB-000005;APB-000007;APB-000017	yes	attachment_update	done	Stage 3 attachment route generated from completed scope row; use exact source blocks and missing-input prompts before item-level production claims.
S3-SCOPE-010	J013	S3-J012	GPTs/attachments/09_replication_ha_cdc.md	09. Replication, HA, and CDC	SRC-000132	repo	product_source	replication_manual	Replication Manual	7.3	Korean authoritative	SHARD-012	BLOCK-000847	SRC-000132/BLOCK-000847	pass	REPL-102;REPL-103;REPL-104;REPL-126;REPL-127;REPL-129;REPL-108;REPL-109;REPL-101;REPL-106;REPL-107	ACT_REPL_MODE;START_FLAG;NET_ERROR_FLAG;Replication Gap;Master-Slave Scheme;User-Oriented Scheme;BUG-45946;ERR-61186;Different replication protocols;restartXSN;XSN;7.4.4;7.4.5	APB-000002;APB-000005;APB-000007;APB-000017	yes	attachment_update	done	Stage 3 attachment route generated from completed scope row; use exact source blocks and missing-input prompts before item-level production claims.
S3-SCOPE-010	J013	S3-J012	GPTs/attachments/09_replication_ha_cdc.md	09. Replication, HA, and CDC	SRC-000311	repo	patch_note	patch_notes	BUG-45779  APRE에서 PSM 인자로 Array type을 지원해야 합니다.	7.1.0.1.4	Korean authoritative	SHARD-011	BLOCK-000620	SRC-000311/BLOCK-000620	pass	REPL-102;REPL-103;REPL-104;REPL-126;REPL-127;REPL-129;REPL-108;REPL-109;REPL-101;REPL-106;REPL-107	ACT_REPL_MODE;START_FLAG;NET_ERROR_FLAG;Replication Gap;Master-Slave Scheme;User-Oriented Scheme;BUG-45946;ERR-61186;Different replication protocols;restartXSN;XSN;7.4.4;7.4.5	APB-000002;APB-000005;APB-000007;APB-000017	yes	attachment_update	done	Stage 3 attachment route generated from completed scope row; use exact source blocks and missing-input prompts before item-level production claims.
S3-SCOPE-010	J013	S3-J012	GPTs/attachments/09_replication_ha_cdc.md	09. Replication, HA, and CDC	SRC-000321	repo	patch_note	patch_notes	BUG-46892  Mathematics 사용 메모리 제한 기능과 Mathematics Temp 사용 모니터링 기능 추가	7.1.0.2.4	Korean authoritative	SHARD-011	BLOCK-000648	SRC-000321/BLOCK-000648	pass	REPL-102;REPL-103;REPL-104;REPL-126;REPL-127;REPL-129;REPL-108;REPL-109;REPL-101;REPL-106;REPL-107	ACT_REPL_MODE;START_FLAG;NET_ERROR_FLAG;Replication Gap;Master-Slave Scheme;User-Oriented Scheme;BUG-45946;ERR-61186;Different replication protocols;restartXSN;XSN;7.4.4;7.4.5	APB-000002;APB-000005;APB-000007;APB-000017	yes	attachment_update	done	Stage 3 attachment route generated from completed scope row; use exact source blocks and missing-input prompts before item-level production claims.
S3-SCOPE-010	J013	S3-J012	GPTs/attachments/09_replication_ha_cdc.md	09. Replication, HA, and CDC	SRC-000362	repo	patch_note	patch_notes	Altibase 7.1.0.6.5 Patch Notes	7.1.0.6.5	Korean authoritative	SHARD-011	BLOCK-000715	SRC-000362/BLOCK-000715	pass	REPL-102;REPL-103;REPL-104;REPL-126;REPL-127;REPL-129;REPL-108;REPL-109;REPL-101;REPL-106;REPL-107	ACT_REPL_MODE;START_FLAG;NET_ERROR_FLAG;Replication Gap;Master-Slave Scheme;User-Oriented Scheme;BUG-45946;ERR-61186;Different replication protocols;restartXSN;XSN;7.4.4;7.4.5	APB-000002;APB-000005;APB-000007;APB-000017	yes	attachment_update	done	Stage 3 attachment route generated from completed scope row; use exact source blocks and missing-input prompts before item-level production claims.
S3-SCOPE-010	J013	S3-J012	GPTs/attachments/03_sql_ddl_generation.md	03. SQL DDL Generation	SRC-000121	repo	product_source	general_reference_2_dictionary_views	Altibase 7.3	7.3	Korean authoritative	SHARD-008	BLOCK-000523	SRC-000121/BLOCK-000523	pass	REPL-102;REPL-103;REPL-104;REPL-126;REPL-127;REPL-129;REPL-108;REPL-109;REPL-101;REPL-106;REPL-107	ACT_REPL_MODE;START_FLAG;NET_ERROR_FLAG;Replication Gap;Master-Slave Scheme;User-Oriented Scheme;BUG-45946;ERR-61186;Different replication protocols;restartXSN;XSN;7.4.4;7.4.5	APB-000002;APB-000005;APB-000007;APB-000017	yes	attachment_update	done	Stage 3 attachment route generated from completed scope row; use exact source blocks and missing-input prompts before item-level production claims.
S3-SCOPE-010	J013	S3-J012	GPTs/attachments/03_sql_ddl_generation.md	03. SQL DDL Generation	SRC-000132	repo	product_source	replication_manual	Replication Manual	7.3	Korean authoritative	SHARD-012	BLOCK-000847	SRC-000132/BLOCK-000847	pass	REPL-102;REPL-103;REPL-104;REPL-126;REPL-127;REPL-129;REPL-108;REPL-109;REPL-101;REPL-106;REPL-107	ACT_REPL_MODE;START_FLAG;NET_ERROR_FLAG;Replication Gap;Master-Slave Scheme;User-Oriented Scheme;BUG-45946;ERR-61186;Different replication protocols;restartXSN;XSN;7.4.4;7.4.5	APB-000002;APB-000005;APB-000007;APB-000017	yes	attachment_update	done	Stage 3 attachment route generated from completed scope row; use exact source blocks and missing-input prompts before item-level production claims.
S3-SCOPE-010	J013	S3-J012	GPTs/attachments/03_sql_ddl_generation.md	03. SQL DDL Generation	SRC-000311	repo	patch_note	patch_notes	BUG-45779  APRE에서 PSM 인자로 Array type을 지원해야 합니다.	7.1.0.1.4	Korean authoritative	SHARD-011	BLOCK-000620	SRC-000311/BLOCK-000620	pass	REPL-102;REPL-103;REPL-104;REPL-126;REPL-127;REPL-129;REPL-108;REPL-109;REPL-101;REPL-106;REPL-107	ACT_REPL_MODE;START_FLAG;NET_ERROR_FLAG;Replication Gap;Master-Slave Scheme;User-Oriented Scheme;BUG-45946;ERR-61186;Different replication protocols;restartXSN;XSN;7.4.4;7.4.5	APB-000002;APB-000005;APB-000007;APB-000017	yes	attachment_update	done	Stage 3 attachment route generated from completed scope row; use exact source blocks and missing-input prompts before item-level production claims.
S3-SCOPE-010	J013	S3-J012	GPTs/attachments/03_sql_ddl_generation.md	03. SQL DDL Generation	SRC-000321	repo	patch_note	patch_notes	BUG-46892  Mathematics 사용 메모리 제한 기능과 Mathematics Temp 사용 모니터링 기능 추가	7.1.0.2.4	Korean authoritative	SHARD-011	BLOCK-000648	SRC-000321/BLOCK-000648	pass	REPL-102;REPL-103;REPL-104;REPL-126;REPL-127;REPL-129;REPL-108;REPL-109;REPL-101;REPL-106;REPL-107	ACT_REPL_MODE;START_FLAG;NET_ERROR_FLAG;Replication Gap;Master-Slave Scheme;User-Oriented Scheme;BUG-45946;ERR-61186;Different replication protocols;restartXSN;XSN;7.4.4;7.4.5	APB-000002;APB-000005;APB-000007;APB-000017	yes	attachment_update	done	Stage 3 attachment route generated from completed scope row; use exact source blocks and missing-input prompts before item-level production claims.
S3-SCOPE-010	J013	S3-J012	GPTs/attachments/03_sql_ddl_generation.md	03. SQL DDL Generation	SRC-000362	repo	patch_note	patch_notes	Altibase 7.1.0.6.5 Patch Notes	7.1.0.6.5	Korean authoritative	SHARD-011	BLOCK-000715	SRC-000362/BLOCK-000715	pass	REPL-102;REPL-103;REPL-104;REPL-126;REPL-127;REPL-129;REPL-108;REPL-109;REPL-101;REPL-106;REPL-107	ACT_REPL_MODE;START_FLAG;NET_ERROR_FLAG;Replication Gap;Master-Slave Scheme;User-Oriented Scheme;BUG-45946;ERR-61186;Different replication protocols;restartXSN;XSN;7.4.4;7.4.5	APB-000002;APB-000005;APB-000007;APB-000017	yes	attachment_update	done	Stage 3 attachment route generated from completed scope row; use exact source blocks and missing-input prompts before item-level production claims.
S3-SCOPE-010	J013	S3-J012	GPTs/attachments/06_data_dictionary_performance_views.md	06. Data Dictionary and Performance Views	SRC-000121	repo	product_source	general_reference_2_dictionary_views	Altibase 7.3	7.3	Korean authoritative	SHARD-008	BLOCK-000523	SRC-000121/BLOCK-000523	pass	REPL-102;REPL-103;REPL-104;REPL-126;REPL-127;REPL-129;REPL-108;REPL-109;REPL-101;REPL-106;REPL-107	ACT_REPL_MODE;START_FLAG;NET_ERROR_FLAG;Replication Gap;Master-Slave Scheme;User-Oriented Scheme;BUG-45946;ERR-61186;Different replication protocols;restartXSN;XSN;7.4.4;7.4.5	APB-000002;APB-000005;APB-000007;APB-000017	yes	attachment_update	done	Stage 3 attachment route generated from completed scope row; use exact source blocks and missing-input prompts before item-level production claims.
S3-SCOPE-010	J013	S3-J012	GPTs/attachments/06_data_dictionary_performance_views.md	06. Data Dictionary and Performance Views	SRC-000132	repo	product_source	replication_manual	Replication Manual	7.3	Korean authoritative	SHARD-012	BLOCK-000847	SRC-000132/BLOCK-000847	pass	REPL-102;REPL-103;REPL-104;REPL-126;REPL-127;REPL-129;REPL-108;REPL-109;REPL-101;REPL-106;REPL-107	ACT_REPL_MODE;START_FLAG;NET_ERROR_FLAG;Replication Gap;Master-Slave Scheme;User-Oriented Scheme;BUG-45946;ERR-61186;Different replication protocols;restartXSN;XSN;7.4.4;7.4.5	APB-000002;APB-000005;APB-000007;APB-000017	yes	attachment_update	done	Stage 3 attachment route generated from completed scope row; use exact source blocks and missing-input prompts before item-level production claims.
S3-SCOPE-010	J013	S3-J012	GPTs/attachments/06_data_dictionary_performance_views.md	06. Data Dictionary and Performance Views	SRC-000311	repo	patch_note	patch_notes	BUG-45779  APRE에서 PSM 인자로 Array type을 지원해야 합니다.	7.1.0.1.4	Korean authoritative	SHARD-011	BLOCK-000620	SRC-000311/BLOCK-000620	pass	REPL-102;REPL-103;REPL-104;REPL-126;REPL-127;REPL-129;REPL-108;REPL-109;REPL-101;REPL-106;REPL-107	ACT_REPL_MODE;START_FLAG;NET_ERROR_FLAG;Replication Gap;Master-Slave Scheme;User-Oriented Scheme;BUG-45946;ERR-61186;Different replication protocols;restartXSN;XSN;7.4.4;7.4.5	APB-000002;APB-000005;APB-000007;APB-000017	yes	attachment_update	done	Stage 3 attachment route generated from completed scope row; use exact source blocks and missing-input prompts before item-level production claims.
S3-SCOPE-010	J013	S3-J012	GPTs/attachments/06_data_dictionary_performance_views.md	06. Data Dictionary and Performance Views	SRC-000321	repo	patch_note	patch_notes	BUG-46892  Mathematics 사용 메모리 제한 기능과 Mathematics Temp 사용 모니터링 기능 추가	7.1.0.2.4	Korean authoritative	SHARD-011	BLOCK-000648	SRC-000321/BLOCK-000648	pass	REPL-102;REPL-103;REPL-104;REPL-126;REPL-127;REPL-129;REPL-108;REPL-109;REPL-101;REPL-106;REPL-107	ACT_REPL_MODE;START_FLAG;NET_ERROR_FLAG;Replication Gap;Master-Slave Scheme;User-Oriented Scheme;BUG-45946;ERR-61186;Different replication protocols;restartXSN;XSN;7.4.4;7.4.5	APB-000002;APB-000005;APB-000007;APB-000017	yes	attachment_update	done	Stage 3 attachment route generated from completed scope row; use exact source blocks and missing-input prompts before item-level production claims.
S3-SCOPE-010	J013	S3-J012	GPTs/attachments/06_data_dictionary_performance_views.md	06. Data Dictionary and Performance Views	SRC-000362	repo	patch_note	patch_notes	Altibase 7.1.0.6.5 Patch Notes	7.1.0.6.5	Korean authoritative	SHARD-011	BLOCK-000715	SRC-000362/BLOCK-000715	pass	REPL-102;REPL-103;REPL-104;REPL-126;REPL-127;REPL-129;REPL-108;REPL-109;REPL-101;REPL-106;REPL-107	ACT_REPL_MODE;START_FLAG;NET_ERROR_FLAG;Replication Gap;Master-Slave Scheme;User-Oriented Scheme;BUG-45946;ERR-61186;Different replication protocols;restartXSN;XSN;7.4.4;7.4.5	APB-000002;APB-000005;APB-000007;APB-000017	yes	attachment_update	done	Stage 3 attachment route generated from completed scope row; use exact source blocks and missing-input prompts before item-level production claims.
S3-SCOPE-011	J014	S3-J013	GPTs/attachments/09_replication_ha_cdc.md	09. Replication, HA, and CDC	SRC-000051	repo	product_source	security_ssl_tls	Altibase SSL/TLS User's Guide	7.1	Korean authoritative	SHARD-012	BLOCK-000851	SRC-000051/BLOCK-000851	pass	REPL-110;REPL-113;REPL-114;REPL-115;REPL-116;REPL-117;REPL-118;REPL-124;REPL-128;REPL-121;REPL-123;REPL-130;REPL-105;REPL-111;REPL-112;REPL-122	ALA_FAILURE;Autocommit;v$repreceiver;sendq;recvq;tcpdump;wireshark;TCP Dup ACK;August 31, 2023;BUG-50573;ReplicationManager_1.4.0-linux.gtk.x86.zip;ReplicationManager_1.4.0-win32.win32.x86.zip;Unsigned Integer;single value	APB-000007;APB-000008;APB-000012;APB-000017	yes	attachment_update	done	Stage 3 attachment route generated from completed scope row; use exact source blocks and missing-input prompts before item-level production claims.
S3-SCOPE-011	J014	S3-J013	GPTs/attachments/09_replication_ha_cdc.md	09. Replication, HA, and CDC	SRC-000126	repo	product_source	log_analyzer	Altibase 7.3	7.3	Korean authoritative	SHARD-010	BLOCK-000566	SRC-000126/BLOCK-000566	pass	REPL-110;REPL-113;REPL-114;REPL-115;REPL-116;REPL-117;REPL-118;REPL-124;REPL-128;REPL-121;REPL-123;REPL-130;REPL-105;REPL-111;REPL-112;REPL-122	ALA_FAILURE;Autocommit;v$repreceiver;sendq;recvq;tcpdump;wireshark;TCP Dup ACK;August 31, 2023;BUG-50573;ReplicationManager_1.4.0-linux.gtk.x86.zip;ReplicationManager_1.4.0-win32.win32.x86.zip;Unsigned Integer;single value	APB-000007;APB-000008;APB-000012;APB-000017	yes	attachment_update	done	Stage 3 attachment route generated from completed scope row; use exact source blocks and missing-input prompts before item-level production claims.
S3-SCOPE-011	J014	S3-J013	GPTs/attachments/09_replication_ha_cdc.md	09. Replication, HA, and CDC	SRC-000132	repo	product_source	replication_manual	Replication Manual	7.3	Korean authoritative	SHARD-012	BLOCK-000847	SRC-000132/BLOCK-000847	pass	REPL-110;REPL-113;REPL-114;REPL-115;REPL-116;REPL-117;REPL-118;REPL-124;REPL-128;REPL-121;REPL-123;REPL-130;REPL-105;REPL-111;REPL-112;REPL-122	ALA_FAILURE;Autocommit;v$repreceiver;sendq;recvq;tcpdump;wireshark;TCP Dup ACK;August 31, 2023;BUG-50573;ReplicationManager_1.4.0-linux.gtk.x86.zip;ReplicationManager_1.4.0-win32.win32.x86.zip;Unsigned Integer;single value	APB-000007;APB-000008;APB-000012;APB-000017	yes	attachment_update	done	Stage 3 attachment route generated from completed scope row; use exact source blocks and missing-input prompts before item-level production claims.
S3-SCOPE-011	J014	S3-J013	GPTs/attachments/09_replication_ha_cdc.md	09. Replication, HA, and CDC	SRC-000175	repo	product_source	security_ssl_tls	Altibase SSL/TLS User's Guide	8.1_verified	Korean authoritative; Altibase 8.1 verified source	SHARD-012	BLOCK-000855	SRC-000175/BLOCK-000855	pass	REPL-110;REPL-113;REPL-114;REPL-115;REPL-116;REPL-117;REPL-118;REPL-124;REPL-128;REPL-121;REPL-123;REPL-130;REPL-105;REPL-111;REPL-112;REPL-122	ALA_FAILURE;Autocommit;v$repreceiver;sendq;recvq;tcpdump;wireshark;TCP Dup ACK;August 31, 2023;BUG-50573;ReplicationManager_1.4.0-linux.gtk.x86.zip;ReplicationManager_1.4.0-win32.win32.x86.zip;Unsigned Integer;single value	APB-000007;APB-000008;APB-000012;APB-000017	yes	attachment_update	done	Stage 3 attachment route generated from completed scope row; use exact source blocks and missing-input prompts before item-level production claims.
S3-SCOPE-011	J014	S3-J013	GPTs/attachments/09_replication_ha_cdc.md	09. Replication, HA, and CDC	SRC-000180	repo	product_source	general_reference_1_datatypes_properties	General Reference-1.Data Types & Altibase Properties	8.1_verified	Korean authoritative; Altibase 8.1 verified source	SHARD-008	BLOCK-000519	SRC-000180/BLOCK-000519	pass	REPL-110;REPL-113;REPL-114;REPL-115;REPL-116;REPL-117;REPL-118;REPL-124;REPL-128;REPL-121;REPL-123;REPL-130;REPL-105;REPL-111;REPL-112;REPL-122	ALA_FAILURE;Autocommit;v$repreceiver;sendq;recvq;tcpdump;wireshark;TCP Dup ACK;August 31, 2023;BUG-50573;ReplicationManager_1.4.0-linux.gtk.x86.zip;ReplicationManager_1.4.0-win32.win32.x86.zip;Unsigned Integer;single value	APB-000007;APB-000008;APB-000012;APB-000017	yes	attachment_update	done	Stage 3 attachment route generated from completed scope row; use exact source blocks and missing-input prompts before item-level production claims.
S3-SCOPE-011	J014	S3-J013	GPTs/attachments/09_replication_ha_cdc.md	09. Replication, HA, and CDC	SRC-000192	repo	product_source	replication_manual	Replication Manual	8.1_verified	Korean authoritative; Altibase 8.1 verified source	SHARD-012	BLOCK-000849	SRC-000192/BLOCK-000849	pass	REPL-110;REPL-113;REPL-114;REPL-115;REPL-116;REPL-117;REPL-118;REPL-124;REPL-128;REPL-121;REPL-123;REPL-130;REPL-105;REPL-111;REPL-112;REPL-122	ALA_FAILURE;Autocommit;v$repreceiver;sendq;recvq;tcpdump;wireshark;TCP Dup ACK;August 31, 2023;BUG-50573;ReplicationManager_1.4.0-linux.gtk.x86.zip;ReplicationManager_1.4.0-win32.win32.x86.zip;Unsigned Integer;single value	APB-000007;APB-000008;APB-000012;APB-000017	yes	attachment_update	done	Stage 3 attachment route generated from completed scope row; use exact source blocks and missing-input prompts before item-level production claims.
S3-SCOPE-011	J014	S3-J013	GPTs/attachments/09_replication_ha_cdc.md	09. Replication, HA, and CDC	SRC-000211	repo	tool_manual	replication_manager	Release 1.4	multi	Korean authoritative	SHARD-012	BLOCK-000843	SRC-000211/BLOCK-000843	pass	REPL-110;REPL-113;REPL-114;REPL-115;REPL-116;REPL-117;REPL-118;REPL-124;REPL-128;REPL-121;REPL-123;REPL-130;REPL-105;REPL-111;REPL-112;REPL-122	ALA_FAILURE;Autocommit;v$repreceiver;sendq;recvq;tcpdump;wireshark;TCP Dup ACK;August 31, 2023;BUG-50573;ReplicationManager_1.4.0-linux.gtk.x86.zip;ReplicationManager_1.4.0-win32.win32.x86.zip;Unsigned Integer;single value	APB-000007;APB-000008;APB-000012;APB-000017	yes	attachment_update	done	Stage 3 attachment route generated from completed scope row; use exact source blocks and missing-input prompts before item-level production claims.
S3-SCOPE-011	J014	S3-J013	GPTs/attachments/09_replication_ha_cdc.md	09. Replication, HA, and CDC	SRC-000452	repo	release_note	release_notes_platform	1. 시스템 요구사항	8.1.0.0.1	Korean authoritative; Altibase 8.1 verified source	SHARD-012	BLOCK-000826	SRC-000452/BLOCK-000826	pass	REPL-110;REPL-113;REPL-114;REPL-115;REPL-116;REPL-117;REPL-118;REPL-124;REPL-128;REPL-121;REPL-123;REPL-130;REPL-105;REPL-111;REPL-112;REPL-122	ALA_FAILURE;Autocommit;v$repreceiver;sendq;recvq;tcpdump;wireshark;TCP Dup ACK;August 31, 2023;BUG-50573;ReplicationManager_1.4.0-linux.gtk.x86.zip;ReplicationManager_1.4.0-win32.win32.x86.zip;Unsigned Integer;single value	APB-000007;APB-000008;APB-000012;APB-000017	yes	attachment_update	done	Stage 3 attachment route generated from completed scope row; use exact source blocks and missing-input prompts before item-level production claims.
S3-SCOPE-011	J014	S3-J013	GPTs/attachments/09_replication_ha_cdc.md	09. Replication, HA, and CDC	SRC-000466	repo	release_note	replication_manager	Release 1.4 (August 31, 2023)	Replication Manager 1.4	Korean authoritative	SHARD-012	BLOCK-000841	SRC-000466/BLOCK-000841	pass	REPL-110;REPL-113;REPL-114;REPL-115;REPL-116;REPL-117;REPL-118;REPL-124;REPL-128;REPL-121;REPL-123;REPL-130;REPL-105;REPL-111;REPL-112;REPL-122	ALA_FAILURE;Autocommit;v$repreceiver;sendq;recvq;tcpdump;wireshark;TCP Dup ACK;August 31, 2023;BUG-50573;ReplicationManager_1.4.0-linux.gtk.x86.zip;ReplicationManager_1.4.0-win32.win32.x86.zip;Unsigned Integer;single value	APB-000007;APB-000008;APB-000012;APB-000017	yes	attachment_update	done	Stage 3 attachment route generated from completed scope row; use exact source blocks and missing-input prompts before item-level production claims.
S3-SCOPE-011	J014	S3-J013	GPTs/attachments/09_replication_ha_cdc.md	09. Replication, HA, and CDC	SRC-000474	repo	technical_document	technical_documents_support	v$repreceiver의 insert_success_count가 증가하는지 확인	multi	Korean authoritative	SHARD-015	BLOCK-000909	SRC-000474/BLOCK-000909	pass	REPL-110;REPL-113;REPL-114;REPL-115;REPL-116;REPL-117;REPL-118;REPL-124;REPL-128;REPL-121;REPL-123;REPL-130;REPL-105;REPL-111;REPL-112;REPL-122	ALA_FAILURE;Autocommit;v$repreceiver;sendq;recvq;tcpdump;wireshark;TCP Dup ACK;August 31, 2023;BUG-50573;ReplicationManager_1.4.0-linux.gtk.x86.zip;ReplicationManager_1.4.0-win32.win32.x86.zip;Unsigned Integer;single value	APB-000007;APB-000008;APB-000012;APB-000017	yes	attachment_update	done	Stage 3 attachment route generated from completed scope row; use exact source blocks and missing-input prompts before item-level production claims.
S3-SCOPE-011	J014	S3-J013	GPTs/attachments/09_replication_ha_cdc.md	09. Replication, HA, and CDC	SRC-000475	repo	technical_document	technical_documents_support	Altibase 버전 별 Replication 호환성	multi	Korean authoritative	SHARD-015	BLOCK-000910	SRC-000475/BLOCK-000910	pass	REPL-110;REPL-113;REPL-114;REPL-115;REPL-116;REPL-117;REPL-118;REPL-124;REPL-128;REPL-121;REPL-123;REPL-130;REPL-105;REPL-111;REPL-112;REPL-122	ALA_FAILURE;Autocommit;v$repreceiver;sendq;recvq;tcpdump;wireshark;TCP Dup ACK;August 31, 2023;BUG-50573;ReplicationManager_1.4.0-linux.gtk.x86.zip;ReplicationManager_1.4.0-win32.win32.x86.zip;Unsigned Integer;single value	APB-000007;APB-000008;APB-000012;APB-000017	yes	attachment_update	done	Stage 3 attachment route generated from completed scope row; use exact source blocks and missing-input prompts before item-level production claims.
S3-SCOPE-011	J014	S3-J013	GPTs/attachments/16_dblink_external_connectors.md	16. DB Link and External Connectors	SRC-000051	repo	product_source	security_ssl_tls	Altibase SSL/TLS User's Guide	7.1	Korean authoritative	SHARD-012	BLOCK-000851	SRC-000051/BLOCK-000851	pass	REPL-110;REPL-113;REPL-114;REPL-115;REPL-116;REPL-117;REPL-118;REPL-124;REPL-128;REPL-121;REPL-123;REPL-130;REPL-105;REPL-111;REPL-112;REPL-122	ALA_FAILURE;Autocommit;v$repreceiver;sendq;recvq;tcpdump;wireshark;TCP Dup ACK;August 31, 2023;BUG-50573;ReplicationManager_1.4.0-linux.gtk.x86.zip;ReplicationManager_1.4.0-win32.win32.x86.zip;Unsigned Integer;single value	APB-000007;APB-000008;APB-000012;APB-000017	yes	attachment_update	done	Stage 3 attachment route generated from completed scope row; use exact source blocks and missing-input prompts before item-level production claims.
S3-SCOPE-011	J014	S3-J013	GPTs/attachments/16_dblink_external_connectors.md	16. DB Link and External Connectors	SRC-000126	repo	product_source	log_analyzer	Altibase 7.3	7.3	Korean authoritative	SHARD-010	BLOCK-000566	SRC-000126/BLOCK-000566	pass	REPL-110;REPL-113;REPL-114;REPL-115;REPL-116;REPL-117;REPL-118;REPL-124;REPL-128;REPL-121;REPL-123;REPL-130;REPL-105;REPL-111;REPL-112;REPL-122	ALA_FAILURE;Autocommit;v$repreceiver;sendq;recvq;tcpdump;wireshark;TCP Dup ACK;August 31, 2023;BUG-50573;ReplicationManager_1.4.0-linux.gtk.x86.zip;ReplicationManager_1.4.0-win32.win32.x86.zip;Unsigned Integer;single value	APB-000007;APB-000008;APB-000012;APB-000017	yes	attachment_update	done	Stage 3 attachment route generated from completed scope row; use exact source blocks and missing-input prompts before item-level production claims.
S3-SCOPE-011	J014	S3-J013	GPTs/attachments/16_dblink_external_connectors.md	16. DB Link and External Connectors	SRC-000132	repo	product_source	replication_manual	Replication Manual	7.3	Korean authoritative	SHARD-012	BLOCK-000847	SRC-000132/BLOCK-000847	pass	REPL-110;REPL-113;REPL-114;REPL-115;REPL-116;REPL-117;REPL-118;REPL-124;REPL-128;REPL-121;REPL-123;REPL-130;REPL-105;REPL-111;REPL-112;REPL-122	ALA_FAILURE;Autocommit;v$repreceiver;sendq;recvq;tcpdump;wireshark;TCP Dup ACK;August 31, 2023;BUG-50573;ReplicationManager_1.4.0-linux.gtk.x86.zip;ReplicationManager_1.4.0-win32.win32.x86.zip;Unsigned Integer;single value	APB-000007;APB-000008;APB-000012;APB-000017	yes	attachment_update	done	Stage 3 attachment route generated from completed scope row; use exact source blocks and missing-input prompts before item-level production claims.
S3-SCOPE-011	J014	S3-J013	GPTs/attachments/16_dblink_external_connectors.md	16. DB Link and External Connectors	SRC-000175	repo	product_source	security_ssl_tls	Altibase SSL/TLS User's Guide	8.1_verified	Korean authoritative; Altibase 8.1 verified source	SHARD-012	BLOCK-000855	SRC-000175/BLOCK-000855	pass	REPL-110;REPL-113;REPL-114;REPL-115;REPL-116;REPL-117;REPL-118;REPL-124;REPL-128;REPL-121;REPL-123;REPL-130;REPL-105;REPL-111;REPL-112;REPL-122	ALA_FAILURE;Autocommit;v$repreceiver;sendq;recvq;tcpdump;wireshark;TCP Dup ACK;August 31, 2023;BUG-50573;ReplicationManager_1.4.0-linux.gtk.x86.zip;ReplicationManager_1.4.0-win32.win32.x86.zip;Unsigned Integer;single value	APB-000007;APB-000008;APB-000012;APB-000017	yes	attachment_update	done	Stage 3 attachment route generated from completed scope row; use exact source blocks and missing-input prompts before item-level production claims.
S3-SCOPE-011	J014	S3-J013	GPTs/attachments/16_dblink_external_connectors.md	16. DB Link and External Connectors	SRC-000180	repo	product_source	general_reference_1_datatypes_properties	General Reference-1.Data Types & Altibase Properties	8.1_verified	Korean authoritative; Altibase 8.1 verified source	SHARD-008	BLOCK-000519	SRC-000180/BLOCK-000519	pass	REPL-110;REPL-113;REPL-114;REPL-115;REPL-116;REPL-117;REPL-118;REPL-124;REPL-128;REPL-121;REPL-123;REPL-130;REPL-105;REPL-111;REPL-112;REPL-122	ALA_FAILURE;Autocommit;v$repreceiver;sendq;recvq;tcpdump;wireshark;TCP Dup ACK;August 31, 2023;BUG-50573;ReplicationManager_1.4.0-linux.gtk.x86.zip;ReplicationManager_1.4.0-win32.win32.x86.zip;Unsigned Integer;single value	APB-000007;APB-000008;APB-000012;APB-000017	yes	attachment_update	done	Stage 3 attachment route generated from completed scope row; use exact source blocks and missing-input prompts before item-level production claims.
S3-SCOPE-011	J014	S3-J013	GPTs/attachments/16_dblink_external_connectors.md	16. DB Link and External Connectors	SRC-000192	repo	product_source	replication_manual	Replication Manual	8.1_verified	Korean authoritative; Altibase 8.1 verified source	SHARD-012	BLOCK-000849	SRC-000192/BLOCK-000849	pass	REPL-110;REPL-113;REPL-114;REPL-115;REPL-116;REPL-117;REPL-118;REPL-124;REPL-128;REPL-121;REPL-123;REPL-130;REPL-105;REPL-111;REPL-112;REPL-122	ALA_FAILURE;Autocommit;v$repreceiver;sendq;recvq;tcpdump;wireshark;TCP Dup ACK;August 31, 2023;BUG-50573;ReplicationManager_1.4.0-linux.gtk.x86.zip;ReplicationManager_1.4.0-win32.win32.x86.zip;Unsigned Integer;single value	APB-000007;APB-000008;APB-000012;APB-000017	yes	attachment_update	done	Stage 3 attachment route generated from completed scope row; use exact source blocks and missing-input prompts before item-level production claims.
S3-SCOPE-011	J014	S3-J013	GPTs/attachments/16_dblink_external_connectors.md	16. DB Link and External Connectors	SRC-000211	repo	tool_manual	replication_manager	Release 1.4	multi	Korean authoritative	SHARD-012	BLOCK-000843	SRC-000211/BLOCK-000843	pass	REPL-110;REPL-113;REPL-114;REPL-115;REPL-116;REPL-117;REPL-118;REPL-124;REPL-128;REPL-121;REPL-123;REPL-130;REPL-105;REPL-111;REPL-112;REPL-122	ALA_FAILURE;Autocommit;v$repreceiver;sendq;recvq;tcpdump;wireshark;TCP Dup ACK;August 31, 2023;BUG-50573;ReplicationManager_1.4.0-linux.gtk.x86.zip;ReplicationManager_1.4.0-win32.win32.x86.zip;Unsigned Integer;single value	APB-000007;APB-000008;APB-000012;APB-000017	yes	attachment_update	done	Stage 3 attachment route generated from completed scope row; use exact source blocks and missing-input prompts before item-level production claims.
S3-SCOPE-011	J014	S3-J013	GPTs/attachments/16_dblink_external_connectors.md	16. DB Link and External Connectors	SRC-000452	repo	release_note	release_notes_platform	1. 시스템 요구사항	8.1.0.0.1	Korean authoritative; Altibase 8.1 verified source	SHARD-012	BLOCK-000826	SRC-000452/BLOCK-000826	pass	REPL-110;REPL-113;REPL-114;REPL-115;REPL-116;REPL-117;REPL-118;REPL-124;REPL-128;REPL-121;REPL-123;REPL-130;REPL-105;REPL-111;REPL-112;REPL-122	ALA_FAILURE;Autocommit;v$repreceiver;sendq;recvq;tcpdump;wireshark;TCP Dup ACK;August 31, 2023;BUG-50573;ReplicationManager_1.4.0-linux.gtk.x86.zip;ReplicationManager_1.4.0-win32.win32.x86.zip;Unsigned Integer;single value	APB-000007;APB-000008;APB-000012;APB-000017	yes	attachment_update	done	Stage 3 attachment route generated from completed scope row; use exact source blocks and missing-input prompts before item-level production claims.
S3-SCOPE-011	J014	S3-J013	GPTs/attachments/16_dblink_external_connectors.md	16. DB Link and External Connectors	SRC-000466	repo	release_note	replication_manager	Release 1.4 (August 31, 2023)	Replication Manager 1.4	Korean authoritative	SHARD-012	BLOCK-000841	SRC-000466/BLOCK-000841	pass	REPL-110;REPL-113;REPL-114;REPL-115;REPL-116;REPL-117;REPL-118;REPL-124;REPL-128;REPL-121;REPL-123;REPL-130;REPL-105;REPL-111;REPL-112;REPL-122	ALA_FAILURE;Autocommit;v$repreceiver;sendq;recvq;tcpdump;wireshark;TCP Dup ACK;August 31, 2023;BUG-50573;ReplicationManager_1.4.0-linux.gtk.x86.zip;ReplicationManager_1.4.0-win32.win32.x86.zip;Unsigned Integer;single value	APB-000007;APB-000008;APB-000012;APB-000017	yes	attachment_update	done	Stage 3 attachment route generated from completed scope row; use exact source blocks and missing-input prompts before item-level production claims.
S3-SCOPE-011	J014	S3-J013	GPTs/attachments/16_dblink_external_connectors.md	16. DB Link and External Connectors	SRC-000474	repo	technical_document	technical_documents_support	v$repreceiver의 insert_success_count가 증가하는지 확인	multi	Korean authoritative	SHARD-015	BLOCK-000909	SRC-000474/BLOCK-000909	pass	REPL-110;REPL-113;REPL-114;REPL-115;REPL-116;REPL-117;REPL-118;REPL-124;REPL-128;REPL-121;REPL-123;REPL-130;REPL-105;REPL-111;REPL-112;REPL-122	ALA_FAILURE;Autocommit;v$repreceiver;sendq;recvq;tcpdump;wireshark;TCP Dup ACK;August 31, 2023;BUG-50573;ReplicationManager_1.4.0-linux.gtk.x86.zip;ReplicationManager_1.4.0-win32.win32.x86.zip;Unsigned Integer;single value	APB-000007;APB-000008;APB-000012;APB-000017	yes	attachment_update	done	Stage 3 attachment route generated from completed scope row; use exact source blocks and missing-input prompts before item-level production claims.
S3-SCOPE-011	J014	S3-J013	GPTs/attachments/16_dblink_external_connectors.md	16. DB Link and External Connectors	SRC-000475	repo	technical_document	technical_documents_support	Altibase 버전 별 Replication 호환성	multi	Korean authoritative	SHARD-015	BLOCK-000910	SRC-000475/BLOCK-000910	pass	REPL-110;REPL-113;REPL-114;REPL-115;REPL-116;REPL-117;REPL-118;REPL-124;REPL-128;REPL-121;REPL-123;REPL-130;REPL-105;REPL-111;REPL-112;REPL-122	ALA_FAILURE;Autocommit;v$repreceiver;sendq;recvq;tcpdump;wireshark;TCP Dup ACK;August 31, 2023;BUG-50573;ReplicationManager_1.4.0-linux.gtk.x86.zip;ReplicationManager_1.4.0-win32.win32.x86.zip;Unsigned Integer;single value	APB-000007;APB-000008;APB-000012;APB-000017	yes	attachment_update	done	Stage 3 attachment route generated from completed scope row; use exact source blocks and missing-input prompts before item-level production claims.
S3-SCOPE-011	J014	S3-J013	GPTs/attachments/18_security_ssl_tls.md	18. Security and SSL/TLS	SRC-000051	repo	product_source	security_ssl_tls	Altibase SSL/TLS User's Guide	7.1	Korean authoritative	SHARD-012	BLOCK-000851	SRC-000051/BLOCK-000851	pass	REPL-110;REPL-113;REPL-114;REPL-115;REPL-116;REPL-117;REPL-118;REPL-124;REPL-128;REPL-121;REPL-123;REPL-130;REPL-105;REPL-111;REPL-112;REPL-122	ALA_FAILURE;Autocommit;v$repreceiver;sendq;recvq;tcpdump;wireshark;TCP Dup ACK;August 31, 2023;BUG-50573;ReplicationManager_1.4.0-linux.gtk.x86.zip;ReplicationManager_1.4.0-win32.win32.x86.zip;Unsigned Integer;single value	APB-000007;APB-000008;APB-000012;APB-000017	yes	attachment_update	done	Stage 3 attachment route generated from completed scope row; use exact source blocks and missing-input prompts before item-level production claims.
S3-SCOPE-011	J014	S3-J013	GPTs/attachments/18_security_ssl_tls.md	18. Security and SSL/TLS	SRC-000126	repo	product_source	log_analyzer	Altibase 7.3	7.3	Korean authoritative	SHARD-010	BLOCK-000566	SRC-000126/BLOCK-000566	pass	REPL-110;REPL-113;REPL-114;REPL-115;REPL-116;REPL-117;REPL-118;REPL-124;REPL-128;REPL-121;REPL-123;REPL-130;REPL-105;REPL-111;REPL-112;REPL-122	ALA_FAILURE;Autocommit;v$repreceiver;sendq;recvq;tcpdump;wireshark;TCP Dup ACK;August 31, 2023;BUG-50573;ReplicationManager_1.4.0-linux.gtk.x86.zip;ReplicationManager_1.4.0-win32.win32.x86.zip;Unsigned Integer;single value	APB-000007;APB-000008;APB-000012;APB-000017	yes	attachment_update	done	Stage 3 attachment route generated from completed scope row; use exact source blocks and missing-input prompts before item-level production claims.
S3-SCOPE-011	J014	S3-J013	GPTs/attachments/18_security_ssl_tls.md	18. Security and SSL/TLS	SRC-000132	repo	product_source	replication_manual	Replication Manual	7.3	Korean authoritative	SHARD-012	BLOCK-000847	SRC-000132/BLOCK-000847	pass	REPL-110;REPL-113;REPL-114;REPL-115;REPL-116;REPL-117;REPL-118;REPL-124;REPL-128;REPL-121;REPL-123;REPL-130;REPL-105;REPL-111;REPL-112;REPL-122	ALA_FAILURE;Autocommit;v$repreceiver;sendq;recvq;tcpdump;wireshark;TCP Dup ACK;August 31, 2023;BUG-50573;ReplicationManager_1.4.0-linux.gtk.x86.zip;ReplicationManager_1.4.0-win32.win32.x86.zip;Unsigned Integer;single value	APB-000007;APB-000008;APB-000012;APB-000017	yes	attachment_update	done	Stage 3 attachment route generated from completed scope row; use exact source blocks and missing-input prompts before item-level production claims.
S3-SCOPE-011	J014	S3-J013	GPTs/attachments/18_security_ssl_tls.md	18. Security and SSL/TLS	SRC-000175	repo	product_source	security_ssl_tls	Altibase SSL/TLS User's Guide	8.1_verified	Korean authoritative; Altibase 8.1 verified source	SHARD-012	BLOCK-000855	SRC-000175/BLOCK-000855	pass	REPL-110;REPL-113;REPL-114;REPL-115;REPL-116;REPL-117;REPL-118;REPL-124;REPL-128;REPL-121;REPL-123;REPL-130;REPL-105;REPL-111;REPL-112;REPL-122	ALA_FAILURE;Autocommit;v$repreceiver;sendq;recvq;tcpdump;wireshark;TCP Dup ACK;August 31, 2023;BUG-50573;ReplicationManager_1.4.0-linux.gtk.x86.zip;ReplicationManager_1.4.0-win32.win32.x86.zip;Unsigned Integer;single value	APB-000007;APB-000008;APB-000012;APB-000017	yes	attachment_update	done	Stage 3 attachment route generated from completed scope row; use exact source blocks and missing-input prompts before item-level production claims.
S3-SCOPE-011	J014	S3-J013	GPTs/attachments/18_security_ssl_tls.md	18. Security and SSL/TLS	SRC-000180	repo	product_source	general_reference_1_datatypes_properties	General Reference-1.Data Types & Altibase Properties	8.1_verified	Korean authoritative; Altibase 8.1 verified source	SHARD-008	BLOCK-000519	SRC-000180/BLOCK-000519	pass	REPL-110;REPL-113;REPL-114;REPL-115;REPL-116;REPL-117;REPL-118;REPL-124;REPL-128;REPL-121;REPL-123;REPL-130;REPL-105;REPL-111;REPL-112;REPL-122	ALA_FAILURE;Autocommit;v$repreceiver;sendq;recvq;tcpdump;wireshark;TCP Dup ACK;August 31, 2023;BUG-50573;ReplicationManager_1.4.0-linux.gtk.x86.zip;ReplicationManager_1.4.0-win32.win32.x86.zip;Unsigned Integer;single value	APB-000007;APB-000008;APB-000012;APB-000017	yes	attachment_update	done	Stage 3 attachment route generated from completed scope row; use exact source blocks and missing-input prompts before item-level production claims.
S3-SCOPE-011	J014	S3-J013	GPTs/attachments/18_security_ssl_tls.md	18. Security and SSL/TLS	SRC-000192	repo	product_source	replication_manual	Replication Manual	8.1_verified	Korean authoritative; Altibase 8.1 verified source	SHARD-012	BLOCK-000849	SRC-000192/BLOCK-000849	pass	REPL-110;REPL-113;REPL-114;REPL-115;REPL-116;REPL-117;REPL-118;REPL-124;REPL-128;REPL-121;REPL-123;REPL-130;REPL-105;REPL-111;REPL-112;REPL-122	ALA_FAILURE;Autocommit;v$repreceiver;sendq;recvq;tcpdump;wireshark;TCP Dup ACK;August 31, 2023;BUG-50573;ReplicationManager_1.4.0-linux.gtk.x86.zip;ReplicationManager_1.4.0-win32.win32.x86.zip;Unsigned Integer;single value	APB-000007;APB-000008;APB-000012;APB-000017	yes	attachment_update	done	Stage 3 attachment route generated from completed scope row; use exact source blocks and missing-input prompts before item-level production claims.
S3-SCOPE-011	J014	S3-J013	GPTs/attachments/18_security_ssl_tls.md	18. Security and SSL/TLS	SRC-000211	repo	tool_manual	replication_manager	Release 1.4	multi	Korean authoritative	SHARD-012	BLOCK-000843	SRC-000211/BLOCK-000843	pass	REPL-110;REPL-113;REPL-114;REPL-115;REPL-116;REPL-117;REPL-118;REPL-124;REPL-128;REPL-121;REPL-123;REPL-130;REPL-105;REPL-111;REPL-112;REPL-122	ALA_FAILURE;Autocommit;v$repreceiver;sendq;recvq;tcpdump;wireshark;TCP Dup ACK;August 31, 2023;BUG-50573;ReplicationManager_1.4.0-linux.gtk.x86.zip;ReplicationManager_1.4.0-win32.win32.x86.zip;Unsigned Integer;single value	APB-000007;APB-000008;APB-000012;APB-000017	yes	attachment_update	done	Stage 3 attachment route generated from completed scope row; use exact source blocks and missing-input prompts before item-level production claims.
S3-SCOPE-011	J014	S3-J013	GPTs/attachments/18_security_ssl_tls.md	18. Security and SSL/TLS	SRC-000452	repo	release_note	release_notes_platform	1. 시스템 요구사항	8.1.0.0.1	Korean authoritative; Altibase 8.1 verified source	SHARD-012	BLOCK-000826	SRC-000452/BLOCK-000826	pass	REPL-110;REPL-113;REPL-114;REPL-115;REPL-116;REPL-117;REPL-118;REPL-124;REPL-128;REPL-121;REPL-123;REPL-130;REPL-105;REPL-111;REPL-112;REPL-122	ALA_FAILURE;Autocommit;v$repreceiver;sendq;recvq;tcpdump;wireshark;TCP Dup ACK;August 31, 2023;BUG-50573;ReplicationManager_1.4.0-linux.gtk.x86.zip;ReplicationManager_1.4.0-win32.win32.x86.zip;Unsigned Integer;single value	APB-000007;APB-000008;APB-000012;APB-000017	yes	attachment_update	done	Stage 3 attachment route generated from completed scope row; use exact source blocks and missing-input prompts before item-level production claims.
S3-SCOPE-011	J014	S3-J013	GPTs/attachments/18_security_ssl_tls.md	18. Security and SSL/TLS	SRC-000466	repo	release_note	replication_manager	Release 1.4 (August 31, 2023)	Replication Manager 1.4	Korean authoritative	SHARD-012	BLOCK-000841	SRC-000466/BLOCK-000841	pass	REPL-110;REPL-113;REPL-114;REPL-115;REPL-116;REPL-117;REPL-118;REPL-124;REPL-128;REPL-121;REPL-123;REPL-130;REPL-105;REPL-111;REPL-112;REPL-122	ALA_FAILURE;Autocommit;v$repreceiver;sendq;recvq;tcpdump;wireshark;TCP Dup ACK;August 31, 2023;BUG-50573;ReplicationManager_1.4.0-linux.gtk.x86.zip;ReplicationManager_1.4.0-win32.win32.x86.zip;Unsigned Integer;single value	APB-000007;APB-000008;APB-000012;APB-000017	yes	attachment_update	done	Stage 3 attachment route generated from completed scope row; use exact source blocks and missing-input prompts before item-level production claims.
S3-SCOPE-011	J014	S3-J013	GPTs/attachments/18_security_ssl_tls.md	18. Security and SSL/TLS	SRC-000474	repo	technical_document	technical_documents_support	v$repreceiver의 insert_success_count가 증가하는지 확인	multi	Korean authoritative	SHARD-015	BLOCK-000909	SRC-000474/BLOCK-000909	pass	REPL-110;REPL-113;REPL-114;REPL-115;REPL-116;REPL-117;REPL-118;REPL-124;REPL-128;REPL-121;REPL-123;REPL-130;REPL-105;REPL-111;REPL-112;REPL-122	ALA_FAILURE;Autocommit;v$repreceiver;sendq;recvq;tcpdump;wireshark;TCP Dup ACK;August 31, 2023;BUG-50573;ReplicationManager_1.4.0-linux.gtk.x86.zip;ReplicationManager_1.4.0-win32.win32.x86.zip;Unsigned Integer;single value	APB-000007;APB-000008;APB-000012;APB-000017	yes	attachment_update	done	Stage 3 attachment route generated from completed scope row; use exact source blocks and missing-input prompts before item-level production claims.
S3-SCOPE-011	J014	S3-J013	GPTs/attachments/18_security_ssl_tls.md	18. Security and SSL/TLS	SRC-000475	repo	technical_document	technical_documents_support	Altibase 버전 별 Replication 호환성	multi	Korean authoritative	SHARD-015	BLOCK-000910	SRC-000475/BLOCK-000910	pass	REPL-110;REPL-113;REPL-114;REPL-115;REPL-116;REPL-117;REPL-118;REPL-124;REPL-128;REPL-121;REPL-123;REPL-130;REPL-105;REPL-111;REPL-112;REPL-122	ALA_FAILURE;Autocommit;v$repreceiver;sendq;recvq;tcpdump;wireshark;TCP Dup ACK;August 31, 2023;BUG-50573;ReplicationManager_1.4.0-linux.gtk.x86.zip;ReplicationManager_1.4.0-win32.win32.x86.zip;Unsigned Integer;single value	APB-000007;APB-000008;APB-000012;APB-000017	yes	attachment_update	done	Stage 3 attachment route generated from completed scope row; use exact source blocks and missing-input prompts before item-level production claims.
S3-SCOPE-012	J015	S3-J014	GPTs/attachments/06_data_dictionary_performance_views.md	06. Data Dictionary and Performance Views	SRC-000063	repo	product_source	monitoring_api_snmp	Altibase 7.1	7.1	Korean authoritative	SHARD-011	BLOCK-000605	SRC-000063/BLOCK-000605	pass	VPM-114;VPM-125;VPM-101;VPM-102;VPM-103;VPM-105;VPM-106;VPM-108;VPM-109;VPM-111;VPM-115;VPM-116;VPM-118;VPM-119;VPM-120;VPM-122;VPM-123;VPM-124;VPM-127;VPM-129;VPM-130;VPM-104;VPM-107;VPM-110;VPM-112;VPM-117;VPM-121	PARTITION_MAX_VALUE;PARTITION_MIN_VALUE;PARTITION_ORDER;PARTITION_USABLE;SERVER SHUTDOWN;SERVER STARTED;GC_ALREADY_SYNC_COUNT;UPDATE_TX_COUNT;FIXED KEY RANGE;VARIABLE KEY RANGE;full table scan;/*+ hint */;7.1.0.7.9;That had return update result;Unix Domain Socket;Altibase 5.5.1;B-TREE;R-TREE	APB-000005;APB-000013;APB-000017	yes	attachment_update	done	Stage 3 attachment route generated from completed scope row; use exact source blocks and missing-input prompts before item-level production claims.
S3-SCOPE-012	J015	S3-J014	GPTs/attachments/06_data_dictionary_performance_views.md	06. Data Dictionary and Performance Views	SRC-000121	repo	product_source	general_reference_2_dictionary_views	Altibase 7.3	7.3	Korean authoritative	SHARD-008	BLOCK-000523	SRC-000121/BLOCK-000523	pass	VPM-114;VPM-125;VPM-101;VPM-102;VPM-103;VPM-105;VPM-106;VPM-108;VPM-109;VPM-111;VPM-115;VPM-116;VPM-118;VPM-119;VPM-120;VPM-122;VPM-123;VPM-124;VPM-127;VPM-129;VPM-130;VPM-104;VPM-107;VPM-110;VPM-112;VPM-117;VPM-121	PARTITION_MAX_VALUE;PARTITION_MIN_VALUE;PARTITION_ORDER;PARTITION_USABLE;SERVER SHUTDOWN;SERVER STARTED;GC_ALREADY_SYNC_COUNT;UPDATE_TX_COUNT;FIXED KEY RANGE;VARIABLE KEY RANGE;full table scan;/*+ hint */;7.1.0.7.9;That had return update result;Unix Domain Socket;Altibase 5.5.1;B-TREE;R-TREE	APB-000005;APB-000013;APB-000017	yes	attachment_update	done	Stage 3 attachment route generated from completed scope row; use exact source blocks and missing-input prompts before item-level production claims.
S3-SCOPE-012	J015	S3-J014	GPTs/attachments/06_data_dictionary_performance_views.md	06. Data Dictionary and Performance Views	SRC-000127	repo	product_source	monitoring_api_snmp	Altibase 7.3	7.3	Korean authoritative	SHARD-011	BLOCK-000609	SRC-000127/BLOCK-000609	pass	VPM-114;VPM-125;VPM-101;VPM-102;VPM-103;VPM-105;VPM-106;VPM-108;VPM-109;VPM-111;VPM-115;VPM-116;VPM-118;VPM-119;VPM-120;VPM-122;VPM-123;VPM-124;VPM-127;VPM-129;VPM-130;VPM-104;VPM-107;VPM-110;VPM-112;VPM-117;VPM-121	PARTITION_MAX_VALUE;PARTITION_MIN_VALUE;PARTITION_ORDER;PARTITION_USABLE;SERVER SHUTDOWN;SERVER STARTED;GC_ALREADY_SYNC_COUNT;UPDATE_TX_COUNT;FIXED KEY RANGE;VARIABLE KEY RANGE;full table scan;/*+ hint */;7.1.0.7.9;That had return update result;Unix Domain Socket;Altibase 5.5.1;B-TREE;R-TREE	APB-000005;APB-000013;APB-000017	yes	attachment_update	done	Stage 3 attachment route generated from completed scope row; use exact source blocks and missing-input prompts before item-level production claims.
S3-SCOPE-012	J015	S3-J014	GPTs/attachments/06_data_dictionary_performance_views.md	06. Data Dictionary and Performance Views	SRC-000129	repo	product_source	performance_tuning	Altibase 7.3	7.3	Korean authoritative	SHARD-012	BLOCK-000814	SRC-000129/BLOCK-000814	pass	VPM-114;VPM-125;VPM-101;VPM-102;VPM-103;VPM-105;VPM-106;VPM-108;VPM-109;VPM-111;VPM-115;VPM-116;VPM-118;VPM-119;VPM-120;VPM-122;VPM-123;VPM-124;VPM-127;VPM-129;VPM-130;VPM-104;VPM-107;VPM-110;VPM-112;VPM-117;VPM-121	PARTITION_MAX_VALUE;PARTITION_MIN_VALUE;PARTITION_ORDER;PARTITION_USABLE;SERVER SHUTDOWN;SERVER STARTED;GC_ALREADY_SYNC_COUNT;UPDATE_TX_COUNT;FIXED KEY RANGE;VARIABLE KEY RANGE;full table scan;/*+ hint */;7.1.0.7.9;That had return update result;Unix Domain Socket;Altibase 5.5.1;B-TREE;R-TREE	APB-000005;APB-000013;APB-000017	yes	attachment_update	done	Stage 3 attachment route generated from completed scope row; use exact source blocks and missing-input prompts before item-level production claims.
S3-SCOPE-012	J015	S3-J014	GPTs/attachments/06_data_dictionary_performance_views.md	06. Data Dictionary and Performance Views	SRC-000133	repo	product_source	monitoring_api_snmp	Altibase 7.3	7.3	Korean authoritative	SHARD-011	BLOCK-000610	SRC-000133/BLOCK-000610	pass	VPM-114;VPM-125;VPM-101;VPM-102;VPM-103;VPM-105;VPM-106;VPM-108;VPM-109;VPM-111;VPM-115;VPM-116;VPM-118;VPM-119;VPM-120;VPM-122;VPM-123;VPM-124;VPM-127;VPM-129;VPM-130;VPM-104;VPM-107;VPM-110;VPM-112;VPM-117;VPM-121	PARTITION_MAX_VALUE;PARTITION_MIN_VALUE;PARTITION_ORDER;PARTITION_USABLE;SERVER SHUTDOWN;SERVER STARTED;GC_ALREADY_SYNC_COUNT;UPDATE_TX_COUNT;FIXED KEY RANGE;VARIABLE KEY RANGE;full table scan;/*+ hint */;7.1.0.7.9;That had return update result;Unix Domain Socket;Altibase 5.5.1;B-TREE;R-TREE	APB-000005;APB-000013;APB-000017	yes	attachment_update	done	Stage 3 attachment route generated from completed scope row; use exact source blocks and missing-input prompts before item-level production claims.
S3-SCOPE-012	J015	S3-J014	GPTs/attachments/06_data_dictionary_performance_views.md	06. Data Dictionary and Performance Views	SRC-000181	repo	product_source	general_reference_2_dictionary_views	Trunk	8.1_verified	Korean authoritative; Altibase 8.1 verified source	SHARD-009	BLOCK-000525	SRC-000181/BLOCK-000525	pass	VPM-114;VPM-125;VPM-101;VPM-102;VPM-103;VPM-105;VPM-106;VPM-108;VPM-109;VPM-111;VPM-115;VPM-116;VPM-118;VPM-119;VPM-120;VPM-122;VPM-123;VPM-124;VPM-127;VPM-129;VPM-130;VPM-104;VPM-107;VPM-110;VPM-112;VPM-117;VPM-121	PARTITION_MAX_VALUE;PARTITION_MIN_VALUE;PARTITION_ORDER;PARTITION_USABLE;SERVER SHUTDOWN;SERVER STARTED;GC_ALREADY_SYNC_COUNT;UPDATE_TX_COUNT;FIXED KEY RANGE;VARIABLE KEY RANGE;full table scan;/*+ hint */;7.1.0.7.9;That had return update result;Unix Domain Socket;Altibase 5.5.1;B-TREE;R-TREE	APB-000005;APB-000013;APB-000017	yes	attachment_update	done	Stage 3 attachment route generated from completed scope row; use exact source blocks and missing-input prompts before item-level production claims.
S3-SCOPE-012	J015	S3-J014	GPTs/attachments/06_data_dictionary_performance_views.md	06. Data Dictionary and Performance Views	SRC-000189	repo	product_source	performance_tuning	Trunk	8.1_verified	Korean authoritative; Altibase 8.1 verified source	SHARD-012	BLOCK-000816	SRC-000189/BLOCK-000816	pass	VPM-114;VPM-125;VPM-101;VPM-102;VPM-103;VPM-105;VPM-106;VPM-108;VPM-109;VPM-111;VPM-115;VPM-116;VPM-118;VPM-119;VPM-120;VPM-122;VPM-123;VPM-124;VPM-127;VPM-129;VPM-130;VPM-104;VPM-107;VPM-110;VPM-112;VPM-117;VPM-121	PARTITION_MAX_VALUE;PARTITION_MIN_VALUE;PARTITION_ORDER;PARTITION_USABLE;SERVER SHUTDOWN;SERVER STARTED;GC_ALREADY_SYNC_COUNT;UPDATE_TX_COUNT;FIXED KEY RANGE;VARIABLE KEY RANGE;full table scan;/*+ hint */;7.1.0.7.9;That had return update result;Unix Domain Socket;Altibase 5.5.1;B-TREE;R-TREE	APB-000005;APB-000013;APB-000017	yes	attachment_update	done	Stage 3 attachment route generated from completed scope row; use exact source blocks and missing-input prompts before item-level production claims.
S3-SCOPE-012	J015	S3-J014	GPTs/attachments/06_data_dictionary_performance_views.md	06. Data Dictionary and Performance Views	SRC-000199	repo	product_source	isql_iloader	Trunk	8.1_verified	Korean authoritative; Altibase 8.1 verified source	SHARD-009	BLOCK-000549	SRC-000199/BLOCK-000549	pass	VPM-114;VPM-125;VPM-101;VPM-102;VPM-103;VPM-105;VPM-106;VPM-108;VPM-109;VPM-111;VPM-115;VPM-116;VPM-118;VPM-119;VPM-120;VPM-122;VPM-123;VPM-124;VPM-127;VPM-129;VPM-130;VPM-104;VPM-107;VPM-110;VPM-112;VPM-117;VPM-121	PARTITION_MAX_VALUE;PARTITION_MIN_VALUE;PARTITION_ORDER;PARTITION_USABLE;SERVER SHUTDOWN;SERVER STARTED;GC_ALREADY_SYNC_COUNT;UPDATE_TX_COUNT;FIXED KEY RANGE;VARIABLE KEY RANGE;full table scan;/*+ hint */;7.1.0.7.9;That had return update result;Unix Domain Socket;Altibase 5.5.1;B-TREE;R-TREE	APB-000005;APB-000013;APB-000017	yes	attachment_update	done	Stage 3 attachment route generated from completed scope row; use exact source blocks and missing-input prompts before item-level production claims.
S3-SCOPE-012	J015	S3-J014	GPTs/attachments/06_data_dictionary_performance_views.md	06. Data Dictionary and Performance Views	SRC-000376	repo	patch_note	patch_notes	Altibase 7.1.0.7.9 Patch Notes	7.1.0.7.9	Korean authoritative	SHARD-011	BLOCK-000743	SRC-000376/BLOCK-000743	pass	VPM-114;VPM-125;VPM-101;VPM-102;VPM-103;VPM-105;VPM-106;VPM-108;VPM-109;VPM-111;VPM-115;VPM-116;VPM-118;VPM-119;VPM-120;VPM-122;VPM-123;VPM-124;VPM-127;VPM-129;VPM-130;VPM-104;VPM-107;VPM-110;VPM-112;VPM-117;VPM-121	PARTITION_MAX_VALUE;PARTITION_MIN_VALUE;PARTITION_ORDER;PARTITION_USABLE;SERVER SHUTDOWN;SERVER STARTED;GC_ALREADY_SYNC_COUNT;UPDATE_TX_COUNT;FIXED KEY RANGE;VARIABLE KEY RANGE;full table scan;/*+ hint */;7.1.0.7.9;That had return update result;Unix Domain Socket;Altibase 5.5.1;B-TREE;R-TREE	APB-000005;APB-000013;APB-000017	yes	attachment_update	done	Stage 3 attachment route generated from completed scope row; use exact source blocks and missing-input prompts before item-level production claims.
S3-SCOPE-012	J015	S3-J014	GPTs/attachments/06_data_dictionary_performance_views.md	06. Data Dictionary and Performance Views	SRC-000452	repo	release_note	release_notes_platform	1. 시스템 요구사항	8.1.0.0.1	Korean authoritative; Altibase 8.1 verified source	SHARD-012	BLOCK-000826	SRC-000452/BLOCK-000826	pass	VPM-114;VPM-125;VPM-101;VPM-102;VPM-103;VPM-105;VPM-106;VPM-108;VPM-109;VPM-111;VPM-115;VPM-116;VPM-118;VPM-119;VPM-120;VPM-122;VPM-123;VPM-124;VPM-127;VPM-129;VPM-130;VPM-104;VPM-107;VPM-110;VPM-112;VPM-117;VPM-121	PARTITION_MAX_VALUE;PARTITION_MIN_VALUE;PARTITION_ORDER;PARTITION_USABLE;SERVER SHUTDOWN;SERVER STARTED;GC_ALREADY_SYNC_COUNT;UPDATE_TX_COUNT;FIXED KEY RANGE;VARIABLE KEY RANGE;full table scan;/*+ hint */;7.1.0.7.9;That had return update result;Unix Domain Socket;Altibase 5.5.1;B-TREE;R-TREE	APB-000005;APB-000013;APB-000017	yes	attachment_update	done	Stage 3 attachment route generated from completed scope row; use exact source blocks and missing-input prompts before item-level production claims.
S3-SCOPE-012	J015	S3-J014	GPTs/attachments/08_performance_tuning_monitoring.md	08. Performance Tuning and Monitoring	SRC-000063	repo	product_source	monitoring_api_snmp	Altibase 7.1	7.1	Korean authoritative	SHARD-011	BLOCK-000605	SRC-000063/BLOCK-000605	pass	VPM-114;VPM-125;VPM-101;VPM-102;VPM-103;VPM-105;VPM-106;VPM-108;VPM-109;VPM-111;VPM-115;VPM-116;VPM-118;VPM-119;VPM-120;VPM-122;VPM-123;VPM-124;VPM-127;VPM-129;VPM-130;VPM-104;VPM-107;VPM-110;VPM-112;VPM-117;VPM-121	PARTITION_MAX_VALUE;PARTITION_MIN_VALUE;PARTITION_ORDER;PARTITION_USABLE;SERVER SHUTDOWN;SERVER STARTED;GC_ALREADY_SYNC_COUNT;UPDATE_TX_COUNT;FIXED KEY RANGE;VARIABLE KEY RANGE;full table scan;/*+ hint */;7.1.0.7.9;That had return update result;Unix Domain Socket;Altibase 5.5.1;B-TREE;R-TREE	APB-000005;APB-000013;APB-000017	yes	attachment_update	done	Stage 3 attachment route generated from completed scope row; use exact source blocks and missing-input prompts before item-level production claims.
S3-SCOPE-012	J015	S3-J014	GPTs/attachments/08_performance_tuning_monitoring.md	08. Performance Tuning and Monitoring	SRC-000121	repo	product_source	general_reference_2_dictionary_views	Altibase 7.3	7.3	Korean authoritative	SHARD-008	BLOCK-000523	SRC-000121/BLOCK-000523	pass	VPM-114;VPM-125;VPM-101;VPM-102;VPM-103;VPM-105;VPM-106;VPM-108;VPM-109;VPM-111;VPM-115;VPM-116;VPM-118;VPM-119;VPM-120;VPM-122;VPM-123;VPM-124;VPM-127;VPM-129;VPM-130;VPM-104;VPM-107;VPM-110;VPM-112;VPM-117;VPM-121	PARTITION_MAX_VALUE;PARTITION_MIN_VALUE;PARTITION_ORDER;PARTITION_USABLE;SERVER SHUTDOWN;SERVER STARTED;GC_ALREADY_SYNC_COUNT;UPDATE_TX_COUNT;FIXED KEY RANGE;VARIABLE KEY RANGE;full table scan;/*+ hint */;7.1.0.7.9;That had return update result;Unix Domain Socket;Altibase 5.5.1;B-TREE;R-TREE	APB-000005;APB-000013;APB-000017	yes	attachment_update	done	Stage 3 attachment route generated from completed scope row; use exact source blocks and missing-input prompts before item-level production claims.
S3-SCOPE-012	J015	S3-J014	GPTs/attachments/08_performance_tuning_monitoring.md	08. Performance Tuning and Monitoring	SRC-000127	repo	product_source	monitoring_api_snmp	Altibase 7.3	7.3	Korean authoritative	SHARD-011	BLOCK-000609	SRC-000127/BLOCK-000609	pass	VPM-114;VPM-125;VPM-101;VPM-102;VPM-103;VPM-105;VPM-106;VPM-108;VPM-109;VPM-111;VPM-115;VPM-116;VPM-118;VPM-119;VPM-120;VPM-122;VPM-123;VPM-124;VPM-127;VPM-129;VPM-130;VPM-104;VPM-107;VPM-110;VPM-112;VPM-117;VPM-121	PARTITION_MAX_VALUE;PARTITION_MIN_VALUE;PARTITION_ORDER;PARTITION_USABLE;SERVER SHUTDOWN;SERVER STARTED;GC_ALREADY_SYNC_COUNT;UPDATE_TX_COUNT;FIXED KEY RANGE;VARIABLE KEY RANGE;full table scan;/*+ hint */;7.1.0.7.9;That had return update result;Unix Domain Socket;Altibase 5.5.1;B-TREE;R-TREE	APB-000005;APB-000013;APB-000017	yes	attachment_update	done	Stage 3 attachment route generated from completed scope row; use exact source blocks and missing-input prompts before item-level production claims.
S3-SCOPE-012	J015	S3-J014	GPTs/attachments/08_performance_tuning_monitoring.md	08. Performance Tuning and Monitoring	SRC-000129	repo	product_source	performance_tuning	Altibase 7.3	7.3	Korean authoritative	SHARD-012	BLOCK-000814	SRC-000129/BLOCK-000814	pass	VPM-114;VPM-125;VPM-101;VPM-102;VPM-103;VPM-105;VPM-106;VPM-108;VPM-109;VPM-111;VPM-115;VPM-116;VPM-118;VPM-119;VPM-120;VPM-122;VPM-123;VPM-124;VPM-127;VPM-129;VPM-130;VPM-104;VPM-107;VPM-110;VPM-112;VPM-117;VPM-121	PARTITION_MAX_VALUE;PARTITION_MIN_VALUE;PARTITION_ORDER;PARTITION_USABLE;SERVER SHUTDOWN;SERVER STARTED;GC_ALREADY_SYNC_COUNT;UPDATE_TX_COUNT;FIXED KEY RANGE;VARIABLE KEY RANGE;full table scan;/*+ hint */;7.1.0.7.9;That had return update result;Unix Domain Socket;Altibase 5.5.1;B-TREE;R-TREE	APB-000005;APB-000013;APB-000017	yes	attachment_update	done	Stage 3 attachment route generated from completed scope row; use exact source blocks and missing-input prompts before item-level production claims.
S3-SCOPE-012	J015	S3-J014	GPTs/attachments/08_performance_tuning_monitoring.md	08. Performance Tuning and Monitoring	SRC-000133	repo	product_source	monitoring_api_snmp	Altibase 7.3	7.3	Korean authoritative	SHARD-011	BLOCK-000610	SRC-000133/BLOCK-000610	pass	VPM-114;VPM-125;VPM-101;VPM-102;VPM-103;VPM-105;VPM-106;VPM-108;VPM-109;VPM-111;VPM-115;VPM-116;VPM-118;VPM-119;VPM-120;VPM-122;VPM-123;VPM-124;VPM-127;VPM-129;VPM-130;VPM-104;VPM-107;VPM-110;VPM-112;VPM-117;VPM-121	PARTITION_MAX_VALUE;PARTITION_MIN_VALUE;PARTITION_ORDER;PARTITION_USABLE;SERVER SHUTDOWN;SERVER STARTED;GC_ALREADY_SYNC_COUNT;UPDATE_TX_COUNT;FIXED KEY RANGE;VARIABLE KEY RANGE;full table scan;/*+ hint */;7.1.0.7.9;That had return update result;Unix Domain Socket;Altibase 5.5.1;B-TREE;R-TREE	APB-000005;APB-000013;APB-000017	yes	attachment_update	done	Stage 3 attachment route generated from completed scope row; use exact source blocks and missing-input prompts before item-level production claims.
S3-SCOPE-012	J015	S3-J014	GPTs/attachments/08_performance_tuning_monitoring.md	08. Performance Tuning and Monitoring	SRC-000181	repo	product_source	general_reference_2_dictionary_views	Trunk	8.1_verified	Korean authoritative; Altibase 8.1 verified source	SHARD-009	BLOCK-000525	SRC-000181/BLOCK-000525	pass	VPM-114;VPM-125;VPM-101;VPM-102;VPM-103;VPM-105;VPM-106;VPM-108;VPM-109;VPM-111;VPM-115;VPM-116;VPM-118;VPM-119;VPM-120;VPM-122;VPM-123;VPM-124;VPM-127;VPM-129;VPM-130;VPM-104;VPM-107;VPM-110;VPM-112;VPM-117;VPM-121	PARTITION_MAX_VALUE;PARTITION_MIN_VALUE;PARTITION_ORDER;PARTITION_USABLE;SERVER SHUTDOWN;SERVER STARTED;GC_ALREADY_SYNC_COUNT;UPDATE_TX_COUNT;FIXED KEY RANGE;VARIABLE KEY RANGE;full table scan;/*+ hint */;7.1.0.7.9;That had return update result;Unix Domain Socket;Altibase 5.5.1;B-TREE;R-TREE	APB-000005;APB-000013;APB-000017	yes	attachment_update	done	Stage 3 attachment route generated from completed scope row; use exact source blocks and missing-input prompts before item-level production claims.
S3-SCOPE-012	J015	S3-J014	GPTs/attachments/08_performance_tuning_monitoring.md	08. Performance Tuning and Monitoring	SRC-000189	repo	product_source	performance_tuning	Trunk	8.1_verified	Korean authoritative; Altibase 8.1 verified source	SHARD-012	BLOCK-000816	SRC-000189/BLOCK-000816	pass	VPM-114;VPM-125;VPM-101;VPM-102;VPM-103;VPM-105;VPM-106;VPM-108;VPM-109;VPM-111;VPM-115;VPM-116;VPM-118;VPM-119;VPM-120;VPM-122;VPM-123;VPM-124;VPM-127;VPM-129;VPM-130;VPM-104;VPM-107;VPM-110;VPM-112;VPM-117;VPM-121	PARTITION_MAX_VALUE;PARTITION_MIN_VALUE;PARTITION_ORDER;PARTITION_USABLE;SERVER SHUTDOWN;SERVER STARTED;GC_ALREADY_SYNC_COUNT;UPDATE_TX_COUNT;FIXED KEY RANGE;VARIABLE KEY RANGE;full table scan;/*+ hint */;7.1.0.7.9;That had return update result;Unix Domain Socket;Altibase 5.5.1;B-TREE;R-TREE	APB-000005;APB-000013;APB-000017	yes	attachment_update	done	Stage 3 attachment route generated from completed scope row; use exact source blocks and missing-input prompts before item-level production claims.
S3-SCOPE-012	J015	S3-J014	GPTs/attachments/08_performance_tuning_monitoring.md	08. Performance Tuning and Monitoring	SRC-000199	repo	product_source	isql_iloader	Trunk	8.1_verified	Korean authoritative; Altibase 8.1 verified source	SHARD-009	BLOCK-000549	SRC-000199/BLOCK-000549	pass	VPM-114;VPM-125;VPM-101;VPM-102;VPM-103;VPM-105;VPM-106;VPM-108;VPM-109;VPM-111;VPM-115;VPM-116;VPM-118;VPM-119;VPM-120;VPM-122;VPM-123;VPM-124;VPM-127;VPM-129;VPM-130;VPM-104;VPM-107;VPM-110;VPM-112;VPM-117;VPM-121	PARTITION_MAX_VALUE;PARTITION_MIN_VALUE;PARTITION_ORDER;PARTITION_USABLE;SERVER SHUTDOWN;SERVER STARTED;GC_ALREADY_SYNC_COUNT;UPDATE_TX_COUNT;FIXED KEY RANGE;VARIABLE KEY RANGE;full table scan;/*+ hint */;7.1.0.7.9;That had return update result;Unix Domain Socket;Altibase 5.5.1;B-TREE;R-TREE	APB-000005;APB-000013;APB-000017	yes	attachment_update	done	Stage 3 attachment route generated from completed scope row; use exact source blocks and missing-input prompts before item-level production claims.
S3-SCOPE-012	J015	S3-J014	GPTs/attachments/08_performance_tuning_monitoring.md	08. Performance Tuning and Monitoring	SRC-000376	repo	patch_note	patch_notes	Altibase 7.1.0.7.9 Patch Notes	7.1.0.7.9	Korean authoritative	SHARD-011	BLOCK-000743	SRC-000376/BLOCK-000743	pass	VPM-114;VPM-125;VPM-101;VPM-102;VPM-103;VPM-105;VPM-106;VPM-108;VPM-109;VPM-111;VPM-115;VPM-116;VPM-118;VPM-119;VPM-120;VPM-122;VPM-123;VPM-124;VPM-127;VPM-129;VPM-130;VPM-104;VPM-107;VPM-110;VPM-112;VPM-117;VPM-121	PARTITION_MAX_VALUE;PARTITION_MIN_VALUE;PARTITION_ORDER;PARTITION_USABLE;SERVER SHUTDOWN;SERVER STARTED;GC_ALREADY_SYNC_COUNT;UPDATE_TX_COUNT;FIXED KEY RANGE;VARIABLE KEY RANGE;full table scan;/*+ hint */;7.1.0.7.9;That had return update result;Unix Domain Socket;Altibase 5.5.1;B-TREE;R-TREE	APB-000005;APB-000013;APB-000017	yes	attachment_update	done	Stage 3 attachment route generated from completed scope row; use exact source blocks and missing-input prompts before item-level production claims.
S3-SCOPE-012	J015	S3-J014	GPTs/attachments/08_performance_tuning_monitoring.md	08. Performance Tuning and Monitoring	SRC-000452	repo	release_note	release_notes_platform	1. 시스템 요구사항	8.1.0.0.1	Korean authoritative; Altibase 8.1 verified source	SHARD-012	BLOCK-000826	SRC-000452/BLOCK-000826	pass	VPM-114;VPM-125;VPM-101;VPM-102;VPM-103;VPM-105;VPM-106;VPM-108;VPM-109;VPM-111;VPM-115;VPM-116;VPM-118;VPM-119;VPM-120;VPM-122;VPM-123;VPM-124;VPM-127;VPM-129;VPM-130;VPM-104;VPM-107;VPM-110;VPM-112;VPM-117;VPM-121	PARTITION_MAX_VALUE;PARTITION_MIN_VALUE;PARTITION_ORDER;PARTITION_USABLE;SERVER SHUTDOWN;SERVER STARTED;GC_ALREADY_SYNC_COUNT;UPDATE_TX_COUNT;FIXED KEY RANGE;VARIABLE KEY RANGE;full table scan;/*+ hint */;7.1.0.7.9;That had return update result;Unix Domain Socket;Altibase 5.5.1;B-TREE;R-TREE	APB-000005;APB-000013;APB-000017	yes	attachment_update	done	Stage 3 attachment route generated from completed scope row; use exact source blocks and missing-input prompts before item-level production claims.
S3-SCOPE-013	J016	S3-J015	GPTs/attachments/10_psm_stored_external_procedures.md	10. PSM, Stored Procedures, and External Procedures	SRC-000010	repo	third_party_guide	third_party_guides	NiFi User's Guide for Altibase	multi	Korean authoritative	SHARD-015	BLOCK-000921	SRC-000010/BLOCK-000921	pass	TOOL-001;TOOL-004;TOOL-005;TOOL-017;TOOL-018;TOOL-020;TOOL-022;TOOL-024;TOOL-025;TOOL-028;TOOL-031;TOOL-033;TOOL-034;TOOL-035;TOOL-036;TOOL-039;TOOL-045;TOOL-049;TOOL-002;TOOL-003;TOOL-006;TOOL-007;TOOL-012;TOOL-019;TOOL-023;TOOL-027;TOOL-030;TOOL-037;TOOL-038	SPOOL filename;sqlerrm.sqlerrmc;sqlerrm.sqlerrml;sqlwarn;test.log;test.bad;0x4102E;ERR-00015;CREATE FUNCTION;CREATE PROCEDURE;CREATE LIBRARY;END;employees.fmt;employees.dat;Oracle Database 10gR2	APB-000009;APB-000011;APB-000017	no	attachment_update	done	Stage 3 attachment route generated from completed scope row; use exact source blocks and missing-input prompts before item-level production claims.
S3-SCOPE-013	J016	S3-J015	GPTs/attachments/10_psm_stored_external_procedures.md	10. PSM, Stored Procedures, and External Procedures	SRC-000013	repo	third_party_guide	third_party_guides	Spring Data JPA with Hibernate 6.4 User's Guide for Altibase	multi	Korean authoritative	SHARD-015	BLOCK-000924	SRC-000013/BLOCK-000924	pass	TOOL-001;TOOL-004;TOOL-005;TOOL-017;TOOL-018;TOOL-020;TOOL-022;TOOL-024;TOOL-025;TOOL-028;TOOL-031;TOOL-033;TOOL-034;TOOL-035;TOOL-036;TOOL-039;TOOL-045;TOOL-049;TOOL-002;TOOL-003;TOOL-006;TOOL-007;TOOL-012;TOOL-019;TOOL-023;TOOL-027;TOOL-030;TOOL-037;TOOL-038	SPOOL filename;sqlerrm.sqlerrmc;sqlerrm.sqlerrml;sqlwarn;test.log;test.bad;0x4102E;ERR-00015;CREATE FUNCTION;CREATE PROCEDURE;CREATE LIBRARY;END;employees.fmt;employees.dat;Oracle Database 10gR2	APB-000009;APB-000011;APB-000017	no	attachment_update	done	Stage 3 attachment route generated from completed scope row; use exact source blocks and missing-input prompts before item-level production claims.
S3-SCOPE-013	J016	S3-J015	GPTs/attachments/10_psm_stored_external_procedures.md	10. PSM, Stored Procedures, and External Procedures	SRC-000174	repo	product_source	c_cli_odbc_precompiler	Trunk	8.1_verified	Korean authoritative; Altibase 8.1 verified source	SHARD-006	BLOCK-000488	SRC-000174/BLOCK-000488	pass	TOOL-001;TOOL-004;TOOL-005;TOOL-017;TOOL-018;TOOL-020;TOOL-022;TOOL-024;TOOL-025;TOOL-028;TOOL-031;TOOL-033;TOOL-034;TOOL-035;TOOL-036;TOOL-039;TOOL-045;TOOL-049;TOOL-002;TOOL-003;TOOL-006;TOOL-007;TOOL-012;TOOL-019;TOOL-023;TOOL-027;TOOL-030;TOOL-037;TOOL-038	SPOOL filename;sqlerrm.sqlerrmc;sqlerrm.sqlerrml;sqlwarn;test.log;test.bad;0x4102E;ERR-00015;CREATE FUNCTION;CREATE PROCEDURE;CREATE LIBRARY;END;employees.fmt;employees.dat;Oracle Database 10gR2	APB-000009;APB-000011;APB-000017	no	attachment_update	done	Stage 3 attachment route generated from completed scope row; use exact source blocks and missing-input prompts before item-level production claims.
S3-SCOPE-013	J016	S3-J015	GPTs/attachments/10_psm_stored_external_procedures.md	10. PSM, Stored Procedures, and External Procedures	SRC-000176	repo	product_source	c_cli_odbc_precompiler	CLI User's Manual	8.1_verified	Korean authoritative; Altibase 8.1 verified source	SHARD-006	BLOCK-000489	SRC-000176/BLOCK-000489	pass	TOOL-001;TOOL-004;TOOL-005;TOOL-017;TOOL-018;TOOL-020;TOOL-022;TOOL-024;TOOL-025;TOOL-028;TOOL-031;TOOL-033;TOOL-034;TOOL-035;TOOL-036;TOOL-039;TOOL-045;TOOL-049;TOOL-002;TOOL-003;TOOL-006;TOOL-007;TOOL-012;TOOL-019;TOOL-023;TOOL-027;TOOL-030;TOOL-037;TOOL-038	SPOOL filename;sqlerrm.sqlerrmc;sqlerrm.sqlerrml;sqlwarn;test.log;test.bad;0x4102E;ERR-00015;CREATE FUNCTION;CREATE PROCEDURE;CREATE LIBRARY;END;employees.fmt;employees.dat;Oracle Database 10gR2	APB-000009;APB-000011;APB-000017	no	attachment_update	done	Stage 3 attachment route generated from completed scope row; use exact source blocks and missing-input prompts before item-level production claims.
S3-SCOPE-013	J016	S3-J015	GPTs/attachments/10_psm_stored_external_procedures.md	10. PSM, Stored Procedures, and External Procedures	SRC-000179	repo	product_source	stored_external_procedures	C/C++ External Procedures Manual	8.1_verified	Korean authoritative; Altibase 8.1 verified source	SHARD-015	BLOCK-000906	SRC-000179/BLOCK-000906	pass	TOOL-001;TOOL-004;TOOL-005;TOOL-017;TOOL-018;TOOL-020;TOOL-022;TOOL-024;TOOL-025;TOOL-028;TOOL-031;TOOL-033;TOOL-034;TOOL-035;TOOL-036;TOOL-039;TOOL-045;TOOL-049;TOOL-002;TOOL-003;TOOL-006;TOOL-007;TOOL-012;TOOL-019;TOOL-023;TOOL-027;TOOL-030;TOOL-037;TOOL-038	SPOOL filename;sqlerrm.sqlerrmc;sqlerrm.sqlerrml;sqlwarn;test.log;test.bad;0x4102E;ERR-00015;CREATE FUNCTION;CREATE PROCEDURE;CREATE LIBRARY;END;employees.fmt;employees.dat;Oracle Database 10gR2	APB-000009;APB-000011;APB-000017	no	attachment_update	done	Stage 3 attachment route generated from completed scope row; use exact source blocks and missing-input prompts before item-level production claims.
S3-SCOPE-013	J016	S3-J015	GPTs/attachments/10_psm_stored_external_procedures.md	10. PSM, Stored Procedures, and External Procedures	SRC-000183	repo	product_source	dblink_hadoop_external_connectors	Trunk	8.1_verified	Korean authoritative; Altibase 8.1 verified source	SHARD-006	BLOCK-000503	SRC-000183/BLOCK-000503	pass	TOOL-001;TOOL-004;TOOL-005;TOOL-017;TOOL-018;TOOL-020;TOOL-022;TOOL-024;TOOL-025;TOOL-028;TOOL-031;TOOL-033;TOOL-034;TOOL-035;TOOL-036;TOOL-039;TOOL-045;TOOL-049;TOOL-002;TOOL-003;TOOL-006;TOOL-007;TOOL-012;TOOL-019;TOOL-023;TOOL-027;TOOL-030;TOOL-037;TOOL-038	SPOOL filename;sqlerrm.sqlerrmc;sqlerrm.sqlerrml;sqlwarn;test.log;test.bad;0x4102E;ERR-00015;CREATE FUNCTION;CREATE PROCEDURE;CREATE LIBRARY;END;employees.fmt;employees.dat;Oracle Database 10gR2	APB-000009;APB-000011;APB-000017	no	attachment_update	done	Stage 3 attachment route generated from completed scope row; use exact source blocks and missing-input prompts before item-level production claims.
S3-SCOPE-013	J016	S3-J015	GPTs/attachments/10_psm_stored_external_procedures.md	10. PSM, Stored Procedures, and External Procedures	SRC-000185	repo	product_source	jdbc_java	Trunk	8.1_verified	Korean authoritative; Altibase 8.1 verified source	SHARD-010	BLOCK-000561	SRC-000185/BLOCK-000561	pass	TOOL-001;TOOL-004;TOOL-005;TOOL-017;TOOL-018;TOOL-020;TOOL-022;TOOL-024;TOOL-025;TOOL-028;TOOL-031;TOOL-033;TOOL-034;TOOL-035;TOOL-036;TOOL-039;TOOL-045;TOOL-049;TOOL-002;TOOL-003;TOOL-006;TOOL-007;TOOL-012;TOOL-019;TOOL-023;TOOL-027;TOOL-030;TOOL-037;TOOL-038	SPOOL filename;sqlerrm.sqlerrmc;sqlerrm.sqlerrml;sqlwarn;test.log;test.bad;0x4102E;ERR-00015;CREATE FUNCTION;CREATE PROCEDURE;CREATE LIBRARY;END;employees.fmt;employees.dat;Oracle Database 10gR2	APB-000009;APB-000011;APB-000017	no	attachment_update	done	Stage 3 attachment route generated from completed scope row; use exact source blocks and missing-input prompts before item-level production claims.
S3-SCOPE-013	J016	S3-J015	GPTs/attachments/10_psm_stored_external_procedures.md	10. PSM, Stored Procedures, and External Procedures	SRC-000188	repo	product_source	c_cli_odbc_precompiler	ODBC User\'s Manual	8.1_verified	Korean authoritative; Altibase 8.1 verified source	SHARD-006	BLOCK-000490	SRC-000188/BLOCK-000490	pass	TOOL-001;TOOL-004;TOOL-005;TOOL-017;TOOL-018;TOOL-020;TOOL-022;TOOL-024;TOOL-025;TOOL-028;TOOL-031;TOOL-033;TOOL-034;TOOL-035;TOOL-036;TOOL-039;TOOL-045;TOOL-049;TOOL-002;TOOL-003;TOOL-006;TOOL-007;TOOL-012;TOOL-019;TOOL-023;TOOL-027;TOOL-030;TOOL-037;TOOL-038	SPOOL filename;sqlerrm.sqlerrmc;sqlerrm.sqlerrml;sqlwarn;test.log;test.bad;0x4102E;ERR-00015;CREATE FUNCTION;CREATE PROCEDURE;CREATE LIBRARY;END;employees.fmt;employees.dat;Oracle Database 10gR2	APB-000009;APB-000011;APB-000017	no	attachment_update	done	Stage 3 attachment route generated from completed scope row; use exact source blocks and missing-input prompts before item-level production claims.
S3-SCOPE-013	J016	S3-J015	GPTs/attachments/10_psm_stored_external_procedures.md	10. PSM, Stored Procedures, and External Procedures	SRC-000190	repo	product_source	c_cli_odbc_precompiler	Trunk	8.1_verified	Korean authoritative; Altibase 8.1 verified source	SHARD-006	BLOCK-000491	SRC-000190/BLOCK-000491	pass	TOOL-001;TOOL-004;TOOL-005;TOOL-017;TOOL-018;TOOL-020;TOOL-022;TOOL-024;TOOL-025;TOOL-028;TOOL-031;TOOL-033;TOOL-034;TOOL-035;TOOL-036;TOOL-039;TOOL-045;TOOL-049;TOOL-002;TOOL-003;TOOL-006;TOOL-007;TOOL-012;TOOL-019;TOOL-023;TOOL-027;TOOL-030;TOOL-037;TOOL-038	SPOOL filename;sqlerrm.sqlerrmc;sqlerrm.sqlerrml;sqlwarn;test.log;test.bad;0x4102E;ERR-00015;CREATE FUNCTION;CREATE PROCEDURE;CREATE LIBRARY;END;employees.fmt;employees.dat;Oracle Database 10gR2	APB-000009;APB-000011;APB-000017	no	attachment_update	done	Stage 3 attachment route generated from completed scope row; use exact source blocks and missing-input prompts before item-level production claims.
S3-SCOPE-013	J016	S3-J015	GPTs/attachments/10_psm_stored_external_procedures.md	10. PSM, Stored Procedures, and External Procedures	SRC-000196	repo	product_source	stored_external_procedures	Trunk	8.1_verified	Korean authoritative; Altibase 8.1 verified source	SHARD-015	BLOCK-000907	SRC-000196/BLOCK-000907	pass	TOOL-001;TOOL-004;TOOL-005;TOOL-017;TOOL-018;TOOL-020;TOOL-022;TOOL-024;TOOL-025;TOOL-028;TOOL-031;TOOL-033;TOOL-034;TOOL-035;TOOL-036;TOOL-039;TOOL-045;TOOL-049;TOOL-002;TOOL-003;TOOL-006;TOOL-007;TOOL-012;TOOL-019;TOOL-023;TOOL-027;TOOL-030;TOOL-037;TOOL-038	SPOOL filename;sqlerrm.sqlerrmc;sqlerrm.sqlerrml;sqlwarn;test.log;test.bad;0x4102E;ERR-00015;CREATE FUNCTION;CREATE PROCEDURE;CREATE LIBRARY;END;employees.fmt;employees.dat;Oracle Database 10gR2	APB-000009;APB-000011;APB-000017	no	attachment_update	done	Stage 3 attachment route generated from completed scope row; use exact source blocks and missing-input prompts before item-level production claims.
S3-SCOPE-013	J016	S3-J015	GPTs/attachments/10_psm_stored_external_procedures.md	10. PSM, Stored Procedures, and External Procedures	SRC-000197	repo	product_source	utilities_datacompj	Trunk	8.1_verified	Korean authoritative; Altibase 8.1 verified source	SHARD-016	BLOCK-000931	SRC-000197/BLOCK-000931	pass	TOOL-001;TOOL-004;TOOL-005;TOOL-017;TOOL-018;TOOL-020;TOOL-022;TOOL-024;TOOL-025;TOOL-028;TOOL-031;TOOL-033;TOOL-034;TOOL-035;TOOL-036;TOOL-039;TOOL-045;TOOL-049;TOOL-002;TOOL-003;TOOL-006;TOOL-007;TOOL-012;TOOL-019;TOOL-023;TOOL-027;TOOL-030;TOOL-037;TOOL-038	SPOOL filename;sqlerrm.sqlerrmc;sqlerrm.sqlerrml;sqlwarn;test.log;test.bad;0x4102E;ERR-00015;CREATE FUNCTION;CREATE PROCEDURE;CREATE LIBRARY;END;employees.fmt;employees.dat;Oracle Database 10gR2	APB-000009;APB-000011;APB-000017	no	attachment_update	done	Stage 3 attachment route generated from completed scope row; use exact source blocks and missing-input prompts before item-level production claims.
S3-SCOPE-013	J016	S3-J015	GPTs/attachments/10_psm_stored_external_procedures.md	10. PSM, Stored Procedures, and External Procedures	SRC-000198	repo	product_source	isql_iloader	Trunk	8.1_verified	Korean authoritative; Altibase 8.1 verified source	SHARD-009	BLOCK-000548	SRC-000198/BLOCK-000548	pass	TOOL-001;TOOL-004;TOOL-005;TOOL-017;TOOL-018;TOOL-020;TOOL-022;TOOL-024;TOOL-025;TOOL-028;TOOL-031;TOOL-033;TOOL-034;TOOL-035;TOOL-036;TOOL-039;TOOL-045;TOOL-049;TOOL-002;TOOL-003;TOOL-006;TOOL-007;TOOL-012;TOOL-019;TOOL-023;TOOL-027;TOOL-030;TOOL-037;TOOL-038	SPOOL filename;sqlerrm.sqlerrmc;sqlerrm.sqlerrml;sqlwarn;test.log;test.bad;0x4102E;ERR-00015;CREATE FUNCTION;CREATE PROCEDURE;CREATE LIBRARY;END;employees.fmt;employees.dat;Oracle Database 10gR2	APB-000009;APB-000011;APB-000017	no	attachment_update	done	Stage 3 attachment route generated from completed scope row; use exact source blocks and missing-input prompts before item-level production claims.
S3-SCOPE-013	J016	S3-J015	GPTs/attachments/10_psm_stored_external_procedures.md	10. PSM, Stored Procedures, and External Procedures	SRC-000199	repo	product_source	isql_iloader	Trunk	8.1_verified	Korean authoritative; Altibase 8.1 verified source	SHARD-009	BLOCK-000549	SRC-000199/BLOCK-000549	pass	TOOL-001;TOOL-004;TOOL-005;TOOL-017;TOOL-018;TOOL-020;TOOL-022;TOOL-024;TOOL-025;TOOL-028;TOOL-031;TOOL-033;TOOL-034;TOOL-035;TOOL-036;TOOL-039;TOOL-045;TOOL-049;TOOL-002;TOOL-003;TOOL-006;TOOL-007;TOOL-012;TOOL-019;TOOL-023;TOOL-027;TOOL-030;TOOL-037;TOOL-038	SPOOL filename;sqlerrm.sqlerrmc;sqlerrm.sqlerrml;sqlwarn;test.log;test.bad;0x4102E;ERR-00015;CREATE FUNCTION;CREATE PROCEDURE;CREATE LIBRARY;END;employees.fmt;employees.dat;Oracle Database 10gR2	APB-000009;APB-000011;APB-000017	no	attachment_update	done	Stage 3 attachment route generated from completed scope row; use exact source blocks and missing-input prompts before item-level production claims.
S3-SCOPE-013	J016	S3-J015	GPTs/attachments/10_psm_stored_external_procedures.md	10. PSM, Stored Procedures, and External Procedures	SRC-000223	repo	tool_manual	migration_oracle	Migration Center User's Manual	8.1_verified	Korean authoritative; Altibase 8.1 verified source	SHARD-010	BLOCK-000576	SRC-000223/BLOCK-000576	pass	TOOL-001;TOOL-004;TOOL-005;TOOL-017;TOOL-018;TOOL-020;TOOL-022;TOOL-024;TOOL-025;TOOL-028;TOOL-031;TOOL-033;TOOL-034;TOOL-035;TOOL-036;TOOL-039;TOOL-045;TOOL-049;TOOL-002;TOOL-003;TOOL-006;TOOL-007;TOOL-012;TOOL-019;TOOL-023;TOOL-027;TOOL-030;TOOL-037;TOOL-038	SPOOL filename;sqlerrm.sqlerrmc;sqlerrm.sqlerrml;sqlwarn;test.log;test.bad;0x4102E;ERR-00015;CREATE FUNCTION;CREATE PROCEDURE;CREATE LIBRARY;END;employees.fmt;employees.dat;Oracle Database 10gR2	APB-000009;APB-000011;APB-000017	no	attachment_update	done	Stage 3 attachment route generated from completed scope row; use exact source blocks and missing-input prompts before item-level production claims.
S3-SCOPE-013	J016	S3-J015	GPTs/attachments/10_psm_stored_external_procedures.md	10. PSM, Stored Procedures, and External Procedures	SRC-000227	repo	tool_manual	utilities_datacompj	Release 7.2	8.1_verified	Korean authoritative; Altibase 8.1 verified source	SHARD-016	BLOCK-000935	SRC-000227/BLOCK-000935	pass	TOOL-001;TOOL-004;TOOL-005;TOOL-017;TOOL-018;TOOL-020;TOOL-022;TOOL-024;TOOL-025;TOOL-028;TOOL-031;TOOL-033;TOOL-034;TOOL-035;TOOL-036;TOOL-039;TOOL-045;TOOL-049;TOOL-002;TOOL-003;TOOL-006;TOOL-007;TOOL-012;TOOL-019;TOOL-023;TOOL-027;TOOL-030;TOOL-037;TOOL-038	SPOOL filename;sqlerrm.sqlerrmc;sqlerrm.sqlerrml;sqlwarn;test.log;test.bad;0x4102E;ERR-00015;CREATE FUNCTION;CREATE PROCEDURE;CREATE LIBRARY;END;employees.fmt;employees.dat;Oracle Database 10gR2	APB-000009;APB-000011;APB-000017	no	attachment_update	done	Stage 3 attachment route generated from completed scope row; use exact source blocks and missing-input prompts before item-level production claims.
S3-SCOPE-013	J016	S3-J015	GPTs/attachments/10_psm_stored_external_procedures.md	10. PSM, Stored Procedures, and External Procedures	SRC-000451	repo	release_note	release_notes_platform	1. 시스템 요구사항	7.3.0.0.1	Korean authoritative	SHARD-012	BLOCK-000824	SRC-000451/BLOCK-000824	pass	TOOL-001;TOOL-004;TOOL-005;TOOL-017;TOOL-018;TOOL-020;TOOL-022;TOOL-024;TOOL-025;TOOL-028;TOOL-031;TOOL-033;TOOL-034;TOOL-035;TOOL-036;TOOL-039;TOOL-045;TOOL-049;TOOL-002;TOOL-003;TOOL-006;TOOL-007;TOOL-012;TOOL-019;TOOL-023;TOOL-027;TOOL-030;TOOL-037;TOOL-038	SPOOL filename;sqlerrm.sqlerrmc;sqlerrm.sqlerrml;sqlwarn;test.log;test.bad;0x4102E;ERR-00015;CREATE FUNCTION;CREATE PROCEDURE;CREATE LIBRARY;END;employees.fmt;employees.dat;Oracle Database 10gR2	APB-000009;APB-000011;APB-000017	no	attachment_update	done	Stage 3 attachment route generated from completed scope row; use exact source blocks and missing-input prompts before item-level production claims.
S3-SCOPE-013	J016	S3-J015	GPTs/attachments/10_psm_stored_external_procedures.md	10. PSM, Stored Procedures, and External Procedures	SRC-000462	repo	release_note	migration_oracle	Altibase Migration Center 7.19 Release Notes	Migration Center 7.19	Korean authoritative	SHARD-010	BLOCK-000596	SRC-000462/BLOCK-000596	pass	TOOL-001;TOOL-004;TOOL-005;TOOL-017;TOOL-018;TOOL-020;TOOL-022;TOOL-024;TOOL-025;TOOL-028;TOOL-031;TOOL-033;TOOL-034;TOOL-035;TOOL-036;TOOL-039;TOOL-045;TOOL-049;TOOL-002;TOOL-003;TOOL-006;TOOL-007;TOOL-012;TOOL-019;TOOL-023;TOOL-027;TOOL-030;TOOL-037;TOOL-038	SPOOL filename;sqlerrm.sqlerrmc;sqlerrm.sqlerrml;sqlwarn;test.log;test.bad;0x4102E;ERR-00015;CREATE FUNCTION;CREATE PROCEDURE;CREATE LIBRARY;END;employees.fmt;employees.dat;Oracle Database 10gR2	APB-000009;APB-000011;APB-000017	no	attachment_update	done	Stage 3 attachment route generated from completed scope row; use exact source blocks and missing-input prompts before item-level production claims.
S3-SCOPE-013	J016	S3-J015	GPTs/attachments/10_psm_stored_external_procedures.md	10. PSM, Stored Procedures, and External Procedures	SRC-000471	repo	release_note	utilities_datacompj	Release 7.2 (Feb. 17, 2022)	dataCompJ 7.2	Korean authoritative	SHARD-016	BLOCK-000937	SRC-000471/BLOCK-000937	pass	TOOL-001;TOOL-004;TOOL-005;TOOL-017;TOOL-018;TOOL-020;TOOL-022;TOOL-024;TOOL-025;TOOL-028;TOOL-031;TOOL-033;TOOL-034;TOOL-035;TOOL-036;TOOL-039;TOOL-045;TOOL-049;TOOL-002;TOOL-003;TOOL-006;TOOL-007;TOOL-012;TOOL-019;TOOL-023;TOOL-027;TOOL-030;TOOL-037;TOOL-038	SPOOL filename;sqlerrm.sqlerrmc;sqlerrm.sqlerrml;sqlwarn;test.log;test.bad;0x4102E;ERR-00015;CREATE FUNCTION;CREATE PROCEDURE;CREATE LIBRARY;END;employees.fmt;employees.dat;Oracle Database 10gR2	APB-000009;APB-000011;APB-000017	no	attachment_update	done	Stage 3 attachment route generated from completed scope row; use exact source blocks and missing-input prompts before item-level production claims.
S3-SCOPE-013	J016	S3-J015	GPTs/attachments/12_c_cli_odbc_precompiler.md	12. C, CLI, ODBC, Precompiler	SRC-000010	repo	third_party_guide	third_party_guides	NiFi User's Guide for Altibase	multi	Korean authoritative	SHARD-015	BLOCK-000921	SRC-000010/BLOCK-000921	pass	TOOL-001;TOOL-004;TOOL-005;TOOL-017;TOOL-018;TOOL-020;TOOL-022;TOOL-024;TOOL-025;TOOL-028;TOOL-031;TOOL-033;TOOL-034;TOOL-035;TOOL-036;TOOL-039;TOOL-045;TOOL-049;TOOL-002;TOOL-003;TOOL-006;TOOL-007;TOOL-012;TOOL-019;TOOL-023;TOOL-027;TOOL-030;TOOL-037;TOOL-038	SPOOL filename;sqlerrm.sqlerrmc;sqlerrm.sqlerrml;sqlwarn;test.log;test.bad;0x4102E;ERR-00015;CREATE FUNCTION;CREATE PROCEDURE;CREATE LIBRARY;END;employees.fmt;employees.dat;Oracle Database 10gR2	APB-000009;APB-000011;APB-000017	no	attachment_update	done	Stage 3 attachment route generated from completed scope row; use exact source blocks and missing-input prompts before item-level production claims.
S3-SCOPE-013	J016	S3-J015	GPTs/attachments/12_c_cli_odbc_precompiler.md	12. C, CLI, ODBC, Precompiler	SRC-000013	repo	third_party_guide	third_party_guides	Spring Data JPA with Hibernate 6.4 User's Guide for Altibase	multi	Korean authoritative	SHARD-015	BLOCK-000924	SRC-000013/BLOCK-000924	pass	TOOL-001;TOOL-004;TOOL-005;TOOL-017;TOOL-018;TOOL-020;TOOL-022;TOOL-024;TOOL-025;TOOL-028;TOOL-031;TOOL-033;TOOL-034;TOOL-035;TOOL-036;TOOL-039;TOOL-045;TOOL-049;TOOL-002;TOOL-003;TOOL-006;TOOL-007;TOOL-012;TOOL-019;TOOL-023;TOOL-027;TOOL-030;TOOL-037;TOOL-038	SPOOL filename;sqlerrm.sqlerrmc;sqlerrm.sqlerrml;sqlwarn;test.log;test.bad;0x4102E;ERR-00015;CREATE FUNCTION;CREATE PROCEDURE;CREATE LIBRARY;END;employees.fmt;employees.dat;Oracle Database 10gR2	APB-000009;APB-000011;APB-000017	no	attachment_update	done	Stage 3 attachment route generated from completed scope row; use exact source blocks and missing-input prompts before item-level production claims.
S3-SCOPE-013	J016	S3-J015	GPTs/attachments/12_c_cli_odbc_precompiler.md	12. C, CLI, ODBC, Precompiler	SRC-000174	repo	product_source	c_cli_odbc_precompiler	Trunk	8.1_verified	Korean authoritative; Altibase 8.1 verified source	SHARD-006	BLOCK-000488	SRC-000174/BLOCK-000488	pass	TOOL-001;TOOL-004;TOOL-005;TOOL-017;TOOL-018;TOOL-020;TOOL-022;TOOL-024;TOOL-025;TOOL-028;TOOL-031;TOOL-033;TOOL-034;TOOL-035;TOOL-036;TOOL-039;TOOL-045;TOOL-049;TOOL-002;TOOL-003;TOOL-006;TOOL-007;TOOL-012;TOOL-019;TOOL-023;TOOL-027;TOOL-030;TOOL-037;TOOL-038	SPOOL filename;sqlerrm.sqlerrmc;sqlerrm.sqlerrml;sqlwarn;test.log;test.bad;0x4102E;ERR-00015;CREATE FUNCTION;CREATE PROCEDURE;CREATE LIBRARY;END;employees.fmt;employees.dat;Oracle Database 10gR2	APB-000009;APB-000011;APB-000017	no	attachment_update	done	Stage 3 attachment route generated from completed scope row; use exact source blocks and missing-input prompts before item-level production claims.
S3-SCOPE-013	J016	S3-J015	GPTs/attachments/12_c_cli_odbc_precompiler.md	12. C, CLI, ODBC, Precompiler	SRC-000176	repo	product_source	c_cli_odbc_precompiler	CLI User's Manual	8.1_verified	Korean authoritative; Altibase 8.1 verified source	SHARD-006	BLOCK-000489	SRC-000176/BLOCK-000489	pass	TOOL-001;TOOL-004;TOOL-005;TOOL-017;TOOL-018;TOOL-020;TOOL-022;TOOL-024;TOOL-025;TOOL-028;TOOL-031;TOOL-033;TOOL-034;TOOL-035;TOOL-036;TOOL-039;TOOL-045;TOOL-049;TOOL-002;TOOL-003;TOOL-006;TOOL-007;TOOL-012;TOOL-019;TOOL-023;TOOL-027;TOOL-030;TOOL-037;TOOL-038	SPOOL filename;sqlerrm.sqlerrmc;sqlerrm.sqlerrml;sqlwarn;test.log;test.bad;0x4102E;ERR-00015;CREATE FUNCTION;CREATE PROCEDURE;CREATE LIBRARY;END;employees.fmt;employees.dat;Oracle Database 10gR2	APB-000009;APB-000011;APB-000017	no	attachment_update	done	Stage 3 attachment route generated from completed scope row; use exact source blocks and missing-input prompts before item-level production claims.
S3-SCOPE-013	J016	S3-J015	GPTs/attachments/12_c_cli_odbc_precompiler.md	12. C, CLI, ODBC, Precompiler	SRC-000179	repo	product_source	stored_external_procedures	C/C++ External Procedures Manual	8.1_verified	Korean authoritative; Altibase 8.1 verified source	SHARD-015	BLOCK-000906	SRC-000179/BLOCK-000906	pass	TOOL-001;TOOL-004;TOOL-005;TOOL-017;TOOL-018;TOOL-020;TOOL-022;TOOL-024;TOOL-025;TOOL-028;TOOL-031;TOOL-033;TOOL-034;TOOL-035;TOOL-036;TOOL-039;TOOL-045;TOOL-049;TOOL-002;TOOL-003;TOOL-006;TOOL-007;TOOL-012;TOOL-019;TOOL-023;TOOL-027;TOOL-030;TOOL-037;TOOL-038	SPOOL filename;sqlerrm.sqlerrmc;sqlerrm.sqlerrml;sqlwarn;test.log;test.bad;0x4102E;ERR-00015;CREATE FUNCTION;CREATE PROCEDURE;CREATE LIBRARY;END;employees.fmt;employees.dat;Oracle Database 10gR2	APB-000009;APB-000011;APB-000017	no	attachment_update	done	Stage 3 attachment route generated from completed scope row; use exact source blocks and missing-input prompts before item-level production claims.
S3-SCOPE-013	J016	S3-J015	GPTs/attachments/12_c_cli_odbc_precompiler.md	12. C, CLI, ODBC, Precompiler	SRC-000183	repo	product_source	dblink_hadoop_external_connectors	Trunk	8.1_verified	Korean authoritative; Altibase 8.1 verified source	SHARD-006	BLOCK-000503	SRC-000183/BLOCK-000503	pass	TOOL-001;TOOL-004;TOOL-005;TOOL-017;TOOL-018;TOOL-020;TOOL-022;TOOL-024;TOOL-025;TOOL-028;TOOL-031;TOOL-033;TOOL-034;TOOL-035;TOOL-036;TOOL-039;TOOL-045;TOOL-049;TOOL-002;TOOL-003;TOOL-006;TOOL-007;TOOL-012;TOOL-019;TOOL-023;TOOL-027;TOOL-030;TOOL-037;TOOL-038	SPOOL filename;sqlerrm.sqlerrmc;sqlerrm.sqlerrml;sqlwarn;test.log;test.bad;0x4102E;ERR-00015;CREATE FUNCTION;CREATE PROCEDURE;CREATE LIBRARY;END;employees.fmt;employees.dat;Oracle Database 10gR2	APB-000009;APB-000011;APB-000017	no	attachment_update	done	Stage 3 attachment route generated from completed scope row; use exact source blocks and missing-input prompts before item-level production claims.
S3-SCOPE-013	J016	S3-J015	GPTs/attachments/12_c_cli_odbc_precompiler.md	12. C, CLI, ODBC, Precompiler	SRC-000185	repo	product_source	jdbc_java	Trunk	8.1_verified	Korean authoritative; Altibase 8.1 verified source	SHARD-010	BLOCK-000561	SRC-000185/BLOCK-000561	pass	TOOL-001;TOOL-004;TOOL-005;TOOL-017;TOOL-018;TOOL-020;TOOL-022;TOOL-024;TOOL-025;TOOL-028;TOOL-031;TOOL-033;TOOL-034;TOOL-035;TOOL-036;TOOL-039;TOOL-045;TOOL-049;TOOL-002;TOOL-003;TOOL-006;TOOL-007;TOOL-012;TOOL-019;TOOL-023;TOOL-027;TOOL-030;TOOL-037;TOOL-038	SPOOL filename;sqlerrm.sqlerrmc;sqlerrm.sqlerrml;sqlwarn;test.log;test.bad;0x4102E;ERR-00015;CREATE FUNCTION;CREATE PROCEDURE;CREATE LIBRARY;END;employees.fmt;employees.dat;Oracle Database 10gR2	APB-000009;APB-000011;APB-000017	no	attachment_update	done	Stage 3 attachment route generated from completed scope row; use exact source blocks and missing-input prompts before item-level production claims.
S3-SCOPE-013	J016	S3-J015	GPTs/attachments/12_c_cli_odbc_precompiler.md	12. C, CLI, ODBC, Precompiler	SRC-000188	repo	product_source	c_cli_odbc_precompiler	ODBC User\'s Manual	8.1_verified	Korean authoritative; Altibase 8.1 verified source	SHARD-006	BLOCK-000490	SRC-000188/BLOCK-000490	pass	TOOL-001;TOOL-004;TOOL-005;TOOL-017;TOOL-018;TOOL-020;TOOL-022;TOOL-024;TOOL-025;TOOL-028;TOOL-031;TOOL-033;TOOL-034;TOOL-035;TOOL-036;TOOL-039;TOOL-045;TOOL-049;TOOL-002;TOOL-003;TOOL-006;TOOL-007;TOOL-012;TOOL-019;TOOL-023;TOOL-027;TOOL-030;TOOL-037;TOOL-038	SPOOL filename;sqlerrm.sqlerrmc;sqlerrm.sqlerrml;sqlwarn;test.log;test.bad;0x4102E;ERR-00015;CREATE FUNCTION;CREATE PROCEDURE;CREATE LIBRARY;END;employees.fmt;employees.dat;Oracle Database 10gR2	APB-000009;APB-000011;APB-000017	no	attachment_update	done	Stage 3 attachment route generated from completed scope row; use exact source blocks and missing-input prompts before item-level production claims.
S3-SCOPE-013	J016	S3-J015	GPTs/attachments/12_c_cli_odbc_precompiler.md	12. C, CLI, ODBC, Precompiler	SRC-000190	repo	product_source	c_cli_odbc_precompiler	Trunk	8.1_verified	Korean authoritative; Altibase 8.1 verified source	SHARD-006	BLOCK-000491	SRC-000190/BLOCK-000491	pass	TOOL-001;TOOL-004;TOOL-005;TOOL-017;TOOL-018;TOOL-020;TOOL-022;TOOL-024;TOOL-025;TOOL-028;TOOL-031;TOOL-033;TOOL-034;TOOL-035;TOOL-036;TOOL-039;TOOL-045;TOOL-049;TOOL-002;TOOL-003;TOOL-006;TOOL-007;TOOL-012;TOOL-019;TOOL-023;TOOL-027;TOOL-030;TOOL-037;TOOL-038	SPOOL filename;sqlerrm.sqlerrmc;sqlerrm.sqlerrml;sqlwarn;test.log;test.bad;0x4102E;ERR-00015;CREATE FUNCTION;CREATE PROCEDURE;CREATE LIBRARY;END;employees.fmt;employees.dat;Oracle Database 10gR2	APB-000009;APB-000011;APB-000017	no	attachment_update	done	Stage 3 attachment route generated from completed scope row; use exact source blocks and missing-input prompts before item-level production claims.
S3-SCOPE-013	J016	S3-J015	GPTs/attachments/12_c_cli_odbc_precompiler.md	12. C, CLI, ODBC, Precompiler	SRC-000196	repo	product_source	stored_external_procedures	Trunk	8.1_verified	Korean authoritative; Altibase 8.1 verified source	SHARD-015	BLOCK-000907	SRC-000196/BLOCK-000907	pass	TOOL-001;TOOL-004;TOOL-005;TOOL-017;TOOL-018;TOOL-020;TOOL-022;TOOL-024;TOOL-025;TOOL-028;TOOL-031;TOOL-033;TOOL-034;TOOL-035;TOOL-036;TOOL-039;TOOL-045;TOOL-049;TOOL-002;TOOL-003;TOOL-006;TOOL-007;TOOL-012;TOOL-019;TOOL-023;TOOL-027;TOOL-030;TOOL-037;TOOL-038	SPOOL filename;sqlerrm.sqlerrmc;sqlerrm.sqlerrml;sqlwarn;test.log;test.bad;0x4102E;ERR-00015;CREATE FUNCTION;CREATE PROCEDURE;CREATE LIBRARY;END;employees.fmt;employees.dat;Oracle Database 10gR2	APB-000009;APB-000011;APB-000017	no	attachment_update	done	Stage 3 attachment route generated from completed scope row; use exact source blocks and missing-input prompts before item-level production claims.
S3-SCOPE-013	J016	S3-J015	GPTs/attachments/12_c_cli_odbc_precompiler.md	12. C, CLI, ODBC, Precompiler	SRC-000197	repo	product_source	utilities_datacompj	Trunk	8.1_verified	Korean authoritative; Altibase 8.1 verified source	SHARD-016	BLOCK-000931	SRC-000197/BLOCK-000931	pass	TOOL-001;TOOL-004;TOOL-005;TOOL-017;TOOL-018;TOOL-020;TOOL-022;TOOL-024;TOOL-025;TOOL-028;TOOL-031;TOOL-033;TOOL-034;TOOL-035;TOOL-036;TOOL-039;TOOL-045;TOOL-049;TOOL-002;TOOL-003;TOOL-006;TOOL-007;TOOL-012;TOOL-019;TOOL-023;TOOL-027;TOOL-030;TOOL-037;TOOL-038	SPOOL filename;sqlerrm.sqlerrmc;sqlerrm.sqlerrml;sqlwarn;test.log;test.bad;0x4102E;ERR-00015;CREATE FUNCTION;CREATE PROCEDURE;CREATE LIBRARY;END;employees.fmt;employees.dat;Oracle Database 10gR2	APB-000009;APB-000011;APB-000017	no	attachment_update	done	Stage 3 attachment route generated from completed scope row; use exact source blocks and missing-input prompts before item-level production claims.
S3-SCOPE-013	J016	S3-J015	GPTs/attachments/12_c_cli_odbc_precompiler.md	12. C, CLI, ODBC, Precompiler	SRC-000198	repo	product_source	isql_iloader	Trunk	8.1_verified	Korean authoritative; Altibase 8.1 verified source	SHARD-009	BLOCK-000548	SRC-000198/BLOCK-000548	pass	TOOL-001;TOOL-004;TOOL-005;TOOL-017;TOOL-018;TOOL-020;TOOL-022;TOOL-024;TOOL-025;TOOL-028;TOOL-031;TOOL-033;TOOL-034;TOOL-035;TOOL-036;TOOL-039;TOOL-045;TOOL-049;TOOL-002;TOOL-003;TOOL-006;TOOL-007;TOOL-012;TOOL-019;TOOL-023;TOOL-027;TOOL-030;TOOL-037;TOOL-038	SPOOL filename;sqlerrm.sqlerrmc;sqlerrm.sqlerrml;sqlwarn;test.log;test.bad;0x4102E;ERR-00015;CREATE FUNCTION;CREATE PROCEDURE;CREATE LIBRARY;END;employees.fmt;employees.dat;Oracle Database 10gR2	APB-000009;APB-000011;APB-000017	no	attachment_update	done	Stage 3 attachment route generated from completed scope row; use exact source blocks and missing-input prompts before item-level production claims.
S3-SCOPE-013	J016	S3-J015	GPTs/attachments/12_c_cli_odbc_precompiler.md	12. C, CLI, ODBC, Precompiler	SRC-000199	repo	product_source	isql_iloader	Trunk	8.1_verified	Korean authoritative; Altibase 8.1 verified source	SHARD-009	BLOCK-000549	SRC-000199/BLOCK-000549	pass	TOOL-001;TOOL-004;TOOL-005;TOOL-017;TOOL-018;TOOL-020;TOOL-022;TOOL-024;TOOL-025;TOOL-028;TOOL-031;TOOL-033;TOOL-034;TOOL-035;TOOL-036;TOOL-039;TOOL-045;TOOL-049;TOOL-002;TOOL-003;TOOL-006;TOOL-007;TOOL-012;TOOL-019;TOOL-023;TOOL-027;TOOL-030;TOOL-037;TOOL-038	SPOOL filename;sqlerrm.sqlerrmc;sqlerrm.sqlerrml;sqlwarn;test.log;test.bad;0x4102E;ERR-00015;CREATE FUNCTION;CREATE PROCEDURE;CREATE LIBRARY;END;employees.fmt;employees.dat;Oracle Database 10gR2	APB-000009;APB-000011;APB-000017	no	attachment_update	done	Stage 3 attachment route generated from completed scope row; use exact source blocks and missing-input prompts before item-level production claims.
S3-SCOPE-013	J016	S3-J015	GPTs/attachments/12_c_cli_odbc_precompiler.md	12. C, CLI, ODBC, Precompiler	SRC-000223	repo	tool_manual	migration_oracle	Migration Center User's Manual	8.1_verified	Korean authoritative; Altibase 8.1 verified source	SHARD-010	BLOCK-000576	SRC-000223/BLOCK-000576	pass	TOOL-001;TOOL-004;TOOL-005;TOOL-017;TOOL-018;TOOL-020;TOOL-022;TOOL-024;TOOL-025;TOOL-028;TOOL-031;TOOL-033;TOOL-034;TOOL-035;TOOL-036;TOOL-039;TOOL-045;TOOL-049;TOOL-002;TOOL-003;TOOL-006;TOOL-007;TOOL-012;TOOL-019;TOOL-023;TOOL-027;TOOL-030;TOOL-037;TOOL-038	SPOOL filename;sqlerrm.sqlerrmc;sqlerrm.sqlerrml;sqlwarn;test.log;test.bad;0x4102E;ERR-00015;CREATE FUNCTION;CREATE PROCEDURE;CREATE LIBRARY;END;employees.fmt;employees.dat;Oracle Database 10gR2	APB-000009;APB-000011;APB-000017	no	attachment_update	done	Stage 3 attachment route generated from completed scope row; use exact source blocks and missing-input prompts before item-level production claims.
S3-SCOPE-013	J016	S3-J015	GPTs/attachments/12_c_cli_odbc_precompiler.md	12. C, CLI, ODBC, Precompiler	SRC-000227	repo	tool_manual	utilities_datacompj	Release 7.2	8.1_verified	Korean authoritative; Altibase 8.1 verified source	SHARD-016	BLOCK-000935	SRC-000227/BLOCK-000935	pass	TOOL-001;TOOL-004;TOOL-005;TOOL-017;TOOL-018;TOOL-020;TOOL-022;TOOL-024;TOOL-025;TOOL-028;TOOL-031;TOOL-033;TOOL-034;TOOL-035;TOOL-036;TOOL-039;TOOL-045;TOOL-049;TOOL-002;TOOL-003;TOOL-006;TOOL-007;TOOL-012;TOOL-019;TOOL-023;TOOL-027;TOOL-030;TOOL-037;TOOL-038	SPOOL filename;sqlerrm.sqlerrmc;sqlerrm.sqlerrml;sqlwarn;test.log;test.bad;0x4102E;ERR-00015;CREATE FUNCTION;CREATE PROCEDURE;CREATE LIBRARY;END;employees.fmt;employees.dat;Oracle Database 10gR2	APB-000009;APB-000011;APB-000017	no	attachment_update	done	Stage 3 attachment route generated from completed scope row; use exact source blocks and missing-input prompts before item-level production claims.
S3-SCOPE-013	J016	S3-J015	GPTs/attachments/12_c_cli_odbc_precompiler.md	12. C, CLI, ODBC, Precompiler	SRC-000451	repo	release_note	release_notes_platform	1. 시스템 요구사항	7.3.0.0.1	Korean authoritative	SHARD-012	BLOCK-000824	SRC-000451/BLOCK-000824	pass	TOOL-001;TOOL-004;TOOL-005;TOOL-017;TOOL-018;TOOL-020;TOOL-022;TOOL-024;TOOL-025;TOOL-028;TOOL-031;TOOL-033;TOOL-034;TOOL-035;TOOL-036;TOOL-039;TOOL-045;TOOL-049;TOOL-002;TOOL-003;TOOL-006;TOOL-007;TOOL-012;TOOL-019;TOOL-023;TOOL-027;TOOL-030;TOOL-037;TOOL-038	SPOOL filename;sqlerrm.sqlerrmc;sqlerrm.sqlerrml;sqlwarn;test.log;test.bad;0x4102E;ERR-00015;CREATE FUNCTION;CREATE PROCEDURE;CREATE LIBRARY;END;employees.fmt;employees.dat;Oracle Database 10gR2	APB-000009;APB-000011;APB-000017	no	attachment_update	done	Stage 3 attachment route generated from completed scope row; use exact source blocks and missing-input prompts before item-level production claims.
S3-SCOPE-013	J016	S3-J015	GPTs/attachments/12_c_cli_odbc_precompiler.md	12. C, CLI, ODBC, Precompiler	SRC-000462	repo	release_note	migration_oracle	Altibase Migration Center 7.19 Release Notes	Migration Center 7.19	Korean authoritative	SHARD-010	BLOCK-000596	SRC-000462/BLOCK-000596	pass	TOOL-001;TOOL-004;TOOL-005;TOOL-017;TOOL-018;TOOL-020;TOOL-022;TOOL-024;TOOL-025;TOOL-028;TOOL-031;TOOL-033;TOOL-034;TOOL-035;TOOL-036;TOOL-039;TOOL-045;TOOL-049;TOOL-002;TOOL-003;TOOL-006;TOOL-007;TOOL-012;TOOL-019;TOOL-023;TOOL-027;TOOL-030;TOOL-037;TOOL-038	SPOOL filename;sqlerrm.sqlerrmc;sqlerrm.sqlerrml;sqlwarn;test.log;test.bad;0x4102E;ERR-00015;CREATE FUNCTION;CREATE PROCEDURE;CREATE LIBRARY;END;employees.fmt;employees.dat;Oracle Database 10gR2	APB-000009;APB-000011;APB-000017	no	attachment_update	done	Stage 3 attachment route generated from completed scope row; use exact source blocks and missing-input prompts before item-level production claims.
S3-SCOPE-013	J016	S3-J015	GPTs/attachments/12_c_cli_odbc_precompiler.md	12. C, CLI, ODBC, Precompiler	SRC-000471	repo	release_note	utilities_datacompj	Release 7.2 (Feb. 17, 2022)	dataCompJ 7.2	Korean authoritative	SHARD-016	BLOCK-000937	SRC-000471/BLOCK-000937	pass	TOOL-001;TOOL-004;TOOL-005;TOOL-017;TOOL-018;TOOL-020;TOOL-022;TOOL-024;TOOL-025;TOOL-028;TOOL-031;TOOL-033;TOOL-034;TOOL-035;TOOL-036;TOOL-039;TOOL-045;TOOL-049;TOOL-002;TOOL-003;TOOL-006;TOOL-007;TOOL-012;TOOL-019;TOOL-023;TOOL-027;TOOL-030;TOOL-037;TOOL-038	SPOOL filename;sqlerrm.sqlerrmc;sqlerrm.sqlerrml;sqlwarn;test.log;test.bad;0x4102E;ERR-00015;CREATE FUNCTION;CREATE PROCEDURE;CREATE LIBRARY;END;employees.fmt;employees.dat;Oracle Database 10gR2	APB-000009;APB-000011;APB-000017	no	attachment_update	done	Stage 3 attachment route generated from completed scope row; use exact source blocks and missing-input prompts before item-level production claims.
S3-SCOPE-013	J016	S3-J015	GPTs/attachments/13_isql_iloader_basic_tools.md	13. iSQL, iLoader, and Basic Tools	SRC-000010	repo	third_party_guide	third_party_guides	NiFi User's Guide for Altibase	multi	Korean authoritative	SHARD-015	BLOCK-000921	SRC-000010/BLOCK-000921	pass	TOOL-001;TOOL-004;TOOL-005;TOOL-017;TOOL-018;TOOL-020;TOOL-022;TOOL-024;TOOL-025;TOOL-028;TOOL-031;TOOL-033;TOOL-034;TOOL-035;TOOL-036;TOOL-039;TOOL-045;TOOL-049;TOOL-002;TOOL-003;TOOL-006;TOOL-007;TOOL-012;TOOL-019;TOOL-023;TOOL-027;TOOL-030;TOOL-037;TOOL-038	SPOOL filename;sqlerrm.sqlerrmc;sqlerrm.sqlerrml;sqlwarn;test.log;test.bad;0x4102E;ERR-00015;CREATE FUNCTION;CREATE PROCEDURE;CREATE LIBRARY;END;employees.fmt;employees.dat;Oracle Database 10gR2	APB-000009;APB-000011;APB-000017	no	attachment_update	done	Stage 3 attachment route generated from completed scope row; use exact source blocks and missing-input prompts before item-level production claims.
S3-SCOPE-013	J016	S3-J015	GPTs/attachments/13_isql_iloader_basic_tools.md	13. iSQL, iLoader, and Basic Tools	SRC-000013	repo	third_party_guide	third_party_guides	Spring Data JPA with Hibernate 6.4 User's Guide for Altibase	multi	Korean authoritative	SHARD-015	BLOCK-000924	SRC-000013/BLOCK-000924	pass	TOOL-001;TOOL-004;TOOL-005;TOOL-017;TOOL-018;TOOL-020;TOOL-022;TOOL-024;TOOL-025;TOOL-028;TOOL-031;TOOL-033;TOOL-034;TOOL-035;TOOL-036;TOOL-039;TOOL-045;TOOL-049;TOOL-002;TOOL-003;TOOL-006;TOOL-007;TOOL-012;TOOL-019;TOOL-023;TOOL-027;TOOL-030;TOOL-037;TOOL-038	SPOOL filename;sqlerrm.sqlerrmc;sqlerrm.sqlerrml;sqlwarn;test.log;test.bad;0x4102E;ERR-00015;CREATE FUNCTION;CREATE PROCEDURE;CREATE LIBRARY;END;employees.fmt;employees.dat;Oracle Database 10gR2	APB-000009;APB-000011;APB-000017	no	attachment_update	done	Stage 3 attachment route generated from completed scope row; use exact source blocks and missing-input prompts before item-level production claims.
S3-SCOPE-013	J016	S3-J015	GPTs/attachments/13_isql_iloader_basic_tools.md	13. iSQL, iLoader, and Basic Tools	SRC-000174	repo	product_source	c_cli_odbc_precompiler	Trunk	8.1_verified	Korean authoritative; Altibase 8.1 verified source	SHARD-006	BLOCK-000488	SRC-000174/BLOCK-000488	pass	TOOL-001;TOOL-004;TOOL-005;TOOL-017;TOOL-018;TOOL-020;TOOL-022;TOOL-024;TOOL-025;TOOL-028;TOOL-031;TOOL-033;TOOL-034;TOOL-035;TOOL-036;TOOL-039;TOOL-045;TOOL-049;TOOL-002;TOOL-003;TOOL-006;TOOL-007;TOOL-012;TOOL-019;TOOL-023;TOOL-027;TOOL-030;TOOL-037;TOOL-038	SPOOL filename;sqlerrm.sqlerrmc;sqlerrm.sqlerrml;sqlwarn;test.log;test.bad;0x4102E;ERR-00015;CREATE FUNCTION;CREATE PROCEDURE;CREATE LIBRARY;END;employees.fmt;employees.dat;Oracle Database 10gR2	APB-000009;APB-000011;APB-000017	no	attachment_update	done	Stage 3 attachment route generated from completed scope row; use exact source blocks and missing-input prompts before item-level production claims.
S3-SCOPE-013	J016	S3-J015	GPTs/attachments/13_isql_iloader_basic_tools.md	13. iSQL, iLoader, and Basic Tools	SRC-000176	repo	product_source	c_cli_odbc_precompiler	CLI User's Manual	8.1_verified	Korean authoritative; Altibase 8.1 verified source	SHARD-006	BLOCK-000489	SRC-000176/BLOCK-000489	pass	TOOL-001;TOOL-004;TOOL-005;TOOL-017;TOOL-018;TOOL-020;TOOL-022;TOOL-024;TOOL-025;TOOL-028;TOOL-031;TOOL-033;TOOL-034;TOOL-035;TOOL-036;TOOL-039;TOOL-045;TOOL-049;TOOL-002;TOOL-003;TOOL-006;TOOL-007;TOOL-012;TOOL-019;TOOL-023;TOOL-027;TOOL-030;TOOL-037;TOOL-038	SPOOL filename;sqlerrm.sqlerrmc;sqlerrm.sqlerrml;sqlwarn;test.log;test.bad;0x4102E;ERR-00015;CREATE FUNCTION;CREATE PROCEDURE;CREATE LIBRARY;END;employees.fmt;employees.dat;Oracle Database 10gR2	APB-000009;APB-000011;APB-000017	no	attachment_update	done	Stage 3 attachment route generated from completed scope row; use exact source blocks and missing-input prompts before item-level production claims.
S3-SCOPE-013	J016	S3-J015	GPTs/attachments/13_isql_iloader_basic_tools.md	13. iSQL, iLoader, and Basic Tools	SRC-000179	repo	product_source	stored_external_procedures	C/C++ External Procedures Manual	8.1_verified	Korean authoritative; Altibase 8.1 verified source	SHARD-015	BLOCK-000906	SRC-000179/BLOCK-000906	pass	TOOL-001;TOOL-004;TOOL-005;TOOL-017;TOOL-018;TOOL-020;TOOL-022;TOOL-024;TOOL-025;TOOL-028;TOOL-031;TOOL-033;TOOL-034;TOOL-035;TOOL-036;TOOL-039;TOOL-045;TOOL-049;TOOL-002;TOOL-003;TOOL-006;TOOL-007;TOOL-012;TOOL-019;TOOL-023;TOOL-027;TOOL-030;TOOL-037;TOOL-038	SPOOL filename;sqlerrm.sqlerrmc;sqlerrm.sqlerrml;sqlwarn;test.log;test.bad;0x4102E;ERR-00015;CREATE FUNCTION;CREATE PROCEDURE;CREATE LIBRARY;END;employees.fmt;employees.dat;Oracle Database 10gR2	APB-000009;APB-000011;APB-000017	no	attachment_update	done	Stage 3 attachment route generated from completed scope row; use exact source blocks and missing-input prompts before item-level production claims.
S3-SCOPE-013	J016	S3-J015	GPTs/attachments/13_isql_iloader_basic_tools.md	13. iSQL, iLoader, and Basic Tools	SRC-000183	repo	product_source	dblink_hadoop_external_connectors	Trunk	8.1_verified	Korean authoritative; Altibase 8.1 verified source	SHARD-006	BLOCK-000503	SRC-000183/BLOCK-000503	pass	TOOL-001;TOOL-004;TOOL-005;TOOL-017;TOOL-018;TOOL-020;TOOL-022;TOOL-024;TOOL-025;TOOL-028;TOOL-031;TOOL-033;TOOL-034;TOOL-035;TOOL-036;TOOL-039;TOOL-045;TOOL-049;TOOL-002;TOOL-003;TOOL-006;TOOL-007;TOOL-012;TOOL-019;TOOL-023;TOOL-027;TOOL-030;TOOL-037;TOOL-038	SPOOL filename;sqlerrm.sqlerrmc;sqlerrm.sqlerrml;sqlwarn;test.log;test.bad;0x4102E;ERR-00015;CREATE FUNCTION;CREATE PROCEDURE;CREATE LIBRARY;END;employees.fmt;employees.dat;Oracle Database 10gR2	APB-000009;APB-000011;APB-000017	no	attachment_update	done	Stage 3 attachment route generated from completed scope row; use exact source blocks and missing-input prompts before item-level production claims.
S3-SCOPE-013	J016	S3-J015	GPTs/attachments/13_isql_iloader_basic_tools.md	13. iSQL, iLoader, and Basic Tools	SRC-000185	repo	product_source	jdbc_java	Trunk	8.1_verified	Korean authoritative; Altibase 8.1 verified source	SHARD-010	BLOCK-000561	SRC-000185/BLOCK-000561	pass	TOOL-001;TOOL-004;TOOL-005;TOOL-017;TOOL-018;TOOL-020;TOOL-022;TOOL-024;TOOL-025;TOOL-028;TOOL-031;TOOL-033;TOOL-034;TOOL-035;TOOL-036;TOOL-039;TOOL-045;TOOL-049;TOOL-002;TOOL-003;TOOL-006;TOOL-007;TOOL-012;TOOL-019;TOOL-023;TOOL-027;TOOL-030;TOOL-037;TOOL-038	SPOOL filename;sqlerrm.sqlerrmc;sqlerrm.sqlerrml;sqlwarn;test.log;test.bad;0x4102E;ERR-00015;CREATE FUNCTION;CREATE PROCEDURE;CREATE LIBRARY;END;employees.fmt;employees.dat;Oracle Database 10gR2	APB-000009;APB-000011;APB-000017	no	attachment_update	done	Stage 3 attachment route generated from completed scope row; use exact source blocks and missing-input prompts before item-level production claims.
S3-SCOPE-013	J016	S3-J015	GPTs/attachments/13_isql_iloader_basic_tools.md	13. iSQL, iLoader, and Basic Tools	SRC-000188	repo	product_source	c_cli_odbc_precompiler	ODBC User\'s Manual	8.1_verified	Korean authoritative; Altibase 8.1 verified source	SHARD-006	BLOCK-000490	SRC-000188/BLOCK-000490	pass	TOOL-001;TOOL-004;TOOL-005;TOOL-017;TOOL-018;TOOL-020;TOOL-022;TOOL-024;TOOL-025;TOOL-028;TOOL-031;TOOL-033;TOOL-034;TOOL-035;TOOL-036;TOOL-039;TOOL-045;TOOL-049;TOOL-002;TOOL-003;TOOL-006;TOOL-007;TOOL-012;TOOL-019;TOOL-023;TOOL-027;TOOL-030;TOOL-037;TOOL-038	SPOOL filename;sqlerrm.sqlerrmc;sqlerrm.sqlerrml;sqlwarn;test.log;test.bad;0x4102E;ERR-00015;CREATE FUNCTION;CREATE PROCEDURE;CREATE LIBRARY;END;employees.fmt;employees.dat;Oracle Database 10gR2	APB-000009;APB-000011;APB-000017	no	attachment_update	done	Stage 3 attachment route generated from completed scope row; use exact source blocks and missing-input prompts before item-level production claims.
S3-SCOPE-013	J016	S3-J015	GPTs/attachments/13_isql_iloader_basic_tools.md	13. iSQL, iLoader, and Basic Tools	SRC-000190	repo	product_source	c_cli_odbc_precompiler	Trunk	8.1_verified	Korean authoritative; Altibase 8.1 verified source	SHARD-006	BLOCK-000491	SRC-000190/BLOCK-000491	pass	TOOL-001;TOOL-004;TOOL-005;TOOL-017;TOOL-018;TOOL-020;TOOL-022;TOOL-024;TOOL-025;TOOL-028;TOOL-031;TOOL-033;TOOL-034;TOOL-035;TOOL-036;TOOL-039;TOOL-045;TOOL-049;TOOL-002;TOOL-003;TOOL-006;TOOL-007;TOOL-012;TOOL-019;TOOL-023;TOOL-027;TOOL-030;TOOL-037;TOOL-038	SPOOL filename;sqlerrm.sqlerrmc;sqlerrm.sqlerrml;sqlwarn;test.log;test.bad;0x4102E;ERR-00015;CREATE FUNCTION;CREATE PROCEDURE;CREATE LIBRARY;END;employees.fmt;employees.dat;Oracle Database 10gR2	APB-000009;APB-000011;APB-000017	no	attachment_update	done	Stage 3 attachment route generated from completed scope row; use exact source blocks and missing-input prompts before item-level production claims.
S3-SCOPE-013	J016	S3-J015	GPTs/attachments/13_isql_iloader_basic_tools.md	13. iSQL, iLoader, and Basic Tools	SRC-000196	repo	product_source	stored_external_procedures	Trunk	8.1_verified	Korean authoritative; Altibase 8.1 verified source	SHARD-015	BLOCK-000907	SRC-000196/BLOCK-000907	pass	TOOL-001;TOOL-004;TOOL-005;TOOL-017;TOOL-018;TOOL-020;TOOL-022;TOOL-024;TOOL-025;TOOL-028;TOOL-031;TOOL-033;TOOL-034;TOOL-035;TOOL-036;TOOL-039;TOOL-045;TOOL-049;TOOL-002;TOOL-003;TOOL-006;TOOL-007;TOOL-012;TOOL-019;TOOL-023;TOOL-027;TOOL-030;TOOL-037;TOOL-038	SPOOL filename;sqlerrm.sqlerrmc;sqlerrm.sqlerrml;sqlwarn;test.log;test.bad;0x4102E;ERR-00015;CREATE FUNCTION;CREATE PROCEDURE;CREATE LIBRARY;END;employees.fmt;employees.dat;Oracle Database 10gR2	APB-000009;APB-000011;APB-000017	no	attachment_update	done	Stage 3 attachment route generated from completed scope row; use exact source blocks and missing-input prompts before item-level production claims.
S3-SCOPE-013	J016	S3-J015	GPTs/attachments/13_isql_iloader_basic_tools.md	13. iSQL, iLoader, and Basic Tools	SRC-000197	repo	product_source	utilities_datacompj	Trunk	8.1_verified	Korean authoritative; Altibase 8.1 verified source	SHARD-016	BLOCK-000931	SRC-000197/BLOCK-000931	pass	TOOL-001;TOOL-004;TOOL-005;TOOL-017;TOOL-018;TOOL-020;TOOL-022;TOOL-024;TOOL-025;TOOL-028;TOOL-031;TOOL-033;TOOL-034;TOOL-035;TOOL-036;TOOL-039;TOOL-045;TOOL-049;TOOL-002;TOOL-003;TOOL-006;TOOL-007;TOOL-012;TOOL-019;TOOL-023;TOOL-027;TOOL-030;TOOL-037;TOOL-038	SPOOL filename;sqlerrm.sqlerrmc;sqlerrm.sqlerrml;sqlwarn;test.log;test.bad;0x4102E;ERR-00015;CREATE FUNCTION;CREATE PROCEDURE;CREATE LIBRARY;END;employees.fmt;employees.dat;Oracle Database 10gR2	APB-000009;APB-000011;APB-000017	no	attachment_update	done	Stage 3 attachment route generated from completed scope row; use exact source blocks and missing-input prompts before item-level production claims.
S3-SCOPE-013	J016	S3-J015	GPTs/attachments/13_isql_iloader_basic_tools.md	13. iSQL, iLoader, and Basic Tools	SRC-000198	repo	product_source	isql_iloader	Trunk	8.1_verified	Korean authoritative; Altibase 8.1 verified source	SHARD-009	BLOCK-000548	SRC-000198/BLOCK-000548	pass	TOOL-001;TOOL-004;TOOL-005;TOOL-017;TOOL-018;TOOL-020;TOOL-022;TOOL-024;TOOL-025;TOOL-028;TOOL-031;TOOL-033;TOOL-034;TOOL-035;TOOL-036;TOOL-039;TOOL-045;TOOL-049;TOOL-002;TOOL-003;TOOL-006;TOOL-007;TOOL-012;TOOL-019;TOOL-023;TOOL-027;TOOL-030;TOOL-037;TOOL-038	SPOOL filename;sqlerrm.sqlerrmc;sqlerrm.sqlerrml;sqlwarn;test.log;test.bad;0x4102E;ERR-00015;CREATE FUNCTION;CREATE PROCEDURE;CREATE LIBRARY;END;employees.fmt;employees.dat;Oracle Database 10gR2	APB-000009;APB-000011;APB-000017	no	attachment_update	done	Stage 3 attachment route generated from completed scope row; use exact source blocks and missing-input prompts before item-level production claims.
S3-SCOPE-013	J016	S3-J015	GPTs/attachments/13_isql_iloader_basic_tools.md	13. iSQL, iLoader, and Basic Tools	SRC-000199	repo	product_source	isql_iloader	Trunk	8.1_verified	Korean authoritative; Altibase 8.1 verified source	SHARD-009	BLOCK-000549	SRC-000199/BLOCK-000549	pass	TOOL-001;TOOL-004;TOOL-005;TOOL-017;TOOL-018;TOOL-020;TOOL-022;TOOL-024;TOOL-025;TOOL-028;TOOL-031;TOOL-033;TOOL-034;TOOL-035;TOOL-036;TOOL-039;TOOL-045;TOOL-049;TOOL-002;TOOL-003;TOOL-006;TOOL-007;TOOL-012;TOOL-019;TOOL-023;TOOL-027;TOOL-030;TOOL-037;TOOL-038	SPOOL filename;sqlerrm.sqlerrmc;sqlerrm.sqlerrml;sqlwarn;test.log;test.bad;0x4102E;ERR-00015;CREATE FUNCTION;CREATE PROCEDURE;CREATE LIBRARY;END;employees.fmt;employees.dat;Oracle Database 10gR2	APB-000009;APB-000011;APB-000017	no	attachment_update	done	Stage 3 attachment route generated from completed scope row; use exact source blocks and missing-input prompts before item-level production claims.
S3-SCOPE-013	J016	S3-J015	GPTs/attachments/13_isql_iloader_basic_tools.md	13. iSQL, iLoader, and Basic Tools	SRC-000223	repo	tool_manual	migration_oracle	Migration Center User's Manual	8.1_verified	Korean authoritative; Altibase 8.1 verified source	SHARD-010	BLOCK-000576	SRC-000223/BLOCK-000576	pass	TOOL-001;TOOL-004;TOOL-005;TOOL-017;TOOL-018;TOOL-020;TOOL-022;TOOL-024;TOOL-025;TOOL-028;TOOL-031;TOOL-033;TOOL-034;TOOL-035;TOOL-036;TOOL-039;TOOL-045;TOOL-049;TOOL-002;TOOL-003;TOOL-006;TOOL-007;TOOL-012;TOOL-019;TOOL-023;TOOL-027;TOOL-030;TOOL-037;TOOL-038	SPOOL filename;sqlerrm.sqlerrmc;sqlerrm.sqlerrml;sqlwarn;test.log;test.bad;0x4102E;ERR-00015;CREATE FUNCTION;CREATE PROCEDURE;CREATE LIBRARY;END;employees.fmt;employees.dat;Oracle Database 10gR2	APB-000009;APB-000011;APB-000017	no	attachment_update	done	Stage 3 attachment route generated from completed scope row; use exact source blocks and missing-input prompts before item-level production claims.
S3-SCOPE-013	J016	S3-J015	GPTs/attachments/13_isql_iloader_basic_tools.md	13. iSQL, iLoader, and Basic Tools	SRC-000227	repo	tool_manual	utilities_datacompj	Release 7.2	8.1_verified	Korean authoritative; Altibase 8.1 verified source	SHARD-016	BLOCK-000935	SRC-000227/BLOCK-000935	pass	TOOL-001;TOOL-004;TOOL-005;TOOL-017;TOOL-018;TOOL-020;TOOL-022;TOOL-024;TOOL-025;TOOL-028;TOOL-031;TOOL-033;TOOL-034;TOOL-035;TOOL-036;TOOL-039;TOOL-045;TOOL-049;TOOL-002;TOOL-003;TOOL-006;TOOL-007;TOOL-012;TOOL-019;TOOL-023;TOOL-027;TOOL-030;TOOL-037;TOOL-038	SPOOL filename;sqlerrm.sqlerrmc;sqlerrm.sqlerrml;sqlwarn;test.log;test.bad;0x4102E;ERR-00015;CREATE FUNCTION;CREATE PROCEDURE;CREATE LIBRARY;END;employees.fmt;employees.dat;Oracle Database 10gR2	APB-000009;APB-000011;APB-000017	no	attachment_update	done	Stage 3 attachment route generated from completed scope row; use exact source blocks and missing-input prompts before item-level production claims.
S3-SCOPE-013	J016	S3-J015	GPTs/attachments/13_isql_iloader_basic_tools.md	13. iSQL, iLoader, and Basic Tools	SRC-000451	repo	release_note	release_notes_platform	1. 시스템 요구사항	7.3.0.0.1	Korean authoritative	SHARD-012	BLOCK-000824	SRC-000451/BLOCK-000824	pass	TOOL-001;TOOL-004;TOOL-005;TOOL-017;TOOL-018;TOOL-020;TOOL-022;TOOL-024;TOOL-025;TOOL-028;TOOL-031;TOOL-033;TOOL-034;TOOL-035;TOOL-036;TOOL-039;TOOL-045;TOOL-049;TOOL-002;TOOL-003;TOOL-006;TOOL-007;TOOL-012;TOOL-019;TOOL-023;TOOL-027;TOOL-030;TOOL-037;TOOL-038	SPOOL filename;sqlerrm.sqlerrmc;sqlerrm.sqlerrml;sqlwarn;test.log;test.bad;0x4102E;ERR-00015;CREATE FUNCTION;CREATE PROCEDURE;CREATE LIBRARY;END;employees.fmt;employees.dat;Oracle Database 10gR2	APB-000009;APB-000011;APB-000017	no	attachment_update	done	Stage 3 attachment route generated from completed scope row; use exact source blocks and missing-input prompts before item-level production claims.
S3-SCOPE-013	J016	S3-J015	GPTs/attachments/13_isql_iloader_basic_tools.md	13. iSQL, iLoader, and Basic Tools	SRC-000462	repo	release_note	migration_oracle	Altibase Migration Center 7.19 Release Notes	Migration Center 7.19	Korean authoritative	SHARD-010	BLOCK-000596	SRC-000462/BLOCK-000596	pass	TOOL-001;TOOL-004;TOOL-005;TOOL-017;TOOL-018;TOOL-020;TOOL-022;TOOL-024;TOOL-025;TOOL-028;TOOL-031;TOOL-033;TOOL-034;TOOL-035;TOOL-036;TOOL-039;TOOL-045;TOOL-049;TOOL-002;TOOL-003;TOOL-006;TOOL-007;TOOL-012;TOOL-019;TOOL-023;TOOL-027;TOOL-030;TOOL-037;TOOL-038	SPOOL filename;sqlerrm.sqlerrmc;sqlerrm.sqlerrml;sqlwarn;test.log;test.bad;0x4102E;ERR-00015;CREATE FUNCTION;CREATE PROCEDURE;CREATE LIBRARY;END;employees.fmt;employees.dat;Oracle Database 10gR2	APB-000009;APB-000011;APB-000017	no	attachment_update	done	Stage 3 attachment route generated from completed scope row; use exact source blocks and missing-input prompts before item-level production claims.
S3-SCOPE-013	J016	S3-J015	GPTs/attachments/13_isql_iloader_basic_tools.md	13. iSQL, iLoader, and Basic Tools	SRC-000471	repo	release_note	utilities_datacompj	Release 7.2 (Feb. 17, 2022)	dataCompJ 7.2	Korean authoritative	SHARD-016	BLOCK-000937	SRC-000471/BLOCK-000937	pass	TOOL-001;TOOL-004;TOOL-005;TOOL-017;TOOL-018;TOOL-020;TOOL-022;TOOL-024;TOOL-025;TOOL-028;TOOL-031;TOOL-033;TOOL-034;TOOL-035;TOOL-036;TOOL-039;TOOL-045;TOOL-049;TOOL-002;TOOL-003;TOOL-006;TOOL-007;TOOL-012;TOOL-019;TOOL-023;TOOL-027;TOOL-030;TOOL-037;TOOL-038	SPOOL filename;sqlerrm.sqlerrmc;sqlerrm.sqlerrml;sqlwarn;test.log;test.bad;0x4102E;ERR-00015;CREATE FUNCTION;CREATE PROCEDURE;CREATE LIBRARY;END;employees.fmt;employees.dat;Oracle Database 10gR2	APB-000009;APB-000011;APB-000017	no	attachment_update	done	Stage 3 attachment route generated from completed scope row; use exact source blocks and missing-input prompts before item-level production claims.
S3-SCOPE-013	J016	S3-J015	GPTs/attachments/14_utilities_operation_tools.md	14. Operations Utilities	SRC-000010	repo	third_party_guide	third_party_guides	NiFi User's Guide for Altibase	multi	Korean authoritative	SHARD-015	BLOCK-000921	SRC-000010/BLOCK-000921	pass	TOOL-001;TOOL-004;TOOL-005;TOOL-017;TOOL-018;TOOL-020;TOOL-022;TOOL-024;TOOL-025;TOOL-028;TOOL-031;TOOL-033;TOOL-034;TOOL-035;TOOL-036;TOOL-039;TOOL-045;TOOL-049;TOOL-002;TOOL-003;TOOL-006;TOOL-007;TOOL-012;TOOL-019;TOOL-023;TOOL-027;TOOL-030;TOOL-037;TOOL-038	SPOOL filename;sqlerrm.sqlerrmc;sqlerrm.sqlerrml;sqlwarn;test.log;test.bad;0x4102E;ERR-00015;CREATE FUNCTION;CREATE PROCEDURE;CREATE LIBRARY;END;employees.fmt;employees.dat;Oracle Database 10gR2	APB-000009;APB-000011;APB-000017	no	attachment_update	done	Stage 3 attachment route generated from completed scope row; use exact source blocks and missing-input prompts before item-level production claims.
S3-SCOPE-013	J016	S3-J015	GPTs/attachments/14_utilities_operation_tools.md	14. Operations Utilities	SRC-000013	repo	third_party_guide	third_party_guides	Spring Data JPA with Hibernate 6.4 User's Guide for Altibase	multi	Korean authoritative	SHARD-015	BLOCK-000924	SRC-000013/BLOCK-000924	pass	TOOL-001;TOOL-004;TOOL-005;TOOL-017;TOOL-018;TOOL-020;TOOL-022;TOOL-024;TOOL-025;TOOL-028;TOOL-031;TOOL-033;TOOL-034;TOOL-035;TOOL-036;TOOL-039;TOOL-045;TOOL-049;TOOL-002;TOOL-003;TOOL-006;TOOL-007;TOOL-012;TOOL-019;TOOL-023;TOOL-027;TOOL-030;TOOL-037;TOOL-038	SPOOL filename;sqlerrm.sqlerrmc;sqlerrm.sqlerrml;sqlwarn;test.log;test.bad;0x4102E;ERR-00015;CREATE FUNCTION;CREATE PROCEDURE;CREATE LIBRARY;END;employees.fmt;employees.dat;Oracle Database 10gR2	APB-000009;APB-000011;APB-000017	no	attachment_update	done	Stage 3 attachment route generated from completed scope row; use exact source blocks and missing-input prompts before item-level production claims.
S3-SCOPE-013	J016	S3-J015	GPTs/attachments/14_utilities_operation_tools.md	14. Operations Utilities	SRC-000174	repo	product_source	c_cli_odbc_precompiler	Trunk	8.1_verified	Korean authoritative; Altibase 8.1 verified source	SHARD-006	BLOCK-000488	SRC-000174/BLOCK-000488	pass	TOOL-001;TOOL-004;TOOL-005;TOOL-017;TOOL-018;TOOL-020;TOOL-022;TOOL-024;TOOL-025;TOOL-028;TOOL-031;TOOL-033;TOOL-034;TOOL-035;TOOL-036;TOOL-039;TOOL-045;TOOL-049;TOOL-002;TOOL-003;TOOL-006;TOOL-007;TOOL-012;TOOL-019;TOOL-023;TOOL-027;TOOL-030;TOOL-037;TOOL-038	SPOOL filename;sqlerrm.sqlerrmc;sqlerrm.sqlerrml;sqlwarn;test.log;test.bad;0x4102E;ERR-00015;CREATE FUNCTION;CREATE PROCEDURE;CREATE LIBRARY;END;employees.fmt;employees.dat;Oracle Database 10gR2	APB-000009;APB-000011;APB-000017	no	attachment_update	done	Stage 3 attachment route generated from completed scope row; use exact source blocks and missing-input prompts before item-level production claims.
S3-SCOPE-013	J016	S3-J015	GPTs/attachments/14_utilities_operation_tools.md	14. Operations Utilities	SRC-000176	repo	product_source	c_cli_odbc_precompiler	CLI User's Manual	8.1_verified	Korean authoritative; Altibase 8.1 verified source	SHARD-006	BLOCK-000489	SRC-000176/BLOCK-000489	pass	TOOL-001;TOOL-004;TOOL-005;TOOL-017;TOOL-018;TOOL-020;TOOL-022;TOOL-024;TOOL-025;TOOL-028;TOOL-031;TOOL-033;TOOL-034;TOOL-035;TOOL-036;TOOL-039;TOOL-045;TOOL-049;TOOL-002;TOOL-003;TOOL-006;TOOL-007;TOOL-012;TOOL-019;TOOL-023;TOOL-027;TOOL-030;TOOL-037;TOOL-038	SPOOL filename;sqlerrm.sqlerrmc;sqlerrm.sqlerrml;sqlwarn;test.log;test.bad;0x4102E;ERR-00015;CREATE FUNCTION;CREATE PROCEDURE;CREATE LIBRARY;END;employees.fmt;employees.dat;Oracle Database 10gR2	APB-000009;APB-000011;APB-000017	no	attachment_update	done	Stage 3 attachment route generated from completed scope row; use exact source blocks and missing-input prompts before item-level production claims.
S3-SCOPE-013	J016	S3-J015	GPTs/attachments/14_utilities_operation_tools.md	14. Operations Utilities	SRC-000179	repo	product_source	stored_external_procedures	C/C++ External Procedures Manual	8.1_verified	Korean authoritative; Altibase 8.1 verified source	SHARD-015	BLOCK-000906	SRC-000179/BLOCK-000906	pass	TOOL-001;TOOL-004;TOOL-005;TOOL-017;TOOL-018;TOOL-020;TOOL-022;TOOL-024;TOOL-025;TOOL-028;TOOL-031;TOOL-033;TOOL-034;TOOL-035;TOOL-036;TOOL-039;TOOL-045;TOOL-049;TOOL-002;TOOL-003;TOOL-006;TOOL-007;TOOL-012;TOOL-019;TOOL-023;TOOL-027;TOOL-030;TOOL-037;TOOL-038	SPOOL filename;sqlerrm.sqlerrmc;sqlerrm.sqlerrml;sqlwarn;test.log;test.bad;0x4102E;ERR-00015;CREATE FUNCTION;CREATE PROCEDURE;CREATE LIBRARY;END;employees.fmt;employees.dat;Oracle Database 10gR2	APB-000009;APB-000011;APB-000017	no	attachment_update	done	Stage 3 attachment route generated from completed scope row; use exact source blocks and missing-input prompts before item-level production claims.
S3-SCOPE-013	J016	S3-J015	GPTs/attachments/14_utilities_operation_tools.md	14. Operations Utilities	SRC-000183	repo	product_source	dblink_hadoop_external_connectors	Trunk	8.1_verified	Korean authoritative; Altibase 8.1 verified source	SHARD-006	BLOCK-000503	SRC-000183/BLOCK-000503	pass	TOOL-001;TOOL-004;TOOL-005;TOOL-017;TOOL-018;TOOL-020;TOOL-022;TOOL-024;TOOL-025;TOOL-028;TOOL-031;TOOL-033;TOOL-034;TOOL-035;TOOL-036;TOOL-039;TOOL-045;TOOL-049;TOOL-002;TOOL-003;TOOL-006;TOOL-007;TOOL-012;TOOL-019;TOOL-023;TOOL-027;TOOL-030;TOOL-037;TOOL-038	SPOOL filename;sqlerrm.sqlerrmc;sqlerrm.sqlerrml;sqlwarn;test.log;test.bad;0x4102E;ERR-00015;CREATE FUNCTION;CREATE PROCEDURE;CREATE LIBRARY;END;employees.fmt;employees.dat;Oracle Database 10gR2	APB-000009;APB-000011;APB-000017	no	attachment_update	done	Stage 3 attachment route generated from completed scope row; use exact source blocks and missing-input prompts before item-level production claims.
S3-SCOPE-013	J016	S3-J015	GPTs/attachments/14_utilities_operation_tools.md	14. Operations Utilities	SRC-000185	repo	product_source	jdbc_java	Trunk	8.1_verified	Korean authoritative; Altibase 8.1 verified source	SHARD-010	BLOCK-000561	SRC-000185/BLOCK-000561	pass	TOOL-001;TOOL-004;TOOL-005;TOOL-017;TOOL-018;TOOL-020;TOOL-022;TOOL-024;TOOL-025;TOOL-028;TOOL-031;TOOL-033;TOOL-034;TOOL-035;TOOL-036;TOOL-039;TOOL-045;TOOL-049;TOOL-002;TOOL-003;TOOL-006;TOOL-007;TOOL-012;TOOL-019;TOOL-023;TOOL-027;TOOL-030;TOOL-037;TOOL-038	SPOOL filename;sqlerrm.sqlerrmc;sqlerrm.sqlerrml;sqlwarn;test.log;test.bad;0x4102E;ERR-00015;CREATE FUNCTION;CREATE PROCEDURE;CREATE LIBRARY;END;employees.fmt;employees.dat;Oracle Database 10gR2	APB-000009;APB-000011;APB-000017	no	attachment_update	done	Stage 3 attachment route generated from completed scope row; use exact source blocks and missing-input prompts before item-level production claims.
S3-SCOPE-013	J016	S3-J015	GPTs/attachments/14_utilities_operation_tools.md	14. Operations Utilities	SRC-000188	repo	product_source	c_cli_odbc_precompiler	ODBC User\'s Manual	8.1_verified	Korean authoritative; Altibase 8.1 verified source	SHARD-006	BLOCK-000490	SRC-000188/BLOCK-000490	pass	TOOL-001;TOOL-004;TOOL-005;TOOL-017;TOOL-018;TOOL-020;TOOL-022;TOOL-024;TOOL-025;TOOL-028;TOOL-031;TOOL-033;TOOL-034;TOOL-035;TOOL-036;TOOL-039;TOOL-045;TOOL-049;TOOL-002;TOOL-003;TOOL-006;TOOL-007;TOOL-012;TOOL-019;TOOL-023;TOOL-027;TOOL-030;TOOL-037;TOOL-038	SPOOL filename;sqlerrm.sqlerrmc;sqlerrm.sqlerrml;sqlwarn;test.log;test.bad;0x4102E;ERR-00015;CREATE FUNCTION;CREATE PROCEDURE;CREATE LIBRARY;END;employees.fmt;employees.dat;Oracle Database 10gR2	APB-000009;APB-000011;APB-000017	no	attachment_update	done	Stage 3 attachment route generated from completed scope row; use exact source blocks and missing-input prompts before item-level production claims.
S3-SCOPE-013	J016	S3-J015	GPTs/attachments/14_utilities_operation_tools.md	14. Operations Utilities	SRC-000190	repo	product_source	c_cli_odbc_precompiler	Trunk	8.1_verified	Korean authoritative; Altibase 8.1 verified source	SHARD-006	BLOCK-000491	SRC-000190/BLOCK-000491	pass	TOOL-001;TOOL-004;TOOL-005;TOOL-017;TOOL-018;TOOL-020;TOOL-022;TOOL-024;TOOL-025;TOOL-028;TOOL-031;TOOL-033;TOOL-034;TOOL-035;TOOL-036;TOOL-039;TOOL-045;TOOL-049;TOOL-002;TOOL-003;TOOL-006;TOOL-007;TOOL-012;TOOL-019;TOOL-023;TOOL-027;TOOL-030;TOOL-037;TOOL-038	SPOOL filename;sqlerrm.sqlerrmc;sqlerrm.sqlerrml;sqlwarn;test.log;test.bad;0x4102E;ERR-00015;CREATE FUNCTION;CREATE PROCEDURE;CREATE LIBRARY;END;employees.fmt;employees.dat;Oracle Database 10gR2	APB-000009;APB-000011;APB-000017	no	attachment_update	done	Stage 3 attachment route generated from completed scope row; use exact source blocks and missing-input prompts before item-level production claims.
S3-SCOPE-013	J016	S3-J015	GPTs/attachments/14_utilities_operation_tools.md	14. Operations Utilities	SRC-000196	repo	product_source	stored_external_procedures	Trunk	8.1_verified	Korean authoritative; Altibase 8.1 verified source	SHARD-015	BLOCK-000907	SRC-000196/BLOCK-000907	pass	TOOL-001;TOOL-004;TOOL-005;TOOL-017;TOOL-018;TOOL-020;TOOL-022;TOOL-024;TOOL-025;TOOL-028;TOOL-031;TOOL-033;TOOL-034;TOOL-035;TOOL-036;TOOL-039;TOOL-045;TOOL-049;TOOL-002;TOOL-003;TOOL-006;TOOL-007;TOOL-012;TOOL-019;TOOL-023;TOOL-027;TOOL-030;TOOL-037;TOOL-038	SPOOL filename;sqlerrm.sqlerrmc;sqlerrm.sqlerrml;sqlwarn;test.log;test.bad;0x4102E;ERR-00015;CREATE FUNCTION;CREATE PROCEDURE;CREATE LIBRARY;END;employees.fmt;employees.dat;Oracle Database 10gR2	APB-000009;APB-000011;APB-000017	no	attachment_update	done	Stage 3 attachment route generated from completed scope row; use exact source blocks and missing-input prompts before item-level production claims.
S3-SCOPE-013	J016	S3-J015	GPTs/attachments/14_utilities_operation_tools.md	14. Operations Utilities	SRC-000197	repo	product_source	utilities_datacompj	Trunk	8.1_verified	Korean authoritative; Altibase 8.1 verified source	SHARD-016	BLOCK-000931	SRC-000197/BLOCK-000931	pass	TOOL-001;TOOL-004;TOOL-005;TOOL-017;TOOL-018;TOOL-020;TOOL-022;TOOL-024;TOOL-025;TOOL-028;TOOL-031;TOOL-033;TOOL-034;TOOL-035;TOOL-036;TOOL-039;TOOL-045;TOOL-049;TOOL-002;TOOL-003;TOOL-006;TOOL-007;TOOL-012;TOOL-019;TOOL-023;TOOL-027;TOOL-030;TOOL-037;TOOL-038	SPOOL filename;sqlerrm.sqlerrmc;sqlerrm.sqlerrml;sqlwarn;test.log;test.bad;0x4102E;ERR-00015;CREATE FUNCTION;CREATE PROCEDURE;CREATE LIBRARY;END;employees.fmt;employees.dat;Oracle Database 10gR2	APB-000009;APB-000011;APB-000017	no	attachment_update	done	Stage 3 attachment route generated from completed scope row; use exact source blocks and missing-input prompts before item-level production claims.
S3-SCOPE-013	J016	S3-J015	GPTs/attachments/14_utilities_operation_tools.md	14. Operations Utilities	SRC-000198	repo	product_source	isql_iloader	Trunk	8.1_verified	Korean authoritative; Altibase 8.1 verified source	SHARD-009	BLOCK-000548	SRC-000198/BLOCK-000548	pass	TOOL-001;TOOL-004;TOOL-005;TOOL-017;TOOL-018;TOOL-020;TOOL-022;TOOL-024;TOOL-025;TOOL-028;TOOL-031;TOOL-033;TOOL-034;TOOL-035;TOOL-036;TOOL-039;TOOL-045;TOOL-049;TOOL-002;TOOL-003;TOOL-006;TOOL-007;TOOL-012;TOOL-019;TOOL-023;TOOL-027;TOOL-030;TOOL-037;TOOL-038	SPOOL filename;sqlerrm.sqlerrmc;sqlerrm.sqlerrml;sqlwarn;test.log;test.bad;0x4102E;ERR-00015;CREATE FUNCTION;CREATE PROCEDURE;CREATE LIBRARY;END;employees.fmt;employees.dat;Oracle Database 10gR2	APB-000009;APB-000011;APB-000017	no	attachment_update	done	Stage 3 attachment route generated from completed scope row; use exact source blocks and missing-input prompts before item-level production claims.
S3-SCOPE-013	J016	S3-J015	GPTs/attachments/14_utilities_operation_tools.md	14. Operations Utilities	SRC-000199	repo	product_source	isql_iloader	Trunk	8.1_verified	Korean authoritative; Altibase 8.1 verified source	SHARD-009	BLOCK-000549	SRC-000199/BLOCK-000549	pass	TOOL-001;TOOL-004;TOOL-005;TOOL-017;TOOL-018;TOOL-020;TOOL-022;TOOL-024;TOOL-025;TOOL-028;TOOL-031;TOOL-033;TOOL-034;TOOL-035;TOOL-036;TOOL-039;TOOL-045;TOOL-049;TOOL-002;TOOL-003;TOOL-006;TOOL-007;TOOL-012;TOOL-019;TOOL-023;TOOL-027;TOOL-030;TOOL-037;TOOL-038	SPOOL filename;sqlerrm.sqlerrmc;sqlerrm.sqlerrml;sqlwarn;test.log;test.bad;0x4102E;ERR-00015;CREATE FUNCTION;CREATE PROCEDURE;CREATE LIBRARY;END;employees.fmt;employees.dat;Oracle Database 10gR2	APB-000009;APB-000011;APB-000017	no	attachment_update	done	Stage 3 attachment route generated from completed scope row; use exact source blocks and missing-input prompts before item-level production claims.
S3-SCOPE-013	J016	S3-J015	GPTs/attachments/14_utilities_operation_tools.md	14. Operations Utilities	SRC-000223	repo	tool_manual	migration_oracle	Migration Center User's Manual	8.1_verified	Korean authoritative; Altibase 8.1 verified source	SHARD-010	BLOCK-000576	SRC-000223/BLOCK-000576	pass	TOOL-001;TOOL-004;TOOL-005;TOOL-017;TOOL-018;TOOL-020;TOOL-022;TOOL-024;TOOL-025;TOOL-028;TOOL-031;TOOL-033;TOOL-034;TOOL-035;TOOL-036;TOOL-039;TOOL-045;TOOL-049;TOOL-002;TOOL-003;TOOL-006;TOOL-007;TOOL-012;TOOL-019;TOOL-023;TOOL-027;TOOL-030;TOOL-037;TOOL-038	SPOOL filename;sqlerrm.sqlerrmc;sqlerrm.sqlerrml;sqlwarn;test.log;test.bad;0x4102E;ERR-00015;CREATE FUNCTION;CREATE PROCEDURE;CREATE LIBRARY;END;employees.fmt;employees.dat;Oracle Database 10gR2	APB-000009;APB-000011;APB-000017	no	attachment_update	done	Stage 3 attachment route generated from completed scope row; use exact source blocks and missing-input prompts before item-level production claims.
S3-SCOPE-013	J016	S3-J015	GPTs/attachments/14_utilities_operation_tools.md	14. Operations Utilities	SRC-000227	repo	tool_manual	utilities_datacompj	Release 7.2	8.1_verified	Korean authoritative; Altibase 8.1 verified source	SHARD-016	BLOCK-000935	SRC-000227/BLOCK-000935	pass	TOOL-001;TOOL-004;TOOL-005;TOOL-017;TOOL-018;TOOL-020;TOOL-022;TOOL-024;TOOL-025;TOOL-028;TOOL-031;TOOL-033;TOOL-034;TOOL-035;TOOL-036;TOOL-039;TOOL-045;TOOL-049;TOOL-002;TOOL-003;TOOL-006;TOOL-007;TOOL-012;TOOL-019;TOOL-023;TOOL-027;TOOL-030;TOOL-037;TOOL-038	SPOOL filename;sqlerrm.sqlerrmc;sqlerrm.sqlerrml;sqlwarn;test.log;test.bad;0x4102E;ERR-00015;CREATE FUNCTION;CREATE PROCEDURE;CREATE LIBRARY;END;employees.fmt;employees.dat;Oracle Database 10gR2	APB-000009;APB-000011;APB-000017	no	attachment_update	done	Stage 3 attachment route generated from completed scope row; use exact source blocks and missing-input prompts before item-level production claims.
S3-SCOPE-013	J016	S3-J015	GPTs/attachments/14_utilities_operation_tools.md	14. Operations Utilities	SRC-000451	repo	release_note	release_notes_platform	1. 시스템 요구사항	7.3.0.0.1	Korean authoritative	SHARD-012	BLOCK-000824	SRC-000451/BLOCK-000824	pass	TOOL-001;TOOL-004;TOOL-005;TOOL-017;TOOL-018;TOOL-020;TOOL-022;TOOL-024;TOOL-025;TOOL-028;TOOL-031;TOOL-033;TOOL-034;TOOL-035;TOOL-036;TOOL-039;TOOL-045;TOOL-049;TOOL-002;TOOL-003;TOOL-006;TOOL-007;TOOL-012;TOOL-019;TOOL-023;TOOL-027;TOOL-030;TOOL-037;TOOL-038	SPOOL filename;sqlerrm.sqlerrmc;sqlerrm.sqlerrml;sqlwarn;test.log;test.bad;0x4102E;ERR-00015;CREATE FUNCTION;CREATE PROCEDURE;CREATE LIBRARY;END;employees.fmt;employees.dat;Oracle Database 10gR2	APB-000009;APB-000011;APB-000017	no	attachment_update	done	Stage 3 attachment route generated from completed scope row; use exact source blocks and missing-input prompts before item-level production claims.
S3-SCOPE-013	J016	S3-J015	GPTs/attachments/14_utilities_operation_tools.md	14. Operations Utilities	SRC-000462	repo	release_note	migration_oracle	Altibase Migration Center 7.19 Release Notes	Migration Center 7.19	Korean authoritative	SHARD-010	BLOCK-000596	SRC-000462/BLOCK-000596	pass	TOOL-001;TOOL-004;TOOL-005;TOOL-017;TOOL-018;TOOL-020;TOOL-022;TOOL-024;TOOL-025;TOOL-028;TOOL-031;TOOL-033;TOOL-034;TOOL-035;TOOL-036;TOOL-039;TOOL-045;TOOL-049;TOOL-002;TOOL-003;TOOL-006;TOOL-007;TOOL-012;TOOL-019;TOOL-023;TOOL-027;TOOL-030;TOOL-037;TOOL-038	SPOOL filename;sqlerrm.sqlerrmc;sqlerrm.sqlerrml;sqlwarn;test.log;test.bad;0x4102E;ERR-00015;CREATE FUNCTION;CREATE PROCEDURE;CREATE LIBRARY;END;employees.fmt;employees.dat;Oracle Database 10gR2	APB-000009;APB-000011;APB-000017	no	attachment_update	done	Stage 3 attachment route generated from completed scope row; use exact source blocks and missing-input prompts before item-level production claims.
S3-SCOPE-013	J016	S3-J015	GPTs/attachments/14_utilities_operation_tools.md	14. Operations Utilities	SRC-000471	repo	release_note	utilities_datacompj	Release 7.2 (Feb. 17, 2022)	dataCompJ 7.2	Korean authoritative	SHARD-016	BLOCK-000937	SRC-000471/BLOCK-000937	pass	TOOL-001;TOOL-004;TOOL-005;TOOL-017;TOOL-018;TOOL-020;TOOL-022;TOOL-024;TOOL-025;TOOL-028;TOOL-031;TOOL-033;TOOL-034;TOOL-035;TOOL-036;TOOL-039;TOOL-045;TOOL-049;TOOL-002;TOOL-003;TOOL-006;TOOL-007;TOOL-012;TOOL-019;TOOL-023;TOOL-027;TOOL-030;TOOL-037;TOOL-038	SPOOL filename;sqlerrm.sqlerrmc;sqlerrm.sqlerrml;sqlwarn;test.log;test.bad;0x4102E;ERR-00015;CREATE FUNCTION;CREATE PROCEDURE;CREATE LIBRARY;END;employees.fmt;employees.dat;Oracle Database 10gR2	APB-000009;APB-000011;APB-000017	no	attachment_update	done	Stage 3 attachment route generated from completed scope row; use exact source blocks and missing-input prompts before item-level production claims.
S3-SCOPE-014	J017	S3-J016	GPTs/attachments/11_java_jdbc_spring.md	11. Java, JDBC, and Spring	SRC-000008	repo	third_party_guide	third_party_guides	Altibase aku Sample Guide for Kubernetes	multi	Korean authoritative	SHARD-015	BLOCK-000919	SRC-000008/BLOCK-000919	pass	TOOL-046;TOOL-009;TOOL-010;TOOL-013;TOOL-015;TOOL-041;TOOL-048;TOOL-050;TOOL-011;TOOL-014;TOOL-043;TOOL-047	jdbc:Altibase://localhost:20300/mydb?fetch_enough=0&time_zone=DB_TZ;(database1:20300, database2:20300);setPoolable;100MBytes;TableauDesktop-64bit-2021-4-4;C:\Program Files\Tableau\Drivers;Shapefile;altiShapeLoader.properties;ssl_enable;binding	APB-000010;APB-000012;APB-000017	yes	attachment_update	done	Stage 3 attachment route generated from completed scope row; use exact source blocks and missing-input prompts before item-level production claims.
S3-SCOPE-014	J017	S3-J016	GPTs/attachments/11_java_jdbc_spring.md	11. Java, JDBC, and Spring	SRC-000013	repo	third_party_guide	third_party_guides	Spring Data JPA with Hibernate 6.4 User's Guide for Altibase	multi	Korean authoritative	SHARD-015	BLOCK-000924	SRC-000013/BLOCK-000924	pass	TOOL-046;TOOL-009;TOOL-010;TOOL-013;TOOL-015;TOOL-041;TOOL-048;TOOL-050;TOOL-011;TOOL-014;TOOL-043;TOOL-047	jdbc:Altibase://localhost:20300/mydb?fetch_enough=0&time_zone=DB_TZ;(database1:20300, database2:20300);setPoolable;100MBytes;TableauDesktop-64bit-2021-4-4;C:\Program Files\Tableau\Drivers;Shapefile;altiShapeLoader.properties;ssl_enable;binding	APB-000010;APB-000012;APB-000017	yes	attachment_update	done	Stage 3 attachment route generated from completed scope row; use exact source blocks and missing-input prompts before item-level production claims.
S3-SCOPE-014	J017	S3-J016	GPTs/attachments/11_java_jdbc_spring.md	11. Java, JDBC, and Spring	SRC-000014	repo	third_party_guide	third_party_guides	Tableau User's Guide for Altibase	multi	Korean authoritative	SHARD-015	BLOCK-000925	SRC-000014/BLOCK-000925	pass	TOOL-046;TOOL-009;TOOL-010;TOOL-013;TOOL-015;TOOL-041;TOOL-048;TOOL-050;TOOL-011;TOOL-014;TOOL-043;TOOL-047	jdbc:Altibase://localhost:20300/mydb?fetch_enough=0&time_zone=DB_TZ;(database1:20300, database2:20300);setPoolable;100MBytes;TableauDesktop-64bit-2021-4-4;C:\Program Files\Tableau\Drivers;Shapefile;altiShapeLoader.properties;ssl_enable;binding	APB-000010;APB-000012;APB-000017	yes	attachment_update	done	Stage 3 attachment route generated from completed scope row; use exact source blocks and missing-input prompts before item-level production claims.
S3-SCOPE-014	J017	S3-J016	GPTs/attachments/11_java_jdbc_spring.md	11. Java, JDBC, and Spring	SRC-000172	repo	product_source	migration_oracle	Trunk	8.1_verified	Korean authoritative; Altibase 8.1 verified source	SHARD-010	BLOCK-000574	SRC-000172/BLOCK-000574	pass	TOOL-046;TOOL-009;TOOL-010;TOOL-013;TOOL-015;TOOL-041;TOOL-048;TOOL-050;TOOL-011;TOOL-014;TOOL-043;TOOL-047	jdbc:Altibase://localhost:20300/mydb?fetch_enough=0&time_zone=DB_TZ;(database1:20300, database2:20300);setPoolable;100MBytes;TableauDesktop-64bit-2021-4-4;C:\Program Files\Tableau\Drivers;Shapefile;altiShapeLoader.properties;ssl_enable;binding	APB-000010;APB-000012;APB-000017	yes	attachment_update	done	Stage 3 attachment route generated from completed scope row; use exact source blocks and missing-input prompts before item-level production claims.
S3-SCOPE-014	J017	S3-J016	GPTs/attachments/11_java_jdbc_spring.md	11. Java, JDBC, and Spring	SRC-000177	repo	product_source	dblink_hadoop_external_connectors	Trunk	8.1_verified	Korean authoritative; Altibase 8.1 verified source	SHARD-006	BLOCK-000502	SRC-000177/BLOCK-000502	pass	TOOL-046;TOOL-009;TOOL-010;TOOL-013;TOOL-015;TOOL-041;TOOL-048;TOOL-050;TOOL-011;TOOL-014;TOOL-043;TOOL-047	jdbc:Altibase://localhost:20300/mydb?fetch_enough=0&time_zone=DB_TZ;(database1:20300, database2:20300);setPoolable;100MBytes;TableauDesktop-64bit-2021-4-4;C:\Program Files\Tableau\Drivers;Shapefile;altiShapeLoader.properties;ssl_enable;binding	APB-000010;APB-000012;APB-000017	yes	attachment_update	done	Stage 3 attachment route generated from completed scope row; use exact source blocks and missing-input prompts before item-level production claims.
S3-SCOPE-014	J017	S3-J016	GPTs/attachments/11_java_jdbc_spring.md	11. Java, JDBC, and Spring	SRC-000185	repo	product_source	jdbc_java	Trunk	8.1_verified	Korean authoritative; Altibase 8.1 verified source	SHARD-010	BLOCK-000561	SRC-000185/BLOCK-000561	pass	TOOL-046;TOOL-009;TOOL-010;TOOL-013;TOOL-015;TOOL-041;TOOL-048;TOOL-050;TOOL-011;TOOL-014;TOOL-043;TOOL-047	jdbc:Altibase://localhost:20300/mydb?fetch_enough=0&time_zone=DB_TZ;(database1:20300, database2:20300);setPoolable;100MBytes;TableauDesktop-64bit-2021-4-4;C:\Program Files\Tableau\Drivers;Shapefile;altiShapeLoader.properties;ssl_enable;binding	APB-000010;APB-000012;APB-000017	yes	attachment_update	done	Stage 3 attachment route generated from completed scope row; use exact source blocks and missing-input prompts before item-level production claims.
S3-SCOPE-014	J017	S3-J016	GPTs/attachments/11_java_jdbc_spring.md	11. Java, JDBC, and Spring	SRC-000195	repo	product_source	spatial_nifi_tableau	Spatial SQL Reference	8.1_verified	Korean authoritative; Altibase 8.1 verified source	SHARD-013	BLOCK-000876	SRC-000195/BLOCK-000876	pass	TOOL-046;TOOL-009;TOOL-010;TOOL-013;TOOL-015;TOOL-041;TOOL-048;TOOL-050;TOOL-011;TOOL-014;TOOL-043;TOOL-047	jdbc:Altibase://localhost:20300/mydb?fetch_enough=0&time_zone=DB_TZ;(database1:20300, database2:20300);setPoolable;100MBytes;TableauDesktop-64bit-2021-4-4;C:\Program Files\Tableau\Drivers;Shapefile;altiShapeLoader.properties;ssl_enable;binding	APB-000010;APB-000012;APB-000017	yes	attachment_update	done	Stage 3 attachment route generated from completed scope row; use exact source blocks and missing-input prompts before item-level production claims.
S3-SCOPE-014	J017	S3-J016	GPTs/attachments/11_java_jdbc_spring.md	11. Java, JDBC, and Spring	SRC-000197	repo	product_source	utilities_datacompj	Trunk	8.1_verified	Korean authoritative; Altibase 8.1 verified source	SHARD-016	BLOCK-000931	SRC-000197/BLOCK-000931	pass	TOOL-046;TOOL-009;TOOL-010;TOOL-013;TOOL-015;TOOL-041;TOOL-048;TOOL-050;TOOL-011;TOOL-014;TOOL-043;TOOL-047	jdbc:Altibase://localhost:20300/mydb?fetch_enough=0&time_zone=DB_TZ;(database1:20300, database2:20300);setPoolable;100MBytes;TableauDesktop-64bit-2021-4-4;C:\Program Files\Tableau\Drivers;Shapefile;altiShapeLoader.properties;ssl_enable;binding	APB-000010;APB-000012;APB-000017	yes	attachment_update	done	Stage 3 attachment route generated from completed scope row; use exact source blocks and missing-input prompts before item-level production claims.
S3-SCOPE-014	J017	S3-J016	GPTs/attachments/11_java_jdbc_spring.md	11. Java, JDBC, and Spring	SRC-000226	repo	tool_manual	spatial_nifi_tableau	Release 1.0	8.1_verified	Korean authoritative; Altibase 8.1 verified source	SHARD-013	BLOCK-000878	SRC-000226/BLOCK-000878	pass	TOOL-046;TOOL-009;TOOL-010;TOOL-013;TOOL-015;TOOL-041;TOOL-048;TOOL-050;TOOL-011;TOOL-014;TOOL-043;TOOL-047	jdbc:Altibase://localhost:20300/mydb?fetch_enough=0&time_zone=DB_TZ;(database1:20300, database2:20300);setPoolable;100MBytes;TableauDesktop-64bit-2021-4-4;C:\Program Files\Tableau\Drivers;Shapefile;altiShapeLoader.properties;ssl_enable;binding	APB-000010;APB-000012;APB-000017	yes	attachment_update	done	Stage 3 attachment route generated from completed scope row; use exact source blocks and missing-input prompts before item-level production claims.
S3-SCOPE-014	J017	S3-J016	GPTs/attachments/11_java_jdbc_spring.md	11. Java, JDBC, and Spring	SRC-000452	repo	release_note	release_notes_platform	1. 시스템 요구사항	8.1.0.0.1	Korean authoritative; Altibase 8.1 verified source	SHARD-012	BLOCK-000826	SRC-000452/BLOCK-000826	pass	TOOL-046;TOOL-009;TOOL-010;TOOL-013;TOOL-015;TOOL-041;TOOL-048;TOOL-050;TOOL-011;TOOL-014;TOOL-043;TOOL-047	jdbc:Altibase://localhost:20300/mydb?fetch_enough=0&time_zone=DB_TZ;(database1:20300, database2:20300);setPoolable;100MBytes;TableauDesktop-64bit-2021-4-4;C:\Program Files\Tableau\Drivers;Shapefile;altiShapeLoader.properties;ssl_enable;binding	APB-000010;APB-000012;APB-000017	yes	attachment_update	done	Stage 3 attachment route generated from completed scope row; use exact source blocks and missing-input prompts before item-level production claims.
S3-SCOPE-014	J017	S3-J016	GPTs/attachments/11_java_jdbc_spring.md	11. Java, JDBC, and Spring	SRC-000473	repo	technical_document	jdbc_java	Altibase 버전 별 Java 호환성	multi	Korean authoritative	SHARD-010	BLOCK-000562	SRC-000473/BLOCK-000562	pass	TOOL-046;TOOL-009;TOOL-010;TOOL-013;TOOL-015;TOOL-041;TOOL-048;TOOL-050;TOOL-011;TOOL-014;TOOL-043;TOOL-047	jdbc:Altibase://localhost:20300/mydb?fetch_enough=0&time_zone=DB_TZ;(database1:20300, database2:20300);setPoolable;100MBytes;TableauDesktop-64bit-2021-4-4;C:\Program Files\Tableau\Drivers;Shapefile;altiShapeLoader.properties;ssl_enable;binding	APB-000010;APB-000012;APB-000017	yes	attachment_update	done	Stage 3 attachment route generated from completed scope row; use exact source blocks and missing-input prompts before item-level production claims.
S3-SCOPE-014	J017	S3-J016	GPTs/attachments/15_migration_oracle_compatibility.md	15. Migration and Oracle Compatibility	SRC-000008	repo	third_party_guide	third_party_guides	Altibase aku Sample Guide for Kubernetes	multi	Korean authoritative	SHARD-015	BLOCK-000919	SRC-000008/BLOCK-000919	pass	TOOL-046;TOOL-009;TOOL-010;TOOL-013;TOOL-015;TOOL-041;TOOL-048;TOOL-050;TOOL-011;TOOL-014;TOOL-043;TOOL-047	jdbc:Altibase://localhost:20300/mydb?fetch_enough=0&time_zone=DB_TZ;(database1:20300, database2:20300);setPoolable;100MBytes;TableauDesktop-64bit-2021-4-4;C:\Program Files\Tableau\Drivers;Shapefile;altiShapeLoader.properties;ssl_enable;binding	APB-000010;APB-000012;APB-000017	yes	attachment_update	done	Stage 3 attachment route generated from completed scope row; use exact source blocks and missing-input prompts before item-level production claims.
S3-SCOPE-014	J017	S3-J016	GPTs/attachments/15_migration_oracle_compatibility.md	15. Migration and Oracle Compatibility	SRC-000013	repo	third_party_guide	third_party_guides	Spring Data JPA with Hibernate 6.4 User's Guide for Altibase	multi	Korean authoritative	SHARD-015	BLOCK-000924	SRC-000013/BLOCK-000924	pass	TOOL-046;TOOL-009;TOOL-010;TOOL-013;TOOL-015;TOOL-041;TOOL-048;TOOL-050;TOOL-011;TOOL-014;TOOL-043;TOOL-047	jdbc:Altibase://localhost:20300/mydb?fetch_enough=0&time_zone=DB_TZ;(database1:20300, database2:20300);setPoolable;100MBytes;TableauDesktop-64bit-2021-4-4;C:\Program Files\Tableau\Drivers;Shapefile;altiShapeLoader.properties;ssl_enable;binding	APB-000010;APB-000012;APB-000017	yes	attachment_update	done	Stage 3 attachment route generated from completed scope row; use exact source blocks and missing-input prompts before item-level production claims.
S3-SCOPE-014	J017	S3-J016	GPTs/attachments/15_migration_oracle_compatibility.md	15. Migration and Oracle Compatibility	SRC-000014	repo	third_party_guide	third_party_guides	Tableau User's Guide for Altibase	multi	Korean authoritative	SHARD-015	BLOCK-000925	SRC-000014/BLOCK-000925	pass	TOOL-046;TOOL-009;TOOL-010;TOOL-013;TOOL-015;TOOL-041;TOOL-048;TOOL-050;TOOL-011;TOOL-014;TOOL-043;TOOL-047	jdbc:Altibase://localhost:20300/mydb?fetch_enough=0&time_zone=DB_TZ;(database1:20300, database2:20300);setPoolable;100MBytes;TableauDesktop-64bit-2021-4-4;C:\Program Files\Tableau\Drivers;Shapefile;altiShapeLoader.properties;ssl_enable;binding	APB-000010;APB-000012;APB-000017	yes	attachment_update	done	Stage 3 attachment route generated from completed scope row; use exact source blocks and missing-input prompts before item-level production claims.
S3-SCOPE-014	J017	S3-J016	GPTs/attachments/15_migration_oracle_compatibility.md	15. Migration and Oracle Compatibility	SRC-000172	repo	product_source	migration_oracle	Trunk	8.1_verified	Korean authoritative; Altibase 8.1 verified source	SHARD-010	BLOCK-000574	SRC-000172/BLOCK-000574	pass	TOOL-046;TOOL-009;TOOL-010;TOOL-013;TOOL-015;TOOL-041;TOOL-048;TOOL-050;TOOL-011;TOOL-014;TOOL-043;TOOL-047	jdbc:Altibase://localhost:20300/mydb?fetch_enough=0&time_zone=DB_TZ;(database1:20300, database2:20300);setPoolable;100MBytes;TableauDesktop-64bit-2021-4-4;C:\Program Files\Tableau\Drivers;Shapefile;altiShapeLoader.properties;ssl_enable;binding	APB-000010;APB-000012;APB-000017	yes	attachment_update	done	Stage 3 attachment route generated from completed scope row; use exact source blocks and missing-input prompts before item-level production claims.
S3-SCOPE-014	J017	S3-J016	GPTs/attachments/15_migration_oracle_compatibility.md	15. Migration and Oracle Compatibility	SRC-000177	repo	product_source	dblink_hadoop_external_connectors	Trunk	8.1_verified	Korean authoritative; Altibase 8.1 verified source	SHARD-006	BLOCK-000502	SRC-000177/BLOCK-000502	pass	TOOL-046;TOOL-009;TOOL-010;TOOL-013;TOOL-015;TOOL-041;TOOL-048;TOOL-050;TOOL-011;TOOL-014;TOOL-043;TOOL-047	jdbc:Altibase://localhost:20300/mydb?fetch_enough=0&time_zone=DB_TZ;(database1:20300, database2:20300);setPoolable;100MBytes;TableauDesktop-64bit-2021-4-4;C:\Program Files\Tableau\Drivers;Shapefile;altiShapeLoader.properties;ssl_enable;binding	APB-000010;APB-000012;APB-000017	yes	attachment_update	done	Stage 3 attachment route generated from completed scope row; use exact source blocks and missing-input prompts before item-level production claims.
S3-SCOPE-014	J017	S3-J016	GPTs/attachments/15_migration_oracle_compatibility.md	15. Migration and Oracle Compatibility	SRC-000185	repo	product_source	jdbc_java	Trunk	8.1_verified	Korean authoritative; Altibase 8.1 verified source	SHARD-010	BLOCK-000561	SRC-000185/BLOCK-000561	pass	TOOL-046;TOOL-009;TOOL-010;TOOL-013;TOOL-015;TOOL-041;TOOL-048;TOOL-050;TOOL-011;TOOL-014;TOOL-043;TOOL-047	jdbc:Altibase://localhost:20300/mydb?fetch_enough=0&time_zone=DB_TZ;(database1:20300, database2:20300);setPoolable;100MBytes;TableauDesktop-64bit-2021-4-4;C:\Program Files\Tableau\Drivers;Shapefile;altiShapeLoader.properties;ssl_enable;binding	APB-000010;APB-000012;APB-000017	yes	attachment_update	done	Stage 3 attachment route generated from completed scope row; use exact source blocks and missing-input prompts before item-level production claims.
S3-SCOPE-014	J017	S3-J016	GPTs/attachments/15_migration_oracle_compatibility.md	15. Migration and Oracle Compatibility	SRC-000195	repo	product_source	spatial_nifi_tableau	Spatial SQL Reference	8.1_verified	Korean authoritative; Altibase 8.1 verified source	SHARD-013	BLOCK-000876	SRC-000195/BLOCK-000876	pass	TOOL-046;TOOL-009;TOOL-010;TOOL-013;TOOL-015;TOOL-041;TOOL-048;TOOL-050;TOOL-011;TOOL-014;TOOL-043;TOOL-047	jdbc:Altibase://localhost:20300/mydb?fetch_enough=0&time_zone=DB_TZ;(database1:20300, database2:20300);setPoolable;100MBytes;TableauDesktop-64bit-2021-4-4;C:\Program Files\Tableau\Drivers;Shapefile;altiShapeLoader.properties;ssl_enable;binding	APB-000010;APB-000012;APB-000017	yes	attachment_update	done	Stage 3 attachment route generated from completed scope row; use exact source blocks and missing-input prompts before item-level production claims.
S3-SCOPE-014	J017	S3-J016	GPTs/attachments/15_migration_oracle_compatibility.md	15. Migration and Oracle Compatibility	SRC-000197	repo	product_source	utilities_datacompj	Trunk	8.1_verified	Korean authoritative; Altibase 8.1 verified source	SHARD-016	BLOCK-000931	SRC-000197/BLOCK-000931	pass	TOOL-046;TOOL-009;TOOL-010;TOOL-013;TOOL-015;TOOL-041;TOOL-048;TOOL-050;TOOL-011;TOOL-014;TOOL-043;TOOL-047	jdbc:Altibase://localhost:20300/mydb?fetch_enough=0&time_zone=DB_TZ;(database1:20300, database2:20300);setPoolable;100MBytes;TableauDesktop-64bit-2021-4-4;C:\Program Files\Tableau\Drivers;Shapefile;altiShapeLoader.properties;ssl_enable;binding	APB-000010;APB-000012;APB-000017	yes	attachment_update	done	Stage 3 attachment route generated from completed scope row; use exact source blocks and missing-input prompts before item-level production claims.
S3-SCOPE-014	J017	S3-J016	GPTs/attachments/15_migration_oracle_compatibility.md	15. Migration and Oracle Compatibility	SRC-000226	repo	tool_manual	spatial_nifi_tableau	Release 1.0	8.1_verified	Korean authoritative; Altibase 8.1 verified source	SHARD-013	BLOCK-000878	SRC-000226/BLOCK-000878	pass	TOOL-046;TOOL-009;TOOL-010;TOOL-013;TOOL-015;TOOL-041;TOOL-048;TOOL-050;TOOL-011;TOOL-014;TOOL-043;TOOL-047	jdbc:Altibase://localhost:20300/mydb?fetch_enough=0&time_zone=DB_TZ;(database1:20300, database2:20300);setPoolable;100MBytes;TableauDesktop-64bit-2021-4-4;C:\Program Files\Tableau\Drivers;Shapefile;altiShapeLoader.properties;ssl_enable;binding	APB-000010;APB-000012;APB-000017	yes	attachment_update	done	Stage 3 attachment route generated from completed scope row; use exact source blocks and missing-input prompts before item-level production claims.
S3-SCOPE-014	J017	S3-J016	GPTs/attachments/15_migration_oracle_compatibility.md	15. Migration and Oracle Compatibility	SRC-000452	repo	release_note	release_notes_platform	1. 시스템 요구사항	8.1.0.0.1	Korean authoritative; Altibase 8.1 verified source	SHARD-012	BLOCK-000826	SRC-000452/BLOCK-000826	pass	TOOL-046;TOOL-009;TOOL-010;TOOL-013;TOOL-015;TOOL-041;TOOL-048;TOOL-050;TOOL-011;TOOL-014;TOOL-043;TOOL-047	jdbc:Altibase://localhost:20300/mydb?fetch_enough=0&time_zone=DB_TZ;(database1:20300, database2:20300);setPoolable;100MBytes;TableauDesktop-64bit-2021-4-4;C:\Program Files\Tableau\Drivers;Shapefile;altiShapeLoader.properties;ssl_enable;binding	APB-000010;APB-000012;APB-000017	yes	attachment_update	done	Stage 3 attachment route generated from completed scope row; use exact source blocks and missing-input prompts before item-level production claims.
S3-SCOPE-014	J017	S3-J016	GPTs/attachments/15_migration_oracle_compatibility.md	15. Migration and Oracle Compatibility	SRC-000473	repo	technical_document	jdbc_java	Altibase 버전 별 Java 호환성	multi	Korean authoritative	SHARD-010	BLOCK-000562	SRC-000473/BLOCK-000562	pass	TOOL-046;TOOL-009;TOOL-010;TOOL-013;TOOL-015;TOOL-041;TOOL-048;TOOL-050;TOOL-011;TOOL-014;TOOL-043;TOOL-047	jdbc:Altibase://localhost:20300/mydb?fetch_enough=0&time_zone=DB_TZ;(database1:20300, database2:20300);setPoolable;100MBytes;TableauDesktop-64bit-2021-4-4;C:\Program Files\Tableau\Drivers;Shapefile;altiShapeLoader.properties;ssl_enable;binding	APB-000010;APB-000012;APB-000017	yes	attachment_update	done	Stage 3 attachment route generated from completed scope row; use exact source blocks and missing-input prompts before item-level production claims.
S3-SCOPE-014	J017	S3-J016	GPTs/attachments/16_dblink_external_connectors.md	16. DB Link and External Connectors	SRC-000008	repo	third_party_guide	third_party_guides	Altibase aku Sample Guide for Kubernetes	multi	Korean authoritative	SHARD-015	BLOCK-000919	SRC-000008/BLOCK-000919	pass	TOOL-046;TOOL-009;TOOL-010;TOOL-013;TOOL-015;TOOL-041;TOOL-048;TOOL-050;TOOL-011;TOOL-014;TOOL-043;TOOL-047	jdbc:Altibase://localhost:20300/mydb?fetch_enough=0&time_zone=DB_TZ;(database1:20300, database2:20300);setPoolable;100MBytes;TableauDesktop-64bit-2021-4-4;C:\Program Files\Tableau\Drivers;Shapefile;altiShapeLoader.properties;ssl_enable;binding	APB-000010;APB-000012;APB-000017	yes	attachment_update	done	Stage 3 attachment route generated from completed scope row; use exact source blocks and missing-input prompts before item-level production claims.
S3-SCOPE-014	J017	S3-J016	GPTs/attachments/16_dblink_external_connectors.md	16. DB Link and External Connectors	SRC-000013	repo	third_party_guide	third_party_guides	Spring Data JPA with Hibernate 6.4 User's Guide for Altibase	multi	Korean authoritative	SHARD-015	BLOCK-000924	SRC-000013/BLOCK-000924	pass	TOOL-046;TOOL-009;TOOL-010;TOOL-013;TOOL-015;TOOL-041;TOOL-048;TOOL-050;TOOL-011;TOOL-014;TOOL-043;TOOL-047	jdbc:Altibase://localhost:20300/mydb?fetch_enough=0&time_zone=DB_TZ;(database1:20300, database2:20300);setPoolable;100MBytes;TableauDesktop-64bit-2021-4-4;C:\Program Files\Tableau\Drivers;Shapefile;altiShapeLoader.properties;ssl_enable;binding	APB-000010;APB-000012;APB-000017	yes	attachment_update	done	Stage 3 attachment route generated from completed scope row; use exact source blocks and missing-input prompts before item-level production claims.
S3-SCOPE-014	J017	S3-J016	GPTs/attachments/16_dblink_external_connectors.md	16. DB Link and External Connectors	SRC-000014	repo	third_party_guide	third_party_guides	Tableau User's Guide for Altibase	multi	Korean authoritative	SHARD-015	BLOCK-000925	SRC-000014/BLOCK-000925	pass	TOOL-046;TOOL-009;TOOL-010;TOOL-013;TOOL-015;TOOL-041;TOOL-048;TOOL-050;TOOL-011;TOOL-014;TOOL-043;TOOL-047	jdbc:Altibase://localhost:20300/mydb?fetch_enough=0&time_zone=DB_TZ;(database1:20300, database2:20300);setPoolable;100MBytes;TableauDesktop-64bit-2021-4-4;C:\Program Files\Tableau\Drivers;Shapefile;altiShapeLoader.properties;ssl_enable;binding	APB-000010;APB-000012;APB-000017	yes	attachment_update	done	Stage 3 attachment route generated from completed scope row; use exact source blocks and missing-input prompts before item-level production claims.
S3-SCOPE-014	J017	S3-J016	GPTs/attachments/16_dblink_external_connectors.md	16. DB Link and External Connectors	SRC-000172	repo	product_source	migration_oracle	Trunk	8.1_verified	Korean authoritative; Altibase 8.1 verified source	SHARD-010	BLOCK-000574	SRC-000172/BLOCK-000574	pass	TOOL-046;TOOL-009;TOOL-010;TOOL-013;TOOL-015;TOOL-041;TOOL-048;TOOL-050;TOOL-011;TOOL-014;TOOL-043;TOOL-047	jdbc:Altibase://localhost:20300/mydb?fetch_enough=0&time_zone=DB_TZ;(database1:20300, database2:20300);setPoolable;100MBytes;TableauDesktop-64bit-2021-4-4;C:\Program Files\Tableau\Drivers;Shapefile;altiShapeLoader.properties;ssl_enable;binding	APB-000010;APB-000012;APB-000017	yes	attachment_update	done	Stage 3 attachment route generated from completed scope row; use exact source blocks and missing-input prompts before item-level production claims.
S3-SCOPE-014	J017	S3-J016	GPTs/attachments/16_dblink_external_connectors.md	16. DB Link and External Connectors	SRC-000177	repo	product_source	dblink_hadoop_external_connectors	Trunk	8.1_verified	Korean authoritative; Altibase 8.1 verified source	SHARD-006	BLOCK-000502	SRC-000177/BLOCK-000502	pass	TOOL-046;TOOL-009;TOOL-010;TOOL-013;TOOL-015;TOOL-041;TOOL-048;TOOL-050;TOOL-011;TOOL-014;TOOL-043;TOOL-047	jdbc:Altibase://localhost:20300/mydb?fetch_enough=0&time_zone=DB_TZ;(database1:20300, database2:20300);setPoolable;100MBytes;TableauDesktop-64bit-2021-4-4;C:\Program Files\Tableau\Drivers;Shapefile;altiShapeLoader.properties;ssl_enable;binding	APB-000010;APB-000012;APB-000017	yes	attachment_update	done	Stage 3 attachment route generated from completed scope row; use exact source blocks and missing-input prompts before item-level production claims.
S3-SCOPE-014	J017	S3-J016	GPTs/attachments/16_dblink_external_connectors.md	16. DB Link and External Connectors	SRC-000185	repo	product_source	jdbc_java	Trunk	8.1_verified	Korean authoritative; Altibase 8.1 verified source	SHARD-010	BLOCK-000561	SRC-000185/BLOCK-000561	pass	TOOL-046;TOOL-009;TOOL-010;TOOL-013;TOOL-015;TOOL-041;TOOL-048;TOOL-050;TOOL-011;TOOL-014;TOOL-043;TOOL-047	jdbc:Altibase://localhost:20300/mydb?fetch_enough=0&time_zone=DB_TZ;(database1:20300, database2:20300);setPoolable;100MBytes;TableauDesktop-64bit-2021-4-4;C:\Program Files\Tableau\Drivers;Shapefile;altiShapeLoader.properties;ssl_enable;binding	APB-000010;APB-000012;APB-000017	yes	attachment_update	done	Stage 3 attachment route generated from completed scope row; use exact source blocks and missing-input prompts before item-level production claims.
S3-SCOPE-014	J017	S3-J016	GPTs/attachments/16_dblink_external_connectors.md	16. DB Link and External Connectors	SRC-000195	repo	product_source	spatial_nifi_tableau	Spatial SQL Reference	8.1_verified	Korean authoritative; Altibase 8.1 verified source	SHARD-013	BLOCK-000876	SRC-000195/BLOCK-000876	pass	TOOL-046;TOOL-009;TOOL-010;TOOL-013;TOOL-015;TOOL-041;TOOL-048;TOOL-050;TOOL-011;TOOL-014;TOOL-043;TOOL-047	jdbc:Altibase://localhost:20300/mydb?fetch_enough=0&time_zone=DB_TZ;(database1:20300, database2:20300);setPoolable;100MBytes;TableauDesktop-64bit-2021-4-4;C:\Program Files\Tableau\Drivers;Shapefile;altiShapeLoader.properties;ssl_enable;binding	APB-000010;APB-000012;APB-000017	yes	attachment_update	done	Stage 3 attachment route generated from completed scope row; use exact source blocks and missing-input prompts before item-level production claims.
S3-SCOPE-014	J017	S3-J016	GPTs/attachments/16_dblink_external_connectors.md	16. DB Link and External Connectors	SRC-000197	repo	product_source	utilities_datacompj	Trunk	8.1_verified	Korean authoritative; Altibase 8.1 verified source	SHARD-016	BLOCK-000931	SRC-000197/BLOCK-000931	pass	TOOL-046;TOOL-009;TOOL-010;TOOL-013;TOOL-015;TOOL-041;TOOL-048;TOOL-050;TOOL-011;TOOL-014;TOOL-043;TOOL-047	jdbc:Altibase://localhost:20300/mydb?fetch_enough=0&time_zone=DB_TZ;(database1:20300, database2:20300);setPoolable;100MBytes;TableauDesktop-64bit-2021-4-4;C:\Program Files\Tableau\Drivers;Shapefile;altiShapeLoader.properties;ssl_enable;binding	APB-000010;APB-000012;APB-000017	yes	attachment_update	done	Stage 3 attachment route generated from completed scope row; use exact source blocks and missing-input prompts before item-level production claims.
S3-SCOPE-014	J017	S3-J016	GPTs/attachments/16_dblink_external_connectors.md	16. DB Link and External Connectors	SRC-000226	repo	tool_manual	spatial_nifi_tableau	Release 1.0	8.1_verified	Korean authoritative; Altibase 8.1 verified source	SHARD-013	BLOCK-000878	SRC-000226/BLOCK-000878	pass	TOOL-046;TOOL-009;TOOL-010;TOOL-013;TOOL-015;TOOL-041;TOOL-048;TOOL-050;TOOL-011;TOOL-014;TOOL-043;TOOL-047	jdbc:Altibase://localhost:20300/mydb?fetch_enough=0&time_zone=DB_TZ;(database1:20300, database2:20300);setPoolable;100MBytes;TableauDesktop-64bit-2021-4-4;C:\Program Files\Tableau\Drivers;Shapefile;altiShapeLoader.properties;ssl_enable;binding	APB-000010;APB-000012;APB-000017	yes	attachment_update	done	Stage 3 attachment route generated from completed scope row; use exact source blocks and missing-input prompts before item-level production claims.
S3-SCOPE-014	J017	S3-J016	GPTs/attachments/16_dblink_external_connectors.md	16. DB Link and External Connectors	SRC-000452	repo	release_note	release_notes_platform	1. 시스템 요구사항	8.1.0.0.1	Korean authoritative; Altibase 8.1 verified source	SHARD-012	BLOCK-000826	SRC-000452/BLOCK-000826	pass	TOOL-046;TOOL-009;TOOL-010;TOOL-013;TOOL-015;TOOL-041;TOOL-048;TOOL-050;TOOL-011;TOOL-014;TOOL-043;TOOL-047	jdbc:Altibase://localhost:20300/mydb?fetch_enough=0&time_zone=DB_TZ;(database1:20300, database2:20300);setPoolable;100MBytes;TableauDesktop-64bit-2021-4-4;C:\Program Files\Tableau\Drivers;Shapefile;altiShapeLoader.properties;ssl_enable;binding	APB-000010;APB-000012;APB-000017	yes	attachment_update	done	Stage 3 attachment route generated from completed scope row; use exact source blocks and missing-input prompts before item-level production claims.
S3-SCOPE-014	J017	S3-J016	GPTs/attachments/16_dblink_external_connectors.md	16. DB Link and External Connectors	SRC-000473	repo	technical_document	jdbc_java	Altibase 버전 별 Java 호환성	multi	Korean authoritative	SHARD-010	BLOCK-000562	SRC-000473/BLOCK-000562	pass	TOOL-046;TOOL-009;TOOL-010;TOOL-013;TOOL-015;TOOL-041;TOOL-048;TOOL-050;TOOL-011;TOOL-014;TOOL-043;TOOL-047	jdbc:Altibase://localhost:20300/mydb?fetch_enough=0&time_zone=DB_TZ;(database1:20300, database2:20300);setPoolable;100MBytes;TableauDesktop-64bit-2021-4-4;C:\Program Files\Tableau\Drivers;Shapefile;altiShapeLoader.properties;ssl_enable;binding	APB-000010;APB-000012;APB-000017	yes	attachment_update	done	Stage 3 attachment route generated from completed scope row; use exact source blocks and missing-input prompts before item-level production claims.
S3-SCOPE-014	J017	S3-J016	GPTs/attachments/17_kubernetes_aku_cloud.md	17. Kubernetes and AKU	SRC-000008	repo	third_party_guide	third_party_guides	Altibase aku Sample Guide for Kubernetes	multi	Korean authoritative	SHARD-015	BLOCK-000919	SRC-000008/BLOCK-000919	pass	TOOL-046;TOOL-009;TOOL-010;TOOL-013;TOOL-015;TOOL-041;TOOL-048;TOOL-050;TOOL-011;TOOL-014;TOOL-043;TOOL-047	jdbc:Altibase://localhost:20300/mydb?fetch_enough=0&time_zone=DB_TZ;(database1:20300, database2:20300);setPoolable;100MBytes;TableauDesktop-64bit-2021-4-4;C:\Program Files\Tableau\Drivers;Shapefile;altiShapeLoader.properties;ssl_enable;binding	APB-000010;APB-000012;APB-000017	yes	attachment_update	done	Stage 3 attachment route generated from completed scope row; use exact source blocks and missing-input prompts before item-level production claims.
S3-SCOPE-014	J017	S3-J016	GPTs/attachments/17_kubernetes_aku_cloud.md	17. Kubernetes and AKU	SRC-000013	repo	third_party_guide	third_party_guides	Spring Data JPA with Hibernate 6.4 User's Guide for Altibase	multi	Korean authoritative	SHARD-015	BLOCK-000924	SRC-000013/BLOCK-000924	pass	TOOL-046;TOOL-009;TOOL-010;TOOL-013;TOOL-015;TOOL-041;TOOL-048;TOOL-050;TOOL-011;TOOL-014;TOOL-043;TOOL-047	jdbc:Altibase://localhost:20300/mydb?fetch_enough=0&time_zone=DB_TZ;(database1:20300, database2:20300);setPoolable;100MBytes;TableauDesktop-64bit-2021-4-4;C:\Program Files\Tableau\Drivers;Shapefile;altiShapeLoader.properties;ssl_enable;binding	APB-000010;APB-000012;APB-000017	yes	attachment_update	done	Stage 3 attachment route generated from completed scope row; use exact source blocks and missing-input prompts before item-level production claims.
S3-SCOPE-014	J017	S3-J016	GPTs/attachments/17_kubernetes_aku_cloud.md	17. Kubernetes and AKU	SRC-000014	repo	third_party_guide	third_party_guides	Tableau User's Guide for Altibase	multi	Korean authoritative	SHARD-015	BLOCK-000925	SRC-000014/BLOCK-000925	pass	TOOL-046;TOOL-009;TOOL-010;TOOL-013;TOOL-015;TOOL-041;TOOL-048;TOOL-050;TOOL-011;TOOL-014;TOOL-043;TOOL-047	jdbc:Altibase://localhost:20300/mydb?fetch_enough=0&time_zone=DB_TZ;(database1:20300, database2:20300);setPoolable;100MBytes;TableauDesktop-64bit-2021-4-4;C:\Program Files\Tableau\Drivers;Shapefile;altiShapeLoader.properties;ssl_enable;binding	APB-000010;APB-000012;APB-000017	yes	attachment_update	done	Stage 3 attachment route generated from completed scope row; use exact source blocks and missing-input prompts before item-level production claims.
S3-SCOPE-014	J017	S3-J016	GPTs/attachments/17_kubernetes_aku_cloud.md	17. Kubernetes and AKU	SRC-000172	repo	product_source	migration_oracle	Trunk	8.1_verified	Korean authoritative; Altibase 8.1 verified source	SHARD-010	BLOCK-000574	SRC-000172/BLOCK-000574	pass	TOOL-046;TOOL-009;TOOL-010;TOOL-013;TOOL-015;TOOL-041;TOOL-048;TOOL-050;TOOL-011;TOOL-014;TOOL-043;TOOL-047	jdbc:Altibase://localhost:20300/mydb?fetch_enough=0&time_zone=DB_TZ;(database1:20300, database2:20300);setPoolable;100MBytes;TableauDesktop-64bit-2021-4-4;C:\Program Files\Tableau\Drivers;Shapefile;altiShapeLoader.properties;ssl_enable;binding	APB-000010;APB-000012;APB-000017	yes	attachment_update	done	Stage 3 attachment route generated from completed scope row; use exact source blocks and missing-input prompts before item-level production claims.
S3-SCOPE-014	J017	S3-J016	GPTs/attachments/17_kubernetes_aku_cloud.md	17. Kubernetes and AKU	SRC-000177	repo	product_source	dblink_hadoop_external_connectors	Trunk	8.1_verified	Korean authoritative; Altibase 8.1 verified source	SHARD-006	BLOCK-000502	SRC-000177/BLOCK-000502	pass	TOOL-046;TOOL-009;TOOL-010;TOOL-013;TOOL-015;TOOL-041;TOOL-048;TOOL-050;TOOL-011;TOOL-014;TOOL-043;TOOL-047	jdbc:Altibase://localhost:20300/mydb?fetch_enough=0&time_zone=DB_TZ;(database1:20300, database2:20300);setPoolable;100MBytes;TableauDesktop-64bit-2021-4-4;C:\Program Files\Tableau\Drivers;Shapefile;altiShapeLoader.properties;ssl_enable;binding	APB-000010;APB-000012;APB-000017	yes	attachment_update	done	Stage 3 attachment route generated from completed scope row; use exact source blocks and missing-input prompts before item-level production claims.
S3-SCOPE-014	J017	S3-J016	GPTs/attachments/17_kubernetes_aku_cloud.md	17. Kubernetes and AKU	SRC-000185	repo	product_source	jdbc_java	Trunk	8.1_verified	Korean authoritative; Altibase 8.1 verified source	SHARD-010	BLOCK-000561	SRC-000185/BLOCK-000561	pass	TOOL-046;TOOL-009;TOOL-010;TOOL-013;TOOL-015;TOOL-041;TOOL-048;TOOL-050;TOOL-011;TOOL-014;TOOL-043;TOOL-047	jdbc:Altibase://localhost:20300/mydb?fetch_enough=0&time_zone=DB_TZ;(database1:20300, database2:20300);setPoolable;100MBytes;TableauDesktop-64bit-2021-4-4;C:\Program Files\Tableau\Drivers;Shapefile;altiShapeLoader.properties;ssl_enable;binding	APB-000010;APB-000012;APB-000017	yes	attachment_update	done	Stage 3 attachment route generated from completed scope row; use exact source blocks and missing-input prompts before item-level production claims.
S3-SCOPE-014	J017	S3-J016	GPTs/attachments/17_kubernetes_aku_cloud.md	17. Kubernetes and AKU	SRC-000195	repo	product_source	spatial_nifi_tableau	Spatial SQL Reference	8.1_verified	Korean authoritative; Altibase 8.1 verified source	SHARD-013	BLOCK-000876	SRC-000195/BLOCK-000876	pass	TOOL-046;TOOL-009;TOOL-010;TOOL-013;TOOL-015;TOOL-041;TOOL-048;TOOL-050;TOOL-011;TOOL-014;TOOL-043;TOOL-047	jdbc:Altibase://localhost:20300/mydb?fetch_enough=0&time_zone=DB_TZ;(database1:20300, database2:20300);setPoolable;100MBytes;TableauDesktop-64bit-2021-4-4;C:\Program Files\Tableau\Drivers;Shapefile;altiShapeLoader.properties;ssl_enable;binding	APB-000010;APB-000012;APB-000017	yes	attachment_update	done	Stage 3 attachment route generated from completed scope row; use exact source blocks and missing-input prompts before item-level production claims.
S3-SCOPE-014	J017	S3-J016	GPTs/attachments/17_kubernetes_aku_cloud.md	17. Kubernetes and AKU	SRC-000197	repo	product_source	utilities_datacompj	Trunk	8.1_verified	Korean authoritative; Altibase 8.1 verified source	SHARD-016	BLOCK-000931	SRC-000197/BLOCK-000931	pass	TOOL-046;TOOL-009;TOOL-010;TOOL-013;TOOL-015;TOOL-041;TOOL-048;TOOL-050;TOOL-011;TOOL-014;TOOL-043;TOOL-047	jdbc:Altibase://localhost:20300/mydb?fetch_enough=0&time_zone=DB_TZ;(database1:20300, database2:20300);setPoolable;100MBytes;TableauDesktop-64bit-2021-4-4;C:\Program Files\Tableau\Drivers;Shapefile;altiShapeLoader.properties;ssl_enable;binding	APB-000010;APB-000012;APB-000017	yes	attachment_update	done	Stage 3 attachment route generated from completed scope row; use exact source blocks and missing-input prompts before item-level production claims.
S3-SCOPE-014	J017	S3-J016	GPTs/attachments/17_kubernetes_aku_cloud.md	17. Kubernetes and AKU	SRC-000226	repo	tool_manual	spatial_nifi_tableau	Release 1.0	8.1_verified	Korean authoritative; Altibase 8.1 verified source	SHARD-013	BLOCK-000878	SRC-000226/BLOCK-000878	pass	TOOL-046;TOOL-009;TOOL-010;TOOL-013;TOOL-015;TOOL-041;TOOL-048;TOOL-050;TOOL-011;TOOL-014;TOOL-043;TOOL-047	jdbc:Altibase://localhost:20300/mydb?fetch_enough=0&time_zone=DB_TZ;(database1:20300, database2:20300);setPoolable;100MBytes;TableauDesktop-64bit-2021-4-4;C:\Program Files\Tableau\Drivers;Shapefile;altiShapeLoader.properties;ssl_enable;binding	APB-000010;APB-000012;APB-000017	yes	attachment_update	done	Stage 3 attachment route generated from completed scope row; use exact source blocks and missing-input prompts before item-level production claims.
S3-SCOPE-014	J017	S3-J016	GPTs/attachments/17_kubernetes_aku_cloud.md	17. Kubernetes and AKU	SRC-000452	repo	release_note	release_notes_platform	1. 시스템 요구사항	8.1.0.0.1	Korean authoritative; Altibase 8.1 verified source	SHARD-012	BLOCK-000826	SRC-000452/BLOCK-000826	pass	TOOL-046;TOOL-009;TOOL-010;TOOL-013;TOOL-015;TOOL-041;TOOL-048;TOOL-050;TOOL-011;TOOL-014;TOOL-043;TOOL-047	jdbc:Altibase://localhost:20300/mydb?fetch_enough=0&time_zone=DB_TZ;(database1:20300, database2:20300);setPoolable;100MBytes;TableauDesktop-64bit-2021-4-4;C:\Program Files\Tableau\Drivers;Shapefile;altiShapeLoader.properties;ssl_enable;binding	APB-000010;APB-000012;APB-000017	yes	attachment_update	done	Stage 3 attachment route generated from completed scope row; use exact source blocks and missing-input prompts before item-level production claims.
S3-SCOPE-014	J017	S3-J016	GPTs/attachments/17_kubernetes_aku_cloud.md	17. Kubernetes and AKU	SRC-000473	repo	technical_document	jdbc_java	Altibase 버전 별 Java 호환성	multi	Korean authoritative	SHARD-010	BLOCK-000562	SRC-000473/BLOCK-000562	pass	TOOL-046;TOOL-009;TOOL-010;TOOL-013;TOOL-015;TOOL-041;TOOL-048;TOOL-050;TOOL-011;TOOL-014;TOOL-043;TOOL-047	jdbc:Altibase://localhost:20300/mydb?fetch_enough=0&time_zone=DB_TZ;(database1:20300, database2:20300);setPoolable;100MBytes;TableauDesktop-64bit-2021-4-4;C:\Program Files\Tableau\Drivers;Shapefile;altiShapeLoader.properties;ssl_enable;binding	APB-000010;APB-000012;APB-000017	yes	attachment_update	done	Stage 3 attachment route generated from completed scope row; use exact source blocks and missing-input prompts before item-level production claims.
S3-SCOPE-014	J017	S3-J016	GPTs/attachments/19_spatial_nifi_tableau_misc.md	19. Spatial, NiFi, Tableau, and Miscellaneous Integrations	SRC-000008	repo	third_party_guide	third_party_guides	Altibase aku Sample Guide for Kubernetes	multi	Korean authoritative	SHARD-015	BLOCK-000919	SRC-000008/BLOCK-000919	pass	TOOL-046;TOOL-009;TOOL-010;TOOL-013;TOOL-015;TOOL-041;TOOL-048;TOOL-050;TOOL-011;TOOL-014;TOOL-043;TOOL-047	jdbc:Altibase://localhost:20300/mydb?fetch_enough=0&time_zone=DB_TZ;(database1:20300, database2:20300);setPoolable;100MBytes;TableauDesktop-64bit-2021-4-4;C:\Program Files\Tableau\Drivers;Shapefile;altiShapeLoader.properties;ssl_enable;binding	APB-000010;APB-000012;APB-000017	yes	attachment_update	done	Stage 3 attachment route generated from completed scope row; use exact source blocks and missing-input prompts before item-level production claims.
S3-SCOPE-014	J017	S3-J016	GPTs/attachments/19_spatial_nifi_tableau_misc.md	19. Spatial, NiFi, Tableau, and Miscellaneous Integrations	SRC-000013	repo	third_party_guide	third_party_guides	Spring Data JPA with Hibernate 6.4 User's Guide for Altibase	multi	Korean authoritative	SHARD-015	BLOCK-000924	SRC-000013/BLOCK-000924	pass	TOOL-046;TOOL-009;TOOL-010;TOOL-013;TOOL-015;TOOL-041;TOOL-048;TOOL-050;TOOL-011;TOOL-014;TOOL-043;TOOL-047	jdbc:Altibase://localhost:20300/mydb?fetch_enough=0&time_zone=DB_TZ;(database1:20300, database2:20300);setPoolable;100MBytes;TableauDesktop-64bit-2021-4-4;C:\Program Files\Tableau\Drivers;Shapefile;altiShapeLoader.properties;ssl_enable;binding	APB-000010;APB-000012;APB-000017	yes	attachment_update	done	Stage 3 attachment route generated from completed scope row; use exact source blocks and missing-input prompts before item-level production claims.
S3-SCOPE-014	J017	S3-J016	GPTs/attachments/19_spatial_nifi_tableau_misc.md	19. Spatial, NiFi, Tableau, and Miscellaneous Integrations	SRC-000014	repo	third_party_guide	third_party_guides	Tableau User's Guide for Altibase	multi	Korean authoritative	SHARD-015	BLOCK-000925	SRC-000014/BLOCK-000925	pass	TOOL-046;TOOL-009;TOOL-010;TOOL-013;TOOL-015;TOOL-041;TOOL-048;TOOL-050;TOOL-011;TOOL-014;TOOL-043;TOOL-047	jdbc:Altibase://localhost:20300/mydb?fetch_enough=0&time_zone=DB_TZ;(database1:20300, database2:20300);setPoolable;100MBytes;TableauDesktop-64bit-2021-4-4;C:\Program Files\Tableau\Drivers;Shapefile;altiShapeLoader.properties;ssl_enable;binding	APB-000010;APB-000012;APB-000017	yes	attachment_update	done	Stage 3 attachment route generated from completed scope row; use exact source blocks and missing-input prompts before item-level production claims.
S3-SCOPE-014	J017	S3-J016	GPTs/attachments/19_spatial_nifi_tableau_misc.md	19. Spatial, NiFi, Tableau, and Miscellaneous Integrations	SRC-000172	repo	product_source	migration_oracle	Trunk	8.1_verified	Korean authoritative; Altibase 8.1 verified source	SHARD-010	BLOCK-000574	SRC-000172/BLOCK-000574	pass	TOOL-046;TOOL-009;TOOL-010;TOOL-013;TOOL-015;TOOL-041;TOOL-048;TOOL-050;TOOL-011;TOOL-014;TOOL-043;TOOL-047	jdbc:Altibase://localhost:20300/mydb?fetch_enough=0&time_zone=DB_TZ;(database1:20300, database2:20300);setPoolable;100MBytes;TableauDesktop-64bit-2021-4-4;C:\Program Files\Tableau\Drivers;Shapefile;altiShapeLoader.properties;ssl_enable;binding	APB-000010;APB-000012;APB-000017	yes	attachment_update	done	Stage 3 attachment route generated from completed scope row; use exact source blocks and missing-input prompts before item-level production claims.
S3-SCOPE-014	J017	S3-J016	GPTs/attachments/19_spatial_nifi_tableau_misc.md	19. Spatial, NiFi, Tableau, and Miscellaneous Integrations	SRC-000177	repo	product_source	dblink_hadoop_external_connectors	Trunk	8.1_verified	Korean authoritative; Altibase 8.1 verified source	SHARD-006	BLOCK-000502	SRC-000177/BLOCK-000502	pass	TOOL-046;TOOL-009;TOOL-010;TOOL-013;TOOL-015;TOOL-041;TOOL-048;TOOL-050;TOOL-011;TOOL-014;TOOL-043;TOOL-047	jdbc:Altibase://localhost:20300/mydb?fetch_enough=0&time_zone=DB_TZ;(database1:20300, database2:20300);setPoolable;100MBytes;TableauDesktop-64bit-2021-4-4;C:\Program Files\Tableau\Drivers;Shapefile;altiShapeLoader.properties;ssl_enable;binding	APB-000010;APB-000012;APB-000017	yes	attachment_update	done	Stage 3 attachment route generated from completed scope row; use exact source blocks and missing-input prompts before item-level production claims.
S3-SCOPE-014	J017	S3-J016	GPTs/attachments/19_spatial_nifi_tableau_misc.md	19. Spatial, NiFi, Tableau, and Miscellaneous Integrations	SRC-000185	repo	product_source	jdbc_java	Trunk	8.1_verified	Korean authoritative; Altibase 8.1 verified source	SHARD-010	BLOCK-000561	SRC-000185/BLOCK-000561	pass	TOOL-046;TOOL-009;TOOL-010;TOOL-013;TOOL-015;TOOL-041;TOOL-048;TOOL-050;TOOL-011;TOOL-014;TOOL-043;TOOL-047	jdbc:Altibase://localhost:20300/mydb?fetch_enough=0&time_zone=DB_TZ;(database1:20300, database2:20300);setPoolable;100MBytes;TableauDesktop-64bit-2021-4-4;C:\Program Files\Tableau\Drivers;Shapefile;altiShapeLoader.properties;ssl_enable;binding	APB-000010;APB-000012;APB-000017	yes	attachment_update	done	Stage 3 attachment route generated from completed scope row; use exact source blocks and missing-input prompts before item-level production claims.
S3-SCOPE-014	J017	S3-J016	GPTs/attachments/19_spatial_nifi_tableau_misc.md	19. Spatial, NiFi, Tableau, and Miscellaneous Integrations	SRC-000195	repo	product_source	spatial_nifi_tableau	Spatial SQL Reference	8.1_verified	Korean authoritative; Altibase 8.1 verified source	SHARD-013	BLOCK-000876	SRC-000195/BLOCK-000876	pass	TOOL-046;TOOL-009;TOOL-010;TOOL-013;TOOL-015;TOOL-041;TOOL-048;TOOL-050;TOOL-011;TOOL-014;TOOL-043;TOOL-047	jdbc:Altibase://localhost:20300/mydb?fetch_enough=0&time_zone=DB_TZ;(database1:20300, database2:20300);setPoolable;100MBytes;TableauDesktop-64bit-2021-4-4;C:\Program Files\Tableau\Drivers;Shapefile;altiShapeLoader.properties;ssl_enable;binding	APB-000010;APB-000012;APB-000017	yes	attachment_update	done	Stage 3 attachment route generated from completed scope row; use exact source blocks and missing-input prompts before item-level production claims.
S3-SCOPE-014	J017	S3-J016	GPTs/attachments/19_spatial_nifi_tableau_misc.md	19. Spatial, NiFi, Tableau, and Miscellaneous Integrations	SRC-000197	repo	product_source	utilities_datacompj	Trunk	8.1_verified	Korean authoritative; Altibase 8.1 verified source	SHARD-016	BLOCK-000931	SRC-000197/BLOCK-000931	pass	TOOL-046;TOOL-009;TOOL-010;TOOL-013;TOOL-015;TOOL-041;TOOL-048;TOOL-050;TOOL-011;TOOL-014;TOOL-043;TOOL-047	jdbc:Altibase://localhost:20300/mydb?fetch_enough=0&time_zone=DB_TZ;(database1:20300, database2:20300);setPoolable;100MBytes;TableauDesktop-64bit-2021-4-4;C:\Program Files\Tableau\Drivers;Shapefile;altiShapeLoader.properties;ssl_enable;binding	APB-000010;APB-000012;APB-000017	yes	attachment_update	done	Stage 3 attachment route generated from completed scope row; use exact source blocks and missing-input prompts before item-level production claims.
S3-SCOPE-014	J017	S3-J016	GPTs/attachments/19_spatial_nifi_tableau_misc.md	19. Spatial, NiFi, Tableau, and Miscellaneous Integrations	SRC-000226	repo	tool_manual	spatial_nifi_tableau	Release 1.0	8.1_verified	Korean authoritative; Altibase 8.1 verified source	SHARD-013	BLOCK-000878	SRC-000226/BLOCK-000878	pass	TOOL-046;TOOL-009;TOOL-010;TOOL-013;TOOL-015;TOOL-041;TOOL-048;TOOL-050;TOOL-011;TOOL-014;TOOL-043;TOOL-047	jdbc:Altibase://localhost:20300/mydb?fetch_enough=0&time_zone=DB_TZ;(database1:20300, database2:20300);setPoolable;100MBytes;TableauDesktop-64bit-2021-4-4;C:\Program Files\Tableau\Drivers;Shapefile;altiShapeLoader.properties;ssl_enable;binding	APB-000010;APB-000012;APB-000017	yes	attachment_update	done	Stage 3 attachment route generated from completed scope row; use exact source blocks and missing-input prompts before item-level production claims.
S3-SCOPE-014	J017	S3-J016	GPTs/attachments/19_spatial_nifi_tableau_misc.md	19. Spatial, NiFi, Tableau, and Miscellaneous Integrations	SRC-000452	repo	release_note	release_notes_platform	1. 시스템 요구사항	8.1.0.0.1	Korean authoritative; Altibase 8.1 verified source	SHARD-012	BLOCK-000826	SRC-000452/BLOCK-000826	pass	TOOL-046;TOOL-009;TOOL-010;TOOL-013;TOOL-015;TOOL-041;TOOL-048;TOOL-050;TOOL-011;TOOL-014;TOOL-043;TOOL-047	jdbc:Altibase://localhost:20300/mydb?fetch_enough=0&time_zone=DB_TZ;(database1:20300, database2:20300);setPoolable;100MBytes;TableauDesktop-64bit-2021-4-4;C:\Program Files\Tableau\Drivers;Shapefile;altiShapeLoader.properties;ssl_enable;binding	APB-000010;APB-000012;APB-000017	yes	attachment_update	done	Stage 3 attachment route generated from completed scope row; use exact source blocks and missing-input prompts before item-level production claims.
S3-SCOPE-014	J017	S3-J016	GPTs/attachments/19_spatial_nifi_tableau_misc.md	19. Spatial, NiFi, Tableau, and Miscellaneous Integrations	SRC-000473	repo	technical_document	jdbc_java	Altibase 버전 별 Java 호환성	multi	Korean authoritative	SHARD-010	BLOCK-000562	SRC-000473/BLOCK-000562	pass	TOOL-046;TOOL-009;TOOL-010;TOOL-013;TOOL-015;TOOL-041;TOOL-048;TOOL-050;TOOL-011;TOOL-014;TOOL-043;TOOL-047	jdbc:Altibase://localhost:20300/mydb?fetch_enough=0&time_zone=DB_TZ;(database1:20300, database2:20300);setPoolable;100MBytes;TableauDesktop-64bit-2021-4-4;C:\Program Files\Tableau\Drivers;Shapefile;altiShapeLoader.properties;ssl_enable;binding	APB-000010;APB-000012;APB-000017	yes	attachment_update	done	Stage 3 attachment route generated from completed scope row; use exact source blocks and missing-input prompts before item-level production claims.
